0.293657
-0.429653
-1.57811
12.1133
-0.246659
0.952395
5.14226
0.0417214
-16.1277
-0.154814
1.51386
4.27927
-0.934956
-1.02025
3.47024
0.0873944
2.50842
1.4979
0.282664
0.867099
2.99616
-0.44328
-1.32024
0.171102
-0.906139
-3.15442
-7.91092
-0.0415218
0.735852
-7.91323
2.68004
1.98103
34.2421
1.34277
-3.43882
-0.839587
1.28084
-1.18795
3.40663
1.76021
-3.25294
0.235752
-3.42329
1.74245
1.0046
0.536516
-0.809478
-2.62702
0.0714269
0.651546
0.0750098
0.860097
2.45496
1.05892
-4.81973
0.797894
-0.83033
-5.35556
1.82089
14.0228
-12.9884
-1.0203
0.130638
-1.98129
-1.31662
19.9528
1.71844
-1.14741
0.515198
0.769284
0.160855
-2.50941
-5.53346
0.0921468
8.67095
0.76074
0.971453
0.77017
0.0239582
-2.20401
0.164984
5.97333
-0.310835
0.529448
-0.692544
-3.49471
0.115573
-5.66994
-0.31743
-0.745438
-0.14992
-0.610885
-0.205228
-1.04149
0.773044
9.83265
1.17052
-3.84021
5.18801
-0.91172
1.54887
0.433445
-1.28587
0.91129
-0.444576
-3.9413
-0.133648
-6.87058
-0.707549
-1.85878
2.58859
2.36977
-0.111026
-0.0519064
-15.7956
1.28162
-5.26815
1.75418
-0.940992
-2.81961
1.69879
-0.14944
-0.136788
-13.0176
0.282763
-0.0781266
-5.40645
-0.806239
-0.797083
0.997275
-0.67985
-4.26616
-1.85991
-0.346608
-3.66958
0.417083
0.00179997
-0.176826
-0.867242
1.28416
0.808875
4.04473
-17.5955
-0.259053
0.146991
-0.726653
0.649925
-1.57458
-0.322265
0.899309
-1.06576
0.319333
-76.2335
-0.257247
-0.874505
0.747812
0.699997
0.991642
-1.20024
0.976548
-4.20022
2.22503
15.8038
0.208861
2.64206
0.705035
-0.726104
1.15219
-0.791463
0.957182
-0.617259
-11.4801
-4.40012
-1.59197
-0.230467
0.374716
-4.14559
0.14581
-7.72586
39.7366
-0.43394
-0.0813594
9.6624
3.50928
1.64201
0.180493
32.8561
-4.41678
-0.990756
-0.425727
0.807427
-1.33317
4.66583
-3.52946
-1.74454
-1.27616
-0.219428
-0.470039
-0.331868
-0.754846
2.03652
3.75018
-4.40974
-2.12601
-6.63162
4.8232
-3.16631
-0.0609076
-4.29205
5.27374
-0.771505
0.116249
1.74265
-33.2388
0.45005
-2.76057
-2.60144
0.237039
0.209689
0.116795
-0.692642
-0.869479
-1.65452
-0.201133
-0.220696
9.54986
-0.572713
4.83089
-0.214063
-1.62422
0.97438
0.610657
0.112823
0.381561
-0.418158
15.1891
-2.18601
-1.76681
-0.720942
-1.57013
2.47686
0.01928
0.657653
-0.465234
-0.318011
-2.26874
0.422472
0.219669
1.46947
-0.419381
0.714453
-0.108329
-0.544705
-0.112814
-3.36303
-2.11319
6.88772
1.14755
1.70698
2.8799
0.0107662
-0.237553
15.2673
1.15096
-0.322301
1.18992
0.363841
2.57882
-0.608388
0.759472
-0.189833
0.697865
-2.49815
-1.90253
0.192786
-0.530587
-0.240333
0.662651
-5.9271
-4.77524
-1.34181
21.9366
1.76932
21.5413
-0.0456561
1.20519
0.439255
0.299608
-4.61384
2.15649
-0.581475
-2.33688
11.0745
-4.30349
0.181093
-1.94188
5.50448
1.04653
-0.523222
0.773833
0.121635
1.68288
3.1369
0.181032
4.39446
0.868369
-2.21292
3.49493
-4.27857
-1.13599
-0.2573
1.49091
-0.538651
-0.448954
-0.910284
-0.398595
5.10121
-1.22721
0.461842
2.32286
-3.04964
2.32147
-0.294318
-0.0828991
-0.190605
0.87327
-0.264694
-0.165629
-1.24232
-0.14306
1.27478
-0.8236
0.0339388
1.55194
-0.590105
1.72733
3.83303
0.461693
-0.70114
0.721205
-0.701361
0.033408
-0.212608
-0.665833
6.2794
0.452095
0.0602011
0.305834
1.35243
-0.457793
1.95673
-0.0691342
-10.916
-2.62956
-0.0887555
-0.281784
2.54121
-0.309593
-11.8526
0.0141541
31.9542
-0.798998
0.191487
-7.85141
-2.8921
-3.25884
-0.698221
-0.464972
-2.38594
0.97356
0.591374
0.137923
-0.203476
-5.28644
-2.32641
8.42403
2.52512
-2.74546
4.33653
-4.15352
-1.4704
0.663413
0.110582
-0.112055
-2.16579
-1.47252
5.21413
0.799163
1.42956
0.357665
-1.82815
-0.194448
-0.302512
-0.217765
-3.17714
1.91501
4.70247
-1.89244
0.181177
-0.402937
0.136199
-0.602736
1.06785
-3.02066
4.9929
11.2286
2.28094
-0.143648
3.03219
0.708862
-0.0607832
0.690285
0.0830273
1.37242
1.1527
-2.68467
27.7778
-0.97311
-5.29741
6.27365
1.49056
0.933177
0.538371
-1.06609
-0.0977628
-0.584833
-1.42252
-1.88388
-0.638104
0.410289
-0.992683
2.62313
-1.34783
1.6793
78.3531
-1.08033
0.48012
0.481718
3.96229
0.262155
-0.498773
1.22264
-15.1
2.86262
0.721148
1.61765
0.0811008
4.21208
15.5695
-0.68049
1.59812
0.40742
-1.98669
0.945615
0.181595
0.386116
-3.39313
-0.287669
0.663253
-0.372081
0.494288
-0.120911
0.0154848
0.185878
0.967887
0.908589
-0.678726
101.847
-0.106739
0.114501
-0.999799
-0.42752
-1.16878
0.111389
-0.54829
8.52589
0.0809173
-0.260206
0.0602552
12.6956
0.976588
-0.0112299
2.89375
-0.749974
0.272514
0.828416
-0.659088
-0.558362
-0.264125
-13.05
0.440492
0.133983
-2.07219
0.815615
1.29808
-1.66384
2.56685
-9.85227
1.51946
-0.708307
0.496172
1.37871
-0.281855
2.49447
-0.368807
-0.588689
-0.184104
-0.187338
-26.3921
1.18751
-0.905182
-1.07542
-39.6666
-0.0740388
1.87027
-0.238842
-2.86074
-2.95101
0.702454
8.81854
-0.138334
-1.20305
0.183151
-2.29952
5.77076
3.55856
-1.24292
6.68906
-0.114247
1.71964
-15.9935
-8.73114
-0.571176
-1.63747
-0.0503582
-0.345638
-23.2709
0.230658
-13.7099
-6.62445
0.628757
-1.93008
-0.277208
-0.288442
0.356112
1.17138
1.73
-0.768053
0.175055
-1.31069
-2.20766
-35.8458
-1.26951
-3.45421
1.17944
0.247586
-0.60511
1.0037
-3.0542
-0.450018
0.579266
-0.522859
-255.286
1.20995
1.91361
0.830381
-0.451786
-0.279301
-0.973977
-1.77179
0.783283
-0.278878
0.3405
0.322191
-0.0569469
0.350366
-31.1615
-8.86005
-1.58108
-1.84214
-9.21983
30.944
-2.23033
1.41187
1.89053
0.186083
-0.197458
-0.0817302
0.516863
0.432807
-1.05077
-0.0620062
-1.34597
0.428797
3.71517
5.24041
-4.07168
-0.0464092
0.803356
-2.35688
-1.23766
-0.474204
-1.45492
-1.94119
-0.740125
-0.742992
-0.179591
-2.1313
1.38848
-0.561218
0.67193
0.274936
0.680205
0.230356
-0.596513
-0.740121
3.6031
2.01879
19.9705
-0.0246025
2.24359
-0.000788868
-0.718357
-1.20628
3.32634
-0.349142
2.20986
1.49905
-0.611692
0.352407
4.67592
-0.666079
-0.321997
-1.46014
0.118746
0.151759
-3.5616
-2.0328
0.142589
17.4855
2.18182
4.04045
0.612064
-0.0891677
4.79791
0.553836
-1.15505
1.36074
-1.72135
-3.09274
117.727
0.416489
-0.0868491
8.73062
2.19735
-9.67738
5.63721
2.10078
-0.241304
1.05635
-1.70803
0.145821
0.184134
0.700535
18.6777
0.801296
-0.367287
-0.495456
3.85518
0.29813
0.388058
-0.34341
-1.06329
-0.262185
0.186697
0.363516
-0.91791
-2.67062
2.52086
4.09473
0.389847
0.452609
-1.35591
0.474559
7.36977
0.263507
-0.422611
-0.656147
0.410963
-2.89127
0.173584
14.8781
1.46638
-3.60141
-0.320624
1.0083
1.08926
0.15784
1.50188
2.1046
0.394266
-0.302387
1.22092
-0.661976
-2.31772
1.33237
0.438847
-4.36258
-0.397763
-2.39232
-4.17163
-8.04497
-0.527942
-0.273148
0.533666
-0.225571
-0.3878
2.7229
1.37871
0.0543104
1.13179
-0.688226
-1.85395
-0.781087
-0.668637
0.0924316
7.07017
-0.0544829
2.70651
0.601801
-0.343237
1.37181
0.136188
5.22581
-0.388524
-3.86933
0.327117
-2.40451
-4.32286
0.760206
-0.344529
0.155171
0.249377
-2.59037
0.417028
-21.6635
2.1693
0.775852
1.36363
-1.59834
-10.4252
-0.0414947
-1.05636
17.6857
-0.612806
0.0183898
-152.158
0.228301
1.46752
-0.692145
0.734604
1.30229
28.8457
0.153261
2.02505
-0.44161
0.647217
0.0629898
-0.863205
0.81248
0.599031
-0.823523
-0.908093
-1.88875
1.34837
-0.542192
1.87819
-4.03492
0.80558
0.220595
-2.18764
0.903655
0.289533
0.314448
1.3267
4.17553
19.3414
7.37763
0.851459
15.9969
-0.933297
0.0565704
-6.7471
-16.4263
1.08345
2.12239
-0.712743
6.87044
-1.54524
-0.331686
2.50476
1.12885
-1.66113
0.131388
0.207873
-0.368361
2.03675
0.851973
0.470192
-0.168038
-1.12456
0.568127
0.129353
92.882
1.27583
0.249521
-0.651739
0.41596
0.846064
1.67194
-0.202557
-1.00634
3.53433
-0.238356
-0.57877
3.28005
4.19172
-0.0895497
6.71146
-0.283859
-93.7072
-1.33548
-0.584294
-2.1273
96.3066
0.589983
-0.308153
-2.28953
1.78029
-0.928079
0.169177
-1.66445
-0.911402
-0.13754
0.00576287
-0.361974
0.199688
-0.101322
-0.341366
-1.29463
-7.53091
0.515157
0.400074
1.40858
3.21652
1.20001
0.249983
-0.0713714
2.3666
-0.675535
2.33675
-1.28409
-3.10625
0.207526
0.803773
-1.17256
0.596634
0.481074
0.150082
0.330311
-0.444228
-0.779623
0.737823
0.102899
4.65444
0.809321
-2.47195
1.75163
-1.12247
4.5126
1.31224
-2.25227
0.841718
5.63435
-3.7229
3.81726
-0.991188
0.232297
-0.51894
1.19219
1.73563
5.82976
1.63752
-1.91376
0.288925
-0.426227
1.9263
2.58168
-10.9865
3.79186
0.788692
0.542369
3.26374
0.617215
-0.476279
-1.11278
4.24299
0.731368
-14.7329
0.039932
-0.519752
0.161441
-0.72678
-0.0134334
-8.55057
-0.557457
-1.20387
4.81136
41.6098
-26.5104
-10.7826
-3.02011
3.23575
-1.11626
-0.320871
-1.58949
0.0343543
0.14232
-2.0383
5.49504
3.52124
1.22928
-2.13809
-1.15795
3.16149
0.974937
0.609752
-2.50491
-0.990319
-3.43022
3.11556
1.10099
-0.273738
0.0110865
-4.83456
-1.24709
-5.33841
0.495255
-1.80479
-0.0915589
-1.10175
-0.930527
5.8747
-1.65541
-0.486049
0.785805
-1.17801
2.76192
-0.825293
-0.85048
-0.191248
-0.386095
1.20463
-2.3769
-0.471309
1.91417
0.988662
-15.1936
0.596328
-1.05892
1.88004
3.00495
17.8711
-3.48667
0.815781
-1.66328
1.99797
-0.352945
-0.945648
-1.31225
0.399453
-0.975242
-1.31457
1.02321
-0.482691
-0.555095
35.6676
0.831818
0.412633
13.063
0.304021
0.560926
-0.994852
-7.08655
14.9066
0.434105
2.26194
0.592522
-0.144197
-0.310947
13
0.851657
-0.327055
0.185006
0.242725
-6.45034
29.9276
-0.573601
24.6673
0.858878
-0.297917
1.3431
0.16568
0.590505
0.0973084
0.262652
-0.959976
-1.15332
0.998488
0.71946
0.0472432
0.325019
-1.95711
-16.5205
-0.625313
-0.675212
0.410703
17.3879
-4.64296
0.560504
-2.39797
-1.06145
-0.631809
4.54697
1.77904
-0.322968
-0.974961
3.55737
-0.718712
-0.987482
-0.00230588
1.04923
-0.893429
-2.55563
-4.23471
0.0821336
-5.0182
0.583583
1.4042
1.68925
3.21579
0.824966
-4.97802
0.34808
0.57875
-0.830299
-1.63836
3.50095
-0.28492
0.481952
-0.277636
0.172242
1.3676
0.79977
-2.33564
1.3733
-0.000299435
-0.479082
1.92258
-1.25591
0.0872943
-1.58632
0.499085
-0.0987588
-0.129444
0.441563
1.77923
-0.414628
5.95429
1.49542
0.503893
21.9772
0.934133
-1.62994
1.26083
6.39812
-0.437609
-0.0364548
0.104449
10.1549
32.7133
-0.309355
0.161359
3.01537
6.39094
0.285041
0.384869
3.4972
1.13885
-1.01575
-5.2271
492.718
-1.54731
-0.407828
27.3123
1.97178
0.138282
0.89417
1.10322
0.159441
-0.0631794
-2.69093
-0.300074
79.5215
0.480674
0.427313
-0.494776
-0.441886
0.394284
0.143997
-0.650584
-0.0654278
0.0242686
-13.6684
-0.295414
0.0871191
2.27712
-1.25807
-12.1214
0.093493
-0.0894772
0.371085
-11.465
-2.13661
-1.16386
0.241731
3.68086
-1.53825
2.10292
-0.747714
1.3677
0.744806
1.76327
-3.78177
-6.30736
0.911434
-0.493964
3.94384
0.23098
-0.452782
-6.25732
-4.15149
0.267239
0.606292
1.45074
-7.05299
3.96128
-0.0690367
-0.250249
-0.505644
-0.265223
0.922513
5.44279
0.749387
-0.257429
1.9718
-0.717466
-0.208499
7.8603
0.717433
-0.487887
0.260693
0.494328
1.00304
-0.228703
-0.0855181
1.08955
0.983662
0.0569289
-0.771573
0.809848
-2.11286
0.323219
2.60914
-0.445635
-2.62508
0.0590762
-2.87882
-0.591439
-1.35435
-0.896351
2.23926
-0.669981
0.174921
0.716949
-2.05836
0.0662982
0.377466
0.616137
-0.0472904
0.847573
1.44996
-0.820069
-0.303705
-1.7065
-0.383908
-0.0670856
9.20617
-0.514403
-0.133511
1.05094
0.955053
0.59582
-0.449809
0.567365
1.66538
0.917835
-0.39766
-4.18669
0.0512241
0.739821
-0.800766
-2.86138
-0.812648
0.949606
0.698792
6.02233
0.624304
2.32186
-0.318212
0.236679
6.76514
-62.0532
-0.69061
0.612292
3.73038
2.94256
-0.752396
-2.8874
1.48706
-0.0797837
3.84645
-0.49483
0.822205
7.06403
-2.51152
3.63838
-1.44822
-3.82102
-0.654028
-0.560461
-0.641824
-1.9271
-0.127379
2.30003
-2.32094
1.16458
3.71058
-0.828576
-0.706848
-4.21715
1.62392
0.949652
-0.214749
-1.71471
-1.57869
1.56668
-1.7232
-0.946592
-4.90197
1.77545
-0.873953
-4.58857
0.528861
-0.349302
3.37316
0.367917
2.87483
0.0381862
19.8015
-6.4101
-4.77244
1.20149
-0.705823
0.996638
-27.7896
0.146932
-0.0177554
-1.46721
-5.06071
-1.61417
6.67127
2.8205
17.8698
-1.78656
-0.709977
-1.73208
0.7464
1.08379
-0.536626
0.27046
0.560236
-0.262756
-0.160925
-1.11789
0.766011
0.535343
2.8593
-104.63
0.0438069
7.89486
0.638958
0.999537
-0.403961
0.738988
0.0663768
-0.853405
-1.11327
0.0463572
0.899756
-0.302956
-0.73928
0.921658
0.585593
-0.157279
-0.112906
1.6633
1.8151
0.472213
3.84611
-3.54829
0.393962
1.19337
18.607
0.959511
-0.420922
-0.965055
3.00456
0.262932
-1.38297
-0.223695
-1.98706
2.27985
0.00181436
-4.81808
0.555724
-15.7951
3.28001
-0.837348
0.543664
-3.46846
1.41685
0.896985
-0.727917
0.817328
0.761679
1.9545
0.165555
0.493122
-0.364688
-0.0772641
-0.348246
-11.731
0.250639
7.44758
-0.494969
-0.0995406
-0.398602
0.386061
-0.447836
1.40704
8.26384
0.114327
0.15176
-4.59441
-0.130796
0.108438
-0.1545
-0.610624
0.172113
-0.00200701
-1.90058
0.125179
1.62793
0.106756
-0.288747
-22.8723
-0.742717
-5.74397
0.842592
-0.849189
3.00156
-18.2881
2.9786
-0.729967
-3.14646
2.98387
-0.406641
0.351481
0.065805
-0.859981
-0.484355
-0.753238
0.702401
-0.250372
-0.425287
3.16503
0.967518
-0.622683
-0.181208
-0.183754
-0.344678
-5.76355
0.821863
-4.0254
-0.219587
-3.11535
1.00094
-0.0118518
11.9079
3.22116
-3.42636
-2.56005
0.126377
-1.09103
0.487136
1.50595
3.23786
-3.974
0.796119
-0.125611
-0.114719
-0.563067
0.976683
-0.167985
0.379231
2.12078
-0.248144
-0.887018
0.21828
3.37701
0.135582
-1.09041
-0.375759
1.96459
-0.462407
-0.402249
-1.64957
0.688711
-0.532593
-0.935524
-0.880716
3.15521
0.82113
9.1828
0.478773
7.78863
-0.30241
-0.00167646
0.0947547
2.73373
-2.36458
0.283904
-1.22774
1.20729
-0.697937
-0.935367
-1.44596
1.49242
-3.97178
1.67805
-1.89539
-0.658881
-1.49043
3.00873
-3.40092
1.71198
-0.595381
15.3767
-0.0658145
-5.16148
-0.4717
-0.963218
0.40475
-0.718598
1.14805
-0.938616
-0.649728
2.6736
0.0861589
-0.0413439
2.84087
-3.48479
0.0988145
0.957908
0.713212
-3.5209
-17.8349
-0.00978004
-1.07756
0.307054
-0.483699
0.693376
-1.26593
1.29781
0.132013
-0.0664687
-0.595064
-2.01132
-1.51831
0.0564013
0.377043
-0.0765594
1.35734
-1.0059
19.8117
-0.745499
6.39905
0.53363
-1.53227
1.01728
2.71691
0.216106
1.68653
-1.13239
2.94424
1.42886
0.539277
-0.0314007
0.0778868
-0.0680331
2.73474
-0.316409
-5.49853
-9.05595
-0.283132
-1.4364
3.20345
73.3182
0.0927199
-0.65992
-1.29725
1.16017
1.64739
-6.44138
1.62017
0.836326
0.282363
1.17572
-2.4476
6.25551
-4.72113
1.88498
1.7391
0.923569
31.9254
0.21415
0.643917
-6.18771
-1.33351
0.773513
0.22802
-0.0123353
-0.402002
-11.0359
132.795
-0.504106
-7.3739
-0.83104
-1.86292
-0.923749
0.916106
-1.8404
-0.50848
-0.53097
-1.29057
1.22236
-9.41065
-0.788727
2.16036
-1.72249
-4.38738
29.6997
1.40562
0.725071
-38.4462
15.8507
1.78896
-2.27027
0.261805
-1.57069
-0.525179
-0.537834
-1.72682
8.90175
3.26761
2.12132
2.38787
-1.34352
0.336424
-1.89923
-1.93209
5.87555
-1.50164
-0.239187
0.528181
0.823736
0.0911298
0.387443
0.866847
-6.84198
-15.699
0.295517
0.664143
-0.500544
-0.514734
2.79176
-0.178822
0.0274934
-3.62938
0.136379
-1.28443
0.908801
-0.998975
1.12451
0.271247
1.07204
0.814707
-0.299208
1.82553
0.880464
-3.77363
-13.1629
-0.910559
3.66368
1.40718
-8.09133
4.22483
-0.947604
1.38519
2.1525
-0.1204
-0.670121
-1.20566
-0.558734
3.25071
-1.24672
0.189721
-1.98566
3.76593
-15.2058
2.18411
0.109478
-0.273849
-1.98603
1.49169
-1.67177
-4.9299
-21.2988
-10.1963
-0.849679
0.00745559
-5.54789
-2.74575
-3.18476
13.2721
-3.56259
0.0578229
0.0403071
-1.70169
1.95007
0.368105
-15.3816
0.662463
-0.771721
-0.558676
-0.343583
-1.82308
22.6168
2.76628
3.98462
-1.07248
1.93205
-7.07199
0.0833736
-1.52333
-0.789478
-2.96376
1.11385
0.203715
-4.56609
-0.358052
-0.732394
-1.10405
-3.61781
1.95351
-0.236061
0.948153
-5.90859
-0.534709
6.54011
-3.31768
4.21424
-0.363321
4.68121
-0.739236
-3.20526
0.0403998
1.08019
0.640611
-3.05864
-2.17431
-11.8695
-0.362375
-1.30676
1.11886
2.04698
0.666907
-2.45934
14.8596
-0.633703
-0.506683
-0.988154
0.461323
-1.28776
-0.0174241
2.28537
1.22669
-1.50952
1.4202
1.18636
-0.320917
-1.26918
-0.462421
-5.40239
-1.90993
2.1609
2.72521
-0.7439
8.89658
-1.52685
0.38418
-0.676914
0.897147
1.16508
-1.70006
45.8332
0.186144
4.99269
0.622096
-0.281649
-0.91025
0.505285
-0.984262
-1.24958
0.907087
-0.797225
-0.987816
7.49922
-1.34347
-1.44345
0.422333
2.13942
-15.5217
0.36948
95.7194
7.54537
0.0752399
1.61491
-5.92431
-0.42804
-2.11137
-0.259222
1.90602
-0.0126634
1.87215
1.80987
1.03699
0.391743
-0.73094
1.24578
5.2964
5.73696
0.658304
2.70609
0.251505
6.50661
0.14631
0.27701
0.812044
-20.499
-0.267464
0.464056
0.491412
0.555133
1.34039
1.18898
1.00214
-0.142819
-19.9185
-1.35802
-2.41598
0.35669
0.0180773
-4.97003
-1.85217
0.623565
-0.801319
-1.49976
-0.77133
2.16323
-1.86803
11.3642
-0.179615
7.29187
-0.877693
0.451195
-0.42469
0.158836
0.719687
-0.732208
-0.0816266
2.97575
9.48638
-22.9791
2.55756
0.146974
-0.21764
-2.94805
1.83994
2.35502
0.655361
-1.35025
0.287099
-3.99673
-3.10693
-1.3132
1.41573
-1.05376
-1.53106
-2.00523
-10.2959
0.959874
-0.0790661
9.25661
0.0553157
-1.50057
0.809644
0.128741
1.21249
1.35811
-2.01981
-1.39168
0.646151
-0.185899
0.601461
11.2218
-5.70965
-0.033056
-3.23491
-6.76236
25.9989
3.51434
-2.98534
6.77452
-2.68417
0.348571
2.07593
2.63709
51.3277
6.19383
1.82425
-1.107
1.14727
0.0255346
-0.350621
0.109851
-1.17012
-0.440435
-9.37699
6.31213
0.401321
-0.492592
-1.88308
-0.127369
1.01364
0.218481
-0.134079
3.44372
50.4397
-1.12769
-1.80218
-1.14415
-1.55099
0.139645
0.277904
-3.64328
0.65705
2.76598
-0.873776
0.125265
-2.34236
-4.67318
-0.961409
0.320046
-1.22898
-2.55184
-1.18186
-0.10414
1.29741
-4.49723
1.0963
0.269217
-0.314158
-0.0838855
-0.215879
10.3501
0.825677
0.544286
-3.49075
-2.52735
0.0185415
-0.650737
0.00856546
0.0462099
-0.885521
-0.863935
1.68712
0.232176
3.39196
5.92896
-35.004
-1.11522
0.376381
-1.00463
-4.03314
-0.789531
0.601283
-0.936721
0.262327
-1.07185
-0.272879
0.429085
0.2155
-0.694275
-0.542023
0.172172
-0.117055
-0.229636
1.44907
-1.04102
-4.02633
-0.0575238
-1.24928
13.1314
0.0759421
-3.14182
-2.22855
-0.535513
-0.252115
0.696241
7.40119
-1.37515
-0.381606
-25.911
-0.554023
6.80624
-37.1302
-0.953468
-0.133165
0.214896
0.615736
-0.405128
0.806563
0.647183
6.50251
0.427895
-0.829647
5.5884
1.13998
0.298746
-0.357215
0.189758
1.15976
4.37538
-1.04804
3.48098
0.336265
-0.238157
1.15438
0.52753
-3.18809
-1.01524
0.0570422
-2.91662
4.91226
0.495655
0.617222
-0.778695
-2.3295
-0.255991
-16.0209
0.446965
0.595826
-1.51402
19.6419
-0.876508
0.829773
-0.0351071
-14.5808
4.2224
-0.828506
0.847066
-1.47487
0.802598
-1.29133
1.63771
-0.602658
-0.134421
0.0873233
2.27828
-0.209604
2.15407
0.81261
0.383907
3.03186
-0.247344
-0.870567
4.93209
-0.597057
10.4463
-1.39741
0.857773
1.48698
-1.65827
1.04828
0.027861
-0.748369
-9.88033
-2.03651
3.77035
0.224574
0.630222
0.605089
1.05346
2.89728
2.38283
-5.67939
-1.49049
0.0420645
-0.728004
-2.74799
-1.54351
-1.62608
1.35635
3.61937
-1.49786
-0.928437
-2.91172
-3.16921
-2.49855
0.393249
1.19937
0.886415
-2.87809
-1.07943
-5.45144
2.01387
0.567076
-0.821663
-8.9927
22.8696
0.919624
0.0260979
2.97964
-0.393949
0.125159
-0.235218
1.94647
1.03231
2.3533
1.17115
0.532461
-3.24609
1.55599
-2.18941
0.249101
0.878067
-0.31759
0.355901
-1.38761
1.06147
-14.5258
2.32799
-0.0225792
0.278059
-2.48308
17.6935
0.559045
0.731024
2.05589
0.455634
-0.106417
-0.0174104
7.1775
1.03973
0.174037
-3.00213
1.33631
0.0963145
1.9941
-0.960999
4.96288
0.715565
-3.02062
1.5448
-0.158697
-3.47224
0.334002
2.85661
0.396423
-2.68421
-0.0360074
5.13057
-9.55777
0.728304
-0.951848
0.320056
1.49434
-5.08101
0.774545
1.72721
0.277886
1.25677
-1.93088
-0.313213
0.800682
1.60998
0.34659
-1.4178
-0.797079
0.249056
1.61462
1.12609
-0.819551
0.379615
1.0109
-0.0329137
-33.6882
0.300058
-0.188849
-0.119541
-0.61686
-0.865567
0.746872
1.07463
-0.48367
-0.801814
0.575485
-0.173995
-1.44867
0.543555
3.35526
-5.3531
1.32075
-1.04959
0.113387
0.069644
-0.50262
1.91915
0.184525
-0.49762
-2.19765
0.321522
-1.39628
0.392308
1.74284
-0.255738
0.249949
-3.84503
-2.09042
-0.935802
0.776525
-3.88132
-0.132224
1.82882
0.223191
2.00235
-2.15564
-22.0617
-1.47692
-11.5579
1.02795
1.31684
-27.1964
0.0855202
-1.43316
-0.0696025
0.773932
-3.10488
-0.167525
-0.912622
0.206802
3.92993
3.86432
0.952112
-0.55282
-0.161312
-3.93993
0.21039
-1.25075
-0.97679
-0.429005
5.61209
4.42781
-2.03408
0.643707
0.194748
1.46373
-1.55379
-0.433336
2.87389
0.570192
0.0419796
-32.5444
-1.51835
24.4195
0.0649711
-2.87151
-3.13161
-0.395849
1.40633
-0.30739
0.590934
1.12349
-1.23061
-0.102043
0.047837
-2.3477
-5.11911
-0.797736
1.57023
-1.0142
-0.305882
1.70111
0.200938
-0.756099
-0.721289
-3.60059
-6.29126
0.661738
-0.88716
-0.636897
0.0989425
1.81156
0.530925
4.36715
1.03975
0.0889436
-1.113
-3.27628
-0.320191
-0.369317
-0.300221
-0.233035
-4.27986
2.66804
-4.39337
-0.83914
-1.83578
-11.6257
-36.2182
0.447763
-1.71928
-0.516891
-0.00951469
1.10623
0.282931
1.12393
1.3188
-1.87238
0.37474
0.518485
0.783636
-0.48285
-0.28353
-0.541476
-1.38882
1.10921
0.0690577
-0.463729
6.77883
-0.279882
-0.922226
1.98797
0.135508
1.38974
-14.8409
0.565967
-1.40915
0.0567977
0.639344
-0.0465694
-0.633004
-2.11547
0.894202
1.72278
2.38281
13.1403
-2.28145
0.532224
-0.037687
0.0584257
1.02933
0.541339
-1.54169
-1.17364
-1.24171
16.3971
0.116796
0.699008
0.442654
0.548922
3.9159
-0.244849
-56.6608
0.357508
0.10659
-1.15498
1.49779
0.343111
-0.655426
0.556478
0.729326
-0.322226
3.11098
-2.65956
-0.580251
0.722592
0.0167553
-1.10706
0.800615
-2.55424
-0.0499674
-1.87356
-0.384775
3.97747
1.14975
-19.5267
3.42159
0.549147
31.088
-0.578086
-5.73956
-1.26737
0.967079
-2.44275
1.52605
-1.19976
0.98847
-0.0867006
0.596729
1.60362
0.629121
0.202173
0.782578
6.31598
-0.77224
-80.8902
-0.166771
-2.08979
1.00661
-1.84165
-3.47929
-0.788482
0.694136
1.60622
-0.273881
-2.35259
3.33649
1.79126
11.7488
-0.0299447
2.42385
-1.15321
1.2342
0.0878317
-9.73803
8.40406
-0.582231
0.814142
-0.421078
-0.72725
4.12043
-0.96879
0.2428
-0.141259
0.101825
1.22074
-7.15242
-7.98915
1.91775
1.05147
0.206234
0.802065
-1.33379
-0.798206
-0.765177
1.4682
0.20252
0.238481
-1.04467
-2.99958
11.0134
-0.160499
-1.19337
0.31932
0.152484
-8.75461
5.68134
1.20595
-0.165417
1.02977
-0.0260193
0.59354
1.72317
0.86482
1.19477
0.527173
11.2741
-0.530095
4.46571
0.794881
1.27013
-1.61222
0.357234
2.08448
0.840952
1.07416
-0.62806
-0.826998
-0.43308
-8.90688
-1.92499
1.15309
-1.93257
-0.156539
0.295024
0.225783
-1.41903
-0.828107
3.20172
-0.567675
-1.00828
-1.70233
0.870999
1.49979
-0.379858
-0.667743
1.0883
-0.18522
-32.5383
0.56922
7.00406
-0.0909348
-2.31237
-1.76006
3.01588
-4.37321
-0.874382
2.07289
-0.624052
-6.24438
0.0256999
2.20403
-2.72951
0.0794157
0.423727
-0.0489581
0.692339
-0.186139
0.798574
-0.498242
-0.863702
-4.25894
0.985156
-0.318886
-3.04919
1.59873
0.0127132
2.2021
0.899188
-0.398607
-53.2234
-0.928944
1.02559
-0.599889
1.64166
4.03471
-1.03685
1.18598
-4.77549
-2.20594
0.441105
-0.0921953
1.14083
0.513753
1.55288
-2.3829
2.03063
-2.11202
18.8127
0.65537
-0.302973
0.364378
-0.221477
0.443895
-0.614755
0.205369
0.156038
-1.99045
0.490552
-2.03176
-0.159735
0.745724
-9.79277
-2.84416
-0.0612218
11.2638
-1.06661
0.0150044
-0.310768
0.596034
7.10413
2.10778
-1.60314
-2.42555
3.72698
1.78776
1.22728
30.1229
-62.5325
-0.0653495
-1.28523
1.13146
1.47128
18.8237
1.3531
0.27879
-1.18277
1.35793
0.15739
-0.541455
0.268405
0.179987
-63.3474
3.60892
-0.294436
-1.83937
0.506331
5.9642
-3.12234
-6.11314
1.18004
-1.68655
0.207292
0.32777
1.26458
0.187324
-1.64163
0.408489
2.03377
-1.12313
-2.07099
2.30149
-1.37868
-1.17985
-0.306043
0.832796
0.17949
0.048381
0.470099
-0.641891
-1.76494
0.843954
-0.627243
-5.89822
1.35058
-0.566161
-1.12383
0.314418
2.87942
2.30963
3.22836
-1.25627
2.97206
98.1844
-0.263384
1.38245
-0.349936
-2.22817
9.25742
-0.982351
3.2964
0.0657905
-1.73381
-1.19352
-4.68487
5.68603
-0.390971
-2.54434
-1.34433
2.07294
0.00871879
-1.04601
-0.877562
1.36813
-0.211732
-1.64438
-0.214439
7.94726
-0.427747
0.907721
-1260.31
4.86816
0.90965
-0.237011
-0.715823
1.52645
52.7892
0.527831
0.724434
1.39954
-0.979147
-0.989111
0.32994
85.913
4.20042
-0.175708
1.07664
17.4593
-1.97228
0.102875
0.237149
1.23954
0.546357
1.4615
-1.40713
-0.318051
-0.320407
3.52753
-0.142374
3.18259
0.162692
1.4316
0.0661614
5.18845
0.113408
-1.8746
-1.05025
2.16556
0.00877115
-1.38948
2.56136
3.26166
0.00386101
-0.447827
0.696797
1.54581
-2.70567
-0.575511
-3.21188
0.133491
0.805969
-0.289215
-3.39084
0.515554
-1.03457
0.600488
7.98145
-238.854
0.0488186
2.03907
-0.91417
0.198846
2.37773
-0.0382694
0.974656
5.91272
-0.014159
0.772412
0.247024
2.35574
0.401314
-0.283676
2.18694
-1.38719
-7.43244
-0.921777
2.37028
1.51382
0.912682
-0.64415
-0.293612
-0.0658123
2.78699
-0.60497
-1.8949
-2.29573
0.0023771
-0.709204
-0.111592
-2.35664
-0.126279
0.163917
1.7737
0.944242
-0.0594713
-0.523407
0.27111
2.65072
-0.747071
1.01535
-0.76363
-0.397728
1.15463
1.96509
-0.266183
-0.902978
-68.2266
0.725565
-0.287862
-0.805538
-20.272
-0.0669008
0.253475
1.2835
0.40132
-4.88665
-0.235278
-1.81189
1.91139
-2.19687
0.0811508
-1.45217
0.0420257
-1.42885
-0.203659
14.6815
-3.86947
-1.79669
-1.31574
1.30533
0.706124
0.753306
-0.173571
2.14862
0.00615705
-10.0098
0.458065
0.231781
1.71215
1.32231
-0.715287
1.41168
0.706116
-23.8516
0.294125
-0.491319
0.128954
0.43984
-0.795488
0.862266
4.33429
-1.21549
2.52577
1.02055
0.514954
0.108357
-1.19751
1.22972
0.106862
0.740546
1.07031
5.09917
-1.12055
0.542317
-1.22502
3.15444
-0.224791
0.293044
2.62747
2.31258
-0.18064
-0.820929
0.924613
0.592312
0.603927
-1.11985
0.253453
-1.50628
2.09073
0.420174
-27.2379
-25.563
-0.860145
3.02
-0.21199
-0.3453
-0.39959
0.778192
-0.225944
0.159466
0.283871
0.915294
0.323027
0.131093
1.97822
0.644739
-0.61748
-1.56296
-2.43993
2.30002
-2.95724
-0.109339
35.4868
-1.5933
0.201044
-0.435762
-8.04374
3.03242
3.33238
-1.43171
-0.719192
2.1361
-0.354202
-10.1581
-3.61899
-0.152155
-3.81247
2.23181
-1.31728
3.60644
3.623
1.73721
-1.80965
0.50259
0.982076
-4.68048
0.976881
-29.8259
1.69932
2.54364
-1.56832
-5.86973
0.748797
15.6319
2.35466
-9.6501
1.21418
-0.484653
-0.27672
-25.5925
5.77328
5.74349
-1.00086
8.35928
0.949446
0.340156
-0.267998
-0.656561
-8.53181
-0.708057
0.670271
0.282029
1.28668
-0.986647
-0.238931
-1.33455
-1.91868
1.23489
-3.82563
0.517443
2.89953
-1.52493
1.1573
-0.430663
26.4881
3.30809
-5.84787
0.195066
-2.62703
0.33381
-0.685784
2.41884
1.62742
-1.35907
-0.792101
0.0106323
0.158368
-2.6986
-0.332359
-0.282457
-0.0436864
-0.645094
9.17886
0.175396
3.67209
-0.620252
-0.500656
0.659253
2.00986
-0.43459
-2.88714
-1.30814
-4.53184
-0.00880999
-0.876408
-965.758
0.254208
8.15781
-0.353769
0.844557
-0.0869742
-9.82651
0.718979
0.340863
-1.54915
-0.79185
-29.9112
6.5956
-0.0369896
-4.08304
-0.629302
2.07949
0.0934053
-0.179067
0.153399
0.607131
1.0483
-0.758741
-1.06331
10.0434
0.424633
-2.42193
-2.08078
3.53397
-0.641968
-0.0157151
-4.17001
-2.15778
1.99944
5.46565
0.514472
0.717827
-0.862638
-3.17419
0.0400275
-0.88105
-0.550658
0.535319
-0.281623
1.96718
1.01318
-0.314693
2.75637
-0.345619
-3.87539
-1.18671
0.516263
3.7217
0.434035
-0.0985126
0.709007
0.689535
-1.04956
3.85577
-1.56543
6.21371
-2.25535
0.125928
3.71412
0.354219
-0.423933
-3.55394
-0.764663
0.634632
-1.32554
-1.54337
0.498088
0.054373
-1.11973
1.00989
-1.49539
0.92624
-0.77072
-0.623096
-1.63422
0.432793
0.287922
0.991433
-0.0768667
-1.25781
2.89992
-0.618863
-0.759089
-1.5724
0.8945
-7.09544
0.0495638
6.60615
1.72487
-0.428787
-2.85501
2.75075
4.54727
0.971501
1.25978
5.12591
2.2377
-1.91403
-8.58225
-0.192945
3.5129
1.09097
-1.26474
0.263805
1.18168
-0.727664
-0.0335691
6.01124
4.1684
2.97127
-2.07669
1.4881
1.93199
-1.12185
2.70325
31.3687
-1.35908
-7.52509
0.846338
-0.000457869
0.138959
-18.5449
0.0937941
6.42617
0.50368
-0.40347
-1.54073
-4.47193
0.78208
-4.75432
4.38624
1.4153
3.05667
-3.73527
1.12903
-0.484809
1.30549
-36.4222
-2.23663
-0.503246
-2.85658
0.354633
-0.0778063
1.58226
-1.34084
-0.515896
0.657798
-0.538006
10.9403
3.40218
-0.285874
-1.35447
-0.257139
-0.346477
0.369296
-0.742989
-0.84808
-0.0831164
1.92042
-0.350071
-0.149022
-16.153
-0.30256
1.40588
0.0985887
4.77839
3.66056
0.223495
-1.16117
-0.389263
1.66975
-0.0939364
-1.49729
-22.9853
-10.2689
-0.291866
0.0297819
-9.21594
-0.761022
-1.26009
-2.86136
7.05064
0.290596
-3.27322
0.318753
-0.586606
0.577467
6.32434
0.225829
0.351921
-1.40465
-0.551793
0.790872
-3.22784
-0.449735
-0.539009
-23.5
-1.30185
1.10897
8.74627
-0.414713
-3.66226
-0.383664
-0.952232
0.0275819
-50.7131
-1.32244
-0.130819
0.610458
-2.59979
0.665359
-9.20306
-0.260602
-0.463858
-0.23452
-9.6951
0.655196
0.102771
1.25201
0.405153
-0.317645
0.843752
7.52876
-2.11034
-0.867373
0.435111
-1.26751
0.61489
102.578
2.18454
-0.236836
0.299762
1.82585
0.727627
-0.263417
-1.00003
-0.407169
1.13837
0.230734
-4.35943
3.57745
-49.7124
-2.94678
-1.2117
0.988525
-0.160084
-5.18353
1.41209
2.01552
3.19033
-3.17225
7.54604
1.28486
0.383826
-2.23478
-2.2746
-0.178103
5.75842
-0.162993
186.531
0.208894
-3.08904
-1.86331
11.818
0.173048
2.86096
0.272892
0.356952
0.769216
2.85665
-0.0682554
-0.241196
0.804277
0.603696
0.507604
-1.52545
-1.04406
7.32232
0.758734
2.75423
-0.399998
-0.0640568
-3.73076
0.259842
6.75593
2.75897
1.13153
-1.7995
0.126255
9.32536
-0.389118
-0.64979
0.979788
0.789655
-1.15063
-1.38439
-0.0905994
-0.754759
0.346837
2.89498
-0.263999
0.476529
-24.7481
2.37794
-353.243
0.548202
0.432937
2.13498
-3.38056
0.579307
-1.66781
3.63415
-0.359379
3.55936
1.92396
1.07717
0.192704
-0.160965
0.108058
0.518914
-1.67847
-0.077988
1.91033
-24.9527
1.33803
0.372651
-0.476468
0.127205
-1.00709
-41.5367
-0.390523
42.1383
0.24453
-6.31116
0.653018
-0.856294
-0.59695
2.20458
0.84498
1.40069
5.5524
4.0542
-1.85104
-19.6217
4.06823
-1.04983
-0.203329
0.0820818
-3.38939
1.11371
-0.64668
-0.402326
6.14429
-0.828382
1.33378
-0.531339
2.50311
-0.675486
-0.348102
-0.63822
0.579246
0.501579
0.808902
-16.2064
0.18868
8.63902
-1.14285
-0.60402
-5.28889
1.71059
0.825842
0.00271058
0.427254
2.34814
0.566786
2.97038
-0.521846
-0.116826
-5.70299
-5.58624
6.01136
5.24449
0.108706
-2.71989
0.475526
-7.49385
-0.81737
4.3732
-0.589656
-0.5107
0.430689
3.13119
-0.193003
0.586686
-1.566
2.23971
-83.5128
0.564405
0.422202
-0.53891
-0.399847
-2.02972
0.977812
-6.53038
0.147041
2.15044
1.01723
-7.3274
1.63184
-1.71529
0.413447
1.59378
-0.200068
0.118023
0.375893
0.821654
0.321263
1.20047
-0.34994
-0.894456
5.13358
-6.63956
-0.00617916
-1.19469
0.318084
0.0374478
-0.267469
-85.3943
0.509659
-0.667191
-0.0743762
-1.16198
-1.42829
-1.01753
-1.39219
-0.305527
3.21825
1.33349
1.01033
0.773056
-4.09512
0.253155
-13.0733
0.358518
1.31923
0.65828
0.837638
-0.980031
0.6768
-0.666069
-0.0487228
0.724189
0.438039
-0.747976
13.9727
-0.720893
-2.46629
-7.83181
-0.674503
1.59373
-1.39771
1.68217
-0.143294
-0.0235547
-1.08984
-0.232614
-0.456529
1.13184
1.49701
-0.511796
-0.0402024
-0.39899
-0.676067
-1.17411
-0.191634
-1.01231
-0.442341
0.281362
1.30226
1.50272
-0.855597
0.788819
1.39539
0.429607
-0.344853
-1.68215
0.69811
-1.14678
-0.0880381
0.479968
0.473988
2.95097
0.0217783
3.36963
2.74458
0.644457
0.979358
0.521622
0.833172
-0.744161
4.89972
0.0393054
-1.50094
-0.360271
0.261427
0.236078
2.67898
1.7701
-0.864736
0.403163
-1.01198
0.348225
3.29293
-0.000230973
-2.83869
-0.860948
6.45611
-10.8304
-1.67428
0.692665
-0.168517
-0.916192
9.20516
-0.695441
-0.248415
0.856378
-0.268118
-22.2134
0.864001
1.78297
0.458233
0.202956
-0.268585
0.587133
-2.17575
-0.747316
-2.25067
-0.370256
1.77278
4.16958
-0.79236
0.481059
2.87214
-0.280676
21.1608
15.5188
-0.158754
-78.3022
-0.833925
1.38496
2.62842
3.31246
0.898
1.75968
-3.88144
-0.473951
0.93766
-0.0346518
-1.12173
0.25903
0.643726
-2.8938
-0.27553
0.110085
0.0783615
1.00864
0.215538
0.294013
-0.31009
0.547957
4.70573
-0.00226487
2.06794
1.46407
-0.331299
-1.21646
-0.649435
-3.17999
1.74245
1.03677
2.13956
40.9232
3.56911
-13.369
6.11731
-2.4868
0.348477
1.53795
1.35727
-0.367265
-1.44336
2.94964
2.56765
0.587002
2.08058
-0.596177
-1.14589
3.94782
0.903976
-0.558146
3.75744
9.43142
-0.239941
0.487176
-0.827843
3.4741
2.38314
-11.1697
-3.9992
-0.946847
-0.970604
-0.381138
-1.66834
-1.79743
-0.036552
-0.00436604
-1.25941
0.10981
0.289007
3.01269
-0.316247
1.21709
2.72458
-0.454749
-0.246612
0.752787
-0.0103372
-0.0672671
-0.449819
0.31733
-2.51065
-0.794989
-0.927813
0.797098
9.33222
-1.19808
-1.54582
-2.92362
1.59738
1.54942
-4.53734
1.24971
0.769427
-0.714444
-0.346581
1.38834
-0.432885
1.9399
-0.580208
0.125438
0.119633
-3.55925
4.94049
-0.640559
-1.26709
0.389012
-0.139144
0.28819
-0.419346
1.01186
-0.111232
1.04205
6.49759
1.13416
-0.185933
7.14146
-0.718963
0.493493
-0.111546
9.24974
-3.86121
5.72014
-0.107706
-1.49329
0.367053
0.162856
-1.30368
0.576316
-57.2261
-5.07708
0.470867
-0.519912
2.56884
-1.2125
1.95789
0.255261
0.408203
1.84215
1.40407
-5.97796
0.200941
1.98773
-4.84766
-0.380063
-122.128
-0.21612
1.38415
1.40807
-0.436839
-0.637559
-41.7542
0.665177
-0.689238
-0.695353
-0.801937
0.336702
0.697686
1.37492
4.80267
-31.0939
0.492094
0.825745
-2.62892
1.15219
-0.152829
-0.106877
0.288828
-0.460841
2.2236
-0.285669
-0.980355
-2.43297
2.59208
-0.489291
2.18708
-0.36567
-2.75197
0.109406
0.312201
0.175601
-0.0987895
-2.26585
0.407831
-30.5082
-5.61394
-1.39161
-5.84076
-9.28194
-3.35957
12.541
-13.2599
-1.37972
-0.323852
-1.58095
1.92554
-0.540839
-20.0894
-0.418634
0.924871
0.333909
2.24723
2.33964
-1.38493
-1.30486
2.2813
0.8541
-16.3205
3.56855
-4.35979
-0.179924
-1.48682
0.165134
-0.331377
0.750843
-1.5072
1.52643
0.966103
1.22439
-0.297477
0.420842
0.453863
0.444763
-1.47157
-0.645159
-1.41487
13.0149
0.0921676
0.313275
0.873408
-0.881353
2.09483
-0.0764594
0.455398
4.28638
-2.96278
-2.26203
-0.604606
0.0170918
-0.154524
3.45396
-0.136112
0.727682
-0.742116
0.0442867
3.82345
-0.798439
1.68854
1.0974
-2.66651
-1.48795
0.182832
2.3776
-0.547749
-0.910963
2.15019
-3.56458
0.954639
-2.16008
-0.395331
4.12936
0.77489
1.53155
-3.46853
-0.731048
-3.3257
-0.320401
0.213101
1.3777
2.18925
-0.852013
-0.215153
1.58452
-0.567361
1.69001
-2.68435
-0.297304
-0.794707
0.780743
-3.34418
-0.3552
0.946209
-0.385674
1.06645
2.7471
28.3087
0.323576
3.49805
-2.75188
-12.7505
4.58759
3.11696
3.8275
0.873615
-3.92303
0.114982
-0.873681
0.555064
0.906212
0.272805
-7.5477
0.177931
-6.00739
0.91387
1.95639
-0.264414
0.636556
0.14945
0.139514
1.86693
-0.142218
-1.80962
-0.960691
-0.129334
-5.32682
-0.283411
-0.213084
7.96892
6.74202
-0.984959
4.59486
0.183026
-0.604858
-0.811256
-1.00965
0.599981
-0.740053
0.850045
-0.743815
-1769.27
-2.48877
-0.110059
-0.291726
0.622318
-1.08838
-0.354349
-1.36123
15.872
-1.76412
0.143414
0.132276
-1.00247
-0.436694
0.0612743
0.0929238
0.124261
0.399504
0.537705
1.46689
-13.0497
17.5567
0.906541
2.33233
0.421004
-1.0572
0.776828
-3.68993
0.959542
0.994851
-0.282852
-0.137991
0.0524767
2.34406
0.876507
0.634036
0.141702
1.34551
0.599394
-0.465195
-1.92272
0.417369
-0.522961
4.6353
-0.503952
0.0388761
0.932692
-0.0396627
-1.06705
-2.3543
-1.54503
2.66474
-0.497159
1.25337
0.76756
-0.229861
0.561045
-1.56756
0.171026
-0.420383
0.501185
0.0584195
1.18388
28.0425
-3.7499
-0.803639
-0.750474
-11.0029
0.143457
-1.81782
-13.1772
0.326861
-0.259815
-1.2476
-0.176859
0.898471
0.670238
-0.486459
0.144192
-0.633225
-3.40852
0.037788
0.0705407
0.645271
1.19599
0.234919
-1.13206
1.96291
-0.24136
0.251795
-0.884815
0.270761
-0.282334
16.5106
-6.72133
0.392256
-0.79734
-7.7565
0.693725
-0.667162
-1.09128
0.429068
-0.493691
1.07606
0.209515
-1.64265
-2.67809
-0.0563593
-0.617993
0.128806
-10.4499
-0.0335995
-0.785673
0.576916
0.210447
0.979266
-0.212546
-0.290213
-4.23697
1.18257
0.156954
-0.345428
0.720304
0.678181
-7.33635
-2.82333
0.678493
2.65605
-2.68106
-0.722039
-0.182537
1.47239
-0.309168
-0.162935
4.97144
-6.3107
-0.44241
-2.1375
1.44197
-7.17767
-2.28804
1.06929
-1.56728
4.32355
-0.744125
-0.399844
4.24184
-0.410916
0.536196
0.695221
-1.0437
-0.839905
-0.0171007
-19.4554
-4.75639
-0.104206
-1.25957
-21.6645
1.96912
1.12079
1.39258
-4.26824
-1.21023
4.14816
-0.102904
-0.216036
-0.232648
1.62315
0.876847
-1.48222
-0.932928
-0.502691
0.0851243
1.2116
104.236
-1.10977
-3.29262
-8.46634
-0.279538
2.31792
0.380938
-0.200357
0.82273
-0.144511
-0.161274
0.697205
5.46615
-0.513879
-0.0897036
-1.11983
4.43899
-35.6126
-0.128242
1.65182
2.73414
0.833002
-0.542257
1.82325
-1.00798
2.04122
6.75269
0.964334
-0.130767
0.272467
2.41923
-0.149631
0.604755
-2.76604
-1.98161
0.00979414
-13.9927
-1.92559
-1.54687
0.412948
-0.0347497
-2.23946
2.2937
-1.44411
0.289597
-0.394244
0.78738
4.79032
-2.56849
-7.13664
-1.50711
13.2373
-3.69608
0.685104
2.55452
-0.0563384
-5.00213
-12.5521
-0.651413
-0.205786
2.1876
-2.09922
4.627
-2.98459
0.00871437
-4.72522
-3.19551
0.551432
-0.433251
-1.9419
1.08063
0.351051
-0.193193
0.602316
-0.1522
2284.82
-0.480132
0.166469
1.82833
-0.413007
-2.14517
-3.20257
0.717971
5.66282
0.625602
4.70917
-0.16689
0.795773
10.0868
-1.35174
-0.541284
5.15708
0.594158
-4.18692
-0.43696
0.492946
6.64772
-3.64122
0.805361
0.413561
-6.12449
-2.25302
2.39345
-1.26122
-1.56848
1.97972
-0.597625
-0.230429
-3.5831
-1.16412
0.731064
-0.819896
3.47471
-2.77728
-0.0133362
17.1326
27.331
-0.453535
-0.479564
1.35346
-1.25235
-0.319736
0.240549
-0.476998
2.4098
-0.957895
1.00943
-57.51
-1.8343
-0.773995
0.126387
0.81215
-0.683409
2.16167
0.222933
0.567911
2.89828
1.76546
-1.01026
2.38214
1.01333
0.896862
-0.239943
0.17334
0.799533
10.4817
-9.47145
-0.605792
0.00847271
1.45727
0.0156819
-0.334249
0.581917
0.0408348
0.302289
5.64954
-1.02392
1.16641
2.58026
0.668811
1.57402
3.26727
2.38464
-18.8109
-0.0870169
0.189038
0.995179
0.488536
-1.20872
-0.989607
4.46573
-3.09147
-0.14019
2.00269
-0.668913
-0.259125
0.240296
0.942308
-1.62516
2.05819
-0.557054
3.34449
-0.133629
0.730946
-1.8231
-1.80593
2.56228
0.917433
0.135844
-2.66388
7.43277
-0.362121
-2.49728
-12.5918
3.02518
1.54111
1.44481
-1.0567
0.67659
-7.4923
-3.73682
5.5393
-2.44049
-2.46854
4.22346
0.335975
10.2231
0.715214
0.0211305
3.3272
-1.0726
-1.68052
0.157868
-7.15721
0.102572
0.317703
-0.0823856
0.374922
1.35041
-6.66406
-0.0296946
8.77792
0.740042
-0.221156
-0.0766501
-0.497717
0.241106
1.45331
4.75813
-33.3302
0.573055
0.519135
12.4017
0.72273
1.11562
-1.08197
-0.268727
-0.286772
1.05737
1.95081
0.279205
3.32335
0.767951
-1.40975
2.26338
-2.81548
-0.816266
-2.05554
-0.301962
-0.826297
0.112096
0.149666
0.0485628
0.827253
-0.223775
-4.11424
1.03834
1.94571
0.313513
10.4496
0.506218
0.296425
2.22417
-0.280308
1.79204
-4.54446
-0.619998
4.90952
0.267372
-2.00083
-0.614412
1.08245
-67.9643
-2.79992
0.394804
-0.154439
1.18285
-0.694285
-1.49915
-0.0821972
-0.859824
2.26116
0.445913
0.217006
-0.634341
-0.436687
0.0520155
0.370272
-1.77592
-6.3833
-0.000568655
3.005
0.204051
2.08863
-0.191322
1.70262
-1.19728
0.756975
-0.999935
-1.71586
-0.338982
-19.1812
-6.84489
-65.2949
0.881701
-1.72257
0.143188
-2.69488
-2.42818
3.50165
0.779578
-4.53399
0.247224
-1.05857
-2.64666
-0.692531
134.625
-1.67723
-6.97294
-1.68255
-0.0216116
-0.509807
2.12613
0.285058
-1.81128
1.36751
-4.50334
0.245636
19.6936
-0.185814
-10.2562
-0.0664578
2.13539
-0.70663
-0.294147
-0.662092
1.35626
-0.313117
5.03189
1.28287
-0.0958988
0.0776186
-1.04768
2.44313
1.15031
-2.35133
-6.72123
-2.62269
12.907
-0.674336
-0.718748
7.45943
-1.08311
1.16424
-0.721588
-11.1175
0.893619
-2.15416
0.514257
1.87733
-0.815091
-0.0521584
2.0785
103.411
2.82437
-0.528198
6.32585
0.563648
0.718909
-4.01052
-9.33804
-0.0249713
0.0776872
-3.34269
0.736801
-0.745657
-0.941327
0.182492
1.14854
-36.2778
-0.187449
1.0581
-3.72436
-0.261932
-1.64065
1.61962
-1.65176
0.253214
-2.65774
-0.126704
-0.592669
-1.96239
-0.0827136
1.17317
-1.36862
-2.31298
0.0709484
-1.31267
-1.00892
0.0199773
3.06441
-1.67554
-0.316623
-1.12124
2.2687
0.267146
0.778965
-0.715561
-1.2162
-0.334558
0.901497
3.46632
-0.550297
1.16184
-0.0470168
0.553423
1.63994
1.26683
2.57631
0.350807
-1.41505
-28.9111
-0.202025
0.0178091
6.09866
0.267153
1.15531
11.2534
-1.25159
3.09065
0.753616
-6.13697
0.3025
-0.329443
-0.752527
0.700321
1.91699
2.88903
2.78825
5.28296
21.7411
0.128492
9.97524
0.222711
-1.67468
2.43372
0.113461
1.48503
3.16533
2.57843
20.7918
1.32192
-0.595238
1.02077
7.16027
-0.155208
1.89063
-0.23108
-0.8136
0.209707
2.53354
0.581839
-0.522107
-0.659043
-0.394304
1.65331
3.23446
-4.07481
-2.55632
0.164621
1.08348
-0.521095
-3.84826
0.730087
22.6915
1.8918
-2.04126
-4.80043
-1.07319
23.2125
4.37152
45.7979
0.665318
-1.99123
0.228559
1.13943
-0.127996
0.00432685
1.99545
-1.74814
-5.81233
-0.102773
0.397647
-0.483833
-0.339661
1.05356
-3.46318
1.2443
3.74894
1.8558
0.311837
2.68155
0.255232
-0.311373
-8.39359
-0.455665
20.528
2.80551
-0.551383
1.49012
-0.0511216
-1.35079
0.55402
0.392
1.39921
0.694544
10.928
-0.155026
-13.0288
-5.80739
-2.23729
-0.72543
-2.13446
1.40908
-0.521889
1.49384
-3.57558
1.42455
-0.18436
2.22427
0.976162
2.61441
0.495774
-0.388949
-1.69841
-0.237358
1.22434
-18.3562
1.42173
-1.69337
0.614834
-2.2303
-0.782643
-2.69768
-3.75349
-0.295297
-1.48228
-0.437591
-1.47861
3.03488
0.801918
-8.17422
0.253049
4.61103
0.960081
56596.3
0.0629441
0.267543
1.07897
-0.555773
-12.8076
0.620323
0.237089
-0.725165
-1.20808
0.343382
-0.138517
-6.04046
0.745069
0.245467
-0.152252
-1.95859
1.01968
-0.465374
-16.8092
-0.819402
0.760088
0.377874
1.9647
1.51809
9.85028
-4.1689
-0.415957
24.7601
-5.80984
-1.91517
-0.279084
0.771743
-68.923
-0.0919758
1.01542
-0.330094
5.4175
-4.27989
-0.349347
-2.58441
-2.37617
-1.65195
0.785337
-4.61679
1.02409
0.37822
1.02407
-1.98721
-8.59099
-1.12293
5.77287
-0.492311
1.173
-0.0705695
-1.96127
-12.621
-4.15862
41.3245
0.373036
-1.13846
0.913921
-3.89057
0.1219
-0.27242
-0.340419
0.697775
-0.586842
-0.233196
0.570235
-0.715416
-0.363572
1.9908
-0.0594908
0.185561
8.64998
19.0459
-2.20019
-5.51693
-0.0426967
2.61219
1.78325
0.156877
6.37894
0.28645
-2.24166
-0.78182
-0.383512
0.571347
15.5482
-0.943019
-1.06016
1.03687
-22.829
0.695475
0.0730255
-0.311209
1.65882
-0.119313
1.62019
0.207186
-0.867441
0.277765
-46.3158
0.149666
0.455669
1.25422
-0.925132
2.91401
-0.725086
-0.463137
1.46386
-0.33468
1.86871
-3.34342
-1.36569
-2.14496
1.78705
6.9141
0.118441
-0.858208
0.354294
3.53617
1.52623
-0.504135
23.5704
-2.65949
-0.259777
0.662825
-0.173101
0.83936
-4.05938
1.00086
-6.45722
0.771061
0.488098
1.73473
3.45307
1.00667
-0.46457
0.490528
1.53797
-0.0319242
0.0830396
-2.81294
1.90517
-0.322067
0.304413
2.02955
1.02377
-0.131021
2.0594
2.14954
2.16625
0.106635
0.263897
-6.35956
3.55514
5.12366
1.44157
0.93158
3.47085
0.591729
2.0439
0.115941
3.20131
-2.75816
-4.33787
0.237069
0.823297
8.16067
-1.26216
-1.53691
-8.47874
0.699806
0.509156
3.52119
3.83141
0.730001
-0.752775
-0.810507
3.5605
0.297351
-0.394237
0.543764
-1.43625
0.407631
-0.0388557
-0.58814
-0.831905
-0.0859996
1.20816
-18.0204
0.489535
0.357385
0.306267
-0.147212
0.794213
1.26468
-0.263465
0.736235
-0.476067
0.982389
2.71363
0.706504
0.444133
0.561627
7.68456
-0.102266
0.708908
-0.813109
0.690283
0.0174257
3.55645
-5.78812
0.83189
-0.251208
3.55081
-2.29128
0.818551
0.289027
-3.61598
-166.972
-0.672905
-2.00925
-0.0998184
-4.03213
-0.706681
-0.644577
-0.248348
0.403911
5.16566
-0.196462
-1.04582
-0.112058
-0.547213
-1.46175
-2.14815
-0.749588
-0.217212
0.831057
-1.54357
0.168737
0.136939
-1.61325
-0.238035
0.55459
-1.54171
-0.222352
-0.933543
10.2808
2.12017
-0.081738
-1.5539
1.12964
-1.75147
1.66895
3.03676
0.711325
0.125047
-0.989805
0.690057
-0.293198
0.73927
-0.501943
-0.777738
0.114447
-0.433471
-0.172485
-0.298322
-0.413198
-1.24429
-0.837683
-26.3084
-2.4906
-0.399092
-0.308729
-0.0252626
-0.443152
-0.787699
0.625134
0.76483
-0.504859
0.301148
0.667912
1.0437
-0.0966568
1.1683
-2.72395
-0.0324603
-1.18647
0.149186
1.00817
0.26125
-0.203554
9.98571
-0.44106
-0.482886
-0.0962333
-0.483689
6.54276
11.9155
1.42973
-0.619751
-0.988042
-11.7992
-0.686262
-0.778337
7.74218
3.59835
0.456667
3.65037
0.178319
4.49166
-2.54679
2.34399
-0.215394
-0.093704
-0.690441
1.55123
0.403471
-6.04419
0.187372
0.323907
-0.297261
-0.379428
-0.212404
-0.3453
0.608567
-3.96236
-0.373804
14.7856
0.0428035
3.69893
0.0596554
0.770798
2.21068
-1.04892
-0.57642
0.203052
-1.29078
0.738279
1.45273
-2.58785
1.66367
0.0365453
-1.1376
3.60329
1.0122
1.283
-3.90444
0.379485
-5.00718
1.99107
0.542491
3.84079
18.531
-0.415456
2.36283
1.57762
0.318452
0.261419
-2.06813
1.74702
6.31626
-0.441888
-0.53662
6.60995
-0.435707
-1.71289
1.07159
-0.70316
-0.654949
-0.913333
-0.0712248
0.468887
-1.79594
-1.78134
-3.44991
-0.328368
4.86135
0.286096
-0.513061
0.894309
-0.0207242
-0.223995
-0.982482
-0.0371308
-1.49594
-0.77364
-1.38123
0.363017
-0.117556
1.86902
-2.45442
-1.44471
-0.626779
-26.7177
8.42486
-0.122921
0.693044
0.762606
0.156845
1.19579
-1.20859
0.536663
-5.52914
1.08258
-0.341639
20.1044
0.198081
-3.62197
-1.31425
9.23532
-9.16836
0.15629
0.554387
-0.763593
-0.585487
-1.28084
1.85102
0.120973
0.102971
-0.76532
-0.0190031
3.71126
0.0333724
0.140928
-1.8447
38.1637
-0.109878
-0.598681
-0.352255
-3.66927
-2.51239
-0.650545
-0.82231
-0.157778
3.56675
-0.823209
-0.211206
-0.981091
4.25199
-0.327253
-1.5827
182.033
0.207646
0.999114
-0.533294
-0.353014
-0.13644
-0.281554
-2.99311
0.407507
9.15797
0.40942
0.350739
0.870242
1.942
-6.29334
-12.3203
1.05735
-2.97462
-0.350594
8.73475
3.04204
0.129242
-1.73449
0.914979
2.87145
-8.0954
-3.14144
-41.3745
-0.129284
0.536202
0.460055
-1.71803
6.52318
0.383586
0.0164785
-2.58486
0.36443
20.2908
23.7067
1.13785
1.18327
0.865897
2.3128
-0.20704
-1.48168
-0.131158
0.502109
-2.88671
0.376513
0.337935
-0.951967
0.188447
1.54834
1.24959
-2.89963
-1.91664
1.17962
1.64882
0.569474
-0.749011
313.564
0.0255581
-0.43254
5.99322
0.496042
-0.0318026
-0.54799
0.444536
0.405083
0.407592
-4.70376
2.58844
1.76479
-0.161999
-94.5352
-2.78722
4.00926
0.889794
0.564197
5.70059
3.38075
-0.208876
0.650466
0.195722
-0.0889608
-0.674131
-0.158047
1.55153
-0.409524
0.319224
1.83752
-3.16731
0.457062
3.4351
0.331084
1.19491
1.78873
0.930051
-0.871155
0.570273
1.5313
10.6755
0.925304
0.129133
1.12044
-0.244617
0.863007
-0.505165
-2.79771
-0.247088
0.0478699
1.84986
-1.59605
-10.1963
1.10033
-2.09279
9.34402
-0.236922
-1.17394
-0.63239
0.742869
-0.555405
4.32775
-0.947411
-1.2867
0.128536
-0.936998
-2.55086
-0.0600582
0.894975
-0.902344
3.60624
-5.29677
0.367857
-2.70844
-0.647241
-0.366084
-1.47723
0.108591
0.423288
1.36695
-0.687658
0.0442661
-4.61666
-0.0177642
-0.104165
0.836604
-3.2289
-4.61589
13.1325
0.24693
23.4705
-1.04432
-0.0920778
0.078417
139.369
3.53717
-1.46058
2.15058
4.11769
-1.272
-0.995812
-0.147196
-7.92785
1.54865
0.410284
1.19466
-0.0704847
-28.4299
-2.11096
1.8024
12.0969
-0.587653
-1.14402
0.300753
0.289668
-0.33117
-2.96228
0.79701
1.32426
-1.80374
-0.0738371
-0.238741
0.543066
-0.964855
-1.35486
-18.7276
0.0336212
-0.329205
2.79096
6.39143
-0.0767279
-3.30064
0.413261
-3.70519
2.46835
-0.317111
0.38801
-1.88684
-2.58814
0.657699
-0.759032
-0.659531
12.9822
3.61744
1.63305
90.396
-1.01481
-3.37596
-2.78933
-21.4679
0.121521
-1.10964
-0.486448
0.0305528
1.14488
0.0288806
5.03046
-14.8417
1.83705
0.866439
1.2757
-1.07499
0.655115
2.22375
0.769751
17.401
1.2642
-0.0803867
-6.57257
-0.170782
1.16224
-0.129791
1.21237
0.998247
-1.19554
1.70992
0.583379
0.520722
-29.7065
1.60384
-0.70724
0.205036
-0.298425
0.736319
-1.62653
-0.381799
-1.72498
-1.34871
-0.463387
-2.32764
0.770048
1.561
-38.6234
0.645421
2.30953
-0.511325
0.750396
0.725217
-0.895733
0.413875
0.454151
2.67235
-3.30834
-0.469467
-0.303542
3.70594
0.197883
-0.541606
5.34842
-3.52009
0.0284113
-0.0523199
-0.538523
45.984
-2.46273
1.04234
3.52111
-2.72423
262.541
-0.144962
0.0121402
0.0970049
-15.8724
4.00944
-0.0813669
0.12662
1.53938
-0.77111
-0.105591
-1.88134
0.112487
-8.96628
0.428591
-1.78427
-1.20999
-0.379322
0.79347
-4.49608
0.488265
-0.454051
-5.88182
3.99213
0.415948
-0.333583
0.105381
0.753572
0.174324
-0.173875
1.1671
12.3167
0.882457
4.62801
-10.3014
2.28642
-1.27994
-0.551081
-1.98085
0.972491
-0.144937
-17.6542
1.54434
-0.640062
0.629258
-3.85763
0.772087
-0.252298
6.73246
0.427128
96.3477
-0.527247
-0.364041
-0.563282
21.3792
-0.227142
-2.83894
7.36347
-2.51369
-0.086494
20.9211
-0.303674
-2.38079
-0.251048
0.774704
0.241282
-0.308583
0.0392775
-0.751825
-0.742719
2.49155
8.38025
0.407133
-0.0171838
-0.381063
1.3394
-1.21997
4.35153
1.1317
-0.42714
-0.763461
-1.8157
-6.84711
-1.09876
-0.96772
-0.231466
-0.916228
-0.817673
-4.93261
-3.57777
-0.853608
2.30586
-0.621101
0.0044969
4.6059
1.66569
-0.173793
-0.0372102
0.316682
-0.819584
-0.00246228
-0.152054
10.1978
-0.940466
7.87041
-1.06291
3.02466
-0.839806
-3.48894
-0.259399
0.755882
-1.37079
0.398158
0.169264
1.97464
1.17419
1.98965
2.096
-0.892856
2.84799
1.29132
0.231925
-0.239419
-1.52449
-2.45763
-0.310164
-0.688876
-0.44097
-0.905062
0.400178
0.178309
0.771705
-0.170481
0.156328
1.0069
0.444742
18.106
0.0590576
-5.49615
-2.29262
-18.4115
-0.26178
-1.49235
0.552702
-1.57919
-6.94423
0.41382
-3.18532
-0.390906
6.87805
-0.562993
0.204895
0.491512
0.069281
-0.74198
-1.03953
8.76573
7.36275
-0.0604763
-0.203661
-3.2782
-2.16909
5.33042
12.177
-0.289784
0.99874
0.750614
3.95612
-3.73863
-0.544454
2.36924
-0.919242
2.31765
-0.243263
-2.00613
1.91904
-2.56566
-8.33458
2.11171
-11.2731
0.779765
1.0862
1.06671
1.98959
-0.158782
0.185742
0.910299
3.67572
-1.45218
-1.58843
0.0751182
-1.04145
0.536951
-0.515609
7.07602
1.23646
-0.503168
-0.847529
-0.327007
2.4275
1.41778
1.51969
1.01833
-1.34608
0.0330438
0.446463
-1.86156
-4.35807
0.0225219
0.0399429
1.48976
0.546652
-0.361908
-1.73606
0.610087
-0.127891
2.98273
2.27225
0.136121
14.4886
-0.528374
6.74123
0.301635
-0.36779
-0.702149
-0.421333
-0.618487
0.286851
19.6128
10.9212
0.885307
0.809152
1.78707
2.36699
3.88651
0.516047
14.1906
0.642762
9.07837
0.331129
-6.29277
0.464785
0.282537
-0.0988163
7.10517
0.26435
-0.570407
19.3403
-0.564784
0.334116
-58.8874
-0.188625
-0.0846431
-2.95412
-0.148707
-1.88804
1.09715
0.405433
-0.055963
0.608621
0.697015
-0.828695
3.38274
-1.96953
1.11363
1.16048
1.8321
-0.920929
-2.21738
-0.226926
46.9714
0.135806
-0.284445
1.6529
0.568652
-15.0331
-0.637635
0.415719
-5.01657
1.06072
-0.678968
-0.337279
-13.3657
-4.07508
0.236246
-0.668837
-0.574314
17.6399
2.55106
-0.447288
0.0244044
-1.2066
0.0226302
1.78267
2.82442
13.205
0.483821
1.21244
2.49894
6.19637
-3.16618
2.3966
1.75585
-0.86198
15.1293
-2.60453
-0.494561
-2.64096
0.430975
0.201157
-5.38376
-0.902101
-0.468944
-1.17761
-0.0738914
2.88754
0.96438
-5.12923
-0.00283947
-0.276012
0.0956741
-2.48388
-1.03468
0.212201
0.994852
6.48663
-1.64298
1.98647
4.99643
2.58716
-0.0702942
-1.00409
1.6604
2.55043
3.58917
1.12543
-4.36735
-0.141796
2.37279
3.14602
-0.147677
-15.2236
-0.413506
0.621818
3.33934
0.0344897
2.36833
0.0523571
-0.185312
-0.952291
-0.588066
3.29911
0.0871476
-0.125177
-0.734864
0.695165
1.10176
0.155315
15.8629
-0.459905
-1.20509
0.819859
1.8136
-1.18042
-0.151957
-2.65325
-1.46024
-0.137072
3.25402
1.33538
2.39209
-3.24673
-1.78512
1.46221
0.387706
-32.048
3.13702
-0.200754
-1.55317
1.50391
0.0191983
-0.636688
85.9218
0.895303
1.70136
-0.118368
3.73508
0.570594
-0.58708
-1.61958
5.4505
-2.21491
-0.0514755
0.760984
-3.95464
-0.156936
1.29824
1.81961
-0.343666
0.21971
-0.636594
1.75712
-2.08207
8.72585
-0.175365
2.16726
0.88609
-8.54569
0.673728
0.721043
-0.482691
-0.204694
-1.0512
4.00438
1.65582
0.0115587
0.129856
0.236636
-3.32724
0.391074
0.937819
-1.42242
-2.60558
-4.36626
-2.96265
3.32672
0.412969
-0.579256
-0.754318
-0.210018
1.10941
-1.48262
-4.63535
-2.85811
-0.897085
0.114366
-7.97081
0.309191
0.914731
6.15114
0.352732
-4.21891
5.52187
-0.33372
1.34224
1.47332
1.12706
-3.87433
-2.68533
4.14794
1.63796
0.383451
0.76113
0.169048
1.47124
-0.153631
0.261419
-0.500982
-17.8637
0.940511
1.0194
0.537556
-2.07454
-0.30639
0.612382
2.06316
0.722825
-2.34244
0.393644
1.05835
1.888
-0.943221
28.9205
-0.750953
0.300255
-0.0120602
0.214998
2.08305
-0.428722
0.109792
1.63107
-0.536835
-1.56836
3.0279
71.0926
-0.544672
1.26108
-0.998242
-2.04879
-6.78195
-0.232344
-0.646277
0.0170612
1.05064
-1.26191
-0.246478
-1.78702
1.17421
0.103695
-3.01327
-0.589732
-3.78661
-0.52547
-1.73251
-2.60806
-1.95622
1.8602
-0.434491
0.701614
2.10779
-93.717
-3.54933
0.270808
-0.0770942
4.59963
0.830334
0.384922
-0.0593315
1.19586
0.213004
-1.0269
3.54249
2.61576
0.00883198
0.764827
0.79886
1.4035
0.109974
-0.191166
-0.494462
-8.75784
1.75409
10.5878
-1.32021
-1.21459
1.79096
-11.485
3.3548
-3.17529
-1.13287
7.82068
0.332783
0.0290118
1.15601
2.0407
-1.50259
0.322744
38.0707
0.237346
-0.826051
-0.235256
-0.833376
0.79644
-2.81384
1.42341
0.743337
-0.151591
-9.7964
-12.4875
0.107199
2.70837
0.0105292
0.228348
0.900264
2.4796
25.7602
-2.04068
-15.3629
0.46383
1.12979
-0.563508
1.18134
-2.93097
-7.27142
-0.124744
-5.30868
-1.4516
-14.0151
0.539256
-0.301712
2.70969
0.358455
-5.47047
-7.31574
-0.762739
1.79601
-0.540485
1.34559
-1.04998
0.50506
-1.30756
-0.634019
-2.67472
0.0707245
0.261953
0.155093
-1.67967
-0.177483
1.94034
0.319444
0.611815
0.0858558
0.494054
-0.399742
-2.14339
-1.18124
5.60322
-5.57695
1.26495
3.95807
0.389978
-0.275548
0.803382
0.482668
-0.678057
8.57286
-0.142396
2.05462
0.27063
-0.421388
-21.9643
2.49942
-0.437508
-0.19442
0.815006
0.791195
0.474254
-8.10245
-2.0217
-0.153171
-1.2365
-0.252624
-2.27738
-8.2817
0.261067
1.27279
1.12819
-1.97221
-0.406707
40.7411
107.089
-1.14158
0.061587
10.888
0.0126257
1.15229
-1.06951
-0.406754
1.79524
0.62816
-1.26756
-0.427868
-0.344435
0.521209
1.29848
0.404381
-5.08827
-17.0944
-0.855149
-0.584123
0.148486
-0.9123
-0.6688
-0.392588
-7.86117
4.03855
0.835878
-0.303741
0.727203
0.817632
0.761684
0.655708
3.31683
0.197441
-1.32395
2.29171
-0.0194303
1.69249
-2.2705
-1.44782
-6.5727
-3.2184
-0.612702
-0.803141
1.10804
-0.732836
0.380607
0.508992
0.930218
-0.428649
10.1228
-0.368601
0.255001
-41.0761
-1.2086
0.667372
4.22619
0.215557
0.370645
-1.81537
1.34555
-0.901761
-0.581686
2.52276
2.65474
1.05324
-2.26543
0.0655545
0.438863
0.981607
-0.722277
0.840625
-1.99546
1.21246
90.3702
0.25562
-21.9034
0.317029
0.511929
2.72199
-0.260563
2.22822
0.747788
-0.93609
-16.0997
-0.753561
-2.73576
-1.82502
1.69352
-0.603814
0.904972
20.2876
-0.866344
-7.0905
0.991152
2.59252
-1.01925
-2.16901
-3.04758
0.333992
2.19295
-3.55978
-1.71755
-2.58814
-1.61739
-0.75779
-0.82814
0.203443
-0.530246
11.7812
-0.687354
-2.84902
-1.13264
-1.72394
0.707541
-2.50403
-0.761251
-0.935474
0.842556
-3.05509
23.2189
-7.95916
0.0880336
1.15685
-0.359736
1.11227
0.316802
-1.53239
2.04455
16.9005
0.056724
6.95381
-14.19
-0.522162
0.572988
-1.04331
-0.614699
-0.939822
-12.897
-0.569389
0.37062
4.06845
1.12187
1.40242
-23.8637
-2.45193
2.50086
0.862963
0.716024
0.0766206
0.0940201
1.07087
1.50295
-10.09
1.96992
0.337068
0.903939
0.723239
0.532462
-1.06483
-0.67641
-2.09247
0.364634
0.0632169
0.223419
6.76843
-1.31885
0.811375
23.9499
-0.843679
-128.502
0.67338
1.04737
0.0506579
-1.48043
-2.24463
-1.14075
-0.167001
0.185848
-1.51019
233.905
0.505311
-0.419703
3.19651
-0.613926
-1.30552
-0.521776
2.53659
-0.0364316
-10.7746
0.0908498
0.752578
0.983602
-0.773878
-0.513187
-10.8438
1.14877
10.1755
0.599837
1.45887
3.95972
0.558243
0.22874
1.01879
-0.213676
-0.20078
2.04109
1.16889
1.47854
-0.201114
0.826625
-1.49344
0.187443
-0.744939
-4.33583
0.590683
2.74562
-2.93275
0.683136
-3.37591
0.92114
1.15893
-0.415969
3.36223
0.157321
5.82179
0.883073
15.4038
-2.66741
-1.01319
0.182767
-0.716233
0.137719
-0.0334753
-1.13091
3.38219
-5.03887
-3.66959
0.155168
0.740643
0.267803
-1.95264
-2.86298
-1.25519
0.336738
-9.4544
0.564183
-0.209631
1.19055
0.810863
0.547757
0.357153
0.891904
0.187195
6.37464
0.294582
-0.889481
-0.371099
2.49981
118.231
-3.43709
1.35906
0.0809295
5.72537
0.21361
-2.01938
0.477937
-0.159201
0.41859
1.02775
0.280635
-1.34094
1.76835
-4.52526
0.953998
0.627208
-1.1696
0.729967
-2.39135
1.33325
-0.632667
0.286474
15.3127
3.9786
0.554355
0.987879
1.70446
0.787264
4.51314
-0.0322755
-0.159921
0.695414
0.0375003
0.611762
9.54724
0.304611
-6.29283
0.588174
0.464854
0.0240537
-2.69233
5.89685
1.45649
-1.46477
1.52825
-1.01197
-0.125163
2.49847
-0.034762
0.338478
-5.60968
-0.786455
-5.14313
-0.809894
-0.953421
0.52411
-0.290483
-0.219393
-1.45968
0.13818
-1.86209
-0.680094
1.6698
0.0175308
-1.07273
-1.61318
-1.11239
-0.508936
-0.601022
-1.48983
6.05992
1.16269
0.29489
-1.77522
0.870514
4.71358
1.46975
1.44001
-6.29876
1.02451
-0.181533
21.987
0.00226982
0.0820636
-0.395121
8.32059
-4.86345
-5.34374
0.758799
0.138939
0.0320269
0.449577
0.85919
1.3798
-0.37863
-0.97615
-0.136043
42.6452
2.71189
-0.465936
22.3598
-1.667
0.619632
-2.14327
-9.61734
3.00477
3.28348
-0.322857
0.30447
0.899793
0.73987
10.4342
0.180538
1.23421
-1.61604
0.0446403
1.40723
5.38997
4.67178
1.19704
0.366301
-0.45148
0.0822165
0.379518
0.432172
2.50789
0.0858691
0.977385
2.79506
1.36081
-0.604283
-0.643588
0.42344
0.0242923
0.761279
-0.100495
-99.1795
0.423959
-5.65296
1.53441
-0.497312
-0.829267
-1.05654
13.1966
-4.80316
2.12438
1.4818
-0.0946885
0.0682577
0.210055
-0.620991
-2.55613
-0.399567
-3.63245
-0.445437
0.415439
-18.8128
-1.0258
3.89889
13.0279
1.22707
-0.144121
-3.40564
-0.514268
-0.729823
14.188
0.575806
-0.808834
-0.0786434
0.0585968
1.42597
0.235633
0.287415
0.903523
1.41861
-1.24116
-0.0758505
-0.241386
4.32605
-5.56351
-2.19554
-0.269111
-2.04779
0.294554
-0.741585
2.7375
0.947491
-0.808787
-2.08769
-0.491814
-0.20836
1.16879
-0.54623
-0.646789
3.42282
-0.167407
1.06034
-1.41002
0.932339
-0.366593
0.805871
-20.0601
-0.580619
-0.599152
-0.886421
2.84217
-0.0088291
-1.29037
0.38328
-43.5967
-0.280314
0.147505
-0.770042
-0.570966
-3.55519
-0.749147
-3.78744
-0.988346
-3.86104
-1.79534
-1.33372
1.12655
0.641308
0.81388
0.923414
-0.974309
0.800648
0.467066
1.02856
1.00898
0.340782
0.0325803
-1.11985
0.183565
1.42723
0.597596
1.34718
0.114417
-2.0865
2.99098
0.966862
-1.02753
0.47343
1.82425
0.284622
0.0530453
1.68811
-3.44812
1.68548
5.54748
1.48712
-0.797868
1.4943
-1.58459
-3.85623
0.844364
-0.430813
-0.192091
88.7813
2.69487
0.966532
-141.06
0.690973
0.0301201
-0.685601
-0.736235
0.19645
11.1837
0.341834
1.03734
-2.66655
5.91985
1.07307
-4.75321
-0.703235
-0.628325
0.981096
-0.95823
-0.418473
-0.821834
0.751301
-3.84462
0.27001
145.409
1.0453
1.58161
-1.64768
3.59839
-0.979991
0.0904779
0.5925
0.129092
-0.175463
0.045649
-2.86004
-1.25258
-0.715356
1.44198
-0.609205
0.772388
1.59118
-2.96347
-0.138839
-0.541185
0.00318592
1.05204
2.06579
1.02032
-0.0658029
0.0463995
-2.39537
-3.87285
-1.13528
-0.0715191
-4.96983
7.85389
-0.581677
-0.497754
0.385518
-0.120214
1.18446
-5.0392
0.508265
-0.745296
0.172475
-4.34331
1.1273
2.83997
1.21733
0.309317
4.35961
-0.49679
-0.45231
1.56047
-0.213111
1.32638
3.52365
0.312277
0.800426
0.141184
1.44828
-0.651918
2.82737
2.38018
-0.613755
-8.71524
-0.406465
6.11705
0.00662106
2.69966
-2.08066
0.141829
-7.73009
-2.74848
-0.340787
0.147465
-1.45669
-0.356549
0.832515
1.88218
-0.647103
-1.4863
-9.0178
-102.023
-0.661053
1.79569
-0.0894583
6.0588
-0.650011
-0.667232
0.0535171
0.28264
0.462395
-0.489891
-1.5598
0.310821
-4.38086
-0.297363
-0.353443
0.030103
-3.59545
0.784358
-0.520365
-145.947
-0.500025
4.17426
1.70871
0.361505
-1.65191
2.55909
0.0254955
0.880897
-1.36259
0.893995
-0.163455
7.70696
29.0315
3.49813
0.267552
2.61199
1.38902
-0.150087
-911.978
-1.12917
11.4106
-0.775661
30.9652
0.140622
8.2788
1.04525
6.0458
-0.408715
1.63119
0.940628
-0.193624
0.519214
-0.486058
0.196686
-1.41465
0.310299
-0.991022
-7.56312
10.7
-0.713526
6.68045
2.08966
1.87473
-2.74968
1.52895
1.45927
-1.85228
0.956652
-2.3924
-1.08444
6.72421
-0.355535
-0.201682
0.205399
1.23581
-1.98154
-1.03134
-0.437577
1.01003
-0.667868
40.0212
2.00857
-0.061745
4.16258
-1.07464
2.97468
-3.36457
-11.9757
-13.4496
-22.0747
-0.681106
-4.11586
9.167
-0.868102
-17.2902
-1.00404
1.32038
3.55204
-0.0804778
-0.600149
-1.85297
-0.458619
-0.78685
4.82908
-0.860487
-1.00387
-17.3171
-0.0378494
-0.752135
1.39766
-0.00125496
1.92072
-0.313945
4.50985
1.20541
1.62266
-1.61044
0.679308
4.63079
-9.50047
-3.01453
10.5347
-1.5904
-1.68368
7.63773
0.392788
-2.1396
3.15142
-5.58989
0.512741
-0.670369
-7.10772
2.08503
0.194732
-0.750693
-0.652888
-2.34399
0.806526
0.378853
1.57455
0.489894
-0.0673453
0.480028
2.4821
1.56184
1.5938
-0.152884
-0.47292
2.29744
-4.31402
3.01
5.73897
4.72019
0.664897
-0.6517
-3.44478
4.23909
0.651669
7.34716
1.72853
-1.12565
-1.78185
-1.11329
1.21252
13.2888
3.96684
0.332635
-0.771837
0.394481
0.631845
-0.185852
-1.28401
2.00243
5.20701
-0.609465
30.4295
-0.255401
-0.396706
-0.468415
7.22226
-0.694264
0.676385
3.9369
-0.50972
1.2999
0.482505
0.408007
-2.13302
-0.445276
0.283282
-3.74518
-0.0459816
2.17124
0.450567
7.5463
0.246277
0.291932
2.47509
-3.40539
-5.44312
-0.982272
0.668125
-0.184222
1.22728
0.865228
0.440061
-4.21867
-2.90192
10.5075
-19.4019
-0.518079
-0.298282
0.0548775
-1.52694
3.35152
0.820604
1.97975
0.855124
2.14655
0.548866
1.03021
279.646
1.55936
0.804414
-1.54135
-1.09956
0.302128
-0.313735
3.82633
-1.11939
0.180345
-0.61999
0.698773
0.328688
-1.30542
0.02606
0.773349
0.39459
2.93456
-0.46124
-10.3099
1.47493
-0.615182
-0.141779
-2.01585
0.215757
1.26777
-13.9315
1.02139
-1.19414
1.98633
-3.86053
2.4731
0.965737
3.36568
-2.13615
-0.309215
-0.539755
0.73454
1.03098
-2.80118
-0.480704
0.620441
-0.930314
0.0224654
0.233819
-0.811453
0.58105
0.773778
0.661159
0.413784
3.84965
-0.787463
-0.271068
1.05389
1.06591
-2.10831
-1.93231
0.1476
0.487033
-6767.69
3.41935
0.20658
0.435101
2.73338
1.16764
0.218971
-0.748462
-3.8083
3.37172
-0.0480135
-8.77105
-1.20383
1.12645
0.0733841
-5.55366
0.279931
-0.763192
0.593926
2.93874
-9.56656
-0.464941
0.704716
0.632486
-7.59988
3.14491
0.427161
0.365465
0.922697
1.19549
0.732188
-1.5939
-0.258576
1.15842
-0.273363
-0.819984
-0.831178
-10.5179
-24.0296
-0.858125
9.75218
2.07204
4.11624
1.28881
-0.714841
4.63811
-0.458788
0.786005
-2.33692
2.19358
-9.87321
0.730495
1.66458
1.18991
0.336681
-5.17364
0.546358
5.14546
54.4326
0.159547
-3.726
-1.14976
-0.388144
1.63349
-0.316939
-6.79326
-1.10228
-0.890205
3.76612
1.5523
0.0212259
-0.592174
-3.51095
0.389713
-3.30464
0.230557
11.9874
-0.625512
-0.271812
-8.89402
-0.716754
2.64636
-1.11804
-0.966113
-3.31561
0.67627
1.3086
-0.767479
0.0798173
5.39127
22.8194
1.37603
1.8899
-8.34209
2.41265
0.326698
-5.82067
-5.39111
-0.862508
0.636584
-0.602621
-3.84161
24.806
0.150911
-1.57241
-2.6754
-28.5249
-0.118539
0.241728
-0.759399
-0.244026
7.8236
0.749885
-0.214094
5.8309
0.109758
-2.77306
2.94841
1.47507
0.383552
0.298014
15.7179
0.217158
-8.73955
-0.936165
0.300537
-0.529853
1.05513
-1.60662
-0.108513
-0.155774
6.31916
3.49935
-2.68398
1.49456
-0.267193
-0.756243
0.992426
-1.01808
2.89598
0.0747098
4.52569
-0.354938
-0.26676
-0.148522
-0.470147
1.44126
0.424162
2.38654
0.619956
-3.03722
1.01701
2.33057
16.1566
-0.279914
0.237482
2.58411
-1.09175
0.118097
-0.155945
-0.690257
-0.0437843
1.28602
-0.0977047
-1.484
0.438665
-0.777369
3.95439
0.980846
0.483722
-1.74574
-118.707
1.81788
-4.13867
1.86812
6.62824
-0.226203
0.0613135
-0.126724
0.291965
5.61858
0.0675792
11.4401
1.04607
-0.662199
-0.734989
1.30654
0.366953
4.35062
0.454759
2.07255
-0.329811
-4.55562
-4.00806
-6.85686
0.605448
1.62068
2.33306
-37.7912
3.18378
-0.134348
-0.915829
-0.17728
0.110255
0.75472
0.717875
0.68414
-0.275904
-0.316629
-0.652218
-1.95521
4.29657
-0.527135
1.8162
-0.847581
-0.135568
-0.692983
0.343471
1.4076
6.21681
-0.276951
-0.672499
1.08402
-2.22762
1.05171
0.720214
3.64521
5.08249
1.16561
2.35174
-0.824298
-13.2224
-1.18606
-0.508008
-0.677653
1.5218
-0.252676
-0.470825
-0.160947
-2.17189
0.749157
0.490367
-0.543131
0.0784944
-1.1505
4.87998
-0.00978389
1.27258
-0.65895
14.1403
1.07984
-1.99445
0.10464
0.615323
0.325137
-0.337977
-4.26774
-1.60314
3.22902
-0.000232523
-0.0849299
0.532437
-1.10833
2.74021
0.729131
0.251027
0.207677
1.37373
-0.070806
0.316345
-1.86229
-2.00487
-0.512083
1.01689
-0.0867367
-1.12111
-5.00944
4.58549
0.475067
1.24458
0.222957
-0.548084
-0.77255
2.20872
0.889807
1.15508
-0.854103
-0.838135
-0.791342
0.350857
-0.322905
0.204963
2.88057
-1.06799
0.520719
-0.129063
0.290669
1.16139
0.2588
-5.7344
-9.97957
0.487916
0.481589
1.67577
-0.289226
1.4963
0.402895
3.21317
-0.0772912
-1.3697
-2.73353
0.86861
-0.663366
-1.06283
-0.137871
2.45896
-0.433559
0.69422
0.574206
0.971509
-2.35729
0.0303588
-0.958063
-1.78383
-0.754273
2.08299
-7.20182
9.59881
0.18141
1.7419
4.20209
7.87014
-0.40403
-0.714065
7.79042
-0.674343
1.02564
-1.46075
-0.878031
-2.58974
0.0134826
-0.723444
-0.874276
0.189539
0.188916
6.8402
-0.00332791
0.665557
0.835874
-0.879667
-0.20008
-0.738134
0.634597
0.289528
-68.111
-1.79564
0.282348
1.16226
-0.30283
1.87145
1.75074
0.0224074
-0.237365
0.336727
11.8628
0.14786
1.99565
0.130387
0.872035
-0.430937
-2.14318
-0.47371
0.0352771
0.530593
0.12601
-0.16759
4.98455
-17.2328
0.0784568
0.919408
-0.557924
-1.63523
-0.349441
0.577148
-1.4862
-286.753
-1.02318
-3.18706
-8.95123
-0.655362
-0.866358
-1.19484
0.527061
-67.0528
3.26357
0.601478
-0.019764
0.305963
0.719185
-0.127759
-0.162015
0.336189
0.264982
-0.00727547
-1.55669
-1.02502
5.24713
-3.82406
-0.898679
-1.44272
0.736633
1.18762
-1.20794
5.92727
-1.20623
0.238584
-1.95743
0.412269
-1.88278
-0.209297
-2.21202
-3.38064
0.996796
-0.495139
-1.9836
-1.68069
-0.230113
0.603992
-5.66301
-4.2453
0.788418
-1.7905
1.13528
0.902986
4.61779
-0.471994
-1.45775
0.234875
3.1656
-0.648017
-0.967871
4.50433
-0.277214
0.185257
0.777479
0.136613
44.2213
-0.458044
0.927661
-0.166429
0.221053
0.788025
33.1182
-1.21885
0.60177
1.65226
0.002536
-0.254819
-1.27075
3.35853
1.53687
-1.32368
-0.901544
2.09902
-0.95584
2.00997
-0.486182
-0.198735
-0.230944
-0.803303
-1.4488
-0.405574
-2.01318
0.631305
-8.1016
0.252293
-1.35257
36.4946
0.00337406
-1.73808
1.13763
4.00304
-1.33487
0.560378
0.670203
2.48302
0.725868
-10.6241
0.906458
-0.228554
1.12146
10.4465
-0.153144
-0.629138
-9.37687
-1.75355
0.789898
-4.76031
-1.17803
0.336074
0.464815
-0.168408
1.45666
0.491994
-0.245623
-1.22203
9.28309
0.141361
3.09386
-6.98033
-10.5034
-2.72832
-0.235639
-0.697692
-2.11066
-0.506244
-1.99752
-6.24174
5.93235
2.81672
3.60907
-2.04695
1.74842
-0.94331
-2.24106
0.00137818
0.708791
-5.70071
-4.49552
-1.71955
0.569603
-0.516488
3.16539
-1.47068
-0.947024
1.93437
-14.0267
1.39306
0.592771
0.0506707
7.66012
-5.83495
-0.855779
0.270381
0.177454
-7.96385
-0.393047
3.55676
3.29681
0.0139611
-1.1557
-20.0417
0.277204
0.488928
46.7871
-0.2457
-1.90282
-58.0077
2.77283
-0.375404
-0.230837
-3.1826
-1.48104
0.320128
0.103009
-0.858125
-0.321872
1.9928
-0.491643
0.348067
-17.7161
0.0633891
-0.02691
-2.09545
-7.9709
0.0242795
-7.39545
-20.2926
-1.92659
4.92079
0.917259
-15.637
-2.03541
4.3271
1.60974
-0.907354
0.955676
-0.0209915
0.0257566
1.17774
-1.66837
0.0237479
-0.899238
2.38326
-0.0446131
0.80671
-1.95562
0.132529
1.70413
0.131918
-8.94632
0.709679
-8.8137
0.969934
0.491572
0.285711
3.11076
1.69252
-0.456983
-0.250351
4.40568
-9.62243
1.70203
0.630153
0.139005
2.2565
-0.0146711
-1.53983
0.280708
2.49249
3.09034
1.71018
0.305155
0.514529
0.322708
-0.156684
-0.235355
4.0016
0.820043
0.388701
-20.2943
0.172289
-0.81097
1.41721
-0.583465
-0.334865
-0.682142
24.4101
1.02221
-20.9271
-17.2674
-0.124824
0.639621
4.58931
0.478382
0.0751938
-0.33864
0.365643
-0.245961
-2.78221
114.233
-1.20259
-6.34226
-1.94306
0.746824
0.746551
-2.93982
3.70669
-0.663751
0.34524
-0.735628
-0.600234
0.0247914
-2.98254
-1.74836
0.375926
-2.31288
-1.00044
-0.412987
-0.448109
0.098158
6.10957
0.337083
0.727787
0.354924
-13.6728
5.85903
-2.12125
9.03998
-3.49576
-4.21381
-0.567192
0.020241
0.297504
1.4861
3.25146
0.554131
3.35037
0.721088
0.60813
-79.4841
-0.59403
1.35958
2.46264
-1.90209
0.163679
0.56549
0.802209
0.821273
-1.50368
-3.58157
-1.80049
-1.31287
1.62567
1.4592
-1.42105
-30.9548
1.01384
0.1511
-1.21814
0.613286
-0.354123
-1.03743
0.425557
-8.98221
1.44568
0.166459
1.015
0.0493774
2.0493
-0.599709
-2.76953
0.384575
-0.0130221
2.99273
1.58496
0.0701555
3.68714
1.25369
-0.475968
0.412774
0.505083
-1.24303
0.252311
-1.68532
0.739279
-2.61464
1.08423
-3.54627
0.391297
1.79454
-1.46712
-24.6333
25.9091
-1.29476
2.58262
-6.93883
2.05918
1.38414
0.955673
4.36513
-0.903913
8.61948
5.16919
-0.0965258
0.854757
0.731402
-0.769743
-85.9525
-1.05016
4.48897
0.49083
3.29211
21.1872
2.56003
-1.78057
-0.776733
0.00279299
-1.89851
0.921917
-3.6499
-0.858495
-0.134888
-4.43491
0.169095
-1.49542
11.5217
1.94907
0.0950874
41.093
-0.260676
2.90359
-0.427343
-9.05939
-5.60586
0.242432
2.38528
0.311904
-1.52223
0.0164565
-0.479298
2.56715
-0.537751
-0.308506
-0.882438
-0.0643668
0.596403
2.25696
0.396333
-0.769941
3.02196
-0.425461
-0.32878
6.8735
1.96948
-0.102819
0.514771
-1.21727
0.250985
-0.797851
-0.038964
-0.404629
-0.803454
-0.140432
-2.58603
5.60904
-3.45191
1.06468
1.67264
0.348786
-2.39588
-26.4935
1.58658
0.286748
-4.23671
-0.480328
1.27149
-0.386166
0.173389
-2.97542
4.67821
-0.273549
0.0497283
-9.90812
0.354734
-7.52331
0.926713
-3.07414
0.385029
-0.391164
0.998584
-0.45767
0.420238
-1.45791
-5.59921
-0.382406
-0.559379
-3.0336
-1.85299
-0.190368
-1.4393
0.564804
-1.74568
-0.188982
1.2467
1.30204
-1.62545
1.99433
21.6901
2.55135
5.93186
-1.19725
-0.710802
0.574439
-1.39828
-2.26929
1.08708
0.472838
0.523182
-1.51095
0.572918
4.54886
-4.91325
1.39082
9.64572
-1.22234
1.40688
-1.73846
0.412902
-66.3018
3.19789
-0.0645473
-1.48567
-230.639
-0.527526
-0.97958
-0.134519
1.5863
6.71441
-13.5631
2.12735
-0.876589
1.75711
-0.476233
27.898
0.0266132
0.525452
-4.59769
0.669582
-0.3752
-0.808068
-2.89947
0.822328
0.226922
-1.15753
0.123557
0.242366
-0.842317
0.504802
2.91399
0.0477833
-1.20232
-0.439026
0.00533406
0.440176
3.1796
-1.977
0.777884
-1.57298
0.367677
0.54425
0.971512
0.352482
-27.8359
0.867221
-4.38063
-1.24461
-26.4663
1.47633
-1.61657
-0.892272
-2.72026
2.37348
6.03266
1.31301
-0.637294
-0.519878
-0.802548
0.417263
-0.408979
3.12158
-2.45628
0.43788
0.955531
2.3207
0.904537
-1.04324
1.11159
30.6729
0.535528
-0.17041
0.0793365
-0.859904
1.4971
0.862191
-0.599178
2.63514
140.153
8.50637
-1.77619
-10.7706
13.3275
5.28727
-78.5261
-0.692896
-0.277261
-0.820868
5.06252
0.793133
14.6042
3.24004
14.5337
-2.6549
0.17115
2.18585
-0.270144
-0.22693
-1.53522
-0.823362
0.338196
6.9832
-0.456326
2.2054
0.163832
-0.967168
-0.584952
-0.59149
-0.202478
-0.930969
0.676403
-0.774415
-0.322034
-8.65359
2.3611
4.29956
-0.370863
-4.75365
0.261175
-2.14592
-2.88012
0.0323023
-1.541
-7.78005
2.20189
1.4712
0.0669297
-3.76638
1.23477
-0.261073
-0.707891
-2.21972
-11.233
6.54
-3.81922
4.53364
2.224
0.0280021
-0.366765
-0.537543
1.19325
-18.5738
0.498638
-0.553211
-0.22029
4.17646
-2.54062
6.67074
-0.742864
-5.97691
-0.173996
0.283469
-2.77272
-0.369244
-0.160996
-0.462672
0.0905065
-5.82746
0.904515
-1.28388
0.919087
0.422924
-7.6324
0.395273
-2.17417
-141.281
3.64602
0.911669
1.9437
0.124554
-0.584681
-1.93771
3.42519
0.283765
0.812864
0.725352
-4.94623
-3.7724
2.31719
1.22852
-1.00173
-2.2602
0.032363
0.388323
-0.390131
-0.567707
-1.51015
2.93326
0.961469
-2.69815
1.03794
0.0802527
-0.286195
6.12389
-2.17916
2.50361
0.0345008
2.96435
-1.13179
0.232868
-17.8746
1.07996
-4.59119
-0.313481
-4.80799
1.31537
1.26947
22.66
-2.10081
0.972376
-2.05022
-0.953616
0.407647
-3.84971
0.036342
-5.29561
1.26605
0.714607
0.590769
1.048
2.39493
-0.132966
-0.0895095
-0.376879
1.44872
0.13889
-6.06903
-0.611708
1.45006
-0.794143
-0.473532
0.17071
0.213723
0.102667
-0.552984
-1.47826
-0.620315
1.92548
-2.12993
0.412574
0.603219
-2.29939
1.55646
-1.33525
0.511456
-0.37764
-1.40672
0.534848
0.826386
-5.10734
-0.323578
-0.833875
0.985476
7.5805
-4.68843
3.45825
0.183121
1.4741
-0.237496
0.118384
-3.37246
-0.493674
-0.994168
1.48052
-0.578524
0.837568
-1.84419
-0.223988
1.34489
13.5478
-0.105296
0.721999
0.0788769
-0.852215
-1.24514
-0.113145
1.37862
0.0132915
-18.8851
0.616639
-0.599096
-0.8795
-2.40458
-0.487617
-0.197827
0.554773
0.822946
0.362403
0.31616
0.868607
1.90006
0.152311
1.83571
-0.321231
-0.665124
34.9346
1.62912
-1.06087
-2.24454
-0.957098
-4.76421
3.53897
-0.406513
1.23862
0.245395
0.890728
-0.309644
0.230894
-3.09034
-1.28116
-0.479146
2.42706
2.62311
-0.15475
0.777563
-0.608542
-0.0724499
0.327321
3.10373
1.69193
-0.0684051
1.32171
1.23276
0.755916
2.4409
1.20452
-0.175734
0.577057
3.5547
0.985145
-70.2287
-1.07535
1.66769
1.0749
-1.6267
-1.62862
-13.9119
-0.19277
-11.2091
1.23541
-0.206275
0.0250493
3.90081
0.864983
0.0253154
8.40207
-0.617193
-2.18568
-0.621505
-0.76659
0.89267
1.76315
0.66371
-0.758441
-2.39315
1.27323
-0.124792
-0.0271145
1.08149
-0.547145
-0.513769
0.640406
-24.9406
-2.23626
2.53649
0.896452
1.17084
-0.20003
-1.78704
-1.91588
-0.204796
-2.82023
-0.473442
-0.553497
-0.362914
3.55839
-234.94
0.754998
0.108679
1.52824
-0.874895
24.7675
-2.45199
0.223782
0.678937
-0.211599
0.118181
1.59789
-2.80367
0.648464
2.57977
-0.0223134
-0.191617
-0.558188
2.08088
-0.766045
0.167943
-0.420481
-0.407555
-0.0907754
-0.218918
-1.39086
-0.608611
0.461261
8.96498
22.0894
-1.01625
3.01865
-0.305956
0.0333178
-4.26992
0.462225
-0.168956
2.46754
1.32072
2.23062
0.0728409
-0.0312172
0.352464
-0.488443
0.362931
0.0146094
-7.7138
5.84802
0.479859
-0.0495956
0.261402
3.05704
-1.59956
1153.3
0.884669
-0.281688
-5.32186
0.37684
1.14621
-0.595134
0.361959
-0.113
0.908572
0.758856
1.023
-0.415814
-0.772388
-0.704257
-2.47459
-12.919
-0.0822963
-1.76764
0.814222
0.496285
-0.564578
-0.438683
0.458435
-1.39506
11.4362
-3.08249
13.9206
-0.295671
-6.13735
0.622664
1.05139
-0.7346
0.864893
-0.186981
0.443852
0.687556
0.653137
-0.535751
0.143214
-0.0533704
-0.164179
0.762108
-1.6548
7.46476
-8.4545
-1.01204
0.879039
0.928106
-3.82475
-2.99675
-0.373527
-0.0425547
-5.36845
0.669105
-0.279151
-1.10594
0.494949
-3.02106
61.8452
-0.795092
0.667057
-3.60608
-2.34561
0.855611
2.88246
18.7479
1.24287
0.406648
0.964985
0.569549
7.01057
-0.824308
-0.727753
0.482506
0.224058
-113.296
-0.175066
-0.199707
-1.10784
-0.540187
0.364148
-1.58669
0.823364
-2.21839
0.205277
0.829856
-0.216256
-0.0834872
-3.76482
1.13714
0.0735085
-1.39854
2.29303
-0.433812
-0.00508049
-0.878178
0.0487386
1.6883
0.564946
-0.249942
-0.317967
0.814559
2.09558
0.520785
3.03594
-0.0718722
2.43455
-1.69502
0.557775
-1.09058
-3.26714
3.94679
0.459682
2.49238
-1.62044
-0.575697
-0.253254
-18.8719
-0.105982
0.830509
1.51294
0.0494803
1.45078
0.351127
-0.836792
2.96817
0.81539
-0.279278
-2.96517
1.69023
1.90456
-0.62176
0.264566
1.71515
0.0459597
2.82278
-1.93559
0.0762903
1.27189
-3.79636
-0.863406
-1.4252
-1.05648
-0.284151
-0.680257
3.35244
0.636899
0.609207
-4.21746
0.858913
-0.0269549
0.828878
3.97023
-0.370691
-0.0983464
-1.79396
1.68177
3.59929
0.714211
1.50383
-0.342386
1.7453
1.45645
0.0143355
0.0808098
0.784332
0.0881585
-2.09913
-0.486791
2.04302
8.65166
-0.0716327
-0.670193
3.22222
-0.399105
0.600875
-0.128635
-2.44419
19.2386
-1.40133
-4.57437
0.0836659
0.370099
1.2781
-1.22514
-0.601992
0.399589
3.46845
-0.757595
2.15806
0.121969
0.441762
0.251971
2.81533
0.759431
-11.2738
-41.468
0.619169
23.8146
-0.358132
0.689883
-0.380148
0.483095
-8.88602
-1.6907
-0.181906
-0.815553
1.59948
0.731236
0.533476
-0.0433022
10.7455
2.3424
-0.0507065
-2.12556
2.60677
7.59835
-0.296078
0.419912
0.672107
1.68842
1.10137
3.27914
-10.3335
-29.3542
-0.408742
46.6348
1.39232
-3.86973
7.98555
-0.612282
1.29837
0.717526
-0.371267
1.09458
-0.022271
1.74882
0.251391
0.339721
0.10834
-0.959387
0.219158
0.945278
1.23377
-0.464568
4.23188
-0.897744
-1.434
0.22689
5.48401
0.841758
1.25946
1.32425
-0.433403
3.92628
2.64987
0.236911
-0.637847
-1.79891
0.13838
0.634133
0.267676
-0.0683243
-1.39953
-0.0782756
-0.402455
1.34961
-0.218083
2.17176
-2.37394
1.30199
-1.34552
-1.80512
0.631359
0.164354
-1.72081
-7.82289
-0.0288604
0.668027
0.317742
-0.681065
-5.36695
0.700865
4.37153
0.138985
-1.1072
1.74019
-1.24154
2.97154
6.9808
-0.490985
-0.581899
-0.068874
1.25539
-0.205152
-0.393055
-1.74979
-1.34886
-6.2648
-3.47926
0.322378
-0.223815
-0.780008
-5.27216
-0.229848
8.6195
0.644988
3.7019
0.378987
-2.19428
0.156592
0.57991
-5.34143
19.667
-7.74641
1.16561
1.40738
0.296271
-3.14769
0.241762
-0.766788
0.273098
-0.472031
0.686862
0.347673
-0.467251
0.246364
1.95847
-7.1044
-0.526968
-4.15228
2.36463
-1.68513
-5.0468
-0.389884
-1.06324
-0.304554
-1.4121
0.61274
-36.2173
0.306592
-0.0863273
-1.65816
1.3183
0.654765
-0.151624
-2.23537
0.550521
1.85257
0.417939
0.234941
-37.0738
0.0839547
0.173573
2.6485
-0.36036
4.06176
0.482301
0.0722466
-1.15081
0.13187
-1.71451
-0.457494
-2.49687
-0.854528
1.11931
-0.735223
-1.69501
-0.161051
3.02468
1.94531
-0.49088
-0.450296
0.142433
-2.38841
-0.466554
0.290842
-0.498309
9.27833
1.955
-1.92308
1.17401
0.275752
-0.7477
0.232702
-1.43783
-5.50156
-1.8162
-0.746743
1.12641
2.1367
-13.028
0.216196
-0.490256
-2.08465
0.15682
0.990171
-0.53087
1.10766
5.59407
-0.0708095
-2.43547
-0.384861
0.522568
0.34596
-0.531195
-0.572993
0.315565
-689.024
0.0587041
0.74691
0.620654
10.4348
0.863537
-0.0321458
9.29258
1.1119
0.254182
0.474834
0.522075
-1.71612
-0.433161
-0.907099
0.179086
-0.780105
0.0985201
0.0527221
-5.71617
0.91417
0.65013
0.600046
-5.58008
-4.1791
1.13062
-5.27513
-2.60436
-0.233249
1.4986
2.99224
4.06516
9.44182
1.35505
-11.6862
2.35456
-0.133825
-1.4157
0.683406
-1.4951
-0.705159
5.64984
-0.426497
0.191511
0.510992
1.04688
-3.95031
-0.285813
-0.0651644
-0.114326
-0.105933
-1.47934
1.01898
0.256916
-2.12137
-0.00949677
1.53189
-1.93672
5.92847
-0.809898
0.795351
-0.322252
0.859476
-0.728493
0.267154
-0.13205
-3.25467
1.40521
0.559528
-1.70926
3.33582
4.78606
0.650011
-0.906088
0.552875
6.29935
15.4569
0.372746
1.38644
-0.834095
-1.28982
1.03899
0.256721
1.86428
2.32525
4.68551
-2.70038
0.134548
0.0706759
-0.212887
4.70007
-0.826676
0.0800871
-10.2514
2.47585
1.08185
-1.04689
72.0477
-0.267938
-1.93926
0.648072
-0.50025
-1.93249
-0.186233
2.43186
0.372966
1.01392
-9.35153
0.425809
-2.41478
0.59304
0.00930988
0.105172
2.10602
0.340445
-7.43319
-0.0485639
0.950441
-1.08
-0.488726
-21.1977
-0.650418
1.51228
-0.183753
-9.41027
-2.06951
2.72773
0.89234
-0.837948
0.578583
1.52207
-0.557113
4.30694
0.309178
0.962853
-2.15623
2.35626
-0.812449
-1.25794
0.964064
4.19837
-3.20019
-1.37499
0.920365
1.15358
0.628552
0.277609
-2.16292
-2.23908
1.16403
-7.75791
3.26002
-9.78508
-0.545328
-0.158313
0.517374
-2.84197
-0.317619
-0.406925
0.0310803
-2.15455
-1.74354
13.4567
1.06031
1.71234
0.796982
0.926012
0.985499
-0.729617
-0.458256
0.898321
2.30191
-1.34454
-2.76659
-0.542141
0.335826
-4.03605
0.387589
-0.526902
0.681461
-1.37025
2.61217
1.69888
2.42082
3.87974
0.814199
0.8965
0.556482
4.49636
-1.0968
-2.12354
-19.3505
-7.89223
-0.644633
-0.631252
3.64208
0.701031
-0.00294137
0.640474
1.60419
1.46961
-1.32049
4.02364
-0.618944
-0.591642
4.56076
0.218382
1.01274
0.383312
0.594548
-1.21147
1.47205
-0.213721
4.81809
-7.17263
0.553793
0.171705
0.885061
1.35896
5.05152
0.271319
0.500726
0.377856
12.1944
2.14587
-0.605644
-1.83863
0.451555
0.510849
1.2364
1.24672
-1.98776
1.22082
1.73397
5.75929
-8.98477
1.2726
1.60434
3.33362
0.414739
3.7534
-2.87787
0.202597
0.546809
-8.02292
-8.19047
-0.868885
4.51963
-1.07901
-0.454952
-0.940461
100.03
-1.76479
-2.55762
0.569079
-0.119526
-0.386986
1.24628
1.64312
-1.45485
0.0737585
0.858266
0.351161
-1.18838
1.56666
0.581724
-0.128975
1.32491
-0.994557
2.18913
-1.80156
-2.80066
-0.107368
15.4916
-0.352801
-0.192193
-0.0931736
-1.09793
-1.52397
-139.338
-0.283088
-0.476867
-3.59621
6.17514
-1.80409
-0.514848
0.0926555
-2.08443
0.678373
-2.35869
0.182778
0.392847
-3.16879
-40.5127
-0.0347458
-3.75475
-0.544642
0.288221
-0.416375
0.715985
0.442012
3.06154
-1.3964
0.13067
-3.74174
-1.11759
-0.952379
0.454344
0.369599
0.579312
7.2876
0.731962
-0.383541
0.0443745
1.10937
0.0685353
0.479287
-0.285279
0.0222644
-1.63768
7.1107
-2.20008
-0.657241
-26.5321
-1.64977
3.77018
0.106708
-2.78651
-0.238169
0.108081
-0.52022
2.80244
-3.9801
2.53039
-1.58438
0.597604
-0.0541311
-0.900381
0.282802
1.04465
4.92905
0.0174298
0.0321815
-5.28384
-0.585022
0.346039
-0.519482
0.184674
0.313983
1.97707
0.237559
-0.750768
-5.97384
1.16721
-0.845755
-0.0829648
0.54174
1.24407
0.333634
1.41518
-0.194327
-0.47309
-0.253767
8.58226
-0.428117
0.204524
-0.451533
-0.102782
-0.503414
-0.666324
-4.66541
2.91282
0.262751
1.11071
4.65902
2.23335
5.26413
-13.5778
-0.12612
-0.85046
0.363194
-0.54993
0.338758
1.02371
-0.523755
-0.0144627
0.0461027
3.63623
1.42364
-0.049566
-2.03749
0.300579
-0.158392
-1.12876
-0.419852
4.81816
-0.571219
0.209925
-0.18332
-5.67843e-05
-1.4392
-0.132631
-0.0361115
-6.27101
1.76858
1.60543
0.262754
1.84617
1.00384
35.3081
3.39209
10.601
-1.33351
-0.470105
1.18022
-2.42759
1.31893
0.829984
2.50699
1.82861
0.249122
27.3166
4.61771
1.0465
1.31596
-0.314166
-0.826118
1.52147
0.763453
0.0171102
-0.578406
-1.11982
-2.43326
-0.724943
0.696888
5.22241
-0.171671
0.667197
4.07331
4.70132
-1.64907
-4.77946
-0.13925
1.59247
0.555946
-0.72127
-0.257845
-15.0805
-7.43445
2.85681
-0.311648
-0.529417
-0.667716
0.346213
-0.0612471
-0.126019
-5.64284
-1.15315
5.04906
-0.476644
-1.58104
0.534906
5.2064
1.07012
3.05876
-0.636676
0.480634
0.200054
-11.2319
0.779143
-0.021105
8.29619
-0.037844
-2.84955
1.49134
-0.00699997
-0.0339708
-0.380103
-0.270354
7.36628
-2.01393
-0.396161
1.67545
-1.59485
-3.34246
-2.85706
-7.74858
0.928566
-0.38306
-0.948068
1.33621
1.00095
-0.350283
-0.353058
0.69413
1.08623
-6.38532
-0.936553
3.91171
-1.59012
4.62546
15.8133
-0.040846
-0.140795
6.28988
0.571234
7.40082
0.959716
0.563498
0.655201
-3.19093
-0.425326
1.0155
-1.4668
-0.128003
-0.626459
0.479968
1.05426
0.0694845
0.472386
-1.26193
4.03033
2.05649
-7.70578
0.322487
0.958332
0.321552
-2.28992
0.920296
-13.8293
0.564051
-1.21359
-0.866237
4.29289
2.99736
0.983664
1.6932
0.646
0.0346006
0.996985
-0.980446
-0.134033
0.0688206
4.14175
-1.57672
-0.610521
2.04133
-4.82989
0.327264
1.02649
-1.6896
0.200556
-0.00923607
-2.02326
0.574353
0.689253
1.77487
-0.501611
-0.577747
-0.148673
-0.710988
-1.08192
0.649174
0.438207
-5.52008
1.04646
-6.49256
2.26595
0.0981929
-0.946143
-0.509933
-0.382442
-2.82217
-0.0951162
0.923143
0.157833
6.47106
0.32069
-0.34457
-3.03235
1.06852
0.619123
-0.110584
-0.847323
-2.7129
1.41575
-0.148172
-2.31282
1.36766
1.53729
0.447679
-0.270779
10.6984
2.14909
0.255519
-0.501439
-0.410603
-19.2016
4.04072
-0.593552
-7.53743
5.86397
2.26685
0.509289
1.3207
0.446719
-0.87997
-0.905539
-1.82009
1.4001
1.24347
0.534214
43.0351
-3.51446
-0.0659693
0.968126
5.07011
6.56786
1.29819
0.157089
0.412983
0.395585
0.15165
1.51845
-32.7978
7.99477
-0.752974
-0.288545
0.167763
-3.5811
-8.52323
-0.667256
0.759127
-0.383455
0.288522
0.480132
-1.45949
1.90557
-0.473457
-0.694812
-0.436647
1.08214
0.600701
-1.41423
-0.623564
0.450229
-1.31653
1.61294
-0.602744
-1.0853
0.272124
-1.79623
3.49885
4.98613
0.414702
-0.635145
-0.996376
-0.199093
-0.40128
0.01281
339.172
-0.983822
2.77809
0.0648049
0.564736
0.465488
2.0872
1.54351
-0.108316
-0.570263
7.74222
5.70231
0.0718968
-0.752809
0.284022
1.14993
-2.32659
1.08832
-0.432843
0.320969
1.62611
-1.22414
0.197001
-0.0459955
-0.403842
0.245049
0.358373
15.821
0.701807
-0.691936
2.75939
4.3011
0.439582
-0.053544
-0.138184
1.42452
-0.0243875
-1.68411
-1.10164
7.6328
-1.47838
-0.644972
1.47207
0.694232
0.52563
1.81124
0.604022
1.53336
-1.12764
0.506331
-0.17554
-0.587751
-0.253535
1.40027
0.668423
11.6485
0.0847109
-0.702012
0.871253
4.70049
-0.387113
-3.4357
-1.89036
4.66146
0.134028
22.1213
-0.503606
0.360319
46.3462
0.813176
4.13869
13.4191
0.152505
-19.0254
-0.487484
0.301225
-0.213197
-5.28814
-1.43616
-0.588047
0.373011
3.23234
0.925722
0.0805285
6.82982
0.294905
-3.83328
2.6448
-0.241204
-0.725951
2.66813
1.97228
3.56174
3.16765
-0.634488
-0.792481
0.959915
-1.7706
1.5725
2.30003
-0.11234
-1.91606
-7.78864
-3.22971
3.78537
0.821196
-0.280285
0.240243
-0.676646
-34.0342
-0.0432771
-1.25564
-1.14173
0.906379
0.947658
-0.622957
-0.934798
-0.0589659
-0.21276
0.0755989
3.3625
0.560471
-0.698069
-0.543599
-2.14024
-5.28373
-0.0184208
11.9141
0.0608005
-1.28919
-0.286138
-4.03339
0.0704911
-0.587563
0.647842
-0.722839
2.04269
-4.77215
-3.57457
-0.0828885
-4.60857
0.365089
-2.27547
-0.238881
9.75482
-0.468959
-0.989428
-0.345084
-0.93429
0.517244
-0.746108
-0.746102
2.05576
1.09259
0.126907
1.46613
-0.525557
-1.48995
0.648922
-0.323717
-27.7939
0.725657
-7.42677
0.108921
3.41536
-0.990174
0.267254
-0.240417
-0.946597
0.933983
-17.0616
4.23814
-0.803435
0.285762
-0.509262
-0.809152
2.6337
1.38871
-0.40951
-0.190081
1.197
1.7327
-1.27534
17.5974
-9.17982
-5.7586
-0.314786
-0.970283
0.512733
5.1432
0.27829
-7.61888
3.69773
-4.24103
-1.46602
0.156026
-0.637582
1.302
-1.78877
7.28853
0.200297
0.0525274
-0.144039
-1.351
0.128385
-0.644043
-0.214219
-0.600875
-4.57951
0.408301
1.15354
22.386
-0.0533869
-0.956885
-7.78127
-1.25765
0.36644
1.93034
0.999212
0.523845
-1.44831
0.357439
-0.317936
0.473362
-0.431088
2.64853
-1.54965
1.03027
0.646904
-11.322
0.424978
0.0274278
-0.116963
-3.24701
-0.319986
0.412131
1.05727
0.500613
0.327478
-9.01726
0.231616
1.14656
0.563648
-1.47385
-1.68333
-3.44121
-0.599678
-0.0172529
0.141268
0.682391
0.915073
-1.73045
-0.33258
-0.181216
0.0287745
-1.49547
-1.35695
10.6064
0.410987
0.520565
-0.223526
0.850506
0.555847
-0.074737
12.6276
-0.7649
4.62484
-2.5843
1.02666
0.26782
0.0941135
0.0488774
2.65878
-0.803364
0.174188
2.15128
-0.469518
0.812848
-0.557544
2.44547
-0.134562
0.71293
-15.7366
1.99008
25.8694
0.0212197
-0.666907
0.136205
-0.000900613
-0.584207
-5.37772
3.45011
0.614159
-0.679189
-0.429729
-0.535584
0.83335
8.17125
-0.262947
-0.579235
-3.21845
-0.995517
0.599928
-2.44438
0.442799
0.602292
2.62296
-2.22577
-0.0821693
0.119685
-0.385135
13.996
-4.53819
-2.17659
-0.236367
3.21353
-0.338314
-0.521621
-5.18015
0.331136
-0.568165
1.6418
-5.91887
-0.00848793
-0.317739
0.0496801
3.52806
0.578915
0.253508
-1.96728
-0.392642
-1.09823
0.668276
-0.634628
-0.962513
-1.66665
-2.94654
0.580801
-0.134996
-1.88557
-1.29099
-6.58615
-0.0375709
3.50703
1.72877
-1.0376
0.50066
-0.87455
-1.6968
-2.79404
1.74467
0.682656
0.727755
8.17794
-2.76793
-3.96562
-5.96017
22.747
2.19072
-0.141608
14.2217
0.0217473
2.19258
0.00616575
-1.45989
-0.274085
-1.68722
-4.08298
0.0873906
-2.44513
-2.20755
-0.231071
-1.38743
-0.0616461
1.74893
1.29386
0.7022
0.810478
0.00761449
-0.144034
8.89137
-0.417081
-0.614162
1.94159
6.24778
0.170085
1.03292
-3.27257
-2.3525
-0.511222
-0.248904
-1.00628
-2.21682
1.97292
-0.0243476
-4.16231
0.791909
-0.213819
1.40892
-0.624278
0.826082
-0.729021
0.0105227
-1.23539
4.85531
1.89372
3.16847
5.74161
0.508161
-3.70725
-0.382623
0.516945
1.3095
-1.42647
0.380383
-1.37753
2.47566
-0.446371
-0.165104
-5.87421
-0.150488
0.0967412
0.447016
-0.608438
0.842684
1.95325
-2.72562
1.05236
1.24922
2.95483
1.31011
-0.342342
0.551363
-1.30478
0.454568
-23.1137
8.61987
2.04594
-0.320657
0.614052
-0.683324
3.43515
-0.558307
2.30495
-0.0965413
0.737633
1.21023
-0.890282
-4.37867
1.25979
-1.80875
-0.030929
0.330375
0.810873
-1.22179
1.36286
0.306016
-0.897878
-1.07112
1.0738
11.5122
0.318566
-0.37737
1.34739
0.979166
-0.36015
-0.93508
0.211594
-5.86384
-0.0169669
0.250047
1.00522
-2.30756
0.705359
0.999212
-1.52292
-0.610267
1.22736
-1.35257
7.63948
2.251
0.391393
1.02858
-0.269592
-8.61753
0.660858
0.352922
1.03052
1.3797
0.443844
-0.169424
0.981665
0.489385
-1.05702
-0.108616
-1.26254
2.75533
1.53877
-0.016119
5.73858
1.27954
0.420987
-0.134165
-4.67691
0.539006
-0.841557
0.191834
3.72309
-1.51633
-0.38795
0.308551
-0.446599
-3.51294
-0.721369
-0.245308
156.641
0.494818
0.898712
-0.504471
0.66552
7.98109
-2.61578
-0.481202
17.2767
-0.0582802
4.4125
-2.89975
2.30377
0.471621
14.6867
-0.57067
14.343
-1.2619
-1.33653
-0.680701
0.352893
-0.783296
0.21694
-3.78153
-1.01182
4.23335
1.43545
0.359241
0.6875
-0.0119303
1.0176
0.431336
0.619795
-0.435924
-0.16077
20.6123
1.00159
-0.665483
0.752897
-0.168404
0.832797
-0.188287
2.18656
2.68053
-1.78261
0.49637
-4.82351
0.36995
-0.405047
-0.0501747
1.78418
-0.0123517
-0.340581
0.147299
-0.432506
0.0619736
0.0415695
-1.59626
0.36607
21.2763
1.87382
-1.30522
0.821699
-0.417874
-0.68176
2.7877
-1.10012
-0.848086
-1.66588
1.36691
-4.07711
-0.804133
1.2349
0.253568
-0.0560096
0.764695
0.090652
-0.865538
5.04487
-0.0650246
0.506699
-0.284704
1.8202
-0.0486677
-0.860481
2.11561
-110.601
-32.3117
-1.15969
0.956716
0.9444
-1.37827
6.76768
-0.352468
-3.17733
-0.18674
-23.7626
-158.808
-1.25913
-0.309508
0.918351
0.737541
-2.07105
0.766904
-5.23605
-0.640887
0.527904
-1.41527
-0.695479
2.99057
-2.32806
-0.316823
-1.01745
-5.21458
1.46956
5.44658
1.00009
-0.860763
-0.0834528
2.10871
-1.80245
1.40534
1.09112
0.458649
-0.676577
1.4102
0.747635
-0.984103
5.40484
-18.8351
0.143872
1.64942
-0.212321
-8.36783
20.3415
-3.10339
0.97303
0.731307
0.223393
0.180289
1.54132
1.7516
0.48628
0.918731
-0.38635
-0.963716
3.47561
-0.00584651
-1.07276
0.663083
-0.750669
-0.538118
2.28703
-0.13064
2.75421
-1.67942
-6.19715
1.03516
-2.14729
-0.245789
-0.0726231
-0.850391
-0.0795507
1.41414
-13.2859
-1.00028
-15.2413
1.89535
8.87715
0.381371
2.65949
-0.924464
0.0120613
1.20012
-0.666245
0.550351
1.71675
12.2146
-49.1161
-2.33205
0.707209
-0.942796
0.845793
-3.48871
-0.849636
1.34604
0.243949
0.21365
1.31896
3.30485
-12.9921
0.381294
-0.813535
0.322176
-0.34911
5.49983
-0.635237
-0.256166
1.47424
-0.637557
-1.46724
-0.308115
-0.608196
5.40546
0.685241
-0.947852
-0.138341
4.76939
4.08892
1.74763
4.28346
-0.423066
2.10305
-0.163202
-0.342014
0.547589
-18.2149
-2.69893
2.65311
1.86265
0.0143101
-1.21318
-1.70983
0.297327
-3.96165
0.598833
-1.48341
0.0761482
-15.4182
-0.0100851
0.947986
0.596475
1.16454
-5.10157
0.219497
2.96796
-2.64005
1.47102
-0.25638
2.63585
-1.86233
-10.968
-0.228897
-0.278899
-1.64497
1.84663
-0.470429
0.875093
1.74288
1.03114
0.315065
0.0707902
-1.68171
19.9891
0.828403
-2.37212
3.2473
-1.04471
1.15521
7.8496
2.87972
-0.154079
0.214678
0.036
0.64029
0.299813
4.67158
0.217293
1.67644
-28.1928
-1.80747
4.92715
0.826393
-5.24154
1.72241
-2.73771
-0.0411749
0.0973493
1.18684
-0.00638301
-0.710099
-0.656793
0.589266
-0.373412
2.4158
0.342247
3.37582
-0.943128
-0.0792804
1.60128
0.717903
0.118909
0.0238849
-5.22956
-6.11617
-2.48023
0.667677
-0.0015665
-0.682517
-0.100367
-0.12226
0.167445
-1.68764
1.56936
0.246761
0.0497411
-0.241834
-1.11979
-0.0540043
-2.59606
-0.273854
0.667979
-6.70511
0.375714
-1.6109
2.3871
1.49626
-0.232082
0.43756
0.0901203
7.83299
-0.0590229
0.102773
0.197874
-0.614157
1.11772
3.49211
-1.91627
22.3763
0.578453
4.84888
0.426063
0.208425
1.62652
2.96097
-1.60061
0.0362243
-0.893206
-0.161754
9.24775
0.12309
2.62507
0.759519
3.73984
-0.673464
0.25944
0.421192
-1.08097
-0.362942
-5.79878
1.17875
-0.436947
-0.109952
1.42672
-10.2268
1.36693
0.116814
0.893073
0.607429
-0.337871
14.2264
1.32407
-0.344683
-2.68283
20.6167
-1.84863
-4.403
-0.718747
-3.02646
0.803698
-3.29375
-3.90699
-15.097
-1.41513
-2.19661
-8.93983
-0.663989
-2.69897
1.71198
-0.41042
-0.0466118
2.06086
-0.0819833
-68.9541
-1.10761
-0.341229
0.016135
-0.473272
0.0161719
2.85744
-0.397276
-0.366839
0.896643
1.16874
0.052719
0.304638
-0.153243
1.35195
-14.3398
-0.2752
0.35456
0.460208
-26.1609
0.285291
2.77015
-5.17203
0.0323226
-3.87309
1.18238
0.117256
-0.0364104
3.45338
6.10699
-4.29575
-1.44886
-1.78561
-4.8007
1.46439
-2.24197
-2.03505
-0.097165
10.8126
-0.0347201
-1.8704
0.456201
0.908529
3.54885
-0.738601
-0.760381
-0.497109
2.68103
-6.05
-2.74193
1.78053
-1.53409
-0.447393
1.5192
0.441064
3.2406
0.643767
-1.35813
0.581571
0.813234
13.2024
-0.334733
0.88132
-1.9255
-3.4261
0.244993
2.31222
4.98943
0.364462
8.23909
-2.2719
2.13517
0.499405
0.304877
-1.32573
-1.47868
0.869082
-1.25189
-0.944349
1.20639
1.01821
2.98454
-0.715995
0.180099
0.464262
-0.332112
-3.98257
-1.06686
-18.5973
-6.38417
1.46203
-2.00099
-0.960078
-0.802227
2.83234
0.961964
-4.20811
-121.695
0.0312719
0.771014
0.373307
-1.30211
-1.00587
1.79097
-2.83468
1.61041
-8.9215
0.164978
-0.677684
1.53254
-0.879395
-30.5961
-0.0834889
-0.48536
-1.6103
23.2966
-1.28109
-0.10938
-0.27072
-0.148616
-0.504667
1.25201
1.13568
0.421409
-2.43602
1.27044
0.945307
-0.0357679
0.196709
-3.05029
-1.43222
-2.93678
-0.583965
-0.172975
8.13466
-2.29937
-2.78835
0.902036
3.61465
-24.1162
-0.279019
-0.196547
-0.171675
1.80766
-0.0286261
-2.4222
-0.391822
-11.0954
1.06332
2.75626
2.64223
-0.460719
-1.30167
7.15113
-14.3644
-1.27479
-0.411057
0.658195
1.65057
1.13441
-0.272335
0.109645
-5.32161
1.81352
21.062
7.85039
2.43897
1.7787
-1.79731
0.557364
0.248994
2.48434
-0.63093
0.224761
-0.496682
-1.04561
3.90392
-0.021182
-0.949699
0.985246
2.58745
0.826745
-2.53877
4.33471
-1.3579
-8.58969
0.941569
0.53214
0.737579
0.169069
-4.9343
0.535195
-0.314918
-0.0923721
-0.402541
0.876279
808.912
0.277169
0.76318
-0.265345
1.55358
1.1456
0.994587
1.33732
1.35438
0.383634
0.145868
-0.279227
1.00553
1.96832
-1.77742
-1.67215
4.3383
0.388959
7.50244
-0.680275
9.39457
-0.489377
1.31631
1.44018
4.72575
2.09471
0.157435
-0.192315
0.0705589
0.240398
0.0903637
-0.727252
2.58502
-6.3295
1.98142
-0.298352
19.9783
1.0245
0.404596
-1.14782
1.12296
-7.48804
-0.146861
2.74771
2.2654
-0.140494
-2.57938
-0.0703276
-0.238643
0.283935
-0.539827
2.93176
-0.749858
-1.18006
-0.36233
-28.91
0.925384
-0.400256
1.36885
0.444554
-8.37451
0.786616
-0.271215
-2.26624
-0.523355
-6.86683
-0.523797
-3.26819
-0.811568
0.155129
0.0938126
-1.92826
-0.695505
0.389226
0.254249
4.45672
0.750117
0.529592
-1.29277
-2.61078
0.339428
0.419196
-0.942328
-1.60478
0.350533
-0.062023
0.375123
-0.242262
-7.89901
0.319806
2.64375
-0.41614
-0.341208
0.755308
-2.48466
0.730121
1.72301
0.0654149
-4.62606
0.616571
-2.33731
0.112013
0.52317
0.0267146
-138.461
1.82082
-0.58747
0.150304
-6.92681
1.89184
1.73363
34.7847
-0.0699361
-0.354115
-0.860913
-0.984416
-2.22434
0.802928
2.86961
0.170367
1.88771
-35.6303
-2.06127
0.413587
-2.22343
-4.44051
-6.28432
2.1067
2.50071
-0.962812
-0.549275
-2.4099
-345.312
0.455677
2.30621
-0.866898
-0.939002
0.719364
10.5612
-0.810124
-2.24766
1.73423
0.397513
-0.736105
-0.89256
-0.286943
4.57807
1.73572
9.44575
0.321665
0.292334
-0.240099
-1.18932
0.212534
0.620855
0.821416
7.44563
-0.747525
0.923418
1.52451
-0.861068
0.365396
0.700478
0.246775
-0.868103
1.80964
-2.01515
-1.36426
3.16682
-0.546747
-0.469248
-0.698679
-0.220369
-0.499121
1.01046
-0.166556
1.46692
-0.447734
-3.18521
18.0913
-0.00172841
0.0868817
-0.0847417
-0.813405
0.223045
-10.6502
-8.37767
3.1092
16.3646
-1.46493
-0.497985
1.148
-2.15258
-3.78641
-0.153659
-0.268522
0.786219
3.29884
-0.984178
0.244618
0.700588
-1.11125
5.26294
0.938752
0.656522
-0.94518
0.302226
1.01914
-0.0936547
-0.442525
-0.867236
-1.60058
-0.0721166
0.698195
-0.0995743
-0.464614
4.83207
-8.98552
-0.415442
-1.92268
-0.0135583
-0.549605
0.0137372
-1.78119
0.445825
0.223537
-0.0282553
-1.31941
-0.0665293
3.76052
-2.07645
0.935943
-7.94098
2.58021
1.06914
0.18603
-0.741954
6.75729
-0.55683
0.585713
18.3517
-1.82075
-0.492263
-1.00633
-0.885731
1.76521
-8.20319
0.688848
10.2996
-9.09067
0.11913
6.65845
-4.08023
1.61658
-0.237907
-4.76715
-1.65536
2.4048
-0.342946
0.193755
-2.99816
-1.89584
0.513956
0.140215
-5.42891
0.696604
0.0908117
2.23493
-0.0370442
-0.462208
1.82621
0.359428
0.521425
-1.45346
-2.13637
-1.23157
-1.52199
-0.494745
-0.214701
11.1724
17.843
-0.561999
61.0054
114.736
-0.697161
-0.529835
-1.18396
4.7529
0.54003
-23.7861
1.19058
-0.245378
-0.042409
2.92997
-0.750675
1.02023
-0.715027
-0.310676
0.363985
2.39729
-3.86333
0.892906
-5.11434
1.31271
0.43263
-0.379806
-30.4022
1.08101
-0.692508
-3.37333
-0.522221
0.724239
-0.0909519
1.18687
-1.99667
-0.150522
-1.20236
0.353745
5.79374
-2.50598
-3.76836
-3.11472
0.0522449
-0.0683504
-0.771809
-1.7511
-0.313857
0.97883
-9.16972
-0.859252
-0.800949
-3.38752
-5.96217
-0.221949
0.110266
0.0298461
-4.05871
-3.12303
-1.73668
-0.599977
18.838
-2.55249
2.13744
0.525677
5.87509
1.35715
-0.577867
-0.527394
-2.6344
-2.51346
24.5054
-0.161649
0.775298
-1.00107
-1.19216
-0.134015
3.42243
1.94686
-0.0402834
-0.154387
-1.53475
-1.73826
3.98521
-0.10161
1.90982
-1.04102
1.70284
-0.0893805
-0.745779
0.489144
0.125667
-1.31302
-23.7933
-0.209382
-7.24796
-0.49937
1.31226
-2.7592
0.651125
0.108842
65.7204
-0.411458
-0.712688
-5.75787
0.59924
0.224141
-0.133752
0.102241
-0.425975
3.53072
-3.05907
3.83414
-6.47349
-0.610698
0.303304
-1.34186
-2.28686
-0.434182
-1.10196
-0.399304
-0.701957
-1.173
-37.9099
-3.21049
1.93077
4.51198
0.281097
-0.824499
-4.08181
0.119799
-2.12404
-0.100171
0.43346
-0.171179
-1.09425
-0.359994
-3.36743
0.0278258
16.4288
0.277141
0.592118
0.713881
-1.62242
0.20222
0.484559
-3.0552
-9.64287
0.536356
-0.605296
-8.67875
-4.10203
-0.184127
0.818748
2.73497
0.213948
-0.750814
0.520239
-0.147695
3.79339
0.417561
0.272381
-0.737969
1.12086
-0.54288
5.75249
-0.348786
40.3656
-0.0405886
-0.960606
1.1139
2.45619
0.237269
4.58546
1.50506
-0.0908805
-0.507384
-0.056475
-0.883268
0.237746
-1.77671
-2.08376
-12.2403
-3.78473
-54.1355
1.02564
1.86541
3.55023
-0.0221106
-1.19168
0.114581
-0.322297
1.12358
0.642318
-7.3307
-1.21367
1.56226
2.3327
-1.97739
-3.43099
0.107787
1.91296
0.517988
-3.15746
-0.042641
-1.03282
-0.00646262
-0.87185
-2.17783
7.23249
-0.422074
6.21076
-5.33218
-0.351418
0.812813
0.255814
2.73423
0.521758
-1.24624
0.0585637
-5.01447
-11.0567
-2.50264
0.846255
2.60131
-0.494132
-0.334589
0.829892
-0.981986
0.0646514
5.37802
-18.7051
-0.147485
-0.0730905
-1.64457
-4.03083
6.39011
66.2703
-1.58135
-0.0625827
0.464103
0.72866
0.161424
-1.18754
-3.07707
-8.82884
-1.62392
-0.502649
-0.570177
0.239871
2.35519
-0.265103
0.51713
-1.08348
0.186854
0.297952
1.91284
1.48885
-1.10019
-0.380535
0.356158
-0.0599752
-0.420015
-2.15213
-0.557421
-0.695134
0.51869
-1.23194
0.334807
-0.785933
0.412407
-0.414498
-6.0481
-3.61078
0.508457
2.14847
4.30059
1.76035
3.32458
-1.16001
0.212119
1.21892
-0.175435
-0.0484802
-0.558958
0.161757
-0.727884
-3.56444
0.842905
-0.472781
-0.125365
-1.60806
-0.843002
-5.66092
-1.55515
1.37505
-0.543884
20.7371
0.189806
2.20405
2.10733
20.7851
0.911233
1.67703
-2.78467
0.0954059
-1.3944
-0.885535
3.82713
-1.47463
0.105726
-0.294693
3.78337
-5.59213
-0.117571
2.19084
-0.119745
-1.56535
3.82992
-0.0245179
6.10959
1.13368
0.714165
-0.154262
7.04653
0.412521
-0.461765
-1.18011
0.83447
-0.821462
0.261925
-0.181036
-0.888963
-4.51375
0.699748
-2.07862
-1.0759
-0.139075
14.42
16.4039
23.0117
1.97167
0.373594
-23.7946
0.540506
-1.26427
-0.599352
-3.49789
2.38154
-156.229
0.0381956
-3.1712
0.390734
1.08629
0.0969011
-0.560357
-0.889724
0.872432
-1.03208
0.504534
2.69408
-0.6496
-0.214283
-1.57569
2.04706
1.24573
-3.91469
-0.233636
0.36959
-20.046
-1.54046
0.180462
2.5237
2.0552
1.08623
2.07398
-0.829957
0.260184
0.878216
-2.79029
0.861022
-5.83291
0.232345
9.92419
0.221377
-0.222877
0.306872
7.59149
19.0816
-56.6291
-0.10073
-3.16414
-1.45518
-21.4399
-0.574204
0.659179
-6.04986
-0.349928
-0.273728
3.2111
1.58885
0.117195
-1.00696
1.52356
-0.840833
2.18094
1.36511
0.746911
-1.87197
0.764031
0.855199
-3.04585
0.394948
-3.66944
1.1516
-0.834176
-0.042595
-3.56593
-1.5016
-0.470455
-6.38753
1.26128
8.46735
0.139285
-0.127259
-0.382116
10.7161
-1.27057
0.290012
-0.623897
1.86232
3.73331
-1.18685
1.35393
-5.74328
-0.949422
-2.68226
0.118857
-0.572928
-0.378366
-0.28606
0.0910872
-0.550812
8.51675
0.768211
-10.9502
3.78915
2.00162
0.876235
0.628921
-0.598372
0.337476
0.703795
24.4958
0.83748
6.4186
-0.326874
-0.020099
2.02661
1.14534
3.76991
-0.269398
-1.84696
-1.53451
0.172989
-7.22842
0.0512875
0.94506
0.727516
14.5732
6.23892
-0.975813
-8.18935
2.96566
-1.89884
0.0669643
5.2524
7.6642
-0.195376
1.7183
-1.1225
-0.106643
-1.05814
-501.797
-0.182792
9.39127
0.565098
-0.0445781
-0.631799
0.929336
-1.27728
-2.41553
-0.711512
0.404057
-4.44331
1.76624
-0.888498
-3.79147
0.29046
0.109696
-1.19801
0.472174
0.51051
-3.29264
0.22833
0.726137
-0.135419
0.0882667
-0.377708
-8.23242
1.09036
-0.161818
0.00793408
0.959906
1.24023
76.8163
-0.239546
8.60457
-0.688707
2.71466
-4.73054
0.899782
3.62789
0.239493
-0.496431
0.365292
-0.304791
9.76603
-0.484716
-0.298407
0.775465
-27.2354
4.90997
-0.587597
-0.575064
2.48122
1.66639
0.247142
-1.40607
3.52481
-0.470647
0.20791
2.2276
-1.29789
2.8179
-0.470814
1.45737
0.344645
8.67934
0.551243
0.172216
0.841573
-1.25576
0.294255
-0.718485
1.15861
0.355197
-0.423136
0.450104
-6.23196
0.166123
-0.262503
0.440766
-0.637513
-0.702382
-0.278756
-0.556555
-0.133492
-8.93708
-0.76547
-7.83521
5.385
35.8635
-1.57932
-0.653805
-3.39405
0.324084
0.164249
0.145286
-0.273085
0.743439
-0.0260757
0.944504
1.95932
6.3491
-0.124779
-1.43551
9.38047
-0.595454
0.204498
2.33508
0.962115
0.829941
3.20912
3.81909
0.9155
-0.466183
-1.12549
-2.66062
-2.12611
-22.2207
-0.548848
-0.110665
-40.8188
-1.15829
-4.44509
3.02258
2.06497
-1.78861
0.801589
-1.7077
-1.72269
0.790926
23.8386
0.194795
-3.13505
0.492946
0.512337
3.02652
1.49082
1.21046
0.678361
-4.3203
1.51325
-0.141465
-1.0131
-1.02018
5.79324
2.89874
2.97736
-4.74192
-5.07012
-4.92065
1.61564
-1.30449
-1.7677
0.498426
1.47942
0.560583
-0.65274
0.855014
-1.24757
-0.292245
2.70495
-1.58671
0.399527
-41.7298
-0.86997
-0.842416
-0.385827
-1.55551
-2.00001
0.519066
3.26157
-1.20256
0.485345
-2.88684
-7.26673
-0.263525
1.13846
8.325
4.43968
-0.253407
1.19163
0.364789
0.917938
0.0199865
1.12515
16.9093
-0.564141
-1.77875
-0.58182
-6.47965
-0.251896
-0.933271
2.46475
0.274788
2.32442
-0.983838
0.422765
0.101071
1.43855
-0.485114
6.14281
-0.201737
-0.210738
14.5518
0.971814
0.546741
-0.990417
1.66175
1.63525
-0.855813
-40.7549
0.930192
0.162302
1.17881
-0.500045
1.14699
-0.789239
2.44047
4.5014
1.51737
0.389729
-6.56366
0.258217
0.427971
0.698997
1.54814
0.687731
0.859781
151.326
-1.36924
0.515875
-0.728888
1.44698
0.0418075
3.78496
-13.7707
-0.779301
0.223525
-0.437212
0.00704294
1.03475
0.094319
2.15891
0.347475
-0.147032
-0.591897
-1.97337
-0.992996
1.06809
-1.04704
0.442506
0.48182
-3.50118
0.265067
-1.66433
-1.8567
6.66712
2.29119
1.94877
-1.54905
-0.0693269
1.71226
16.014
-0.0543746
0.443813
-0.123571
5.5714
-0.0762434
-0.874628
8.35778
1.89972
0.706601
0.375867
-1.21448
-0.210087
0.861845
-9.54411
0.71459
0.558561
-8.29146
1.09447
28.1107
-0.893938
0.0547323
-0.2237
-1.28869
-0.0706151
-0.272345
1.90819
2.41882
-3.81575
-0.279932
1.40517
1.87689
-1.00482
-0.314238
-1.32014
3.32258
0.965432
-0.723453
-0.437195
0.390622
-18.5757
0.656723
2.82599
1.65447
2.4989
-0.634536
-6.6967
0.615363
1.4134
19.4942
0.949755
0.629729
-1.98837
1.04465
-0.62348
1.58052
0.205671
0.0473931
1.43727
0.075923
1.70654
-0.237542
-0.0672895
0.641894
0.538635
18.0861
-0.109943
0.695181
-0.367966
1.38468
2.72428
-1.00572
-0.106344
0.096268
2.50479
-14.2728
-0.0621271
-0.994933
-2.59799
-0.359042
0.254933
-0.62221
-1.47735
-0.019845
-1.29587
0.878292
-0.0864472
4.93875
0.314687
1.27862
0.642938
-1.83879
2.27344
-0.0799937
1.2432
-1.6053
1.14101
0.108418
2.96406
3.72178
-3.10014
-1.50558
43.5934
-3.31684
38.3295
12.6944
-0.329571
-0.206608
0.351232
0.167393
-2.60231
0.933527
-15.4911
-0.352957
-0.613942
1.97624
-6.62262
-0.742153
-0.178022
-9.31944
-1.14846
0.341092
2.08984
0.795929
-0.788883
1.14144
0.232653
0.148015
0.84346
1.17312
-0.31569
-1.11312
-1.8005
-0.160211
0.111776
2.24678
-0.91081
4.7228
0.0555324
-1.91718
-0.405682
-0.688687
-0.434946
-0.514308
-0.596411
-1.06874
-1.84435
-0.180625
0.533301
0.802971
-1.64084
-0.0142097
1.59319
-9.0638
-0.148305
1.78578
0.217673
1.07447
-0.123174
3.25872
-0.486988
-1.73909
4.43724
8.88274
0.809189
-0.199263
3.93748
-0.159482
0.264919
0.273346
0.776934
0.59207
0.483493
-0.375908
-0.966974
-8.77271
3.71602
10.3919
-1.05643
0.477046
7.88847
-0.181567
-6.92959
-0.0478106
-1.03156
-1.08033
-3.01343
5.95946
0.485818
2.32163
-0.143979
-0.0777638
1.82871
-5.41484
-2.31067
-0.194118
1.1948
1.02879
1.36953
-1.70313
0.174871
-0.180787
0.949718
1.12128
0.16452
0.860423
-4.35467
-0.534081
1.09417
-0.600398
0.583589
0.201859
-15.6755
-1.06107
-0.689202
-1.79703
-0.152435
-0.41734
1.01083
0.101483
-0.00914912
-0.020233
1.15569
1.52759
-0.166804
0.873369
-4.48976
-0.715055
-0.604344
-0.0572163
-1.4379
-0.447784
-0.265348
1.02759
-9.71611
-1.06445
-2.67592
0.44144
-0.15335
-0.125967
-0.0310483
9.99201
0.295928
-0.58821
-0.658782
-2.82505
-0.874808
1.22417
-1.98435
-0.259097
-0.745472
5.87173
-1.55157
-1.69786
-3.3305
-6.77431
-0.677345
3.25731
7.51583
0.0147145
-0.451875
-0.465527
-1.84482
-0.824927
0.97348
1.41272
-2.50294
2.97147
-15.9717
0.0683098
-1.57244
-0.701535
1.12643
-0.522792
-3.54824
1.41377
-2.50896
-8.33349
1.07544
0.630382
-0.938436
1.71829
8.12099
-2.8468
1.77325
0.631237
1.28479
-1.33052
2.57123
0.343251
2.71707
0.201633
-0.0832869
-0.503824
39.881
-1.01572
-498.513
-2.16853
0.103494
-1.4969
-0.539729
-4.32413
-0.356876
0.895853
-0.468632
3.91458
-1.41837
0.346982
-1.46965
0.68401
-0.0349802
1.96278
-0.927921
2.59596
-1.81875
-0.179779
-2.44267
-0.767056
-1.64182
-0.443545
2.93965
-1.26384
-0.628528
1.28089
-1.63932
-0.927723
1.36532
-0.19522
-0.27605
0.161066
-0.0993896
-0.229768
0.176044
-0.309851
10.6048
16.4575
-9.12967
1.8812
-106.642
-1.13985
875.408
-1.74877
-6.09886
1.29771
0.343561
-0.669197
0.799741
0.788394
2.00733
-1.30635
2.15026
-0.476896
0.211937
0.558807
5.45197
-3.10787
-0.662652
0.856091
-10.5204
0.858775
0.0395848
-0.793206
1.01844
-3.38959
2.53596
-1.24577
0.363395
-15.5685
4.50708
0.293708
-0.53293
-0.14669
0.820416
0.877079
0.793751
0.309137
0.210806
-3.84185
0.999775
1.26924
1.14722
-2.11686
-1.17697
-1.33778
3.76306
1.15958
-0.160757
-3.47441
-1.41336
1.63555
0.665862
0.589087
1.49906
1.38641
4.1093
2.46398
-0.320755
-0.16817
-2.04398
-0.518912
0.921224
-0.333218
4.78777
-2.16617
0.833542
1.13976
1.59388
-0.789168
1.14664
0.32395
0.247682
-0.912711
2.1034
5.88738
-1.6918
6.65335
-0.0341413
-0.561668
-1.01124
-0.260917
2.46764
-0.111916
-3.18248
8.07223
-0.683071
0.827827
-0.43675
0.825239
0.78739
1.30516
2.63022
-1.399
-0.825201
-5.76583
0.726824
1.75409
2.67327
4.75147
1.33428
37.3086
-1.64678
-1.14657
1.1741
3.21075
-1.48064
-0.602547
0.436951
0.681778
0.668456
-0.355224
0.455372
1.80184
-0.705395
1.26471
-6.38117
-1.26051
0.582379
9.60952
-0.160668
1.07732
4.32259
-14.553
-0.635567
-1.12694
-0.436186
-0.308777
0.211515
1.38607
-2.32532
-1.1005
0.740085
-7.7424
-0.748278
0.448765
0.433123
-0.843908
2.77967
0.173812
5.52033
-0.160802
-5.32665
-1.29645
-1.66392
-0.0438496
2.35287
0.930088
-2.29136
-12.3452
5.18244
-0.0744418
1.43584
0.15896
-0.05811
-1.48892
3.12707
-1.78978
-1.62906
-4.18918
-6.37244
1.30614
-2.3049
-0.645935
-1.31905
1.59365
-1.20203
-0.701866
-0.525812
2.13756
-0.298585
-0.299273
0.339777
1.07773
-1.8589
3.23732
-3.01619
1.4617
4.25097
-20.462
-0.144299
-0.755985
14.8216
0.535306
-1.3508
-2.79544
0.615871
-0.208072
-0.600854
-1.62733
-0.800741
-0.519759
-0.28218
0.00218102
5.91463
-0.0892022
-0.931332
2.00939
2.12419
-0.953408
-0.810378
-3.36674
-0.431025
-7.35998
-1.66892
-1.12927
1.30915
0.075782
-0.228299
0.182399
0.137407
0.758735
3.51027
0.082917
-0.0756217
-3.24544
8.45604
1.28545
-0.0782316
-0.0780204
4.66827
0.0964621
0.773394
0.41492
0.248975
-0.31523
1.96828
4.1011
-3.82757
0.551502
1.65406
-0.00115587
0.780119
-0.689685
5.57453
-17.6789
-1.30867
1.97614
-0.204861
-0.372009
-0.415357
-0.823989
4.67586
1.47937
1.42416
-0.127773
3.00722
-0.830894
-3.65686
-1.00438
-0.836056
162.874
18.971
5.35555
-1.5526
4.13608
2.08648
0.514327
-5.73026
-1.05789
1.10938
-86.6416
0.244761
0.630238
0.231567
1.21361
0.930524
0.431247
-0.626102
-2.33285
0.603988
0.176383
0.604224
-0.0146096
9.94222
2.61665
-0.200695
-1.39729
0.285189
-0.639519
-0.313571
-2.71208
-0.170089
-0.669192
-0.230301
-4.30896
0.505045
-0.475154
-0.570943
-1.05795
-1.48246
-3.73108
-0.656327
-0.0865583
1.18928
2.34196
0.614673
8.54708
2.9994
0.0355229
2.76935
-3.07413
-78.5705
-1.08952
-3.41042
0.444091
0.716881
0.463715
-1.46632
-0.211786
-3.56127
-0.191677
-2.22912
-0.325976
-0.73531
0.0526695
-0.937957
-0.831505
0.46741
-0.0702283
-6.31321
1.21294
6.2129
-0.904274
-13.3051
-0.32114
0.508816
-0.94677
1.01348
0.0689493
0.483914
0.0467631
-0.236145
0.422821
-1.75944
-1.71208
-3.73104
1.0939
-6.7315
0.397795
1.59645
0.205373
-5.83493
0.146647
0.951382
0.716537
5.58294
-0.186305
0.756854
-1.24605
-0.00754616
10.914
-1.07814
1.70789
-0.157984
-0.179439
-1.33539
-0.105013
-1.44977
1.44541
-0.327414
-0.0485353
-0.490565
-0.930585
0.19004
-0.374384
0.29418
0.3365
0.63175
1.00154
213.169
1.23703
11.5779
-0.885851
0.521355
7.14908
-6.29275
1.44064
-3.52457
-0.322088
0.29943
1.30073
-3.88577
0.0800929
-0.0889717
10.9169
4.07409
-2.96979
-0.938044
1.08343
-0.0628018
3.47796
0.287938
-0.48723
-1.14253
0.584628
-2.55383
3.40135
0.489105
-2.44184
0.233057
-0.568249
-0.113561
-4.07178
-0.694155
-0.379756
-0.0507759
-2.4282
0.0173412
0.631472
-1.64729
0.0672103
2.1293
1.84664
-0.938656
-3.52097
-2.21253
3.11465
-1.58959
-0.299228
-8.46019
-1.82617
-0.482081
-1.69164
0.151418
-2.31107
2.22305
-2.10869
0.281781
0.191889
0.52929
6.55892
-0.0598291
0.692872
-1.16446
-3.10803
-0.11995
-1.61654
-1.38392
0.736415
-4.17502
4.51082
0.384685
-0.113494
0.11089
0.424408
-0.530584
0.199305
-0.77982
0.0388868
0.213094
-0.0835932
-0.681783
0.593085
1.36728
-3.37681
-1.15099
0.488186
6.1004
0.577678
0.115668
3.08418
4.64453
-3.02278
-0.068188
-0.323234
5.8361
0.69346
0.255652
1.16211
0.386581
1.46477
1.85052
0.306813
0.0369486
0.263088
-0.374059
6.58314
11.0425
4.62843
-0.669826
-0.0819314
-0.680516
-1.97381
0.327654
0.720224
0.557219
0.716786
1.98793
1.33109
0.27536
1.1179
-0.655506
-178.89
1.50574
-1.51234
-0.308033
-0.253117
-17.4492
-0.229826
0.898588
-1.16484
1.2364
7.16673
0.564017
-0.253981
-0.131843
2.52157
-0.498242
2.84823
0.741817
0.200618
-0.614312
-0.100558
-1.80145
-4.09185
-5.8505
0.0585173
0.113397
-1.79212
0.0976117
1.59698
1.64207
-0.635634
-0.789167
13.7633
0.900459
0.0561207
2.86264
-20.4077
-2.30276
-0.167528
-1.6994
-8.72848
0.809069
-0.757718
16.1829
-0.881202
-0.307672
-0.551034
0.542486
-3.63583
-2.08674
0.117252
2.04004
-1.9141
0.0258141
-0.0370923
-0.178424
-1.79789
-0.701927
0.370711
3.32802
0.356325
204.732
-0.0521225
-0.00365505
0.0838305
-0.736909
0.736517
0.846929
-0.538837
0.472536
-4.20464
-0.711648
22.272
2.06915
0.0456886
3.75334
-0.36455
-4.87621
-0.290987
-0.122142
-25.6904
-0.887771
0.175661
1.44642
-0.58116
-66.1527
-0.00964779
-0.208256
-3.12199
-0.117865
-2.58571
-0.359389
13.9059
0.510746
-0.439464
-0.333813
-0.236277
-0.11084
4.42232
-0.600253
-0.132842
-1.85253
-0.224129
0.72089
0.404446
73.7074
1.13017
0.0934026
-1.52724
0.430334
5.80815
-1.27444
-0.364411
-0.0948772
-1.64518
-0.317556
0.118813
-5.89362
0.908043
-0.22712
-0.593766
0.938349
-0.857903
0.175151
-0.160077
1.00798
-0.153344
0.248604
1.11321
0.41382
0.127934
-6.28082
0.455686
-2.57781
-1.91007
0.916452
-0.275348
-0.627594
-0.560423
1.21155
5.56224
-0.847574
-60.0318
1.8247
-0.0200912
-1.11786
1.65945
-1.5232
-0.881084
-0.198113
-1.0453
-6.18657
-0.24786
8.3451
-0.191704
-3.00033
0.655176
0.303448
1.9836
0.557309
1.5012
-0.86537
-0.469568
-0.125481
1.06342
1.31664
-2.06446
-0.152261
-0.625998
0.532604
1.01716
-0.420547
-1.4887
-1.36814
-0.346112
-1.70974
4.96473
-2.50619
-0.422552
-0.493974
0.3223
0.917242
0.326002
2.03372
-0.59523
-0.389308
-0.773829
0.547916
-2.6953
-0.220932
-1.70096
-56.2659
-0.459493
-14.1958
-2.42343
0.389725
6.43807
0.345756
2034.69
0.343271
-42.8801
-0.958954
-178.741
1.13831
0.587828
0.491209
-1.91002
-0.907875
-2.54253
0.698638
-7.2169
-0.527318
2.81333
0.849106
7.66002
6.16433
0.698818
-1.83171
-0.835866
-0.373065
3.59263
-3.70756
-0.878904
-0.83383
2.02714
3.31995
1.43081
-0.47439
-0.00640503
-0.192947
0.298309
-4.63205
-0.0242787
0.479807
0.0629309
1.23542
1.11117
1.01555
0.879938
-1.86137
-4.07915
-0.0606148
-40.1521
-7.65744
0.8257
0.0745737
3.99681
-1.36804
-0.632236
1.52667
1.22799
-0.732272
13.6004
52.4892
1.94991
-2.35495
0.573395
1.08509
2.43649
-0.219681
0.312105
0.743823
-0.116185
0.349892
-0.226886
-0.198855
0.0153524
-2.17529
-4.42616
-5.96113
1.37776
-1.47451
-2.17418
2.60203
0.598558
12.0956
-30.1667
5.53578
0.519846
1.0881
-0.963519
-4.84451
0.0112099
-1.72829
0.0856433
-0.0207651
-2.48392
-0.489599
-0.217743
0.120465
-0.212043
-0.518358
0.983534
1.14082
-0.378316
-0.811027
0.316745
0.438469
1.34632
0.14433
-0.545633
0.178136
-0.224734
-0.886044
-1.23947
0.250652
0.20054
-4.46501
0.268102
-1.94922
3.02956
-1.19734
0.177431
-0.42115
1.48287
0.755081
-1.23177
2.01302
0.527729
0.438394
-0.913613
-2.36298
0.614804
-0.525273
0.775401
1.72755
-0.167962
-0.29873
-2.58675
-0.535089
8.21485
1.66879
1.09269
0.989057
-0.833278
0.253388
2.59883
-4.56116
2.53702
-0.209173
7.04401
0.373904
-9.99998
0.968258
3.76771
0.416792
0.932809
-8.48145
0.44923
-0.382351
0.262835
-0.547369
-3.74269
1.52966
-1.9469
1.10494
-1.6801
0.0562489
0.514584
-3.31801
32.0282
1.34747
1.11742
1.17116
0.932868
1.57873
1.27122
-1.49453
0.350787
1.25726
-1.07309
-2.68347
1.12633
-0.317936
-0.597218
-8.35365
0.677435
-0.818144
3.95923
0.371372
5.02943
0.113296
2.48164
-1.11105
-0.241046
1.94199
1.03247
4.58159
-1.93958
0.904575
-0.879934
5.6165
-3.32478
-0.602676
0.540015
148.487
-1.13075
0.248358
2.06501
0.922798
0.577796
0.831571
-0.796509
0.845936
-1.28889
0.447693
-2.17066
9.04994
4.01805
0.720817
-0.363674
-0.462055
7.68876
-0.348679
-0.560101
-1.04651
0.229715
0.0338382
2.68495
2.62819
-1.02494
0.376864
-0.223153
3.72002
-3.4578
0.122207
-0.0236238
1.56872
0.480758
20.0915
1.08555
0.46209
-1.22833
2.07729
-3.88691
1.40278
0.176518
-1.17319
0.0811605
1.02049
2.21714
-7.17389
2.50706
0.328635
-9.31686
0.17
1.55097
3.8535
-0.544353
2.65595
-0.401566
-0.512545
-2.34187
5.22349
3.15798
-0.325029
-1.30744
-4.93512
1.78418
-1.1236
-8.5884
-0.502716
-2.90791
-0.345904
-0.287545
0.796763
-2.65658
0.249797
-1.05841
-0.422993
-7.79022
-0.437252
8.89734
0.587939
-0.0255517
4.37645
2.17032
-2.07614
11.2889
0.166277
-21.4408
-0.192782
-0.487173
8.56513
0.580516
1.27633
3.07786
0.397052
-0.282041
-1.61638
-0.035152
-0.511341
-0.224547
3.955
1.49697
2.77033
-1.6526
0.105028
-2.70789
-3.5142
0.313342
-2.70802
-0.219442
0.504934
-4.83413
-1.17188
6.9466
-0.904797
0.778614
-0.943324
-0.741688
22.9702
0.0578647
-1.28644
-6.59849
-0.183667
-0.990647
1.58488
-1.12004
10.1803
-0.695744
7.82191
37.8759
2.16465
0.0809523
-16.1238
-0.880528
0.957924
42.1073
-0.36191
0.0852486
8.22831
-1.58546
2.20641
0.434533
-0.423366
12.9216
-0.974239
-3.11715
-4.18297
1.70349
0.259252
30.1863
-1.03786
-1.67497
0.370572
-0.8036
0.448162
7.18282
1.99713
1.43635
0.195934
2.83659
-1.48896
0.0903944
1.25719
-0.142577
3.81683
91.4763
-0.0313232
-0.930855
-0.0527309
-0.281727
0.74735
-0.179286
0.716237
-6.36546
25.5119
-0.772548
0.235953
4.78997
1.17108
-1.12727
-0.295042
2.54011
0.550656
0.117165
1.86806
-0.953155
-2.18148
-0.0460422
0.299606
-9.38261
0.26241
-1.57984
-1.94006
-1.33645
-0.806348
-0.791788
0.301998
0.0731594
-2.99845
1.72686
0.408158
-10.2839
-0.328314
-10.2692
0.33026
0.0655738
-1.42504
0.65898
3.09416
-1.35673
-1.87503
-0.0072636
0.967354
-1.93401
-9.25708
-0.429905
0.0301387
1.36567
-0.296348
-1.66349
-1.82249
1.12443
-0.791108
0.207705
2.72095
7.48709
-0.944336
-0.78759
0.0775
2.15725
-0.129262
1.23095
-1.84554
-0.0990964
-25.7603
1.15335
1.08428
2.80091
0.239583
0.266242
-0.124702
1.44268
-3.0161
-8.11603
1.07427
-7.44663
2.11992
-0.609856
-0.519624
-0.0219501
-0.450565
-1.56275
-0.989741
0.185712
0.413564
-1.23535
-1.54336
-0.317449
0.0730391
-2.19877
-0.312621
6.99619
-3.25742
1.95177
-1.08773
1.75869
-4.94071
0.165442
-0.950053
0.129089
2.39021
-0.176405
23.3628
0.790097
-0.881554
3.40059
-0.1362
-0.21522
-2.84032
1.84361
1.54385
-1.06695
7.40145
2.44955
0.163311
-4.295
0.136424
-2.99592
-0.516785
0.425189
1.1428
0.373546
0.603893
1.00035
-0.505136
2.3802
5.35033
-0.324703
-0.965958
-1.60822
0.628132
2.095
-0.622887
0.707934
-0.193732
-0.300604
3.05948
10.0108
-0.238611
-1.37581
0.692704
-0.13905
2.00012
10.0317
2.48832
18.9109
-1.37123
1.14616
-0.94224
-0.691025
-1.12542
-9.17436
-13.7724
-8.60404
-1.42491
-3.75345
0.74057
0.178178
0.840342
0.401692
-0.370497
2.01697
-0.211825
1.20407
2.7003
-0.768816
0.536216
-10.1965
0.960305
0.340981
-0.0796164
0.102099
72.9427
1.6915
-6.02677
-0.00155338
-1.19794
-3.9115
-1.08494
2.76752
0.257603
8.26995
-0.0709678
0.257172
-1.6064
-0.224708
3.38349
-0.151447
1.24237
-5.39676
-1.90676
0.376725
-0.0895288
0.108664
-0.281188
0.609755
-1.32277
-5.7603
-1.3894
-22.7364
7.65898
0.0401218
0.118519
-3.71427
4.88108
0.034587
2.67008
1.07108
-0.848461
0.224638
-1.0851
1.00831
0.8346
1.3339
1.64864
0.0146071
0.533188
-82.3494
1.87045
-4.30106
2.71353
-0.00141633
-1.1573
0.753368
-21.8212
-2.14182
-1.0966
-0.387545
0.292719
-4.55442
0.132598
1.66584
1.42016
-2.62135
-0.651052
0.446041
0.95189
-1.20946
-3.07049
-2.05994
-7.3858
-0.826737
0.811426
-0.11157
3.6609
-0.191819
0.317131
-0.633542
4.50955
4.33626
41.5138
1.81608
-1.27076
1.85108
-1.10812
0.819577
0.0796551
-0.562489
3.7052
22.0634
-1.01725
-2.28263
1.26567
1.28278
0.0602075
-1.01111
-0.387286
7.92866
-3.00565
1.48074
-3.58681
0.366346
6.316
-2.60009
0.173614
0.16057
0.97625
0.875482
0.74655
-0.728472
-0.868819
-0.79234
-0.049897
1.25782
-0.991344
0.493399
-103.045
-0.847017
-96.9629
0.429899
0.0469444
1.09761
-1.47226
-815.145
1.15676
-29.0043
0.519699
-1.70572
0.321674
0.213938
-0.584086
1.04289
1.77274
-1.02353
-1.56236
-0.459199
-0.776148
0.711409
0.176129
-1.59027
6.88853
0.606092
18.5687
0.548297
-11.5888
0.0725485
0.693618
-0.341373
0.165295
-0.280734
-0.181138
60.4311
0.348947
13.7474
0.591261
4.57822
-9.21336
1.1017
1.03107
10.6972
-0.208727
0.60142
-1.17344
-6.5828
-0.945404
72.575
-1.63105
-0.677944
-2.11968
-0.0152119
-1.80801
-7.63427
0.347878
0.0657313
3.62598
3.39865
0.421211
-2.18924
-0.154889
-0.21739
1.92714
0.203735
44.6448
-1.30022
1.05709
0.239335
-0.958342
-1.63174
-0.0890517
0.52804
-5.41492
-1.09042
1.54491
-5.63802
2.97732
1.14199
1.20448
0.710813
4.21201
0.392658
-1.13835
-0.298277
-1.04007
-0.196139
3.11871
-85.4426
-12.6857
0.393752
-1.14673
1.84101
0.704487
0.57169
3.22451
35.0771
-0.494645
-0.208501
0.242619
2.25359
1.00303
-9.3705
-0.778632
3.2574
-2.75101
1.94833
2.0104
3.04843
-1.55902
0.0482084
0.830576
-1.86913
-0.770657
-0.325131
0.0804273
0.115618
-1.48882
-0.300117
11.1218
-1.08284
-0.996059
1.30952
-2.17703
-1.82587
0.546263
0.553149
-7.03334
2.03195
-4.77556
1.45468
-2.48635
-0.647163
-2.31504
2.55607
-0.00642199
3.71332
0.0409649
1.43906
-4.24609
56.1712
-1.22479
7.35713
-1.90008
-9.75129
-0.64024
-2.88161
0.204347
-0.756137
3.29621
-0.643026
0.361272
0.627486
1.13427
-5.62653
1.21342
-1.84954
-0.380103
1.49192
6.59334
-1.14107
16.2677
0.985505
1.35302
-5.82928
-0.960548
0.0565952
-1.74988
-0.200334
0.493188
-1.64275
0.533536
1.85038
-4.22821
0.124716
-0.143982
-0.78327
1.17426
1.28853
2.87594
-0.309566
-0.907544
1.55172
-0.635293
75.261
15.2929
-5.223
-4.5724
-0.701251
-0.238196
0.300692
0.576597
0.29746
-9.57156
-5.19341
0.972516
0.260484
0.789431
-0.821248
-0.935196
0.330394
-0.636706
0.24713
-0.620222
0.259917
-0.851758
3.28829
0.297748
4.59108
3.05413
2.13756
4.87329
4.59094
1.33968
1.23198
3.85073
-34.1592
1.67665
-1.68983
9.51575
-0.298921
0.7624
-0.812753
-1.35434
0.165767
2.01353
-1.33677
1.00583
23.5119
82.1129
0.457492
0.273175
0.947625
0.850097
2.6099
0.434426
-2.53264
1.42697
-0.676114
1.84272
0.431126
-0.142653
-1.69077
59.8159
0.0747072
-2.19749
-1.47096
-0.282441
-0.332306
0.971566
-0.037792
0.0962711
-0.893675
0.0521691
-0.00515605
-0.544309
0.0538405
0.0225611
2.88182
0.115764
0.360069
2.19053
-4.70973
-3.95515
-0.772866
-4.2626
0.274123
7.07957
4.22215
3.76952
0.256794
-0.249153
-0.440532
0.082649
-0.753564
0.865464
-0.44965
-0.501486
-0.191067
-1.00431
1.96454
3.41635
-0.658118
-0.521661
0.197526
0.825641
0.283117
-0.950492
-0.366551
-2.22234
0.605128
1.30086
-0.278077
-4.07423
2.38319
3.45048
0.136574
2.23869
0.192468
27.9377
-4.82022
2.01592
-0.434632
1.48256
0.0920068
-1.49084
-0.161627
-0.959807
-0.992936
-0.27805
-0.339333
-7.02112
0.278883
-0.605901
2.92948
-0.304301
-0.181264
8.06176
-1.68944
-0.386115
-0.607149
0.0999279
-1.63816
0.286746
6.74276
-0.789221
9.68387
0.4092
-0.167404
-3.66372
0.493623
-750.649
1.27644
-0.0935502
-8.75989
1.2348
0.925748
-1.89747
0.552039
1.87902
1.12795
-2.70841
5.98197
0.0846531
-0.170612
-0.27728
-1.5082
-1.27305
-3.12547
9.32378
-0.277223
-1.38173
-12.1903
-0.0729678
-0.125481
0.69703
1.81102
-0.00714494
3.75057
0.592372
-0.0878025
-0.610132
0.896165
-1.65793
-0.846352
0.321463
-5.99279
-0.167945
-2.21272
-1.33462
0.447035
-9.62101
-123.795
-0.193929
-2.11644
1.19935
1.67985
-0.341253
-36.1394
0.237585
1.48911
-0.132059
-0.665892
5.89051
0.441194
3.3817
-0.981072
0.137951
0.895015
-0.384325
-1.36448
-0.978037
0.498066
-8.41447
0.618146
0.411702
1.26907
0.0433593
0.010302
24.219
-2.64842
-4.43423
1.93784
-237.432
3.61528
0.116324
-17.4949
-16.9959
-0.649291
0.223842
-0.503634
-0.581985
0.714794
2.84643
-3.67556
-3.02662
0.106435
0.76472
-0.0680101
-0.548301
0.313982
-0.599585
1.65074
0.721611
1.91639
7.07955
0.0798147
-2.88707
1.53427
0.724328
0.105325
1.2069
-2.67393
-4.403
1.41067
0.442466
1.55798
-1.13046
1.13134
12.8188
0.561698
0.429092
-1.668
0.179981
-0.0891482
0.282891
-0.0916907
-0.374263
0.398262
-3.7035
-0.926663
-0.727055
-0.922675
1.57929
2.39444
-0.153259
-0.184221
-0.11324
0.133865
-703.274
-0.885946
-1.4653
-1.07261
-2.0112
-2.26179
-1.48888
0.0552117
2.07193
-0.0231148
-0.571491
-1.83697
-0.164241
-0.034954
-1.32691
0.77452
0.530696
6.35356
-1.127
-1.29836
-2.43288
-6.93652
1.05195
2.78424
-0.299938
0.0335042
1.80771
4.08547
1.67021
-0.650697
0.640983
-0.480824
-0.453924
-1.09531
0.515707
-0.161848
-21.3227
7.29331
0.235307
0.159403
0.543301
0.46158
-1.19463
-2.85459
2.09336
0.954252
-0.5122
-0.731714
0.118257
0.281986
-1.77478
-2.34682
-0.121187
1.641
2.95781
0.492205
-0.723337
-0.109505
1.14191
-1.45719
6.74011
-14.3737
1.25474
0.482391
-1.12149
-1.65048
-1.19535
-0.562653
21.4617
0.312341
-0.115074
0.154034
0.947463
11.9693
10.5579
1.1803
-0.385138
-0.526984
1.98227
0.00024723
-2.57947
3.54981
1.73727
-8.2459
0.904574
-19.4555
-0.52684
-2.19652
0.895179
-6.77907
-1.18914
0.721467
-11.7616
1.12144
0.881087
2.07579
0.452232
2.68728
0.595316
-2.92738
-5.58693
1.43197
-0.541345
-11.5871
-0.647089
-1.23069
1.38955
1.77412
1.81236
-10.434
-2.89902
0.654656
11.7402
-0.864928
-2.40736
-0.151526
0.333499
2.05296
0.435594
-1.06393
-0.899615
0.189064
-0.0780692
0.380752
-0.589688
-101.515
-14.7195
1.00148
-5.2021
-5.85723
0.147233
0.574433
0.8357
0.000696374
-2.48962
0.412721
6.37411
1.98002
-0.0555427
4.78797
-0.431063
0.114365
0.937688
-0.19456
9.34555
-0.52683
1.50601
-0.339439
12.7623
0.65533
1.05392
0.41745
1.08507
-0.666004
0.490784
-0.978847
-0.216547
0.0762183
3.44613
0.508328
-2.30244
-0.401202
-1.94386
0.417531
0.686746
22.1714
-1.49794
0.410609
-0.0827702
-1.32209
0.304427
-18.8418
-0.536967
-1.07886
-2.44809
0.0375813
-0.00041746
18.8458
-0.136786
0.000170205
-0.41949
-0.0600223
-0.0635989
33.7787
-0.630336
0.806975
-1.84018
1.6103
-0.374716
0.0041849
8.15596
0.437681
-0.386791
-0.707073
-2.32479
-3.39425
-3.56344
0.64113
3.31675
2.16462
-0.721165
2.18111
2.23567
-0.836291
-0.65687
6.7134
0.735384
1.86273
1.11064
-0.405041
-0.0983012
0.223454
-6.46432
-0.656268
6.83195
1.20003
-0.544308
0.231349
-0.976286
1.17076
-30.6206
77.1943
1.17721
-0.509324
1.4641
8.55961
1.246
1.36555
-0.649151
1.02497
0.629381
0.190738
-0.0513412
0.172432
-0.00156326
0.866183
31.6342
-0.935291
0.436772
0.857499
1.17228
-0.925408
-0.923444
0.0388145
16.4284
0.149911
-1.06445
-0.0683194
-0.117509
0.784778
-2.08206
0.821134
-1.5015
0.389841
2.04735
-0.802213
1.9514
-0.00306276
-0.401934
0.641368
-0.559348
-1.84114
-0.0434261
2.57263
-0.519574
3.45312
-0.972827
2.76483
-3.65408
-0.674422
0.769765
-1.37409
0.486798
-0.0924553
-7.01192
-0.73697
1.97749
2.65086
2.67607
1.16747
0.383542
-3.25873
-1.59389
0.450389
0.80498
-0.0339709
6.418
0.366075
-0.397599
1.01487
20.2101
0.949254
3.35121
1.07085
-0.913586
-6.27676
-0.64391
0.616033
-0.724493
0.708783
1.44861
-0.498306
-0.629105
6.28711
-0.54192
-10.4392
1.16575
0.522569
-9.35177
0.302815
-2.6979
-3.77161
0.945732
3.40421
-26.2297
0.546456
-13.6338
0.0134109
-0.25425
-0.528287
-0.740391
-0.625518
-0.544088
1.63873
-1.60456
1.38435
0.731884
3.00274
0.808582
-7.89784
-1.50841
0.419289
-1.8222
-2.18294
-4.33397
3.68459
-2.69889
0.582656
-7.82148
-0.661898
1.51394
-0.825797
0.878186
9.18935
1.38326
-2.68471
-0.343423
-0.516346
0.525794
1.73557
0.882866
-2.45635
0.795665
0.142563
2.79803
46.5154
-0.869272
0.036541
0.972176
1.48924
-2.37501
0.105301
61.8097
-1.07655
-0.251186
-5.21322
1.03713
0.938049
-0.231453
-2.78561
-1.0886
0.2711
6.1871
-0.114312
1.34984
0.350619
-0.690522
-0.502324
-0.241777
1.75983
-0.126828
1.80759
-0.285596
-0.146469
-1.53031
-0.272099
1.00699
1.7281
-0.148795
0.764293
-0.24914
-0.196153
5.64438
1.07745
0.78869
2.51711
-4.46742
3.10602
-0.101933
1.74125
-2.11081
3.6253
-2.8995
-0.158756
25.0051
3.84512
0.960426
4.17562
-1.08968
1.56194
0.0361089
-0.248033
5.19138
-0.109231
0.516564
-1.56504
0.989317
4.36604
-0.903489
-1.26303
-9.16443
-0.53866
64.4466
4.50291
-14.5162
-3.29312
-0.685813
-7.23391
0.0173622
6.43838
0.203517
2.08325
3.03498
-1.24535
-0.666107
-0.763749
-1.8416
2.44784
-1.23678
-0.693175
-1.1106
3.95114
-0.29085
-0.0637607
3.18791
29.3995
0.709621
0.596364
1.99633
-0.706705
-0.843275
-1.20213
6.61883
-0.0852446
-0.238776
-0.634733
0.352045
-0.00629302
-2.40707
-0.340716
2.22278
-1.90643
8.65064
0.284986
1.19746
-0.620815
-0.436355
-0.736717
59.2954
-0.0817924
-2.66766
-5.90203
-0.0876722
-0.964288
0.125719
-1.48349
-1.82142
-1.86738
-7.22334
8.38544
-0.703949
-1.4935
-1.13952
-1.05292
-1.11117
0.312866
0.696972
-0.505351
-0.296557
0.252167
1.05604
-0.84822
6.07303
3.87675
1.78462
-1.19114
1.12497
2.77818
-0.439981
-3.18936
0.654846
-10.0365
-0.0355407
0.173621
-0.668109
-0.447682
-0.89637
0.575892
0.833556
-1.37615
2.79831
7.30407
-6.56233
-1.9965
-1.74116
-1.48496
-0.282609
0.841894
6.72293
-0.410769
-2.39466
0.0959397
4.0124
-1.89446
2.50084
-0.529853
0.900451
-0.00959524
1.06598
-0.808983
-0.0293017
0.583877
-0.489768
-0.339701
-0.0880117
-0.927227
-0.621285
4.04933
-8.18794
-0.471857
1.36816
3.51036
-1.23623
0.118782
1.91436
4.12654
0.126789
-2.42147
-0.506978
-0.276456
0.970801
0.825676
0.0894929
-0.0591222
44.7897
2.71255
3.45711
-2.18187
-0.519288
1.03944
1.28635
-4.71985
-5.07325
0.0106376
0.495956
0.694715
2.78402
30.5456
-64.0903
-1.18481
-0.0187714
-8.6162
5.78252
0.741574
-2.76078
-8.80103
-1.61872
0.19353
-1.13603
-0.26372
-0.456361
-8.17208
-0.656803
1.66232
-1.19251
-0.583383
-0.700412
-0.558342
0.404244
-1.02639
-3.89464
-1.31643
0.240069
0.552941
-2.17288
1.02549
-3.92185
-0.472904
0.897497
0.906286
-3.96016
0.47386
-1.0809
-0.213072
1.77941
-0.474982
4.1413
3.19384
-0.500641
0.0927706
-2.84505
-0.094239
-2.8313
-0.740046
-0.302746
0.0121797
1.31681
-20.5055
-1.9787
0.574941
-1.72088
-1.13237
-2.06186
-0.182972
2.61896
-0.504177
0.177624
1.19402
-2.07157
-2.43212
-7.53356
-0.734275
-0.756702
-65.9114
-0.0750712
2.46117
-0.54291
-2.09739
1059.62
-23.6014
-3.09829
0.338049
0.656053
0.986467
-0.782949
2.22447
-1.06894
-5.89248
-3.12287
-0.220572
-2.03033
0.24343
8.87263
7.3358
0.123183
-1.62543
8.28408
-0.0149073
2.52568
0.4954
-0.144352
1.64184
1.38639
-0.0972858
3.33325
1.15896
-2.17719
0.195375
1.32488
-0.964855
1.21909
0.779127
5.81165
-1.15385
0.283694
-4.66782
-0.569448
0.849992
0.741017
1.02212
-3.50893
0.253701
0.299727
-0.327793
0.0536246
-57.8085
1.56714
-0.256778
-5.07868
2.94582
0.83774
5.12706
-0.502403
-0.387875
0.564644
-0.710437
0.288626
-1.57966
-0.0506499
-1.03343
0.549551
1.49602
1.60567
2.75939
-8.29535
3.43493
1.46028
0.897792
-0.214007
-1.24632
1.44713
-0.0953083
-12.0191
0.0921363
102.902
4.06432
1.32395
-0.335639
-0.498905
-0.228464
3.57427
0.39697
-10.006
0.926846
-1.09054
0.295112
-0.177773
-0.73497
0.0759592
-0.416036
-0.984153
-0.108379
0.674391
-3.32137
4.18296
-3.11447
0.267617
7.3502
0.871234
-49.4729
-0.552128
-2.45669
-0.335317
-3.14734
0.412133
1.3147
0.8967
0.275502
4.15709
-28.4509
-0.276882
0.545615
1.35838
-0.0811562
6.14921
2.64003
-4.1879
0.789644
-3.71127
-4.67847
-0.711242
-59.7732
0.0108526
0.761737
-0.73928
-0.343967
-1.20123
1.05935
-1.95774
0.7408
-14.2358
0.283614
0.909876
0.531445
4.69547
0.182415
-1.16937
-0.440461
-48.1725
2.35604
0.347862
0.875823
0.251294
-5.82216
1.48917
-5.91713
-6.11102
87.9374
-1.88833
4.96491
-0.495511
0.366322
1.58041
1.66793
1.41824
-0.639577
-0.261124
-0.475522
0.105834
0.420968
-14.507
1.7109
0.381779
-0.221574
0.629122
-0.277016
-2.55561
-0.111856
0.151424
-0.380534
1.57301
-1.63053
0.512504
-0.256723
0.0415142
0.958621
-3.83697
-0.0709275
-1.83895
-0.701172
-1.45417
-3.34149
-17.7194
-1.00806
-2.601
-0.040319
-0.12605
-0.430865
0.104619
-1.20964
-0.0815001
0.812172
-0.210145
79.6772
-9.44262
-0.359305
-0.546667
4.08149
-5.76595
5.22859
0.268372
0.837273
-1.83483
-0.715357
-1.35598
-4.58417
-0.464484
-0.876658
0.105372
-0.453972
0.489004
-2.34336
-1.37585
4.13921
0.627697
-1.8815
-1.10313
-7.33765
2.54462
0.32069
1.19811
-1.08252
3.13141
0.204569
-0.60686
0.0251345
0.0921458
0.751617
-0.824393
-0.476349
10.0342
2.40842
-0.215399
0.784987
-0.34297
0.716442
-0.225136
0.539598
-6.50813
-0.421779
0.573568
-9.73704
0.62924
-1.72752
1.405
3.38945
1.5841
-3.24166
-6.87296
1.27716
-0.299917
-0.487775
-0.630975
-1.65711
0.618
-3.11687
1.02044
3.30435
-0.368873
1.14739
0.419288
-1.52605
-0.171206
-0.0598779
-1.91345
3.1778
0.488274
-0.388266
-0.00294159
1.70149
5.80552
-0.744466
0.412468
-3.22668
0.486929
0.337384
-1.46958
-0.478601
0.596991
-0.394991
-0.862355
0.692223
-2.09378
-0.367133
1.22595
0.582212
0.377735
-0.513007
-2.01073
0.517337
-0.83136
8.9887
0.147933
0.168862
0.734253
-0.815078
0.432315
-1.55745
-0.0185727
-2.35008
-0.335938
-1.53372
0.255997
1.11823
-0.588582
0.201977
1.47868
-1.96296
-0.859506
1.29808
-2.34391
-0.798036
-2.65252
-1.45448
1.34693
0.21397
1.89911
1.12328
-1.12888
-2.64949
2.25869
-0.160467
-0.262323
0.0303644
-21.0067
-1.70541
-0.783249
4.06419
2.07119
0.548847
-0.431747
-0.711403
-2.65025
4.5553
-0.119937
-0.273446
-9.62686
-5.80691
0.709528
-2.77438
-4.60774
2.28486
12.1195
6.2159
-0.109973
4.58649
-5.31038
-0.665627
4.18646
1.02914
-1.43856
-1.12337
-0.471505
-0.326196
2.65054
-3.59661
2.73682
0.0840164
17.3329
1.66658
-0.567334
2.98214
-1.12766
-0.324131
-0.564378
-0.097497
-0.418299
0.0622678
-3.2289
0.516481
1.9922
28.1293
-5.8206
0.0487315
0.0113358
-7.91086
-0.134085
-0.623871
1.14705
-0.595855
-0.625743
0.74931
-0.841204
0.0276184
0.421436
-3.81301
-0.0840354
0.912217
-91.4875
-1.81249
3.14354
0.0626438
2.22134
1.89976
3.13673
-1.64458
29.7
0.100782
0.532242
0.358789
-0.0214419
-5.90297
8.44218
1.57878
-38.6397
29.3865
-2.97569
-0.254384
-1.1403
-0.894661
-0.0683858
-0.395788
0.129171
1.61858
1.88248
-1.05912
-1.2909
0.645657
0.567223
-0.487983
0.723573
-0.283734
-1.01082
-0.393307
1.67176
-0.443018
2.86057
-0.0110081
-1.52179
-0.260611
-1.14382
-0.882332
1.23965
-0.177044
4.45927
-2.96324
2.94775
1.87851
0.349584
0.120477
0.810881
2.37524
-0.490107
0.33458
8.32093
-0.549166
-15.4754
1.69089
-1.52676
-0.97222
-3.74954
0.651411
0.918909
-7.59939
-148.487
0.423076
-0.489113
1.34582
0.470113
1.78562
1.58014
0.242573
1.80598
2.69571
-0.801888
16.1711
-20.803
24.3473
1.17187
19.6804
-0.0738892
0.607564
0.00841507
0.00737178
0.556869
9.2056
1.14772
0.320178
0.0897786
9.96243
-1.32145
-12.8078
-0.760051
2.44412
0.401274
-2.80765
0.800007
0.0626889
-0.482366
-22.9839
-5.2334
-1.41606
1.5667
-9.21794
0.00548572
3.48159
5.67006
0.706224
0.410229
-1.32454
-0.288029
-1.20731
1.39363
0.797918
-0.493819
-1.16901
0.0387196
-1.5443
-0.483528
-5.20336
-0.417202
-0.63257
-0.0530241
-1.48222
1.09247
-4.37159
1.18353
0.57422
0.17679
-0.0862292
0.248329
10.5565
-3.06985
-0.0454008
0.337257
0.065739
3.70093
-2.96767
-0.536566
-0.794345
-1.62851
-8.82392
-1.38813
1.5887
154.228
-0.103439
0.697781
0.262412
-8.56258
-26.2305
0.622598
-0.205918
-7.9195
-10.5157
-1.9407
-0.0633327
11.0969
-0.820678
0.670389
-3.32901
-0.750012
0.213391
-1.3499
-0.179789
-11.796
0.495331
-0.530904
0.237829
0.305183
-0.752015
-1.41863
-0.623827
3.0967
0.75875
-3.92782
0.0412658
2.22609
0.270523
0.560493
-0.576311
-1.25905
1.76092
0.16831
1.16942
0.147847
0.752564
-1.88749
-3.0791
0.613224
-0.538888
0.177379
1.6803
-2.12172
0.923235
-6.16297
-0.88691
1.62016
1.18795
0.608334
-1.1817
0.872501
0.439925
-2.31409
1.71863
4.4026
0.409938
-0.59153
2.01551
-3.93359
-2.22366
5.95914
-1.44225
1.63849
-9.41506
4.49355
3.80007
-0.940519
-0.881806
2.46802
0.697973
0.695311
-1.89219
1.34115
-1.31192
2.49595
-1.09365
-0.0227623
0.889101
-0.406639
0.559783
-19.1678
1.11958
-0.0893633
0.194417
0.500844
-13.5529
-0.836318
-0.190724
0.21715
-9.5327
13.3006
-16.3895
-0.678744
-10.619
0.113371
-0.27324
-3.62285
0.224585
1.03748
3.54353
-0.646501
-0.471059
-6.87373
0.148932
0.417375
-0.863679
-0.049068
-30.9686
0.674872
0.278775
-1.05083
0.375467
5.75072
-5.43187
-0.289512
1.26497
0.919054
-1.45942
-0.799003
1.19804
0.0183411
0.694729
0.731966
-0.636244
-1.34844
7.4473
-2.35726
4.87318
-0.922409
0.332456
0.866263
-6.40215
-7.98793
-0.483785
-2.78322
-0.172466
1.22135
-345.976
-1.80727
3.2577
0.647706
-0.609465
-0.761819
-0.553016
-0.252385
-4.22056
-0.0907427
-1.19342
-0.135934
-2.58397
0.123632
1.90558
-15.3667
-75.0426
1.86973
2.28812
-2.91064
-1.75141
0.244044
-2.55147
0.921827
4.9529
-0.128598
22.8839
1.0588
1.85358
-0.187687
1.97656
-0.0264754
-1.85272
0.815363
-1.96684
0.521718
10.0032
3.30434
0.739681
-0.68622
-1.85514
3.66649
0.511599
1.29802
0.700431
0.636771
-1.26312
3.50086
0.711817
-0.112838
2.21235
-0.308001
-0.479913
-1.7371
3.01729
1.10002
16.3883
-0.148637
-1.50668
-0.366009
0.231988
0.770501
0.497943
14.2182
-10.5871
0.922521
0.0867743
-2.35678
19.6733
0.475173
-0.853551
-2.65766
-5.71766
1.17228
1.16252
1.88051
7.13067
0.365341
3.47158
-12.5187
-0.1647
1.57883
3.51048
-1.64234
-0.576924
-0.348383
-0.527566
9.68618
0.158352
-6.00217
-0.79135
-2.33628
-1.08806
-0.688625
-0.888364
-3.50182
0.370534
-11.6157
-0.140523
0.294001
0.969915
-0.857964
0.780529
0.961601
3.32404
0.93767
-0.371061
-7.46314
-0.649522
-1.06559
-11.0081
-9.34818
-15.7298
-0.616545
-3.16548
0.158368
-0.0565213
-0.594013
0.509162
0.411918
0.519817
1.87831
-0.754947
-1.60708
2.20049
-0.00111564
-0.229491
0.745153
-1.85775
4.91521
-0.727691
-0.965167
-4.44979
1.892
-0.319182
-2.27363
0.335011
0.746626
-1.00857
0.654153
-3.91786
-0.382384
1.03086
-1.22243
3.41595
-18.0399
0.21896
0.953675
-0.0430822
1.4636
0.453641
-0.249386
-3.97194
-12.142
9.78517
-35.1611
-2.56705
-0.858027
0.665111
-1.81616
-1.66832
0.507234
0.0802096
-1.25585
-1.31213
4.7889
2.98011
19.8027
-4.37697
-0.16091
2.9133
-0.153111
-1.19634
286.206
0.33918
-1.07363
-0.716153
0.155334
3.30467
-0.748197
-0.0931661
0.855725
0.904225
0.416543
-2.08057
0.343032
1.53087
0.625355
0.333014
-21.5515
-0.808438
-0.719312
0.786786
0.899901
-1.70913
3.27795
-0.566622
-5.08161
-1.11268
1.02005
0.16314
-4.90405
0.869085
4.33086
-0.282003
1.57042
-1.18668
0.227885
-0.400043
-0.0790377
0.545536
-1.32026
-0.164367
0.480574
9.56798
-0.669987
2.07644
-3.62517
3.24656
-5.43922
-4.07649
15.9667
2.33461
-2.08289
0.299147
2.22862
-0.369559
0.218223
1.38572
-1.00889
0.205469
-3.43877
-0.393824
1.87121
4.49984
0.103987
-2.69195
-0.946532
-0.870388
-0.562251
-1.50542
-0.746141
-0.455561
2.81096
0.622621
0.592096
55.9664
3.55936
-154.305
-1.18488
4.8638
0.15567
0.661708
0.98304
-0.176692
-1.95692
3.14901
-0.690137
-5.07549
-1.18851
1.6245
-7.00545
0.20302
1.17073
0.111453
119.964
-2.12985
-1.04834
5.16206
-0.856374
0.902533
3.65214
0.237259
0.384478
36.0507
-1.46208
-4.87719
1.33665
7.74882
-25.3022
-2.13393
-42.4843
0.19438
-0.496677
-3.69132
-0.145104
-6.29785
0.632389
1.74413
-1.38894
-0.414699
0.569775
-0.0942217
-0.198568
-0.161132
-0.507752
1.46188
-14.6779
-3.09174
-0.00270826
-1.01524
-7.64361
1.25138
0.821452
-31.8574
-5.88993
-7.69419
-0.948921
0.275162
2.01781
1.93937
1.23989
0.473541
-1.46671
-3.28487
-0.61209
0.787664
0.780116
-0.651596
0.97146
0.15064
-0.404524
0.569328
-0.642535
1.37287
0.0138858
-0.907666
3.28839
0.446943
-0.992317
0.302988
1.57771
-1.48232
0.205666
-3.12315
-6.37349
2.00225
-4.96941
-18.3681
-8.44464
1.00508
2.54835
-1.87202
1.05133
-4.29704
3.33788
-4.02064
-0.772582
-0.653392
-0.974588
0.342221
-0.842229
20.8925
0.706117
-0.836342
0.879937
1.56791
-0.332937
0.37851
-0.808323
0.442205
-4.47513
0.750536
-0.377634
13.3369
-19.1624
-1.24373
0.784396
1.40462
3.50136
3.46021
-1.50094
-0.0606027
5.76143
0.837286
-0.122516
0.246966
1.21054
-0.604313
0.689377
0.523294
-1.52981
1.87645
2.55852
2.01471
1.32172
1.81752
1.8501
-1.19248
-0.277607
1.76671
-0.673622
-2.00548
21.5096
0.628267
-4.48629
-0.52001
-4.59674
-0.563434
2.32
-9.16878
5.18229
0.465171
0.354527
45.7207
-0.0128774
1.03882
-0.253738
0.468429
-0.14349
0.358839
0.868151
-0.757448
1.66993
-0.459685
1.04594
0.789184
0.610195
-0.363408
-0.561279
-0.74529
1.42335
-5.19915
0.898881
0.311166
0.432532
-0.217456
1.30166
1.67381
-3.84992
-6.63843
-0.990172
3.35069
5.20574
-0.436441
0.327499
0.03493
-2.39623
0.200955
-1.33211
-0.415477
-2.68724
-0.424563
-0.623291
-6.06724
-2.13644
-1.00137
0.525256
0.968677
-0.836872
0.629988
-0.0258772
0.267951
3.87542
-7.28064
-1.07572
13.4471
1.18032
-1.98805
-0.387071
-0.606853
1.43978
-1.8677
-14.8524
-0.11073
-1.50109
-0.220374
1.45667
-2.57548
-0.51243
2.97369
-0.149099
0.647464
-4.43042
-0.10398
-0.966957
0.82501
0.67948
-0.441619
3.47457
-1.07955
-0.790001
1.48303
2.72746
-5.64786
-1.38243
-3.35386
1.08772
0.158535
13.8539
-0.621239
-0.583031
-0.445603
2.06811
0.222949
-0.956181
-3.14339
0.85186
-0.265468
-4.0939
0.373057
4.95443
-1.63218
-0.315604
0.268975
0.681441
-2.43661
0.53386
-11.0644
-0.967476
0.33315
1.51438
0.421691
-1.05731
0.552236
-1.00801
-0.743864
2.09031
0.380553
0.174894
1.73239
-0.138934
-0.192179
1.07429
0.602141
0.28946
2.36474
1.21856
-2.45672
10.1243
5.01508
0.77725
-1.02609
0.165221
0.48909
-5.41343
1.11517
0.211989
-0.0713761
-6.26621
-0.0995679
-0.108028
1.64027
-1.25736
-0.266269
-12.4353
-4.03817
-1.33427
1.10662
-0.147986
1.70181
-0.48793
7.26917
-0.237814
0.134517
-0.117938
-0.43354
2.26604
9.65645
1.80281
-2.55284
1.64579
0.129533
6.10437
-4.06719
1.85988
-1.04413
-0.551865
0.131938
0.607074
133.805
0.710889
-0.045183
1.60816
0.828861
0.739061
2.23664
4.14685
-1.75379
1.13173
-0.588333
-0.208285
-2.61814
-1.30945
2.40911
-0.120915
-3.14281
-0.0874435
1.28497
0.341786
0.37697
-1.03714
-0.133323
5.37725
-1.11758
-0.442189
0.210018
-0.289073
-0.90657
0.239479
1.39115
-0.368361
-0.641501
0.0879934
4.59698
-12.3474
-1.00872
3.71373
-0.15551
-1.05305
-11.1127
-0.346368
-0.373881
0.502721
0.686234
0.450975
-1.27004
0.802127
0.469552
-3.62379
-1.0338
1.42075
-0.441488
-0.893111
0.321037
-1.10189
2.77681
1.1591
0.765799
1.07592
-0.59779
-0.740226
3.82208
-0.0222246
-0.648393
-4.68352
-6.41492
-0.19781
-1.48706
-1.45995
-1.34024
1.05922
10.4897
-0.814569
-0.915549
1.08606
1.44493
-1.45766
0.56714
0.90455
-0.365833
0.186579
0.368897
0.377081
0.961013
0.0379785
0.360872
-10.4297
-0.463129
0.283964
-1.37304
0.408334
-1.28064
0.0884268
1.26657
-0.386596
-54.8485
7.11113
7.61865
1.98537
0.557393
-8.7304
0.749884
-0.129831
0.252227
-0.932093
-0.201689
13.883
-0.441915
4.46674
15.0926
0.761419
0.30335
-0.105519
-0.154525
-0.00996151
-0.424114
-0.688
1.00673
-6.03272
-4.51008
0.591139
0.187366
3.3956
0.052045
-1.96689
2.23004
-0.329337
0.415452
-2.08077
-1.79063
1.17585
-0.288516
0.450654
-0.730394
0.212195
-5.88874
50.7903
-0.17843
0.875946
9.23999
-3.8103
0.623375
-5.17085
0.286607
-0.702112
-2.17472
-2.82807
-0.273912
0.419494
-2.27091
-1.33213
-0.707539
-2.57608
0.924531
2.20802
1.12687
3.6282
-10.1369
0.291244
0.804687
0.419188
4.59857
-1.42819
0.526851
-0.680087
2.41287
-0.166754
7.20558
-4.97695
0.914768
0.130605
0.953061
-0.254689
5.59292
-78.2726
-8.81337
1.09779
-1.38942
-1.42317
36.6085
-0.444341
0.358321
0.359778
-6.0085
5.12703
0.70339
0.768715
-3.3755
1.08909
0.138029
-0.862972
-0.0266777
-5.11094
3.89994
-1.09844
-3.81455
2.24437
-0.597542
-0.915421
-0.165304
0.579835
-5.41838
-0.0929462
-0.959615
0.124079
-1.804
-1.41188
-0.776331
0.186697
-1.99045
2.16041
-3.20139
-1.38567
-2.59633
2.33985
0.778353
1.87861
-0.351931
-0.961488
2.41609
0.0473521
0.382777
-0.506992
5.36676
-0.584306
0.148482
0.551638
-13.7641
0.889763
2.82133
0.0799938
-2.33472
-3.95121
-0.338375
0.935368
6.48487
0.0998162
-19.8085
-0.835169
1.25401
1.66809
-0.257101
1.71842
-1.60399
-1.33288
1.04555
0.296892
0.140039
-0.368737
0.0671297
1.71174
2.19558
-0.566446
1.92139
-3.53394
0.754535
5.26874
-0.507024
-1.76764
-1.22409
-0.154378
2.29381
-0.40764
0.124234
1.60166
-6.76168
1.18919
0.0757525
0.780852
3.18479
0.0436955
-1.9004
0.432284
0.320085
-0.664846
-0.942472
0.96815
1.52254
1.02436
-0.295616
-0.618333
2.30529
-1.30797
-0.656037
-0.0328049
0.98591
4.94527
-11.2846
-2.14723
-0.643045
-1.72594
-0.401482
-0.733186
-1.01635
-0.353844
1.96544
0.262138
-1.1273
0.568537
-0.518847
1.05171
-0.745074
-0.247311
0.737849
0.314325
2.29954
-15.6493
-1.73502
-0.367543
-1.73682
-0.354552
1.02706
-0.801238
1.34373
0.935431
-1.17892
-0.112497
-0.0453522
25.94
-0.0584957
-18.802
0.306182
-0.386537
-0.750157
-14.5786
-0.409428
0.25177
1.43605
-0.188208
0.557677
-0.102154
-1.16484
21.3842
-3.85407
0.33889
1.35507
3.67311
-1.09129
3.12617
0.0558829
-0.0741856
-8.16341
-0.770175
0.12297
-2.42219
1.68451
5.85888
0.785096
1.1736
-4.00631
0.375744
-1.49191
0.406772
1.71399
4.971
2.31324
-3.84156
3.91937
0.527086
0.115953
-5.31296
-6.29298
1.77893
-0.620611
-23.1992
-0.00986639
2.7594
7.65917
0.185093
188.539
-1.63124
1.16142
-1.11634
0.819225
-0.598871
-0.72088
0.075702
0.482781
-7.04449
4.72121
-1.18801
-1.16782
0.091665
-4.34885
-0.737169
10.3216
0.211995
0.0227497
4.06851
-2.38731
2.61361
4.60288
0.950953
-0.937876
1.127
-0.848159
-0.853547
4.40673
0.338793
1.48174
0.481219
0.301573
3.48775
2.39502
-1.23056
-0.139527
-0.154615
-50.7909
-0.254938
-0.316292
-2.66793
2.54813
0.477439
-2.12495
7.18422
-3.92821
-0.0358058
-0.403821
1.50637
-6.79797
-2.42926
1.65459
23.6786
-0.853871
1.35671
-1.25033
3.75235
-22.7978
-4.04867
2.43448
0.334788
0.576984
-0.322129
-0.0460973
-3.68576
-0.320964
0.590502
19.4949
-1.20366
0.414353
0.955871
-2.22358
2.22341
-1.14631
3.56917
0.0206522
0.76717
1.48903
5.22771
2.54994
1.56628
-1.34825
0.605893
27.2281
-0.372894
7.5429
0.208948
0.801982
12.3921
0.675483
-6.07913
-2.19829
1.60003
-0.0339245
-1.83343
2.92696
-5.32321
-0.880389
-11.7189
0.313946
2.00087
-1.44076
0.335955
-1.24855
-1.00329
0.390201
-1.4786
4.52966
-1.55268
0.565518
-1.04423
-4.13615
-3.88709
1.39162
1.71517
-1.20309
5.65365
-0.587576
-4.67283
-0.352443
0.251345
-0.414163
-0.333242
-0.605816
25.2294
0.592064
0.431731
-1.02559
0.306239
0.747223
11.4207
-0.574659
0.856196
-0.0860212
-0.907682
2.1076
2.08957
-0.772296
1.71345
-0.101062
-0.751227
-0.748756
0.416724
1.38012
2.47166
0.813853
0.346575
-7.09391
1.2894
1.74898
0.625746
-2.9661
4.28837
-0.785727
1.18222
2.065
-41.1599
-0.636436
-2.03128
9.6611
0.378292
-11.9941
0.4112
0.153358
0.588029
0.43515
-1.61991
-1.91591
-1.51797
-0.97572
0.628286
0.0300457
-0.854712
-93.6771
-0.597287
-0.124599
0.376825
0.335027
0.126701
-0.751866
1.3327
2.32892
-0.265176
-0.105694
-0.679068
-0.626015
-5.109
-5.64588
0.123693
0.0622161
1.44616
-4.89834
-5.69535
0.608862
-0.808678
-1.19592
-1.91086
-0.942198
2.05213
-7.35871
0.940473
7.55578
1.44554
-0.609574
-7.59124
-0.610671
-0.743252
2.07773
-0.550834
0.510416
-2.40283
0.207481
0.410448
0.188712
-0.0661568
0.978429
27.5203
-2.60318
-52.2177
0.875737
-0.300037
-2.58742
2.50602
-3.21346
-1.47845
-174.854
-0.270193
6.07199
-0.257407
1.21678
-2.77298
-0.693241
-0.296732
-1.20986
-0.913307
1.35051
1.01469
1.13504
-0.210381
0.835919
-0.500511
0.76404
1.19317
-0.13367
-76.0113
-3.59445
6.36106
1.42723
-1.60243
0.55284
1.10277
-0.384149
5.8017
-3.21357
-1.09024
-0.428726
0.152945
-1.23682
-0.639025
-9.71449
-0.726163
-3.78485
0.716213
-0.129322
-0.597811
-5.21441
-0.708655
3.49194
-0.0329716
-0.569635
-1.45373
0.470184
-0.271921
-0.982379
-3.5375
33.7659
2.55919
2.50757
0.658323
-1.119
-1.0108
5.51402
-0.193966
-0.445193
-0.0680772
3.5227
1.23878
-17.8634
1.78931
0.853586
-0.225107
1.2241
2.39521
-2.06489
-1.26576
-0.0223089
0.866849
-3.66535
-0.0866401
0.623812
-0.469594
-0.784851
-0.309777
-0.161478
4.00279
-3.74449
0.22611
0.303252
2.81904
0.35655
0.365742
-15.6223
-0.00830016
2.70482
0.886747
-1.27575
1.5869
-0.983984
1.41611
-0.240282
0.813648
-15.6043
0.527629
0.62778
-4.79522
-3.68022
-0.81141
1.21656
1.29966
-0.852329
-2.32921
0.547063
0.267832
2.41815
-0.992565
0.40082
0.949563
-1.77661
-1.32762
0.373464
3.60868
-0.147207
0.30268
6.27494
-7.9508
-1.53808
-4.1961
0.0954848
1.48783
-0.0125248
3.2864
-1.21171
0.222634
13.5046
-1.55151
1.46804
0.839538
-3.06674
-116.237
-1.78836
-25.1287
-0.29702
2.97666
-0.348389
-0.999508
-4.44436
-1.61002
1.06484
3.63035
0.179031
1.44541
-3.58181
-1.17296
0.660136
0.552148
-0.162505
1.37844
-1.1911
-0.369785
-0.180307
-0.568293
-12.3886
1.60224
-0.0969623
0.82036
-10.166
0.19366
1.19481
-1.02414
5.9335
-0.413226
4.34215
1.16118
-0.610455
0.826432
0.821696
0.427838
0.0345864
-4.49376
-0.499897
-8.92632
0.057948
0.0435017
-4.89602
-0.51535
-0.77886
1.2285
-1.29148
0.814901
0.13264
6.38759
-0.813149
-6.05498
-0.810135
-0.750574
1.39308
-1.37561
-1.15175
0.209261
1.17453
1.18394
1.24555
-0.830464
1.50633
6.91414
1.00576
4.77398
1.20391
2.12411
-0.580885
0.137172
2.03824
0.846632
-0.987679
-0.0125652
-0.0342491
11.8058
-0.712745
-0.135237
-0.854349
-0.00795218
0.333643
0.06229
-1.7182
10.3141
1.2303
-0.0702091
0.695624
-1.27275
0.945375
0.0753258
-0.329017
-2.16189
-0.253178
-0.774907
1.3565
4.86502
-0.488773
0.149414
1.24221
1.45677
-14.4361
-1.01525
-1.34662
-0.556099
1.63326
0.750937
-1.58467
0.264219
2.16748
1.16737
0.0669368
1.11538
-2.22681
2.96883
-101.472
-0.102516
0.31097
98.2711
-0.204916
0.278246
1.32489
0.430325
198.448
0.216793
0.119006
0.340841
0.714294
-0.942551
1.85208
1.24729
1.05339
-2.62219
1.63397
-0.977964
2.42239
-0.902809
0.403561
1.20606
1.55585
-1.35122
-1.40225
4.28694
1.2906
-0.38096
0.351701
-1.28715
0.330612
0.118037
-2.21448
-3.32277
-3.506
-0.858287
1.70187
-0.403459
0.806498
-0.135174
-7.7676
0.725929
-0.435857
0.152891
-4.08274
0.174579
-1.38674
-1.66487
5.22422
-3.85428
0.923922
0.399839
-11.6493
-42.2281
-164.838
0.138704
0.259558
4.32611
1.48719
15.7983
-0.375253
1.23354
-2.18156
-6.53545
0.231101
9.57128
2.02824
0.296428
0.810067
-6.82504
0.439607
1.33785
-0.233523
-1.06808
0.471662
-1.39574
-0.610857
2.40918
3.01578
-0.679133
1.09595
0.351393
-0.0371028
0.273824
1.72858
0.204258
10.9735
-0.258217
27.1463
-0.36577
-2.82803
9.40617
0.33812
0.176679
3.50021
-6.98523
1.16195
1.44054
2.58939
2.24128
-17.7585
1.28993
-0.605532
0.492535
0.0819181
-7.46043
-1.01405
1.53816
14.1883
-0.283748
0.5846
0.234957
-0.157846
-1.95982
0.191063
0.811509
-1.71593
4.5744
17.1877
0.635335
-0.09411
-3.10083
2.37789
0.497428
0.323045
-1.06031
0.723755
-1.15336
9.69041
-0.256814
-0.276321
-0.473702
2.40018
-4.12549
-4.52463
-2.66837
-12.3919
8.3389
-1.06037
-3.46337
0.902506
-4.78993
-12.6676
9.3526
0.225918
-0.547228
16.5836
-0.797056
-0.648226
0.658812
0.846029
1.26954
-0.322631
-0.104666
-0.436942
2.77696
-0.228328
1.92306
0.625415
-2.88452
0.476005
-1.08438
0.510747
-0.0603773
2.60153
1.81447
1.35556
-0.0603164
-0.0791029
-1.16538
-153.368
1.63549
0.372382
0.473429
-0.956334
3.83535
7.87599
51.7597
2.06466
6.98425
-1.94927
-1.77209
0.129634
2.45607
-2.90354
-17.7617
-1.41361
-0.147135
0.70246
-3.69242
0.11828
-0.148235
-1.37151
-0.899282
0.327152
-0.419828
0.683931
-4.22836
0.461961
0.704516
3.04881
11.5068
-0.952561
6.66486
0.448446
1.63771
3.60319
1.3009
-4.31252
0.862323
-0.0913376
3.00733
-2.96276
-2.3627
0.408853
-2.15769
0.0145185
1.03526
-10.3148
0.344223
-0.394208
0.894433
-0.303025
0.0501764
81.4266
3.55429
-1.36055
-3.06079
1.07822
-0.386862
-0.363176
-1.95024
-0.261099
5.37517
9.90398
0.360437
-8.73935
-0.164144
-0.480687
-2.98112
-0.102879
0.66432
-0.192797
-2.23366
0.660035
-0.425097
1.36978
-0.0305145
-0.581103
-2.50095
-1.59204
1.10255
-0.058041
9.62097
-4.48412
3.86578
2.23189
1.91393
2.19324
4.79464
1.42313
0.416713
0.133061
-0.791488
1.38491
-2.53048
0.95596
0.0593433
0.163049
10.8123
-0.336206
-6.62613
1.36647
1.49402
-3.14656
-4.57837
3.0538
-0.0578728
1.26133
1.91334
1.78022
0.676219
1.73472
1.94183
-0.681531
-2.06571
0.016004
0.977285
-3.42763
0.746912
0.0887099
-2.5452
-0.580907
-0.169154
-1.67027
2.13127
20.1885
-0.739106
-0.5774
-0.0192281
0.0770588
28.7457
0.707991
0.332642
0.0734349
1.11256
-0.544446
-0.362033
0.338327
0.528413
-0.638574
-0.0482529
1.53109
2.97627
0.141325
-0.275912
0.808119
1.0643
0.826375
-0.414118
47.9174
-12.7548
1.39579
0.339961
3.77372
-3.72642
-3.00156
-0.840265
-1.60207
0.673931
-4.9431
0.0143313
1.98055
0.193482
-0.5124
-1.22394
0.376637
1.59482
-0.00566638
6.2312
-0.564969
0.0668566
0.722849
-1.38361
-7.06743
0.18238
1.07378
0.112169
0.493847
0.638982
6.8853
-2.18031
1.511
0.125784
5.54208
-3.59743
-8.46292
0.154609
8.25444
-0.816475
-16.5356
1.0958
-4.57229
-0.452226
1.00881
0.43564
-0.103124
-0.056878
-9.91097
-0.906765
0.780572
9.56204
0.0483633
-1.80483
-1.2119
-55.1783
1.10706
0.512647
-1.55037
-0.351666
3.06287
-1.83857
0.208383
-1.12302
-1.09267
0.300179
-12.4743
-3.91329
0.558514
-0.214984
-0.596448
-0.17395
-0.127949
-1.99524
-2.2307
3.14909
0.420483
-0.263283
0.143757
0.18667
1.54632
-1.1879
0.329153
1.38665
-2.07858
0.354976
0.193784
0.912016
-0.344795
-2.41634
-0.364657
-5.0576
-0.465377
0.123418
1.47606
-0.0669296
-0.2843
43.268
-2.04621
0.255423
0.445545
-1.5985
10.7793
9.24898
0.634731
1.02088
-5.07781
-0.360633
-0.305899
0.342023
0.598894
1.17688
-5.38893
-0.236802
0.425629
5.53446
-2.52023
-5.10567
0.874758
-1.43424
-31.443
1.28525
-8.46879
7.58591
2.78289
-1.13009
-0.420902
0.268703
1.75325
-7.05786
6.53157
4.99146
5.55623
2.01081
-6.12096
-0.432264
-1.56126
1.07092
-0.872982
-0.175943
0.332849
3.52315
0.132135
-0.218143
-0.480576
-3.39976
0.839973
-0.845855
-1.25226
-0.383325
1.03582
0.117726
-1.13525
0.0212509
0.0504394
5.18743
2.33208
51.4241
0.160017
22.8314
0.363653
-0.0608267
0.047105
-23.0072
-0.656533
3.97396
5.17316
-1.4411
1.28539
-0.165105
2.7054
0.303958
-0.796421
1.11746
0.678862
-0.358744
-0.977994
-0.76415
117.077
2.73115
-0.218778
-2.48033
-1.72388
-1.65668
1.25307
-1.30365
-0.205276
-1.20444
-0.140377
-0.00956382
-0.0830385
-1.26917
5.77421
0.548773
52.7047
-14.0224
-0.762187
-6.28014
-11.3813
-1.84566
1.56647
-0.419569
0.820589
-1.66591
0.552771
1.12636
4.85662
0.616524
0.363438
1.25961
-3.10571
-1.29528
-0.588896
0.418409
-0.588934
-0.905709
29.4468
0.696405
1.60587
-6.97309
1.28694
-0.381265
-3.31287
8.75122
0.827109
1.29849
-1.71425
-1.47322
0.932367
-0.110602
0.444882
-0.563002
1.32845
0.44791
1.03762
-3.76762
-0.399252
-2.05046
-0.621356
-0.657118
-0.0734316
-1.69801
-0.560712
-5.12615
-2.68469
0.243747
-2.07859
-3.13128
-2.18352
1.5211
0.956466
35.7496
1.6042
-1.06084
-3.92625
-4.01014
1.94015
0.728445
-0.36901
1.78997
-1.02159
2.67794
0.881174
-1.66423
-1.74072
-0.380755
1.27347
1.29793
-4.68374
-0.734604
0.183668
-1.01852
1.11739
-7.96884
0.593657
130.832
-0.680599
0.25004
0.487281
-34.2683
-0.699316
-4.95972
-18.5088
-1.31455
-7.85074
-0.897531
-0.555533
8.03062
0.81576
-4.089
0.125425
-7.99643
2.30698
-0.0362258
2.38841
-0.660295
0.261525
2.64732
2.48155
-0.630126
-8.69306
-0.501288
-2.12881
1.34198
-0.689011
0.17853
0.89391
1.23507
-0.0415723
-1.3424
1.81
-1.75888
0.72989
-1.59177
0.189935
-0.323779
-0.319426
-0.984848
0.950034
-0.673812
0.296937
-3.09001
-1.65502
-9.21808
7.82502
1.99305
-1.24205
-0.224238
-0.749239
-0.596499
-0.110256
-0.856127
1.72055
-0.95989
2.38306
2.50449
-0.300127
-2.45604
-0.168699
-0.442566
0.0948546
1.43076
-8.26963
-5.18168
0.318512
-4.32241
0.43683
3.25345
0.0309765
1.6939
9.56175
-2.32992
-0.699375
0.564056
-3.2681
-18.1437
2.40464
0.261232
-0.16569
-0.208112
3.29345
-2.00596
-0.243751
16.3572
0.023114
1.00794
-10.0285
2.3225
0.365953
0.175995
-1.66086
-1.51663
-1.13152
1.30576
-1.34918
0.166377
4.03177
-1.42488
1.36266
-0.116412
-1.19714
0.0528556
-1.14037
8.26175
-1.41271
6.22294
0.0255454
0.654263
2.48836
8.61022
3.10754
-0.208442
-0.293254
-0.205415
0.134371
-0.85677
58.4178
0.151335
0.244875
-0.00702868
0.0181376
0.62005
-0.0167637
-0.441863
0.876001
-1.53976
-1.5778
-1.16234
-1.34879
-1.51609
-0.775649
1.02497
0.106492
-0.256467
0.527792
-0.899908
-0.342756
-0.546671
-0.572531
-5.82589
-1.38416
0.909578
1.27887
2.6431
3.76479
2.64065
0.199006
-0.651544
-1.19777
5.05894
5.76761
0.313602
-10.3356
0.776202
-0.0944397
-2.34003
-81.9295
-1.11314
-2.86857
-0.28221
-0.32582
-0.328813
-0.0970845
-0.795713
0.634698
-0.729005
-0.545626
-1.07246
2.89064
0.30337
0.0884328
0.360846
3.6991
0.0692503
0.890401
-0.217442
1.19766
1.45174
-0.146373
-1.28078
0.759619
-0.83593
0.0671953
1.16631
-1.79509
0.493728
-0.473891
-0.229729
2.59093
-0.340525
0.934656
-1.55625
-5.34154
-3.43085
1.01072
-0.179569
-4.35482
0.874393
1.70438
12.0691
0.989181
-1.40862
-0.291015
-1.05969
-0.133185
0.196297
0.0592557
25.6535
-0.842441
-0.109864
-0.840568
-1.13144
-0.586218
-2.54067
0.697065
-0.140448
0.245012
-0.346586
2.35361
-9.98833
2.51547
0.43297
0.253436
-24.6408
-0.060956
0.449281
1.99867
3.13729
-0.290613
0.911153
0.415226
0.00259645
2.05211
0.103033
0.418372
2.83571
0.164414
0.898747
-1.11203
1.24158
-18.5482
0.350044
-0.928657
0.5591
0.101141
-4.58952
0.183825
-6.12503
0.204147
1.72353
-0.428605
-1.06156
-0.356704
2.02975
-36.658
0.319951
-0.377738
-14.1904
-0.473068
1.19932
7.20305
0.839731
18.3509
-0.448175
-3.64285
1.96396
-0.6326
-3.91191
-0.0251685
6.23208
-4.66978
0.240639
-0.232708
-0.077616
-0.47089
0.202888
-144.866
-2.81379
0.768827
-0.979291
0.806493
-3.55732
-0.428405
19.3043
0.774956
3.64507
0.193831
0.127823
1.82262
-88.8053
2.96016
0.339234
0.767546
11.157
-1.35239
-21.2485
-0.874625
0.384891
11.6846
-0.450154
0.958064
-0.460572
-1.46417
-117.706
-0.196343
-0.985187
-0.639525
12.2022
0.196856
-24.9883
-0.724251
8.19619
0.468016
-0.00101045
-6.15269
0.586491
-0.299001
-1.62184
-1.52862
-1.04423
-1.08627
-2.37982
0.059676
-1.16243
-3.94843
0.574182
1.29847
2.85514
-0.554894
-0.140269
0.234037
4.14473
1.24002
-0.453752
-1.62721
-0.298377
1.90439
-1.36649
-1.73722
1.69744
-65.0838
-2.07826
-0.0565325
-0.64781
-1.0872
-1.73126
0.34739
-0.434483
-4.35187
2.31548
0.434003
0.180363
-1.63363
-0.187013
-1.16979
-0.545667
0.336793
12.2075
-0.280138
2.00704
0.613885
-0.256689
-0.975267
0.439273
1.15535
214.485
-0.161783
-0.998346
0.286524
-0.254986
-0.252239
0.31121
0.0506606
-0.497358
5.17006
-0.590921
-1.05808
0.663513
-4.35144
-0.335534
1.38605
0.0722717
4.3935
-1.06202
1.8509
1.06137
-0.353956
-1.20028
-0.403994
-0.141942
0.463258
0.845897
0.0428237
1.61563
0.203224
-0.227116
-2.32676
-0.800474
0.563518
-0.364699
-0.684147
0.110049
-0.657935
-1.71032
-2.13615
-7.26589
0.654072
1.38773
-1.3781
-0.826138
-1.20735
0.278859
0.468561
-4.46336
0.629889
-0.0251174
-1.15165
0.634209
3.80349
-3.63527
0.059964
1.43007
-1.32867
-0.131865
0.236334
-11.4559
-5.87716
0.500827
-0.842152
1.8519
1.40223
4.49912
5.02068
-0.360429
0.29347
0.0693985
-16.5147
-0.0221065
1.33548
1.86374
-0.68549
-2.33747
0.243537
1.40541
2.15533
2.06629
-1.16263
0.220701
-0.100329
4.50386
-0.0908353
-1.72494
-251.013
-0.132156
0.177728
-1.26373
0.132652
0.0721379
-2.86607
0.141329
-0.0356996
1.97681
0.915701
1.36443
2.99855
0.310087
-0.196209
0.509211
-0.24762
4.64554
1.79786
0.0278911
0.182682
0.731414
-1.13881
0.337314
0.632086
-0.0154355
-0.167127
1.15312
-0.500257
-3.8394
-1.45963
-0.115868
0.260474
-0.243581
-0.812073
-1.09944
4.01226
0.094783
-1.16727
4.77204
3.66426
-0.257391
0.68994
-3.48671
1.45784
1.15824
1.09049
-1.19533
-0.720854
-15.6468
-1.98061
1.74631
-0.725163
0.288943
35.5775
-0.397064
0.210483
0.675319
8.46659
0.348501
0.779353
0.590753
0.33009
0.587428
-1.38319
0.542603
3.64876
-1.75328
-0.574859
4.58058
-2.51645
0.283343
-0.249582
-0.169494
-0.474584
-1.69888
1.22512
-1.51567
-2.4648
-4.20795
7.58453
-0.260474
4.98238
0.498857
2.93814
-1.02438
1.71505
0.0489355
-0.631893
0.810516
1.54018
0.484802
-20.8182
-0.620005
0.564123
1.24037
2.17063
0.151087
0.729497
-1.7418
0.384525
-0.769121
0.161159
2.0677
2.05236
0.677006
0.758525
0.317084
1.55586
0.442306
0.677613
3.86447
0.566797
1.69395
-0.299611
0.554473
-1.27768
0.822206
0.147123
-0.537703
-0.00934406
0.156466
-0.568921
-0.00189631
0.791587
0.265365
0.476724
1.45696
-1.90703
1.23846
-0.806171
-1.18888
-1.08222
0.0888947
-0.464874
0.164671
1.56734
0.382103
0.648935
-1.25256
-4.59383
1.34747
-1.35833
0.0666777
1.84451
5.75514
1.67809
0.560947
-0.360567
-0.658746
-0.384421
-1.97973
-2.38833
1.53705
0.932165
1.88209
-0.179662
0.778192
2.66812
6.78171
0.0544448
25.8299
0.0995646
11.4669
77.1473
0.0966851
-32.5074
-1.27811
-194.175
1.12257
-0.693608
0.865296
1.18797
0.865196
-0.018461
-1.30034
-1.24941
-0.641404
-1.12541
0.186063
-0.804711
-1.34758
5.23239
1.19178
-0.946403
0.681334
0.108486
-0.315821
-0.505453
-1.80679
0.138517
-1.17241
0.998288
1.05194
-0.216308
0.265272
3.26597
46.2721
-0.82291
1.52831
0.713898
10.52
1.03492
-1.37553
-15.2037
-1.38546
-7.46925
-1.66194
0.476672
0.214096
-0.616735
0.387576
3.80483
0.576994
-4.46568
-2.80263
-2.15178
-9.28416
-2.12753
0.342077
1.87244
29.8548
2.59425
0.174012
-0.828701
-0.754352
-0.600661
3.47708
0.338779
1.96643
-0.685993
-14.3656
8.43114
0.158513
-1.43687
-0.891933
0.413199
0.587423
0.184287
0.448248
-0.387771
-0.854674
-0.00013245
0.362589
275.076
0.505324
0.133597
-0.891763
1.42943
0.889294
-66.2167
1.20224
-0.95886
-0.504644
0.638747
-0.769674
-18.692
-0.281515
-0.58495
-1.14293
-1.86256
-1.93876
543.35
-0.952842
-0.443442
0.240846
0.346597
1.3633
-0.675627
-2.04793
0.886203
-1.08517
0.585902
-1.16538
2.3339
1.49358
-0.521777
1.68231
1.84176
-2.65415
-0.177759
-2.61416
-0.0681379
-0.936841
-13.7239
-3.4674
-0.336346
0.558214
-0.0874911
-27.0405
0.0765206
0.980607
-0.316721
3.23234
0.363624
-0.683883
-0.0402274
1.30969
0.262643
0.345139
-7.15016
-0.447788
9.85148
7.39369
0.732042
1.19785
-2.78247
-0.160113
-0.726149
1.42553
-1.29041
-0.795881
0.233278
10.8481
3.1696
0.65614
1.24354
-0.449383
4.99602
-1.14932
1.67615
0.731777
0.648124
-0.379064
-1.14373
-0.895346
0.381586
-0.132455
0.0402703
0.28969
0.335537
-2.19295
-1.78406
1.20085
-0.490859
1.5223
0.364547
-0.55342
0.80121
-1.93351
-0.886414
-1.33169
2.2977
-0.0719155
1.67329
2.55386
0.181775
-0.0825301
-0.397168
4.98188
0.290464
-0.0347426
-1.00588
3.12377
1.58133
1.35174
-0.0273941
-0.901796
-0.187937
-0.300236
-1.57888
1.45549
0.168089
-1.9999
-0.3892
-1.14186
1.11921
-1.56852
-2.16376
-2.89923
6.71367
-1.62979
-4.8135
-2.08481
-0.212657
0.877635
-6.1207
-0.466183
-1.89836
0.0337732
3.54555
-0.77768
0.127017
2.71696
0.484429
-1.76377
5.79648
-0.222613
0.0411102
-2.58101
1.01973
-0.269083
0.404669
-2.55573
2.37363
-0.874048
-0.839777
1.42135
-16.4119
-0.50928
1.16768
-0.212671
0.290745
0.939408
7.45815
-18.8013
-5.59544
0.279104
-0.306823
-2.2804
60.7653
-0.890219
0.00531864
0.289451
-1.15714
-1.60739
0.581129
0.177688
-2.58086
0.342683
0.652864
0.694493
1.31928
-0.102208
0.488353
-0.218312
-1.09151
-0.146118
0.172523
-33.6036
-0.580427
1.53297
-1.38592
-0.908482
-1.36261
0.467691
-2.40617
-0.185308
-0.040633
1.7862
-1.60459
0.0362128
0.661616
0.581152
1.5109
-1.79312
-1.09019
-0.780574
-0.552598
8.3951
0.554677
0.338867
-2.97309
-1.19959
-1.67003
0.87599
0.533044
-1.00536
0.691726
5.65657
7.89961
-0.853687
-0.979772
2.79568
2.65898
9.45684
-0.344186
0.877677
0.572877
0.880555
1.63146
-7.37728
0.43981
0.999799
0.854651
40.4123
0.293974
-0.561524
-1.73123
-1.12756
-1.44392
-2.38117
1.01436
-0.579376
0.894528
-2.20823
3.03149
1.9432
-0.995053
-0.791211
-0.523831
-11.9826
-1.82604
-5.12144
1.20639
-1.7827
-6.75468
-2.19697
1.55321
-2.48768
0.770274
-6.52193
-4.27321
-1.62871
-0.0693861
5.42527
4.12298
0.43743
166.019
-1.7454
5.11835
2.81667
-0.932431
0.645655
-1.14335
-0.461965
-0.204396
-3.45018
-1.69487
-1.07578
3.28811
0.0278941
1.39657
0.169055
0.630175
-34.0893
-0.719675
-2.89523
0.507736
-0.429476
-402.189
-1.09698
-0.264015
-1.44736
0.57381
0.161997
3.23976
1.03522
0.304039
0.864435
0.0925863
1.10303
0.0818928
0.144155
0.573778
0.169901
-0.872463
-0.650304
-1.53636
0.656359
-3.99886
-1.10875
-9.15629
-0.52481
-1.45037
6.22983
2.20806
-0.932347
0.582306
-0.591833
-16.6156
-0.178501
-0.701393
17.1781
-1.73108
20.2246
0.810754
5.4156
0.239475
-1.86518
2.98459
13.3745
-0.691139
1.23559
2.2514
0.365201
0.607898
-0.647961
-0.511596
-1.94598
0.068387
-0.266027
-0.398443
0.844976
0.298832
-6.27095
3.51997
5.41533
-6.93189
-5.51842
-0.538377
0.410124
-0.316822
-0.749295
-1.02633
6.46689
-8.78261
-0.382382
1.46044
0.975557
-1.12188
-2.57089
1.96549
0.634104
3.76383
9.03073
-0.424244
0.625438
-4.27626
60.105
0.459988
-4.38553
0.536575
-6.43745
-0.22443
0.591325
0.337833
6.20131
-1.20515
1.24117
1.32603
0.295025
0.65441
-2.50775
-0.162598
0.63602
1.91194
1.93716
-0.843741
5.62294
0.0520066
-32.4525
5.02045
-1.13679
8.91412
-0.777103
0.751128
0.610095
-2.62358
0.0045906
-1.33302
-1.31632
1.18499
-0.940713
109.877
0.355305
-0.416355
-2.38772
26.4647
0.615029
-0.117655
-0.286908
0.32264
-7.01924
-0.586728
-0.506655
0.217546
0.0516219
-3.29677
-0.585982
-1.47917
-1.47297
-4.73253
0.42026
-0.226985
2.59895
0.840681
-0.182949
-6.12929
0.4671
-1.09074
-0.462225
-0.0405555
-0.43228
-0.833986
1.45659
5.9186
0.201891
0.459793
-1.55812
-37.0283
1.13158
0.603313
-0.419315
-0.947865
2.04708
1.86508
-0.311132
-0.341624
1.21582
0.314955
0.754994
-4.25883
-0.178888
-5.61576
-7.95821
-0.200512
1.63863
21.7084
0.105761
-0.312156
-0.5034
4.44488
1.78956
0.402597
0.792666
9.43099
-0.140343
-4.56896
-2.5535
0.919407
-3.91293
0.724311
1.13368
0.171287
-0.579002
-0.435383
0.746717
0.61903
-1.04972
0.417113
1.33992
6.59607
-1.51421
0.944115
0.737889
0.843021
0.298628
16.9959
1.56494
3.26323
-2.92329
1.36594
-1.18212
-0.473779
-1.26387
-5.45444
0.436505
1.62455
-0.783127
0.479601
1.34869
-2.3378
0.329449
-0.581471
1.13621
-0.326039
-0.571573
11.9913
-0.423558
1.06632
1.16216
0.327297
0.317909
-0.0232156
-0.322394
-1.83079
0.312838
0.115895
4.21948
-4.9861
0.632884
-0.683125
-2.48652
0.0703485
0.27152
5.19373
-0.0604863
5.17334
0.141364
0.40413
5.71664
1.46365
-13.3813
-1.07313
-0.198357
-2.58134
-0.448164
0.11039
0.595843
-1.82908
19.354
-0.799371
0.652986
-0.815913
-49.2324
-0.976198
-0.810757
-0.965259
0.227152
1.06793
0.214717
-0.22284
-1.4217
-1.42799
0.957604
-0.317022
56.43
0.923377
0.295786
-0.330059
-0.86213
-1.66389
-0.645194
0.619442
0.097774
-6.299
0.686968
-1.29481
0.185172
0.301204
0.420105
-2.53767
2.88448
-0.365269
-1.38295
-0.287339
0.197322
1.521
1.30272
-0.0778634
-2.58244
0.571152
-0.139871
0.0164996
-0.509031
-0.479114
0.480506
20.4578
0.427708
2.61428
0.308353
0.0798682
-11.9318
-0.898342
-1.81861
7.14116
0.208299
-1.5244
-1.08138
0.926707
2.11645
31.5187
0.334367
-3.81191
-0.330633
-1.81488
0.155958
0.294738
-0.427319
-15.3942
2.20797
-1.62934
-0.675524
-4.32753
1.96575
0.77014
0.674313
-1.934
1.09091
-0.615743
-1.25344
-0.108486
0.532559
5.26425
-0.189937
1.32027
-3.08588
-0.511226
1.73278
1.30298
-0.326811
-0.557427
4.93445
0.360582
1.05903
-1.15889
-1.95061
0.58665
2.0834
1.75346
0.225433
1.43439
7.24755
1.62463
-0.358373
20.6634
-1.52728
1.48475
-0.14181
1.63859
-0.0226403
1.40383
-0.627307
-4.81752
0.347516
3.26813
1.49403
-1.65149
-1.45575
0.909351
5.45613
-3.60605
2.43677
0.235307
3.3675
1.83429
-0.507
0.435145
-0.672288
-1.2698
1.19214
-0.408562
0.976877
5.18259
-2.00896
-0.588774
-6.79651
-0.337458
-1.3
0.211918
3.67732
-3.33352
1.53189
-1.01856
4.76965
7.7548
-23.5488
-0.214832
1.03014
-0.171253
-0.489811
2.23122
-29.458
0.0992739
-0.235811
-0.679522
3.98809
0.815826
-0.108686
0.393645
-1.86949
-2.2771
73.0157
2.19654
7.10806
0.147021
0.18444
1.44806
1.14192
0.562581
-1.54002
0.900019
3.35019
0.350765
1.44491
1.48199
-1.31159
0.940683
0.202719
0.67982
1.6053
-0.679911
1.06887
1.50951
-0.86849
-0.660972
-0.43314
-2.07171
-2.57876
-14.2536
-0.970314
-0.53954
0.0109566
-0.997288
7.72716
-1.62326
0.821591
0.0524598
3.13551
1.36896
-3.45983
-0.127783
-1.68177
0.999252
9.97193
2.53609
6.11109
1.23471
24.1928
-0.243562
-1.5925
-0.709776
-5.92719
0.0548905
-7.41741
2.18294
-4.29516
454.785
-39.8523
2.11809
4.6753
-0.27463
4.3557
0.208725
-1.27167
1.75074
-0.269414
42.0119
-1.7487
-2.69629
0.431789
0.112005
-0.272988
-0.532763
0.0668966
2.27566
0.621636
0.632634
-1.89024
0.54353
0.0467788
-0.189536
-3.24415
3.16404
-1.96936
-0.43929
-0.0784443
-8.54144
-1.06754
64.5188
-1.09974
-1.17913
-13.5494
-0.0157735
-1.37843
1.7095
-1.12492
-0.0767632
-0.343265
-0.859401
-1.59835
1.12323
3.13032
0.746657
-0.323031
-1.15029
-0.0982641
0.450462
-2.90703
10.4404
-0.497635
-0.597823
-5.49554
1.47372
1.27953
0.767768
1.1406
0.796357
5.85582
0.976597
4.78719
-0.445517
-49.8589
-0.275565
-1.164
7.86081
1.24285
3.0227
-1.9058
13.4353
-3.58897
-0.538758
-2.70801
-0.661137
0.106574
0.968902
0.0646092
3.33054
0.764343
-0.139737
0.367523
0.438054
-0.332558
-0.34789
8.76832
8.9088
-0.779389
-0.805834
-0.126744
0.0643848
0.526126
0.636328
-2.82068
1.33099
-2.07938
-0.894642
1.23758
1.67738
-1.43444
-1.07125
3.39638
-37.6509
0.269432
0.238772
0.326997
0.267616
0.346485
0.53944
-0.636451
-5.17064
-1.51701
-0.0964628
1.19545
-75.1051
-0.219336
0.476867
1.67755
0.811963
-0.695248
1.33167
-0.912907
-0.972439
-1.07503
166.95
2.08696
0.0288452
0.193537
17.8819
-10.2846
-7.96602
6.73176
-0.399988
0.634934
-0.411116
0.39442
0.459155
0.0641542
0.25789
0.694265
-10.6783
-0.589448
-0.314272
-9.31071
-1.6967
0.712898
-5.65642
0.757891
1.44904
-0.146231
1.77218
0.138472
0.0375465
-0.918918
2.40655
-0.649766
3.84863
4.44998
-0.984255
0.550174
-0.707266
-6.4558
9.68969
0.433662
0.00760454
-0.0861636
4.90771
0.730783
0.0453857
-1.83783
9.09111
-0.161304
1.79076
-0.0258453
1.29955
0.797291
-2.88394
-1.05254
-36.7559
6.19119
0.151788
2.57741
-0.00412458
-5.80218
-2.57374
-0.488447
0.425755
-0.467542
0.265859
-2.20155
0.314353
0.00139463
0.517707
-9.76288
-4.63352
-1.05008
-0.821246
-0.0894028
1.65473
-0.970518
-0.925148
0.368424
-0.534641
4.31784
1.16126
0.256644
1.57584
180.944
88.7568
-10.0038
-2.32833
-0.0480972
1.88301
18.9824
0.448301
8.87588
-2.14528
0.0835571
-0.918377
0.0824557
-0.193193
-0.328323
1.08278
-0.30529
0.389075
-0.0935457
-0.508394
-0.379846
-1.31819
0.784103
-1.40245
-0.624869
2.01623
0.688705
-3.83516
-4.58511
-5.38598
0.00460053
0.611003
0.866476
0.515507
1.98089
0.0948789
1.73789
-0.305981
3.06757
-1.07775
-1.34679
0.4236
0.289937
-0.382751
-17.8006
-0.168928
-0.667533
-1.13145
0.275226
0.217852
-0.0265501
-0.298518
-0.87645
1.36656
-2.51759
-1.14458
-0.377514
0.47454
1.45956
-1.01044
-4.60308
-0.33566
-0.568661
-1.04561
-0.578335
0.576449
-10.493
0.356533
0.4616
1.90839
-6.42904
-0.160322
1.02871
10.5473
-1.77722
-6.24547
0.242734
1.25981
2.61987
-0.218082
0.00208344
2.31128
-0.771058
-1.04872
0.492881
-0.0405349
-0.235148
0.375055
-0.649547
1.40417
-0.547569
-0.529977
-11.9053
-0.955664
0.125084
-6.66902
-2.57214
-0.730826
-1.37429
-0.979256
-0.00893703
-0.133977
-0.54235
-9.21538
0.957176
0.449885
-21.1653
-6.73059
-16.0279
0.334183
-1.82034
-7.72228
-2.16433
0.573865
-0.356554
2.21304
-1.0018
0.360769
0.401872
-0.673316
0.382164
1.93882
-2.18846
-0.136518
-0.760266
0.668095
0.11631
13.1522
1.40167
0.311421
1.7038
2.40083
-1.26209
8.24446
1.64649
-0.0595185
7.1363
0.749918
12.8714
-0.571839
-1.39484
0.305467
0.632635
-0.166664
0.364464
0.898007
13.173
-1.28056
-0.170791
5.28032
0.374755
1.52074
-3.32528
0.446392
2.54242
15.2059
-0.989411
2.09231
1.06617
0.0278783
-7.18689
11.1067
0.798152
-3.60714
4.14042
-0.411697
-0.428345
0.420116
3.70694
2.58929
-2.30163
3.95226
-2.08321
-0.0578182
-1.13721
-1.04413
-2.62065
-0.665668
0.896903
1.24953
-0.937547
0.785867
-0.691221
0.32537
-0.955547
-1.47823
-0.424653
0.941087
-0.0603804
0.573687
-0.621729
1.09156
-2.01046
-0.363567
8.00569
7.14803
-1.42674
-0.629966
-1.11295
3.34865
0.731208
-3.24484
-2.50956
-0.32967
0.0911205
0.398372
-2.31551
1.58887
3.42523
-0.519112
-0.223977
2.42676
18.8801
17.4517
-0.477599
5.51627
1.26791
3.08258
0.633411
-0.766732
-1.60276
1.13579
-0.465133
-0.570824
-0.327106
1.28486
0.130564
-1.07379
-2.72274
0.0063492
0.381396
1.26549
8.07588
-0.454101
18.8224
0.829258
-0.100051
-12.8272
-0.218777
-0.309339
-0.431312
-0.806742
0.617229
-0.528848
-0.616241
5.68617
-10.5183
0.897042
-0.678769
0.255232
0.417549
-0.252729
5.24795
1.83229
-0.174738
0.445059
1.02483
1.19009
-0.418823
15.7116
0.127445
0.100184
-5.82688
-0.805128
-0.58173
1.68082
-0.0125447
-79.3647
0.118413
0.490345
0.541742
10.1536
-0.157053
-0.644503
-9.27733
-0.923087
0.985731
4.77812
0.583771
5.29784
1.80608
0.433756
1.93675
0.115384
-2.65993
-8.64299
0.701447
1.57179
0.0550247
-1.09011
-0.333999
-11.6645
-0.649305
-0.548047
-0.39435
1.93948
-1.67908
-1.0504
0.861184
-3.40883
-0.418262
-2.55509
0.450445
6.09449
2.59278
0.854296
-5.60753
-1.34312
0.781685
-2.49215
-0.132034
1.13933
-0.496742
0.52794
-1.03249
3.54149
0.0549797
1.08013
-0.48189
2.24576
0.0739714
7.60201
-14.6698
-0.675364
0.759018
-0.491179
0.863382
-0.136377
-1.13238
0.139313
-0.832979
0.855602
-1.23253
4.46405
-2.63531
-1.73018
2.46331
1.87776
-0.806645
-0.00550876
0.123901
0.75412
-2.48663
0.568256
-1.53886
3.91437
1.42046
-3.88077
15.0876
9.55909
-0.833052
0.116348
2.00149
-48.8051
0.696893
0.651613
-0.945044
4.43214
2.24159
0.263732
2.57547
1.44963
184.272
-8.699
-5.99724
-0.834893
0.459432
0.488212
26.4091
-5.11094
-1.55381
0.296922
-1.01322
-0.502343
0.658941
-1.61562
0.643612
0.0201629
-2.51146
-0.768403
-0.640685
6.52356
-0.0133753
-0.290519
-2.28193
-131.173
-1.61899
1.20257
0.0500325
0.352676
2.02267
0.556409
-7.96172
0.152677
1.25635
1.96318
0.45634
3.38663
-0.440225
0.0330334
0.0387995
-0.0186008
17.5316
-127.437
-0.391428
1.88521
0.689443
-0.756467
2.17549
0.461182
0.166072
-0.806958
-0.51458
159.472
-0.69721
0.15514
-0.23943
-0.916708
-0.793265
-0.0140011
-0.368074
0.122576
-0.402615
-0.037441
4.54628
2.1059
4.57663
0.625026
-2.58845
0.833743
4.58503
0.757314
-6.17165
-0.316516
2.5563
5.26287
0.385623
-0.498669
0.237714
0.803938
0.689523
27.3537
4.91941
1.40521
0.523482
0.179731
-1.29118
4.45357
1.7484
0.421559
-0.989876
0.247285
-0.115193
1.57978
-0.059792
-1.75058
-1.43847
1.49775
1.47283
0.219477
-3.83949
-0.114121
-0.20299
-0.353992
0.187768
-0.824359
1.68606
-3.69949
-6.5994
0.501559
0.849759
-1.57628
-1.16715
-1.8759
0.428349
0.386692
-2.11956
-0.0836324
0.33729
0.826883
2.18351
6.04148
-6.6502
0.0577939
-0.0642749
-0.135748
1.61894
0.387481
-0.369665
-4.50616
3.63794
0.372236
0.309298
-1.8692
5.93344
-5.15151
0.0427283
0.575842
-1.39214
0.890672
0.619098
-0.303852
-10.9399
-1.00116
-0.210928
-58.7106
-22.0196
-0.233199
6.20403
-0.784453
0.657923
3.30184
6.48366
-0.478589
-1.04437
-1.83882
8.20816
-0.11969
-0.97707
-0.389135
-2.32199
-0.174093
-0.588394
1.5419
-0.305538
1.09503
0.506757
0.166916
-1.14168
4.73641
3.05702
-2.33482
1.72687
-0.103778
1.1637
-2.63414
-2.16936
-0.338403
-1.41217
2.26717
-4.49302
1.17129
1.10162
-0.189742
-0.525245
-6.78877
-1.25954
0.215211
3.21042
-0.918168
0.645319
3.83295
-0.326054
-2.50326
-332.109
-0.137072
1.8544
-0.974412
-7.63693
1.49803
4.56007
-0.493451
-0.776019
-0.288754
9.17638
40.2351
6.19856
-0.361887
-2.41245
0.690204
-0.818806
-16.5497
-1.5011
-3.61268
2.60031
-10.7375
0.459603
0.10326
-7.06347
2.61768
1.14217
-0.900513
-7.00418
-1.02617
0.0583095
-1.44857
-0.916267
3.21714
-0.632691
-4.66923
0.672557
3.74066
-2.70856
-0.0635861
3.34832
-0.945829
-0.204317
3.70799
-0.102857
1.51921
1.43945
0.571498
-0.344146
0.911472
0.589485
-4.5417
0.0158786
-4.78795
0.713149
-0.942942
1.2502
0.300138
1.02803
-1.13183
3.1467
0.485042
-0.548828
1.13456
-0.802549
-0.804637
0.17489
0.899687
-3.95314
-3.05938
0.199969
-0.0542507
0.536415
0.305236
-20.2896
-0.254401
-13.5944
-3.6672
-0.102468
1.6134
2.41022
-0.184398
-5.68454
-1.21634
-0.288723
0.102188
-0.445659
-3.2963
-1.61388
2.80168
0.627309
-0.355372
-5.79486
-0.587431
3.59014
-1.2976
-0.282602
0.590809
0.77737
0.27769
4.41428
0.184854
0.507658
-1.32387
1.02338
-4.18821
-3.06604
14.7865
-1.92856
0.0303959
2.92044
0.93084
-1.32767
0.410049
0.355641
-0.129063
-3.76438
-1.15693
0.00479066
-0.932343
0.0925038
-0.256641
-1.10589
-1.81739
-0.718182
-1.91394
12.9504
0.58077
-0.382151
6.36086
58.8979
8.68154
-1.72543
1.40632
-0.706146
1.06147
-0.687215
0.0363057
0.100735
-3.06872
-2.14509
0.496395
14.4451
-0.128943
-0.566483
0.295605
-0.191239
0.404931
-1.20776
0.26334
-0.285932
-0.00311519
-1.01658
-22.1887
-0.586686
0.449848
0.214241
3.00632
1.87038
2.82621
1.46685
0.505676
-4.42477
-0.563461
0.558551
0.281702
-1.04198
-0.135609
4.16667
-0.231632
-4.5644
2.26398
0.519392
0.744213
-1.24727
-6.84552
-1.2201
1.58395
7.52235
1.54027
-0.257105
-0.452316
-9.59643
-0.675993
-0.273746
-1.18799
0.829253
-2.57724
-0.0495202
-18.8317
-4.68289
-0.850966
-1.02563
0.286465
0.81321
-0.53831
1.28823
-0.316438
10.0666
7.45275
0.889346
-1.21193
0.401537
-0.530011
3.99872
2.07722
0.299059
0.86548
2.41696
-0.417497
0.721545
21.8108
-5.58935
0.421721
7.2049
-2.82478
-0.268987
-2.18683
-0.321795
-7.18475
0.66609
4.73151
-0.308903
1.37444
-2.90802
1.89342
0.917537
-2.29227
-1.35598
3.07325
1.43025
-0.334988
1.62837
1.52445
-4.46305
-2.39743
-2.46985
-20.8201
-2.48416
-0.0320942
0.286303
-0.467764
0.0718599
-0.537306
-1.66678
-4.62871
1.56055
1.92045
3.806
3.32409
0.232342
2.36163
-2.71965
171.53
-0.195568
-0.243065
1.33111
-1.65858
-1.16147
-3.54746
0.299006
21.5971
-0.376098
2.63723
-1.42927
-1.09514
-3.12976
-2.01814
1.08776
-2.02016
1.54143
-0.523373
-0.401314
1.02252
-1.10663
-1.05149
0.261044
-1.02046
-2.23559
-0.511452
-0.395548
6.82303
0.480932
6.41964
-0.140676
4.48185
-1.99447
-0.638946
0.596983
-0.830714
1.29913
-0.915635
1.59769
-0.340415
82.3472
-0.486805
22.4538
1.27292
-0.698049
-0.711249
-3.56424
2.3347
0.426166
-0.427632
0.848725
4.15208
-0.986926
38.9543
1.12316
-0.495495
1.77218
-2.1031
0.629413
4.7426
0.212612
-3.47128
-0.300439
3.62759
-9.34771
4.44069
-0.657454
-2.44243
2.60276
-1.1876
-0.153927
0.245644
-0.264124
-11.7167
-0.459957
1.96405
2.73765
0.408483
1.5213
1.93662
1.95863
-0.526453
-2.80558
0.164538
-0.291709
0.305187
-0.621237
-1.68555
-0.278058
-2.3517
56.1937
-0.585609
14.3014
-0.532132
0.60868
0.0435448
-0.386972
2.57147
0.113228
0.0944811
-3.41641
-4.17393
1.67073
1.38628
-8.94914
1.57657
8.86824
-2.25767
-0.222334
107.593
0.949438
1.24226
-2.74282
-1.06172
-0.270738
0.0907704
0.102787
6.38501
-0.0641866
0.349847
-0.905638
-0.967883
0.641815
-0.968921
-0.090106
-1.51344
36.3159
0.123771
-0.0825565
-0.623585
-3.46099
-0.229577
-0.588788
-9.35991
3.29214
-0.10508
1.90935
-14.1643
1.33139
1.09945
-0.984686
0.047119
-1.22748
1.02189
2.65242
0.24378
10.359
2.91651
1.89853
0.547315
4.24154
0.934494
-0.553995
0.1704
-2.56862
-1.26434
0.579562
-0.886782
0.352107
-3.0304
-1.99494
-1.04699
0.124659
-3.03945
2.25716
0.280519
-0.00917122
1.69768
0.0691901
-0.139853
-1.61719
0.360109
0.143414
-4.48906
-0.266594
5.69561
-54.3541
0.0812829
-0.95916
17.25
-1.07357
0.104736
0.667567
3.08333
2.22137
-0.533356
48.5134
-0.175967
0.86733
0.992986
-1.87368
0.915803
-3.4818
-0.460029
-6.44708
-1.67871
2.07217
0.75335
0.0538671
-3.44453
-1.87094
2.86111
-7.24413
-1.03074
17.3331
-1.0983
2.57922
-0.107126
3.96525
1.01969
1.55598
1.64518
-0.0241395
-0.309458
-0.576085
0.270086
0.734721
-0.725043
-0.447276
0.286252
-0.634308
-1.18405
-0.0772415
1.39881
-2.75891
-3.58972
1.97662
-0.87825
-0.920618
-4.62835
-0.41123
-3.93388
-0.756762
1.56967
-1.51021
0.335721
1.20456
-0.369433
-2.69206
-1.09364
0.858453
1.11884
2.00973
-8.38344
-2.35521
0.426259
-2.02665
-0.315088
-1.18626
-0.490907
-0.369936
-3.48358
0.395734
0.735177
-0.698556
-23.7738
-0.379168
1.89355
6.63531
0.731372
0.849549
4.85321
6.07233
0.0738492
-0.222553
0.585165
-1.26894
-0.0588763
-1.28009
-2.80291
-2.88321
3.77089
1.79282
-1.28421
0.718838
-26.2361
-0.385288
-2.19332
-0.771614
-0.256113
-0.853998
-0.528156
-0.793767
1.19895
-0.059768
-1.16895
-0.23651
0.413186
-0.464517
0.396215
5.69719
-7.81239
-0.281868
0.839942
-0.728278
1.05803
-0.386875
0.762008
6.96352
0.398738
-1.63355
-3.07108
3.39557
-6.46748
0.16366
-0.403773
2.06496
-0.418064
-0.204845
-0.768762
-0.564349
-0.505095
-2.00872
-0.345765
-0.184794
-0.227317
-0.346084
0.703623
-1.10824
-0.196726
3.58325
0.205157
-0.274023
-0.239939
-0.288954
-1.27556
3.61993
-0.212465
0.401415
-0.747104
0.42488
-0.181064
-1.6548
4.32029
102.996
0.552214
0.242641
-3.95352
6.74432
0.477764
0.028966
-0.346069
1.36203
1.67978
5.51608
-2.19566
0.0573181
1.77167
-1.55796
-0.0692644
1.31108
-1.44539
-5.9875
0.28043
1.21881
-1.56698
4.05557
-0.352705
-2.18125
1.88687
-0.117297
1.74789
-0.00839269
1.13132
-0.449888
-3.98359
-0.825471
22.4323
1.22624
-0.97607
1.47802
0.977981
-4.28195
-0.250729
-0.236156
-7.41235
0.36482
0.776485
1.31758
1.88843
-0.99673
1.51812
-0.65091
-5.72197
2.39889
2.06663
-0.827051
-2.104
-0.0837772
-3.22808
0.578816
-0.49606
0.916912
-5.37753
-0.0230951
0.610968
1.27717
0.723007
0.333742
6.64927
6.10914
0.276769
-2.47722
0.610701
-0.582255
-0.377822
1.27296
-0.469349
0.248481
-2.31547
0.338709
1.17804
-1.31857
-7.75796
-0.877341
-0.715705
0.174549
8.37483
-0.170812
23.425
-0.56344
0.30203
0.262811
-0.114175
0.553572
-11.5235
0.0195967
1.62005
-3.76982
7.0191
0.470065
-0.0895709
-0.361753
1.04779
-2.06264
0.152769
2.29254
-0.329363
1.57429
-0.702452
-0.50632
1.19655
-9.12523
1.13407
-1.03757
-4.98725
-0.286105
15.5521
0.257966
-9.65328
-1.34041
-0.69198
-0.38852
-0.0226108
0.522836
192.506
2.17268
-0.375123
-5.75796
0.0913498
0.283691
-4.5469
-0.281235
-0.710091
0.447532
-1.44679
0.0903892
-1.82308
-0.650142
-1.92013
-0.93995
0.738751
-2.15588
1.87
1.60441
-0.809102
12.319
0.551954
0.37091
-0.825094
-718.275
-0.402591
5.18211
1.53937
-0.37947
1.33121
1.26431
0.118963
0.388134
-0.459083
-0.332689
-0.365162
0.0440927
-0.588272
-2.7612
-5.70792
2.93881
-0.943978
0.879161
-0.718245
-5.32088
-0.770343
1.59686
1.0362
0.826484
0.127504
-0.793963
0.0979454
-1.09457
-0.314121
-0.559163
-3.70283
-1.94211
1.74815
-2.4825
-1.02671
-0.330791
0.9845
0.686207
0.176685
-0.608909
-0.46645
-0.661642
0.403684
-0.37861
1.20266
0.154721
-1.01796
-2.31985
-0.212556
-0.767384
13.1551
-1.95677
-0.880444
1.50792
-0.360779
-0.640185
3.01779
-1.07515
-1.33545
-0.703927
1.12694
0.306481
3.13547
575.817
505.148
-1.50242
-0.387487
-4.1398
8.73723
-2.52865
3.79099
-17.3976
1.48642
-0.389319
-0.17291
-0.398953
-0.00855613
-1.76281
0.322404
1.01922
-3.35354
-0.122494
-0.0833575
0.251272
-1.5195
3.51104
0.240375
-0.823012
-0.189107
1.01474
-0.479339
0.162327
-1.6623
-0.327705
1.73858
0.723607
-0.916969
0.0499667
-2.37123
-0.0838778
-27.5163
-0.344195
-0.0524582
0.709883
0.176819
-1.55781
0.0904166
0.405832
0.369607
-0.615083
-0.404821
-0.772504
-0.653002
0.712013
-1.07257
-4.54053
-0.896201
0.487733
7.67576
0.73711
-0.39493
1.22688
-3.22238
-0.0736651
-0.713671
0.361759
0.10377
-0.21224
-3.10037
-0.918319
-1.1122
-1.81394
-0.473899
1.76657
0.895509
0.877541
0.346817
-0.371801
-6.52825
0.630489
0.753849
0.587729
-0.489212
-0.136933
-1.13994
-0.736215
1.92448
-1.42736
2.41665
2.35239
0.0592438
0.13955
0.720206
-2.90541
-0.0631733
-1.0628
-0.471968
-11.9421
1.11063
-0.0401519
1.24401
-2.59027
-0.773553
1.51033
-1.65812
-178.45
0.306765
0.281471
-0.228143
0.909595
0.17411
-0.65811
-0.646169
7.541
10.6007
-0.899671
-2.27855
4.52822
5.14573
0.946444
-0.505553
1.78775
-22.1388
-0.339962
1.20398
0.586143
-0.000801589
0.356719
0.740214
-2.0033
0.61579
-0.905414
-0.00960027
-0.433973
10.466
-2.00385
-1.32205
-0.458007
-1.14978
-0.0863047
-0.181146
0.782337
0.0480636
0.588166
4.75962
-1.4623
0.115309
5.81561
0.991287
-25.3044
-0.256239
-1.81784
4.49836
0.145916
1.42449
6.75777
-0.691563
-0.34045
4.7017
-2.3927
0.0279541
0.481674
-1.38038
-1.1025
2.34886
0.0127976
-2.51199
0.422741
-0.836437
74.5999
-1.60965
-0.544266
0.55439
-0.35193
74.8911
-2.90916
0.408829
0.318989
1.33603
-3.3873
-1.05661
0.967155
-0.316153
78.2746
0.547945
3.45599
1.02573
-2.60794
28.7751
0.248695
1.33467
0.377125
0.674611
2.13015
1.13818
1.00085
-0.857869
-0.357343
0.364183
3.04171
-0.0715904
3.32967
-1.35798
-25.2724
0.235535
1.02586
0.86432
1.69125
11.6654
-2.70406
2.33404
5.21868
5.30915
-1.73676
1.65987
-0.838757
1.41776
-2.53118
-0.0584717
0.962037
0.633267
2.34252
-0.40007
1.73749
-2.74651
-0.325561
3.14292
-1.2697
1.25809
-0.0432501
-0.636461
-0.0247406
1.55817
0.0671395
1.16166
11.8927
-2.44803
-0.43599
-0.505755
0.337026
-5.17128
1.12359
-2.9439
2.86944
-1.02434
-1.28842
-4.20425
-3.4208
-24.4462
1.2245
-0.150737
4.44021
-1.06562
-0.515038
0.344072
1.56914
5.75727
-1.01265
0.339694
0.872328
0.709689
1.20777
-0.602169
0.665519
0.612179
0.360589
0.85523
-1.26518
-0.926707
0.445599
0.675125
-1.47172
0.754198
1.68506
-4.19417
1.21666
2.06221
-0.255702
0.38674
0.807866
-2.02808
-0.757353
-1.70658
0.98373
-1.75921
0.76333
-0.31831
-0.705272
-0.164167
45.5634
-0.0188755
0.618088
0.245936
-1.96341
-1.11323
0.643906
-0.0268673
0.740186
-1.18638
2.04822
2.37757
-3.52137
-1.62853
-0.11434
-0.231719
-2.24254
-0.175723
-0.657304
0.0138829
9.30013
2.7764
-0.959754
0.482663
-0.610415
2.01181
11.4907
1.37186
-672.581
2.02885
-0.016483
-1.12663
-0.0185182
-1.27644
0.172917
0.416136
-0.357622
-0.375396
-0.491641
1.5843
0.967083
0.954006
-0.288448
3.87418
-2.45792
-1.16164
2.2314
1.87346
-0.475701
-17.3108
-1.41701
1.73988
1.45157
-0.377507
-0.0193144
6.04911
1.15188
1.57038
0.49427
2.76288
0.317765
0.356915
18.7727
-1.90715
0.586349
-3.54264
81.063
0.456872
-0.102802
-1.38445
-4.86085
-1.10318
-0.979371
0.880477
18.2785
-1.04671
-0.128847
-2.54301
-8.93082
-0.0128875
-0.366804
3.44767
-1.88784
0.563924
-2.45199
-3.96698
0.894097
2.44861
-0.826835
1.33099
1.59197
0.638812
2.21525
-28.6314
-0.690553
0.172102
-1.47321
-0.569814
0.176963
-2.70125
0.61956
-0.433429
-0.0294533
10.033
0.0185132
-0.37871
-4.79762
-0.724369
0.550252
0.372579
-0.48529
-0.184144
0.0999059
0.358
-3.2407
9.44895
-0.162359
0.9405
2.43234
1.33987
-0.793097
-2.12565
-5.29135
0.037753
-0.738161
-8.01275
-4.28959
13.6641
12.1068
-50.2646
0.0828174
-0.415504
1.76912
1.49119
-1.50246
7.48434
0.694159
-1.0798
-0.340099
1.03297
-1.00226
-1.80313
16.2606
0.0412075
0.0255428
-2.75437
-0.0105174
-1.06799
3.06884
1.05376
-38.9563
9.3823
-0.89891
-0.0606021
2.75407
-1.18815
-0.598677
3.79725
2.18582
-0.3152
-0.261565
8.87445
-8.91512
-0.742695
-0.6888
-10.1542
-2.82042
-0.923016
-0.382996
0.0912597
-8.33887
0.68049
0.108731
-5.92492
-0.353876
0.490679
-0.73774
-9.49514
2.21234
-0.585607
-0.321183
0.599446
0.113193
-0.539315
-1.23232
22.7106
0.066312
-0.728078
-0.250659
1.10424
-0.246134
262.849
2.36784
0.509329
-0.432445
0.21978
1.01839
-0.0264253
-1.38589
-1.87055
1.1886
-0.229314
-3.33053
1.0317
-0.257964
-0.184317
-2.15984
0.896906
-0.266184
0.605466
3.37805
-4.80722
12.5987
2.38356
4.85115
-0.193659
-1.84568
-0.753517
-0.253271
-0.0324696
-65.4305
-0.40209
-2.78525
0.925802
8.88757
-0.654814
3.54046
1.08525
1.16543
-3.22979
-0.57604
12.678
-3.55667
-1.6963
1.01418
0.285726
1.11903
3.59621
57.7345
-0.0268849
0.850738
0.515718
-0.589883
-0.733278
-0.932101
-1.02589
1.80899
-0.282996
-0.333273
4.75487
-0.180554
0.0583397
-2.2709
-1.94589
9.66485
-2.73497
0.42066
-1.09805
-3.49797
-0.0217058
-0.139228
0.862545
1.2
-1.56411
0.183525
1.07243
-0.950352
-30.1103
-0.25437
-1.67321
3.59515
2.37403
-1.42924
-0.34216
1.95812
-1.02036
-0.271019
2.58993
-1.70435
0.495934
-0.806349
-1.04684
0.269901
-1.58617
-1.29194
-1.34998
-0.134909
-0.210576
-0.867342
2.10504
-0.25117
0.0329673
-0.116508
-153.635
-0.683253
0.922445
7.05292
-0.845299
-0.0754207
-8.10227
-0.741164
1.38278
-1.00296
44.4723
2.35943
23.0032
-0.463048
-1.16199
4.41766
0.772352
1.20238
-0.161992
0.652382
-0.683477
-19.2696
2.38739
-0.139492
2.02308
-0.473754
-3.16103
-1.96827
1.29019
1.60594
1.08494
-31.4234
1.41169
9.6618
0.617086
0.0167755
1.46795
-0.586789
-0.337983
-0.912572
0.951408
0.665508
-1.18658
-4.6325
4.06498
1.55513
-2.30248
-19.6942
5.41206
0.310099
2.22407
-0.553025
-2.16136
6.32702
11.9903
-0.421969
2.01566
-5.42964
-3.10467
3.90666
0.0378265
-56.7962
-2.57734
-2.60741
-0.00162256
-1.05696
-0.555167
5.40947
0.255724
2.84725
0.0573116
-6.03445
1.64472
0.14765
-0.508474
0.764935
0.663859
0.657374
0.0691187
0.803546
-0.105302
1.84204
-0.0446275
-11.7505
2.51833
-0.378879
1.09978
-1.18699
-23.5796
0.743448
-2.02403
0.209806
0.355296
0.195293
-0.412355
0.0859078
-1.47827
-1.01361
0.0120352
-3.50921
0.316777
-0.029161
0.269694
-2.93587
2.33522
-0.262263
-0.556595
-3.83014
-7.68346
51.5159
0.696969
8.07853
0.544445
-2.83902
0.257608
0.638818
-0.825162
4.2586
0.657045
1.23699
1.42882
-9.7356
-0.0831598
2.21184
-1.70108
-2.09975
5.10501
-4.0827
2.24763
-0.420662
-0.180416
-0.171956
49.1522
0.901482
0.512096
0.783756
-0.905086
1.68416
-0.149889
-1.32744
-0.462465
-1.75992
1.13875
-1.21658
0.380957
-1.79356
9.29781
-2.49019
-0.60701
1.79493
-0.591399
-0.0740117
-0.157956
1.61267
-2.64971
0.949118
1.20449
1.8495
-1.98167
-11.0087
3.37489
-0.622387
0.169432
-0.3494
0.108146
0.725945
-4.79983
1.68057
-0.27897
0.477307
-1.2155
0.274733
0.618691
0.157868
0.824119
-26.083
-0.112768
2.87367
-0.845705
-0.275987
-0.215714
-0.354116
-1.06594
11.712
-0.799127
0.243171
-5.50002
4.27687
0.492915
3.78709
-0.661119
-0.255065
3.94366
-3.04826
2.6161
-0.793763
-8.47196e-05
-40.3283
-0.104644
0.480626
-0.302066
12.7184
-0.463755
-0.525015
-1.22678
-0.0427339
-0.565148
0.282603
1.95842
-0.843632
-6.84003
1.58956
-2.26446
-1.87144
1.05113
-1.18769
5.1016
2.79945
0.930077
-1.48257
0.374071
0.218505
-0.449732
0.0899865
0.874328
-0.611611
0.62972
1.17271
-0.0220409
0.780979
2.87938
0.809867
-0.148754
0.0498523
-0.459417
1.01393
-0.0235905
0.0863829
-13.6651
-6.66815
0.0939005
0.916049
0.75215
-10.8515
-3.90309
-20.6133
-5.13025
-0.0384836
1.70388
0.133912
-9.44492
-0.245303
0.0111934
0.957197
1.03854
-4.81619
-1.17157
24.5562
17.3542
1.29287
-3.04732
-8.28036
-2.41953
1.49905
0.0191772
-0.948121
-0.818108
1.6721
0.0886721
-2.60371
2.4445
-1.05554
-1.13003
1.14138
-1.64638
-26.3786
11.6039
-1.82771
-1.22254
-1.73658
-2.98725
-26.2986
-0.505131
-3.08
-1.98167
-1.84984
-0.468492
-2.84427
0.899736
-0.218427
-0.137285
0.163842
-0.521478
-0.0289022
-0.863737
0.698198
-0.737393
1.14931
-0.760348
9.20049
0.234444
0.558192
9.68477
-2.78282
0.276137
4.06294
2.97532
-0.428645
-37.4958
0.0287956
-0.658736
0.382186
0.73255
-1.02953
1.54415
27.1319
6.43529
0.499791
-0.0493385
-0.844447
0.326151
1.40673
1.58355
0.256043
-1.74785
1.47963
-1.22108
-0.428096
0.0193046
-2.21207
0.0754882
0.239612
-7.14537
2.18297
-0.633586
0.45906
-1.16646
1.03523
-1.4848
0.254414
-0.00423724
-0.355675
-1.26397
0.467791
-0.328363
-1.00742
-1.0301
-6.17202
-0.320501
-0.237131
1.38826
-2.41123
-1.91535
1.725
-0.168684
-11.7325
-0.412939
-2.76292
-1.34202
-3.00196
0.887863
-5.40246
1.50388
-0.51033
-1.02379
1.05865
0.406722
-0.0283948
-0.550985
-0.631417
0.403083
-0.162757
2.84793
-0.902789
0.611731
0.020383
-0.439932
1.28281
-4.31064
12.4299
1.3168
-1.12214
-1.1202
1.35365
-2.92423
0.68586
-0.435713
-1.61046
2.93867
-0.969594
3.74888
-0.825912
3.67774
0.130813
-0.449926
-31.0298
2.29624
377.737
3.67003
0.840168
0.544684
-54.0712
4.44473
0.62416
-0.642226
-0.801376
1.19576
-1.40317
-0.233869
2.39005
1.00233
3.13069
0.684677
1.10396
-0.230302
0.114529
3.1112
6.83103
2.41647
-7.99715
0.339916
1.67179
-5.03561
0.751182
-5.32304
-36.1963
63.1993
1.53241
0.813105
1.56556
-2.14825
0.555624
-1.449
-3.69395
1.56603
4.74525
5.48658
-0.524925
-8.25165
0.77507
0.123491
-2.07002
4.9409
1.36181
-0.688801
0.710874
-2.46889
-1.37767
0.244043
1.00184
0.0807157
1.24644
-1.42361
-0.932745
0.489392
-1.01883
-2.92607
-15.6186
-2.45434
0.653365
-0.509531
-1.91033
-0.0421268
-0.404966
0.0460806
-0.608911
0.090673
2.64213
0.241807
-0.222131
0.602654
-1.08121
-1.20776
-1.09383
-1.73151
1.05311
1.3151
0.790608
-0.388923
1.89589
-1.32154
0.434861
-0.273341
0.071704
-0.00451072
0.795444
-0.607373
4.67471
0.955279
-0.757475
-0.165322
-0.302074
-1.69216
3.2621
-0.473175
-0.0941246
-0.905199
-0.404514
0.66373
0.131935
4.37307
2.13979
2.59186
-0.301918
-2.08508
-2.67387
12.2892
0.41422
-2.91138
0.931262
-0.991851
-2.20148
-0.895466
0.262418
-0.119702
1.81896
0.578737
1.78867
5.10805
0.658403
1.47972
0.699777
-0.107998
0.0175695
0.658028
-2.84164
-0.649561
-0.211585
0.334633
-0.103437
0.075315
12.6525
-1.38171
-33.0659
0.498928
-8.67087
-0.68112
-0.977233
0.721592
1.63134
0.652904
5.28432
-0.469079
-0.284247
-8.65213
-0.808527
0.140093
1.42649
1.09559
-1.02526
-0.574548
-0.899326
-0.826389
-0.105901
-0.716179
1.20807
-186.516
-0.452542
-0.613658
0.125734
-3.48698
5.24248
-0.0263961
-1.02031
-0.172118
-3.7531
8.82099
0.0587043
2.61475
0.441422
2.88427
0.549712
-0.0273841
0.681879
-0.042604
0.0738225
-0.00684274
0.677355
-4.06194
-12.9483
14.9912
16.1861
-3.0133
-0.613954
1.34903
-3.86851
0.961218
0.36701
3.08048
-3.63174
3.27514
1.34931
-2.24748
0.983141
-0.471749
-1.52416
6.82592
-2.02074
0.35481
-0.625073
48.1799
3.04912
-0.666218
-0.135432
-1.86412
2.26711
-2.31284
-1.46738
-1.43946
2.65821
1.42662
1.6927
0.646073
-0.27601
-6.73005
0.852083
-0.40362
-0.385557
0.595378
-1.89381
-1.19679
-19.7987
-10.1845
0.711737
0.620784
0.583222
1.66984
1.64186
-1.04125
2.70263
-5.90938
-0.360681
12.5558
-3.9466
-4.421
0.354633
-3.07051
-0.394197
-3.12709
1.15854
-0.480197
1.19378
-0.535393
12.2968
-0.320309
0.861684
-1.00937
-0.417028
0.683886
1.49407
-1.06307
0.181747
2.88532
-2.01986
-1.12109
-2.00079
-1.47099
0.0175762
0.49747
0.960023
0.395158
-14.2699
0.385609
-0.398591
-0.240012
-3.92961
-14.6201
-0.541203
-1.18637
-0.35954
-1.22483
-0.586741
0.3651
1.12737
0.135785
2.00859
0.239318
0.102681
0.393757
1.62026
-1.24741
-30.7838
0.448615
0.16767
0.620944
-0.613428
0.739848
-3.63596
0.556693
0.651268
-1.06284
0.0747984
-0.722286
-7.48916
1.42176
2.46287
0.0761888
3.37407
1.42446
2.79312
-0.8665
-0.431547
-5.30074
-1.10058
-0.00892181
2.40216
-1.38549
-0.524268
0.877585
0.776758
-31.1497
-9.22384
-2.13381
2.7443
-0.558512
0.825887
1.27643
-5.2859
1.25514
0.198666
0.958264
1.07157
-1.89898
0.316537
-0.568672
-0.409847
-0.076346
-1.38694
-0.562087
335.501
-0.973428
-3.58353
0.0155423
-0.341469
-0.778134
-1.17675
-0.851135
-0.325752
-0.375194
-0.596213
0.206439
4.47447
-1.18341
-0.404442
-3.291
-1.6485
-1.32934
0.0525914
0.535263
-0.394135
0.0187999
1.30965
0.0839707
6.30866
-0.934165
1.14209
-2.18495
121.962
-0.131135
-0.101871
-1.25152
0.336717
-50.5949
0.287574
-0.837555
4.65329
0.0847111
-0.264528
9.24079
-0.240384
-1.07196
2.69527
1.05273
-0.686641
-21.8055
1.22891
0.860127
-0.333466
-0.148256
-0.622504
2.21333
-0.132881
0.348645
-1.74479
0.821576
-2.02447
0.259298
-0.207923
-3.62927
3.46434
-0.879642
-0.258413
1.81433
-2.21042
0.269348
3.9453
-1.22817
-0.698162
-14.2005
-0.370796
-0.080074
14.9766
-0.268258
-2.43555
4.11927
1.00914
3.07596
-1.15219
-1.27816
-0.0121437
0.161106
1.53398
5.35194
-2.5739
-0.0622185
-1.61161
1.39066
0.349918
-0.862895
0.649611
1.7381
1.39608
3.7722
0.071546
-8.74465
0.449541
0.280173
-5.05353
-5.74812
2.83595
-70.8486
0.530089
17.6478
24.1415
0.348904
-0.298489
-0.629444
5.91457
-3.68264
0.0881553
1.49277
-11.0943
0.0645968
-1.21826
1.21203
-0.0541787
0.308168
0.429637
0.513596
-0.754638
-0.88894
-0.390734
-0.613634
-0.811401
-0.85951
5.08396
-0.782586
-1.16825
2.41672
-0.27953
0.558445
1.81956
-2.42345
-0.0489595
0.0725016
11.2004
-0.248479
0.163587
1.46758
-0.0711002
0.841668
0.605496
-0.74804
-2.8479
0.802097
-4.01654
-0.825366
3.75148
0.416517
-1.49784
1.4955
0.600722
4.33278
11.084
-0.619211
2.84945
2.63219
2.13323
-0.225309
-0.771242
5.95585
3.2215
-0.249478
0.999969
-3.44137
5.51875
1.19891
-0.864698
-0.327208
-0.117689
6.19526
-1.23352
6.9462
0.731427
-0.844614
-7.52108
-1.29311
-2.08566
-3.84278
2.95442
3.61383
0.597299
1.38299
0.0417975
-0.795129
2.06425
-6.6513
-4.8054
-0.952251
-2.33684
0.10524
-0.00306462
-0.389525
-1.22663
-0.197979
-4.85856
2.01158
-2.19312
4.39756
-0.397726
0.151004
1.26408
-1.54413
2.74111
0.450716
-0.0942762
0.0827171
1.05395
-1.01674
0.012707
3.29054
-0.542273
-0.290586
0.0401339
0.0656088
-0.942803
-1.22431
17.7487
0.887013
0.7474
-2.43961
-0.948446
-1.40596
0.161351
0.346991
-0.758835
-28.5817
27.0973
-0.966926
-0.138724
-2.08964
-0.634629
1.61302
0.677125
0.150309
0.645413
-0.364671
-0.643525
0.0562917
2.44026
-0.059396
3.19156
-1.71966
0.761418
-6.14241
-1.69042
-0.238591
0.835366
1.05526
-77.4542
9.51041
-0.117863
-0.277313
-5.50878
-0.0924845
1.34221
-1.57398
-20.7644
0.207947
-0.894739
-0.741988
1.09066
3.08416
0.0982569
1.93606
1.95553
3.5758
-0.0962559
-0.176333
1.18293
0.525885
2.0029
-1.84305
-2.30762
-0.653979
-6.62796
4.69558
-0.275322
0.766872
-0.728785
1.53167
-0.452613
-0.458033
3.68971
1.04319
2.5369
1.69314
0.753141
0.343532
2.19647
4.91285
0.814862
0.282711
-3.525
1.50677
0.476978
3.88931
-0.447634
-16.1765
25.694
-0.294798
0.910611
-0.759168
0.327979
-3.6979
-0.660397
4.40489
114.905
-0.0128102
-0.710355
-1.23291
1.01155
0.676253
-17.6332
-0.0857098
1.44633
-0.0324761
-0.937742
-0.135551
4.12073
0.330586
-0.0358078
-1.56219
0.475158
1.28612
1.07038
5.11164
1.36183
-0.0683741
-0.0411835
-0.475722
-0.407068
1.75401
1.13198
0.7418
4.17933
0.651503
-5.30203
0.488979
-0.945166
-0.716276
1.51351
-0.163854
1.32611
0.364709
0.187754
-0.988558
0.439733
0.315551
-2.89845
0.636401
0.222093
-20.687
0.895502
1.3534
1.04202
0.783505
1.27166
3.16874
-0.987355
38.727
0.252239
-10.4068
-2.74203
1.02671
2.85645
-0.533997
2.45775
-0.462711
0.339006
0.382003
2.37014
7.90723
1.3571
1.25014
1.20696
0.175925
0.072658
-0.504018
8.43773
-1.37367
-0.649405
-1.15185
1.62767
15.4553
-0.495764
0.67923
-0.317161
0.0667051
-0.462231
-2.28619
0.495372
-0.470872
-0.355543
-2.9978
-18.2924
0.105707
0.963597
-0.556631
0.276477
-0.354409
-7.27835
1.44438
1.43293
-2.28163
-1.95878
-1.19585
5.71366
0.490558
0.230643
-4.96342
0.860818
1.5981
2.20734
3.63926
1.10869
21.3387
71.9422
-0.457702
0.147455
-0.480452
2.17131
-0.0966951
1.4362
-0.0218199
-0.333792
1.14135
-0.0760254
-0.799226
0.439732
3.95666
-0.412482
-4.22667
0.119911
0.780395
11.915
0.716675
-1.14603
-2.54887
-0.279784
-0.328319
-0.511367
-3.88052
0.782655
0.0921328
2.916
-1.38642
-6.7798
1.31245
0.614347
-0.650602
-3.49734
-0.387077
-10.8044
2.60672
0.945847
0.408145
15.3885
1.09576
-10.7967
46.4438
0.804288
-0.876896
-5.36712
0.518627
-0.233417
-2.27729
-20.0977
0.23843
25.6297
56.0147
-2.48178
0.586651
-1.63551
-0.593622
1.02065
-0.913001
0.239106
-1.27709
-0.599803
-1.29883
2.42844
-0.0558416
0.127418
0.681393
2.05588
0.832331
3.50781
-0.589417
2.49503
-0.698174
-2.15788
0.567258
0.676762
0.537825
-0.282034
-17.1244
0.35078
-2.0907
0.700002
4.50718
-2.32774
-4.25621
1.55289
-0.189698
0.218672
-0.697672
0.652812
-1.4885
-0.549115
0.43081
-1.25801
0.0821268
0.978892
0.222256
-31.386
0.721479
1.0174
0.508158
2.23468
0.370913
-0.709148
1.36181
-0.739804
-6.68604
-0.144263
-0.366044
0.364792
0.261513
-1.0951
1.08049
-8.6333
0.358925
-0.67041
-2.17658
-1.20593
0.00677474
1.60982
1.02627
0.75373
0.00130029
7.29393
6.92156
-1.14945
0.0302477
-0.519962
8.08082
0.238198
-30.3605
1.63441
1.16115
0.427805
2.47616
-32.4102
0.00103938
0.742238
-0.691217
2.84802
0.603959
-37.9668
-0.878356
-0.974023
-0.17059
0.403302
0.512526
-0.388864
3.16364
-20.6612
-0.661733
1.23264
-3.29037
-3.03997
0.00172207
-4.48876
-0.130315
0.219034
-0.339192
1.75204
2.54919
-2.13984
0.998404
-1.1965
-2.07162
0.516726
1.49018
-1.03924
4.48481
1.80167
0.0383078
0.144471
-3.08915
1.09866
-1.10945
0.49032
0.387376
-1.7895
0.10077
0.202944
72.4928
-1.56676
-1.27857
-1.44589
-0.483061
-0.540453
0.568307
0.0426827
-0.395754
1.43702
0.386335
1.68599
-2.44092
0.0865331
1.11912
1.4115
-3.6867
-0.141782
-0.615802
1.56826
-5.46055
2.2156
-1.22684
3.65607
-25.5431
0.0714216
0.019722
0.682969
0.733839
-2.45677
-0.0663392
-4.22546
7.45013
-1.0311
-0.211727
0.138481
-0.374339
0.418028
-0.840926
5.82177
3.68891
0.322859
0.0425203
-1.68664
-0.530735
-0.567315
0.327283
-0.655255
-0.219209
-0.618109
0.811727
2.61453
-0.0425338
-0.445272
-4.3248
15.6883
1.36856
1.64556
-1.6924
-4.99535
-0.788726
2.57317
2.22849
3.03197
24.5673
-0.461877
-3.14139
3.30072
-1.1932
3.10588
0.0685514
-0.366262
0.84348
2.18229
4.01216
1.01705
1.15378
4.49017
0.561853
-0.265554
1.24867
0.67898
1.79481
1.54999
-0.00917363
-0.399086
1.16803
-3.00399
-13.7497
-0.357101
8.32383
-9.28118
-0.180783
1.37616
-0.322795
-1.95277
-2.49451
0.344388
0.442015
-0.720661
-0.194176
-33.7454
3.27364
0.871234
1.11093
2.08169
1.55445
-0.982459
0.247723
3.06829
0.526259
-1.31765
-0.654511
-0.64417
0.302475
0.0787169
-0.883296
-0.37103
0.34517
-0.582421
-0.394422
-23.798
1.51808
-0.519402
-2.86188
-1.21136
-6.01699
2.67293
1.21668
-0.71049
38.9947
0.256073
0.529271
0.509302
0.707737
0.000998262
2.00033
-0.0670208
-0.279157
-1.26891
-0.977149
0.0463321
-0.121729
-0.187299
1.13627
-1.7229
-0.268053
0.242894
1.37947
-1.3861
0.996846
-0.841092
5.33876
-0.366059
6.74142
-0.0451952
-0.518061
3.50993
0.277718
-3.89769
0.774583
0.681393
-0.781571
6.35669
0.534956
-1.63532
8.31152
0.226317
0.676018
1.0389
1.49318
-0.325982
-2.57759
0.0318329
-0.357554
25.4084
68.7003
-0.566046
-2.91361
-0.971335
-0.356221
0.260566
0.965457
-0.308812
0.198295
22.3331
2.05744
-1.58636
-3.64727
0.308437
-0.0821283
-1.87821
6.92121
-1.95013
-3.09549
-0.61474
-3.11576
7.03206
2.92489
-1.46829
-1.06769
-8.59266
-4.69142
2.27476
-0.575277
5.5639
5.1439
1.73837
-0.421491
-0.301261
1.24581
-0.536268
1.1595
-0.682412
0.906664
-57.5064
-1.21266
1.71703
1.42142
-3.84728
1.26343
-0.431535
0.227761
0.616809
-1.09639
1.38625
12.3316
1.8355
1.94559
-7.42272
0.957389
0.511058
0.0823423
3.76044
1.08273
5.29566
0.186858
0.35427
3.3834
0.553232
-0.114108
-0.980196
-0.386253
1.21334
1.69598
0.191719
1.17704
-1.94372
0.557051
-0.227506
9.8237
6.23322
0.757018
-0.391752
-0.602112
-3.6226
-0.345299
-0.13578
0.986884
10.0136
4.22178
-0.365261
0.830427
1.83656
-0.495212
0.355515
2.00266
0.0848799
-0.104373
-2.41219
-0.479576
0.0845045
0.629676
2.15228
0.492646
1.15928
-25.1871
-0.509054
0.218343
1.09182
0.828912
1.45404
-0.915589
-1.68831
-20.0375
-0.784586
0.119574
6.63535
0.978956
-1.02549
0.714629
-0.00640231
1.49215
1.87845
0.830829
-1.63075
20.9113
-0.0626546
14.6792
-2.32356
-7.05016
-3.20112
-6.19567
-2.57817
-1.11521
-1.46384
-0.831869
-7.06818
0.936187
0.0906668
7.50781
-2.15176
1.21962
0.887827
2.32797
-0.326192
0.551697
-1.61001
-0.139518
1.0762
-0.541414
1.46383
-0.782506
-0.400266
-0.856117
1.40737
-0.546575
-0.0465768
22.5802
-1.14652
0.979546
0.965547
-0.330602
-1.67585
-0.943364
0.0290966
-0.403013
0.525546
-4.86602
-10.285
-0.732059
28.8266
2.29463
4.01952
-1.05522
-0.288188
1.77792
1.18722
2.08509
0.33418
0.0601823
-0.537707
0.730322
1.86168
-24.4941
-0.218162
8.53746
-0.0837616
2.10635
0.255052
-0.374036
0.28376
0.176472
-6.82225
-0.193339
-0.822491
-2.7363
0.401216
0.183984
-1.40126
-2.39908
1.78092
0.10601
0.0527502
7.2248
0.715424
-0.726897
-0.335774
0.386566
3.79177
0.902048
-1.10803
-1.80509
0.399508
50.858
-0.0798074
0.277761
0.477095
1.41298
-0.0287323
1.5779
5.83081
-0.595885
19.2895
1.05408
-9.06997
-3.81957
1.20531
-1.86541
-0.196577
0.935428
0.319455
2.34943
0.490104
-1.70407
0.0335786
0.118182
0.0937272
1.50489
-1.74185
-0.519266
0.456385
-0.594706
-0.282591
0.00304709
0.721281
-0.263882
1.22849
-0.78712
-0.849537
-24.7544
2.42967
-398.538
-0.166562
-0.00654527
-1.20335
0.755545
-2.62301
-0.827298
0.0266675
-3.72028
0.603785
0.502994
-0.939171
-5.12328
0.366458
1759.92
-0.96865
3.12569
1.45119
0.680857
-1.49877
0.23054
1.75266
5.85545
1.58481
-5.07532
-1.70641
-1.55877
-0.942643
-0.231907
0.207326
0.189979
0.592947
0.823013
0.107391
-0.841795
2.52452
-1.50681
-0.492933
-1.13782
-3.13238
5.43848
0.758673
0.208805
-0.15415
-1.10949
1.78269
-1.58029
-0.10634
13.0977
1.09975
0.185292
-2.53292
-0.764595
-0.663505
2.31295
338.403
0.256287
-0.503972
-0.106518
-0.55262
-0.510908
-0.165248
0.469279
0.287782
-0.061877
-3.86402
-0.343853
0.690345
-0.418259
-1.09594
-1.15447
-0.264302
-0.870662
-0.761938
-1.24148
-0.124651
1.67207
-2.81035
1.45523
-0.435665
0.118974
-0.729754
-5.26811
0.521002
0.104824
3.95284
1.99317
0.305683
3.86652
6.50439
-1.21637
-0.776435
1.2878
-3.44523
-3.40042
1.04709
1.70184
-2.26144
3.30212
-1.01448
-7.37298
0.887122
-1.58209
0.453121
-4.13652
1.92254
-0.306323
-0.464745
-1.10982
1.09214
-0.681873
1.96839
-1.80898
-6.23501
-0.148568
4.15379
-0.247806
-0.058757
-0.362657
-0.680206
3.51966
1.60923
-0.173685
0.778358
0.163407
-0.304737
-1.13273
-1.11285
-2.73661
-0.0454318
-0.163385
-2.79319
-0.750296
0.00360896
-0.640997
-0.242097
2.41316
1.604
2.60894
-0.14075
2.31199
1.75962
-0.0421983
0.217393
0.305203
-0.280332
-0.74273
5.95091
-0.331764
-0.650128
0.455701
0.461549
-0.911024
0.644168
-0.571215
2.89189
-4.05344
-1.10484
-1.17368
0.527868
0.776098
0.824568
3.01167
14.4448
-0.933587
0.854672
-3.4848
-2.31135
0.0952761
-0.084172
3.05926
25.3177
1.51264
-2.48886
-0.128875
0.837447
-0.232359
0.941307
1.61595
0.962661
2.21928
-0.997564
-0.00244424
-28.013
0.408844
-0.789961
-0.950556
-2.06062
-0.942226
0.905779
0.611059
0.989555
0.123779
-329.284
-0.171342
-0.107269
0.812444
-1.6435
-0.15031
4.42578
-0.536624
-0.6445
0.908841
-0.731676
0.233262
0.0879349
1.87072
1.92989
0.693609
2.7464
0.710639
0.297614
-2.60573
4.4758
0.431271
0.374148
0.0207834
-1.00417
-0.936856
0.343194
2.11951
0.0318285
3.38777
0.113018
-0.781477
-7.16757
29.1122
-1.6375
0.528564
-2.9527
0.785772
-4.01176
0.17208
-0.734127
1.09335
0.656673
1.73961
1.40342
-0.994285
-0.642777
-0.768818
1.29559
1.55696
-0.846692
3.5836
-3.34423
-26.2585
-1.07694
-0.163363
-1.17717
-0.638087
0.907558
0.428782
0.369723
-0.306006
0.22883
0.0092334
0.358054
-1.4696
1.34807
-0.145182
-1.48345
0.990379
18.3792
-0.904608
0.565486
-0.493122
1.14573
-0.983972
-0.11579
0.220733
0.235473
-12.3199
0.552924
0.300166
-1.10728
-2.86156
-0.0428169
0.10945
0.0879093
-0.516145
4.82343
-0.570792
-12.2923
15.1273
0.703669
-0.252947
-0.058916
-1.56181
3.93989
0.321308
0.822594
-1.12604
0.229114
3.81491
-18.5145
1.34725
-25.2747
1.35295
-1.81409
2.64719
1.97329
-0.271144
-0.172585
1.49157
-1.92947
-10.9229
-2.62191
0.916874
-0.156187
1.01513
-0.427698
-17.6756
-0.288605
0.0447336
-0.589474
-0.194763
0.230395
-1.36607
-0.485044
-0.333897
0.465678
2.91089
0.761753
-1.34687
5.98673
-0.988049
-2.09085
-0.230551
-2.37274
5.63501
-0.492848
-0.855025
0.799926
1.48745
-1.07297
1.07609
-0.643565
-18.9432
-0.125812
11.4356
-0.464883
2.166
0.695887
-4.89623
4.80661
0.481432
-0.00451803
27.5529
-0.27181
0.551211
-0.224125
4.3133
0.336641
11.3748
3.63052
12.6676
-2.82521
-2.74119
-0.573001
-0.311642
-0.074594
-2.09518
-1.87914
2.38304
-2.3484
9.39488
0.344575
4.48767
4.92926
-0.49096
-0.256301
-6.14659
95.7628
1.24615
2.96546
-3.813
-0.299965
14.1133
0.0762232
-32.0798
-2.0105
0.331379
0.306112
1.10481
0.537571
2.39362
-8.59842
-0.220852
1.37955
-2.70369
0.709651
-2.99561
4.77054
-0.66889
-2.12335
2.58954
-0.879357
0.834048
0.129592
-2.47281
-0.0340051
-0.200277
0.384922
0.115364
32.9211
0.827138
-1.42312
0.599033
0.177628
-2.93682
117.905
0.857298
-0.772115
0.0445492
-0.501049
0.59019
1.66302
1.44722
3.0438
1.16862
0.0195007
0.343525
0.343785
1.31809
3.70307
5.6158
-2.30287
0.744625
7.66914
0.00874849
-0.557615
1.65315
-0.909234
-0.603658
-0.0890091
-3.53033
7.10768
-3.76442
-2.19
-0.484895
6.04439
60.7796
-0.434196
-2.07614
-0.670265
-0.929448
-0.0851658
0.395487
-0.70484
-2.35307
1.17448
0.324997
-3.75844
-0.27464
-0.809476
0.211532
4.1638
-2.13382
-2.40801
-0.597023
0.820471
-4.27114
-0.511675
0.287382
-0.434377
0.715765
0.0545309
-6.72715
-0.354668
0.0988274
0.765617
0.862834
0.762724
0.768872
-0.342876
-0.293146
-0.63876
-0.720786
2.26277
-0.214026
0.787615
-58.539
-0.810822
0.78538
-3.87795
-1.4797
-1.54794
0.0164297
-6.64328
-4.39323
-0.736798
-3.11436
-562.388
-2.03988
2.24686
-0.289641
0.0510604
1.63488
-0.0366604
0.00414128
0.535106
-0.270284
-3.17802
-0.906841
-1.71242
2.30907
0.445618
-0.0761305
0.760631
1.00313
-0.0557026
9.51173
-1.41843
-0.618497
-0.395137
1.46448
-1.67675
-1.358
-0.354616
0.11865
0.430505
-1.41871
5.29111
-0.598135
0.563255
0.684302
-3.36109
0.924022
-1.33492
0.137732
-0.111081
0.526293
-61.6478
-1.18927
-0.222016
-1.42556
5.14154
1.75467
-0.557627
-0.293876
0.905412
0.664673
-20.4415
-1.63604
-0.714711
-0.74558
2.66254
-1.31862
-1.36421
-0.0580743
-9.32497
0.480128
3.15291
0.90332
-0.259814
-0.909396
-1.34138
3.52556
-8.78249
-16.3342
-5.1404
0.711855
-0.859523
1.84708
-2.08533
1.12615
-1.25745
-1.12133
-40.3554
6.0223
0.012581
-1.27959
-0.325065
-0.477853
-1.9343
0.453933
0.38287
-0.184323
-5.8399
1.38941
3.50849
2.77557
0.307171
1.42743
-0.662093
2.9571
-2.50346
3.00923
-0.325247
-3.00007
-6.36043
0.298932
-0.452117
-0.838035
0.870059
-2.01624
-1.00109
-0.210602
-0.700716
-1.0034
-0.582102
0.625826
0.0511314
-64.9301
-0.311763
-0.354864
-1.69314
-0.522797
1.21047
-0.106668
6.38203
-0.777899
-1.84376
1.16941
-0.421016
-2.9778
2.89038
7.59915
-3.17188
-1.86558
-0.00627907
-0.146486
-12.8846
-0.75985
0.614072
0.259329
0.726559
-0.0494822
0.625623
1.06409
0.838241
0.505751
0.14172
-1.50362
0.642027
12.809
5.15308
0.108182
0.892484
-0.152096
-2.39228
-0.300922
0.481833
2.2401
1.98254
1.30501
0.457381
-0.149042
-0.322391
0.634297
-0.921887
0.929679
-0.353924
-1.50036
2.11831
-0.572855
-0.196132
-0.185186
-0.646437
-1.06479
-0.874319
0.444651
-0.697143
0.0419019
0.173196
3.85322
4.83916
-1.14088
-0.615487
12.5937
-14.0823
-0.0841772
0.198067
-0.65012
0.250675
0.0482471
2.29326
-0.262906
0.341527
0.0790886
-0.274826
-1.18421
-0.0417913
0.0891487
3.35375
-1.44516
1.33179
0.0398846
-0.222287
-0.704918
2.09599
-0.8399
-0.226737
1.98459
-1.03834
-0.162783
-0.724003
-0.689726
-0.143904
-0.170944
0.342886
-2.20803
-15.8372
-0.940667
1.1341
-4.06202
-1.80495
0.138113
-6.30398
0.751593
-0.00947846
-0.169859
2.23426
-3.7327
0.837037
-0.943209
-0.127715
-0.476078
1.92279
0.270745
1.18297
0.867527
-0.0621697
-0.772044
-0.0978597
-0.497647
-0.857542
-0.497254
0.429791
-2.34329
-1.00652
-1.80769
-0.281036
-1.03465
5.2628
-1.55237
-0.943504
-5.10651
1.34637
0.324081
0.712283
1.63751
0.321244
0.543175
5.34944
1.54762
1.88967
0.475453
-0.670031
1.69202
-3.44511
0.327098
7.63481
0.478222
0.0106534
1.54938
1.92155
-5.17728
-1.20984
2.89911
-0.847478
-17.3839
0.360816
0.458556
1.67908
1.13079
-0.91345
0.673177
0.364091
0.27597
-0.0181398
0.464787
2.34984
-0.844399
0.658797
19.3828
-7.14113
-0.533764
1.20874
0.128633
14.1371
47.73
-4.41149
0.626465
0.43583
0.593017
-0.156783
0.0429544
2.50739
-5.89352
-1.20083
-1.13722
0.310514
-2.30826
2.97134
-2.38691
1.73035
0.1298
6.53353
-0.293687
0.484316
4.48383
-0.514561
0.938086
4.8268
1.56978
-1.65509
0.456046
-0.884125
-0.131016
2.39982
-0.606602
-8.45559
-0.0583528
0.122334
2.14294
-11.9327
0.169472
-1.08642
-1.9802
-7.44825
0.164888
-0.346506
67.2194
-0.433048
-1.66803
0.623035
0.0153655
-0.832437
-0.738713
-0.214311
-1.73914
3.82426
-0.697507
0.458527
-0.13631
0.0153578
-0.262735
-1.25264
1.84882
-3.63398
1.16203
-0.00396104
-1.24633
3.17457
-1.92775
-0.796485
0.749606
-0.101487
-13.7851
21.8469
-0.219355
-4.54892
0.0805324
-3.39899
0.225735
3.49847
-2.66167
1.62953
-0.141978
0.986093
-0.0224169
-0.120185
-0.672531
-0.648647
-1.2727
12.0752
-0.652341
0.402804
0.178844
0.250746
0.116748
-0.240666
-2.19404
-0.285223
8.91847
0.594236
-1.96566
-5.72666
-3.76149
-0.831292
0.457522
-0.0576408
0.389141
-0.550765
-0.0531175
-2.25496
5.10739
-41.1617
1.35677
0.185204
-32.061
-1.11343
0.982516
-0.166782
-0.776069
-2.26352
-15.1516
-0.234921
0.60186
-0.733121
-1.3329
1.3249
-0.204383
4.74809
-0.432431
1.24448
-1.48304
4.96694
1.67906
-0.134345
1.79141
0.117888
1.14229
0.0290909
12.5792
-1.55451
-0.329877
-0.456538
-6.09923
-0.131958
-9.01383
0.289937
-1.66873
-1.29915
-3.34382
0.800064
-1.90626
-28.7055
0.377105
-1.87819
0.363248
7.10001
-0.669584
1.6099
-0.481796
11.3874
1.30217
1.41559
4.40688
34.815
-1.08502
-0.758234
0.810723
-0.203009
0.339362
-1.3352
0.409798
-0.345933
-26.9336
2.587
-1.06331
-0.554397
4.67529
4.08028
3.93147
-5.33906
0.10769
-5.14592
-0.631245
-0.988075
0.398294
-0.295175
1.11421
-1.29666
-1.1973
0.116991
9.08753
-0.320081
-0.756009
-0.691445
1.46906
-0.264566
0.211092
0.160212
0.946073
-1.50355
-1.68915
-0.47894
4.41056
-3.77008
-2.31673
-1.33742
-7.82557
0.692631
-0.0953649
-32.8293
4.19316
-1.38817
-0.397788
0.0275343
-1.93287
1.24602
-2.30458
0.901852
-0.492383
1.93401
0.270912
0.667573
-1.1348
1.79457
1.82992
-0.380501
-5.07588
-5.68172
-0.955238
1.5778
-1.4482
28.3957
-1.65874
-1.6271
-2.23823
18.5261
4.89557
-0.819985
0.744148
0.666771
-1.34258
-1.91059
0.0325435
0.128436
0.476254
-3.05412
0.343691
1.2909
-0.631312
1.18469
0.671035
-1.01652
-0.473269
7.38916
-0.78948
-2.69679
0.471101
0.141261
-1.87711
-0.467344
-0.225205
0.211991
-0.0635969
-1.06448
3.56548
0.340027
-2.00629
-0.231605
-1.02632
-8.01234
0.943408
-2.1548
0.702215
1.2258
2.93288
6.05788
-2.31353
2.59451
-0.198811
-0.209881
1.27346
-0.408157
-4.09166
1.08175
2.86612
0.318007
-0.100279
0.273892
1.52996
-1.19198
7.71223
1.92464
-1.11386
-0.128618
0.944891
0.156092
-18.007
-282.683
-2.38259
0.506776
0.242203
2.91758
0.603225
0.155652
-2.0716
0.248135
-9.39428
-0.126905
-1.01197
-2.1984
0.241554
-0.554889
2.44373
-0.33969
-93.1779
-0.172682
-1.3294
-5.98482
1.07496
1.00685
-0.810598
-1.81733
-16.3887
0.501932
-1.48066
-0.659574
-3.90861
-0.76562
2.35911
1.04038
-1.05944
-1.63321
-0.478695
-0.416216
2.4323
-4.74508
-6.31597
-0.708895
0.347431
1.21046
0.719308
-0.726329
-1.24932
27.0904
-0.369819
-0.691361
0.111123
-2.23413
1.45087
-0.167539
0.79182
1.85495
-2.82886
-1.24738
-0.340193
-0.362099
0.51036
0.828726
1.46442
0.320899
0.11895
3.47058
0.0673307
-19.1445
-1.30927
-4.54757
-3.2296
0.0812995
4.00972
-2.4856
-10.0894
-0.526518
-0.87932
-1.83352
0.74515
0.12069
-0.828297
0.36984
1.46456
-0.463449
0.590395
-1.4546
-0.782204
0.0998335
-0.0884635
0.546778
0.0769157
0.287903
0.234813
-1.37997
-0.772764
-3.12132
-0.484454
-1.69881
-2.56096
-0.0381836
-2.32497
-2.36418
-1.59917
-0.0386202
0.832062
-0.632211
-1.5236
6.14248
6.00523
-0.291955
-0.658437
0.572214
-8.63638
1.20896
-0.906745
0.586691
2.89658
1.13444
0.498918
-0.896967
6.59365
-0.901804
2.6739
1.90573
-1.04762
-0.053765
-0.277863
-0.347803
1.09618
0.929789
5.29867
3.53281
-0.286631
1.28846
-6.64356
-0.636527
0.107356
0.415956
-1.207
9.09705
3.26578
-0.475291
-2.30434
2.66937
0.949859
-7.93763
-1.01558
-1.46133
-1.5377
-0.110583
1.39501
-0.235673
0.467787
-3.42697
-1.6349
-0.361593
1.2959
8.17769
-2.16036
-0.0694137
2.98307
-4.07215
-3.6849
-0.95743
-1.21105
0.49286
1.04813
0.853151
-22.0138
2.814
-0.686763
1.03564
-0.531729
0.0904369
-5.9544
-1.30119
-0.336861
-0.47439
-4.32094
0.162723
-2.1152
-0.309686
0.404933
-0.392757
-0.780915
0.560881
-0.440349
1.15569
-0.997441
2.50918
0.314747
0.762664
-0.13456
3.13301
0.799319
0.501788
0.297924
1.70491
-220.423
-42.3077
0.745023
0.545942
-0.739368
-0.451083
-2.32089
-0.168336
-0.732471
-2.10085
0.446113
-0.209424
1.67301
0.327136
2.14054
-4.82507
4.40487
8.1201
0.556664
-1.58856
-4.07046
-1.29952
1.6962
-2.55534
-6.63534
-3.09792
-0.017513
-11.4076
0.271347
3.8318
-1.44963
-0.162401
2.87641
-2.17984
-0.866545
39.2414
0.610505
1.27741
1.58867
0.538956
0.204591
2.98419
5.17964
-11.6286
1.52519
0.738462
0.5148
-0.517732
0.747112
1.21202
-7.17157
0.0879849
-1.36033
-1.33034
7.52289
1.12106
0.203663
0.504655
2.52332
56.1518
0.193285
2.46827
-0.561188
3.77537
0.353206
-0.217967
2.2003
1.71081
-0.095689
1.61198
83.6444
2.83707
-1.3037
-0.592904
-0.728943
1.73149
-7.31526
1.28774
-0.187185
-0.265263
0.212413
12.3863
-1.13616
-0.258054
-7.35725
1.39968
-0.293242
-0.615457
-0.265338
0.667703
1.4799
2.40952
9.07573
-0.0573207
1.37025
-0.955824
2.6484
-2.71251
1.46454
0.441397
-5.39445
-0.501513
0.672919
-0.143883
-0.523173
4.90646
0.500828
-1.93915
-0.811217
-1.74471
3.52516
-0.144362
0.923353
-10.3415
4.54859
-1.18206
0.857966
-3.82816
-0.269015
-0.0373843
-0.998272
0.81551
0.181314
1.93344
-0.037737
-1.48053
-0.507583
2.73599
-0.249096
0.118536
-6.22327
0.0793484
-0.641358
0.197562
0.810413
-0.984406
1.52494
1.15147
-1.34252
0.593781
0.130234
-1.8556
-0.235301
-1.24428
-0.944386
0.38245
0.499998
-0.178848
-1.27036
1.43144
-0.66254
2.65165
2.25982
1.25129
5.66562
-0.162749
-1.69851
0.398305
-0.230714
0.0185383
-0.00790496
1.18171
-2.54066
-2.51646
1.29748
2.36768
-0.296018
-3.50266
-0.836333
0.425385
0.345664
0.0723977
-0.885018
0.219689
13.1978
1.93707
-1.37672
1.96083
-0.325984
0.63659
-1.82755
1.2686
1.94191
-0.443221
-3.89248
0.59691
0.183103
-0.608105
1.46425
-0.297563
-4.45092
-9.97492
-0.640309
0.0184601
0.643969
-0.235514
0.281252
-3.38421
0.562469
-3.02621
1.99565
-0.0746836
-1.76004
1.09687
-3.33638
-0.0210593
0.0887203
-7.32924
-3.48809
-0.72238
-0.372985
-0.762148
2.20053
-6.3795
-0.72183
0.873403
-1.53827
0.383899
-2.73518
0.105089
6.9772
0.339115
-0.23447
0.851737
0.575972
3.78183
-0.274651
2.93269
-0.206324
-0.0953131
-9.73504
1.76465
-0.0689012
0.381994
3.06117
5.51026
-15.076
2.39959
0.322123
-0.677279
0.196304
-1.68946
-0.519929
-3.66818
-3.21432
-0.0184913
7.05831
-0.0941206
0.182704
19.2514
-4.30541
-0.712813
0.352885
2.413
0.174061
1.2033
-0.415575
2.55836
-4.4149
-0.0170048
-0.278506
1.51892
1.48433
0.0542857
-0.225915
-0.086962
1.29995
1.75537
2.83287
-0.765969
-84.3029
0.43967
1.14773
0.921021
45.9051
2.12147
0.478074
-0.0417255
-5.47078
-0.351807
-0.143873
-2.82044
4.71675
0.418203
5.40805
-0.826454
0.040465
0.933585
0.281933
0.044934
-1.42244
-2.30998
-3.44223
-0.611309
-0.371493
2.13105
-3.87935
-0.370903
0.676169
0.818322
-1.13504
-1.5545
-3.21718
0.337827
3.20465
-0.897378
-0.428456
-0.0526375
3.39761
-1.16763
1.04047
0.419881
-0.196275
-0.40827
20.9462
0.827768
1.0344
-1.95086
-0.820948
2.76245
0.355551
-0.831569
1.17173
1.14762
-5.04961
1.17788
-0.558553
1.42638
-2.56604
6.50751
0.909438
-9.12091
2.4628
1.58301
1.98937
-0.115318
1.13659
-1.07817
2.67393
0.649102
0.712
-7.64926
2.59691
-1.30317
-0.157765
0.241846
8.14588
-0.348544
2.8725
-1.08215
-0.721169
2.64943
-0.931501
-1.81981
0.0796775
0.973167
-57.3068
-1.09268
-2.60213
0.361952
-1.11016
0.386459
0.979342
2.26994
-0.91012
1.75371
-0.0812384
-3.0171
0.258204
2.34428
-0.514135
0.318121
-0.159966
-2.60746
0.0672779
1.03197
0.999288
0.622001
-2.45175
-0.346786
-4.95301
134.452
-4.37025
1.2965
0.149943
-1.7869
-1.94991
4.68859
-0.275547
-0.0758846
-0.84402
-0.0753449
2.60409
0.365532
-0.614043
-13.7141
-0.851756
-0.765519
2.51184
1.57052
0.509839
-0.294481
4.15766
-1.99284
1.34113
0.729141
0.0947163
-50.5651
-2.05543
-0.954135
17.2398
6.66477
-0.200358
4.65777
2.06768
-230.272
0.53233
-1.71297
-8.65456
5.08244
0.0922964
-8.09756
5.06827
0.610331
0.468683
-0.147926
-1.18073
0.107507
1.04636
-1.08892
-4.53891
-2.85863
4.33121
1.51131
0.97177
-2.86083
10.4971
5.55751
-19.8871
-2.2781
7.00379
-7.88719
-0.93482
1.8231
21.3972
1.67827
24.1915
-0.916154
-24.6476
2.69708
1.3749
2.54598
1.05443
-0.350872
-3.14527
-5.64229
-1.07701
0.14751
-0.151242
0.708736
-21.5108
-0.899776
0.0341576
0.371956
2.41033
-1.60512
17.6599
-15.5177
-1.55018
-1.5481
-178.558
-0.126787
0.347165
-3.77824
-0.685141
-7.64599
-0.64332
1.88264
-0.433141
2.87396
-0.784044
0.72754
-1.42025
-0.321173
-1.84547
0.651362
0.848826
1.38909
0.0150231
-3.19759
-0.606945
-0.197847
2.02529
3.25614
6.73806
0.214937
-0.690842
-1.30676
-0.411621
-0.421845
1.58405
-0.504601
-1.27494
0.114923
-0.668576
-0.359276
-0.292406
-0.825865
-2.53973
0.0596156
-1.22681
-0.672021
0.142228
7.19344
-0.349386
-4.17011
22.4688
0.298753
0.867922
-0.224186
-0.377199
-0.224537
-10.4254
11.3776
-0.491125
-0.710944
0.223501
-1.03958
-1.3893
0.379534
2.38276
-3.58852
1.59818
-1.46432
1.77055
-2.10657
2.05699
-0.175956
0.0336434
3.24723
0.0879913
-0.116557
-0.0721954
-2.06281
-0.73947
1.05681
0.926378
1.05216
6.32441
-2.0157
-0.0514913
-1.0245
0.453907
0.885334
-0.175326
0.64711
0.00635471
-0.530467
0.588877
2.52383
-1.7605
0.674979
-0.298779
-2.99567
0.853773
-2.148
1.82607
-1.30384
2.05375
0.80429
3.69847
-14.8599
-1.05622
7.23972
11.9295
0.613488
1.26728
-2.98807
3.12926
-2.63816
0.170372
0.492534
0.686014
-0.0248723
-0.52927
-0.0493762
-1.12653
-0.656042
0.426005
1.66706
0.134334
-11.1982
-2.56818
0.754087
0.724157
0.0212623
0.444606
2.78026
-0.580178
0.948092
-6.61678
0.0417485
1.05644
-0.114985
11.504
0.0119979
-1.13128
-24.522
0.756744
-16.3364
0.891864
-6.56204
-1.41828
0.833834
0.659371
-0.225923
-0.092942
-0.303055
2.08839
-1.47444
-1.05135
0.488199
-0.721827
1.25035
-1559.61
0.93012
-19.289
-1.12465
-0.892509
-0.924561
1.79623
-0.270791
-11.4219
1.09648
-0.716767
2.33333
1.77564
-6.30417
0.276702
-0.625507
-0.675835
-0.256098
-0.495263
-0.0876902
-1.51705
-21.9962
4.28741
0.403157
-8.42797
-0.345479
9.6354
1.35611
-2.72364
0.609184
1.3938
0.214118
-0.667509
-0.595574
-0.769851
-1.1356
1.08004
3.06861
0.0818934
3.40432
0.653734
-5.44746
17.3186
0.548869
1.45291
1.48831
0.272716
-0.0169532
0.461454
-2.62196
1.52602
-17.2346
0.638574
1.68849
-2.4471
-1.10707
-2.17142
1.7919
0.0268022
0.502687
-0.575103
-0.69895
-1.72409
0.701824
1.21678
-0.13374
2.68409
0.562807
0.256399
0.269987
3.31152
-0.502499
1.6177
-1.39387
1.75158
0.303891
-1.88345
-0.512525
1.41703
0.044693
130.412
-1.41612
0.712364
-1.52271
-11.633
-1.90623
0.307387
-0.717537
0.798791
-0.141475
-1.70152
4.51119
-1.01519
-0.527685
1.08024
0.484118
0.550804
1.74347
10.8361
2.9753
-7.59875
-0.0980662
1.41344
1.65797
-0.288126
1.79853
-1.70908
-0.143232
1.03201
0.525467
8.12053
0.449007
-0.251246
-0.063325
-0.52594
0.0889601
-2.71921
-0.190726
-103.361
-3.39044
3.50649
-1.97754
2.87342
2.24036
-0.798652
-2.0761
-2.1542
0.189546
-0.269235
1.31193
-0.110233
-0.920333
3.8394
2.39255
0.00149327
0.534861
-0.919835
0.562671
0.378739
45.3377
-0.319702
-0.491689
0.0663132
1.66613
-6.67626
-3.39864
-28.7741
-0.0509656
17.662
3.10817
2.15321
0.14696
-0.0688829
0.16697
0.167294
-0.480582
0.303606
-0.660366
2.25346
-0.970522
1.19363
0.253737
-0.903608
-0.667006
0.756868
0.246652
-0.201581
1.92244
-0.0820651
1.30529
0.599309
7.28715
0.263272
2.3299
-1.70648
3.89849
-1.25521
-7.17142
0.412558
-0.506566
4.00674
-1.73695
-2.16651
-0.92828
0.045397
4.5021
3.49874
2.72542
-1.27541
0.575729
0.507474
1.11213
-0.645194
-0.23502
-0.631049
-0.131058
0.0633466
-2.38686
-4.42044
-0.223825
-1.19387
-1.26715
0.985354
1.30416
0.758098
-0.12719
-0.0434451
2.27396
-3.69686
7.70465
-2.23795
0.622113
-0.64492
-1.40457
0.0842207
30.2907
-0.0597501
66.7494
0.164974
-0.30092
-1.35191
0.154161
0.393472
0.0892969
-0.185486
7.14678
-0.797423
0.00922954
2.0281
-18.4915
0.00412039
3.73049
-1.92942
-0.193908
-3.03651
-4.83537
0.614429
0.65316
-0.86171
0.113904
2.4992
-118.096
0.541266
0.13292
-1.32111
-0.407787
0.977102
-1.21707
0.401093
-0.425197
3.30469
-0.179508
18.7872
0.275385
0.324206
-1.07804
0.112764
-0.23404
1.36206
-2.15441
-12.3051
2.13899
1.15469
-0.0278819
3.23406
-0.3625
0.085565
8.88922
0.199599
0.132607
-2.93622
0.140377
1.58722
-1.53051
0.159394
1.69003
-0.0261892
6.75883
-1.44025
22.7574
1.0255
15.2513
-0.797957
-0.261817
0.283466
0.361557
-2.10702
-0.357093
-1.23239
1.05515
-2.44084
-0.336525
-0.228507
-6.54568
-1.11396
7.98766
-2.16508
-0.372607
2.63905
-0.906327
-0.799673
-1.38178
-0.495994
2.1618
0.609027
0.460108
-3.32415
-0.241348
13.6346
0.594222
1.02668
-1.07314
1.2837
-0.0612793
1.25545
-1.05997
1.61226
2.85288
-7.68574
0.672974
0.0348121
1.25293
-1.0829
-0.256872
0.880442
-0.327671
4.09351
-0.186619
1061.04
1.78891
2.69676
-0.00265736
0.752075
-3.01791
2.51527
-0.229462
2.3606
36.1789
3.86735
-3.40147
-0.585712
2.78041
3.61313
-0.623592
0.617078
1.94735
-1.70537
122.785
-3.43019
-1.7828
0.000359761
-0.380716
-2.13796
1.56711
-0.117376
-2.5548
0.544212
4.58969
-0.556414
-28.7096
0.18138
-13.4377
-0.548637
2.19757
0.973223
-2.23404
0.0781044
0.993661
-2.55798
-1.33998
-1.58485
-0.949823
-0.119871
28.9401
2.58156
-2.54575
-0.806305
2.5504
-0.300095
1.36864
-2.926
1.71534
0.966573
-0.209176
-2.15961
1.37304
0.904182
-5.41631
96.2007
-183.193
0.669864
0.145452
4.80754
6.79229
19.741
-7.74697
-0.530043
-0.0483742
0.219938
0.337555
0.104933
0.65422
0.326754
1.7102
0.334327
0.571589
0.722653
-0.983236
-1.87456
1.41093
-7.33332
-2.68032
0.684376
-0.77522
-0.0302257
-1.18659
0.174736
1.30569
0.501163
0.683808
-0.592713
0.942511
-2.43196
0.893263
-0.563946
-2.91988
4.90949
1.29837
1.00904
3.01111
-6.19262
0.138571
14.7651
0.0143852
-4.79348
-2.16255
4.46318
-2.94769
0.91962
0.00020375
-0.764143
0.700972
-0.828917
0.0915369
-1.94696
0.575814
6.46293
0.669831
-0.357642
-2.42716
0.663539
0.143367
0.063486
-16.7735
3.84058
0.0386646
-0.357587
-1.75801
-6.32637
-8.82479
2.77317
1.02399
0.798485
-0.174779
0.468593
3.06491
-4.27503
1.23478
1.72393
-1.09687
0.375542
1.87966
-0.342258
0.201909
-0.885987
0.0152626
0.602872
0.0376477
-0.894254
0.138879
-1.18822
-4.31605
4.11476
0.719575
2.41439
-0.0915283
3.06927
-1.34434
-2.72657
1.06735
1.90327
-0.486724
16.6412
0.403348
1.41718
-1.80374
0.969196
-1.14631
-2.22515
-0.61223
-3.94086
-4.84668
0.539973
0.711777
-1.00599
1.89602
-0.500735
0.682939
0.864817
1.84085
-1.49235
-4.57215
1.73457
-4.9857
-0.318154
-1.09052
-24.4087
-0.926035
2.83989
0.898252
1.07178
-0.323054
-6.25439
-0.787069
23.5095
1.56011
-1.11447
-0.661738
3.9734
1.94373
2.03526
3.26908
0.700639
10.61
-0.422653
-0.0444378
4.6025
4.37168
-1.04073
18.7262
0.655727
55.5329
3.3506
0.540908
-1.07155
1.00045
0.952382
-0.323614
3.20045
-2.54348
-0.015016
5.2091
-1.0093
-0.932998
-0.0323553
0.310223
-1.20948
-2.90072
-0.345602
0.636652
-0.879283
-2.26931
-2.87118
-0.167669
0.695775
0.726407
-0.0481813
-0.744718
-825.942
-1.366
-1.43855
-1.25902
-1.03186
-0.415716
-1.27351
-16.6667
1.81109
-3.58278
0.254677
1.20865
0.757842
-1.05648
2.23265
2.47553
2.03528
-3.3263
3.04229
0.00721634
-3.35757
1.76273
16.5385
-2.46971
-20.421
22.7879
2.32778
-2.03115
0.09053
-3.01908
-5.67833
-0.161977
-0.525126
-0.346922
-4.23844
0.078584
-1.19742
-6.24513
5.17378
-0.694993
-1.10383
-4.07284
-0.257616
-1.08382
-1.30246
-0.848466
1.6363
6.94273
0.218433
15.3825
-0.0556268
0.461384
0.412965
45455.3
0.952518
0.303284
-0.736346
-21.8007
-7.7011
0.656818
1.67376
0.207473
0.235305
0.229852
-1.88195
1.58496
2.19535
0.218408
-0.616637
-2.7531
1.74602
-2.13315
0.355866
0.722054
-0.434093
-1.06915
4.0869
-1.00257
0.620693
-0.938403
2.92893
-11.0594
-0.518235
0.940634
0.49404
1.24516
-0.717932
-257.952
0.859455
1.28076
0.827112
0.283134
-1.52478
0.13288
-2.6912
10.5273
0.474639
-0.412908
1.08475
-0.741734
-1.05713
0.386271
-0.0810798
0.0985596
0.405906
-0.863275
0.0807509
2.38185
1.80007
0.086263
-0.193636
0.299963
0.652106
-0.668976
-0.574882
-5.50999
-1.06087
2.60596
0.740972
-2.35867
-1.07763
0.495513
-105.417
2.66768
0.508354
-2.65205
3.30245
-0.999271
-0.253481
0.468646
-0.574546
0.65305
-0.573955
-2.0474
-0.269761
-0.834499
1.87966
2.62692
-0.860397
-0.332519
29.0725
1.89949
2.30631
2.31218
0.646307
0.0863658
0.0547737
1.64435
26.5447
1.30577
-0.798017
21.9745
-0.869198
0.734109
0.639392
-0.832264
-0.314191
-1.68495
-2.51304
-1.86238
-0.547054
15.5132
-0.0504495
-1.59462
0.606626
4.63947
0.315902
-0.305218
-3.89439
5.74744
-0.0874754
2.87893
-1.50761
-4.95923
-0.0603992
-1.11294
1.31916
-2.262
-4.682
-2.92961
-2.00121
0.252646
-2.21303
0.455275
-0.735134
-0.106113
2.16453
0.457987
-0.231923
0.165608
1.11099
1.59173
-7.19346
0.177539
-1.31086
-0.451849
1.37
13.0109
-0.313828
-0.369044
1.74486
-2.12889
1.94189
40.1924
1.42651
0.671073
3.92673
2.13299
0.333431
0.292438
0.245587
0.109048
-0.157347
1.04761
-1.21278
-1.02943
0.197808
3.22033
0.954947
-0.301003
0.626523
-0.184802
0.0596591
23.9732
-1.24092
-0.0553211
-0.252874
0.00215514
-0.571984
1.08745
-4.8009
0.550443
0.0656195
0.858371
-0.146433
-1.40841
-2.90306
0.370694
0.455015
3.06128
0.185789
-6.25329
-1.57655
1.04102
-1.0777
-0.425951
2.94042
-0.0200592
0.768897
0.538403
-1.36673
-0.168022
-7.00541
0.278069
-1.84912
-0.0670191
-0.0640798
-0.727214
-3.592
-0.670342
-0.238037
-0.0502967
-0.333301
0.899796
-0.192651
-2.93565
0.353522
-1.43888
1.90688
1.81149
-11.2361
-0.743662
-0.359574
-0.237386
-4.1231
-0.235034
-0.869257
-0.00798118
0.023446
-0.215442
-2.21954
-1.2193
-2.0721
0.0131242
0.347186
1.61784
-0.553021
-54.7025
-0.0873827
-1.53446
-0.13454
2.59757
-0.149907
2.07656
-0.207461
-0.672933
4.09268
0.107706
12.2544
-0.524905
-0.292624
0.55119
-1.09039
-0.67623
-1.48184
32.8565
-4.13339
-5.76061
-7.9257
-3.55805
0.108418
1.69674
0.241264
1.60943
-2.72315
1.80627
0.79627
-2.18633
-0.0647439
1.0903
0.630713
-5.10624
-0.191926
-0.713982
0.235319
1.33505
-13.0646
-52.3346
-0.562881
-0.544162
-0.109127
-0.930237
0.605558
1.91494
-0.179871
0.637252
-1.35061
-0.346496
1.47241
-0.399219
23.5398
-0.619407
8.84278
-3.01776
-0.0309162
3.32731
-0.819458
0.282254
0.160789
1.19995
-0.569179
0.000497161
0.571853
-0.0908134
-0.734104
0.366218
-0.807643
-2.73053
-11.6904
-0.397909
-0.471988
117.759
0.876725
-1.19708
2.88282
1.10971
1.48806
-4.01435
1.05197
18.3444
0.0157635
0.774502
-1.90085
1.75817
0.400942
0.886621
1.7803
-0.240346
-1.76318
3.95594
0.308359
2.25852
0.919986
-1.33876
-1.22355
-2.06613
0.789839
-4.61327
-3.16132
-1.09761
-0.518041
-0.822307
0.856916
8.35679
1.36982
0.732806
0.615341
0.00632587
4.70549
0.566631
0.87243
0.188055
1.84685
0.610592
-0.251609
-0.331327
-2.83619
0.469206
2.53476
-0.392193
0.842116
0.566757
-0.420653
-1.83729
1.54047
-0.536146
-0.186895
-3.0946
-0.801404
-4.23392
-0.914597
-0.532253
9.66241
-2.9586
-0.713016
-1.74208
-1.30668
-0.0811007
0.153053
-1.3458
0.737963
-3.16609
0.66883
8.14267
-0.468803
-1.75765
-0.494466
-0.308925
-0.291949
7.69845
0.886023
1.549
-0.658996
0.408103
1.56934
-1.27413
-1.21008
-0.900117
0.849147
-0.840988
0.44627
-3.36805
-0.262736
-0.94878
-3.35245
-1.11325
0.153883
-0.662332
-4.2907
-0.970673
0.206471
1.33436
0.769942
-1.23204
1.07953
-0.970368
2.1924
1.32842
-8.16995
1.0873
0.538352
1.65536
-0.294972
0.248489
8.15168
0.420121
0.190234
-2.14634
7.63562
2.37195
0.399951
-4.09034
0.0717428
0.747343
-1.18668
-1.11023
0.533673
1.84266
-0.669153
-0.146217
-4.04964
-5.94363
0.330604
-1.45558
0.0604751
-1.67464
0.637404
-2.37994
1.63216
-2.97186
0.352395
0.464094
0.120835
0.865774
1.15224
0.233748
-9.43618
1.24309
7.76716
0.42912
22.7276
15.2058
4.47405
-0.397052
-0.148874
2.48321
1.99361
2.97123
1.07828
-18.8349
0.379343
-1.77914
0.0936781
0.180127
7.96762
0.898976
-0.324633
0.971473
-0.731422
-1.75601
-0.858272
0.807765
-42.9167
-0.600638
-0.644988
2.60191
2.4275
3.7168
0.715396
-0.0125617
1.74208
3.18129
2.18468
6.9118
-5.01974
1.48189
-1.47662
0.170842
-0.706878
-0.681398
0.519945
-0.418154
-0.244654
20.0619
1.72384
-0.168939
0.42753
2.0359
-4.96837
13.6025
-1.69602
2.08585
-0.529183
1.85138
0.577691
-2.64323
-0.0665366
-0.0905212
-3.33204
9.01857
-29.0611
-1.52114
0.190544
2.75872
-0.464896
-3.20579
-1.38897
0.742985
-0.0871871
-51.1596
0.393825
5927.97
0.940493
-0.732898
-3.33232
-2.43504
1.30775
-0.0507974
0.423743
-13.0773
1.66632
-0.440223
0.0449743
1.10871
-0.422494
-0.522545
3.96043
-1.83333
-0.196861
-6.88919
13.387
-6.17358
13.6081
21.4866
-1.78952
7.73745
0.279224
-1.63952
0.482559
1.92624
-54.7487
-0.642294
-0.473287
25.7518
-0.714979
1.47845
-0.304511
-0.332402
-0.178693
-0.585955
-0.0651607
1.11052
-1.06661
-0.882652
-32.0428
-1.03769
-1.20966
1.19633
1.92504
1.19278
0.470043
-0.101588
-0.349579
-0.285591
-0.720256
-2.4816
1.7745
21.2776
-0.353946
-39.0776
-1.70518
1.8339
0.319812
-0.943355
0.534638
0.143912
-1.35287
3.0148
-2.87702
-3.83154
12.0163
8.5489
0.70904
-1.7769
-0.163829
2.10311
0.357875
0.317443
76.1284
-0.140006
-15.783
5.45918
18.8901
-3.05354
1.29969
-1.58236
0.668855
-0.569101
-0.467916
-1.14044
-1.40932
-1.46492
0.13256
3.44472
0.564008
0.300164
0.0977579
-4.12946
-0.569036
0.311615
-4.21822
-0.0233043
-0.746139
-0.582796
0.320409
-0.115984
1.11637
34.1691
0.672555
1.10312
5.68038
-338.875
2.08738
0.243464
-0.38933
22.6045
-1.17114
2.25054
-1.54605
3.88395
0.908825
-0.633253
-1.00874
-0.0699517
-2.1123
10.4098
-1.58022
-0.611358
-1.79657
-3.99584
1.11255
-0.977488
-0.266423
-0.552933
-0.308013
1.02648
1.13071
-1.55066
-1.51951
-4.97581
1.07153
-0.20351
-2.36147
0.846918
1.09378
-0.370973
2.43246
-2.59869
-2.30286
1.2673
0.482396
-0.183286
1.23967
-1.03317
0.756358
-0.799572
0.0258572
-0.735793
1.93077
-0.540799
-0.251056
-0.0729427
1.63908
-0.392908
3.53354
-59.4995
-0.876991
0.174481
1.85886
-0.180259
3.02677
-1.83658
-23.2021
-10.8552
-0.651221
-2.61847
0.756076
-3.10013
-0.936923
1.00891
-1.16225
-1.0283
-26.6861
-0.187143
-0.577257
-0.36254
-3.83176
-0.0897487
-1.29822
1.58837
2.76638
-0.30048
-0.332704
-0.503563
-3.48789
-0.543425
-12.4817
-0.00337765
-13.4516
3.96155
0.340037
0.0316526
-2.1049
0.901282
-3.67188
0.637126
-1.54063
-2.81184
-0.443317
1.46029
-1.06581
13.5423
3.59448
-56.7583
0.215221
23.8584
0.803102
-1.77793
0.382932
11.1874
-0.47187
-0.772077
2.44876
1.1269
1.78782
-2.95163
-1.16473
1.29161
2.7688
-1.59646
-0.483517
0.402518
18.6632
2.41613
0.0316905
-4.54927
-1.27506
-5.07892
0.00205647
-0.615002
1.34295
-0.0785472
-0.885959
7.99508
3.3156
-0.276038
0.352
92.3288
0.299139
2.11447
0.033577
0.497186
-2.4867
-1.06206
-1.09819
-0.413144
3.16586
0.996891
2.18782
-1.72517
-0.305599
-0.693464
0.0344238
-26.4625
0.314512
0.487378
3.86949
1.37311
1.11433
1.13751
1.8945
-3.04341
-2.14764
0.524091
-0.318604
0.232905
0.91894
-46.9565
0.956205
-0.807907
2.15361
-0.236455
-0.332348
0.258796
12.4877
0.470316
3.85146
-1.22292
17.7917
-0.763552
1.50589
-0.473896
0.571459
0.680744
0.32375
-1.20802
17.3914
-0.338951
0.780733
2.29514
0.0163468
0.571212
-0.757199
-0.804299
-0.463068
2.82022
2.65475
0.724192
0.132954
-2.80378
7.6412
-5.18543
9.24288
-1.4338
-0.264341
-0.648381
-0.423725
-1.12694
-1.78576
-1.32321
0.201988
-526.6
0.43772
0.274722
1.88036
-7.82938
1.6665
2.84953
-0.721816
-9.82264
-1.00883
-0.504657
0.0120436
-1.64169
-2687.52
-1.43028
-2.39816
-0.509815
0.497175
0.263775
42.8712
0.878873
-1.09764
-0.0476632
0.237759
-1.56652
0.942906
-4.67505
0.380906
0.533656
1.58738
0.0202275
1.64611
0.981752
-0.726577
-0.401127
-0.243477
-11.504
-3.97835
2.61389
1.21454
2.10858
1.59411
-0.230097
0.95527
-4.59903
-0.506835
-0.287761
-13.1526
-1.84588
0.699974
-0.644092
-0.865393
1.77808
-2.01464
0.308296
8.34429
-1.38174
0.499797
0.751129
-0.760555
-0.321043
0.33126
0.522436
-0.767019
0.227396
-1.16802
0.51526
-1.67089
-0.612377
7.11098
29.1404
-0.814056
1.17356
0.401152
0.183098
1.35882
-0.404903
0.330038
-0.486951
-0.163606
3.54135
2.13804
0.332271
2.83084
-3.4787
0.118029
1.48372
-3.31261
9.97037
-4.88095
0.726071
-1.52852
-7.08278
6.54429
0.8441
-0.871277
0.246664
0.615061
-7.04703
-1.94631
0.648254
1.372
-0.476401
3.01292
-1.62531
0.622252
0.629929
-4.51879
2.19379
-0.328836
-11.3923
-0.116984
-0.850533
2.08559
13.7627
-0.0644632
-1.11268
-4.83718
0.0450677
-0.976083
53.5605
-4.73377
-0.232033
-1.31234
-1.3862
0.436912
10.5783
-0.147646
-9.67959
4.62619
-0.463758
0.857065
1.81526
-0.186393
-1.06106
0.795781
1.45678
-0.300643
-0.274973
0.028448
0.105333
0.096483
0.892832
2.11388
-0.0130429
-1.07186
1.57599
0.704883
-0.881856
0.176178
0.817618
-4.32555
5.00776
0.415038
8.72604
-2.5722
-1.73869
-0.531476
0.437414
-1.08689
2.54103
-0.786375
1.34165
0.80536
1.2943
-4.21445
-1.6857
-0.730524
-0.426886
0.780177
20.3179
-0.950271
0.57897
1.78966
-0.333302
1.82466
-0.842872
-361.537
0.414095
-0.0209273
0.0616667
-1.85471
1.9343
-2.47973
-0.42814
7.38477
-1.47006
-1.34836
-8.40595
1.18357
4.86981
-0.0439803
0.449521
3.45285
-3.42827
8.03023
0.804898
0.0767228
-9.40836
-0.0727349
-1.52977
-2.37662
0.22431
-1.4306
-0.0887004
1.58891
0.189837
-0.406848
1.25405
16.3935
6.05984
-0.835904
6.08887
1.60382
-3.77516
-0.37796
0.543252
1.19656
-5.0021
-0.979813
-1.29497
0.857075
-0.0506879
-0.467716
-0.537456
-0.259204
0.0357955
-0.384951
1.79016
0.399586
-1.38096
-0.284827
0.0327401
1.33311
0.378037
-1.27133
2.59541
6.496
5.83311
-0.570088
-1.63489
-0.40426
0.979242
-0.129301
-9.92381
-1.11888
-0.75246
1.97648
2.25942
-0.336877
2.96532
0.596055
5.78182
0.987957
-0.212103
1.52286
0.195293
-3.75253
-0.000575871
1.53079
0.642681
0.452729
3.01235
-0.00523326
-6.94326
-8.50507
12.9144
0.786401
0.223515
-0.219239
1.06904
3.30363
-0.0632734
0.976731
0.694301
3.27211
4.63467
0.411262
-0.98439
-0.981713
1.16645
-5.8457
-0.376004
-20.5379
-0.253059
-0.56149
2.58819
-7.65928
-2.30376
-0.185038
-8.03534
-2.41675
1.13052
1.53532
0.567003
-3.23521
1.06862
0.0614232
-4.12505
3.28518
-0.486233
-0.881461
0.745239
0.0252592
-1.60926
1.13599
-0.771078
-0.349472
0.866672
-0.135121
1.76584
0.691735
1.44767
0.722196
3.55986
0.495881
-0.592035
0.64871
2.8893
1.45713
-3.42457
2.75948
-0.289975
1.71528
-0.666572
4.74308
-1.08568
-6.9815
2.72446
14.0026
11.7113
0.453544
2.42137
-0.186899
-2.80907
-1.00829
-0.855967
3.26498
-3.95934
0.698792
1.13237
-0.160506
1.74042
-0.165257
-0.700101
0.645902
-2.94513
2.01534
-0.274536
0.505317
-0.306555
-0.738621
0.617442
3.54349
-1.14929
4.57775
-0.893184
2.83778
3.75726
-2.14689
1.27732
-0.191504
-4.17355
0.444199
-0.64114
-0.255017
1.05226
-0.982598
-3.86808
1.44686
0.300075
-0.698384
0.612466
2.42056
0.0717907
-0.540372
0.617822
0.116743
-0.258381
-1.04006
-1.20718
13.0985
-0.873446
7.1934
-0.228996
-350.475
1.37253
-0.431059
-0.489009
-0.406643
1.45556
-1.87993
-2.72109
-1.12793
5.93256
0.499394
0.0124503
3.33759
0.781119
9.54836
0.727024
-1.33894
-0.19911
-7.89035
0.815477
0.858817
-1.37434
5.81154
0.410042
-0.459005
24.1389
1.25835
0.107967
-0.678169
-1.41207
-3.26782
-0.351078
-15.1632
0.960824
0.6333
1.57157
0.480384
0.516616
-0.132514
0.0732226
-16.0141
-1.14133
0.319908
1.09638
-5.95884
-12.8638
0.835846
-9.64998
-0.0305649
-0.572215
0.018807
0.0354758
0.845289
-1.17102
-1.60572
-0.303309
-1.19873
8.22317
0.537258
2.14141
-3.80458
0.174073
6.51131
-1.0159
1.8679
-0.0280265
0.370666
-0.131369
-0.401653
-0.476708
9.13209
0.135112
-1.4319
-1.37242
-0.802411
1.23972
1.222
-18.8511
-0.816123
-21.0742
0.203193
0.25285
1.14654
0.151764
-1.57222
2.00578
0.970922
0.210028
-0.226731
0.049506
15.827
-2.21266
3.5238
-16.2958
0.393026
0.0945907
-2.75486
-0.530991
-3.67418
-0.454286
1.46184
-43.4448
-1.97714
0.94369
9.90439
-80.9005
0.481106
-1.10816
-1.82351
-0.207729
-0.188742
-19.281
2.37099
-0.0627596
2.14116
0.960102
-0.646419
0.185637
-0.0105674
-2.32838
-1.54661
-0.614464
-0.0625108
0.230428
-2.85298
-0.564787
2.63789
-0.607621
0.761828
0.328635
0.0234821
5.65178
-0.332418
-0.0326686
-2.05592
1.7184
-1.06372
0.0198764
0.991251
-0.0936533
875.077
-2.49632
-0.474955
0.312798
-4.57128
-0.866606
-6.7681
0.557567
20.6267
-0.282181
-6.93111
-1.7334
-0.632218
27.0573
1.68616
0.691608
-3.19711
-0.496645
-0.383827
-11.744
0.693978
-0.0496626
1.63326
0.141289
-1.66722
1.68273
1.60111
1.01489
0.0964571
1.76184
0.177831
6.58254
0.495378
0.68625
-0.718341
-0.238954
12.6361
-0.83095
-7.46981
-0.114577
-0.342218
-1.65085
-5.8781
-8.76806
-0.342276
-0.223109
0.0370108
0.678504
-2.12292
0.179658
-0.232875
1.02763
0.497367
-1.36489
-0.167694
0.617468
-0.47764
1.8297
-0.395141
0.381603
-0.525545
-4.22425
0.562787
0.119609
-4.02391
-1.93815
0.151789
0.503398
-0.597498
0.75844
0.578469
-0.362487
-0.210232
-0.2004
0.215093
-0.0783519
-4.76955
-0.00204251
-0.303039
-0.821926
0.979734
3.44872
-1.56694
-0.907981
-1.49943
-12.1929
12.3708
2.32037
-0.71791
1.20999
12.8638
2.24651
-9.62413
0.480373
170.667
2.54723
5.92116
-0.562205
-0.623469
4.66539
-2.11199
1.16453
-0.329768
-4.49692
-0.0176773
0.463575
0.446335
1.54397
-0.0245975
-2.73702
0.699026
-0.793905
0.384785
-16.5027
3.10793
0.371334
0.339603
1.63797
-2.3598
0.205241
-1.39133
-0.706537
3.5235
-1.41661
0.69163
1.48788
-1.05912
18.1089
0.578462
0.0717894
-0.355129
2.871
0.114162
29.7577
1.25799
-0.395332
1.84134
-18.6746
-0.654366
0.392171
3.47852
0.618579
0.679863
-1.61163
1.76443
-1.18518
-1.51332
0.852602
0.510028
-0.522729
8.52686
-1.21836
0.451376
0.794779
-0.959012
0.0923983
-0.989113
0.4178
-1.18527
-31.5653
0.219409
7.31699
1.20739
10.3936
2.30333
-0.546901
-0.178851
-0.113039
-0.510048
-2.33185
-0.427067
0.264611
0.218938
-2.80134
0.0378608
0.523357
-0.992481
0.674791
-1.05366
-7.66118
0.115528
2.27461
1.73776
2.00192
-2.28318
-0.692284
-0.519388
1.48568
0.566955
-9.31771
-0.0701171
1.71345
1.23889
2.71441
-0.54669
1.28095
-0.485615
-6.35832
-1.17586
0.662438
1.79634
5.48031
-4.39229
0.206755
-1.12973
1.57714
0.680803
-0.421805
0.0483674
0.71251
-0.157119
38.1476
0.550302
-0.0894312
-0.543058
0.436987
-0.293586
4.90295
0.939558
0.461495
-0.185588
6.23527
-0.723022
-0.0593549
-0.94398
-77.3385
0.572728
5.40252
-0.31204
106.874
-0.425251
1.22544
-4.85619
2.4525
-1.08118
-1.58907
-0.377103
-3.51887
1.46467
-2.90428
2.94406
-0.121692
0.0971611
6.37417
3.1767
-0.384302
-0.994371
-0.0836315
-3.25362
-3.99443
0.252671
-10.0124
-1.06395
0.757454
0.48715
-1.84778
-1.34618
-2.23243
0.608513
-17.8278
3.71098
-0.529634
1.07244
0.0220575
-2.25585
-8.97843
-0.498825
5.19202
2.51505
0.319164
1.42182
0.471349
0.976594
2.88174
1.13555
0.136973
4.34215
-0.219907
0.152428
3.14658
0.339034
-0.68002
-0.127281
-0.545064
7.29704
-0.235122
-0.273158
-0.46882
1.09223
0.836978
-0.998247
0.529936
0.187208
1.30809
-0.55171
-0.590378
0.390883
-0.985613
1.03505
-4.18747
2.17842
-0.0656231
-0.230514
-7.67924
1.94487
1.21573
-4.94602
0.21652
0.528875
-2.4381
0.299341
0.398654
-1.53494
0.80042
-0.454282
-0.0678882
-2.74674
-16.5273
-0.645886
0.515296
-0.234732
3.08795
-0.768315
-0.121312
0.204859
4.36522
-0.978726
0.903475
0.0212106
0.545041
-3.8482
-0.354934
0.615474
-4.7639
1.41988
-0.31919
1.56399
0.713178
-1.92623
1.57712
-1.66149
0.535285
9.00443
1.77077
-0.634035
-2.47557
35.3746
-3.18054
55.0591
7.88707
-12.124
0.931581
3.31674
-0.962959
-0.368931
0.126659
0.475496
0.735608
1.40817
-0.483659
-1.20633
-1.43726
-8.47515
-9.46792
-0.640778
0.0593958
0.594435
30.7758
-0.355752
-6.36592
-1.65601
-0.0308799
10.2861
-0.65004
0.915232
0.738397
0.920557
8.56868
0.939106
0.519397
3.0017
1.83519
2.46568
-8.85372
5.11554
-2.09163
-0.688421
-0.302987
1.0643
-0.415059
-0.523944
-0.212318
0.713074
-0.514552
-1.74013
0.326717
-0.000194657
0.0292698
-11.3597
-2.97821
2.90057
-4.94616
1.03356
-0.355993
-1.47913
-0.878185
1.79185
1.77603
-0.626778
24.2548
-1.92812
-1.15847
0.96243
37.4591
-1.48253
0.297418
0.975438
0.846697
1.72058
0.970351
-2.49837
-11.8784
-5.99936
-0.682762
0.299514
-0.706246
-1.54478
-0.107179
0.807643
-0.0496984
0.686602
0.142621
-1.8121
-1.5068
21.8962
4.42588
0.438311
1.16412
-12.4071
1.35294
1.43459
-0.6844
2.25761
23.4252
-0.749025
-6.31981
0.273141
3.05841
-1.39699
0.534781
-0.429106
1.08047
0.616814
2.40023
-1.89916
1.49034
-1.59033
-1.01545
1.32922
-1.51459
0.167629
0.0615737
18.2427
0.757436
-2.11066
1159.41
-0.613984
2.90113
-0.363977
-0.672576
-9.00322
2.84099
0.55951
-0.223178
-0.552983
-0.381005
2.78353
1.78974
-8.69472
0.657615
-0.504467
-1.15459
0.912659
0.720815
-22.4245
0.297381
-6.91695
0.339757
0.840096
-0.533148
-0.969763
-1.62741
-0.0627934
-0.133125
2.34963
-1.42729
11.6061
0.937955
10.9607
-0.513497
-0.160069
0.117411
0.325689
0.134974
-0.388151
0.249839
-5.03746
1.28732
-1.2591
-1.42396
0.992807
-0.469013
-1.32745
-0.189335
0.280105
-0.374618
0.158659
-0.227647
-5.28026
-0.805474
-0.968436
-0.724867
0.473254
21.6198
0.741355
-3.4143
1.01936
1.76687
-0.0845432
1.0857
-3.90155
-0.9105
-2.08503
0.395491
1.76677
-0.423817
-1.24115
0.0752518
0.811206
-9.9434e-05
0.220729
-2.09606
0.241416
0.505314
-2.4354
1.21635
-0.646287
-2.98539
3.07735
-0.818091
3.54501
0.209386
-0.911083
-0.286379
0.331014
1.36271
-0.364516
-1.90353
-0.0329052
0.0191659
-3.28011
-9.85949
-2.91304
1.74568
-0.201048
9.14618
-0.428494
-0.0375144
-1.01708
0.892245
-2.6395
0.611901
-1.85905
-1.2647
-0.865519
-2.36546
1.26586
-1.09814
3.4757
1.42441
-0.805555
-3.04989
-0.930313
-4.70768
-0.328904
0.306967
0.848846
1.79516
-23.3782
1.63518
-0.844191
-7.98946
0.159914
-5.25922
0.753712
-0.475661
0.296686
-0.0841501
-3.29131
-0.841074
-0.724431
0.156491
0.925479
-1.21515
-2.44541
-0.329816
-15.1659
1.31884
0.879033
-0.137764
-0.129595
-0.159826
4.21577
2.24552
-3.21397
25.7898
-15.0553
-3.16008
-1.32031
-3.06809
0.487707
-62.5872
0.188048
-8.45076
0.995004
3.39469
1.08519
0.260892
-0.828428
-0.0350718
-0.323987
3.63883
-0.93499
-7.49515
-0.489831
-181.586
-11.4866
0.750698
0.0714836
-0.386361
0.391934
0.381128
3.46642
-2.85238
0.668905
-0.709757
2.1301
-3.78958
-11.1067
-6.36256
-1.50694
15.3754
1.00668
-0.386487
-1.36694
1.38039
0.189015
-0.0830944
0.0570789
0.852721
36.2691
0.6714
-0.735213
-0.639712
1.41014
2.0819
-0.619054
0.766328
-0.1087
-0.23495
6.57494
0.494364
-0.909563
0.169235
-1.40065
8.11644
0.488361
4.85295
-3.82294
-1.68169
0.65962
-0.417563
-2.38382
4.31215
-30.2824
-0.444414
3.36753
0.127786
-0.454371
7.40455
2.32602
-5.19556
-0.113188
0.346722
-0.711096
1.45759
-0.594673
-1.30848
-0.0652106
-2.7308
-2.16344
0.794261
61.3065
-0.284743
3.48799
-0.787343
2.42002
-1.98227
-9.07822
-0.138068
1.94704
8.14918
1.16044
-0.130276
-0.733026
-0.698633
-1.56202
-0.472662
0.863641
-33.4274
-1.3405
-0.556636
0.783257
28.8158
2.11112
-0.334011
0.296986
1.37455
-0.889645
0.78795
0.482663
-0.543636
0.278337
17.3624
0.14841
3.5408
0.369124
-0.548903
3.85147
-0.201571
-0.409272
-0.0224968
-1.35592
0.473931
-1.57027
-0.217955
1.07876
-1.43997
0.17329
-0.597812
1.76911
-0.868839
1.66121
0.595347
-0.714683
-1.91328
0.77889
-2.55226
-3.684
-0.677743
0.517216
0.440419
0.0927819
0.332464
-0.817893
2.36907
-1.01885
-1.25095
-19.7523
-0.592232
2.88746
1.24432
3.2177
0.722319
0.409301
-2.21554
0.704258
4.69467
0.00757256
-3.31016
-1.00834
-1.52686
-1.57217
10.8896
16.7774
0.596121
1.36059
0.879958
0.134821
0.0330822
8.25775
-0.26862
-20.4744
-0.928361
0.453268
0.157976
-0.0480622
-0.0978714
0.144082
6.25009
-0.0705377
-0.239544
-1.20272
-6.14426
-0.388901
-1.16246
1.40928
0.474879
-0.637477
-2.51247
4.76695
-1.56274
1.23725
-3.31225
-0.333275
-27.2867
-6.16659
15.9408
0.143052
-0.426937
-1.58038
-0.697654
2.69672
-1.51628
-5.55256
0.0110269
1.71747
2.53896
2.75495
46.5459
0.526455
3.91432
0.0777881
1.23585
32.5387
-11.2593
-0.0299688
0.383626
1.89618
0.172103
0.189629
-1.17973
0.0871227
-2.39324
-0.473124
-28.2747
2.85122
30.2922
8.27632
3.15026
-1.14811
-5.06944
0.300977
-2.91479
-0.0781643
-0.869457
7.84706
3.70478
3.79562
5.95206
1.48044
0.363959
1.41748
-0.424201
2.09286
-4.93376
-2.17884
1.18803
-0.303579
0.469143
0.298063
-37.6716
1.24861
0.927658
-0.311197
0.0892885
2.17834
0.928596
1.65425
0.973776
0.830864
-0.583741
-0.480153
1.02646
10.5035
2.10334
0.0350072
-0.850288
0.262105
0.074875
0.349499
-3.39568
1.69808
-1.91067
1.22224
-2.51483
0.808879
-0.328022
0.284239
-0.799703
0.760365
-0.447527
1.22933
0.892769
-0.302422
0.674644
3.21043
-118.238
-7.66093
-1.80138
1.81469
0.638619
-4.44073
2.56433
0.543842
-1.35472
2.4659
-0.154561
0.580883
23.1088
0.272639
1.25353
-0.455896
-6.14461
0.630213
-1.56598
-2.10716
-1.85459
2.00539
2.99069
-6.18412
0.182728
-0.373352
-15.4275
-4.00203
2.56486
1.51285
0.525467
0.251763
1.32556
0.0202942
0.284151
-0.436599
-3.34507
1.40354
5.90001
6.46777
-4.94863
-0.534573
-0.922275
-0.603229
1.09459
0.434696
0.772429
1.86978
0.770811
-0.451799
-22.3252
0.618486
0.437314
9.88626
0.153386
2.99658
-10.0681
2.42798
2.45761
0.0100774
1.33108
-2.66502
0.681191
0.0794389
-0.666903
1.86744
2.3867
-0.160195
2.4485
-140.84
-0.652098
-9.58305
-0.434191
-0.685672
3.528
-1.5391
0.928156
1.74155
0.976911
-1.19421
-1.09615
0.874521
0.549494
1.26212
-0.907631
-1.80417
-0.821884
0.397518
-0.828645
0.972902
-1.12024
-0.759601
-1.35833
0.201545
1.04025
-3.65379
-0.152731
0.268838
0.782266
-0.183118
2.57404
-2.22553
-3.19649
149.214
0.083125
0.128801
-1.02896
0.0439737
-1.54301
0.937068
-0.106161
2.52307
-0.289244
-1.60146
2.17492
8.07234
-0.482812
5.0198
0.133582
-0.0733601
1.22328
0.187525
3.33724
2.43563
0.162392
-0.164436
-3.7375
-0.24621
0.324737
0.584271
-3.94221
93.309
0.197056
0.436454
1.36364
3.37197
1.49804
4.49848
1.01216
-3.47417
-0.221249
2.21138
0.388982
0.0527271
1.27735
1.24727
0.503493
0.837429
-1.72303
0.682341
27.1997
0.215523
4.99521
85.9299
-0.754661
-1.23023
0.523144
0.430254
1.45735
-0.551018
0.117267
0.476812
-125.122
4.14706
1.35637
-14.9206
-2.77061
0.140229
140.291
-0.32015
-0.341692
-1.30627
0.511325
-0.849042
-164.919
2.74754
0.734135
-2.04535
0.146602
0.179987
1.28394
1.50157
-3.77737
-1.64834
-6.79117
0.333643
4.84394
-1.09888
-1.8508
0.00251801
8.35032
-1.14113
0.253511
3.7866
20.4439
-1.49629
-0.149764
-0.804416
-1.00861
-0.533276
4.53199
-0.294841
1.78051
-2.67624
1.11968
-0.892897
-1.8689
-1.64942
-0.204851
1.27121
0.175685
28.6148
-1.8642
-0.86862
0.357603
0.386717
-7.13943
-3.19084
0.368123
0.188021
0.41323
-1.28665
6.86778
-0.184619
0.797094
-1.6553
-2.27292
-0.843586
2.7813
-1.74939
-1.69541
-0.624642
2.56572
0.161217
-2.01508
-4.50537
1.41058
0.88528
1.54145
1.23859
1.46531
0.0325955
-0.250688
0.931136
0.0318858
6.3787
-1.90273
0.502171
2.20713
0.22927
-25.0637
1.58313
1.19367
-2.72524
-0.112924
1.07001
0.23937
0.672108
-1.00723
-1.33366
-1.85911
-0.285265
-9.85107
-7.98281
0.347294
-6.30422
-1.47102
-1.94601
1.73668
-0.309243
-0.26454
0.81002
-0.565464
-0.374438
0.702906
-0.231574
-0.104108
-1.22254
-0.756534
-0.213512
0.515021
0.0621931
-0.654892
-3.19719
-4.64304
-0.531882
-3.42141
0.757345
-0.319201
0.400802
-0.0288981
2.23101
-0.918367
-1.34452
-0.2821
0.623573
-0.094682
-0.307206
0.0737187
-0.466089
-0.984942
4.55077
0.533668
-1.663
0.527963
0.789587
0.285729
-1.22092
-0.0078334
0.711165
-0.0856394
0.371659
0.318312
-0.0597877
-0.299375
21.6727
9.84097
-3.52385
0.996952
1.81452
-0.534957
0.426151
-2.42512
0.603158
4.2584
-0.0377516
1.08903
-0.179223
2.82972
-0.385771
1.57653
0.359921
0.851966
6.24126
0.536219
1.53735
1.42333
-1.44576
1.26269
-0.32672
0.114742
0.0218319
2.75583
-0.145958
0.802836
0.644578
-0.0853082
0.781261
-0.477232
-0.505166
-0.748428
-1.14068
0.515981
-2.13933
-0.202928
-0.908708
0.397532
0.743545
0.691754
-3.13627
5.76926
1.08568
-1.0347
-1.37949
3.20462
-0.338536
1.10517
-0.194102
-0.839341
2.82837
2.05509
-0.113107
-23.6178
-0.261943
-0.653049
-5.51797
-0.420978
3.34048
1.8795
-0.243285
-0.453811
-0.695204
-0.539796
-4.27815
0.899053
0.662759
0.221949
-1.66063
1.00899
156.555
-1.6324
1.59309
-4.94226
1.52686
2.83304
-0.140142
-1.20605
-0.316687
0.382991
-0.19479
2.17959
0.199699
-0.695527
0.0404564
4.13894
-0.439238
0.696849
-13.3061
-1.64802
-0.639295
0.116402
-0.949672
-0.0403982
2.21053
12.1243
1.34041
-0.166223
-6.20857
-0.0218554
-1.28977
6.97869
0.105645
0.17523
-5.96621
-2.09645
1.96964
0.921382
-1.41681
-3.59879
-0.407765
0.768705
-0.415031
-0.00560444
-0.727213
-2.86733
-0.558288
19.3534
7.04112
0.255114
-0.883078
-0.226826
0.505165
0.378438
-0.22911
2.33902
-0.640752
-1.6792
5.90588
-1.77623
-0.581522
-2.45502
5.59351
-4.56222
2.88695
-0.375213
-2.20314
1.84318
0.496852
1.09448
0.189252
1.3101
0.0795296
-0.375984
-0.115455
0.282886
-1.62786
0.482334
-0.827105
-26.5688
0.903669
-3.53394
-1.19507
0.178365
-0.27285
-0.107138
0.468879
-6.63853
1.71808
2.13597
-0.233109
0.835528
-0.454724
1.20366
13.0257
1.14746
97.536
0.408249
0.239421
1.12584
-1.05566
0.69582
-2.51011
-2.51121
11.0429
-0.459604
1.20951
0.895558
-0.09852
0.258316
0.34294
-0.506373
0.00950615
0.195052
-1.31989
-26.142
-0.145205
-0.391856
0.502307
1.18118
0.525488
-0.810172
-1.17302
0.547617
-6.08159
0.0164686
-0.373878
-0.0682863
1.83639
0.236937
2.30844
0.632655
2.00568
2.32135
1080.74
0.80459
-0.256311
7.06192
1.73503
1.2029
-1.23046
3.72748
1.04117
0.341497
-0.861158
4.52479
0.555492
-3.59916
38.9168
104.681
-0.1412
-1.13091
139.022
-2.37101
1.46527
-0.66218
-0.464706
0.113421
0.398065
1.98973
-38.6327
-0.0237062
-1.7529
6.88889
0.592658
3.78666
-2.57409
-0.171898
3.48416
6.25782
13.7236
0.173509
1.34731
-0.0419535
-0.708057
0.0646142
-0.230505
-9.5244
-1.09901
-0.888023
-1.71726
0.267106
-3.19259
-0.88854
-2.94281
-2.70665
-0.375016
0.579407
-10.7855
9.78579
-1.10116
1.30347
-11.831
0.889879
0.762314
2.79794
-2.50761
-0.307538
-2.27905
-0.284855
-1.84485
2.03099
-1.24238
0.868654
-1.10983
-0.287844
-2.70801
0.677758
1.94956
0.207374
-0.15463
1.2287
-0.395475
0.762014
3.24077
8.88226
-1.89219
-4.50021
2.2696
0.692222
0.593236
-7.73252
-0.769018
-0.0573362
-1.96822
2.0701
-2.33651
-0.607043
-3.26601
0.050943
0.0541392
-4.19194
2.33167
0.751508
29.357
1.45368
-0.663261
0.707265
2.94416
1.89249
-1.04127
0.207385
-2.47397
0.323178
0.40672
0.216532
0.0164463
-0.752896
0.0844694
7.72739
1.21267
0.542088
0.988831
-3.94359
0.202529
-0.911117
0.685509
5.0398
-0.500815
-1.08988
-0.128248
0.836802
-0.38727
-0.0676746
-1.52578
-1.03911
-3.59837
-15.4138
-0.95037
1.90235
-8.32243
-3.41707
-0.705512
-1.59346
0.363268
0.635842
-3.3928
22.9569
-4.81995
0.531341
0.562311
0.390702
-0.928357
1.44209
-1.65428
-1.70147
97.3941
-1.01618
-1.03986
0.784875
-0.0868202
0.524393
-1.04745
17.598
-0.0805066
0.399852
-0.65695
-0.679729
0.0415449
0.255733
6.72139
1.49797
2.83036
4.30065
0.306412
-4.705
0.338129
-0.229769
0.643232
2.76738
3.15969
-0.259434
-0.368369
-0.891663
-2.95426
-0.31537
2.02816
-9.12787
-0.478944
-1.14323
-0.189632
-5.41492
-0.9639
0.0165516
1.27053
19.4045
-2.15217
-0.060312
-0.09678
-0.456396
0.0492673
-0.139832
0.876238
0.00426235
2.075
0.426075
-1.32923
-2.4086
0.0962839
-0.794181
-1.90413
1.40168
1.13607
1.33242
0.118825
0.309876
-3.4274
-3.94641
-0.168066
1.02192
-0.306446
-0.19652
2.43786
1.82722
-4.87407
1.52678
-0.908342
0.637345
1.31301
-1.27531
-0.503841
0.736656
-1.62063
-2.76642
-3.63254
2.42224
0.1857
1.92976
1.71894
-1.7127
0.796277
5.14291
0.364462
-179.488
1.35626
-3.91278
1.61118
0.957401
-0.202563
-34.3923
9.72641
3.46432
1.04698
7.09101
-2.36546
-1.74162
-1.88317
-0.897981
-2.00313
-0.441067
-0.431935
3.19952
0.321253
0.123423
0.363561
6.47686
-1.41931
1.28285
42.8845
0.268835
-2.44905
-8.83424
14.9462
2.64212
-2.68364
2.59697
-73.5393
-0.0916812
1.37044
1.26874
-3.08219
-0.443316
-0.0979864
0.253202
2.70648
-0.765234
0.224353
12.8122
-1.28797
0.828502
-3.38371
-1.30909
0.652465
-2.75838
5.18462
-0.287483
-0.867536
-0.149643
-2.75294
0.155885
-0.709903
89.3551
-0.184915
-0.89829
1.53898
-0.38209
-0.0110934
-1.9297
2.01879
1.44821
1.18021
-0.61536
-0.139116
-0.450361
-26.3979
2.40065
-0.599068
-0.753147
-0.974522
1.58312
4.629
-0.65055
0.105961
0.400366
7.60127
3.04584
0.213809
0.798556
-6.96394
-0.779227
-3.42733
-0.104956
-1.03441
1.84799
0.653681
0.346548
0.817171
-0.908042
0.923761
1.54238
-0.342511
-0.368688
-0.490043
-0.242948
-0.815048
-0.305762
2.68432
-2.49492
3.61895
-1.37159
-0.318853
2.64122
0.517153
1.64369
-1.03398
-0.113901
-3.20505
-0.0883915
-0.0862182
52.2209
18.4946
0.219492
0.0741081
-1.45403
1.83337
-4.31095
-1.02452
-2.22271
-9.20492
62.1954
-0.269955
2.74174
-0.334536
0.623368
-1.9596
-0.85901
-0.585791
-0.42612
0.943937
-18.4556
-1.03829
-0.210814
0.039894
4.89659
43.0097
1.03481
-0.791021
-4.67511
-1.05222
5.44679
1.25818
1.44461
-0.346238
-1.97369
0.872645
-0.0451202
-0.0717919
0.367228
-1.32155
-2.49574
0.0376418
-0.392297
-7.48389
0.459424
-0.917553
-1.09187
-4.49629
0.184858
-0.446553
-1.28473
-1.29298
188.757
-0.941754
0.0376527
-1.10949
11.6249
-0.164002
-0.288325
13.0804
3.2489
0.131121
2.27625
-0.120238
2.62056
5.73982
0.297113
-1.93742
4.54276
-0.367553
-0.830049
-0.19824
-3.29576
-0.234719
0.65478
-4.77909
0.838434
-1.38768
0.225882
7.52882
-0.619172
2.04464
1.06851
-0.127997
-2.20522
-1.21701
3.01143
-1.36251
-0.44819
-0.0949082
-0.251194
0.174972
-2.13991
0.192451
0.631247
1.47408
-1.24717
-0.844435
-1.17911
0.671529
1.10713
-0.34082
-12.5478
1.87573
-0.0613476
15.3649
3.30455
0.269827
-3.30424
-6.44738
0.64914
0.388078
0.95033
1.34281
1.53624
-1.58851
3.81522
1.07996
4.68689
41.2561
-0.484283
1011.9
0.154791
-0.53778
0.0336823
2.14473
-3.87718
0.563267
2.27004
-1.64954
0.991308
0.383798
-7.66603
0.21643
-5.87112
-1.44847
-0.906676
-0.575163
0.32946
0.20498
0.175336
6.4249
-1.94404
-0.272722
0.339895
-1.02713
-1.4128
3.52815
0.782391
0.516951
3.04551
-0.234411
12.239
-2.65859
0.0622155
0.277128
-0.584575
0.174822
0.811035
-2.32819
-23.3017
-1.03161
-0.610474
-38.0062
-9.36735
0.991574
1.9402
-1.8473
-0.172976
0.31989
-0.25682
0.835
0.244547
-1.99645
0.215794
-2.93296
-2.32386
0.364234
-0.5547
-1.72166
0.20184
-0.00245922
-0.976517
-0.129306
1.81758
-1.95363
0.341514
-0.816477
2.83075
0.299514
0.358385
-0.864239
-1.53879
-1.28482
-0.528223
0.0805812
1.33392
0.622376
-0.0153729
0.961359
-1.3961
-0.733667
1.06161
4.47681
1.38747
0.938547
0.272768
0.0477463
-39.3288
0.4924
-0.370664
0.473784
0.947507
7.03742
0.369406
-0.0524551
4.63394
3.83511
0.741562
-1.7514
-0.0500435
0.355053
1.04772
-2.51748
-116.006
-1.82964
-3.71373
1.56283
-1.56071
38.2744
-0.0670131
1.80755
-1.9361
-1.69199
-1.36313
0.835745
-0.543445
-2.21454
0.593449
-0.312708
0.476456
-3.11535
-0.529148
0.164357
11.2219
-0.795382
-4.83103
0.874532
-0.39988
0.589339
-0.487425
3.20644
0.592512
5.21692
-0.844127
-1.27116
2.08171
-1.37109
-2.71339
2.2352
-0.0629807
-0.406808
-0.549714
4.09491
0.223048
-4.73687
-2.37444
-4.67623
-0.146431
0.179695
-6.3954
-0.0689876
0.585457
2.39492
1.43419
1.69994
-0.857942
1.26016
2.84202
-1.26914
-0.286274
-0.773725
-0.551554
-0.66037
-0.144172
-0.492355
-1.45217
4.72133
0.140446
-1.26716
0.558665
0.230021
0.373774
1.63266
-1.4818
-0.63192
19.5461
0.148765
0.369546
-43.5751
-0.555428
-0.467551
-0.79539
-20.5036
-0.202408
2.99579
-1.45318
0.733451
1.43526
-0.219676
-0.72881
-0.657468
-1.70504
5.07707
0.0860434
-1.39935
1.23167
0.0796461
-0.398792
0.454229
3.79752
-5.20239
-0.242943
-0.897241
-0.163781
-1.09633
10.7125
-0.0249812
-0.88154
-0.894591
-1.12305
0.91481
1.32511
-0.908569
1.46356
-4.14909
4.86953
0.208888
0.586916
1.01497
1.13695
-10.6145
-0.457197
0.758149
-0.457953
-0.468211
0.527102
-16.1611
-2.18182
-2.7213
0.114209
1.48748
-0.0262206
-2.43638
1.21296
0.094447
2.04897
-7.80391
0.19244
0.321112
-0.410002
0.719742
-0.476159
0.763687
-0.0848859
-1.02976
0.474079
-4.13559
-0.30966
3.90841
0.0945435
-1.04587
-0.601911
1.10783
4.77149
1.38858
0.0820084
1.12023
1.2822
3.91233
0.201347
-0.874225
-1.69118
-0.169317
0.154081
-30.0048
3.56941
-1.73383
0.144424
-0.678589
0.637357
-0.440379
0.840305
0.408683
-7.18932
-1.12487
0.406288
-0.695468
0.76179
3.11767
0.417269
-0.279894
-1.18396
-1.39021
-0.627862
0.419546
-1.5918
0.296859
-0.0779799
0.256266
-2.97959
1.31762
1.73628
2.21446
0.334024
-4.41291
-10.271
-0.506057
-1.02446
-1.60467
-0.0779776
-0.400629
-0.63357
-0.0531804
-1.20684
-0.0593392
1.66348
1.80107
-3.46516
-0.0711785
0.99723
0.271167
0.416032
2.25736
0.609759
-0.664337
-1.29347
-0.945343
44.7831
-0.649872
214.034
-0.383555
0.659696
-6.56299
-0.233552
0.0517668
-0.806117
12.732
0.166353
2.43055
3.34467
0.924791
-10.1261
-0.0827663
2.24779
-0.0682197
-0.135271
1.61884
-0.104604
0.055799
1.72159
1.00063
0.660848
-8.89585
-7.43291
1.47535
-0.218674
2.73768
2.74638
0.225201
-2.72373
0.907886
0.122082
1.51486
32.4031
0.124678
0.632553
-1.52228
-19.6246
0.785422
-1.00778
-0.39855
7.38854
0.892596
-29.7488
-0.454418
2.40621
0.185587
0.52837
-0.512119
4.12871
-0.158549
8.42545
-0.0651897
-0.498755
3.85038
0.380295
-1.48981
-0.894744
0.449515
2.95363
1.11303
-0.820691
3.12966
-0.781792
-0.610027
1.14985
0.163173
0.0664195
-2.07734
0.173509
0.638428
-0.75396
-6.21404
0.033647
0.579163
-0.967158
-5.38242
-0.459661
-0.0968291
2.07428
-4.35643
-3.06434
0.417188
0.816994
-0.758505
-1.5924
1.31345
1.68756
-0.360489
-2.82402
-2.21505
-1.21345
-0.806091
-0.0789978
0.961367
3.39766
-5.94295
-0.508907
-4.08308
-2.57296
-3.65339
3.40579
0.418048
0.1233
-33.711
1.61913
0.746048
-3.64813
0.113147
-1.06443
0.227625
-3.7959
-0.951064
0.107092
1.31246
0.47451
-1.59036
-0.26242
1.27756
-10.3964
0.79145
-0.127125
-2.18176
14.0033
5.12299
2.13261
3.53082
-0.863891
0.365445
2.11676
-0.907789
0.00587781
-0.354033
1.43968
-1.42657
-4.0003
-23.0235
30.231
0.00375925
-0.427047
-1.53017
1.97621
-0.375854
-2.63839
2.47141
6.15264
0.292118
-0.169269
-5.29752
-0.0510559
-0.513902
-1.44629
-3.29673
2.00138
0.280849
2.42221
1.40119
0.713355
0.919633
-0.345986
-0.151943
-0.831113
-0.0310564
0.112692
0.381964
1.85328
0.132602
-0.0370031
64.0313
-0.700243
0.676218
-0.379067
-3.96146
-0.160812
0.579874
0.00997293
1.18063
0.593136
1.43335
0.293582
7.90814
-4.07642
-1.03367
1.52078
-2.57304
-2.65108
1.87172
-0.823438
-1.20444
1.19479
0.388576
-2.59326
-0.860389
-3.21744
1.48774
-6.3397
-0.0248979
-1.41458
-0.621718
-0.534598
0.778681
1.52135
0.31874
-0.462658
0.547952
1.16416
2.18501
-1.11729
-3.85065
14.6303
3.98274
1.44431
0.506938
-0.773843
-0.376894
1.28571
4.68496
-1.20256
-9.73313
-0.00736792
3.24054
0.616499
-0.245613
0.217899
-1.76943
1.90522
0.883962
-2.64433
0.5342
-0.650494
1.55235
0.537341
-0.31647
2.21104
1.06327
-0.644486
-0.266089
-1.20884
-0.738895
3.42642
1.24507
-0.0504363
0.80175
0.312912
-0.646037
0.296435
0.971285
0.314747
-1.98543
2.02625
-0.230043
2.33306
-0.882333
1.90986
0.309284
-0.776622
-1.77848
0.0387177
-0.31874
-2.01247
1.6972
-8.92152
0.500171
-1.87575
10.5629
0.383283
0.0878315
0.697894
3.18987
-0.0767536
-0.453466
1.35548
-2.99258
-3.28466
2.39385
0.0696926
7.02555
0.52074
-0.0398902
-1.41819
-0.529361
0.957572
1.47479
-2.32046
-11.1178
1.29351
-0.452906
-5.12149
-0.994283
-14.3209
1.4771
-0.615163
-0.454511
2.27145
2.11589
-0.158917
1.26866
-2.71539
0.07106
-1.85117
18.0249
0.0917495
0.447957
-0.712542
-1.63232
0.766226
-9.74599
-1.33055
-0.690677
4.64008
-3.83475
0.288551
0.0626751
0.764454
-0.00239492
3.65347
-0.442199
-2.13152
-0.107379
-0.117489
-3.98632
-0.690627
-1.80947
0.809304
0.159562
1.20707
-0.340242
0.925413
-1.05302
-1.85457
9.07232
-85.033
-1.25267
-4.29013
4.62533
5.6377
2.52091
-1.65996
0.623496
0.0657695
0.106365
0.802014
0.0234865
-0.21741
-0.269786
-60.8781
-1.99386
-2.60165
2.57255
-2.06697
-0.938775
-0.418942
124.742
6.49139
1.91557
0.349099
-0.315243
1.44596
0.421242
-0.954728
0.538649
0.260638
0.147052
0.0821997
-15.0461
1.33777
0.109073
-2.28523
0.859078
2.88373
-0.572271
14.6906
-6.76091
-2.89681
5.31863
3.37648
1.50658
0.617616
4.5526
-0.379563
-0.479743
5.30363
0.972721
0.961306
0.46439
-0.613393
0.338753
0.112964
-0.376309
-0.207182
2.05584
-0.432272
2.75172
-2.23532
1.79433
13.5964
-1.10007
-1.00887
-0.319907
-0.194789
0.867429
-4.37937
2.10935
0.578453
-25.7993
0.947006
-1.31923
0.357095
0.838325
1.63741
-0.364718
1.36397
0.410241
2.3069
0.599588
-1.42741
0.0967072
1.35948
-0.281696
-1.39948
-2.17745
2.86555
0.287691
3.1709
-14.0728
0.72712
-0.193622
-35.0593
83.9198
-0.45591
0.298564
0.339488
4.9241
-1.27721
-1.14103
-0.262711
-0.0972999
-53.7194
-0.1651
3.13807
-0.769668
1.48822
-0.0604581
0.154855
-10.1367
1.7176
0.762714
0.775865
0.282174
1.27066
-2.59
2.31884
-0.373245
236.009
-1.17344
-0.489892
-25.4294
0.539454
-0.529746
2.32489
-1.77577
-0.803726
-3.40402
-0.254889
0.916366
-1.10831
-0.0868353
-1.04777
0.444807
4.77388
-1.16666
1.50777
3.83815
-1.87141
0.780916
3622.4
-0.836885
-0.18022
-1.31139
-0.255556
0.478704
3.19182
60.8921
-0.372897
1.157
2.99227
2.42171
-1.48657
-0.35371
-0.753454
-1.35755
-2.64103
-2.72396
1.01771
5.80487
-18.2946
1.27534
1.17217
0.058967
0.912919
0.238652
0.239046
0.133375
-1.07156
-2.13282
-0.339942
-4.80705
-14.4123
117.418
-0.399627
-0.857339
19.5046
-1.26926
-33.4156
-7.60639
1.47217
-3.13369
2.76452
-3.54085
-0.406049
-0.334702
-0.300549
-0.482308
-8.14742
4.31095
9.53399
0.276561
1.12381
2.52921
798.609
-0.757292
-0.566174
-4.01889
3.39534
-0.296342
-1.41175
-7.62354
-0.753089
0.846993
0.965501
-1.39705
-0.698207
3.2434
-1.8335
-0.694965
4.2787
-2.50629
19.1133
0.635198
-0.971578
-0.199572
3.25998
0.389343
-1.47381
-7.65847
2.10882
0.199528
0.255178
0.0369779
50.8716
-0.460422
-57.8181
0.184794
0.276666
-0.490034
-6.36368
-0.717988
-2.83052
0.688698
-1.7194
-2.41127
-0.618918
-1.11226
-0.502491
2.08547
1.13034
0.178965
8.65835
-0.523638
-0.068314
-1.05437
-0.487857
0.45557
1.25559
-1.21855
-1.02886
-0.251519
0.769385
2.32
5.29739
2.58962
-3.28655
-0.559407
10.971
-18.3524
-37.9894
1.10742
-0.911581
0.134103
-0.535026
3.02509
-1.30691
-1.12989
-0.270895
-0.810104
0.746794
0.671893
-0.488849
0.553185
1.91681
0.485829
-6.26039
27.0426
0.509868
0.350166
2.39398
0.245479
-0.245877
8.77292
2.88888
0.687422
-7.70634
0.747079
17.5967
-0.560123
1.36451
-1.21237
0.2626
3.56987
-0.343383
0.433855
-1.06713
1.76609
0.0895543
0.726046
0.90216
0.117454
-1.03257
0.299909
0.727622
1.23603
0.261955
-1.7739
-0.656313
0.0926123
-0.20219
1.72564
-3.1687
11.2418
-0.611454
5.70114
0.0876324
-1.86427
1.17809
-0.764933
-2.65504
0.432706
1.65665
0.278947
7.20062
0.0254292
-0.703215
-2.33125
0.154776
0.104125
5.04671
-2.11292
-0.868069
-2.75842
1.28153
1.8668
-0.290413
0.520359
-4.53124
1.45703
-0.754239
0.978156
2.22305
-0.619103
3.29165
-0.355623
-0.380715
0.0930857
-0.870417
0.201179
0.214035
-0.896881
-1.09899
-0.0322864
0.0438644
-0.41466
0.0188024
-1.5645
-2.06408
1.32935
-1.34714
-1.06398
0.226972
-1.69367
-3.57767
15.5836
13.4688
0.216411
6.87914
0.286113
-1.02951
4.52533
-0.234719
1.46187
1.74444
-0.241456
-0.104636
0.13612
0.153452
0.185612
11.954
1.02397
0.542204
0.415668
0.458077
-1.32335
-0.658075
0.607778
10.8337
-0.474719
-0.0849214
0.734971
0.136102
-0.823598
3.59036
-0.237687
-1.4316
1.42737
-0.884996
-19.661
1.79657
1.70569
-0.802977
-0.228313
3.31598
-0.944203
0.0956509
0.516275
43.0928
0.566092
-1.68946
-5.22746
-0.913138
-0.313604
-0.825624
5.35526
-1.35404
-0.273861
8.41329
-2.49233
-0.103034
6.94728
1.34016
-14.2722
-15.1437
0.37043
0.977442
9.09086
-0.802895
-2.39606
0.0101966
0.350211
2.12253
2.29923
0.307367
-2.12821
-7.74234
1.81414
-0.623083
-1.82056
-0.392359
0.0359728
-5.48098
181.003
3.12496
-1.99081
4.75239
-10.417
-0.522294
0.606489
-0.990452
0.95235
-0.136698
-19.2786
-7.15983
-0.974785
2.93288
0.169769
-6.22884
0.542055
-1.75904
0.297169
0.450296
-1.72328
-0.551553
0.76855
-1.33966
-0.460993
0.582466
1.71929
-0.107885
-0.20897
1.11458
-1.15205
6.63386
-8.11169
0.0211633
1.99836
-1.61122
-0.544332
1.83238
-2.75401
-1.74667
-0.58167
-4.10651
-0.512525
-0.514283
0.154167
0.169993
2.76889
3.51393
0.0950815
-0.876515
1.09287
0.0228819
0.27622
0.690297
0.554928
-3.37745
-0.319858
2.41625
-0.747533
0.461066
0.46789
-1.52658
-1.10718
-0.177565
2.22187
-0.244339
-0.822443
-0.248564
0.525633
-28.7723
0.555092
-0.0396071
-3.31857
1.49554
0.189758
-0.726602
-0.0936052
-1.81308
0.347459
0.380381
1.95961
0.192083
11.8752
1.82545
-0.346835
-0.596094
1.27852
5.14161
-1.41647
-0.777017
-1.38596
0.0286352
2.16128
-0.522318
455.261
4.61142
0.131893
-1.42339
-0.809018
-1.1379
14.3564
0.208969
-0.0999888
169.243
4.98209
2.30421
-0.926988
1.03395
1.81075
-0.0269887
-4.89299
4.31
-5.27504
-1.60122
0.040239
-8.35888
0.794799
-1.22545
1.02271
-1.73933
-47.9901
-1.86297
0.460098
0.192402
-4.39897
-7.19683
1.92312
0.555403
-0.106709
2.26701
0.535957
0.377957
-0.981824
-0.461277
-0.276832
0.713663
-1.61508
-2.79509
-5.1736
-0.425348
-0.498278
-0.151155
0.281215
3.20558
4.53585
0.236123
-0.647095
-1.1363
-1.10348
0.223444
4.04429
-6.2289
-2.01784
-3.28584
7.01949
-2.10416
-3.56809
-0.405624
6.43287
-0.161738
-2.22758
-2.04141
7.15958
0.2543
-0.239947
-3.40742
-1.47858
-1.04088
-0.952228
-0.031592
-2.85401
0.891581
-2.08803
11.5232
-0.414774
-0.665236
1.56023
0.169263
-3.05346
1.06704
1.13631
0.752778
-0.879724
3.90951
-0.0934556
-1.16759
-0.0738451
0.145142
0.150828
0.335605
-0.706038
1.59943
-0.797825
-21.4752
-6.19874
1.80393
2.21862
-1.32185
14.5557
6.57151
-0.625148
36.348
0.377838
-1.67375
-1.49948
-1.52117
0.376509
-1.03343
4.29742
11.6697
0.693248
4.44836
-0.00995569
-0.958064
-7.77055
5.72244
0.542976
1.25372
9.99974
-0.810516
-25.3479
0.0283884
-2.8432
1.05441
-0.163604
-0.316829
-0.56731
-0.0423403
-4.51393
-2.9262
0.461406
0.455947
-2.55898
-0.48721
-2.02584
-0.137485
-19.8859
-6.17643
0.450313
12.2285
-7.9368
2.94239
0.0794952
0.611636
-0.338965
-0.442681
-0.577636
7.60431
3.22298
0.0284458
-16.8062
-0.427012
0.00340058
-0.475776
-2.74566
-2.59732
0.393482
0.445053
-12.0348
3.24084
-1.73083
0.866952
4.14077
-1.62236
1.78794
-0.689574
0.0712334
0.248655
-15.1502
0.620721
0.0935631
5.2282
2.24684
-1.91757
0.172933
-1.14907
-0.37273
-3.84547
0.370218
0.48217
8.40217
0.943351
0.212233
-0.374265
1.76286
-6.52103
2.4859
1.43561
-0.0298655
-0.220055
0.283695
-0.786348
2.98398
-3.03
-6.37434
1.02349
-0.251791
-0.0146336
0.261176
0.208287
-0.00292314
-0.899728
3.27291
-0.694438
32.3574
-2.52448
-3.72177
-0.810058
3.46008
-0.129054
3.25341
-0.36642
0.287585
-0.44219
-4770.78
0.880201
1.11535
-2.94029
-1.04519
0.286907
5.16952
1.05117
2.47819
0.924914
-0.296733
2.15004
-2.18944
0.333535
1.53573
12.5004
0.567886
0.486183
-0.0957719
-1.75542
-1.19092
-1.0275
0.813886
-0.561147
-4.80793
2.01497
-0.753922
-1.80591
8.79806
-1.08432
-1.92345
-1.72946
1.58401
-1.76156
-0.299773
1.46442
-0.0722007
1.38901
0.272958
0.652874
-0.552816
0.521238
-0.112896
-0.609514
0.571906
1.24256
0.0242037
0.0235581
-10.3644
-0.602724
-0.949176
0.106226
0.443984
3.00428
0.604278
0.0513819
-0.354752
2.80536
-2.45439
-0.370051
2.00856
0.836782
2.34587
-1.72791
-0.828957
1.08602
13.6934
-0.841343
-0.984557
25.5285
-12.0775
-2.67906
-0.0307377
0.96152
-0.252876
14.1212
-4.4843
0.310119
0.155091
-1.76231
-17.3664
-0.563048
-4.7393
1.02272
-0.167653
0.144324
-1.99501
0.813357
-0.427729
0.360917
-0.457226
-0.219472
-0.502884
0.23037
-1.42789
-0.78058
0.713983
-0.213733
-1.26178
0.548232
1.08804
11.6723
-0.22951
0.43087
0.806935
1.06395
-0.248723
-1.10306
-0.69698
-1.30177
1.00151
1.3873
0.259674
0.184299
0.956124
1.42267
0.859304
-0.210925
-0.168119
-2.50445
-0.602928
0.188193
2.12729
1.65013
-0.493817
0.682893
1.27737
-0.00492711
1.0277
0.236656
-3.20018
-1.59483
-5.25677
-3.53469
0.316366
-1.34501
-17.4364
0.916864
1.6712
-1.25297
0.808747
-0.874945
-1.0696
-30.3856
1.5599
-0.680459
-0.916155
-44.09
0.0617774
1.27736
-0.208102
1.40698
-1.61126
0.769889
-0.190718
-17.9046
-2.64658
-0.674823
-0.0717367
9.10296
25.6924
0.354324
-1.9945
0.515687
0.424312
-5.22354
-0.365771
-3.16011
-0.384547
-0.407257
12.6951
-1.34703
0.98272
-0.0511383
0.147321
-0.513145
1.01545
-204.193
-0.593928
1.42095
0.244886
-1.81811
-10.9318
0.787606
-1.29262
2.16205
0.514338
1.84398
0.624586
2.21933
-158.987
-2.24347
0.223151
-1.00733
-0.0769926
-1.01428
0.470983
1.49069
-0.546379
2.81385
0.101689
-0.253136
-0.0432442
-1.00656
-0.0286114
-0.450349
0.500961
0.404974
-12.6789
2.33018
-1.20445
-0.765283
-0.505874
-0.430008
-4.06817
4.11981
1.24657
-1.42093
-0.249099
0.410074
-23.1671
-32.7603
4.49037
0.39506
-0.422123
-1.37687
-0.749205
1.71
-7.78049
-4.59354
-0.0411621
-0.944454
-2.64846
-1.28242
-0.253296
1.82629
-0.583064
-12.8767
-0.353652
-0.386248
-2.00826
2.7587
-0.678217
-0.0490139
0.753055
1.15439
0.205318
0.166936
-2.91603
1.41117
1.12113
-2.03375
-11.1445
1.3844
0.902841
0.22311
-0.847965
-0.432213
-1.67472
-0.00679058
-2.79778
0.594125
-0.120139
-0.725495
-1.24897
0.219285
-1.37359
0.574269
4.83027
-0.0132401
-1.36897
-3.52128
0.170359
0.0512036
-0.0011951
-2.72547
-9.64176
-1.20981
0.0564254
-2.56559
-2.67684
-1.12652
-0.070212
-0.325742
0.616012
-0.616765
0.694482
0.37151
-2.07425
-15.3967
0.908365
-1.94571
-1.73832
0.0329977
-1.03429
-1.19043
-0.996327
0.312914
1.68628
4.7568
4.15804
0.664034
2.18653
0.67608
-0.914686
-17.7939
0.548903
0.833887
-0.1823
2.01039
-0.705492
0.00652768
0.162068
-0.820941
-0.744636
-2.99131
1.96672
-0.451652
0.378947
-1.12524
-0.971229
16.364
0.589831
0.530834
1.37828
4.4701
-1.26233
-1.53425
1.30819
-0.325686
-1.39527
1.14398
1.56053
0.356494
1.17941
0.0461662
0.235457
-1.19872
1.75628
0.851967
0.644445
-0.219095
0.333687
-0.0944002
-1.6905
0.452225
-1.70908
-4.70549
-1.35397
-0.152516
0.152594
21.5991
-0.382514
18.0919
0.74131
0.261191
-10.5991
20.3395
-0.581991
0.874494
-0.312296
-4.73103
-1.14265
-0.0305349
5.61436
0.00132115
21.6313
-0.0206161
0.670134
2.0615
2.3406
1.6063
0.325887
7.76119
1.32783
-0.239144
-0.209686
0.631195
2.07363
-0.0295739
15.0292
1.77897
0.625313
0.438211
1.91295
0.385104
-0.889866
-0.425665
38.8269
0.325632
1.24028
2.53201
-0.781998
0.0360694
-0.272525
0.307998
-7.45679
0.287541
5.94703
-1.77198
0.646224
-0.32732
-6.42214
0.925517
-0.0130998
-17.9875
-1.36509
0.868528
-1.85267
2.60677
-1.38365
-2.7906
1.04221
-1.04115
0.682179
28.5428
-1.62723
-1.01068
1.28498
3.38312
0.716372
-7.78235
-0.0132495
-29.2878
0.130784
2.52147
-2.18874
2.23987
-0.461803
-0.27779
0.0865454
-115.823
2.15129
-0.746809
1.52208
0.393567
0.628023
-0.581609
3.65039
0.278803
0.614551
9.14295
-3.42794
1.40549
-6.24336
-2.14178
-1.50094
-5.0622
1.27877
-1.2499
0.624351
-6.69601
-1.9708
-2.6155
1.13428
-0.653028
0.789668
-0.446203
-3.51208
0.993371
-1.06499
-62.4848
0.799795
0.10793
-3.02866
-1.98002
0.639957
4.37217
-0.47598
-0.646418
-1.14455
-10.7192
-1.0524
-1.67592
0.407203
-1.38979
0.509024
1.80925
0.324602
-0.229271
2.869
-0.233232
0.135072
1.12336
8.52597
0.33211
3.27207
-1.7955
0.341321
0.286141
-0.398928
-1.00043
9.50755
0.910434
3.40101
-0.307788
8.86192
0.556199
5.92032
0.698037
-1.76537
0.663056
-2.72105
0.680761
0.328044
0.443115
2.52848
-2.03789
0.216792
-0.393867
0.330863
-0.0213159
-0.640512
-0.220945
55.0826
1.6679
-0.185729
0.710874
-0.84228
-0.37478
2.45166
-0.564783
3.19453
2.25414
0.936124
1.19079
-5.32533
1.24348
-7.71216
-0.738047
1.3874
-0.108184
-0.544631
2.28692
65.5736
14.6215
-0.842943
0.521099
-1.53409
-7.26976
-0.372514
-2.12381
7.84428
-0.972575
-0.611546
-0.75271
-5.50809
-0.788395
2.13116
8.49658
1.74073
-0.1307
-0.220796
-1.22574
-2.86541
-0.0809032
1.06041
0.0412618
-1.48164
-0.484902
-3.46169
4.12666
-0.193134
-1.20137
-1.26638
0.935343
-0.0284969
-1.14999
1.93265
-127.929
-2.16636
0.209259
1.58233
-0.627803
4.16322
2.05205
-6.04413
1.01745
-0.698725
-3.17435
3.03972
-1.78676
3.32308
-0.0260576
4.83933
3.09176
6.6574
-2.79551
1.33471
-3.55486
1.11174
-7.38427
-0.503775
-2.49188
-2.66399
-0.508441
0.173004
-1.9057
-112.599
-1.68135
132.963
-3.19321
-5.25403
0.226492
2.20681
-4.3192
-1.6569
-1.01504
-0.789296
-6.72048
-0.50334
-2.46241
-0.268936
-12.5767
0.102322
0.55289
1.29939
1.9773
-0.177266
-1.11256
-10.9729
-0.0693457
-0.0414296
-9.495
2.08621
35.7219
-0.801804
-0.572239
-0.677857
-2.99739
-0.464915
0.876578
-0.633104
0.378948
0.204668
0.221231
0.442848
1.04294
6.27226
-2.6625
0.0653489
7.66663
-2.22167
-1.62118
-0.136882
-0.17957
-124.358
2.39928
-0.631203
2.73554
0.646678
-1.05436
0.0412075
-0.413912
0.562059
-1.22342
-0.68057
-0.242788
-0.439182
-0.3916
-1.14682
0.445509
-0.669391
-0.709896
-0.57981
0.254526
-1.98549
-8.65095
-6.40517
0.781482
1.38326
-0.23187
1.54609
0.0734845
-6.70399
-0.570687
-9.18799
0.862281
0.183233
-0.899672
2.04508
-0.0619787
1.50737
-0.0576932
2.37078
1.06901
1.34405
-0.251801
1.63807
0.608675
0.0111788
0.401351
-0.647533
-1.55373
-0.103829
1.74745
0.121123
3.25785
-0.154361
-5.83989
0.14911
-16.7492
0.527779
0.0727864
0.687285
-0.457883
0.259797
1.5934
0.300767
0.828427
0.662046
1.27283
0.225275
-1.71861
-0.740907
2.82498
-109.228
0.0448069
-15.9584
0.478165
0.61458
0.520118
0.694165
-0.669783
1.23309
0.424407
1.45084
-0.717822
-0.30379
2.57069
-0.0458183
0.115285
-0.143772
0.159156
4.59426
5.13215
60.5366
1.26327
-3.84121
-1.12117
-0.260473
-1.56403
-0.318167
-2.79666
2.27242
-7.60776
-0.81452
0.772945
-3.46405
-0.114305
1.30654
-1.66845
-0.822819
-2.43913
13.1918
-0.0645413
0.349591
-0.0728862
-1.57213
2.06713
0.856277
0.721673
-0.834736
-0.51188
-0.0557733
-1.50868
-4.79824
1.17353
1.42569
7.19016
-4.54981
29.9359
-39.4199
0.704282
0.425859
2.86722
-0.388267
-0.128996
17.1516
-0.168276
-1.47454
0.0371869
0.248125
-0.536267
0.652763
3.8146
0.651005
0.284984
0.274242
0.48425
-0.638443
-1.47467
4.95041
0.0807745
-0.200238
-0.0866303
-3.24189
0.125096
0.879021
-0.415298
-0.789525
-0.469868
-1.07442
1.06821
-8.06077
-0.367386
-0.0795146
2.00006
0.825629
2.9629
92.0042
-2.20078
16.2659
-19.1529
-6.4467
-0.151213
-3.39432
0.0526892
-0.379357
2.44136
-2.14424
17.4685
-1.30703
1.34068
-2.38698
2.65517
-2.74967
-0.0308781
-2.02155
-0.584443
-0.251689
-0.377571
81.5021
0.730298
-1.57971
-14.6982
-0.215914
-0.671195
-0.441986
-1.11212
0.39444
0.203573
0.735656
-2.30385
2.43829
2.30156
0.690305
-1.66428
-0.10458
-0.137833
0.272345
-1.07252
-7.52857
2.88541
2.73729
-0.931118
3.86795
0.615722
-1.48719
-140.483
-0.793085
2.13733
-1.07904
3.17965
1.3533
1.08495
-0.0681382
-0.326109
6.89398
-0.0577904
-0.039822
-0.310094
-3.27767
0.0346465
-0.296223
-100.833
-0.399604
-31.8338
-0.422156
3.11241
2.29527
0.37114
-4.14797
26.9629
-1.37428
1.31138
-0.41904
0.310318
0.214045
0.284667
0.82765
0.0864535
-1.2013
-0.519556
-1.30484
-0.141256
2.80102
0.320571
0.86176
-0.186196
4.50842
0.02614
1.17148
-4.94946
1.74898
2.90656
1.27123
-1.24493
-1.67241
0.634909
1.21981
0.598557
-1.04045
-1.71723
-0.401472
-0.0162826
-0.277168
-1.03802
0.085281
-0.408141
-0.472121
-0.869738
9.65674
0.30052
-0.434829
-0.353299
-0.455505
-0.0957012
0.415374
0.291475
1.20542
-0.214362
6.60344
0.497158
0.731476
0.634253
-56.4547
-2.63785
0.476177
0.21338
-0.037555
0.27249
1.80904
-0.0283701
1.24594
2.93924
0.329917
3.05352
0.567213
-1.57462
0.315596
0.411045
-2.36252
0.974473
1.45542
1.66518
1.36113
106.119
-1.59191
-1.70884
-0.0438824
-0.0760101
4.30469
-0.737818
0.648851
61.8318
1.82449
0.0189632
0.0542927
0.36129
-2.32124
-0.181792
-0.434313
2.59743
-3.78568
0.107283
-0.26781
0.451905
6.90707
0.280376
1.41526
-0.00417392
-4.44578
-0.999062
-3.04667
-0.338958
-0.700424
-0.43325
1.92249
-1.35234
-0.820234
-0.659894
18.5956
-1.51466
-1.84589
-4.9406
0.254817
-12.2382
2.21157
-0.603514
6.21939
0.445296
-1.48419
1.68443
8.12979
2.65036
0.66921
-22.3696
-0.741602
-0.126537
-0.351554
-1.78675
-1.90023
-4.6668
1.16215
1.30376
-1.08688
1.99935
-0.077816
-0.11888
-0.261164
-0.77825
-2.2397
-6.54691
0.0683373
-1.1559
1.76599
-0.0970494
-0.210431
0.888571
-0.839992
4.25744
0.715874
-1.5841
2.34411
1.91269
-16.0329
7.21608
0.728341
1.01122
-1.93103
0.0128828
-4.52691
-1.03447
-9.94279
0.00324527
-1.25314
-1.80103
1.08096
23.3815
-0.163744
7.31744
-0.407725
2.12904
-1.70836
1.01653
-1.53687
-0.101445
-1.52794
-2.66203
1.65425
3.44242
-0.0339514
0.125307
-0.609742
0.212627
3.92579
-30.5224
-2.23129
1.26515
-2.056
0.549009
0.771322
-0.229955
-0.0213142
1.02408
0.748169
-0.0129471
-1.99184
2.64064
-10.1432
-0.428286
-0.729688
7.68872
-4.7979
-3.72265
0.68169
-2.14036
0.685071
0.682844
-1.84177
-0.426268
0.497575
-0.843911
4.54256
0.243622
3.03582
1.90713
0.604583
0.459923
-1.83147
-11.7545
-0.0656984
3.81677
7.79833
-12.5985
-0.64946
-0.0105662
-13.8018
0.277439
1.48266
0.58849
2.91094
-2.59856
-0.671504
-0.887755
-0.991609
3.20954
-0.0471635
0.461833
0.239489
-5.71162
4.23621
-20.9836
-0.400211
-1.82909
-6.58919
-0.423274
1.31161
-0.953773
-1.96132
1.33529
1.27726
4.97796
0.10631
0.936389
2.66255
-0.432391
1.53267
6.71725
-0.258219
-3.72992
-2.64676
0.0559956
0.460848
0.798342
0.409483
1.65626
-0.589791
-0.52334
-1.66609
0.863765
4.50735
1.44052
1.05854
-3.86397
0.230025
-0.153599
-8.94073
0.63671
-0.803129
3.30405
1.49656
-1.48298
1.46549
-6.5847
-1.81955
0.0601175
0.296184
-7.03268
-2.13338
-0.213278
1.13383
0.0338701
0.818841
7.87973
4.96076
-1.34992
1.39116
5.62819
0.54072
-4.102
1.59094
0.924521
-0.178673
1.46828
0.468628
5.09545
5.05563
-0.988627
2.58461
0.661197
56.9106
0.239209
-2.20808
-0.626766
0.272283
0.628692
1.45927
34.5571
-6.7174
0.0905643
0.0636373
5.94906
0.127019
-0.917247
-0.210175
-2.57557
0.245741
-0.270349
-2.25058
0.639006
-0.263475
2.44324
0.783795
0.22398
-0.760076
-1.01551
22.324
-0.0833095
0.247573
-20.2568
0.670884
0.376282
7.0769
2.00061
-1.97686
0.723783
3.56356
0.0724436
-1.53563
0.332206
0.64798
-1.59737
0.0576015
-0.0125057
0.811708
0.308694
-0.56906
0.136374
-3.83462
0.950276
0.849432
-1.96162
-2.37924
0.233432
-1.7089
1.24373
0.676383
14.4367
-1.48359
0.43336
-0.680091
6.29846
0.546299
1.3393
-3.36711
0.804642
5.52497
19.5921
5.48865
1.72763
-1.31423
1.00632
-1.72903
-4.04712
1.21852
0.884011
-0.0709065
0.506319
1.99285
-1.58996
2.81987
-1.80245
-0.699923
-1.00167
-1.58014
-0.273171
1.93545
0.765009
-1.21991
-1.68717
9.77805
-0.279848
-0.126484
-0.779334
65.8503
0.0223324
0.845988
1.57502
12.4736
1.47728
-4.59707
-23.2794
-2.10323
-0.603795
-0.000312238
0.963517
-0.0405918
1.16764
-0.987698
0.228049
0.0223428
0.200029
0.133022
-4.09855
1.93346
1.9031
-3.41295
0.580113
-2.10077
2.18631
-14.2468
-0.7691
0.68625
0.482342
-0.190882
1.43455
1.75761
1.2305
-1.41633
1.32507
5.63164
2.46359
-1.98934
5.47559
0.854032
0.603946
0.582221
0.000533862
-6.37562
0.158626
0.367443
0.0664649
0.474577
0.0933277
1.99676
-0.140767
-0.078254
-0.684654
-0.269663
-1.29731
10.6851
0.324513
0.349497
0.393864
0.964518
0.511135
-1.86124
-5.07641
6.37398
-2.3718
-3.25581
0.418883
-0.483499
0.906073
-0.831825
14.7434
-0.26435
157.397
0.86115
0.48316
2.49499
0.675905
-0.338
-0.541853
1.0671
-0.358441
-6.9408
-1.46822
-0.547141
-2.4538
-3.42891
0.930459
12.6974
-1.65231
0.110994
-2.06868
-5.35209
14.0802
4.87957
-0.593339
0.976973
0.144459
0.813292
1.71956
-16.2118
-1.0063
21.3538
-0.845151
0.496428
-5.25762
0.399217
0.484604
11.5857
67.5534
-2.77298
-16.0407
-0.310188
-0.176459
-1.49542
-0.443833
-0.536107
0.0845967
0.501991
0.315911
-0.661372
0.344702
0.78026
0.256431
0.716037
-0.289073
3.14016
-0.131823
-0.286281
0.529614
11.9677
165.336
-0.548256
1.31392
-0.779098
-6.75271
-0.500164
-0.400663
-0.357769
-0.492751
-2.33629
-0.789075
0.0366824
-0.299911
0.585803
0.216929
0.414467
1.16323
-0.283261
0.630405
-0.163032
0.31957
-0.513398
-1.47968
-2.42949
-0.378281
-3.07376
-0.901486
1.35299
-0.936807
-0.638036
-1.19001
-1.10325
0.824827
12.8637
0.786027
0.128351
0.832794
-0.935578
2.74904
1.74101
-0.202566
3.52931
-11.659
0.236393
0.607309
1.38735
1.87203
-0.155092
2.37698
20.6589
1.768
1.13567
13.4009
-2.07924
-2.53782
0.392936
1.2949
-0.912483
-0.344523
-1.04173
-1.2113
4.85078
-0.955569
0.825434
0.0794123
-0.0194598
0.0272045
1.00464
1.10993
0.594797
-0.326816
7.04335
-0.692369
0.393861
0.389056
-0.456948
-2.47826
0.458376
-0.752827
-0.690722
0.203651
-2.77434
-4.24843
0.556102
2.47539
2.08447
0.102675
-0.591403
1.98778
2.2124
0.21993
0.337299
-0.506021
-2.12379
-3.9809
1.39128
-2.16338
-0.956667
-0.237037
9.44812
-4.94185
-1.45701
1.47524
2.11284
0.403044
-0.0608322
-7.10923
-1.66954
0.540111
-0.83417
4.12093
-0.15706
-3.36197
5.41551
21.6433
-1.08982
-1.09633
0.0484832
1.3796
1.58382
-1.20743
0.817953
-3.04765
2.90998
2.09103
0.669191
11.9835
0.7435
-4.4245
0.837186
-0.0400338
-2.29597
-0.579012
2.5059
-2.44556
-1.82805
-0.887553
-8.79653
1.98486
0.449611
-0.484749
-8.99422
-0.561601
-1.53284
-0.0968067
-5.13392
-3.06991
-0.0814707
0.46197
-0.668093
-2.48585
-0.957897
0.368541
0.0241805
2.27925
21.014
-4.45493
-0.63762
2.18559
-0.977303
0.348464
2.11637
3.03934
1.44197
-2.19377
0.550098
-1.06143
0.261412
-0.765312
-2.32596
1.75488
-0.603867
1.09243
4.77077
-0.350289
-0.74959
-0.453055
0.900534
0.679987
-4.23533
-6.06363
4.13856
-0.182485
1.42544
-0.770166
0.581722
17.3099
-0.72486
-2.03869
-0.147337
1.08988
0.536321
-1.35872
0.590267
0.94117
-0.0546912
-2.70516
0.702536
-0.689578
-9.34308
28.9283
0.259189
-4.16053
-2.14941
0.994586
1.32313
0.276641
-0.383434
-0.192448
-0.344661
0.206051
-0.0289932
-0.243113
-1.66715
12.4793
-0.350404
0.105704
-1.67036
11.1395
0.966462
1.60142
-59.2606
-0.0989894
1.17953
-0.28256
-3.35809
-0.124109
-2.57949
0.161497
7.2057
0.976989
-1.23603
-2.38928
-2.25854
-5.0205
-0.178363
-1.49374
-0.519573
-1.40148
0.52685
1.67102
0.0471813
-0.0547013
0.996654
0.536412
0.763038
-7.13483
-0.137456
-1.54851
8.83261
0.196072
0.873363
0.109826
1.45942
2.73038
-45.02
0.640599
-2.96046
-0.313025
-1.42923
-1.0814
-0.923957
-2.57916
8.65276
-0.476096
-0.844663
7.41125
1.70335
0.496438
0.00812555
2.06916
-0.0709359
-0.954287
0.806737
4.76121
-0.314489
0.203626
0.957116
-2.02822
0.404505
0.343094
5.884
0.177422
1.82499
1.34392
0.294832
1.03944
-0.598517
-0.526093
-0.126437
5.10576
-2.85267
-0.0993597
-0.426843
-0.173655
-30.7795
0.185249
-0.114474
0.177241
-40.9349
0.158993
0.429408
-1.47286
1.1974
-0.565996
-8.27061
1.55193
-0.43667
-59.8062
-0.391309
0.322449
-1.18433
-0.470587
1.19988
-6.26439
-0.219156
-1.17693
-7.92838
-2.87756
-0.0644573
-0.872653
6.04199
0.347922
-0.505914
0.227741
0.210037
-2.15095
-0.0415574
-1.69674
2.16094
-0.869747
-3.34371
-5.51263
-0.245559
0.463408
-1.26593
0.15142
-1.92165
0.443268
1.39846
0.125497
-1.45177
-2.34889
-0.47565
-0.264622
0.706472
0.887832
0.901335
0.219879
-0.619631
-12.4871
206.218
-0.495035
0.885378
0.352261
-0.0445833
0.761176
-0.0541385
-0.535437
0.694153
0.428456
0.979153
7.31324
0.475567
-0.268058
-0.910566
0.856919
-1.03922
1.63793
-1.30479
-0.337916
-0.377201
1.75375
1.13098
4.851
-1.11957
-0.0818248
-0.958941
-1.19938
0.546206
-0.230008
-0.615542
-0.327192
-0.283221
0.470546
0.395545
-12.1181
0.30196
5.75741
-0.970373
-74.3014
-0.808954
-0.652386
2.26608
6.54311
-2.15741
-0.635333
-10.4288
1.19311
-0.348485
11.9539
-0.261255
-0.0736208
1.78922
-3.99413
3.76639
-13.8835
3.79351
1.81933
-0.381486
-1.58939
-1.30804
-0.540995
1.4648
-0.401246
-0.836587
4.79432
0.841561
-0.49001
-1.61318
-0.199679
-0.247758
-2.30501
1.72426
0.359171
10.1062
1.15706
2.27712
0.186803
0.394603
-0.420979
-1.8758
13.409
2.58181
2.26377
-5.00251
-0.723319
-0.411051
-1.06258
-1.82882
1.28869
2.40204
0.262458
-0.330574
-0.679028
-101.446
-4.80365
-0.0552144
-1.28429
0.204753
0.330297
1.38772
-1.05871
-6.13215
2.30584
1.23664
0.518018
1.49574
2.0347
1.87321
0.298117
12.1568
-73.9677
0.0229289
-0.826255
11.7987
-10.611
-1.37
-8.17405
10.6364
0.360607
0.56582
-1.68104
-0.501195
2.91894
0.313013
-1.37114
-0.334387
-6.33124
-1.13166
-1.89986
-2.99885
-0.364039
0.261768
-7.55265
-1.20547
-0.0470547
0.361784
1.22928
-0.445716
-0.563955
-0.116705
2.3354
-0.0887083
0.738234
27.1876
0.281688
-1.16314
0.471924
1.67301
3.54761
1.5649
-1.96562
0.868483
-2.23041
1.27278
-1.43212
-0.80513
19.8493
1.56576
-0.195863
-0.192957
0.329877
-0.148562
-1.69474
3.67386
105.018
0.707078
-0.0217903
1.50118
0.469504
0.784398
-1.40236
-0.407599
-0.278949
0.566814
0.53289
1.00464
0.293688
17.6711
-12.5121
-0.597046
-8.67903
12.6668
-0.218744
-2.19267
1.30363
-1.16105
-1.75621
-0.833497
2.41764
0.280021
3.518
0.551455
-0.0859073
-0.337003
0.292229
10.4222
-5.34974
1.20698
-1.99688
-2.11299
-1.63952
-0.245024
4.10626
19.3549
0.867701
0.187767
-0.852357
0.158341
-1.51214
0.564862
-0.365352
1.99164
-1.30407
-0.407037
3.95207
3.87609
0.377765
-0.48081
-1.01302
2.19146
-19.8393
0.579597
-0.522476
1.95988
1.10405
0.160492
-0.988842
-0.00926807
-8.01443
-0.716083
-0.739193
-0.292206
0.077105
-0.129795
0.962207
-0.498269
0.927569
0.25903
-0.590377
0.0407996
-7.18515
7.8287
-0.0358823
-11.0253
-0.376814
-0.742668
-2.19348
-1.32797
-0.972914
-0.890785
-4.09375
1.70306
-4.48491
1.19628
-0.0435719
6.07559
0.618091
7.65683
3.62299
0.749573
0.612362
-1.06957
0.319453
7.84195
0.395409
1.62635
0.412917
2.83496
0.766127
-1.08838
-0.0971005
-1.68254
-2.4016
-0.0440028
2.04698
0.180324
3.93957
0.775953
0.0973364
1.90594
-1.95593
-1.79757
0.390431
-1.55409
0.611171
-0.190098
0.641591
1.12617
0.128954
2.40508
2.18899
0.967591
-0.537331
-3.38626
-5.15478
-7.93368
-1.04662
-2.70986
-2.92543
-31.9214
0.0461258
0.46968
-0.880206
-2.52217
0.3093
0.503929
220.6
18.0968
-0.540274
0.594779
1.0833
-1.42021
0.391276
1.31014
-3.74371
-0.504754
57.7683
0.256963
1.32854
0.262649
-1.37204
0.238854
0.438295
-1.08825
0.197954
0.0652003
1.01391
-6.83022
-0.384512
0.772371
0.0896019
-0.805312
1.43402
-1.84832
0.523248
-0.478679
-57.119
2.18896
1.31544
0.292521
4.89834
0.448336
-5.19847
-1.47945
-2.02736
-3.10435
-0.684084
49.4495
-3.7052
-3.48927
-2.06655
15.7023
-34.8402
-0.509152
-1.14975
6.14171
-0.49866
0.839848
-0.414174
0.368969
0.538056
-56.8779
0.713307
-0.227756
-0.031854
12.5402
16.8779
1.37877
0.569838
-1.33048
13.1899
-1.33609
-0.0419082
5.87672
-0.356451
1.24393
0.899097
1.08972
-0.1424
0.0563537
-1.27171
-0.0990188
-0.331975
-0.441701
-0.937704
-0.237879
-26.8685
0.0344423
0.338545
-0.266025
-0.170443
-0.503698
40.6633
78.3723
4.04878
2.50507
0.555586
-0.544856
-0.81623
11.5264
0.165914
-1.00092
-0.411742
1.16921
-1.0951
-3.32047
-0.907433
1.31278
0.405245
-0.90931
1.4177
-0.130769
-0.136835
-2.79323
-0.0478555
-0.121482
-1.68974
-3.37709
-0.0482748
0.928402
0.18594
0.636813
-0.231985
6.71605
-0.896654
-1.13027
0.91032
-0.867416
0.519673
-0.233636
0.235712
-1.69931
-117.995
-4.14415
1.13214
0.0248287
-2.46347
-0.687626
-1.06796
0.404961
0.260128
11.048
-0.477238
-5.001
1.42555
-1.86088
0.361319
6.87333
0.448164
-0.743859
0.192883
0.2773
-0.111288
2.71814
0.968801
4.61347
-0.949831
0.0222217
0.523774
0.420462
-0.979962
3.22462
1.77811
-1.79892
-1.35607
-2.30247
0.0163578
0.774318
-5.82826
2.07576
0.726038
17.3983
0.734586
0.181794
-7.71569
13.5704
1.4187
-1.01819
0.314466
-0.876543
0.944327
0.976012
0.358688
3.40139
0.0573957
-0.288802
-0.497959
-0.272568
0.526759
-0.790731
-0.967355
0.841283
2.6852
0.0661492
0.466037
0.876485
2.75203
-6.2139
-5.66802
-0.579135
0.534093
0.382854
4.52618
-0.441587
1.48632
1.00556
3.24383
-1.30564
-5.2824
0.804611
0.171258
1.02093
1.16954
2.08287
0.371143
0.847924
1.04546
2.93917
-0.310397
-0.741724
0.405681
0.634792
-0.576232
0.314063
-1.99384
0.44506
0.354305
-1.1058
-0.36859
42.1243
3.64628
0.515423
-0.538403
0.0492781
-0.0100847
88.1334
2.79862
0.181094
4.39353
-59.9302
0.153924
0.0247775
-1.2413
10.5024
-0.101295
1.92908
-1.03842
0.0672436
-0.391127
-0.113606
1.07449
5.29849
0.302883
-0.254047
1.79367
1.35966
-6.83771
4.74381
1.49343
4.44292
3.308
-0.539561
1.65334
-2.43139
-0.292477
-0.0788545
-1.64178
-15.0859
1.64958
-2.08405
0.386163
-17.3468
40.8429
-16.1253
14.8092
0.107695
0.818684
0.0318597
-0.910555
0.647194
0.0872173
2.41112
0.708984
-0.696633
2.79228
-0.362087
-1.03389
0.59184
3.08607
-3.36352
0.803426
1.09
-0.013705
-0.301208
0.3403
3.94055
-0.873331
2.22149
-0.598877
-0.935576
-8.31596
0.661645
-23.7018
0.193008
1.05585
-0.0505133
0.819107
0.782241
202.351
0.891252
0.230222
0.803302
-4.28168
-2.41767
3.26136
-0.176438
0.133691
7.2641
0.0671804
1.89909
1.60877
-2.17919
1.65018
-1.45034
0.129521
0.999154
0.0641796
-0.408023
0.0318342
-0.725577
-0.586594
0.373209
-0.508155
-37.9209
-2.42483
-0.186295
1.6285
-2.30392
-1.42154
233.77
0.0517699
2.2367
-1.66181
-3.18837
29.7529
-0.446228
-4.0129
1.24723
0.126956
-0.963835
0.829314
0.579815
-1.88296
0.0572439
-0.339807
-11.4484
0.89214
1.28471
-0.527386
-0.0431432
-0.196252
2.17954
-0.531745
5.91023
-2.10868
0.256253
4.75931
0.181387
0.550858
0.904643
0.775098
-0.748993
0.478052
0.454724
-10.001
-2.01826
0.0792782
4.95535
1.75249
24.823
-83.4686
-0.525603
-0.159999
-0.24061
5.85411
0.179051
0.535375
-0.695615
-0.392698
-1.73604
0.710012
0.224295
0.0318284
-2.7681
-0.461253
-1.00292
-34.8865
-72.8926
-1.33364
-0.809679
-10.2369
0.857284
0.836645
0.0301176
0.453749
-1.93823
-0.0786806
1.89981
-1.4214
1.03683
-0.382772
-0.225662
-0.202922
3.39577
-0.791943
3.22942
-0.550684
-2.63181
43.3407
-0.153011
-7.21226
-2.52974
0.123282
21.2488
4.59859
0.692946
-3.28013
0.806594
-5.24251
0.400976
0.675548
2.0432
1.30991
-2.01216
11.5614
-0.467232
-0.824
-0.589265
-0.698383
-40.1421
12.5187
0.907191
-1.5614
0.666459
0.60784
-1.29925
0.334196
2.71203
0.461303
-0.518499
0.0464324
0.568384
-3.34429
-0.158626
-1.92878
-1.01788
0.155677
4.30748
0.525495
-5.01377
-2.518
-0.000773261
0.299056
23.7793
-0.525198
12.6572
0.23463
-0.964914
-0.957333
-3.76954
-1.15375
3.78069
-0.255065
3.94018
1.29799
0.21108
1.04189
0.628497
-1.60255
0.440526
0.362989
13.8641
2.96623
-5.44113
-2.57434
0.440651
0.498021
0.281522
5.56519
0.676713
8.51685
-23.0621
-0.808112
2.63983
0.230993
8.85434
0.924524
0.402508
-11.2763
-8.91006
-1.10733
-1.50127
0.836888
0.87627
-2.11523
-0.278482
0.051425
2.1439
-0.554283
-1.23514
7.43315
0.962242
-1.12974
13.0368
1.15811
-3.56318
-0.608235
-1.23345
26.5863
-0.289133
1.28125
0.0819686
-1.60224
-0.36885
2.29759
1.90189
1.13735
-0.0320156
-4.27987
0.00956122
1.79035
0.691467
0.906093
-0.930702
1.33595
-0.411674
-813.96
1.12985
0.689844
4.28546
-3.00749
0.270193
0.459471
-1.58189
2.73972
1.17632
-2.15755
0.789087
-4.95176
0.205794
-1.00879
-3.56574
-1.90056
-1.52442
1.99812
-2.40114
3.61219
0.174566
-0.67193
0.266073
-0.355654
0.104294
-4.60974
-2.51487
16.4619
-1.47981
0.43133
0.056848
-4.48587
4.09508
-1.52237
2.99535
2.16089
3.18015
-2.85344
-1.58679
0.8631
0.496343
4.13288
-0.752346
-0.61408
0.189047
-2.46145
-0.907542
-0.782255
-11.7358
-1.48987
0.176389
-27.7031
0.0994171
-2.99361
-0.978326
3.0523
-0.375019
1.44339
-1.16257
1.11874
1.00152
-0.223127
2.45921
-0.956172
-1.74884
-1.98074
0.494028
8.85957
0.607856
0.911044
0.463742
-1.28722
0.270965
13.5978
1.87438
-3.76545
-0.344481
1.32939
-0.0107606
0.534099
-0.468672
-1.44561
-1.07964
0.766685
0.477369
-0.419159
-1.18454
0.194933
2.1073
1.89718
-0.420931
0.896466
2.40468
1.72564
0.145419
2.05787
0.402968
2.1002
-3.24336
2.6755
-0.131752
-0.321876
-27.6203
3.35981
3.78759
0.623773
1.39436
-4.93708
-0.451285
-0.18661
-0.0884799
-2.05316
-1.07726
-10.1793
1.13462
-0.241632
-6.37294
-14.3093
1.67699
1.05046
1.16114
0.938467
0.176271
-2.48022
0.884672
-0.270449
2.90973
0.979789
-8.98051
0.2681
-1.1674
-1.06362
-1.53813
0.151508
7.99676
-2.34534
-3.02513
-0.388966
-0.681493
-0.0462427
1.34612
-9.87724
-1.94432
-0.93618
0.371408
-0.463035
0.156137
1.84426
-37.8296
-1.27095
0.213215
2.32925
1.06195
-3.57792
7.10591
-30.5377
0.44659
0.2055
0.0586136
1568.95
-0.163505
-0.271101
1.10181
-6.34748
1.48626
-0.175863
3.43424
-0.218808
1.97839
-0.276233
1.33071
1.38938
0.84106
-2.20397
0.602933
1.05552
14.8157
0.28183
1.23014
0.0108735
0.178888
-0.29364
-0.284141
-0.0810111
-0.07583
-1.01782
2.70221
-1.06343
-0.360626
1.91469
-0.166842
0.779063
-5.1973
0.51988
0.754358
1.47561
3.67146
-0.149984
-6.40891
0.199807
0.080023
-5.51439
-1.17663
0.441789
0.179126
1.30131
0.681713
0.255494
1.28635
0.280833
1.05336
-0.914519
-19.0738
-0.909619
0.117482
2.58337
4.34483
-0.0613234
-1.32737
13.9754
14.1984
0.816344
-1.00607
1.0632
0.662805
-3.19664
16.2934
2.08526
0.152517
-1.1485
1.97642
3.07176
-0.534292
0.425465
-1.13016
-3.58647
-0.375935
-1.63126
-5.25486
12.3072
2.30861
0.631622
-0.0610437
0.188719
3.25218
1.50675
-6.34406
-0.619098
4.48491
-6.26404
-2.24621
-0.571619
0.547291
1.03148
0.841428
6.00733
1.6207
0.142093
-2.42503
1.16917
-1.92466
-0.610158
0.125481
1.72508
-0.599681
-0.870047
-0.872125
-6.74549
54.619
17.0227
10.1128
-1.73686
4.79061
-0.169341
-4.93877
2.76364
-0.92213
0.146071
1.76943
-6.13543
-0.809104
2.037
-3.6603
6.07644
1.12871
0.108778
-0.0968172
-0.181485
-1.01365
477.924
0.113207
-1.13377
-2.29373
-12.8566
0.0845754
274.557
0.316867
-2.70397
7.8849
-9.07267
0.4158
-1.39438
0.0786027
-2.23496
-0.0765951
1267.75
-0.159859
1.3636
-0.685052
-30.077
-1.76418
2.08238
-0.318619
-0.601575
-8.97734
0.814363
41.2842
-18.2939
-0.935289
0.859434
0.635446
-5.95245
-328.733
-0.0828221
7.17395
10.1885
0.901448
2.56009
-0.667972
1.00999
7.83914
-2.54538
0.200653
-27.5254
0.0632585
-0.221916
8.46456
-105.31
-2.01212
-0.511217
0.98888
0.486939
-0.680284
-0.330994
-1.60198
0.624581
-3.00598
-0.381029
-0.949309
-1.48602
-3.09054
-0.313722
0.62394
1.87537
3.36225
-0.0204089
8.95526
4.16963
0.238612
-1.60936
-0.0674765
-0.120793
-0.242986
0.204294
-6.9421
0.596416
1.53957
1.06936
0.104646
0.428829
-5.79643
-0.523706
-0.0398679
-1.79183
-0.710557
0.34206
-0.813597
-6.59854
0.870451
-0.745051
-0.414808
-0.891695
1.13699
-0.342231
-0.0386637
-3.07604
1.78287
0.203127
-5.9203
-2.2665
-0.225968
-1.39582
-13.7353
3.15004
-0.624231
-2.04141
0.311531
-0.315242
5.52449
6.27102
-2.43465
-2.12816
-0.566407
2.57598
4.62021
8.84472
2.73295
0.397494
-1.42595
2.01265
1.25334
0.0393485
-0.675334
-0.614193
1.02391
-0.519726
-0.844079
9.42538
-0.0409956
1.02565
3.86
-1.25411
0.0202602
-0.199201
-4.71378
-0.128782
18.5926
1.13982
-1.14393
0.10599
0.496026
2.32381
-0.635689
0.999319
-1.03027
-1.25952
-0.731829
-3.86959
-0.321533
-0.463372
-2.68582
-0.880206
-0.148866
-2.96628
-1.25369
-0.0447608
7.06956
-7.11807
1.48737
0.303214
-1.32424
1.14816
-1.32369
-0.907568
-0.31545
0.30639
3.48515
-0.216278
-0.150323
-0.0207295
1.28199
-0.509937
1.39991
-2.45572
-6.21428
0.622387
-1.36676
21.8389
1.36703
-0.240509
1.11538
0.074872
0.509992
-1.90917
-18.8466
0.116195
5.26089
-1.81601
-2.80325
1.90661
-1.30686
-0.957471
-0.496853
-0.411522
0.479619
-3.95507
-0.991531
-0.331909
0.599894
0.194084
0.149556
0.192056
0.813385
1.6026
-1.23503
-0.519604
2.76484
-1.1659
0.743255
1.07097
-0.116965
-1.72854
0.0772921
-8.87695
2.87086
-1.10859
1.5672
0.241266
4.60624
-5.13859
0.633204
0.668318
0.177856
-3.18644
-2.8803
-1.03702
-0.18686
0.128498
0.824353
-41.553
-7.3378
-0.208657
-4.40139
0.470417
0.629441
0.870154
-0.58895
-0.669889
2.92566
0.958387
-7.34515
0.268217
4.33178
-0.990572
0.303019
0.154086
2.01781
7.36313
-0.593835
-0.562298
-0.559634
1.04946
-0.339207
0.299165
-3.17596
3.29237
-3.24664
-0.476361
-0.728592
-1.11845
-0.372422
-0.390365
-1.83819
0.453452
-0.556619
0.28845
-0.253572
0.255312
-1.21192
0.173159
-1.90778
-2.01625
-0.577664
2.41762
0.0157296
1.84217
-0.407117
-1.10848
1.97931
1.43471
1.8268
2.42414
-0.89376
0.189304
-0.657306
-1.22447
-2.78095
-2.10342
0.950532
0.639793
-0.100306
-5.82624
1.93374
-2.91678
1.17118
-2.52239
-0.493425
-1.48332
0.475416
-4.56013
-3.10477
-0.454993
-15.9601
0.40606
5.77599
-0.969265
0.802691
-1.28621
-2.53101
-0.807548
-0.778708
-1.88538
7.38738
-1.73872
0.465602
-1.09092
0.333341
-0.0281907
-42.1273
0.0250977
-176.588
-4.37325
-0.137519
3.5686
-0.763444
0.848382
-1.95234
0.455521
-0.711625
-0.168873
0.849541
-3.92918
1.19233
-0.341473
-0.550831
-1.23022
3.47805
1.21668
3.74981
-2.69857
1.33123
9.75083
4.41151
2.18168
-1.09402
2.78463
0.853923
-0.508141
-0.223359
-0.552804
-6.83424
0.525284
2.65607
-0.0748183
0.0170829
0.499184
-1.71111
-0.215517
1.76385
-0.911515
-0.0726397
-0.0251122
-2.80824
-0.20295
-0.437038
-7.75408
4.82211
-0.0515619
11.8679
0.103697
-0.274722
1.1325
-0.617425
0.102936
4.03878
4.39937
-0.51498
-1.43848
3.14899
3.2813
0.37986
-8.97857
-1.477
-2.11568
-1.38165
1.16
1.79323
-0.329474
-12.3743
-0.886338
0.630187
-0.112878
0.0700253
-8.11278
0.816921
-1.27187
1.25163
-0.114903
-0.573644
-0.22129
3.72102
-0.373387
0.295586
-8.79631
-1.8153
-0.739328
-0.586058
-1.56603
3.65234
1.02997
-3.04953
-2.51503
-0.115395
2.48428
2.8636
-1.76709
-10.7968
-0.782044
-33.8231
-4.6861
-2.13942
0.862157
0.335958
-0.197864
-0.258828
-0.499293
-0.860199
-6.83759
0.148857
0.0649445
0.0491059
-0.76986
-2.24731
-4.70284
-0.862393
-8.23322
4.08696
-28.6583
1.34425
1.03065
0.75571
-6.12659
2.11749
-1.50371
-19.7419
-1.07519
-0.101235
1.15576
0.0426459
0.456877
1.27714
2.17386
-0.204982
1.06332
-0.212277
-4.67636
0.221966
-1.26064
7.37948
5.89665
3.92017
-1.80896
0.842157
0.158171
0.954252
0.771539
-0.350937
0.978862
0.190603
0.132438
0.279405
-0.0968257
-1.25818
0.657699
0.284716
0.462775
5.30564
1.21725
3.66545
-0.644714
0.816585
3.84034
0.745807
0.854735
2.49288
2.4472
-4.89379
-0.486335
1.5132
1.18366
5.31191
-1.62941
-0.463387
-1.32594
1.3112
-11.9552
-0.560407
0.853485
-0.341872
0.875022
0.11232
-0.113976
-1.45564
9.02401
-2.78268
0.859911
0.943641
0.361966
0.679511
2.13408
-3.19584
0.697132
9.86232
1.63075
-0.846934
-1.77807
3.70528
0.216697
2.94295
0.989044
1.87668
0.493828
0.603475
0.364646
-0.0554198
-0.0877935
2.09536
-0.416663
0.259659
-0.175985
0.539081
-0.787832
23.5768
-1.42155
0.337127
-92.9528
-0.536775
0.0829675
1.80817
2.6109
4.36673
-0.151486
-0.603808
4.39662
7.19752
-0.297863
-0.72133
-0.321967
0.0317995
-0.545601
0.870674
0.464025
-3.93708
1.90353
-1.2035
-3.43653
2.05938
-2.63153
2.35665
0.137805
-7.47569
0.539004
-1.21026
0.0110962
0.398558
-0.598137
-0.475874
-2.34851
-1.94299
4.15357
-0.59522
-1.64658
-0.663338
-1.4073
-0.455295
-0.0303144
1.10635
0.717775
-8.52828
2.99223
-5.13898
0.37338
0.978483
-0.268493
0.425833
0.409681
-0.956347
2.96564
0.065845
1.33625
3.01455
-1.35224
-1.31061
10.1671
-2.91037
-25.9217
-0.78779
6.85939
0.689058
0.6084
-0.512139
0.0883199
0.0523683
-0.177903
6.32644
0.00242257
-0.985972
0.0580593
-0.482354
-2.69112
-0.730968
-0.228674
2.90554
-2.40564
1.39019
-0.972815
257.95
4.47612
2.47287
-1.58749
-0.242505
0.699475
-1.33961
3.29003
-3.45303
1.84824
-0.671926
1.44479
7.38432
0.247677
1.05176
0.400711
-2.85144
0.414894
1.22382
0.586338
1.38608
0.00146466
39.4788
-33.7457
0.258372
-0.231704
0.754883
-0.573449
3.37002
-0.439989
-1.52147
-19.6237
67.8925
-0.601815
0.144951
0.687841
2.03422
0.137368
0.706713
-0.16652
-3.44373
-7.35529
0.361622
0.107037
-0.148349
-0.495436
1.14223
-1.4704
1.3182
2.39901
-0.895872
0.51476
0.64954
-0.0527338
2.94521
-0.161534
1.38611
0.124163
6.31073
-1.09079
0.213982
-0.742108
-1.28408
-0.742072
0.583776
2.97033
9.83978
-1.06807
-1.32294
-1.96593
-0.114971
0.855465
-3.12348
0.449524
-0.618914
0.993491
-4.89831
1.171
2.03203
0.0627704
-1.54063
-0.568746
0.71173
-24.2437
2.34404
-2.60799
0.968505
1.62934
0.0661375
1.77841
2.76639
1.76247
2.60825
0.792395
1.20033
-3.84005
11.0727
1.74809
-4.14827
3.46883
-2.17018
-0.990922
0.672138
-5.29347
-0.93301
2.00786
0.495371
2.51345
0.774964
-0.25578
1.337
0.780405
0.390921
-0.793942
-0.0730364
-6.03055
0.367925
8.70635
16.3604
-0.505219
4.70285
0.68902
-2.7159
1.33621
2.3522
-0.160757
-0.344515
-6.10443
-2.06112
1.51241
0.453011
0.650056
-2.40227
-0.505743
-2.19273
2.23256
1.08535
1.25822
0.606079
-1.57861
0.460214
2.58552
0.410297
0.958137
0.032048
0.0482577
-0.203844
1.40274
-15.7291
1.34458
-2.76843
-1.13341
-1.3577
0.212903
-0.103116
0.317108
147.142
-0.18634
0.204433
0.510081
3.50796
0.884354
3.75007
4.88624
2.64505
1.33669
1.21717
-0.224589
-1.37761
-0.27548
-3.88131
-23.1922
-0.137059
4.27658
-1.49121
10.4142
1.73209
0.750233
-1.34337
-0.532566
-0.561575
-0.339197
7.85528
-3.06431
0.531202
0.378827
7.10485
-1.16824
0.622864
0.922408
0.837167
1.61665
0.705637
-0.358753
0.00321802
2.832
0.171936
-2.5285
-0.356464
-0.320253
0.964776
0.402291
-0.208922
-4.79196
-1.7001
1.09804
0.0678061
0.210932
-0.276731
0.743604
0.129263
0.69869
0.375977
0.863305
4.40244
2.04208
272.594
2.69156
-2.05028
-0.0525826
-5.54167
15.3141
4.42713
0.140954
2.666
8.55801
0.665348
1.37246
-0.377507
-43.7379
-0.893437
0.0221789
0.958073
-0.474124
0.719476
-0.698262
-2.68998
1.12791
0.940149
5.98227
-0.945971
2.89299
-2.81082
0.342115
-1.82137
-12.0096
3.80444
-0.288888
-0.403356
3.20791
-41.8611
0.672795
-0.208172
0.352612
-0.438087
0.810976
5.97202
0.0704325
18.2633
-0.306382
-0.687915
-0.547651
0.0558299
0.0213741
0.7124
-1.15128
-2.61177
4.86881
-0.960113
0.892924
-0.325859
-1.59961
-1.29402
-0.17299
0.494129
0.798597
-0.394331
1.46216
-0.379736
1.09559
-0.073948
1.82192
1.47123
6.74556
6.91918
-1.58072
0.921642
-4.47904
-0.327821
-0.0402565
0.0699501
-0.473103
-0.195496
-1.32526
-3.09012
-57.961
1.66123
0.0735382
0.380235
0.701926
0.541961
-8.48616
1.03513
0.826625
-1.46517
7.25513
-1.47295
-0.775764
0.560492
-0.947602
-1.63969
0.855971
1.51892
-0.00962805
1.56389
3.9744
-121.359
-1.16927
-1.58272
-0.321044
-14.7756
21.5518
2.78167
-0.0695557
-0.0116821
-8.32194
-0.460594
3.68958
-0.380205
-2.11288
1.21421
-1.74674
-1.12033
-0.811128
0.737457
-0.308371
-0.364618
0.35905
0.227272
-0.0949978
10.2407
1.24025
41.8766
-2.74146
-0.146264
0.0221335
-4.69497
0.445856
0.0596057
1.27691
-10.5132
0.783184
0.82067
6.30447
1.38374
-0.876692
-0.027092
22.6246
-9.75603
0.887046
-11.6816
14.5954
5.94624
-7.10369
-2.73098
-9.62301
-0.631227
0.209534
3.56595
-0.587386
0.593626
-0.46635
10.657
-0.8627
-1.66088
-1.53037
-1.57988
0.694822
-0.230851
-0.385398
-0.249704
-1.311
0.367001
-9.688
1.41506
-1.72999
0.163189
-0.035255
2.40027
-2.14468
-0.339865
-4.45306
-0.535191
-1.18107
-16.9684
8.8978
0.35795
-3.20052
-0.0304788
2.81999
0.765212
0.750296
-6.71293
0.382143
-0.0236103
-2.62796
1.6735
-0.0819141
3.77707
40.5212
-56.3013
0.672392
-0.868222
198.099
1.16147
-0.416721
-0.770365
0.657159
-0.227478
0.0173442
-0.178715
0.562063
0.996909
0.241322
0.132964
0.11016
-0.655395
-0.946824
0.568556
1.0078
0.396363
7.05504
1.01594
-6.68363
-1.30982
0.886418
0.113956
-0.551371
-3.70414
-2.51627
0.0774668
0.274704
-1.04667
3.41593
0.0421161
-4.32434
116.663
-0.0322072
0.462576
-1.35727
2.07055
1.46169
4.75777
5.76787
-1.72574
-1.78598
0.445996
0.456336
0.572992
-5.11401
0.847907
-0.829832
1.4539
-1.07038
0.291385
-2.32796
1.75897
0.191193
2.06848
-3.18309
0.0761407
-0.929094
-1.37891
4.66272
-3.1113
-1.39917
-0.336635
-5.65067
-0.496924
-5.74838
0.224061
0.267127
0.424074
0.296549
-1.29418
6.17227
-0.313642
0.000154357
-3.60243
-2.06501
0.45222
1.3411
1.12536
0.757908
19.9405
8.26502
0.75833
-3.10431
1.31539
1.77862
-0.0843045
-1.56804
2.6422
-1.73064
-7.14571
-5.31543
1.34067
-0.446762
-0.497746
0.359867
1.05082
-2.19816
-0.0244887
0.993621
-0.106316
11.8008
1.48488
0.0462793
-0.429759
-0.505049
-1.51264
2.66497
-0.534765
24.1575
-0.646094
-0.500294
1.38888
0.907448
-0.161585
-0.443641
-0.0430377
-1.25845
1.08444
-0.402278
-0.886419
-1.0892
-0.674927
-0.832862
-7.75093
-1.58572
13.3941
5.40928
2.03883
0.422114
-2.94993
0.359833
0.410372
-5.46107
-1.96534
1.31837
0.450063
-9.27801
-0.382126
0.501552
-1.29977
1.21122
0.0164563
-0.328215
-3.25562
2.42011
0.436458
0.884894
0.626089
1.59212
1.40816
0.132756
13.5342
-0.788316
-2.35589
-6.42966
15.158
-2.40657
-0.509558
1.74025
3.85472
2.37412
10.8334
-0.268095
-1.54138
0.366174
0.566334
1.07407
3.06032
-5.47004
10.8618
-2.2672
2.42664
3.35897
1.13208
2.98091
17.1779
-4.89217
-0.303393
-2.20571
1.53968
-8.44453
1.83682
0.314608
5.66985
0.317693
-0.879561
2.63657
0.207035
0.318541
-1.50042
-0.369783
0.875077
6.04613
-0.230753
-4.24464
0.472562
0.733527
0.912061
-10.0211
0.871622
2.73225
0.0170259
0.732875
-0.504567
0.0905774
0.541573
4.06773
1.20836
-0.514448
-1.23768
1.96816
-0.63132
-2.16537
1.04835
-4.54473
0.192957
1.92534
0.971743
0.440816
-0.378856
-3.25705
-0.894556
3.25793
0.714415
-1.45255
-2.00396
0.664695
-0.330714
3.0179
0.19764
-2.30897
-1.19596
0.136511
3.06124
0.859233
0.629933
-1.96116
-54.097
-0.0515488
-1.49235
-8.24064
-0.218197
1.13582
-1.04527
0.963166
4.75082
0.874321
-1.02114
0.679002
-1.57695
0.433063
-0.741016
-0.528601
0.799368
0.223764
-0.432365
-0.796075
0.516122
-1.28194
1.32681
-1.98405
-0.064217
-2.37092
0.382896
1.33749
12.1398
-2.12596
88.376
0.861447
0.510409
-39.0398
7.16749
0.587831
-0.192927
14.5332
0.28234
-299.036
3.09465
-1.10181
-0.107715
0.814155
1.42282
3.69486
1.21427
-0.270815
-2.32322
2.00059
4.84398
3.03507
0.212209
-2.5286
-1.10704
192.072
-0.330513
0.43692
-0.629671
-0.373721
0.917499
0.348973
2.90187
0.749945
-15.4001
0.556216
0.784032
-0.282275
-1.81798
-84.8882
-0.614796
-5.71847
-2.13193
0.124014
-0.0813553
-0.334873
-1.34876
3.01798
4.57428
-1.27364
0.27558
-6.44348
37.6405
0.30094
-2.0319
-6.45368
0.715058
-1.467
-0.854652
1.74297
0.378848
-1.85496
-1.1435
-1.15891
0.805276
-1.98589
0.272891
8.12385
0.366362
0.298766
-0.29027
-0.485356
-0.285752
-0.150233
1.31086
1.77468
-0.727697
0.536881
-0.971263
-0.049774
-0.667547
-3.6673
868.248
-7.19646
0.621817
-1.36776
13.3481
-0.331404
-0.422319
0.328316
0.92046
-0.430582
0.917516
1.46411
0.12443
0.301442
4.89706
0.860681
0.857073
-0.264506
3.54646
1.73337
-0.28338
0.831463
-0.398791
-1.41836
-1.47193
-1.33162
1.09654
-7.42413
-0.2192
-0.267711
5.91086
-0.102129
-0.910963
0.67834
-2.1883
-2.10274
1.38027
-0.428379
-0.912446
0.139631
0.0196351
-10.8752
2.45298
-1.23686
10.4398
27.5962
3.87763
9.44103
-1.12135
-1.51892
-4.93859
0.971166
0.232979
-0.102185
-24.5174
-0.26896
1.65591
-0.954449
-0.857457
2.14464
-0.526346
0.963133
-1.02277
-1.53015
-0.0141376
1.67841
-2.28364
0.0534888
0.388601
0.884884
-49.055
-1.72894
-0.134732
0.740026
-0.693134
0.799722
-1.49502
1.7974
-2561.12
-0.192789
-0.0612866
1.28338
0.379841
0.409972
0.193034
1.11303
3.80861
-0.0863678
0.743937
1.58148
0.877565
-3.71051
-0.681311
2.24726
0.159538
-1.50686
-1.32952
-4.47665
-1.22373
0.587018
-2.99461
-0.37845
1.55412
-0.2477
0.173233
2.46737
3.53702
-0.155028
0.169758
-0.200859
-3.98153
-0.154944
-0.790077
0.683903
0.342271
2.85858
1.43781
-1.27498
1.02033
-0.00978917
0.745816
1.4242
0.419204
-0.292032
0.578504
7.64068
9.75309
0.234678
-11.7162
-2.51523
28.8601
-3.78703
-2.80474
0.597097
-2.43275
2.18311
-0.0061135
1.78863
-0.75211
5.22211
0.0609677
0.824434
-1.9471
0.818809
-0.326191
0.539506
0.656077
-2.7786
-0.370493
-0.620943
0.25417
-0.236489
-3.57758
-8.70701
2.65619
-6.03125
2.25894
2.56942
-6.24323
0.224307
5.91533
0.687925
1.17037
-1.36657
0.126297
-0.44814
3.30142
0.201502
0.0443182
-1.86917
-0.142586
-1.11129
-0.647783
-0.106534
-2.18702
8.01382
-10.1343
-1.08375
0.103503
-0.186815
0.350917
-0.00482117
0.596874
-0.039695
0.50767
-0.343277
-0.879973
0.0263274
-0.574653
-0.890404
-69.9864
1.89102
-21.5432
0.506306
-6.55277
-0.5334
1.78324
-0.465637
-3.46804
0.157315
0.0548033
1.20359
-0.375027
-0.566776
1.56407
-4.48811
0.61889
1.54165
-1.90631
0.522219
-0.231339
0.457371
-1.02065
-3.28826
-178.929
7.60789
0.250767
-1.65833
-1.00753
-0.646081
-1.6443
3.14676
-0.394528
1.02586
0.352321
0.795337
-12.4703
-0.512057
5.07363
-0.230688
-0.8435
-0.552452
3.33699
-2.21801
-0.488846
-18.1976
-3.00305
-0.688079
1.51194
5.47273
-1.1372
0.730522
3.77705
-0.0668508
2.16968
0.511788
-0.330536
-1.07046
-6.60617
-0.867581
0.13166
19.2377
13.4369
0.662205
0.352883
1.84333
2.294
-0.515506
0.118793
3.98048
5.15469
-1.43711
21.4191
0.990533
-1.63997
0.399209
-4.6395
-0.756968
0.642929
-3.24292
0.528275
-1.49305
85.0077
-0.0326266
-0.55575
0.90968
-1834.65
-1.33084
-0.752508
3.66618
-0.503769
1.97882
-2.4818
-1.88187
-29.0538
-1.68667
-3.0142
0.376663
0.360457
3.32243
-1.11402
2.22215
1.10865
-4.28732
-0.109806
4.08552
2.1519
0.23505
-0.819113
-1.56508
-3.44712
0.536955
3.08861
-1.42774
0.816578
0.137985
-0.041607
2.88626
-6.13415
-3.10724
0.856336
2.46468
-0.583297
-0.765529
1.28675
0.876342
-0.528795
1.52222
-0.785739
0.212599
0.289335
-0.0644749
-0.938513
0.94186
-0.590089
-0.515414
-0.862382
-0.231272
-3.43438
12.8945
1.40449
1.95854
11.7898
-0.825808
0.0291609
3.14432
-1.73834
0.321835
-15.909
-2.57347
12.3553
-1.09539
-0.308764
-0.66248
-3.65782
1.1315
-0.926446
-0.59561
-0.536221
-2.72602
3.52004
16.6632
4.32892
1.22398
-5.79051
0.987294
0.733288
0.243186
0.234007
-6.44684
0.473809
0.902157
-3.73052
0.620283
-0.193678
-0.24733
-1.13654
1.04432
7.6934
-20.1761
0.68979
1.90415
-1.36536
0.357757
0.257622
-5.22826
-0.253618
-0.857738
-3.05214
-0.676423
2.821
-1.02056
-0.275319
-0.267308
-1.23124
-3.62879
0.405984
1.5621
8.92926
0.709019
-1.2226
-2.09456
-1.22931
-0.0317334
0.136454
-0.168909
-7.99434
5.30757
-0.156494
-0.58686
2.43676
2.91265
0.696748
0.4476
0.647224
-5.45839
-0.04105
-15.9982
-2.47275
-1.93744
-0.414826
5.47334
-4.15488
-0.0841218
4.28054
1.52459
0.0774349
0.00918536
-2.38286
0.706111
-8.18815
-0.660242
-0.109227
-0.538824
0.834455
-0.650385
3.20901
1.52383
-1.14632
0.387575
33.3683
0.212657
-0.170402
-0.124787
2.0757
4.00733
-0.377025
6.72684
-0.170568
-0.861062
-1.66147
-3.65176
-1.70803
8.41799
0.378841
-1.40282
0.135218
0.188395
0.89272
1.93427
-0.212962
-5.90124
-1.18137
0.281117
2.56556
-1.64191
0.182117
-0.180781
-0.0987991
0.941626
-1.53557
0.781036
-0.182575
2.06491
-16.201
0.69101
0.79182
7.62541
0.519713
-2.5583
2.54226
-1.63533
-2.00036
3.43925
2.04752
-6.7767
0.313077
2.90363
0.496516
-6.76682
-3.10491
-0.480485
-5.28631
1.80755
0.702137
0.60513
-4.49812
-0.644148
0.263236
0.393533
0.976098
-9.1325
-0.104412
0.500352
2.20058
3.48529
1.16323
4.79006
-0.794565
1.44847
-9.01911
-0.254737
-3.47528
-0.372915
-1.88281
0.425236
-3.3851
3.64799
0.0337205
0.580577
2.01529
0.43214
2.07311
0.148413
2.41788
0.490276
0.276644
-1.00715
-1.17345
3.58199
0.935595
-1.17886
-1.66314
-3.00678
3.28233
0.2948
-11.9802
0.922549
-1.59191
4.72338
6.50643
0.0228966
0.355692
21.5431
-7.33492
1.16286
1.54274
0.361306
0.535183
-0.598611
-0.359951
-1.37426
-1.06343
-0.159919
-8.83022
1.3535
15.7261
-23.776
0.248375
0.289057
4.20631
-0.433632
-4.50962
-7.18067
-19.3645
-5.28793
-0.0934657
1.37575
-0.785544
1.50486
-0.283048
-1.43645
0.826163
-3.72349
-1.8276
1.41908
-0.468772
0.306007
0.724893
10.2982
-1.1169
0.243309
19.0453
1.63018
-2.02215
0.583187
-0.578835
3.91203
7.2988
-6.90222
0.715802
-0.0883037
5.80302
-0.418253
1.72137
0.205969
-2.49896
2.94245
1.35776
-2.1742
-0.302923
0.416479
-2.01616
-0.480081
0.444011
-0.28583
0.167661
-2.95787
-0.383279
-0.499234
0.208739
-0.670258
0.645328
5.01931
-0.254331
-2.32977
1.99582
-2.03702
0.352373
1.09326
-0.254517
0.981062
-4.46058
0.506606
1.95138
-1.54778
3.57942
-0.291264
-0.487957
-0.721811
-0.950429
-8.65052
1.57641
-0.832231
0.00165609
1.93247
-0.402506
-0.375199
0.606316
0.498882
0.738816
-31.2046
3.49906
-1.6386
-1.96604
-0.343835
-0.219124
0.470385
-0.430392
0.497486
-0.986487
-2.26148
-2.50406
-4.454
-1.15934
-0.365236
1.07668
3.66074
2.13468
0.398544
1.45721
0.089502
-1.60597
1.3763
1.30381
0.290265
-0.135563
3.18471
1.22673
2.14304
1.77261
3.60787
0.283375
0.0713247
9.50994
0.715184
-0.849261
-4.49538
-0.117694
0.371998
-0.907654
-1.49164
-0.106398
0.541194
1.01628
0.362872
-1.66348
-1.4364
-39.891
1.99177
-0.421054
-2.85119
-3.37652
2.90881
1.91438
-1.13132
-11.721
-1.01718
-0.831874
1.55019
1.583
0.515685
-1.51217
-2.63588
15.0101
1.76934
-14.4171
-0.285628
1.89244
1.37653
-0.0136236
-4.23075
-0.825244
1.46901
-0.873182
-0.511871
1.121
2.59755
0.580956
-18.6634
2.21124
-2.85705
4.35172
-0.300666
-7.97856
2.24667
0.201531
0.870785
1.17581
-0.144984
-3.48062
0.0710668
-0.329806
-15.0023
0.656813
2.60985
-1.46142
0.48128
-0.18847
-1.35341
-0.0247929
-0.163104
-0.514348
-0.0235414
1.27023
-2.60717
0.0438237
1.1768
-2.90735
0.750007
1.19588
0.712597
-1.31539
0.0317767
-2.38925
4.57655
20.5602
-12.3903
2.14942
-1.42929
1.91621
-2.58599
-6.07187
-0.229969
-0.630424
-1.62656
-0.602455
1.29749
-0.883543
3.58162
1.43118
-2.51362
-23.0103
-2.57216
-657.804
-0.19256
-0.0988682
0.398641
-0.085816
0.740411
40.8471
2.34429
2.00848
2.60356
10.4264
-0.830336
1.09906
-0.96928
-0.00369559
-4.79324
0.202008
15.3463
-0.163807
-1.83778
0.371132
0.0880227
0.237626
-0.130158
1.14291
-1.90534
12.5122
-0.133726
-7.91768
-0.0169489
1.74008
-0.195964
-0.795944
-1.50069
0.301557
0.1624
-1.29781
-0.219742
0.578829
-1.40245
0.924379
0.641247
-0.292693
4.43255
23.0579
-0.641761
-2.38013
-3.92558
2.91205
0.78995
1.16637
-0.999818
-0.379196
-5.722
-3.78443
0.198997
0.227889
-0.285861
0.843126
-1.78216
1.03542
-14.8096
0.348522
-0.941221
3.22099
0.881098
0.346448
-0.410933
-1.77385
48.434
-0.370688
3.47856
-1.30131
-12.7616
-0.667017
-0.336774
0.54787
-0.0819424
1.25138
-1.58547
-1.26594
0.372734
0.675537
-0.669696
0.0183125
-0.567824
-0.465871
-2.9245
0.226704
0.572358
0.917302
0.0381148
-1.29172
1.45295
1.59258
-0.57782
-2.52594
0.688199
-3.41871
-0.522103
-0.733684
1.34088
0.496906
-0.530757
0.97575
-0.409858
0.437407
-4.87173
0.272247
0.110107
0.221631
4.80882
1.26978
-0.131576
1.43139
-1.8913
2.4892
-0.695606
-5.83123
3.4874
0.268023
1.68671
-0.662648
25.0971
2.96807
0.384932
0.543737
0.696784
-0.175246
-0.204043
6.92121
2.8618
-0.961873
1.13747
-5.24975
-0.549532
-0.0722112
0.561962
-8.0634
0.772777
-1.8309
9.74102
-42.452
-0.340201
0.470209
0.279969
-0.539422
0.377958
1.30195
0.443307
1.27025
4.77891
0.569814
0.467488
0.3438
-0.485082
0.60433
9.45062
-0.113972
1.18237
-0.0332562
1.35485
-0.504277
0.0494756
-1.03936
0.20449
1.2362
1.26371
-2.04163
-0.278022
0.2417
0.513713
-1.13844
-0.822507
-0.211188
0.25976
9.97447
-0.146196
0.481804
1.38137
0.616972
1.4375
0.892375
-3.09242
0.128068
0.374359
0.669814
-0.231815
-1.75045
1.7125
-0.472195
-1.92745
-0.247082
-0.359684
0.148215
0.211377
-0.636064
31.1932
1.25451
2.03849
-0.879039
0.931713
0.213788
0.974217
-0.338003
0.0755956
-0.0616158
2.75694
-0.35622
-0.277814
-0.563046
1.22601
-0.517481
0.205736
0.405535
1.42183
0.77502
0.802622
1.32708
-0.571662
-2.05852
1.65659
-0.426637
-5.76914
-1.19312
1.71422
-3.74517
0.0312535
-0.396822
-0.489348
-0.0623027
0.159017
22.5784
-1.23103
0.0255518
0.515776
-0.654892
-6.32083
1.22681
4.04493
-0.382321
3.22552
0.00292551
-0.00478291
-1.19314
-0.0355856
2.41961
0.370123
-0.453296
0.119996
-0.440784
0.571603
1.26047
0.350867
0.192145
6.20369
-0.675613
12.77
2.9894
2.07555
4.62547
2.68643
2.13727
-1.18292
2.13483
91.533
3.4134
494.065
-1.2601
-0.289268
1.83636
0.782486
-1.44435
0.242502
-6.3334
1.43236
2.6731
0.0578843
32.5279
-0.699984
0.128229
2.67992
0.713269
-1.07251
0.965398
-1.13475
-0.144512
-4.11788
6.43361
0.978986
1.4688
-0.0117223
-0.0453604
0.367143
-2.22486
-0.562807
0.497266
1.08833
-0.0417271
9.03029
1.70249
2.27343
3.75799
-4.06325
0.724267
-1.79075
1.3145
308.246
1.30945
0.43345
-13.8406
-0.014213
-2.40465
-8.89918
0.102651
3.44434
-0.294843
-1.36574
8.2778
7.59426
1.54642
-0.611743
46.4805
-0.0438361
-0.448919
1.00351
0.220153
-2.34199
1.8988
-2.50354
-1.92093
-0.707184
0.625757
2.20638
6.04984
13.4228
0.284028
-0.613196
-37.1296
3.42395
1.51971
-0.18333
0.322268
-0.49231
-2.49753
-0.0276384
-4.1615
-0.314598
2.54443
-0.865032
-18.6281
-21.547
-8.41099
-1.24112
2.36063
1.35684
-0.335484
-0.506124
0.311237
-6.47997
-1.06117
-0.913495
0.752423
0.536972
3.85244
0.376089
0.180576
0.296788
-1.38003
8.7348
-1.58269
0.633635
-1.70541
-2.74273
-0.44844
-0.425397
0.586333
-1.04543
3.31342
0.380058
0.869736
0.401206
-0.145941
-1.88662
6.24858
0.524764
2.56235
-0.249799
-2.34529
-5.74199
0.935766
-0.458537
0.0904921
-3.59662
-0.187986
-4.17618
-0.063445
-0.426065
-1.19012
-3.53041
-0.0658286
-1.16157
0.530271
-0.158113
2.33746
0.468549
-2.69258
-0.684509
0.988451
0.71003
-0.500464
-46.9852
-2.84009
0.0294821
-0.969331
-3.95869
2.2388
0.0739477
-0.174839
0.113551
-0.724876
-0.108306
-0.0256578
-2.92375
1.51147
1.70849
-0.196699
-0.59765
1.48193
0.526819
-0.315849
-1.00007
0.0311922
-1.21413
1.84636
-4.76764
-0.986357
-0.624056
-0.472063
-0.348647
0.0256566
-0.473312
0.136969
4.24245
-0.987569
-18.546
0.921638
-1.8528
-0.309054
-0.239158
2.44806
-1.08464
0.728203
-0.938569
-1.97433
0.400336
0.239292
0.273749
-0.253467
-5.51868
-8.02131
0.206372
2.32576
0.119579
2.45172
1.86573
2.1544
1.84848
-1.27918
-1.15211
1.334
-0.4507
-0.193674
6.13074
-0.0885755
0.237866
-0.0900009
-2.60723
1.12741
-2.06481
4.3591
-0.581659
-2.969
0.647862
1.62503
6.15623
3.29096
0.413454
0.310843
0.522175
-2.8295
0.252726
-2.1269
-0.69564
-2.14769
0.231369
-5.72748
-0.576436
0.0506534
-10.4304
-1.1648
-0.606223
-0.177408
-6.09893
-0.258979
0.694386
119.988
-0.224585
-1.61433
2.16836
3.14577
-0.968293
0.796937
-2.46061
-6.59023
0.846581
0.62393
221.141
0.431772
0.918622
-0.0172948
-25.5964
0.950992
-0.740036
-0.30072
-1.19459
0.834892
23.5995
3.16235
-1.2193
-1.14035
-5.73532
3.34858
-0.0940817
-11.1213
2.21155
0.565461
-3.17288
0.550651
0.873615
-0.880355
-1.27602
-1.84132
-1.35156
3.6074
-0.660688
-1.89158
-1.22695
-6.25245
7.50105
-0.577353
-0.737007
-0.157088
-1.0174
-0.44773
-1.35756
0.467087
-3.03583
0.75205
-0.756652
0.289528
0.760872
-0.965919
-1.16247
-2.23034
-4.8476
5.75498
-0.595522
0.262208
6.02136
0.444796
0.166046
0.00057348
-2.77016
-0.729801
-0.693279
-0.0285323
0.490826
-0.858017
-0.326138
1.06976
0.0194971
2.51172
1.24041
0.142328
-1.17023
0.828281
8.07872
0.294777
-0.912176
-0.913557
-0.632161
4.30762
-8.19487
-3.73608
3.08119
-0.22082
-0.809983
0.742343
-0.24138
1.6579
1.35949
-2.04474
4.02299
-0.758869
3.98845
1.98646
0.0102066
-0.470074
-2.12038
0.00055465
-1.54916
-1.84004
-0.383876
-0.903048
-54.1237
-0.616681
-0.294859
1.08165
1.53761
-0.107366
-0.399936
0.839418
0.226001
-1.06049
-0.851277
-0.682638
-1.08651
0.146595
-0.533612
-1.06189
1.99536
1.33512
1.69907
-0.324977
-0.545684
0.0822215
-0.00772635
-0.890968
-0.817252
-0.345856
-0.665839
-1.39171
-5.25088
-2.4034
1.01727
-0.48279
-0.0893554
-0.98205
-2.34476
-1.95722
398.413
1.72761
0.688401
-0.858768
0.0487763
0.0321005
-1.29749
1.27227
-10.5894
1.26144
-0.0496381
-40.0357
0.139198
-12.3073
0.189801
16.9887
-4.62505
-0.417159
-2.91934
-0.996751
-0.281285
-3.91722
-5.40519
-0.370566
0.110826
-0.0608154
-1.7251
3.12204
-2.18464
0.22715
-0.233959
-0.601486
10.381
2.55587
0.845939
2.27646
-2.98919
0.767538
1.33809
-29.7326
-1.81808
-0.907
-0.410548
0.503317
0.582259
0.824239
-0.829904
0.498774
-0.686974
0.322552
0.643713
6.42334
1.50808
-28.905
0.331998
-0.657941
-0.463549
-1.5404
0.0051992
2.76932
3.18772
2.69956
-1.32653
-0.561721
-2.61918
1.18164
-0.50606
-0.210449
0.399408
-2.138
5.18238
-0.306167
-10.6535
-0.222389
-0.840236
-0.138364
0.602298
1.86546
4.20791
-1.30899
0.0999009
0.138761
-1.01801
-24.4678
-0.368515
10.3173
3.91207
0.0307438
-1.86644
-1.33511
-0.664111
-24.0742
-0.598899
-2.68404
0.210395
-1.19422
0.286722
-2.71634
-0.393585
-1.92051
4.72487
0.014157
0.103393
0.102899
0.362089
1.93986
0.652436
-0.00062396
0.00846962
0.329922
-0.606365
0.405891
-0.359415
-0.361224
-0.928778
-0.687995
5.47808
-5.64206
-0.0577056
-0.758162
-1.35802
3.63118
0.387525
3.51534
-0.405859
-0.172344
1.38552
-0.555351
-0.303713
1.44731
0.255324
-8.33695
-0.104919
-3.05852
0.364801
73.8751
0.252932
-0.630799
1.65478
-0.74845
63.4995
-1.60756
-0.850985
-0.540666
-3.0983
2.62378
2.18053
1.71989
3.17728
0.192771
23.5918
-25.4976
-0.285555
7.11396
0.659255
0.437354
3.02172
4.23424
-1.48327
-0.214849
1.481
4.22121
-0.130867
0.42759
-1.84478
-0.875849
-0.964999
6.4976
4.58526
1.31662
-0.217413
-0.975316
0.314353
-6.66507
0.206125
14.1781
-1.13435
2.04881
-6.06872
-11.3906
0.299705
-0.564565
-1.25279
0.939666
-0.894821
16.887
-3.29095
5.55694
2.36708
-2.35902
-0.471063
-0.495478
1.72097
-1.91122
-1.4058
2.18774
-0.42989
0.136841
1.52171
-0.869788
7.12144
4.19828
1.57247
-3.05935
-0.398684
-0.252956
0.847257
0.342083
-0.243033
-0.0509042
-0.129499
2.34975
-7.96713
0.44309
-1.49438
2.56721
-0.222757
2.25525
1.29363
-0.147793
0.914262
-0.475892
-1.64251
-3.61822
0.687579
0.609581
0.813838
-1.89804
15.5555
0.817058
-0.600024
0.716557
-0.553328
-0.774942
-0.0128636
26.7205
0.355389
-1.19027
2.29626
2.05743
-2.82316
-0.066568
-6.03654
2.9931
1.14406
1.96068
0.19107
1.61201
24.1261
-1.8072
0.131159
-0.300916
0.626122
-0.789756
1.66533
2.82114
0.1905
-0.558103
-6.48514
-2.59107
-0.125797
0.275307
1.24372
0.228729
154.805
1.86978
-1.34476
0.750436
0.197101
0.198042
-0.195825
3.14009
-0.288745
1.15926
1.93553
-0.0124631
1.06799
-1.28822
13.3851
0.944405
0.427217
-0.681729
-48.8426
-0.559587
13.0604
0.303873
-0.76588
0.87528
274.66
2.30328
-2.03211
-39.1264
-0.0962489
-1.76118
1.06165
0.0934631
2.45686
-7.09434
1.08735
1.35898
1.67263
1.50053
2.14751
0.0825133
1.40974
5.35349
-0.157277
3.69451
1.74764
-0.676478
-0.21462
-2.01745
-2.97388
6.09447
0.747338
-0.0691045
0.534855
0.910202
-0.537835
6.51595
-1.22863
-24.4366
-1.86919
0.0923642
3.63612
0.514099
-0.284637
-3.04704
-0.339249
55.7565
1.67504
-0.391498
0.15261
-0.87662
0.989678
-1.54713
0.985832
0.832396
-17.6813
-3.4386
0.0718951
-0.130268
-2.92532
-0.0314941
1.15673
-4.54109
-0.517634
7.49838
0.410216
-0.143609
0.200755
0.308711
0.895588
0.579671
42.4724
2.1935
0.466037
3.1973
0.508813
-0.785754
-1.07187
2.35642
3.45243
-2.80143
3.33286
-9.77216
-0.252434
2.76633
0.836267
0.307262
-2.57091
0.738821
-12.5502
0.224114
0.0249323
-0.00271195
-0.95381
1.02172
3.97192
0.865733
0.664848
-1.14133
-2.2925
1.4693
0.776325
-1.84796
0.0975852
-0.0550028
12.8968
2.59069
1.97212
-23.408
-4.23399
0.922479
-1.04151
-1.25884
0.989089
-2.1291
0.081404
-3.05754
0.120581
2.09563
3.52752
0.888493
9.50852
3.5141
0.0187184
-0.393951
-1.51163
0.939768
-0.600318
-0.00668885
0.530288
-0.267414
-1.62378
-0.264173
-0.0131221
0.110139
-9.66512
-74.624
-0.1137
-2.91505
1.26672
0.0897767
0.622392
6.33316
-3.24349
1.42992
-1.17227
0.377367
3.6536
-0.57302
0.185282
0.963628
0.0841128
-3.53675
-0.678603
0.636325
-2.31246
-1.6566
1.85649
-5.06435
0.296912
-0.13664
1.09125
1.80435
0.345205
-0.637931
3.62686
-0.0966423
-0.213029
-0.449331
-1.02765
0.481902
2.05759
1.46054
1.34739
0.721706
0.3085
0.0404336
0.495099
0.87835
-3.85573
-0.58726
0.896742
-2.169
1.43644
-1.6715
-0.595405
14.1443
2.77099
0.438058
0.0572311
1.04388
0.589701
-1.57795
-0.365366
2.0735
-0.323334
-10.7117
0.0126657
-1.50015
-7.74098
0.390546
0.32795
1.21856
2.66429
0.993351
0.132709
-0.205677
0.836456
-0.561156
-11.2115
-4.49241
0.354895
-0.947782
2.06875
6.1985
-3.68639
-1.01079
1.05877
-0.994492
0.00350241
-1.15877
0.938255
6.77193
-19.4387
-0.497409
0.111475
-1.52128
0.413502
6.98026
0.452097
-5.79042
0.923246
-0.982885
-4.39528
-1.02467
-0.377931
0.699815
-3.93493
-1.62419
-1.6593
-0.126537
0.34237
1.1174
-0.818222
-2.24295
1.10505
1.41443
-0.615674
-6.01043
2.37014
0.655891
-5.98177
-1.0599
-5.86239
-0.585848
0.892911
-0.170075
-0.161151
-2.3445
11.1719
1.08785
0.195865
-1.45332
0.363765
-3.79819
0.784215
-2.12452
0.516238
0.477357
-48.8791
-0.405956
1.57543
-1.40132
0.483033
-1.0444
0.98915
0.406647
6.81178
-0.653131
-2.79384
-18.1887
5.00657
-1.55196
1.81649
-2.57077
0.390752
0.878123
-0.271564
-3.81753
-23.4297
0.405177
-6.95003
1.72961
10.5266
0.579332
-1.61436
2.28333
15.6411
-0.559208
-1.33054
1.41326
-1.1529
-1.8946
0.0422627
-0.475087
0.342617
0.961373
-2.73639
-0.741355
0.0871226
-2.85619
2.48656
-0.0800443
-0.0175725
-0.795712
-0.932875
-0.293934
5.18453
1.73016
-104.289
1.57902
8.1636
0.128849
0.253909
1.15461
0.152576
9.69094
0.362793
0.558604
-0.375913
-1.45478
0.628017
-0.717048
-0.619679
-0.139913
-0.353622
-0.0767219
-0.157391
9.74281
-0.288593
1.47439
-0.0381238
-7.3292
4.60787
4.14898
-0.438139
1.57515
-1.07373
3.39478
0.715416
-6.5567
-0.755703
-2.00181
-0.371371
1.21994
2.44936
1.49864
1.54082
1.65667
0.287425
-0.843659
-0.181409
0.142436
0.503896
-0.366392
-0.346274
0.0578768
1.64216
-3.18938
1.47181
-0.990618
12.7316
0.335411
-2.68088
0.520488
-1.69114
-10.1681
0.523542
2.30021
2.63869
0.863487
0.423076
0.382861
2.73633
3.26109
-0.420727
0.335997
-5.25545
2.56609
-0.240825
0.333646
-0.212177
0.38856
-0.0399418
1.50902
2.82683
-1.04299
3.36066
-0.432809
2.94654
0.882596
-4.74537
2.01225
-4.69307
0.7179
-5.40054
-1.31087
4.46696
1.04386
0.098726
-0.0412643
-2.05223
33.3693
-0.335834
-0.00967139
0.75464
14.6164
-0.506036
1.64339
0.577366
0.698122
3.33606
0.529601
1.38492
-6.28649
0.43572
0.288283
-1.44437
3.67234
-3.71573
-0.0577069
1.76217
-2.07136
-0.542676
-0.592962
-0.18554
-0.688496
1.05445
-0.98879
-1.98995
5.69907
1.3525
-1.37516
-0.339785
-1.6418
-1.04822
-0.976072
-1.57541
2.05878
0.0368854
-0.155061
0.958462
-0.955949
0.402628
0.110551
-0.439453
3.17916
-0.352854
0.705755
0.298384
11.5225
-1.18689
2.72151
2.6947
-0.741664
-1.05566
0.30936
-1.88851
2.12683
17.7695
3.54864
0.466506
-0.163478
-0.145382
-11.2052
3.08278
2.09002
2.95275
0.101998
-1.47855
0.397235
1.74114
-0.0420657
0.5464
1.0769
-0.648924
-3.85444
6.51629
2.32413
-5.48586
-0.915425
1.23908
1.40477
-3.86274
0.760844
-0.553559
3.31609
0.381961
5.34266
0.848839
0.275377
-4.91334
-1.64107
-0.900149
-3.79728
-2.13377
-4.02658
0.0482778
-0.280544
-0.126426
-0.090808
-1.19604
0.372673
0.274378
0.145993
-6.77423
1.06084
0.76179
0.966228
21.1446
-0.928867
0.322735
1.72866
-0.880118
-17.2043
-0.435698
-4.08721
4.47063
20.519
-0.0541785
-0.0882108
-1.29549
0.702878
-0.11186
-0.215719
2.67476
1.15299
0.421648
0.716431
2.17903
0.353034
-0.16697
-1.13744
-1.2969
0.192739
1.01942
-0.855944
-2.38366
-0.555697
0.087906
-0.673604
-0.17658
-0.272897
-0.911783
3.42167
2.5942
-1.39246
0.085238
-1.73131
2.09526
-1.66474
-1.50821
-0.207188
94.3224
-5.23969
-0.0439449
-2.06191
0.208355
-1.50903
-0.485063
-0.515336
0.478835
98.8425
-0.517197
17407.8
0.598
0.106631
-7.35656
0.232728
-2.98608
0.339367
10.2248
0.728019
1.57053
-0.86789
1.29882
5.05117
-1.65145
-9.44586
-0.0774286
1.4479
-0.357726
-0.17255
-0.198443
-1.52101
0.4487
-0.922333
0.453763
-0.162318
-1.60822
-0.245695
-1.8557
-9.63609
-0.18812
-0.530262
-0.209583
-2.13206
1.37388
-0.510203
-4.02707
-0.300137
-12.249
0.556732
0.899351
1.80235
14.0181
-1.2884
2.81191
0.906617
0.956985
-0.210346
0.166219
-5.79884
0.0372634
1.03951
-0.33651
-4.09274
1.27844
-0.0311181
-1.2712
4.55765
-0.110357
-3.52089
0.621258
0.525555
0.0294568
0.5439
28.3156
11.1383
-0.10913
-0.417959
-2.03005
1.22502
1.01407
0.0880695
1.07512
2.32586
5.7249
-0.658816
-4.79249
1.71722
-2.71891
-0.866612
-2.25227
2.04123
-0.29667
-1.65216
-0.179875
6.12184
1.95521
-0.67208
-0.614829
1.00707
6.62168
-0.0840103
0.347337
-1.60434
-0.506908
0.507774
-0.35445
-0.028034
-4.63262
-1.20164
0.612567
0.0346147
0.519114
2.42193
-1.41875
-0.789263
-0.120644
-0.479394
-0.0174775
-4.95658
-0.809105
1.16221
-1.45367
-0.470863
0.591949
0.780782
-1.35529
-0.503666
-0.542005
-2.7919
-0.113704
-0.108188
0.348928
-0.431892
8.88744
-0.467402
-0.365242
-0.0386552
0.397517
-2.55132
-0.778459
-2.35795
0.228148
0.143055
-1.06268
9.52312
0.312353
-0.265236
8.42855
-6.03936
0.166464
1.63669
-0.345275
-1.06724
-0.0587166
0.393679
3.93766
1.89888
-0.151928
-0.601725
0.10836
1.25453
-1.15811
-0.0189592
0.0346066
6.15484
0.0110864
4.91813
-33.1993
-0.225088
-0.462304
-13.8557
0.184022
3.04139
-1.53942
3.14119
-1.40439
1.42656
-0.443604
0.340951
0.630432
10.6398
166.207
-0.504022
-1.17763
5.01567
2.66204
-2.01092
1.46555
0.301721
-5.79301
-0.294138
-1.08755
13.0914
0.274002
-0.141134
0.368753
20.7669
-3.09981
0.930505
-1.25286
-0.49436
-0.656283
2.25479
0.0606252
16.5412
-0.681408
-0.551836
21.7297
0.0950787
-2.45584
-5.19996
-0.503394
0.220963
5.7967
3.32505
1.63938
0.187529
-0.105066
3.96216
2.04389
0.758638
0.877221
-1.8337
-4.14277
-0.772155
7.29951
0.65173
1.71744
-2.83227
-0.0139747
0.666956
0.44241
1.99311
0.505481
0.486559
13.7865
0.18177
-2.93843
0.0566829
0.478612
-0.126983
0.725963
-0.343661
-16.291
-1.83014
-0.70314
-0.0933129
0.890411
5.85014
0.387815
-3.31546
-0.436565
0.566196
0.0277943
4.33672
-1.42161
3.07032
-0.0555604
-5.21928
-0.219626
0.695626
-0.245667
-1.66088
1.38835
-0.33996
1.09855
-3.38987
-12.098
0.13131
-1.49403
1.47298
6.02928
22.1438
-0.368449
0.834054
5.76973
-0.00152747
1.89304
0.342653
-0.204074
-3.5199
-1.65272
0.605891
-1.55652
5.85704
10.018
1.00053
-1.33803
0.225424
-2.63466
-0.489365
-4.4012
4.04104
-0.454744
-1.64696
-1.83485
1.23414
1.14303
-0.171239
-0.0119802
-0.901449
0.377036
0.20237
0.706523
-6.46021
-0.615978
1.64295
-0.560861
-1.8487
0.0660751
-2.88237
-0.530325
-0.823885
-0.846414
2.11253
-4.35921
-2.72384
-0.914937
10.5801
-2.8514
0.124421
4.69588
0.258923
-0.807904
-0.563645
0.259056
-0.624604
0.747484
0.361807
-1.10831
0.382417
0.491036
-2.92858
1.28438
-2.78424
-0.0429835
0.200305
0.286501
1.43737
-36.0828
-4.57803
3.76692
-0.0189585
-23.8389
-0.55651
0.283464
-2.28754
1.35847
0.212166
-0.10485
-0.391541
4.7613
-6.44241
-3.31092
3.43108
0.025263
-0.421666
-0.872695
2.66612
-6.56337
-9.44194
-0.636225
-0.582989
0.373052
-4.93563
1.76346
0.613258
1.51217
-0.527853
-0.225314
-4.20454
-1.9544
-0.0170575
1.99201
1.63143
-1.27705
1.29525
-1.49625
-0.244223
-1.63595
-1.65328
-0.139131
0.921907
-1.9621
-1.46307
3.5404
0.25915
0.0722884
3.12406
-0.62323
-0.360567
1.15576
1.75554
0.814993
-0.3094
0.955913
-19.2485
7.12928
-0.522947
-0.57594
0.423598
0.57066
-23.2329
-0.910081
-0.378782
0.476083
0.616285
1.08794
7.20342
-5.79698
0.672935
0.0396818
-1.19728
26.8862
-0.281459
-1.17864
-3.65402
1.52899
-62.0985
-0.6259
-4.61724
0.825502
2.39209
0.510857
-1.80131
-0.162782
-4.77705
-1.96
0.718786
0.296173
2.34531
-0.757757
-1.63465
-1.45565
0.541692
0.499637
0.655168
1.12981
-1.08944
1.29206
-0.692894
1.76517
1.66362
-1.86647
-1.21301
0.430397
0.604573
-0.573698
1.30598
0.975703
5.34264
-1.96276
-1.66976
0.978437
1.36621
-0.861968
0.923084
0.244113
-8.62542
-3.88343
3.79016
-0.242609
-4.26232
1.13452
-0.284969
0.061005
0.557375
1.89641
-0.16723
0.183301
1.26331
1.5267
-0.439358
-0.0453275
-1.83413
5.4163
-0.610539
-0.664139
1.34728
-2.69751
1.27403
0.368084
-0.174794
2.90524
0.376749
-1.47866
-0.614124
-0.0470357
0.0987148
1.68483
-0.0464259
1.64709
0.71054
-3.65623
-0.275562
-0.932448
0.535867
-0.458466
-3.28965
-0.0784241
-0.360278
0.324587
-3.27457
-1.27453
0.26177
1.69318
2.71535
-0.0662008
0.110729
-0.186459
-0.360871
0.155828
0.823255
-0.893505
1.34154
1.43216
0.179217
-12.9476
0.70602
1.04482
-0.195155
1.09289
0.228934
1.3626
-0.753723
-1.08358
0.895703
-26.2665
0.26544
-1.46534
0.115168
0.621942
-2.14222
-0.468734
-0.472678
2.62567
0.325285
1.09804
-5.36217
0.367055
-0.273606
0.0739556
0.890851
1.18454
12.6596
0.0214011
-1.78594
6.93095
0.52606
0.117892
-0.591685
-3.25431
-0.24483
-0.231545
2.06122
2.17875
-0.414392
-4.41433
-0.304274
3.19501
-0.232423
1.40023
6.71444
-0.311729
-0.786876
-0.090664
-2.02109
-1.20108
-1.23315
-0.171744
-0.483313
-6.22077
3.5256
1.26188
-0.576527
-39.4962
0.153725
0.599414
-0.124524
-1.69567
-0.102356
0.620496
-2.60511
-0.0418
0.846086
3.06864
0.341784
-0.93861
0.322132
-0.218403
-0.799238
-0.976903
-0.983299
-1.31098
-1.00598
-1.04638
-0.0808423
23.67
0.025758
-0.339712
1.08197
-0.0430831
-0.446738
-0.482477
0.0249952
-0.249363
0.627808
-4.24981
-0.914665
-8.76616
0.320071
0.600636
-0.485708
0.254544
-2.37123
2.2378
0.240166
0.94674
0.673054
0.417677
-2.36238
1.58846
-1.22833
1.27732
0.46562
-0.861603
1.59251
1.24362
-1.91747
1.53447
-0.407701
-11.6478
0.899851
1.07014
64.0543
-5.99475
0.2588
0.284504
0.570493
1.46534
-0.850457
-1.50925
2.00388
-2.89838
20.2487
-3.20882
1.66301
-5.33754
2.31718
5.85371
41.7268
-1.34401
2.95117
0.380704
0.129607
2.51468
1.18436
-0.451964
-1.54615
-0.190517
1.31423
0.463086
-2.34352
0.491213
0.239093
0.148924
-0.522461
-7.9281
8.61676
0.76011
12.2692
0.443755
2.11311
6.42147
-2.70774
-1.74702
0.109517
0.5476
1.65512
4.88753
-0.763373
29.6964
0.629849
0.535632
-18.9602
-1.10968
1.54217
-0.436512
2.04375
-0.670623
0.49603
-0.844974
-0.182898
-2.62824
-1.14569
-0.247995
-0.617049
-14.5356
-0.388216
27.72
1.58031
-1.73255
0.19604
-1.57626
1.27628
-0.221243
0.346028
-2.37146
7.13151
0.313064
-0.468508
-0.276134
1.45072
-1.69867
1.73679
-0.583622
-0.943794
-8.71283
1.25926
-1.19994
0.947146
1.65056
0.88393
-0.19441
0.275437
0.985006
-1.44078
1.38647
-6.55207
70.8608
-0.050807
0.783116
-0.160508
0.26479
-0.925439
1.90785
-2.9822
2.42912
0.549877
0.233493
-0.799938
-0.80834
3.13433
1.42619
0.0560897
12.8521
-1.53522
1.11961
2.15904
-6.22607
2.86086
-2.73982
-2.32821
-0.17207
1.12399
-0.895079
54.6498
-7.36609
0.339664
1.16221
1.86508
-0.355248
-0.848576
-35.4578
-0.794467
0.858044
2.19106
0.485744
-0.124101
-0.0176924
0.287132
-1.34379
1.64868
-0.739882
0.575179
1390.44
-5.28939
-0.182995
-1.96846
0.0856443
0.247585
-0.250594
-4.77818
4.6425
-5.47695
-0.634139
0.124209
-0.773782
2.43464
0.131346
0.526999
13.2822
0.399953
-0.700228
-1.40922
1.03749
-1.14444
-1.22475
7.63229
-0.47963
-1.36305
0.643574
-0.22569
-5.98909
2.37003
1.01433
4.81172
0.133321
-11.4122
-5.78733
-5.84198
1.5053
1.35853
0.375105
0.654821
1.28694
0.147774
1.52839
3.30159
-1.01796
-0.16881
1.2031
-0.583471
2.18438
0.0408495
0.958775
-0.0537268
1.80724
8.04378
3.31739
0.70415
0.985268
-0.345458
-1.64934
17.9593
0.904822
30.4043
-1.37105
-0.178944
1.1251
-1.24703
-0.141879
0.594235
0.187607
11.3041
12.5207
-1.15543
11.8124
1.12651
-1.2611
-1.02623
0.589485
-0.210426
1.46358
-1.33723
0.440522
0.873284
-2.14711
0.171833
-10.4104
0.168748
-12.9601
0.192468
2.13879
-0.363163
8.10238
-2.09253
0.105418
2.35913
-4.26278
-1.57302
0.265291
0.638779
-2.74102
0.607069
0.33565
0.17378
0.0309543
-1.01926
1.23675
-0.188672
-8.52481
1.95844
1.05407
-0.745722
-1.33059
0.064663
-4.80703
1.00815
10.0244
0.481742
-6.32791
1.33348
4.53099
0.266322
0.319854
1.36853
0.295233
-0.0881543
-0.307559
0.718732
1.1699
-0.538039
0.393385
-4.21919
-1.23539
0.5623
0.820699
1.19142
0.0985909
-0.426197
0.68491
0.598541
-0.250592
-1.39469
2.5939
-11.6479
52.1513
1.89899
0.173533
-1.51645
-0.947637
-0.065662
-0.579853
-0.332219
-0.124089
1.14275
0.479468
-2.44954
2.28592
-0.225965
-5.98011
-0.210719
2.05201
-0.541003
-0.613616
-0.0252921
1.46183
-1.06448
0.820707
-1.14117
2.64615
0.280557
-0.257254
-0.593622
2.92965
-3.58032
2.15584
235.359
0.957501
0.735348
-45.8374
0.42017
-0.353795
2.57029
9.27597
1.30236
-0.440127
10.0244
-0.0113204
-19.213
-1.93522
-0.594961
-0.743272
-0.00472556
-0.178874
1.94183
-10.4393
-1.01922
-1.58253
1.08501
16.0398
-0.144712
-1.13798
-17.6147
53.4156
0.349825
1.27343
-2.30526
-4.43417
-6.02788
-0.582926
1.02178
1.03928
-0.455793
0.715517
-0.20541
1.1364
-0.161665
-4.07246
-0.932969
-1.86717
-2.33974
-0.56035
-4.28266
-0.0690843
-3.81952
0.282032
1.54088
-0.0425205
-9.78552
0.415283
-0.650849
0.0625061
0.105713
-0.341676
107.36
-0.382367
-6.88231
0.320353
0.358618
1.40494
-4.7083
-1.79347
-3.37927
1.79764
-3.26967
-0.647614
0.112096
-1.20605
-0.341756
12.0185
-8.13432
-0.170128
1.94084
-1.27594
-0.60491
1.59692
-2.58618
0.327838
2.14712
-9.20976
3.29896
-1.27472
-4.89403
-3.61078
0.418109
0.217166
-0.0971743
2.93273
-0.562039
-1.08373
-0.282085
-0.177336
0.406577
-6.8024
-12.5423
1.35715
0.257179
1.14089
0.564658
0.638406
-0.226746
0.061748
101.7
-1.1667
0.508306
0.993867
0.652405
0.532709
-0.731714
0.0236458
-2.58414
0.142166
-1.13193
1.0641
3.80283
-1.64883
0.0182114
1.32048
0.021995
-2.92607
1.84825
1.0181
-2.09927
0.314706
-0.481862
0.640211
1.33549
4.35721
0.671023
0.218201
-1.42216
-4.12295
0.22777
-0.329789
4.93276
-5.2308
0.0344501
-0.371606
0.0562649
-44.8206
-1.36422
-1.76022
1.02452
-1.06767
-0.735361
0.1646
-8.3757
2.04299
2.12864
0.156675
1.60338
-1.98852
4.8072
-0.334903
-0.0442953
-0.844485
0.907938
5.08872
0.0842883
20.9947
-0.953954
4.02177
3.19279
-1.17206
-6.8279
-0.0141481
2.90036
0.904706
-0.222007
-0.990972
0.354314
1.36693
1.63688
-7.05165
-2.74325
-0.157781
-0.551333
-0.10185
1.7143
3.50265
-0.566911
-0.135106
1.28023
0.478586
1.16593
-1.627
0.39104
5.801
0.186629
0.332384
-2.98241
-0.937718
0.201413
-0.259944
-0.734232
0.40252
0.469814
89.469
0.754393
-1.52385
-1.69057
2.80438
1.08748
0.451864
-6.62712
-0.0961862
-1.26429
1.56909
1.15634
-21.829
1.27323
-1.84109
-2.50815
0.0232852
0.180392
3.56722
-0.172415
-0.997572
-0.997932
-5.04438
-0.235546
-1.03808
-0.137321
0.989191
-1.81164
-0.223141
-1.07553
-1.25542
0.386684
-2.71931
0.799469
2.63505
1.00811
-1.28015
-0.688067
-5.22686
1.05843
1.47436
-0.255824
0.491281
0.744508
-0.0782327
-2.3616
0.12459
-1.20499
-0.669881
0.520948
-1.18212
0.33163
1.38436
-1.30282
-0.408753
-1.01017
0.378235
1.05241
-0.374696
0.513413
-3.37604
-0.223659
0.901231
-1.20027
0.535465
-0.138312
1.56973
0.297954
-0.781272
6.45924
1.61977
-2.7448
-0.320534
3.43984
-4.97699
-1.2499
0.0118033
-0.310338
0.377956
-1.73825
0.0119354
0.351693
2.66254
0.602696
0.215348
-0.242316
-18.8751
-0.396523
3.10558
2.07031
-0.0636752
0.480668
1.69484
-26.0887
0.789627
-0.653712
5.68394
2.12803
1.91679
-2.81324
13.0813
4.98269
-2.65352
-0.492981
-2.04134
1.38383
1.23861
2.77074
0.666187
-1.79676
-0.272379
-2.37438
17.2616
-1.52663
-0.628744
-12.9048
-0.328357
-1.69041
0.181451
-0.74621
1.91813
0.132456
0.411918
4.92387
-0.247861
1.91555
-1.50573
0.45898
0.282253
-0.389262
0.19172
3.07809
0.427772
-0.63813
-0.474527
1.65966
-0.111621
-2.9932
1.85897
-0.683588
-2.25772
-3.45374
2.0451
-1.075
1.82509
1.86743
-2.59474
-0.0778198
0.836143
-0.141707
-0.267805
-1.14207
-1.12383
-7.17109
-2.06223
3.88194
-0.42171
1.41983
-6.51461
-4.58222
-22.3455
0.827809
0.506438
1.17582
0.77545
0.0467883
-1.48495
-1.14005
0.907309
-0.671973
-1.86446
4.65245
-1.10326
-0.124745
0.852525
-0.283372
-3.62312
1.60012
-0.60083
-0.0568605
0.0100891
-21.5293
0.476485
-1.01955
0.276287
4.74011
3.47436
-1.00089
-0.12229
0.0339592
-1.17665
-0.241322
-0.903147
1.69936
-608.906
3.51455
-0.307056
0.487769
-1.92246
-2.21605
0.315805
-1.43717
-0.68032
1.13789
0.111547
-1.21676
5.68399
4.75706
-0.17509
-0.302297
2.00728
-0.435564
-2.73516
0.949634
-0.533785
1.29179
-0.612856
-1.11324
-0.0254755
8.8072
-0.466005
1.72349
-0.597309
-0.618868
-2.65648
-0.158568
0.189309
0.335784
-3.01107
-0.887131
-0.120337
-1.57772
0.991841
-2.37406
1.96675
-0.363604
0.00893497
2.67777
-31.9355
12.0024
-89.726
-0.64422
-1.24412
-0.511157
-1.08006
-0.0303609
1.393
-2.17047
-0.270303
0.688458
1.04643
2.67407
-0.365659
-0.92755
-3.86963
-0.0940936
1.68421
0.35633
-1.05704
0.57133
-9.21985
-0.976334
3.99033
1.49378
-11.6978
-3.41509
5.22891
0.388472
-1.59299
0.980727
0.225487
-0.9699
1.01995
0.800951
14.0051
-0.698813
-2.14795
-3.60069
-2.97522
1.34033
-6.6286
0.690861
-2.39284
-1.13229
-0.757027
0.279795
-5.54933
1.74107
-0.747786
14.2646
-0.964231
0.439483
-1.02045
-0.0399651
-0.333034
-0.5361
1.44091
6.30111
2.30233
-3.35005
0.725725
-1.33938
0.351623
59.818
1.73464
0.025099
0.732478
7.101
0.742218
0.764703
-0.572768
0.479479
-3.27286
10.7022
0.71458
1.03693
-6.00226
0.657318
1.64347
0.982145
-0.166119
0.197879
-9.51588
-2.87637
-3.30069
1.83179
0.545646
1.54056
-0.538199
-5.80835
1.96473
7.55325
0.165922
0.666638
0.351119
-0.726628
-0.434203
0.301432
-1.23076
-2.59752
-0.511085
-3.06928
0.605589
-1.17646
-0.0617278
0.371468
-3.15856
-0.133497
-45.3569
2.00365
2.27858
0.203551
-0.328753
0.813337
0.0801702
2.39374
-2.48463
-9.85536
-4.02416
-0.832007
-0.71608
0.333284
4.27872
-1.69776
-2.60654
2.31189
-0.544562
0.598799
1.27268
0.235689
2.79731
3.19661
-3.16227
-22.648
0.189437
-1.0476
-1.18249
2.49607
-0.968808
-2.16651
9.95713
0.987374
0.164392
0.772189
-0.0543137
-2.39497
-3.107
-0.157744
-1.68938
5.17604
-3.57501
-3.75711
-1.63303
0.0486843
-17.3044
4.11541
0.57402
-3.70038
-74.8579
-0.246278
-0.855039
-1.41834
-2.15351
-3.11748
1.64637
1.18057
-0.25761
-0.040397
0.660734
0.50142
0.386832
5.06184
0.746788
-0.441201
-1.01921
-1.23345
0.0473858
-9.15989
8.96286
-9.80613
0.758617
-1.80565
1.10476
8.15747
-1.37754
-0.469272
3.69816
-0.511611
2.79914
-1.64623
1.15708
3.46462
1.27205
3.71325
-0.839397
6.74308
0.37391
-0.0455748
-3.32274
-20.4882
-5.18595
-0.784838
-0.442669
1.30403
0.190246
-0.853019
-6.12437
-49.239
0.283578
1.74326
-29.3748
-0.0836715
-0.466275
-0.0555984
0.112545
-0.256128
3.46866
-3.05618
2.01305
-0.808365
-3.72479
0.00979398
-2.11855
0.704833
3.4952
-0.221931
3.79245
4.31083
-2.86597
-2.99686
-0.206125
-18.3232
0.583019
-1.78792
-0.629909
1.81548
-8.34718
-0.0774591
2.93774
-0.367248
0.139313
-1.73363
-10.5693
0.900792
0.311756
-2.3202
-2.0086
-84.8323
9.43864
0.233413
-1.80526
-4.93304
0.14556
3.15062
0.012227
-0.0326573
-0.456137
0.346368
-0.277411
-1.91551
-1.93454
-0.436977
-1.98356
11.3701
-0.259638
-0.535352
-0.955328
-0.361508
0.922227
-2.24099
-3.46414
0.307258
3.53945
0.911726
0.560112
-2.1308
-4.92885
-0.263439
-2.11332
-5.04432
-4.03698
0.267972
-0.609745
-1.06523
2.22813
-0.147686
-0.376034
-1.04371
26.4192
1.14739
-11.8058
0.875917
-0.490427
0.314546
-0.452466
0.981914
-5.23535
0.540458
-147.925
-2.43383
2.65947
-20.188
1.10175
2.84766
-2.31937
5.04611
1.84389
-0.873822
-3.95808
-0.194784
4.20839
-0.265041
0.815708
0.54475
0.826035
8.50913
-2.15203
0.765072
0.0900862
2.37496
0.0111409
-0.764322
-0.370699
-0.846564
0.402904
-49.1568
-0.4575
0.0206605
0.495998
0.061587
-0.178646
5.06674
0.981068
1.77129
-0.484819
2.86688
0.238339
0.532475
-0.0554715
-0.0792359
2.14193
1.26938
-0.229706
1.75634
-0.838621
0.682249
-3.83905
0.0985996
-0.461416
0.0105353
0.850865
-2.7196
-2.98006
1.29026
-0.85374
8.03869
2.74053
0.134639
0.102798
1.68187
0.77744
-0.782693
1.61717
2.11751
-0.433834
-0.331113
-1.97402
-0.394623
-10.0812
-2.72643
1.98953
1.11028
0.183996
0.00246582
2.30865
0.489587
-0.834525
-7.03413
0.0774173
3.31679
1.61405
-0.161578
1.58223
-3.52679
-1.90897
-0.105492
-2.7234
73.8996
-1.09918
-0.237971
0.239072
-0.556261
-3.46252
0.0669675
-0.464672
-0.417309
0.700458
0.339893
-2.30081
-2.62977
-4.58623
0.0224781
2.35273
0.145517
-4.17378
-3.46297
-1.6321
0.440289
-0.411458
8.8647
-0.280534
0.54968
0.180796
1.24958
0.272057
6.22788
1.00733
0.905531
-0.00699145
0.635852
-0.786447
-0.800063
0.311432
0.0880643
0.35695
-0.000712462
0.673031
-0.345924
-0.621995
-1.22896
0.464871
1.46912
-0.701696
1.44711
0.276565
0.152034
-2.32328
76.1391
-0.939262
1.70893
1.11752
-0.250076
-4.24016
9.93695
1.5269
0.140061
-1.73271
-0.155635
-1.60093
-25.3266
0.179668
-0.180931
-4.33311
0.0972934
-34.1783
-3.14085
0.444915
0.260249
1.23212
-0.50306
-0.525589
-11.9882
-0.191271
-35.89
-0.102605
-0.886451
-0.606869
0.367096
130.484
-1.52977
-1.26207
-0.411281
-0.827949
-0.876292
-25.2693
0.995923
0.55313
0.611993
0.714322
0.726017
-0.197723
4.82866
6.16797
0.965706
-0.620338
3.87755
0.224364
-4.75656
1.67274
-0.588632
-0.120332
4.98862
4.0899
4.50468
-0.233118
-4.69346
-0.631612
11.3516
10.4431
-0.412218
-13.7015
-2.22196
1.155
-0.889193
-0.788058
0.178211
-0.891658
1.97642
14.3098
-0.221195
1.01383
6.50169
1.36283
0.779815
0.482251
-0.179847
10.4674
-0.862646
1.30003
0.659942
-10.5804
0.132268
-4.4086
1.83394
1.27538
-0.425524
-2.70085
2.57329
0.00693231
-0.155463
-2.12598
-0.302782
-15.1869
0.415296
1.44941
-0.299323
-0.169302
-0.737289
-1.89473
0.0641365
0.650596
1.10776
-3.29659
0.0956968
0.582912
0.646961
0.89993
-27.7826
-1.16473
1.85803
1.816
-1.48996
-1.93716
-3.36152
0.743505
-4.50769
-3.01512
0.0329122
-0.661218
-0.12146
0.532178
0.201885
-0.435166
-0.80454
2.86794
-1.82196
-1.39297
11.2168
-1.3208
-0.512305
0.613531
1.23355
12.1709
0.273038
-0.338402
-0.977356
1.44013
22.5451
-1.70692
28.0487
-0.0633024
-0.026219
-0.0102625
-2.74727
3.19802
-0.881721
8.64588
0.130578
1.04027
0.224852
-0.524668
-134.925
35.0212
-6.76089
-27.872
-3.22611
-0.735855
-2.21954
2.98114
-0.459735
0.537621
0.0394317
1.73779
-0.348891
-0.781282
1.77433
5369.66
-0.245135
0.124495
-0.145642
-1.22195
13.234
0.599268
0.552574
-1.20994
-8.74078
2.06406
-5.83066
-2.07173
0.065077
-0.454886
-0.170653
-0.604791
2.3556
-9.39115
-1.10005
-1.64095
-0.0497985
1.26929
-1.14102
-2.07076
0.763651
-2.26263
-0.36908
0.563668
5.64462
-1.06579
0.84905
-15.7711
-8.05207
-7.72948
5.75504
-0.614665
-7.25107
-1.06552
0.140226
0.235369
1.69036
-0.258844
-0.061875
-0.392721
4.26315
3.13143
-1.3887
0.660695
1.70202
-13.2122
1.62325
-2.82733
-0.511647
-0.0575582
-1.81751
0.0399523
1.05828
-9633.18
-1.9587
-0.0593783
-6.6247
-0.0327438
0.373094
-1.29264
1.01344
0.215207
8.2889
0.230516
38.6737
0.429485
0.551066
1.34052
-41.3598
0.464055
0.788263
-0.13878
0.575562
2.57774
-0.498908
22.4437
1.23303
0.618292
-0.452573
-1.9036
3.01729
-16.1774
-1.08536
2.94773
-24.1247
0.640792
3.22061
-1.0081
0.461658
-0.532165
6.20573
1.23495
2.36766
3.38658
2.1769
0.840897
-4.24352
-0.235003
-0.967654
-1.07119
1.21815
-1.05797
-0.318522
1.40485
1.00676
-0.359063
0.595329
-14.4793
1.3125
-0.224284
-0.797001
1.2963
-0.0808281
2.15951
1.13205
-0.102729
-1.872
8.72365
0.990946
-1.2558
-1.39603
-0.218259
-7.4217
0.342932
0.479814
2.08406
1.57611
0.810908
0.961295
-0.882387
2.14611
-0.101968
1.83643
-2.67416
0.330736
-0.303442
-1.42565
-2.90873
-12.5495
94.0725
0.618667
-3.53245
1.34114
-0.294515
0.182843
0.772181
-0.227694
-19.6554
-0.44247
-0.254335
-4.26839
-1.01198
-0.652848
-1.04995
-4.16081
-0.315098
-4.30998
-0.758787
1.64359
-0.0109833
32.2363
0.367531
-0.837753
-0.415594
-3.88529
-0.802325
-2.52271
-2.0917
0.382411
-0.901537
0.123807
-7.20791
0.902498
0.0324828
1.39339
1.19664
2.15008
-4.12052
1.00562
0.934653
-47.5781
0.177187
9.63129
-4.96862
-2.28446
0.0833611
2.30461
-2.21111
0.314071
0.364885
-1.06516
-0.155112
-0.0980631
-1.344
8.6141
2.37856
0.464755
-0.806212
-0.469022
8.88978
4.89017
-0.171052
10.9339
-0.210386
0.115081
1.11494
-0.405789
3.4121
-1.14425
-1.22493
-0.176333
0.278545
1.01638
-0.865115
4.00757
0.796312
0.0990198
-0.75783
-0.314276
-5.51826
-2.2386
-0.0844786
9.53191
-0.843628
4.04797
-2.0812
-7.22001
1.19408
4.76328
0.317091
-0.591315
14.0924
-0.0842385
-0.142793
-2.4316
8.99815
-1.50648
-0.683615
29.5461
0.4195
0.453975
-1.42269
0.833631
-0.124004
-2.13559
-0.760708
-0.57734
0.314393
0.124268
0.0153452
-0.151074
1.00511
-2.13034
11.2014
-0.889791
0.673931
1.05743
-0.596807
0.096596
0.261375
-1.67093
0.281114
8.83965
-1.05465
-1.32166
4.32827
-3.02326
0.609626
0.41407
1.29287
6.73381
-1.68601
0.0507627
0.167512
-0.576474
6.791
-0.630845
-0.0866022
-1.60396
0.780222
-3.86021
-0.219777
-1.95894
-0.515061
-2.35854
-2.01038
-0.58566
-0.226775
-0.794888
-2.26914
0.783339
0.10903
-0.207138
0.957748
-1.88777
0.0193353
-2.25474
-0.15957
1.86394
0.405764
-0.541075
-1.53231
-2.54136
-0.629221
-0.258967
0.0966416
4.32732
-0.808662
0.648958
-267.103
-0.513116
1.4271
-0.150574
0.834313
1.21722
0.549399
-0.118466
-0.196693
-3.32311
0.259556
1.8738
-28.3339
1.72217
-1.36278
10.9876
0.223421
-1.71033
-0.681926
3.03818
-0.0501758
-6.31178
-0.728863
-4.29674
2.61718
2.08268
-0.326836
0.743617
-0.301794
0.784048
-0.728851
-4.98513
0.291647
1.04156
-1.99873
1.39859
-0.127697
-2.09339
9.48667
-0.479161
-0.714602
0.103035
1.9063
-21.7845
-2.58985
-0.439354
-0.959639
0.876987
-0.060892
0.0803842
0.193475
-0.690486
0.396171
-0.0718875
-0.233318
1.93588
-1.27665
0.155084
-6.67548
185.337
-0.629808
-0.463134
-0.562705
0.083504
1.44526
-1.09827
-0.0623024
5.47582
2.67725
-42.8926
4.44115
0.142635
2.19911
-0.330502
0.101936
-0.233942
0.289051
0.19401
1.08815
0.404031
-2.22186
1.87243
-1.03892
1.64489
-0.0990638
-9.0263
1.26614
4.94042
-0.407887
2.10143
0.721833
0.120604
-0.490555
-51.3498
-0.0881212
0.0954691
-2.05586
0.869637
-1.47718
1.40149
2.68993
0.684372
-0.940545
0.195803
-0.426747
0.497517
-0.759436
-0.164753
-1.97585
-4.3346
-36.229
1.20866
-0.300648
-83.3521
0.113264
-0.18723
-0.360179
-0.439001
-1.65258
-0.774988
1.1264
-0.900882
-1.3297
-1.35037
-2.07806
-0.31202
1.18879
-0.0832398
202.087
0.714642
0.497677
-2.0296
-2.8498
-0.0724933
-4.23906
0.525769
-1.38871
-0.117164
5.41208
-0.724164
-0.0706331
-0.505865
10.5503
-0.451662
-0.434842
-4.96828
-1.3083
-3.09222
2.72916
-0.141248
-4.33757
2.96849
-0.154553
-0.513615
-7.69082
3.46027
-0.692193
-2.98942
0.0309513
-2.95041
-0.740777
-1.62672
1.20822
7.25165
1.04236
-0.233418
2.102
0.129653
3.77241
-0.878334
-0.567677
0.733828
-1.97557
-0.315223
6.49606
-1.20786
0.272841
-1.44839
-0.676825
-2.70831
-0.956364
1.70517
-13.3385
0.725509
4.81851
-6.17772
-0.671593
-6.74976
0.490575
1.51012
2.31963
1.57983
-0.566867
1.07431
0.456155
0.948985
-0.456408
0.961146
-0.81354
-0.2723
-1.2171
2.52246
0.650045
-1.09049
0.118244
-1.75856
0.548527
-0.364675
0.245637
0.09334
-0.236311
-0.933333
-0.189037
-1.23922
1.60803
0.0512219
-0.79415
1.94468
0.183833
2.4736
-2.08904
13.1495
6.91099
-2.73979
0.371416
2.53363
-1.51571
-0.566425
-2.64396
-0.636027
-0.608748
6.72816
4.50735
0.0721405
1.68256
11.5777
0.483032
-0.953277
0.989629
0.801432
-1.43755
-2.08268
0.326844
-1.37001
1.91971
-2.06451
-2.371
1.28208
-0.0625278
5.01108
8.67534
-0.0302323
-2.02041
-0.852819
-0.665026
2.4732
-0.297767
0.413667
-0.969302
-2.12119
0.682404
0.472062
1.26065
2.16026
0.463002
-0.869324
-0.568084
2.26464
-0.128968
1.25278
6.36026
-2.26163
-0.0442668
-0.0162242
-0.214246
-0.0493362
0.642438
-4.11731
-1.08377
-0.372047
0.0943941
1.09542
0.198606
0.0364211
-1.62134
-0.891792
-1.26621
16.2778
-0.664091
-0.734695
-0.112648
5.16969
-0.825212
-7.33584
0.00437818
-0.379011
-8.17983
2.62617
0.384515
0.429611
-24.4305
2.10192
1.99948
0.0115028
-0.765565
0.876098
0.884532
-0.920523
1.70423
1.98976
2.35393
5.61194
-0.993503
1.89774
-0.194067
-1.43468
2.44552
-0.0382559
2.79827
-0.648051
-1.6718
0.0915086
0.418359
-3.84092
-0.690698
1.59408
0.155578
-20.7839
0.259292
8.99112
-0.475112
-0.160374
-0.0223493
0.811288
0.418509
-36.1202
-0.7108
-7.2501
-1.55438
-0.259087
-0.127448
-0.208324
-0.180913
7.6187
0.576634
-0.306574
21.0066
0.991245
20775.8
0.0808298
-0.0575466
-1.18405
119.512
2.02603
-7.27292
-0.692271
-2.59292
-2.27725
5.64268
-2.76628
4.26445
-1.01162
2.43581
0.660719
1.73048
0.0223981
-0.122804
-0.85144
13.1281
1.10185
4.55868
-0.247923
-1.3501
-1.11017
1.74874
1.91891
0.0976856
-0.209289
-31.2577
-0.0181552
-0.997009
7.42827
-0.0115259
0.196077
-2.5152
-3.46544
0.382873
0.0371957
-0.384782
-12.8144
14.4699
-1.44485
-2.83788
0.25198
0.759161
0.101946
0.47338
72.3262
-0.0659318
-0.794683
-0.673948
0.0262034
-2.8541
-45.043
-0.704238
-7.56972
-0.422663
-2.64489
-0.389565
-2.17381
-1.03775
0.502701
6.85146
0.877225
1.22423
-3.60944
0.489229
0.280202
0.191953
0.178965
-2.50829
-1.00025
0.759247
2.55319
1.53314
-41.3221
1.62065
0.506764
-1.77882
-0.669726
-14.2071
-1.25849
-0.674978
-1.06369
-0.573268
-0.362634
-2.66275
0.137185
-7.10989
-0.311296
3.51149
-0.467082
-1.99603
0.305396
-28.4493
-3.33143
-103.454
0.612827
0.454924
-0.70395
2.96138
-1.54002
-0.144397
1.34304
0.59355
-2.14453
-10.2601
6.49577
1.41623
-0.975254
-0.876865
1.74439
0.0343508
-1.49585
2.30983
-105.018
-2.22308
1.08111
1.12414
-2.43393
0.780931
4.39016
0.149622
2.50208
8.58679
-0.00483446
-2.3293
15.6793
-0.869462
1.78955
0.574707
-1.29675
3.18005
-2.60739
-2.18986
-0.738706
0.575565
-47.6287
-0.109867
3.68349
0.393211
-0.266904
-0.615362
-0.636224
0.160843
0.420288
-1.28436
-6.8273
16.1198
0.941182
7.15442
1.20369
0.447399
-0.937001
0.187758
1.84604
-1.33311
0.899309
5.708
3.4208
2.86773
-0.132518
10.3942
3.82744
0.377145
0.468654
5.99687
1.59219
7.26542
-0.1407
5.31121
-1.64578
-0.50983
0.721217
-2.52107
0.996485
10.4977
-5.26156
-4.23367
-1.39031
0.333205
0.0169989
-12.4533
-0.0904244
3.26734
-0.60414
-1.75296
-0.762508
-2.59828
-8.30767
-0.280173
0.487233
2.70856
0.258532
-0.588057
-1.06931
-2.23391
0.80272
-0.932266
-11.3943
-9.93904
0.484609
-0.286733
2.08835
0.889302
-0.693753
0.54988
1.29434
-0.62213
-1.04233
-0.0143504
-0.346046
0.748359
-1.06216
-0.894522
-10.4094
0.565746
1.26014
-11.5519
2.22974
-1.5038
0.763714
-3.31929
-2.34626
-2.57682
0.28459
0.451461
1.87491
-1.97345
-2.61335
-2.23177
0.190962
49.3885
10.9336
0.148043
-1.00207
-1.97756
-0.0937177
0.27256
-0.462855
-2.53938
-4.21552
-62.8609
0.223019
-0.0390635
1.41456
1.3783
0.0790961
-1.72689
2.41611
6.58544
0.26307
-0.165367
-2.2779
0.409331
-0.288584
0.592068
-0.846657
-1.24928
-1.26888
0.783021
0.867109
3.45817
0.970147
1.82181
0.22401
8.2393
-0.158055
-1.81814
0.0962796
0.724495
0.266962
2.13372
-0.895184
0.838174
-20.6813
0.529293
-1.18648
202.652
2.95516
0.507268
0.0110878
-1.96609
-1.01312
0.346942
0.316425
5.70112
-4.82794
1.29635
5.57706
-1.30247
0.0782666
-0.18586
12.9543
-1.06849
-0.692246
0.101608
-0.991241
1.27405
-1.14813
-1.32721
-2.75586
1.2189
2.73236
-1.15373
3.64378
0.0400378
-2.00351
-0.177324
0.456862
-15.4401
4.16486
-3.99015
3.14868
-0.889514
1.079
0.313807
0.0174502
-19.6496
-1.57145
0.206213
0.82527
-1.10174
0.120299
1.06221
-4.24221
1.70861
-0.684291
-2.84626
0.207684
3.00062
0.364472
-0.693428
4.21146
32.537
-0.432236
3.70962
1.73701
1.50217
-3.13792
27.2213
-27.1835
0.482849
-1.89424
-0.168253
2.01941
-0.584417
-3.82423
0.328232
-0.23716
-0.378099
-6.63704
-0.463059
0.0825975
4.05468
1.24643
0.398557
0.896664
0.746714
-1.17823
0.794251
0.186225
1.02967
-0.857463
0.742133
1.12773
0.751092
2.70091
-0.843519
-0.300702
1.45815
-0.0874176
0.518682
11.9689
-0.133169
0.0275031
2.96812
-1.67351
1.86758
1.18952
-0.489269
-2.75868
5.90781
-0.243434
1.41078
-1.20225
8.24915
0.438862
0.984617
3.69089
0.29989
-2.33059
0.156098
12.6531
3.88787
-21.6372
1.24874
0.212805
0.163212
0.59079
0.753934
0.0655072
1.93123
-2.26723
0.40032
11.7618
2.77054
-6.82211
-0.180815
1.58336
-2.35204
-3.67341
-0.0483536
-0.56045
1.34429
1.4581
0.0599766
-1.77172
-0.818737
0.775216
0.120476
0.937909
-1.20399
-0.556733
-1.9802
2.47659
-5.4559
-0.0315005
-2.88129
-0.756566
0.0194957
3.25223
-0.918879
1.26873
1.84422
1.57511
0.625677
-6.28563
0.409333
6.59586
2.16208
0.768769
-0.106553
-1.72192
0.924736
-0.263508
1.56639
-0.385569
0.0889848
1.29294
-0.345433
-0.169501
-1.34846
-0.482587
1.88021
5.73927
136.028
11.1259
1.18328
9.13868
-0.660037
-0.836396
-0.48201
-0.60474
-2.74087
0.46998
17.1887
3.38452
-1.55742
0.861791
-1.80045
-2.92445
-3.45864
-0.258555
1.46457
-1.11067
-0.59487
2.08885
-1.51167
1.62828
-1.50864
-2.29023
-0.71894
1.75892
0.0666007
1.41252
0.379924
-20.0082
0.0132006
-0.381618
0.655754
-25.9595
-3.32629
0.661957
-3.56444
-2.13906
0.738687
-0.0338978
-0.916406
-8.6526
0.194112
-3.27407
0.205737
4.03615
-31.4405
-0.0323856
0.983084
-0.759198
-0.360957
5.54117
17.9704
2.00059
1.03957
-0.800615
1.73471
-0.62061
-2.33844
-1.62616
-0.404193
2.17377
1.37186
1.30615
0.330017
0.113362
1.18379
3.73187
0.308774
-0.172288
0.0497161
4.67453
1.19908
0.834261
3.36398
-2.59261
2.79946
0.553694
0.923344
-0.892455
0.221205
0.68841
2.05595
-0.69704
5.917
-0.647455
-1.2274
1.02753
1.86784
0.60273
-0.359586
0.397232
0.986721
0.410933
-0.802416
-1.86285
-0.748975
0.702124
3.42215
-0.373509
-1.10338
0.944359
-1.00555
-0.597358
0.218286
-0.389104
6.37933
-2.67929
-5.00194
1.16151
66.1488
-1.57253
0.480183
-1.40963
20.3467
3.08411
-1.40206
0.853288
-0.818904
-0.333561
-0.0548179
-8.77223
-0.470998
-0.26461
2.44345
1.6511
2.73079
-0.523091
0.376339
-1.3043
-4.48252
-1.25777
-1.86876
-1.04549
6.0074
1.29587
1.95048
2.22353
-0.372443
-3.11579
0.287226
0.344607
-0.288447
0.23375
0.728292
-0.323819
5.65882
-1.95059
-2.41584
0.119964
-5.8144
9.63787
-0.591558
-0.998069
0.646684
-0.882288
1.70757
-2.50236
1.63085
-0.217781
-54.1775
-0.200089
-0.1875
-0.388626
2.50082
-0.583835
1.37687
-0.970478
0.683914
-13.2376
0.899976
-3.46352
-3.01538
1.01902
-1.36435
0.539677
3.50688
2.2466
2.00346
-1.71269
8.93927
0.919466
2.28404
0.469178
-2.36796
0.264278
0.250693
0.247115
-1.37012
-0.0473403
-8.64642
-1.38554
-17.6754
2.93462
0.347336
0.534043
-1.65238
-0.663132
2.14507
-0.977325
-0.302242
-1.04126
-3.6471
1.49688
-0.83656
17.3601
-2.9982
0.526738
0.641616
1.42639
-4.07489
1.05472
0.712972
0.803805
0.00899431
-6.49275
-1.73709
-0.87927
0.561786
0.701693
6.75394
0.361324
-1.59483
-1.34683
-1.91132
0.535737
0.455617
-0.0807979
0.629994
0.395006
0.814042
4.2974
-1.89159
1.67308
-1.70507
5.63523
2.41022
0.800858
-1.95521
3.42055
1.80656
-0.0545902
-0.292906
0.141639
43.7403
-0.205625
-11.0292
-6.06091
-1.64594
-1.18784
2.61672
1.88068
0.426516
0.454638
-1.3242
-1.30319
0.607176
-1.12931
1.26803
-11.5355
-0.755628
-0.994239
-0.798376
0.573135
-3.32747
-2.53139
-0.13812
-1.7014
-0.941965
-0.158034
2.27933
0.610038
0.685749
1.63607
-5.57925
10.9375
3.02497
-0.931866
-0.361749
-0.131708
-0.202147
40.9029
0.420473
0.397466
-3.90344
3.92358
-7.68245
0.719012
-40.3066
-0.365513
-0.682606
1.35961
0.219384
3.01279
0.0573597
-0.506228
-0.878336
0.508196
-1.16365
-0.87441
-0.325548
-60.8532
-2.38484
-2.49312
-0.183746
-3.1829
0.00880672
3.17626
-0.0576939
0.767247
1.11266
1.06982
1.5175
0.721177
-0.746947
-1.12327
-4.40472
-1.01078
1.52309
-0.0368553
0.0450842
4.04357
-2.27456
3.52845
-7.60013
0.714621
1.00551
0.649755
-0.245548
0.837193
0.530559
-1.55119
-0.284622
-649.013
-0.355921
1.14641
5.23995
-1.18176
9.01607
-0.919212
0.131354
-1.61491
-12.1761
-0.843725
-4.90792
2.32491
-1.18954
-0.248788
-1.60143
-0.112138
-1.74098
0.055478
-0.0146151
-0.104912
-0.775672
5.00127
0.000928121
-0.0153207
-1.10117
-0.224003
2.46021
0.59612
0.05278
0.39622
0.616359
0.191389
1.52547
-0.96702
-1.16445
0.0369234
-14.2484
-1.46964
-1.27801
-2.16883
-1.27674
0.356016
-1.94739
6.51279
34.1919
1.24513
1.94345
0.599206
-0.602891
-1.03211
-0.133756
0.703057
-0.634803
-0.141815
-0.204126
0.501803
-0.110731
-1.58853
-1.12055
8.46546
0.0899125
10.398
1.39252
7.52162
-0.652689
0.0696468
1.98158
0.148346
-0.812602
-0.063841
-0.687303
-1.32902
-1.12247
-1.51124
0.329499
3.79825
-2.1669
-0.168822
0.131569
-5.57859
-0.656339
-1.10522
-2.87675
-1.95654
4.58579
3.22062
-0.162743
-2.30136
0.553714
-0.472526
-2.21773
2.13704
-0.669794
0.924183
3.04704
0.26221
-0.151328
-2.55054
0.13122
-2.53386
-45.1318
2.27589
-2.70216
-0.608529
-0.563876
1.19482
0.762026
0.501159
-0.140175
4.21363
0.608387
-0.689136
-0.122347
-0.444578
11.1954
2.4385
1.11272
0.179954
-0.907816
-0.209742
-1.57665
1.51496
-0.912867
0.819699
-1.4031
1.21012
1.15846
-3.21411
0.232503
23.6459
-2.24066
0.290166
0.836185
-1.11274
97.9975
0.489335
-0.804408
-1.44796
0.131849
9.54961
-0.657444
-2.17208
-0.169433
-0.204352
-5.88556
1.45112
-0.0804425
-0.677581
-30.6252
0.590394
-0.749681
-0.940949
-22.8914
-5.21863
0.321387
8.47242
-2.03445
-2.33768
0.459422
1.93358
-0.0597309
-3.76793
0.211616
7.95445
0.778861
5.21018
-1.79043
-3.31559
0.13041
-1.9241
3.16246
-32.9074
0.261633
0.555225
75.0134
-1.29175
-0.0813074
-0.759735
17.6188
0.510836
-6.48601
0.304745
2.01892
2.73435
-2.27751
10.6323
0.747221
-0.888917
-0.604568
1.89705
1.35734
-0.0709242
0.674481
-2.19145
0.678714
1.98959
-6.55807
5.76179
0.0759351
0.42069
-2.13791
9.72074
-1.63269
1.37833
0.24406
-18.3939
-1.24384
0.334149
2.42402
-0.980336
-1.53629
197.469
5.28143
-0.354634
0.262388
-0.758437
-0.0864643
0.312232
-1.19156
87.2394
0.544783
-0.112682
1.1885
-0.604887
0.14843
-2.73575
-7.52297
2.10132
0.265842
-0.0102691
0.859714
0.0248075
-2.43116
0.8197
1.78826
0.649607
0.810918
0.858264
-1.67767
-467.176
-0.453372
-0.177313
2.15003
0.923142
1.33981
1.67967
-2.77525
-17.0883
0.516746
1.05299
-1.77002
2.50564
-1.20312
3.02077
-2.19227
-0.721571
-0.402104
0.57423
-0.235893
1.06146
1.99041
-3.70989
-4.05608
-0.132228
-1.3923
0.180228
0.197127
-1.56472
-1.2328
-1.1893
-0.230257
0.713909
-1.13914
-0.4405
-26.1725
-0.710386
-88.2182
1.08742
0.264078
0.571901
0.0615024
-0.649175
0.799694
-0.818162
-0.248937
-0.78189
0.475614
-0.342987
-0.558651
-0.344884
0.612212
7.15525
5.43133
-0.0916064
6.55377
-1.1375
1.15293
0.33945
-3.48354
0.31715
0.310915
-0.363097
1.71908
-0.670568
-0.00255528
-1.17102
0.917653
22.4501
0.963189
3.88699
0.103088
1.27536
0.540248
-8.57589
0.795399
0.827484
-2.0973
-0.0177837
-1.14641
2.18197
30.9728
-4.40337
-0.326536
-21.6321
-0.389878
0.109195
0.0097297
3.45332
-2.84274
-4.8293
0.725754
-1.04459
-0.988735
-1.0038
-0.789967
-1.09527
-0.34245
0.716808
0.677754
10.3946
1.53522
0.494452
1.51834
-0.396556
0.775151
-0.044713
-0.0715708
5.88066
9.21522
-1.31123
0.854085
2.11177
-104.281
5.64302
3.13014
5.13954
4.3603
-2.16563
-60.2621
0.40087
0.412713
2.56794
0.913058
3.72572
-1.00468
0.4609
2.3844
-1.23237
0.97115
-0.630132
32.0566
1.8816
2.57517
0.53831
-0.773937
13.3317
-0.829131
-0.237001
0.232059
-0.876533
-0.536539
-0.47533
0.605663
3.40289
-7.40706
0.567909
-4.71041
0.881413
-0.701355
-1.86007
0.174017
-0.510162
1.38979
-1.0566
0.916685
7.98477
1.57061
0.753411
0.579775
0.130531
1.90192
1.69107
-4.23917
0.0849512
6.54107
-1.28212
-2.0062
-0.791675
2.66059
-0.199434
55.3925
-1.25515
-0.0207417
3.1448
1.31347
-5.50851
-1.88506
0.755638
4.30575
274.798
0.0894236
-175.901
-0.279515
-0.0574653
-0.872633
-39.0847
-0.112584
0.327063
2.92295
0.589437
-10.4748
-0.714504
0.266066
-0.21021
-1.99084
-132.926
2.28987
-4.40815
-1.31751
0.789222
7.29339
-2.87317
1.35586
-1.51389
-1.26528
-1.21927
-0.433314
1.94607
0.734406
0.178115
-0.38677
0.227509
0.867147
0.0528869
1.24391
-1.44864
-0.0134702
-3.72533
0.416006
5.25966
-4.68237
-8.11076
1.04255
15.2351
-9.62803
-0.240285
0.58233
-0.169888
2.46302
-1.92592
-0.254761
-0.460965
-0.137017
-0.642587
-0.162736
1.05575
-2.27688
-0.356287
-1.37783
4.19197
1.40637
-0.35949
-0.936111
-0.452271
1.73056
-11.2997
12.6326
0.120538
2.90914
-0.312975
0.115095
-0.152521
3.80066
-0.569948
0.0177633
-0.642128
0.726816
-1.06803
-3.16913
12.5956
0.405567
2.33469
-0.0440894
-0.201128
1.01382
0.152284
-2.12424
-1.95629
0.970874
-1.32412
-0.14653
3.33802
-9.48998
0.223906
0.111045
-0.274288
-0.456806
2.95692
0.658462
-1.46314
-22.2377
-12.5544
-0.98639
0.730322
0.534977
-1.18369
1.24918
2.02848
-2.02067
0.27137
5.59923
-0.795824
1.65189
7.47265
1.06753
3.61851
1.21631
-0.436035
-8.15485
-2.67543
-0.430273
-1.22821
-0.543165
-0.83038
-1.62121
-0.744871
-8.85318
-3.63505
35.9412
3.58089
-1.62323
1.02735
1.34022
-0.0240862
-24.219
-0.830043
-4.54287
1.82727
0.154474
-1.88688
-12.639
-0.400062
-2.47666
0.704363
-2.66027
4.41216
1.00366
6.66132
0.673678
-126.509
-5.37264
1.54645
-0.134551
-0.180929
1.37472
-0.245202
0.0230368
0.138343
0.784109
-0.00266666
0.654496
3.20015
-6.61589
0.679216
-5.21762
0.190873
1.10138
-0.27175
-0.423983
0.634138
-0.160373
-4.74395
-257.655
0.788333
0.870337
-3.37415
-0.695624
0.0590951
6.62594
1.02204
0.386942
0.295532
-0.2222
-0.151696
-4.95137
6.45897
-0.216298
0.438249
-0.561251
-0.650698
-0.635541
-8.19755
-0.553484
-3.56259
-0.34198
-1.06889
0.606613
-0.418094
0.686761
-0.515889
-0.364542
0.404396
-1.09854
0.780949
0.504138
-1.50555
2.42373
-0.205317
-1.48872
0.0558813
0.0219317
-0.424999
1.25447
0.457128
1.10021
19.5931
-0.916667
0.753581
-0.0568287
0.626476
3.74994
0.415831
-0.249128
0.607392
1.29827
0.0139775
4.41625
0.236422
-1.99861
-1.41421
0.460523
-0.148819
-1.84391
17.4798
-2.65983
-13.9867
-1.78173
-0.28878
1.75808
-1.46232
-12.2327
0.248325
-0.192071
-0.475962
19.507
-2.50555
-0.395537
-0.539732
-0.559813
0.250721
3.24718
3.01837
7.85317
0.574304
-0.46594
-0.169392
-0.217929
3.98827
-308.862
12.1004
-0.151754
2.0209
0.981147
0.219808
0.695235
-1.07028
0.220244
6.82961
9.48848
0.186593
-0.166693
-0.265317
1.06855
0.102879
-1.60955
-1.33933
0.27228
-3.1991
-2.31259
-9.06982
0.266141
-1.74107
-13.8045
2.06785
0.400613
-0.52233
-6.94117
1.57413
-1.50784
0.943585
-0.916435
-4.64671
-1.83812
-0.786227
-152.855
0.199651
-0.298854
2.97215
-0.776512
0.48793
1.30317
0.46349
-1.89816
1.47929
-2.17424
1.70067
0.394295
-0.86629
1.58566
0.270867
-1.66492
-0.580065
0.306512
-15.5038
-1.13451
4.27579
-4.32099
-2.24347
2.74343
-45.8181
1.10582
-0.349644
1.0166
0.802577
0.0556502
-1.1848
-0.418113
-3.76763
0.746345
0.758714
-0.833625
2.42581
67.3259
1.41286
-0.671483
6.88033
1.11771
-1.86602
-0.997607
-1.07825
-4.97938
-1.06361
-0.668132
4.67062
-2.41382
-0.0923185
-1.90248
0.187821
0.489414
-0.581383
-0.116228
-4.25755
1.73522
-15.876
-1.3705
-0.294586
-0.722282
2.38091
-6.91494
0.711662
0.574528
7.81774
-1.58064
-4.58188
0.555083
0.532095
-0.0392423
1.4292
0.461463
1.24685
0.669418
1.39954
0.808613
1.12349
-0.853168
0.72931
0.196458
-3.63106
-0.414641
-19.3229
0.993029
-1.5474
3.35097
6.05974
-0.366742
-0.0721359
0.121519
0.129293
2.01014
0.338808
-0.999517
-0.265306
-4.9958
0.298627
-0.168292
3.24815
-0.305569
0.909187
-44.5494
23.9647
0.666847
-0.971249
-0.0506836
2.49932
0.0564494
-3.13152
0.140352
0.882076
-0.41336
0.0470001
1.31214
2.03099
37.6138
-7.5085
-0.0112423
1.36351
-0.0236532
-0.521047
-2.96089
-0.917994
-0.0702124
-3.72103
-6.60353
-0.148286
-1.84497
-1.49757
-1.18165
0.466684
1.15974
5.22115
25.5825
0.000166844
0.605335
-1.08425
-1.40966
0.206577
-2.29209
0.430029
0.151542
0.0742494
-0.31567
-1.063
-264.23
0.129951
-0.0476432
-2.56407
-1.00306
0.632357
-2.02808
10.341
-0.615974
-0.148429
1.61481
3.69041
3.44389
-0.137544
0.0558793
-0.961287
-2.00897
0.512555
-2.23381
1.24776
-6.66859
-2.86631
1.17166
0.703227
-1.01958
-9.69469
0.264573
-0.297705
0.389985
-0.527588
0.334336
0.512685
9.7165
0.501767
0.143138
0.438512
-2.39615
1.77461
2.70403
0.384503
-1.68352
4.00502
-0.258206
0.600364
-4.44904
-0.162958
1.0333
-0.393274
0.161367
3.22187
-2.06505
1.47729
1.07801
-1.47831
-1.34083
-0.188563
-0.56533
-0.133889
0.939045
-76.042
-0.213139
8.07872
-2.95755
-0.139081
0.172911
0.0416149
0.350644
-1.28592
-0.0374216
2.99481
-0.501479
-0.962514
0.698394
1.4366
0.790332
0.99147
1.55776
0.364804
-0.841775
0.422452
0.456906
0.44989
-1.79725
-0.183656
-1.2404
22.6362
-1.44528
4.75587
0.931026
-4.38469
-0.358994
-1.44034
-4.75108
2.06155
-0.0533381
-1.56911
-0.593593
1.26175
1.32004
-0.605235
-0.571529
1.29523
-0.433414
1.99845
2.32709
-1.36031
0.154873
-4.05186
-0.63714
-0.263939
1.81968
-0.318197
-0.28821
-0.425025
-0.475849
2.5744
0.0563206
1.38242
-11.6173
0.143709
-0.938172
-0.0259882
-2.41637
1.39703
0.29041
-2.17485
0.790865
-3.12225
-0.230441
-1.67656
16.4893
0.106445
-8.22032
-0.129081
-1.0506
1.17871
8.36831
0.336829
0.891752
6.52802
0.432192
-0.175421
8.31224
1.03737
0.0788605
-0.0634573
0.265469
0.608903
5.01896
0.0417652
-0.456176
7.91795
0.287904
4.64157
3.11231
-1.27108
1.7214
-6.06212
3.57709
-0.0679964
-6.26936
-0.33617
-2.02222
-0.816691
0.520164
0.29576
-1.5952
-0.517252
0.451668
-2.23735
0.799422
-0.428286
-0.324123
3.77343
0.00290738
0.288027
-0.679009
-3.20973
0.948711
1.13662
-0.364419
-0.210615
-0.301463
-0.84626
0.597879
0.528224
-1.15903
-1.03171
1.23927
0.428814
-0.952418
0.10762
-0.254259
-1.9387
0.271025
0.0765505
1.39684
-0.646914
-0.39998
-0.706842
0.701782
-5.55725
-6.7703
0.430535
-0.588929
0.207389
-0.0519658
-0.533
1.26684
0.597043
-1.4398
1.16382
-0.582162
-0.591711
-1.88771
0.275898
15.2662
-1.69592
-0.388044
1.06556
0.250326
0.652229
1.57711
0.349992
7.66282
-0.698339
-105.091
-1.09443
-0.418102
-1.76074
-0.563446
0.327755
0.722787
0.862577
0.0795013
-0.663606
-0.0576121
0.00404761
-1.68405
-0.699419
0.0106129
0.341489
-0.757733
-0.648608
6.64308
-2.42303
2.12591
-0.288907
4.08587
-20.0058
-19.5196
1.14627
-0.149567
-0.695214
4.22429
-3.77856
0.586865
-0.171394
2.51092
-3.75851
2.1337
0.3865
-0.542568
-1.1272
10.474
-0.835374
0.966615
-2.15438
1.40694
1.44035
-0.980998
-2.85046
11.3611
0.893381
0.351333
-3.12904
-0.577854
0.282418
-12.4866
-2.83823
5.57656
0.0866999
0.0127736
-0.909778
0.117674
-7.90236
-0.618248
0.869272
-0.62279
3.79783
3.83291
-0.423298
-5.65915
0.136175
5.7049
-1.55619
0.900682
0.357551
-1.03244
1.31289
-3.67562
-1.23304
-2.32323
1.83026
1.93033
1.63311
-0.845145
-1.07402
7.12384
-2.25421
1.30062
0.0575277
0.243867
-0.405363
0.00133628
0.604911
7.03362
-5.98329
0.83671
-1.24077
-2.9384
-0.0231273
-0.518941
3.90544
-1.39893
-1.75843
-4.03064
0.662264
0.521075
-1.53586
2.32498
-8.43931
3.59786
0.270123
14.8096
-1.40514
1.68822
0.289666
0.583016
-3.48235
-1.32547
1.28066
-0.538087
-0.401298
0.256501
-1.5214
-1.09427
4.32465
1.57029
0.818591
8.98057
0.810945
-0.584466
-0.599044
4.10264
-0.172213
-0.638613
-0.459837
-0.920944
-0.891882
-3.95718
0.712556
1.84352
1.74988
-1.15623
-1.82184
-0.0151891
0.992501
-0.693271
1.35202
-0.964069
-1.58251
-3.01871
78.2216
1.73483
-20.3883
-0.136457
0.628367
0.612351
-1.15289
8.50518
0.370909
0.531375
-1.21457
-6.43837
-10.0854
2.1756
-0.749858
0.483863
-2.41494
1.0526
0.527807
0.268463
-0.217804
-2.20078
0.380539
3.28377
-16.8258
-0.0656064
1.67833
-1.6478
-0.286829
-0.133806
-0.583511
10.0413
0.309449
-0.30026
-0.421578
0.707282
2.72878
-1.27499
0.418676
1.34451
0.71351
-11.6679
5.51416
3.91186
1.40478
0.935019
3.45377
1.1394
-1.6953
-22.8452
1.12838
-0.404698
0.026255
-0.437421
-8.70192
-12.4608
0.817604
4.88546
-2.08483
-1.00968
0.0134463
-2.07963
0.145052
1.98137
0.778924
-0.828538
-0.174312
0.343205
0.897133
-0.219254
-0.786456
-4.27955
-0.82856
0.902556
1.22997
-0.398579
0.899139
-0.297631
-2.41304
-0.296636
-2.45311
0.634042
-8.45969
1.40272
-0.976713
-0.147335
-1.09827
-0.33355
0.58602
0.0929134
2.7937
1.4359
4.93488
-0.759221
-1.2479
-0.138083
0.198972
-0.13189
-0.232474
0.361672
0.1402
-0.0394585
-18.5925
0.661293
2.61142
1.2327
-3.30303
-0.167638
1.24773
-1.01429
0.0355335
0.732295
-0.35381
-1.38326
-2.45023
0.496226
-2.78111
-1.75458
-4.23557
-65.6791
7.22971
-0.6928
2.374
-0.099863
-1.45486
1.1043
-0.509352
-2.16406
-1.22518
-0.942016
-1.97605
-2.1153
-2.47133
1.812
-0.734198
0.897653
-7.93216
-0.291283
1.44857
2.38228
-0.661372
0.247258
-2.97581
-2.19017
-0.265367
1.14644
-0.421482
1.23783
0.404756
1.2687
0.670254
0.0919955
1.17852
0.155705
0.257145
-0.115719
1.13011
1.60557
1.63087
-0.280685
-1.10135
-0.380253
-0.0330596
0.744544
-1.69584
3.02202
0.37184
-1.89028
1.17002
-0.0568373
-4.80525
0.0977926
-1.2027
-0.933516
2.68493
-0.787815
2.78569
-0.162434
-50.2439
-0.975871
1.04768
-2.38955
-9.76152
-1.09514
-1.02386
-0.876334
-0.105288
0.49089
-2.5968
-38.4687
31.7742
0.162669
-0.785258
0.556759
0.176903
2.02383
-1.52001
-2.42044
-2.74498
-0.123344
-26.3968
0.775596
-1.37105
-0.336621
3.00898
-6.17861
0.396885
-0.884741
-3.9156
-1.01385
2.51633
-0.916961
-0.612004
0.321264
0.385532
0.833511
-0.256688
-1.73642
0.191422
0.802198
0.0336168
0.633515
-0.467522
0.468162
-0.0686381
4.31805
0.988975
3.20603
-0.42301
0.707151
0.618455
-1.19329
3.09024
-1.93626
-2.46742
-3.05934
1.03106
-0.21118
0.729594
-3.72378
-0.213448
-3.43201
3.63257
2.06001
0.0306787
0.331049
-1.46175
-0.875644
0.27125
-1.43497
7.48826
-0.0674607
-0.873573
0.583518
0.868089
1.81861
0.817173
1.3582
0.855466
0.47045
16.5787
5.02471
1.44726
4.686
1.01807
-1.45037
0.00195711
-0.694796
-0.885966
-0.269777
-0.0163521
-0.773652
-0.0410108
0.282924
2.04297
-0.252999
0.220463
3.18576
0.124334
-1.03492
1.30453
2.49153
-0.277236
0.617179
1.02396
1.03999
-1.96617
-0.447602
-3.27292
-0.172051
-2.62764
0.335034
80.9715
0.406921
-0.0653278
1.93531
1.37415
-1.48689
-6.00424
2.96713
-0.58548
-0.329833
-50.1676
-1.00083
-4.21001
6.71732
-0.15114
-0.806954
-1.16385
45.2075
3.87977
-0.217327
-10.8364
-5.30782
-4.04525
0.0330449
0.339856
0.666817
-0.334607
1.16389
-1.52607
-1.13841
1.12335
0.665688
0.753144
0.597535
0.512141
0.0319999
0.0570567
-0.272246
-0.617866
-0.032573
2.70722
-0.118065
46.9198
-0.32115
0.661889
-3.47624
-0.15455
-1.91868
-0.147092
-1.13993
-1.04693
1.7999
0.0512762
0.957201
-7.2328
0.559132
-0.569472
-0.0545709
2.3274
-10.2328
-0.233683
1.67778
60.3023
0.738643
0.607399
-1.56641
1.01655
0.923795
3.71652
3.71898
1.40969
-0.969402
-0.610877
0.172164
-1.23959
-0.598828
-0.144833
-4.25964
-0.821785
0.49516
0.814991
-0.740317
2.0308
-2.19859
2.97113
0.148264
-0.534423
-0.4923
-4.65937
0.955927
7.00718
-1.10074
0.20398
-4.8779
-1.0001
-0.324805
-0.147891
3.87266
1.44904
1.45595
-0.636874
0.275466
-0.436259
-0.843166
0.187445
45.2879
0.110455
-0.278819
-3.36748
0.151312
0.762682
0.253608
-0.0597563
0.289274
-4.57839
3.60291
-0.219227
-0.900701
-12.831
0.338481
-0.462017
-1.7467
-1.59432
8.7401
-0.559809
-1.49922
-0.770877
-1.25111
2.58469
1.04988
-0.298681
-1.94859
-1.2406
-1.53991
8.0093
1.95779
-0.169083
-7.14427
0.438539
-0.0761296
-0.108791
7.98024
-2.37201
0.443282
-1.15257
-0.577864
-24.8996
2.18778
-12.0603
3.79723
0.527846
-0.547608
-1.05968
-0.231506
-1.03635
-0.0611711
-0.224998
-0.329388
0.124613
0.806101
0.240664
-2.65734
2.97767
4.79551
1.96663
-3.00973
3.5312
-0.0488447
-0.633459
-1.03178
-0.960588
1.50787
6.86831
1.2093
0.701215
1.8684
-1.57126
-0.459285
8.73483
-0.705228
-3.19267
0.316556
1.32694
-0.737031
-1.46821
-2.28613
-0.0044663
-0.876518
-0.133666
-0.44991
0.1762
-1.59677
-0.601909
1.45951
56.9732
-1.95714
3.20775
-1.2884
-0.634393
0.569513
1.4919
4.59301
-1.91813
53.0491
-3.46989
-0.140902
-1.60023
-0.549017
-1.11184
1.9271
0.737813
-1.61342
-6.0474
2.14989
-1.7639
-4.08058
-0.938934
-0.432589
5.90504
-0.834493
-5.55798
-1.54798
-4.86936
0.060081
-0.571784
-2.26912
0.286378
0.713458
0.50615
-0.891934
0.274166
0.450798
0.0189188
1.99309
2.38939
-0.467607
0.264176
-2.90779
-0.460241
-0.826398
1.97684
0.208354
0.653047
0.610365
-3.56115
1.16695
0.965551
0.479635
1.72915
1.59942
-14.4381
-0.470834
4.92613
3.30343
-0.0150237
-1.38974
2.38671
-0.1196
-3.61179
6.61102
0.666082
-3.10356
1.2435
0.0338437
0.0295647
0.947752
1.25803
2.27188
0.869172
-0.015429
-0.353358
0.561486
-0.939675
0.309582
-8.43886
3.41881
-0.131577
-0.482334
0.680865
-0.380701
-2.59211
-12.0596
0.467248
-128.002
3.82483
-20.9665
-1.15751
0.416135
0.0910464
1.80111
-0.104802
-1.28394
-1.3007
-0.462071
1.54095
-0.355852
-0.991042
0.721559
0.275451
-2.31387
0.832494
-4.53529
1.22288
0.515676
2.08946
-0.218539
-0.857337
-6.60798
-1.63487
12.1045
3.69964
-0.232432
1.5466
2.30283
0.560762
-0.0747978
-0.480089
1.03784
1.11477
-0.971993
0.114301
0.559637
-1.79679
-4.95047
0.53002
16.3093
14.6315
-0.16539
-0.406748
0.17659
-2.17411
-5.65231
0.944304
-0.815333
0.71834
-0.615726
0.961068
-4.25608
-0.209853
-1.76638
4.71966
-1.50514
-1.81887
-0.172351
-3.93916
0.69504
14.5078
65.3452
-0.0427636
0.00884094
0.375865
0.914006
0.806008
-1.2499
-0.326075
0.446374
-1.37975
-2.1059
0.217573
-0.613546
-0.637498
22.9071
-2.45087
0.698285
3.869
-0.179769
-1.00476
1.14608
2.67993
0.639221
1.67957
-0.674153
-0.126104
2.14402
2.34097
11.5789
-8.53563
8.54009
0.701514
5.92467
-0.301342
-0.571444
9.24847
-49.9527
0.206655
0.877646
0.847148
0.355763
-1.01972
8.30405
0.244804
-53.1481
-132.027
2.43764
4.04891
-13.9137
1.83279
-1.40522
-1.39237
0.336316
0.602059
-0.523242
-0.270876
-8.93473
4.61738
1.19836
0.991842
0.323478
-0.541759
-1.04516
-1.19266
-3.30053
5.82692
3.56981
1.10729
-1.3251
1.47437
-0.700736
1.57591
0.0972779
2.39036
4.85771
254.901
-0.578913
-0.319491
-1.05096
-0.949381
2.02663
0.435417
1.51756
-5.46979
0.366761
12.5897
-0.455052
-1.14514
-2.58617
-0.168553
-0.117858
-0.687986
-0.295131
1.06019
0.278476
6.81061
-1.33154
2.29399
-1.75594
8.10759
-0.0953263
-0.970231
-0.492161
-0.484279
3.20439
0.187066
0.410521
-0.91316
0.0947419
0.682288
1.02496
-0.0407421
-2.64569
-2.72883
-0.395786
3.92448
-0.236244
3.90068
-3.28342
-1.37361
0.0537618
-0.539345
-1.57141
-0.0260751
257.769
0.370066
50.4141
-4.16103
0.332197
6.49614
0.826257
-0.0757405
0.922461
-0.919897
0.0381925
-0.935714
1.32677
0.511261
0.1912
-2.14129
-0.498099
2.09519
2.44134
0.816154
-0.823329
-1.62664
-0.866083
1.98353
2.06006
-0.209868
-0.333897
-1.37171
0.810658
1.67923
0.795036
-2.92671
-0.511071
0.575858
0.080405
0.345331
-0.579374
-1.26615
1.12221
-0.414012
-0.996795
0.053346
-0.38241
-1.23729
-2.27549
0.719855
-0.0484467
0.103091
-12.7713
2.03791
-0.241467
-9.66513
-1.68155
-7.02749
-0.173493
-4.04596
-2.68338
0.211748
7.52034
-7.83494
0.798464
-0.481832
-0.564746
-0.581392
-2.91398
0.89242
-1.91218
3.03335
0.646166
3.47212
-0.068871
3.46023
0.264324
0.0719926
-0.223687
-1.92055
-0.726266
1.69876
-0.223382
0.408487
1.30265
-0.44772
0.315391
-0.366993
5.93129
-1.77468
0.76969
3.50895
3.71932
-4.48035
1.25761
2.63985
-0.297282
-0.859982
45.6168
-0.04618
0.867986
-2.44426
0.558139
1.92805
0.108038
-0.164072
28.6227
2.63094
7.44875
-1.45682
1.11606
-1.50316
8.42057
-1.33346
-68.1496
-0.924328
5.43793
1.68878
0.312876
-0.741374
-0.642418
1.66755
-0.515706
-0.241135
0.9822
-0.928495
0.845809
0.461032
4.00693
1.22019
-0.573018
3.67511
-1.69933
-2.66251
-0.215156
-0.591241
14.2381
0.857125
3.57466
-0.496395
-0.605203
-0.390018
0.142108
2.02217
47.4051
-0.266217
-1.33546
0.402849
-0.418821
1.55285
-0.27482
4.58231
0.302077
0.849324
-0.000940245
-4.07097
0.632697
0.93137
4.93477
-0.11379
0.19553
-0.356136
7.21141
0.327197
0.084467
0.872404
0.588342
-1.02748
-3.1095
-0.588449
-2.13308
0.356027
-0.405456
0.108772
-0.550461
-0.199418
-3.81073
0.0770838
-3.90666
-0.588927
-1.11432
0.554334
4.10234
-0.883408
5.07302
-4.20812
0.607685
-1.04894
0.190297
0.363563
-0.638641
7.68766
-0.534754
7.7537
-0.837094
-0.118072
0.752104
-0.97762
-6.57057
0.343192
0.477576
-0.676359
-34.1266
1.06198
4.11281
-0.610306
-1.61931
-281.239
-15.7907
3.678
-0.965694
0.869588
-0.737766
-0.696452
-0.212906
-5.24023
-0.0549291
-1.23728
-1.05664
1.04826
-0.606767
1.18439
-0.912767
-0.0621545
-0.453529
-0.245823
-0.913768
0.208356
5.85375
-8.96855
-0.0956756
0.430312
-3.92196
-22.6988
12.7315
-3.55156
-0.434119
-29.8407
-4.42377
-0.86279
-0.689669
0.0985845
0.51326
-7.91242
3.00637
-0.294381
-0.268471
-0.190954
0.0327562
-0.774171
0.595955
1.19049
-0.05272
-0.887372
12.7052
0.671539
0.232844
1.65313
0.700782
-1.66018
-2.65956
44.2807
-2.19968
-0.103561
-0.972008
5.61591
0.728595
-0.897457
2.48039
0.118434
-0.47323
-0.0245027
3.64031
-1.63511
1.9491
0.58721
-0.427035
1.40185
-0.444331
1.58039
-4.37323
-0.496759
-0.639856
0.637349
-1.83212
-0.502876
-0.141275
-3.58113
-1.43897
-2.03976
0.863316
-0.335701
-0.656567
37.7265
14.8155
51.2558
-0.158929
-3.06126
-1.45707
0.734644
1.97892
-1.30782
-0.34362
81.6234
-1.33849
-13.6028
-0.217309
-0.278735
-5.01999
1.19707
1.85708
0.387648
-0.603855
-0.0828194
0.0863884
0.631178
2.13259
-0.222238
6.53317
-1.53655
0.811884
0.443215
0.453895
-0.0215354
0.178749
0.110544
-0.249696
-1.32686
-0.143082
0.154743
14.64
-0.498688
-1.92265
-0.26891
-173.642
0.318993
1.24793
-1.32703
0.665516
0.749191
-1.73347
-0.154515
0.644078
-1.22445
-1.83181
0.481302
0.211989
-0.471324
0.392075
0.709112
-0.567249
-0.978193
1.02297
1.38829
-0.383314
-15.7633
-13.3755
-0.5908
0.125719
0.821181
0.54468
0.958734
-1.16584
-0.0140895
-0.266515
-1.29265
-2.2347
-1.12432
1.97337
-1.36101
1.34655
0.191195
-0.797156
0.156947
2.7309
-2.60719
6.87487
-0.0494283
1.7043
-2.44883
-0.537434
-0.21872
0.394835
0.512549
-1.24281
0.166277
0.44483
0.627947
-0.789987
-2.51076
-0.0346712
-5.0376
-1.65676
4.194
-0.614031
-3.32472
-1.10329
-1.365
0.7126
-1.11343
1.80658
-0.343832
0.978696
0.16745
0.787541
-1.29316
0.322947
-2.50484
-1.01676
0.379421
0.112504
0.922292
0.975421
-10.0137
0.223503
0.752932
-0.218393
-1.69697
0.0921286
0.798108
7.21414
-0.744327
1.43928
-0.565494
0.0787484
1.03032
-0.400471
1.93533
-0.834629
-0.508867
-6.90591
0.564158
1.83137
1.81076
1.37714
2.19237
-1.79301
0.260038
0.561737
-0.249763
-0.211818
-15.071
1.10097
22.0448
2.34888
-12.3153
0.36788
0.139723
-0.328209
-1.50462
0.322847
-2.88526
-0.0830082
-6.02678
-0.677777
-0.0996091
-1.12757
13.3098
-1.76674
3.21525
-1.20603
-4.62393
-0.25214
-4.64331
-1.00192
-8.03096
1.27129
-0.0538165
0.157038
67.8992
2.29116
74.8516
1.00939
0.693996
-0.424577
-1.35032
-0.943151
0.402112
1.9167
0.507524
0.484227
0.764545
1.21808
-0.689211
-0.832516
5.17856
1.23349
-100.352
-0.343488
0.0552422
2.11807
1.37355
3.90225
-0.215151
3.40335
0.236486
-0.330611
-2.78138
-1.56097
-4.12693
1.31598
0.96151
2.20775
0.318315
-0.4882
1.12371
-0.458053
3.6969
2.73975
-0.241285
1.38925
0.397205
1.09065
0.387396
-1.05541
0.861954
-0.825823
-11.6037
-1.85833
-0.896415
-0.596986
1.39
3.50955
2.87368
0.265958
1.50983
-0.245743
-0.573418
-4.16681
-0.634134
1.33395
0.440377
1.67614
-1.24423
-0.439543
-2.59653
-5.96072
-0.374612
5.66166
-11.6491
2.28116
0.00571618
4.25626
0.315476
0.185908
0.017023
-18.0236
8.0182
-5.90517
-1.53051
-0.191741
-9.77942
-1.0936
-0.292012
-0.614838
7.47861
2.11075
-2.25897
1.8621
3.23099
-1.86011
1.82161
-1.1049
-1.15327
-11.3568
-1.28851
-0.605522
-2.01437
-1.56349
6.60163
-2.34986
-0.905098
-0.444013
0.18154
21.9862
4.49448
-45.3459
-0.187861
0.782211
0.000936117
2.19831
0.65146
1.61293
-0.746526
1.32594
0.530214
-0.835069
1.18979
0.347946
8.41092
3.69852
0.338527
-0.318579
0.930887
-0.0162001
-2.01352
0.0493916
-0.698116
0.337123
2.10135
0.0154661
-1.17392
0.971415
2.08844
-1.17771
-0.736904
-2.21907
1.39064
0.771133
0.233821
0.704827
-1.90589
-6.80891
0.47482
-0.693421
-0.175557
-2.00552
0.705825
0.73185
-5.2086
2.15288
0.380495
-0.165222
0.259864
-5.89149
-0.616053
-0.521659
3.81254
7.61251
-0.317398
-0.871834
0.38052
-0.455904
0.399686
-0.560495
3.12504
-25.5638
0.799416
0.0465242
-1.71851
1.82678
0.219279
-0.180154
-0.747297
-0.267913
-1.3573
-4.29386
2.33795
-0.150823
-0.601285
-0.142495
-0.727226
-1.61285
1.12267
0.210181
0.580998
0.622511
0.333848
0.113492
1.82673
-0.209477
0.0445806
-0.228282
-0.682407
2.53678
0.473891
0.43941
-0.61604
-0.780332
-0.00819261
-1.98873
3.43984
0.277165
0.0375645
2.53047
-1.43003
0.222509
0.601875
6.03762
3.87461
-1.19596
1.57415
-0.362465
-39.0792
5.01743
3.21253
-0.346116
3.75112
0.851156
-1.28602
6.36184
3.38885
2.42526
-1.89038
-8.77179
0.752896
0.108813
2.25191
5.02533
9.12585
-3.67518
0.0836597
4.61597
-2.24277
0.214622
-0.56969
5.4793
0.219137
-0.519609
-2.23303
95.448
-0.473207
-0.118589
-0.732345
-6.36868
1.44918
-1.69735
-0.114534
-0.75623
-1.15145
13.3402
196.261
10.4165
1.89762
-0.951023
-1.57768
0.810064
0.0477252
0.328052
-3.5506
1.48217
-45.007
0.606492
0.333443
-0.341881
-3.82163
-0.662468
-2.00721
-0.912133
-0.754435
0.0506508
0.0665507
0.0106306
-1.34229
0.501123
-2.6728
0.678313
-0.295785
-1.46012
0.577463
2.61253
0.706575
0.3736
2.10427
0.136635
-0.119013
36.9798
-1.31653
-0.108419
-2.76728
0.660015
-1.55684
0.339694
7.42904
0.968235
-4.59381
-0.105006
-0.136022
-33.5589
-0.326125
0.489526
0.360426
1.15837
2.12645
-1.61021
-2.21563
1.65866
1.39384
-2.16859
2.07505
1.20511
0.419984
-1.44965
1.74174
0.963182
0.324018
0.5789
-0.463079
0.411031
-7.05249
-0.478467
0.236743
-2.67123
-1.65264
0.999894
0.123592
-2.09924
-0.31633
2.09236
-1.55116
-0.674875
0.93746
0.395412
1.28144
-0.865216
3.82026
-0.898581
-0.382143
0.368464
-1.85892
0.00818543
1.35024
-2.48107
0.186051
0.0471118
-1.36749
0.938288
5.80967
85.48
-0.0886076
-0.452568
-0.232287
6.01203
0.615961
-0.0909615
2.80898
-1.77229
1.92787
0.515383
1.64166
-2.10615
0.745533
-2.80212
-0.813497
-0.339382
0.790557
0.0466521
-2.90763
0.962918
0.772552
-1.27318
-0.505134
6.76981
-0.456611
-0.887784
-0.351395
-2.5897
-1.32526
-34.1758
-0.736853
-0.0537218
0.751386
-1.00164
-1.2061
-0.0411953
5.70455
-1.02662
0.664993
0.756833
-0.568372
-1.46854
0.847859
0.481535
-0.12125
0.299449
-7.18564
3.1972
-1.45656
1.92218
-2.20873
-0.350178
-0.0572619
2.01093
-44.2556
-0.971215
-0.268359
-2.76041
-0.523086
12.5757
-1.37165
1.7132
2.43276
1.06193
-0.0539656
0.661964
0.133259
0.632476
4.82178
1.74489
-0.639718
-1.34819
0.953056
-2.09687
3.92889
-0.51331
-0.864983
-0.492658
1.2457
0.670847
4.6985
-0.315611
-0.0534675
-2.23494
0.158846
-4.57344
0.494694
-1.81562
4.02478
8.75572
0.693428
-0.272492
2.85957
-0.168984
1.55856
-10.2725
1.83619
-3.22327
1.02493
-1.68328
-1.06028
-2.29188
-0.0358696
0.0987216
-1.31838
-2.29562
1.0139
-1.85588
-0.134903
-36.3428
-5.50128
0.618334
-0.601999
0.650598
0.587511
-0.107496
-334.282
0.552188
1.99472
-0.443964
-0.180563
1.45684
-0.933039
-1.55183
0.409006
0.105414
0.418881
-0.1829
-0.870027
-24.0476
0.199927
2.62961
6.9408
-3.6285
-3.22717
0.444286
-1.44424
-0.369964
0.224123
-1.03344
5.77332
19.7577
2.80805
10.3206
-4.1398
-7.3581
-0.0693856
13.6226
0.213254
0.352687
-0.692913
0.288683
0.216265
-0.0216
0.817998
1.02688
-4.8291
1.38163
-0.179159
0.269071
3.19034
-0.264724
0.0962389
1.08945
1.54015
0.0713057
-1.80063
-0.174195
-1.96946
4.1263
-0.246539
-6.58257
2.48608
-4.51185
1.78062
0.212365
-0.197582
8.49766
-9.65017
-1.44675
-0.601583
1.45279
-0.91338
3.82707
-9.97907
-0.40526
-1.02472
0.908875
0.389358
2.64276
-0.48321
-1.19827
-0.0540206
5.53497
3.23594
0.363535
-0.821665
4.40669
-0.838809
1.23889
0.0652904
-0.371428
-2.27526
3.02766
0.467455
-0.365984
-11.4748
-1.879
0.503342
-3.67046
-1.96372
0.1584
-5.21818
0.643906
-1.59917
0.981128
0.392169
16.5113
20.5318
1.26364
-0.744708
0.197113
-0.628218
0.853014
-3.09703
-0.755916
-4.13778
-1.13862
-0.277546
0.525202
0.0256677
-1.30963
-2.01135
-0.411612
-1.40072
0.172519
-0.452368
1.02749
-4.65495
-0.0674459
80.1387
-2.84218
0.906667
1.15916
1.43112
0.208468
0.092829
-1.94648
0.30301
-0.100703
-1.09137
-0.408316
-0.832887
-0.422758
1.52082
2.37903
-3.49791
-0.777539
0.878884
0.852359
-0.173016
0.122877
1.61722
0.547195
0.0737592
0.990827
-5.47441
-0.324373
0.644718
-1.35712
-0.41375
-0.097564
16.1367
6.61805
-0.430721
-2.00371
-4.03178
-1.02208
-0.267858
-2.63126
-0.158894
-0.874971
-0.902722
-1.11406
-14.4342
-3.93471
0.23299
-1.40994
0.478348
-0.665221
0.474073
0.364424
2.23587
-2.35877
0.255143
-278.73
0.0807784
0.189145
-0.320682
-0.313392
0.416961
10.5586
1.49556
1.4862
-1.70288
0.108238
-0.0219924
-49.8348
-1.15725
0.256361
-8.43255
0.324421
5.75407
-0.952163
-0.7806
1.81816
0.207378
-13.3574
0.299621
-3.41331
-1.49061
0.296053
0.445964
-13.3623
-0.178831
-22.3005
0.0608066
1.83734
0.62749
-0.513744
1.02957
-0.809148
0.401754
-1.23543
-1.85612
0.566407
-0.328132
-0.443309
1.88363
-0.249103
-0.0732882
21.6636
-1.25322
5.83191
-4.62298
-2.85753
0.85951
12.4734
2.17977
-0.234172
-7.45167
0.763735
-0.715307
0.606353
2.05717
-1.57845
-0.801899
-2.68424
0.025808
-0.858929
1.00613
0.313136
-0.337444
1.07921
0.295167
-0.858364
-0.179516
16.8991
6.23836
-1.64561
-1.87975
0.107693
-12.3118
5.15615
0.733245
-1.42109
-0.0128796
7.44692
-0.693978
4.86987
1.12623
-0.393114
0.896894
0.110842
-1.25805
-1.81371
1.00117
-0.445478
-0.442633
1.62433
-0.862086
0.267533
3.93219
-12.2751
-0.545936
5.30839
13.1024
1.14138
-2.78366
1.39716
-1.47308
0.101694
-1.25389
0.516353
-0.174394
0.459195
-1.18463
0.996914
-1.03805
-1.46462
14.2461
0.158445
-1.04441
-0.506671
-1.99007
0.763461
0.212559
-0.513139
-0.296286
-0.0602254
0.71947
-0.772026
-0.378601
-0.750315
0.0478598
0.0233102
-0.0867014
3.80723
-1.67633
0.548822
-0.796028
-0.91373
-5.40298
-3.82408
-1.9146
2.37122
0.844975
-2.74763
-1.23746
-0.729827
0.393296
-0.361238
0.606199
-0.421628
2.69128
-0.316979
-0.511629
-1.06606
0.269271
0.09414
-1.15521
1.2752
2.5327
-4.88523
0.409436
-0.670784
8.31059
0.153963
-0.468791
0.413955
1.32104
-3.83424
-1.25595
0.702935
3.60954
1.27401
-1.75306
0.0439652
0.107296
-1.37886
20.0481
-1.41074
0.214839
-58.6884
-2.54976
-0.726548
-0.268945
-1.23707
2.5415
-0.0102328
0.75961
-0.575452
0.224715
-21.0337
1.00511
0.534373
0.288237
-0.783799
-0.185747
-0.867721
3.45566
1.29972
-7.03732
1.1133
-1.20771
-2.53685
-2.56875
1.08746
1.61749
1.11516
0.579433
3.15503
4.17017
-0.08395
-0.965385
-14.2766
-11.9981
0.170582
-0.13197
-3.92955
-2.74002
-0.136315
-34.5317
-0.32119
2.37316
-0.0603546
-0.188546
-1.84796
-1.1677
-6.81157
-2.37004
-0.253914
-42.8941
1.26137
-0.999015
-1.80511
-1.86486
-0.957402
-1.03242
-2.33786
-0.562379
-3.05029
-1.10388
-0.556015
-12.5162
-0.428195
1.99479
-1.47842
0.967035
1.53575
-0.0589079
-0.949574
-0.136305
-0.265944
-5.2775
-5.7803
-1.82689
0.87148
-1.14892
-0.679278
-0.381453
0.384624
0.286059
-79.9972
-1.19203
0.619457
0.654477
0.502397
-1.58363
0.911394
1.48157
-0.981522
0.536203
2.60736
-1.32264
0.0780735
3.97591
-0.410118
0.842964
1.01544
0.926285
0.590026
-0.424732
0.630754
0.385881
-1.59774
-4.51182
-1.0099
-0.0979739
0.379665
1.51506
-0.909839
-0.57032
-4.44628
-0.10183
-2.77791
0.029519
0.215088
0.0704992
1.57776
-0.0742429
-0.928147
-0.629016
-0.712473
22.6971
0.942333
0.26389
-0.134983
1.04891
0.987009
0.882126
-0.347558
-2.56175
4.00076
0.218261
-0.265758
0.382793
-3.84071
5.67068
-1.19799
1.7874
1.76936
0.416032
-2.21376
1.35785
0.313804
0.623272
-2.46586
0.186326
-1.47021
-0.821438
-0.513855
-2.34002
-3.81141
0.470963
-1.51545
0.178592
-0.632728
-0.110676
-1.16389
-2.06586
0.00589047
0.515649
2.159
-0.628916
-26.1874
-0.689519
1.85
-0.0662799
1.33508
1.79409
-0.7308
-1.15574
3.60744
-0.820747
0.764029
0.0981322
0.251095
-0.457895
2.4249
1.52758
-0.137152
-2.09256
9.05827
0.655087
-14.913
-0.162835
0.916269
0.861136
1.5703
2.08389
-1.54915
-0.201245
-5.00884
-0.1969
-16.4951
-0.837266
14.6674
-0.0149698
-0.196946
-0.720698
-4.25882
-0.598441
-1.04222
-0.127714
1.63575
1.22738
2.52571
0.56537
1.815
6.62882
-1.34306
0.372666
0.0946542
0.711878
-22.7703
-2.18069
-5.9178
-0.782043
1.47271
8.01758
-0.413307
-0.841913
-0.0261603
-0.918289
0.214569
0.028822
3.70055
-3.33657
-0.348941
-3.30119
-0.596386
-1.09217
-4.19056
0.54769
-0.812873
3.0416
1.50839
8.47172
-5.73681
0.089644
-2.3416
-2.71158
4.92372
3.8925
0.106162
0.176713
1.51126
0.451042
0.199128
3.53379
-1.1527
-5.11942
-0.705525
0.825889
6.71968
-6.36617
-0.198267
1.30883
1.84379
-2.78205
-6.7922
-0.588927
3.89182
-4.31994
2.48219
-0.459465
-0.143494
8.20582
0.794698
0.513655
3.76801
0.156547
-1.43482
0.499502
-1.95989
-0.985353
0.34944
-0.618838
-0.936657
0.724555
0.242499
-0.579829
2.6823
0.493102
-0.0548206
-1.27042
5.57874
-7.42747
-1.99795
-0.644732
-3.06331
1.03961
-1.68486
-1.57912
1.91107
2.9334
-0.357848
-0.790916
5.76982
2.29547
3.25574
-2.259
-0.153556
-0.263562
0.27996
-0.496454
-0.973161
-0.720478
1.36155
-1.33053
-0.910556
-10.845
0.562449
0.323613
1.46563
3.46157
-2.56815
0.366541
2.79065
3.91165
-1.2241
2.42047
3.18567
-2.01588
3.25333
-3.08961
0.386249
6.81363
4.01143
-2.70142
19.1102
1.06778
-1.28564
2.67991
-4.37927
-0.218968
-0.680246
-5.11901
-2.13114
0.643928
0.435029
-1.26137
-0.853332
-0.777217
-1.21481
-2.37317
0.220751
0.156629
-0.797414
-110.867
1.14262
2.09561
-0.50502
0.0150733
-0.158694
0.27094
-4.43624
-0.624701
3.45604
0.851411
0.0413656
-0.774085
0.637814
-1.11044
-2.8148
8.3492
-0.351793
-0.261171
-0.997058
2.19798
-0.411288
-1.60345
0.819453
-0.31671
-0.842553
-0.410521
1.56566
1.71056
-6.40407
-1.13893
0.631291
0.188131
1.76682
0.968355
-0.447747
-1.39093
0.289212
0.133593
4.52563
0.551996
1.39916
-1.2793
-0.324618
3.15174
-1.59052
12.3971
-1.13074
0.201849
-0.0323137
2.84181
0.256008
-2.95914
2.34922
-0.340091
0.57376
-3.75025
5.31534
-0.220648
-18.4273
0.725209
-13.9886
-0.559781
1.21603
0.923202
-2.16676
0.107625
2.38375
0.554498
-1.34358
-9.36403
1.31637
-0.309174
-0.590257
4.723
11.0848
6.17279
-3.31408
-3.2723
-1.12073
-1.9717
1.37619
-5.75663
6.35237
0.501651
0.671747
-0.400338
-1.27963
-0.507473
0.098678
1.38718
19.7181
-0.401434
-2.33315
-0.756031
-22.3904
-2.2248
2.63218
1.36201
-0.916679
0.300419
0.319871
-0.302468
-0.104145
0.32491
-0.0282601
-0.982745
-1.38335
-0.740162
-4.83203
-0.297886
1.62408
23.4669
104.318
-5.84697
0.647281
-15.6727
0.736592
12.5776
-2.86416
-2.75096
-0.378684
-0.386103
-0.213767
-3.36739
-0.702786
2.05193
3.85901
0.287234
9.97836
-27.854
-0.566971
-0.441614
-1.34589
-0.0821039
1.36492
-0.54393
1.14969
0.393617
10.2718
-0.207667
0.794534
13.4535
-1.84465
-3.87881
-0.56154
-0.548404
0.213999
-0.291461
2.01259
1.40224
-11.3396
-1.24839
0.638041
1.10802
-5.90796
6.9195
0.330557
0.224884
3.50344
-0.11437
-0.12571
-0.0472558
0.709477
1.36924
-5.29038
0.955194
2.03522
0.366729
0.395171
3.08156
-0.440897
2.62759
1.06471
0.243923
-0.215738
0.0197432
-2.54827
1.03899
0.56009
173.012
-1.36416
-0.703351
0.286194
0.833861
0.114213
-1.27909
0.687634
0.301306
0.334439
0.359054
2.94807
-9.22924
-8.56076
-0.311803
0.930655
1.04324
-1.87645
1.31688
-1.6754
1.05714
-9.34559
7.56783
-20.9611
-3.0334
-1.32584
-0.556292
-1.82628
-35.9563
0.715304
-1.1798
-2.26563
-0.859551
0.0593716
-0.194502
2.48071
-0.0378381
0.327649
12.5254
0.200926
0.292167
-0.369625
-2.42472
-0.213303
-2.40648
1.72825
0.112744
-0.552104
-0.21467
-0.452044
2.02928
-0.485398
-0.359027
-0.190544
-0.599294
10.2756
-0.239681
-0.24086
-0.826612
-0.0892644
1.09776
0.925976
3.12075
-0.36794
1.98177
6.34655
-1.52608
56.7639
2.2554
-0.547875
-0.193971
2.52719
0.0495659
-0.306872
0.206026
0.565818
-1.22216
0.965302
-2.07408
1.30428
-0.552118
0.864852
-1.53828
4.1398
-0.0905454
5.38724
0.699957
0.511577
-0.428266
-3.68961
-873.385
-0.366586
0.506523
-0.616196
-23.1443
1.62094
-0.989137
-1.13464
-3.41298
53.7289
-0.977732
-10.0153
0.209279
0.21583
-1.4194
-0.674752
-25.695
2.25739
-1.09142
-1.18547
-0.103203
0.202376
-4.14678
1.40133
-0.146225
0.343595
0.817072
1.08349
1.09996
-0.120022
0.231078
-0.136885
0.90429
-0.0195378
-0.506662
-0.406684
1.85469
0.33982
3.40914
0.0877539
-2.12916
1.96548
196.672
0.513214
0.72476
-0.757577
-0.105333
-1.1068
-1.50688
0.105919
1.70753
9.24802
-4.15325
0.366591
-0.138756
2.02046
62.3545
-0.260849
-0.298962
3.17846
4.68789
1.9899
0.253812
-42.9063
-9.10161
1.33817
0.979243
-4.48971
0.626438
0.553022
2.73381
0.410218
-0.405389
0.736391
-0.20967
0.216463
-1.0905
-0.925606
1.65042
4.81617
-0.242411
1.11772
4.3534
0.679126
-5.59295
2.28944
-1.29617
-1.69108
-2.81657
0.850719
-1.82395
0.917349
-0.299443
0.416618
-0.860015
-2.29558
-0.760119
-0.224001
-1.09792
2.24172
3.64485
0.392337
7.63148
-1.19753
2.59513
1.47746
-2.39809
-0.00481071
-28.6289
17.6552
0.0142762
-0.986774
12.4159
-10.0553
-1.08165
0.73156
-0.966267
1.72435
-0.335876
0.257426
-0.380589
-0.323537
0.736792
-0.500348
2.54153
1.24815
-0.740171
3.97064
-0.179537
-3.80018
-2.03985
-1.29476
2.3704
3.52263
-0.455323
6.91134
0.538792
-4.48742
2.55966
-1.43827
37.7649
0.520099
0.585008
-0.433599
-1.89224
6.04266
1.60664
4.62114
1.60538
0.0975785
0.0383077
-5.79425
-0.464013
0.944196
-21.4065
4.47872
-2.17708
-0.0649884
0.769089
1.22961
0.35637
-0.33667
-2.87472
0.426566
-0.141869
2.90667
1.21741
0.632604
2.28007
1.75228
1.30684
-0.138087
7.0919
-2.19704
-0.883956
6.8903
-1.66796
3.98955
0.663318
0.194282
-0.503459
-4.5587
0.343909
-4.866
-1.68335
-0.844575
2.76309
-2.08513
-2.2597
-6.71603
1.77603
-1.18054
-1.06707
1.30426
-0.788479
0.726952
0.21788
2.26838
3.35335
-5.22637
-4.43674
0.767162
0.435129
1.42363
0.711601
0.45817
0.0705316
-0.856972
1.22921
1.01046
-0.676531
0.711717
-1.57536
-3.45516
-2.94179
1.66879
-2.79948
0.557794
-0.310678
-0.346216
4.97685
-0.350634
-0.356743
0.467298
0.228577
0.453152
-2.66933
102.043
1.76935
2.08285
-3.58517
-0.258996
0.83362
3.60397
0.49348
0.763821
-0.33074
22.5407
0.328685
0.753017
2.42242
0.470286
-2.05899
-6.32499
-0.901628
3.33483
-10.0147
0.990885
10.4201
28.5195
-0.715192
5.48573
0.0411248
0.0711368
1.27345
-0.0958041
-1.91117
1.32391
1.38934
0.75013
-0.195773
0.503316
1.39754
-1.52873
-1.22862
-52.9229
0.579398
-2.27884
0.155639
-0.353039
-0.429332
-0.424774
0.413807
0.407924
-0.0386496
-1.54342
-0.304179
-0.135627
-0.303005
-0.224278
-0.959124
1.06944
2.26333
-0.674104
-1.66535
-1.26902
0.557759
0.0462052
0.635979
0.0927818
-0.375506
-2.83093
3.85969
-0.572907
-0.253631
-0.103246
11.5348
-4.42363
0.0672588
2.25881
0.568231
0.170643
-0.965782
-2.5325
-1.30156
2.17949
0.151446
1.49696
5.03435
1.09425
5.14877
1.63068
1.25501
2.23689
-0.781632
2.21547
1.01262
-0.510829
-0.214391
1.95305
0.284373
0.947229
1.85782
-0.879278
0.595518
-2.00504
-17.2579
2.59685
-1.2086
0.312261
3.80054
0.342995
0.411779
2.01993
-6.32767
-1.54246
-0.388968
-7.32209
-2.66512
1.8592
0.887025
-0.654445
8.29972
1.39459
0.759886
0.297238
2.8216
0.0475497
-0.227783
-0.404209
-0.819058
-0.369924
-0.192013
0.286339
0.329259
0.0444165
-1.17205
-0.553227
-3.2753
-4.37548
-3.17868
-2.71154
0.718656
-1.75696
-1.03417
-0.123725
-3.95141
4.9785
3.84782
1.03347
9.8448
-0.310876
4.5062
0.886856
-0.0708861
-0.268102
-0.814532
-0.0521078
0.00285282
1.91145
-0.338488
-3.34379
0.771675
0.517596
-0.795506
0.273029
-0.481844
0.297451
-3.24316
-13.7338
0.701344
0.0999948
-4.41291
2.82908
0.252245
0.739114
0.428574
-0.922676
0.362917
0.16085
-1.05183
-0.122208
-0.568846
-0.262707
2.63858
1.04566
3.74379
0.506142
1.46994
3.20701
-0.506196
-1.52232
-0.353445
1.44455
-12.6363
-5.83546
-1.97695
0.722177
2.43582
-0.648812
-4.02908
-0.712264
0.518084
-0.974915
-1.06285
-0.139588
5.2439
25.8166
-0.27862
-4.23607
3.28581
3.39978
0.460269
-1.82415
1.28192
0.160566
1.18348
-3.59278
1.29482
-0.464301
-2.79047
0.0848592
-3.03445
-2.00599
0.186775
1.39513
-9.58722
1.22483
-0.184983
-1.65915
-2.15624
-2.59638
-1.66305
0.445749
1.89629
0.458943
-0.734119
-1.15336
-2.76279
-0.400666
-0.0462093
-1.21677
0.0593027
-1.81771
2.26927
-0.75993
2.47642
0.918878
-1.85587
2.04106
-0.277437
-0.573906
2.58232
1.54055
1.59462
-3.45575
0.338881
-54.6427
-0.812561
-1.01752
-0.433358
0.345557
0.251351
-1.18513
-1.12819
0.0773021
0.0893752
9.61197
1.35046
-0.513034
0.453275
-0.234877
-3.89057
-1.03518
1.80045
-0.242121
0.835669
-49.8698
0.237673
-5.12591
-3.74541
-0.273801
2.75738
-3.26037
-1.37156
-0.69014
-104.037
0.918528
-0.271282
-1.53182
-0.928087
0.131051
8.25902
1.13668
0.827126
-1.08043
-1.64788
0.397494
1.0629
-3.52049
-0.116701
0.411553
-0.164477
-0.413382
6.78125
2.76907
-2.34785
4.29034
0.406521
0.662383
-0.275129
-0.140983
0.896615
1.84844
34.337
3.31938
10.8766
0.124352
-0.340208
-4.14921
-2.55061
-0.786274
1.40651
-0.892973
1.75328
0.0891215
0.0679292
-2.6538
9.39691
-1.01031
-0.91526
71.389
-0.0880372
0.594851
-2.1244
-1.09629
-3.46323
19.341
1.07606
-0.34472
0.827812
0.252435
-0.655604
0.123899
-0.119201
0.0499167
-2.85698
-0.0538335
-0.142814
-0.452394
-0.285559
-0.430439
-0.395251
0.282384
0.0931322
0.176985
0.760497
-8.26443
-1.56879
12.808
-1.13832
0.326497
1.36695
-1.12455
0.807971
-1.39707
-0.560032
-0.94922
0.651125
-1.64759
0.860571
-0.68575
1.20553
1.2555
0.397548
-2.06006
0.380572
1.01413
0.0336387
-0.197327
0.196885
-0.155356
-0.636297
1.67562
0.090518
2.02516
-0.346022
0.131556
-9.9488
-0.481515
-0.810594
-0.0272252
-1.06969
3.66978
10.9938
-0.342494
0.147373
-0.0766253
-0.289479
-4.11011
-0.650877
8.62191
2.59182
-3.96174
1.38163
-0.612142
-0.0752394
-0.294788
0.224271
1.23421
-0.243864
0.384393
2.13367
7.1439
-0.756962
-2.64594
5.25444
1.46533
2.00947
0.44167
1.11594
5.12119
-1.09705
-1.20217
-0.356229
0.174896
0.181128
-0.235143
1.0215
-7.78521
13.0249
-0.381727
2.48346
0.0342696
-0.0691024
-28.9146
-1.06515
-0.308032
2.52575
0.182456
0.964114
-1.98804
1.91388
17.5587
0.488762
-5.37979
-0.299234
-1.08969
-1.1498
4.22988
-1.83573
0.14944
0.0535498
0.728634
246.71
-23.1028
-0.629946
-1.38928
5.42714
0.96157
0.893109
-2.02069
1.64505
-0.988681
1.74428
2.23974
0.526826
-2.99839
23.169
32.3531
0.0437559
-19.5631
0.497003
-0.780502
1.07581
-0.404447
-0.109166
-2.01135
-1.33348
-0.371039
0.751233
11.7268
0.738889
5.96087
2.92739
-6.93679
0.353843
-2.9656
-0.126664
0.943498
4.16452
-0.317766
0.510703
0.131086
-26.4636
-1.28928
1.64269
0.417938
-0.874298
-6.74482
-23.1217
9.60188
0.348059
0.431121
-5.86614
-1.2474
-40.8443
0.679234
-3.92627
0.21369
-1.02929
0.0034643
0.311596
-0.10817
-2.73379
7.98998
-1.96136
-0.283531
-0.180735
-0.39585
0.39577
2.27219
0.239103
-2.1889
-4.64291
2.75143
-1.33751
0.258706
-1.53434
-0.400301
-0.913928
0.336628
72.4079
0.344955
5.62433
-19.3973
-9.00131
6.93211
-4.54523
35.6547
0.234069
0.880389
0.97851
7.16928
3.14209
1.54593
0.313234
0.0196977
-0.908624
0.291862
2.47153
0.228777
-0.135373
0.406927
-7.95936
-0.796917
0.227321
39.6087
-0.31313
1.68812
-0.305825
-0.00171216
-0.55423
10.3492
0.927503
0.263335
-2.11251
-7.6506
0.840904
-0.0936616
0.317542
4.3207
-0.625838
0.394397
-1.00089
-2.60224
-5.36861
0.405208
0.393831
-13.8164
-31.9529
-0.494294
-0.211332
-1.15374
-1.25847
-0.820104
0.497019
-5.12164
0.373858
7.82271
1.36501
-0.000329695
0.803674
-0.412567
-0.604067
2.61379
0.122081
0.239295
0.19586
-0.826214
-0.381089
-1.17448
0.0464366
0.224659
0.17431
-0.168358
-2.02265
-0.740242
0.275272
-1.51341
0.624269
-0.265904
4.57286
-0.538487
-0.420807
-1.62076
0.473947
0.310649
0.426445
-0.536107
-1.55911
0.246369
1.89668
-4.70771
1.36852
-0.376961
7.29138
-1.66995
-1.05752
-1.10289
1.28322
0.472462
-4.60323
-1.75053
1.06629
-0.319536
0.420603
2.24473
10.3931
-0.462703
-1.57996
0.220447
-0.211034
4.69717
5.02702
2.30887
0.14167
-0.245337
2.15196
0.978597
-1.60252
0.332104
-0.610456
1.41881
-7.28401
-0.0573347
-1.30742
-1.59543
0.272706
0.565086
1.53158
2.18011
2.10012
0.731301
-0.00500998
6.83784
-0.387735
0.398596
7.89627
-0.738922
0.195687
-0.917711
-1.6881
0.00220035
2.00796
-1.5092
-14.8969
2.02752
-2.38562
-0.407849
-0.235076
0.942774
1.0426
0.924218
-1.60116
-0.618194
-1.23775
-1.08825
0.763246
-0.472779
0.380054
0.165408
-2.4265
1.47507
2.71417
4.97406
-0.392544
2.58402
0.010102
-2.84255
-0.126181
-1.04089
-0.0205238
0.574723
1.29816
41.4122
0.159395
-0.771756
0.484992
-10.1465
-0.568605
1.75757
-0.146131
-0.980183
1.40066
-0.0335852
27.9007
-2.08459
-0.66451
-0.808159
-0.774978
-0.572024
3.57462
1.60567
-1.23929
3.26687
1.06064
-1.5801
-2.81951
8.3032
0.558363
1.2788
3.67769
-0.0326878
-1.37519
0.765789
4.49537
2.2769
0.19469
-0.0301067
0.288605
-2.1239
-0.461556
-0.138742
-0.449652
-1.40703
-2.17725
0.44009
-0.979638
0.391618
0.0546633
2.38225
0.0552978
-0.236966
-0.0824991
-0.491088
1.59975
3.78385
-0.417711
31.6442
-0.990314
-1.1427
1.16151
-0.811437
3.21928
-1.86965
0.805851
-1.06541
2.37253
-7.69878
0.611791
-2.21367
0.472631
-0.150741
-2.73518
-0.466441
-17.8612
0.649428
-4.86183
0.129469
4.38786
-2.41607
1.11291
-4.90065
2.293
0.477522
-2.60084
0.135583
4.83634
-7.20865
-7.33845
0.947425
3.9947
2.15944
-0.815352
4.20231
-1.07417
-1.07888
-1.44802
2.64801
-0.170417
3.31809
-1.60372
-9.21583
-0.756683
1.26884
-0.504256
-3.21059
0.0477768
2.14193
0.223204
-0.996568
-0.445912
-0.350323
2.37333
1.89113
0.341432
-1.49678
-1.02074
-4.84264
-0.610269
-1662.12
-4.25453
1.40396
-0.54687
-0.150438
2.37036
-0.497722
0.191347
-3.18627
-0.645515
-0.684885
-1.35597
0.508979
-2.37005
0.0422998
-0.587892
1.51037
-0.814409
-0.299405
0.777306
0.343443
-0.430061
-2.38001
0.397405
-1.06371
-1.54986
3.15652
6.2833
-0.162385
-0.273015
-0.356474
-0.0522327
-0.534145
0.338607
-0.798682
0.462159
-10.3318
-1.49691
0.847351
0.617187
1.97539
1.52046
0.363796
4.42152
0.118158
-0.721176
899.384
3.27344
0.684574
18.3643
0.0991613
-0.211407
-1.42223
0.586491
0.88209
3.39204
-0.108636
0.543258
-0.0972975
1.06465
-6.77843
0.476099
1.01677
4.17116
0.87904
-0.0690473
0.303059
3.16679
0.30794
-2.8605
7.84743
1.19761
2.76856
0.460514
-17.1431
-11.2982
0.771481
-1.5113
-0.00964383
-1.08495
-2.45894
0.0540481
-0.821428
1.78389
-1.48883
-8.28698
1.66701
1.36432
-2.397
0.408006
1.78123
0.0603593
-2.04974
0.476905
-1.65963
1.07672
1.54948
-0.289455
0.659477
0.449783
-0.050753
3.7441
1.366
-0.0946501
-0.529227
-5.62271
-1.56412
1.87337
2.84745
-0.28878
-0.237777
2.18063
1.55241
0.209307
-0.540537
-0.327766
-0.994073
0.499374
0.240635
4.40668
-0.0691729
0.16873
2.56633
-3.81733
-0.805362
3.39562
-0.27556
-0.59147
-0.759553
13.8054
-2.59506
1.55557
-0.559118
0.787842
8.20024
0.198593
-9.87302
-0.341908
0.062482
0.276596
0.303199
-5.75948
0.501316
49.0724
-1.21404
7.55427
0.0360861
-1.77488
0.0995098
0.223515
1.74756
-1.94142
-1.14147
-3.48027
2.00173
0.0384992
3.71946
-0.340512
0.417329
4.92955
2.79553
-2.27658
-0.0954867
1.14693
0.348146
-2.52782
-0.19735
-0.246545
-0.0775597
-6.0784
-0.874384
0.343746
-0.0849971
0.435138
-0.595163
-0.0524335
-1.07111
0.219151
-0.680287
-1.65458
0.294204
1.30482
1.63316
-0.0301073
1.05865
4.85202
0.83608
0.361788
4.73021
-95.1158
0.326541
-1.13076
4.23275
16.934
1.76234
-0.00826443
-0.334276
2.70661
-7.89314
-1.99687
19.4874
0.0641995
-3.07076
1.08664
-1.2966
4.65632
-0.303686
0.331722
0.151838
7.57673
0.313588
0.541036
-0.551625
0.419045
0.704986
-0.80118
2.19713
-3.19865
-4.13917
-0.865041
-0.0440339
-1.35364
1.95118
-0.620809
0.477659
2.6396
-0.0311855
-1.25565
0.0544118
0.901213
-1.62057
0.850128
-0.590807
-0.757684
-1.62083
-5.51702
-0.401821
1.10396
2.32959
-8.70145
-0.0514291
-0.535193
-0.540092
-0.0938808
1.54921
0.932781
7.51368
0.435574
2.20608
8.66361
-5.34065
-0.168943
0.703954
-0.563313
-0.447087
-1.32048
0.181826
-0.756834
6.12488
0.339737
-0.881115
0.184019
0.768686
1.13352
-0.2912
-1.14894
-1.99737
-0.235319
0.538283
0.410453
-0.00276084
-1.39927
3.60608
0.263736
0.302938
2.76194
-0.75463
-5.11869
-1.20017
-1.02838
0.367559
-15.7868
-0.234359
1.07305
0.843584
0.269296
0.624814
83.6011
-0.109535
0.232831
0.699931
2.88115
0.271302
-8.37793
0.179536
-1.2495
2.56297
-0.24228
-1.20726
-6.12641
2.78014
-21.4809
0.0677557
6.7322
-9.52794
1.64202
-3.22137
-0.70884
-14.8445
-1.74783
-2.97295
-0.714425
-0.520075
5.83907
0.626173
-0.135754
5.57492
-0.0613504
-0.300303
-0.0498188
-1.63812
1.32518
-5.64973
-0.575503
-0.378517
0.403234
-16.987
2.17012
-1.53038
15.3558
-8.23274
-1.72934
0.254218
-13.8416
4.2493
-0.232704
0.142436
-1.41882
0.586683
-0.584706
-1.52703
0.629712
0.396684
0.745414
-6.27354
-0.723359
-1.38854
-4.02309
-1.83284
0.412993
-6.76695
5.08126
1.98919
1.95599
-0.507044
-1.07269
7.91978
7.31323
0.0437012
11.7422
-0.659919
-13.9197
-1.19035
0.971184
-0.905889
0.837278
3.51939
-0.681997
-4.77784
0.186456
-0.77778
0.160806
-0.465787
0.624955
-1.87361
0.370623
-0.876735
-10.6352
-0.0867514
-0.683624
3.57423
-4.70974
0.286331
0.17513
-0.900472
0.535899
-16.9137
4.11577
-2.54999
0.681941
38.8634
-0.990637
1.52499
2.1912
-1.47861
-0.284432
2.18697
-0.789887
-0.93539
-0.500266
1.57218
-10.0928
0.0202839
24.4132
3.93431
0.0982622
0.114286
9.27941
-0.672235
0.324139
-1.58676
2.36271
1.91863
-0.620472
8.81359
0.62914
0.200007
0.656898
-1.00636
2.33355
0.419141
0.623881
20.917
-1.16451
-1.09404
-1.06258
0.0700809
-0.554983
3.88885
-5.86287
0.180857
-0.800817
0.894979
-0.430669
-0.220914
-22.2991
4.98384
-0.725265
-0.392052
0.83826
1.76294
2.41262
1.52828
0.921951
13.4739
8.32312
-0.150087
-9.50788
-1.78362
2.76793
1.81493
1.83259
-1.55914
1.10023
2.04913
1.16343
0.602849
1.35681
-0.815058
-0.593209
-9.55186
0.693055
1.74234
-18.5572
-0.759295
0.098097
1.48738
2.20812
-0.0381029
0.791274
8.65119
0.481541
2.3196
0.429009
-0.947787
0.832059
-2.68119
-7.32297
-1.24239
-1.50876
-1.51792
-0.572846
1.18587
0.351583
-0.177996
0.680082
1.37833
-2.58956
-0.461461
-2.43039
0.29741
-0.68811
-0.222419
-5.53574
-0.182128
-1.99583
0.356015
-0.606644
0.0520871
1.40432
1.13171
0.811707
-1.06875
0.356163
0.00676817
1.21829
1.64621
-2.27227
1.01426
-0.482479
6.08684
-6.47428
2.18919
-3.72311
0.683682
-1.70877
-0.705564
1.711
-1.9133
-1.42665
-2.84189
-4.63132
-0.155117
0.577711
-0.931855
-0.426403
0.389032
42.7518
-0.12625
1.66365
-0.800991
-1.86035
-5.58595
-3.70141
16.2431
0.396348
-1.15264
4.60024
3.26241
-0.548245
0.821778
0.453358
0.562035
-1.83721
-0.570222
3.86578
1.01729
-6.07062
-1.61117
1.10005
-0.602231
-0.624125
3.01504
-0.575806
-3.1782
1.00796
-0.623797
-1.73486
1.42383
-2.763
-1.94771
7.62778
1.79442
4.21454
-4.96482
0.959093
1.17628
1.67184
0.131973
0.265459
-0.147051
-1.57501
-4.0131
1.67953
-2.15956
-0.01577
0.915215
-0.871136
30.8126
0.0648469
-0.617395
5.90391
3.3409
0.193466
-0.239167
0.199432
1.16677
-2.09936
4.74999
-0.259025
-2.87367
0.255968
-2.52826
1.03092
8.87087
2.18166
0.261515
0.192852
-1.97064
5.59122
-2.39105
-1.21466
2.70058
8.50166
-6.33931
2.27377
0.106209
-1.07353
0.701385
-0.563397
-0.246778
-1.50767
-0.0487282
0.721021
-0.229724
-1.13627
0.558111
1.75101
1.17936
2.74507
-0.121101
-0.911324
0.528957
1.15305
0.345323
-1.05684
13.7228
-1.44337
0.856459
0.140337
-6.39628
-0.360779
-0.620221
0.676125
0.552678
-0.132878
0.138515
1.69496
-2.16692
-2.13668
-1.6307
88.6812
1.39035
131.384
-4.16158
-0.471449
-2.72851
-0.916047
0.0967698
-0.914436
-0.27392
0.791822
-0.124064
-1.46162
-0.277131
-2.06062
-0.52261
0.689025
-0.509002
39.6397
14.6084
0.0295057
-0.483691
-3.1018
-0.657854
-3.12974
-2.25069
0.0182567
0.0497375
-0.00861021
-1.03303
-5.13644
0.291757
0.169991
-0.169204
0.377681
-4.23843
0.0531899
-1.48364
2.16073
1.09594
1.02251
-4.14379
-1.61596
1.31551
-2.93003
-26.5034
-0.160178
2.78113
0.684543
-0.853584
8.07061
5.48802
-77.7313
-4.20569
0.399965
1.45978
0.328221
1.1698
-2.42361
0.260775
4.51635
-0.71288
1.63589
-6.04619
1.98633
-11.4
-0.532616
0.965411
0.340025
-3.82662
1.52387
5.30315
-1.08477
4.2023
0.870501
-0.206776
0.340977
0.098077
-0.281073
-2.28709
4.22777
-0.37912
2.56521
-0.56029
0.0836587
13.0976
8.03743
1.41523
-1.6733
-12.7876
0.311484
0.860415
1.14807
1.90085
-0.0864435
1.28041
-2.44702
-2.17438
0.160812
-0.17521
0.330257
0.941214
-0.583605
1.86315
-9.19708
0.84536
-0.144747
-0.43969
-0.693797
0.724605
-0.185704
2.07419
0.867721
-0.230901
0.909467
0.295363
-0.0120375
-11.0638
-5.49683
-25.5238
0.17785
1.38586
-1.34348
22.9457
1.83096
0.0683863
-20.6251
-0.887123
-2.44959
0.208277
-1.79274
-2.36269
-0.654685
1.2231
0.679823
15.0658
-2.23887
-0.613549
0.472906
-0.543737
0.746064
-0.709868
-11.6991
-7.10574
1.68358
2.71358
-0.987337
22.2911
0.342995
-3.14305
-0.770239
0.303085
-0.882995
-16.978
1.07619
0.226522
0.271085
-0.439068
1.48861
-7.26168
0.623211
0.714255
1.83611
0.244108
0.532926
-1.75922
-2.23027
-3.27164
-0.421627
2.66276
-0.777814
-5.39349
0.345319
1.03994
3.50562
-1.28953
-8.34199
-0.27837
-5.29615
0.610265
-0.330927
-2.11822
-73.7852
3.00253
-2.3969
0.451106
1.85206
0.780288
1.11101
-0.274399
0.385567
2.36421
0.757358
-0.0163464
-0.503403
-1.61627
1.2392
1.16549
0.292778
-0.563392
-0.808174
3.97607
-0.868108
2.25662
-0.359874
-0.08565
10.8393
0.115849
3.51329
7.77995
0.257896
1.82478
0.881008
0.69446
-0.878329
-0.0770548
0.862667
-1.58098
-0.154601
-3.58058
0.0852853
0.795685
-42.0544
5.38832
-1.75256
-5.21631
-0.049511
1.97242
1.76337
-1.21583
1.71851
1.27841
0.513691
0.518321
-1.87905
-29.3441
-63.2337
0.34136
-89.6989
1.50671
-0.383303
-1.01863
-1.90545
-1.42037
-1.70587
1.42406
-1.66352
-0.167605
-1.03212
1.4686
-0.712376
4.53861
-1.24458
-10.0051
-0.140252
8.16768
0.233416
-0.949795
-6.21401
0.794492
-2.55697
-9.27344
9.3438
0.00487923
-1.25316
-0.0331471
2.87157
2.60317
0.590605
0.101407
-5.23052
-3.37161
56.6547
-3.05228
0.830752
-1.05481
-1.78832
2.9641
-1.26906
-0.038532
-6.14465
-1.37309
-0.0273852
-0.312539
-6.16101
0.139065
-7.66988
-1.43969
0.630926
-9.57337
-0.574015
3.21983
-0.125848
3.71635
-0.482398
-2.13063
-2.45548
-7.69077
0.0931856
13.5001
-0.0887691
0.135692
21.8848
-2.10411
-1.29436
-2.80786
-0.436983
-2.7725
1.92931
1.07717
1.22092
1.68641
-0.214358
-0.505236
3.95963
-0.480021
1.11802
-1.55995
-0.296252
-1.63531
0.5017
-2.85858
2.19684
-0.48465
14.233
0.171403
0.618279
-1.67624
-0.51241
-1.49894
-7.09503
-0.547299
-0.895848
0.906304
0.312317
2.04807
-11.694
-4.15051
-1.15299
7.82777
5.88534
1.59184
-6.57513
-0.533784
1.76504
0.0714851
0.64981
-1.46447
-0.246413
0.223183
1.70695
0.584536
-1.04855
-2.9884
1.37571
-1.04466
-1.29789
1.48376
-0.214527
-1.26687
-0.311209
-0.634546
-1.51174
2.38796
-1.69652
-1.11661
3.38124
-2.1086
0.1135
-0.802522
-0.604117
0.908906
-0.670766
-0.534163
3.3813
0.0320417
0.653544
-0.334881
0.173323
-1.42701
0.0104588
1.10058
-1.98659
-0.311335
2.84729
0.0326459
-2.21819
-0.473969
-4.96859
-1.23093
-2.10644
-1.36216
0.422832
0.702401
-2.85777
-1.33466
0.0685714
-3.17992
-1.21124
-2.2192
-0.906718
1.44307
0.736316
-8.09157
-0.210766
-1.00745
-1.35341
-0.183731
-2.15914
14.3068
4.15229
0.79597
1.99526
3.16982
-2.68272
-0.449214
-1.94285
0.621934
0.478617
0.610741
1.3208
15.576
-0.803554
-1.21377
2.32756
-0.404441
-0.39422
0.902485
-0.191273
-2.55337
-0.260019
-1.40505
-0.745226
-1.2198
-1.05667
-1.85286
4.87404
1.70527
0.359337
2.6925
-2.2421
0.583323
-0.445515
2.23785
1.10945
0.533154
-0.358267
-1.96799
0.787789
2.43115
-0.350686
2.61675
0.163742
-1.09257
5.76559
-3.67119
3.55763
-0.424899
-0.772004
1.54346
-0.5225
1.01343
-2.80919
4.18201
-0.926549
18.2086
12.1031
3.00976
2.21268
-0.459189
2.6688
-0.489281
-7.30365
-1.30989
-0.446912
-1.05395
-12.7291
16.2596
-1.85812
0.228761
5.83883
2.76037
-14.5723
3.27256
7.3888
1.23499
-43.5874
-0.234217
0.466337
-0.569868
-0.0285116
2.59678
3.26117
0.2518
-3.48183
-0.851958
2.71042
-0.179809
0.764492
5.7629
1.16629
-0.131858
-0.312429
0.463805
-0.264237
0.56465
-0.960471
0.101611
5.18327
0.34657
0.0108789
1.79109
-0.181474
2.78691
1.76534
-6.13322
-0.439096
-2.39786
-0.910813
0.523963
-0.357484
0.405378
-0.0535688
0.817971
-0.344938
0.0653899
1.77406
-1.49454
4.4065
1.50227
-0.579904
-1.6853
-0.787808
-5.70271
-31.9465
2.03326
-1.1919
0.808713
2.04373
-3.11557
0.337369
5.86055
-0.259619
-0.587802
-0.685725
0.690516
-0.529233
3.24122
-0.643526
0.272476
-1.24652
0.298587
2.42248
-0.753242
-0.996489
0.354201
-0.935115
0.728116
0.874513
-1.23196
1.01843
0.104187
0.602963
5.55476
-2.86199
-1.94451
-0.904626
-0.0320953
-6.81957
0.213227
-2.71069
0.627782
-1.72731
0.149547
0.0874002
-0.0192712
-1.45499
0.28642
-0.516605
0.99193
-1.96023
0.939434
-1.07769
0.611602
5.22082
-0.447526
-1.72436
-1.04226
-0.332458
-0.800272
0.239971
-0.308304
0.375971
-1.2098
-1.8878
-0.203367
-0.0311405
-0.199808
-0.30918
-2.64289
-0.333744
-0.661241
-3.13521
0.424035
-0.0051388
-36.7476
-13.579
1.72935
1.34774
0.714639
0.482269
0.976825
0.573907
-0.202553
1.23496
-0.723559
-2.83496
-0.0601472
2.00526
-0.370697
1.78933
3.11153
8.1276
69.4148
0.684552
0.0621007
0.708366
-5.1977
-0.203829
0.602112
1.0152
0.122764
-1.71787
-0.235688
-4.20687
3.99583
-1.63265
-0.992183
-0.24941
1.00403
-0.162719
-0.14848
0.651166
-25.2963
-1.2792
-28.1485
-0.302512
-0.0315018
-0.796563
-2.13398
1.19157
0.0967443
-0.013881
-0.659967
12107.7
-10.2365
2.28709
0.407313
-0.63191
-0.798393
0.701275
-0.253745
-0.869284
0.415293
16.2383
0.742909
1.10961
2.00764
-0.53125
2.40193
-0.428223
0.137893
0.669814
-1.83648
-1.0044
0.791092
0.883222
0.558366
-0.177406
-1.28403
2.39614
1.56144
-0.518995
28.6556
-0.816888
-0.682898
-0.430141
2.20558
-0.986195
-0.787231
3.74088
0.607365
-0.770365
-0.100761
-0.820708
3.53174
0.40784
0.229914
-0.384882
0.520297
5.83666
0.491658
5.85067
-7.92134
4.47599
0.843485
2.5159
-2.74982
-0.874727
8.42677
-12.0395
1.87862
0.396118
-0.132757
-13.0517
17.2097
-0.481025
1.04724
-0.917376
-4.20445
3.84601
-0.724778
0.605064
-1.21897
-0.365578
-3.19006
0.996141
0.403243
-3.20915
1.1798
-2.79078
0.155857
0.311913
-0.526025
0.240626
-0.643015
0.449979
-0.241971
-0.403859
1.11361
-3.88398
-0.72932
-0.369019
-2.24332
0.678425
0.21407
2.11358
-0.339162
0.0859104
1.5262
-0.493658
-14.8408
1.91122
0.516154
0.336719
-0.0333273
0.655324
0.185263
0.37359
0.295003
-3.60376
-0.148228
4.12288
1.30981
0.0366366
0.666792
4.36571
-3.50303
0.694815
0.675856
-0.0971063
5.24744
-1.11142
-9.0151
-1.01862
0.551247
-1.01104
-19.296
0.0774076
-23.5499
3.61897
0.855173
1.49662
2.20577
0.605727
-0.670754
-0.992762
-1.70468
7.69266
0.671882
4.07222
-1.01334
1.72678
-0.113899
0.115882
-0.256763
-0.155729
-3.66973
2.08398
-1.71267
2.06797
4.25256
-0.226589
-0.76651
-17.0966
0.100437
0.67382
-8.85623
0.443039
0.0509994
0.224368
0.244931
-63.1836
0.620407
-6.04958
-0.595829
-1.79369
-0.605334
1.74152
0.121347
-1.12652
0.780889
0.69297
0.198207
-0.997651
-0.249428
3.14406
-0.154386
2.28649
-0.563312
-0.224701
1.47462
-25.4908
-0.962502
-25.1388
1.07033
-4.64995
-3.88795
-0.290893
0.440156
-2.46074
-0.268793
0.729984
-3.1494
0.14756
-0.364006
1.02156
-1.32435
0.235604
-0.0201994
-0.0868703
-0.854911
22.6103
-0.806417
1.64143
-1.47316
-0.0011818
1.15249
0.0454703
0.247509
-0.145458
3.49653
-5.21425
2.68104
0.52559
0.029606
-0.765453
0.202164
1.94536
5.21111
-0.355567
-17.1058
2.43615
-2.06609
1.01645
0.387308
-0.694092
-1.31865
1.50889
0.116879
7.14566
25.286
0.612502
2.45831
1.03431
-0.356903
-1.54623
1.06948
-3.21299
-4.96522
-0.82391
2.81607
0.280025
-5.98519
0.589292
-1.2087
-0.242967
-1.26342
-0.734216
-2.6527
-0.143252
1.2095
-1.17515
1.95602
0.421898
0.29384
-1.30247
-0.278533
0.671433
-3.51021
-0.073782
-1.17712
0.000761206
-18.74
3.11343
-0.953369
1.41768
-20.6709
8.75365
-2.36914
-2.18038
0.217498
-1.63953
-0.810218
4.88303
7.81102
-0.20727
0.737679
7.01907
4.39409
0.300408
-588.583
-0.0766474
0.338962
0.0133506
2.26482
1.74171
-0.536131
-3.17463
-1.09671
0.312018
3.14408
-4.59206
0.269196
-0.625958
1.48797
-0.508035
-10.7706
1.02322
-0.259318
-0.0677831
-0.658866
-3.11818
1.7
-0.18822
-0.505288
-0.199483
-1.89704
0.572746
1.08034
0.319189
0.0808489
-1.41576
-0.253436
1.38236
-1.00356
-3.511
-111.802
-0.146733
1.69214
0.869691
21.5334
4.82351
4.34495
-1.28405
-3.44411
-9.99629
-5.26576
5.66724
-0.330678
-1.68443
-0.812315
0.360603
-1.09928
-1.00537
-0.516406
-0.716347
-0.0730701
-14.7971
-1.34182
-0.75278
0.674561
1.24021
28.5479
-1.84206
-2.26208
-1.79543
2.08473
-6.64222
0.8709
0.674591
-3.12827
0.0827837
0.679761
0.0867414
-1.82525
3.88983
0.507201
-4.28414
0.373414
0.144513
0.766922
0.727694
0.323347
-26.8946
-20.7338
2.32418
-0.60817
-0.168431
26.4552
-7.69339
0.275884
1.08236
-0.418978
-0.457741
-2.38902
-1.53496
0.709282
1.09139
-10.3067
-1.61743
2.43375
-59.7632
-8.56535
0.454481
2.56356
-1.20972
-1.3121
0.314067
1.19654
0.00673299
1.3267
0.354601
0.697106
5.01464
5.70055
0.168902
-0.86663
-0.82309
6.24347
-0.191034
1.46841
0.322788
8.11376
-0.654924
20.4459
0.673545
0.254795
-0.743621
-0.949892
156.357
-0.773901
1.06916
1.72903
1.23494
1.32605
0.206284
-70.1456
-0.550763
-6.94502
-8.89346
-0.737327
0.166236
0.322812
130.525
2.18084
-0.869915
0.534672
0.669154
0.366192
0.861836
0.729162
-0.89964
0.865005
0.765666
-3.17388
-2.74028
-1.64338
0.303427
-0.24331
1.39476
15.8972
-0.127868
0.821777
0.739083
-0.0171237
0.987464
0.536828
-0.0456053
0.438298
0.330134
-74.9013
-3.89832
0.545483
1.16353
1.31973
-1.02687
-1.15848
-0.65847
-1.08548
-1.28403
-1.13487
1.18122
-3.40416
0.43225
0.335158
7.20756
41.301
-0.829579
-0.515102
-14.7053
-0.838976
0.503036
2.64278
5.49547
-0.286664
0.116577
-0.976098
-0.078986
6.35549
-1.45308
-3.05083
-4.01945
17.7384
-1.05598
-0.450338
0.458681
-0.0762321
22.9914
-0.0938233
-0.850551
-0.21033
0.504509
-2.46458
-0.689183
0.796158
-1.65144
2.82701
-4.31586
1.4734
0.359275
0.771868
-0.317318
2.74517
5.66337
-0.102096
-0.692134
-0.666112
-0.661072
-4.49812
0.0822635
-0.36871
-0.401531
1.89102
-0.226709
1.27814
-1.12606
-7.13176
-0.0900355
-15.494
-7.01657
1.08533
0.25499
-2.95118
-8.98352
0.19741
0.640018
-0.349007
-0.213674
-38.3806
1.26453
-3.42195
-4.34928
0.678709
0.115576
0.00666203
11.2855
-2.23612
-0.744072
-0.0916902
-0.432585
-0.511475
0.275174
4.76475
-1.75211
-3.25615
1.60372
18.5138
-0.989594
1.28361
4.54699
2.51402
-0.748175
0.546622
-0.411517
2.50581
1.5172
1.02409
0.523721
0.933212
0.561151
28.0095
-1.65612
0.352942
0.191837
-1.35167
4.15046
-1.812
-1.38265
210.426
1.65691
-2.87265
-4.54961
-4.04345
-2.94847
0.28317
-0.510215
-0.107192
-1.99809
1.44418
0.35432
1.49468
1.03581
2.57241
-0.450129
0.812794
1.65654
-0.140348
-0.0502333
-0.111031
0.0123204
1.43038
-2.78431
0.883996
-1.90287
-22.8599
1.34889
-1.36194
-0.0101773
-1.323
0.344651
-1.1124
73.4061
-17.1009
0.856443
0.101435
-8.78157
0.424121
-4.5584
-0.771185
-1.32192
-0.84114
0.716043
-1.10832
0.525911
-0.595796
-1.75205
0.219513
-0.867144
17.6839
0.0902826
1.2729
-0.104682
-0.289638
0.0546613
8.98242
-0.788797
10.535
-1.37652
-0.333737
1.14618
0.556602
-0.0719709
-1.14568
-0.104404
4.76532
1.85103
-5.54438
-0.9998
-0.965537
2.14388
3.13061
-1.97376
2.08418
0.828687
-0.191498
-8.05305
7.28199
-0.354659
-1.22836
-0.205808
-5.48555
1.25549
0.819293
-0.980628
2.24464
3.21058
1.4028
2.3284
2.69283
0.543565
-9.08436
0.230103
-0.927478
-42.8302
2.29206
-0.946002
1.68333
1.83253
0.0719787
2.02151
-1.71794
-3.85316
2.5003
0.0616616
-0.783367
-4.36706
-0.571088
5.35765
-1.65367
-0.2378
1.83965
-0.388794
0.839517
-0.0115027
-1.15481
0.625726
1.32176
0.324716
2.76615
0.622523
-1.05308
-2.89269
0.4415
-0.283843
0.616329
1.49842
-9.33636
-0.128103
-0.782201
1.69155
0.111659
6.69207
-1.45773
8.36969
0.491899
-3.26367
-6.98277
-2.73823
1.52098
-6.39779
0.194739
-0.308497
-0.0143744
0.0943652
0.325589
-1.566
1.3332
3.56543
2.25786
-1.03654
1.7627
0.946287
-0.978169
3.43366
-0.249568
3.82569
0.631143
-1.54389
-0.577946
0.472446
1.79543
-1.12466
-0.67656
1.00181
-16.8824
-1.06974
0.24223
832.175
-0.375059
-0.00564563
-7.3291
-0.698359
0.798375
2.88036
4.62902
-0.0924963
-1.62942
1.21399
0.0605769
1.54406
-0.0467112
1.39043
3.94979
0.290205
-0.0536848
2.62003
-5.63859
0.491625
0.455481
1.83486
1.87224
0.510049
-1.37752
9.77242
-4.04527
-0.0383898
0.831001
-4.8678
0.24269
0.528728
0.984815
-0.020172
1.04736
-0.867819
0.288501
-2.73532
-1.36916
-1.52654
1.52622
0.185419
0.131845
3.81207
0.355163
-0.081584
-13.9384
-7.17799
7.2677
5.10398
-11.4499
-1.35941
-0.221897
2.46862
-0.897379
-6.60357
-0.607556
-1.21942
4.09126
-3.68353
1.34281
0.778632
-0.162678
-0.295433
-1.07356
0.439693
-0.816854
0.454301
0.161108
-7.71968
1.71227
-0.535918
0.147447
1.70458
-0.0399516
-0.79389
-5.33647
2.13854
0.837301
0.769952
3.34494
1.76631
-0.92705
0.523991
0.552259
-0.230858
0.790792
-0.152033
40.2194
6.8727
0.297661
-1.5319
-1.83455
1.84087
-26.4735
742.643
-0.871819
0.465714
0.00599683
-0.704031
0.0780032
-0.85297
-2.37501
4.03117
0.450668
-2.47534
-0.597825
-4.93146
-0.379594
5.51235
-0.431736
-2.53793
-0.0021095
-0.537559
3.30389
-2.30324
-3.61411
-2.35314
-3.77243
226.111
0.416454
0.825669
-0.846439
-11.1485
-0.982015
38.0798
0.288259
1.59092
-0.0729946
-0.694355
-1.91011
-0.332062
-20.7704
-0.160504
-3.09161
1.76171
-1.33566
6.0416
-0.591743
-1.27217
-0.00710886
2.57919
-1.05782
1.0274
-0.723389
-2.50067
-2.85947
2.56452
-1.70621
0.645172
-230.698
0.979614
1.29547
-2.25682
1.30806
1.39059
-0.356852
0.590853
-1.71739
4.13421
12.3782
0.0621382
0.637569
-0.351796
-1.70545
-87.6415
0.080666
16.4885
-2.84026
-1.54534
0.291279
1.71464
1.75963
-0.902122
-0.0603943
-2.53143
-13.6373
-0.307991
-0.642708
-1.91405
1.5537
-1.09162
-0.940279
-0.277185
-6.83737
-0.209425
0.95879
2.1856
0.272014
2.66867
0.360583
1.46546
1.41679
-1.43316
1.42116
-3.69416
-11.0137
-0.358549
-1.43288
-0.0278382
0.47697
-1.0209
0.80087
-5.44012
0.291208
-1.32001
0.467174
-13.7615
0.806326
-0.336181
-0.767414
3.63375
0.705684
1.43001
27.2799
-0.680067
-8.58953
-0.621489
-1.49064
0.0669692
0.0579853
-5.56256
0.68918
0.640326
1.21106
-0.764589
-0.0263814
4.26822
0.571337
-1.10519
3.77112
-1.17902
0.479832
1.23136
-0.10022
2.90948
5.35351
0.0463233
-0.786189
-0.321184
-11.7779
0.00607117
1.70394
-0.616968
1.79472
-1.32405
0.31697
-0.709226
-88.3479
2.42338
-2.2825
0.640087
48.0827
2.37379
1.62535
-0.806975
27.1939
2.17646
2.8364
0.0981512
-5.05903
-1.04334
0.257975
0.729012
1.12905
3.64724
-0.584741
-0.0165773
0.374328
5.84391
3.07001
1.27952
0.830298
0.148821
-0.180919
-2.22495
0.539047
-5.8212
-1.06647
2.77482
-17.8411
-16.8853
0.143944
-0.81325
0.310834
-0.794924
0.701136
-0.137488
0.725654
-7.24582
3.59347
-4.17007
-0.557024
0.101779
1.68239
0.0877548
-1.53493
-3.04738
-0.322421
-8.64706
-0.0880026
-0.1859
-4.70021
0.204022
159.012
-0.906179
-1.2881
0.489699
0.690389
-0.52192
-13.1016
-15.6389
3.50001
0.266305
-2.62505
7.69682
-0.156909
0.332943
-0.196886
-0.793232
-33.0393
0.244154
-0.750917
-1.50354
-5.14783
-3.51093
-2.33157
0.357562
-1.21835
-5.11015
0.299685
0.620264
3.77382
0.0335835
-1.30952
-0.580802
-2.23977
-1.54496
-0.665471
-0.278906
0.852369
-1.8045
7.36984
-0.0129725
-0.183906
0.843007
1.94158
-0.53213
-0.351143
1.03999
0.00682141
0.658343
1.36453
1.48907
0.574703
0.838261
2.10267
-0.72623
0.287982
1.61068
-1.33506
0.303431
-0.801289
-2.71604
-2.97969
1.07492
0.473908
0.219517
-4.21471
-0.556389
0.526025
0.648808
-4.57346
-0.741047
1.16372
0.585455
-8.55509
0.137553
-0.428031
-0.106862
0.446228
-7.81293
0.329723
0.542358
2.25468
0.688337
-0.739183
-0.743697
-3.48735
-0.913349
0.039905
-3.43257
-18.9191
-0.727774
-0.398739
-3.12884
6.03043
0.609613
1.42212
-2.65853
-1.39395
1.08549
0.153623
-0.252405
1.64019
0.347345
3.94997
-1.77726
-7.1991
-0.430615
-1.25075
-0.763416
1.75093
2.42586
1.07282
-0.818527
0.362892
3.77987
1.98316
-1.99832
-2.11873
-3.79144
0.799413
0.0873272
0.447044
6.06706
5.11958
4.84703
12.1495
0.647696
-0.867899
0.372858
0.0238639
-0.544735
-2.45495
-0.537096
0.713351
-1.68143
0.652258
-0.773447
-4.35041
-0.689801
0.525648
0.121829
-1.61088
-0.408071
0.462392
4.13068
-1.36769
1.89613
-1.47868
-0.00533007
-1.12262
2.53642
-0.480345
-1.2841
-0.220344
-0.551955
0.368407
0.747778
0.172326
0.825372
1.61141
-0.311525
0.573479
-0.0146649
-1.11754
-0.689268
-0.48785
0.232924
-2.16562
-1.10223
1.49698
9.80496
-0.309564
1.65758
0.249614
2.58979
0.538035
0.883635
9.5384
-1.11337
-2.05984
1.68077
-1.92622
75.3615
8.48819
-0.450668
0.935337
0.330997
-1.05901
1.16254
1.70509
-0.726409
-0.673973
0.136457
-3.72752
-2.31008
0.699203
0.680074
-1.92107
12.8344
-2.06389
-1.435
-0.347595
-11.3504
-0.755624
4.45734
5.85791
-2.25356
3.48443
2.24595
0.118708
0.536214
0.513156
0.979583
3.03204
-1.769
4.52702
0.84081
0.472019
2.92468
-1.32324
2.99258
0.973832
0.215645
13.8843
1.90624
15.4618
1.67719
1.46469
-17.3162
0.914144
-0.969998
-0.847647
-0.23062
-0.0122071
1.56292
0.387508
-1.02179
-0.693841
-0.18033
3.84204
19.2199
1.23613
1.44813
0.0944145
16.1083
1.46297
-0.719708
-1.8048
1.15901
-1.63935
2.5036
-0.556303
-0.0906641
-1.05433
-18.3419
-0.322597
-2.81668
1.39614
-0.73299
23.8771
-0.101702
1.22178
11.3849
3.09178
0.334577
0.580042
6.17316
1.97414
8.10553
-0.660087
-2.13841
-0.975759
-0.0620669
31.8798
0.070867
0.953998
0.17103
1.37105
12.5609
0.816825
1.21711
0.532089
-0.449403
-0.28258
-0.0997788
1.32228
-0.115561
0.927569
1.05872
-0.37316
2.67511
-0.700813
8.40555
-0.440763
0.0912589
-3.23471
2.20686
-0.715326
5.89477
-0.787927
0.428948
-0.199539
-0.913945
0.398662
-4.92585
16.721
1.07647
-0.012026
2.8233
-8.48177
11.2575
-0.805207
0.111172
-1.54586
-3.10263
2.61276
0.209995
-1.221
-10.0971
0.305977
1.10083
0.401106
-0.835332
0.570897
21.7519
-0.326739
-0.713397
-0.678465
2.6335
11.5315
-1.34871
0.533084
0.41747
-1.00888
-0.155889
0.654787
-0.373355
-0.568645
2.08266
-2.81259
0.725335
0.0243136
-3.77975
-0.745538
-0.735424
-0.958798
-2.5123
-1.17525
-1.72045
-0.387209
2.40944
2.2389
1.83496
-0.23344
3.01686
0.892424
0.144337
1.84876
0.216769
0.65704
-0.469472
-0.603239
-0.321185
1.24228
0.330673
-0.787904
1.07085
0.0406748
0.0747579
0.10581
-0.221107
-0.367003
0.178382
-1.885
1.48596
0.157066
-39.2362
-6.78753
3.21081
0.24603
3.98525
1.29301
3.37457
2.30542
0.238482
-2.49791
0.460526
-2.63631
11.5377
0.0106578
0.520522
-0.480888
-2.81194
10.1081
0.0835796
1.04157
4.12697
-5.54435
-3.59471
-1.2117
1.64154
0.237621
0.3775
-0.44995
4.52883
0.110465
-2.85179
2.11604
-0.418216
-0.495217
-0.857325
-13.1917
0.811008
-2.15356
2.27618
-0.13506
0.438661
-12.0549
0.539545
-0.92866
0.321961
-1.60731
16.1406
1.10404
-43.1434
-0.654615
-0.397439
0.115283
0.78905
0.384932
-14.9951
1.65229
2.38686
-1.05861
1.4005
0.185305
1.04419
1.19494
-2.08564
0.767542
0.464933
-1.71999
2.77794
-1.47039
2.86835
-0.0880088
-4.68923
-0.602265
0.454753
4.06668
1.6111
0.448238
0.512205
1.83052
69.2138
-1.41543
-55.3659
-0.593499
284.187
0.636895
0.245175
10.1206
27.5612
-0.250838
2.36939
0.333582
-0.373844
-3.5463
2.78253
6.86581
-0.821241
-3.45208
0.263523
1.49543
-0.20549
-7.13771
-6.88585
0.415802
-2.8766
0.669894
-9.73115
1.44861
-0.0411931
-0.109862
-0.899038
34.9826
-1.36435
-0.543182
2.27465
-1.64599
-1.38424
1.08465
0.373349
1.9964
0.698807
-36.6947
-2.80076
-0.0176535
0.571602
0.377376
-0.56543
-2.63928
2.1592
-0.528405
-1.85353
-0.551561
0.244078
-2.91152
-5.63606
-0.315704
-0.460299
0.0670751
1.10017
-1.6732
-0.641526
0.37363
-0.613525
-1.86319
-0.897612
-0.693509
0.814122
-8.50989
-0.449897
420.66
-0.726055
0.300205
-1.10788
-7.13872
0.296975
-0.385232
-0.855372
-0.254509
-3.95914
0.800011
4.48057
0.224556
-0.684474
-0.633128
6.21453
0.16541
1.88925
-2.60266
1.14158
-9.34362
0.487557
-0.236636
0.965273
-0.154293
0.0689099
-6.23706
5.32692
0.267355
1.46105
0.2017
-0.27015
3.83199
-0.587419
-0.157142
-0.656686
-8.71922
-0.265051
-1.43021
6.79553
-7.06355
0.367527
0.307878
0.0632141
-0.552822
1.0514
-1.26372
0.146467
-1.64043
0.265098
0.292058
0.114778
-7.94116
-1.03376
-0.278494
-0.678893
-1.49907
1.17485
2.74512
1.41019
-0.129774
-0.913028
-0.470109
1.07147
2.26711
0.775229
-2.3449
0.0652852
-0.675108
0.988021
72.8628
5.1022
-1.15221
0.776591
0.0350811
-1.62827
1.57826
6.14784
-0.327016
-2.06094
-8.0331
-0.206768
3.57341
1.92372
0.187053
-30.7857
8.31864
0.402561
0.0321416
0.0333961
0.343755
-0.398067
1.19163
6.71787
1.10078
1.03524
-5.30976
0.355408
-7.61651
-103.333
-0.192013
-0.814309
-3.55428
-1.98624
3.79722
-0.156166
-8.45143
1.7397
-2.81668
-16.6363
1.08145
-13.0088
1.63139
-2.34058
-9.96471
-4.67631
8.64377
1.12938
1.17977
0.548371
0.799734
0.144243
-2.87115
-1.75433
-0.989611
0.88459
1.07571
-0.741662
6.51099
1.49006
-0.0963698
5.31018
-0.213812
15.6998
2.57145
1.15351
1.38919
-41.2847
-3.28905
0.116441
0.950909
-0.80389
-4.43757
-5.63193
-0.312125
3.03863
-2.15343
1.38608
3.11596
-0.756428
1.92123
0.117233
-1.16593
-0.198397
-0.505707
-0.644439
-0.685383
0.423762
-3.71971
-2.68821
0.590453
-0.413754
0.892063
-2.09199
-1.5265
0.0110339
-0.232
1.26131
-0.366477
-0.99179
0.229364
-0.372389
1.5563
3.41957
-1.92278
1.5561
0.467724
6.47155
-0.442732
-1.04809
0.126661
-7.90193
-0.561324
-0.219842
-0.0305439
0.951727
1.52359
1.08984
-0.289292
-0.144818
-0.089438
1.71659
-0.599177
-1.44271
13.5314
0.442563
-2.42139
0.224896
0.811936
0.585257
-0.493984
1.13305
88.6812
1.21779
-2.33182
0.206173
0.0201455
0.880053
0.135403
1.05065
-10.0377
-1.73933
-557.358
3.17001
-0.170347
-2.73475
0.251181
0.113468
-0.64231
0.832845
-0.721502
-0.602229
-7.61892
0.279076
0.740575
-1.63369
11.5659
-0.65015
0.489664
-1.37921
1.05598
-0.313447
1.26683
-0.0900351
1.31118
-1.31959
0.968125
0.44173
0.461584
-0.228001
-0.348373
3.9648
0.141838
0.0792865
0.551515
-3.28397
-3.81343
-0.492778
-0.248481
-2.53043
2.03461
-0.39965
-6.14052
0.141794
-0.572749
-10.5083
1.13141
-0.7726
0.452941
0.417068
0.859095
-1.68697
-0.830853
-1.83913
2.89678
-1.00935
0.468103
0.0729186
0.422776
-1.2032
-0.325129
-5.89603
0.556263
2.41709
1.08613
0.308857
-6.62671
0.300393
1.24503
1.349
1.32704
0.675032
-0.173058
7.84841
-0.45122
2.66729
1.10439
1.38486
-0.438043
0.508581
1.66223
-20.8733
0.0864796
0.494546
-10.6232
13.7189
-2.73739
-3.40411
0.364067
-0.749985
-1.24084
-3.71419
-0.216738
0.290773
-6.17287
3.36319
82.5865
-2.41125
0.672618
1.69554
-0.0116295
5.80435
-1.23917
8.67902
-0.192359
2.81944
0.97626
0.807385
0.149504
-1.0728
0.0346755
-6.02483
0.864678
-0.00181191
0.525212
-0.774029
0.284095
-0.392732
-0.180638
0.424757
-0.0322154
0.434153
18.9762
-12.2665
0.0150169
0.023646
-0.325846
4.45386
-1.36911
0.237985
-3.70094
-1.2605
-1.95657
-1.60779
-0.761246
-0.20481
-0.456857
2.0499
-0.56967
-0.522896
-2.07841
-0.412929
2.04842
0.127101
-1.47645
1.46147
-0.160451
0.484279
-0.818134
-0.531305
0.956878
-1.56446
4.11805
1.01277
-4.03966
2.27452
5.13915
-1.38553
-6.27158
-11.104
-1.28953
5.71597
-1.99474
19.3227
0.0681921
-0.982465
0.473319
0.331297
6.03896
576.889
-8.07964
-26.0732
0.0179009
2.81294
0.293653
0.773649
-4.2051
0.0771151
-1.52063
-0.134818
0.271518
-0.129418
-0.33971
-0.458565
0.861921
-0.375559
0.953643
0.305535
0.224108
1.57486
-0.332352
1.0941
-3.09834
0.377308
0.347392
-0.32575
0.475367
3.10643
-3.31694
-1.06589
0.56401
0.141266
0.695636
10.5366
-0.843244
0.417709
-0.222675
-36.3895
-4.94083
5.64533
0.31856
-2.57236
0.42821
0.561488
1.1118
1.74311
0.984792
-0.869642
1.10114
-0.888745
-1.65962
3.34672
0.439355
1.20324
1.58543
-0.518358
-3.33065
0.237297
1.54526
-1.73722
-0.961145
1.91611
6.93324
-0.365233
-0.550419
0.582485
0.150526
-2.95971
-0.927316
19.5725
0.63216
0.98042
0.916845
-0.0387649
0.595549
-0.384074
2.07352
-0.218837
0.606915
0.456841
0.085965
-1.25945
-0.290087
9.64629
-1.25602
-1.06915
0.378849
-1.93712
0.0778476
3.42699
1.86389
-11.0974
5.07912
11.6877
-1.62156
2.45241
2.18666
0.0570825
-15.7436
-1.00775
0.0889243
0.762073
1.73475
-0.248074
-1.11442
3.72913
-4.66842
-2.34813
3.20228
0.336212
-2.47317
0.366672
1.10769
-2.98879
-0.700447
-0.732296
-1.18454
-0.185175
-0.0852022
0.520999
0.794811
-6.87491
0.842098
1.10981
-1.76615
1.63195
13.3579
-0.153899
-0.973351
0.179034
-0.00502088
-0.93271
1.36923
0.130002
3.44182
-0.224502
14.0978
-947.856
0.166954
-0.436268
-0.699625
-4.61697
-0.503536
2.25617
-1.04901
-0.89424
-0.605699
-0.528459
0.760696
0.0276048
14.7936
3.79673
0.372683
2.08041
2.8141
0.496066
1.02043
0.715756
1.43236
-0.00536014
-1.41229
-1.02832
-3.53233
-0.543147
0.351989
8.54031
0.538988
-1.01453
-0.496747
-0.187461
0.411701
6.32435
2.11499
-2.52832
-1.45913
0.988528
-0.137082
-2.52716
-3.1976
-3.78405
-0.431826
6.46443
5.0221
0.176534
2.08768
-0.0329791
0.0535321
0.0554097
0.277047
-0.486724
0.0463949
-0.161238
-0.0238726
10.661
1.57649
1.13786
-0.150333
-0.165535
2.59003
-1.48955
-0.263372
4.70315
0.177346
-0.445539
-1.45556
-1.52995
0.590969
-1.45109
-0.0119127
1.74275
-1.20903
1.85398
0.317952
-0.207624
0.559289
-0.378647
0.291591
3.6736
-0.299117
-0.425446
0.0441444
-0.652531
2.05417
-3.10914
-5.95349
-2.00995
-4.50857
1.75627
-2.28791
-2.34534
3.19141
-0.0761056
-7.8343
-0.289353
-4.57801
-9.22345
-1.10928
1.0852
0.320036
5.47026
-0.17642
-0.979966
-0.590055
22.2824
1.19741
-0.130138
-0.624951
-0.485773
-0.423908
2.0426
0.646459
0.581127
1.68559
-2.34251
0.0779922
2.31602
-0.196577
0.558506
0.643821
-2.85483
0.41503
-0.405491
-0.961553
-0.00792962
0.572322
8.18391
-0.162178
2.74103
-0.507434
1.30047
0.144744
-33.7364
-0.0543127
2.73998
-0.113344
2.7997
-2.83813
0.792251
0.614771
-0.53195
1.42041
0.203
-0.225085
5.59385
-1.20118
-0.347854
2.35503
0.00624258
2.21102
-0.560107
-10.4789
-0.293658
-0.0316472
-0.396348
-1.62841
0.578821
-4.89819
-19.0872
1.70013
0.437077
1.35624
-1.48457
-0.0270552
-0.933446
1.06479
-0.323976
2.29104
3.6857
178.337
0.0980881
-0.600511
2.75565
8.1656
-0.924897
-2.53855
-7.34498
0.319183
0.789087
-0.310321
-0.410426
-1.11867
-0.234169
2.41335
-0.226193
-0.978336
0.918694
0.000566372
-0.541067
1.18341
-0.273905
1.60527
0.455992
-0.27552
-1.79095
0.695872
-10.8678
-0.32091
1.97926
-0.50093
0.610556
0.77246
-0.108224
-2.06848
0.246267
-5.01804
0.00732498
4.58276
-0.894894
-4.80286
-0.54935
1.27371
-3.20508
-0.333811
-0.229313
-1.06229
6.62127
0.471894
1.0976
-0.106601
-10.7361
-19.8442
-0.303051
-0.841589
0.285855
-21.0757
0.792398
3.45226
-5.36174
-0.20391
-0.707999
0.0113393
0.34348
1.05813
1.15755
-1.3292
-0.00683628
-5.45186
-1.20986
-2.32339
-0.946264
0.390636
9.3596
-0.545694
-0.502487
-0.0385257
-5.65761
-3.29799
1.76934
1.24923
0.138809
24.6864
-1.68015
-16.5426
0.213996
1.41989
0.29581
-5.86928
0.45902
-4.47401
-0.284249
1.45391
-2.49252
1.72863
-0.0396286
-0.581981
-0.452245
8.04436
-1.57083
-2.41749
-0.519877
0.707254
-0.424817
1.19413
-0.888792
-0.918575
-0.288161
1.64888
0.9425
-0.190366
-1.87744
0.335447
-5.32529
6.4036
-0.255939
-5.13796
0.641606
1.37961
-0.536502
-0.969631
0.661303
-2.36463
0.889846
-0.673109
2.55832
-15.9869
-1.17314
24.3224
-1.27439
-1.01355
-79.6359
-0.797971
0.108302
0.655743
7.00186
0.627179
-0.314472
0.571327
0.0707283
1.23529
-1.67725
-0.0926462
-1.99692
1.03905
-0.471194
0.883223
-1.51649
1.53928
-0.307746
-0.513711
37.3678
-4.17548
0.125057
-2.44221
-2.29179
-0.21648
2.92624
-0.440435
-5.67407
-3.91984
-1.43901
0.134706
-0.629796
7.27611
2.58922
0.174711
-0.571026
-0.100144
-3.26446
-22.8692
1.36843
0.866368
-0.702984
12.0096
-0.613564
10.8061
0.456845
1.03272
1.20584
-0.785769
-1.23679
-0.143961
0.766307
0.416615
-0.495636
0.155755
-7.22595
0.459891
0.494087
0.151861
-1.14916
-100.853
-2.80824
0.848315
-0.362801
1.2507
0.506155
-1.04097
-1.26231
1.35903
-1.28232
-0.23326
-1.55776
-2.2536
-1.41472
-2.75974
1.20873
-0.310199
-2.29037
-1.24824
0.685586
-0.61032
1.30453
1.74845
-0.257802
-8.54893
-6.69632
0.0761429
0.187833
3.18396
-0.45386
-0.840426
2.42235
-1.53413
1.2444
-1.51642
-0.536646
-0.255886
1.357
1.21083
-8.41438
0.966584
-264.206
-0.24101
-2.11455
0.666942
-1.33029
-2.787
-0.0857134
0.564131
-1.35439
-1.08927
0.249562
0.116822
5.7714
-0.241052
3.67604
-3.02
31.05
0.398339
-0.196485
6.8077
0.689949
3.15224
-0.252395
-0.55298
-0.398519
-1.24239
-0.31923
0.940016
-0.315721
-0.989401
-3.38971
-0.0561166
-18.2502
-5.5603
0.329846
0.747164
0.466017
2.78019
0.033739
-0.518206
0.0877687
0.520364
0.542145
-0.394001
-3.2974
-0.5528
-1.09899
39.0172
-3.13863
0.237098
-851.135
0.337851
0.099481
-0.095074
0.370941
5.08428
0.0629883
-3.09897
-0.303702
-2.04772
3.51879
0.0932504
1.71299
-0.244601
1.58243
0.253792
-0.345289
-1.40342
-0.00840248
-3.35628
0.334485
-1.33865
32.2466
-1.90729
1.91854
-0.731614
1.1337
-0.378891
0.0270167
-1.4779
-0.220154
-0.755798
-15.0401
4.74711
-0.852647
0.964444
0.751488
0.734906
12.9691
-1.47397
-3.43609
1.18255
0.588104
1.51343
-10.6879
0.451572
-3.13623
3.0716
0.313045
2.2619
-0.240288
1.44195
0.606079
15.5119
0.55789
-0.378082
5.45609
0.455224
0.264766
0.00478649
-0.47011
1.61246
0.620746
2.03564
0.191883
1.09872
-0.0159382
2.17494
-0.193177
-1.66154
-0.231493
2.06975
-8.98439
-7.89151
0.45819
-25.0119
-17.4623
1.33368
0.959018
1.72389
0.734511
-0.490474
1.5262
-0.349704
23.8794
-2094.81
-1.10426
-0.838561
5.72952
0.391435
0.693489
-3.03372
-0.0713565
0.585285
0.0148181
-0.137231
-0.486502
0.144465
3.70654
-0.516586
-1.49693
-1.96575
-1.66519
1.48817
-0.644709
0.719955
-0.637945
6.13832
0.524134
-1.8361
-1.49101
2.2593
-2.70276
0.723822
1.09966
-0.0464841
0.876465
-0.0140886
-5.0918
0.885265
-0.352687
7.90751
4.79714
-0.261985
-0.246336
-3.5973
2.04267
1.75179
-1.11508
-0.766193
9.29205
0.383655
-0.267542
-43.6885
0.942115
0.505855
2.36266
0.592294
-1.30641
-3.16181
0.377622
0.621375
0.737524
13.6381
0.390533
-51.4046
2.43926
-1.10074
1.4169
0.475319
24.798
0.15359
0.509525
1.91069
0.576074
0.0505746
0.986336
-3.77722
-2.33475
-13.6685
-0.30469
0.741159
-1.84764
-1.32766
0.906471
-1.20443
-2.18042
2.39931
-3.70434
0.674434
-0.349762
-1.81765
-0.502192
0.888767
-1.62025
-19.0337
-0.972017
9.32635
3.07807
0.207388
-0.0185508
3.1234
-0.262159
-5.63356
2.2085
2.54387
-1.81125
-0.310634
-1.58442
0.221534
43.7411
-0.952342
0.661461
0.930042
-2.96762
-0.621788
-0.445205
2.07556
-0.838868
-0.176622
8.30755
-0.45476
-0.749684
1.92542
-3.00996
0.750507
5.09759
-1.41008
-7.64146
1.44845
-2.67404
3.00256
-0.32102
-2.9219
-5.09545
-1.85412
-2.96831
-5.08768
-0.359682
-0.534502
-0.485871
-0.633625
0.458735
0.466253
-3.4548
-72.0686
0.243689
-1.36576
-0.214142
21.2204
1.34098
2.51983
0.215254
-26.6091
-0.523563
0.109556
-12.2979
-0.973224
-0.58435
0.0589872
-1.02771
-1.01735
0.268705
-0.593711
1.32035
4.57191
4.57564
0.681866
-0.851609
-0.0472002
3.86179
1.48523
-0.0906124
0.39042
0.289046
-3.14753
18.1401
1.06051
31.4451
-0.099128
0.184186
0.450798
-1.55027
0.350468
-2.54938
0.751926
1.14573
0.0616596
3.64531
0.959523
0.0166808
-1.62801
-1.33108
0.447006
-0.316658
-3.2204
1.82493
0.416452
2.47349
-0.345638
0.993666
9.10384
87.134
0.830998
0.527126
-1.21208
1.00146
0.0858622
-20.9695
-2.0174
-1.13961
2.40926
-9.20725
1.44153
0.208448
1.12159
0.228866
1.76142
0.388177
0.227472
0.463501
1.89842
2.07246
-0.398277
-0.143434
-2.5134
-0.37367
-1.57722
-0.356399
3.63582
1.27527
-3.20673
1.60356
1.6621
-2.40835
0.452266
1.52359
-1.75869
-0.175807
2.04823
-17.2366
0.0937299
-0.35508
-0.560168
-10.5041
-0.0422114
-3.89917
-0.285124
0.751876
-0.379078
0.184181
-4.80763
0.23351
1.16807
0.563964
0.0289377
-1.5112
-0.429421
-0.348017
0.733853
0.201104
-0.308981
3.33544
-0.174859
-0.0531526
-0.141856
0.646577
-0.682231
-2.69176
-0.396724
2.37576
1.38087
-0.427915
-0.660628
0.681167
2.12728
-1.61101
-6.09799
-0.20241
-0.892761
0.602823
0.0303381
0.61583
-0.50149
-7.62734
0.226469
-3.39033
-1.89797
-1.04882
-0.095911
-0.724837
-2.25363
-2.14425
1.24455
-0.904264
0.606606
0.280474
1.32638
2.48328
-20.4696
14.9536
-0.979472
0.735841
-2.37862
-5.47857
-52.753
0.549975
-1.0471
0.318335
-3.7741
-1.87777
0.593082
0.333997
0.117318
0.509435
-3.80619
0.155761
-0.724002
1.21336
0.693822
1.62071
-0.50753
-0.702678
2.32698
1.47405
-0.226205
-0.872732
-0.651624
-0.918371
-3.26307
0.497136
1.22328
-1.72278
5.81911
0.826084
0.125396
-2.32593
-0.0244963
-6.14524
0.19059
4.15376
2.03644
-5.03282
-1.39678
-0.727349
0.406225
1.48964
0.341903
1.07683
2.37366
-1.23081
-1.67831
0.487661
-0.624614
1.03203
0.151212
0.1771
-0.0218696
2.85657
-0.141078
1.01415
0.898441
-3.22209
1.08543
-0.115083
-7.05456
7.18046
1.58
-1.79598
-0.45614
0.0770086
1.3146
17.3345
13.1055
3.56178
1.43138
0.241667
-4.04381
-0.0804624
-1.00683
0.5685
0.564059
-1.17268
0.186644
0.115939
-0.861575
0.165801
13.2251
1.12217
2.57248
6.20434
-0.136443
1.93507
0.654043
0.812078
2.70554
-0.312699
-0.77882
-3.03803
-0.568768
-0.595128
0.536318
0.15157
-0.336198
0.104752
0.280563
0.588027
0.967485
0.757773
9.47096
-2.12925
-16.769
-1.07522
12.7233
0.840968
-0.0330741
1.9081
0.781378
0.0541312
0.839499
-3.03924
-0.774601
-0.448863
-0.0602359
8.15479
-0.148232
-0.429335
-8.08665
-1.17432
0.0133444
1.99456
2.14091
1.75109
-0.275361
-5.28247
-1.22152
8.06664
-4.20301
1.21043
-5.92574
-0.0789886
-0.373393
0.246475
4.48787
-0.396853
-1.22429
1.70059
3.07116
-8.19947
-3.7062
-0.24364
-0.317808
-1.82817
96.5456
-0.387139
-0.0868563
-1.11174
0.0744882
8.28355
0.326165
-1.61296
-1.17255
-3.67918
5.28878
0.247672
1.62828
-17.9659
1.13377
1.69633
-1.9314
4.73755
-1.13736
-1.961
-3.7498
1.17791
2.19415
-0.108619
-0.754556
141.577
0.42711
-0.77153
7.41939
-0.301174
-0.867402
0.0603494
-0.903756
-0.348248
-0.39503
0.721741
0.536405
0.694598
0.106812
87.8618
-1.01265
2.43262
-0.333659
-1.59431
-0.0702373
-0.00675788
-2.42126
0.199593
2.19049
0.570793
-1.18814
0.221095
-0.0533243
1.80286
-1.74373
1.64259
1.62493
-0.11994
-0.598092
-13.4814
1.58665
-0.345193
0.10407
-0.178472
4.85106
0.775986
-0.218376
-2.49415
4.94016
2.45245
-0.533897
-0.333957
-3.70486
-7.75134
-0.702172
-0.506375
-0.589569
-2.35992
-0.490205
0.517414
5.13437
-0.0660382
-0.301565
0.163595
-1.93412
1.25206
-0.493142
0.133505
2.29724
1.19015
0.946767
-1.17185
2.20636
-0.541936
0.649128
0.660044
-0.533493
3.372
14.2189
2.34527
1.03683
-4.29817
0.167396
-1.04341
-17.1702
11.1417
0.79674
0.293484
8.06941
-1.72252
0.0513604
1.15385
2.96325
0.360281
0.23297
0.838299
-0.241948
1.42303
-14.3685
-1.38967
-1.85769
0.249704
1.40878
-6.17708
1.86232
-0.984
37.764
0.662491
0.268732
1.08534
0.448104
-0.257755
0.296332
0.00877813
1.81049
3.81334
21.3321
-1.05656
0.0616454
-0.00743688
2.05592
2.56816
0.905303
-1.0416
7.84558
-0.612293
0.780311
-0.649495
0.251755
0.389034
-0.831889
0.564952
0.0690217
1.91259
16.3962
-1.85516
0.0982706
-2.22433
6.96806
-0.327838
-12.4126
5.09753
10.1234
-2.34438
0.673165
-4.27623
10.3023
-0.344522
-1.03637
0.540279
-0.526008
0.181602
0.705235
0.0472704
-0.602459
-0.0370196
1.41447
2.00615
-0.521607
-3.16393
0.76262
3.85734
-0.503414
137.384
0.95711
10.4938
-0.724003
-0.7737
0.362447
-1.90407
-0.0170643
-0.158658
4.27392
-0.877567
-1.79076
6.57459
0.128636
-0.758951
-5.81158
-0.082241
-0.480884
-0.967456
-1.68634
1.24696
-1.68608
-0.0292551
3.63037
0.723409
-1.16812
-0.753839
-5.789
-4.56606
1.68122
-5.93445
2.23415
-4.12757
2.29395
-1.16925
-2.30062
0.768471
1.49695
-3.44432
-1.23606
-15.7404
-0.315208
-0.739672
1.36961
5.89876
-0.866353
-0.318127
0.144801
0.235986
0.635024
1.70266
-2.07401
0.198952
0.417273
-1.4795
-0.349784
0.597081
0.0184865
-0.206864
-0.706055
-0.600092
0.589337
1.59005
-0.258241
-0.778129
-0.634766
-1.03705
0.101483
0.663571
2.80784
-0.608104
0.592935
-0.0836131
-0.252019
2.23453
7.84778
0.990568
-6.18504
-1.34588
0.332484
-1.26026
1.2089
0.903049
3.83374
0.216252
1.28827
-3.9876
0.109199
0.879119
-1.71078
-3.20117
-0.00464501
1.13863
-1.02053
-1.50855
2.63668
0.020757
1.27373
-0.657179
0.494281
-2.1123
2.03534
-0.843573
-0.791168
-1.7342
-0.520597
0.146166
-0.808764
1.41492
0.777213
0.621743
-0.89569
-4.52567
0.0523286
3.01212
-3.75406
-0.110993
0.864927
0.819221
-1.97263
-0.0236317
-1.64282
-1.11293
1.49397
0.943193
1.0326
-1.32301
4.66635
-2.56192
1.87194
0.72109
1.16318
6.7137
-2.44244
-0.558164
-0.664765
-0.817884
0.149475
0.602924
-0.468497
0.34924
-0.627761
0.0620173
0.502167
-5.15195
-1.13948
1.07324
0.256355
2.21668
-0.950391
0.149123
2.44237
-0.214132
-0.471327
0.0245342
-1.20264
-1.75264
0.740762
0.712413
0.869628
-0.227013
3.63637
-2.96591
-0.82798
1.81631
2.73564
0.0297558
-2.72265
-0.377678
-0.983833
-0.375135
1.79672
-0.64173
0.343888
-0.0476568
1.69872
-0.352543
-0.306391
-13.204
-0.433554
-0.465217
0.059391
-1.77833
0.0162237
-6.78986
-0.298567
1.30177
-0.378389
-1.44818
1.4474
-1.75257
0.648399
0.542396
-0.759018
-1.07828
0.58801
0.554726
0.804702
0.165271
-2.73876
-1.25735
-1.50118
0.617388
-6.40745
-0.523819
-3.71954
10.6401
-2.14075
43.862
-22.1171
0.661995
0.0258165
0.80208
-4.02963
-1.09682
0.3023
1.03598
5.82107
5.26031
-5.03918
0.399148
-0.0105382
0.820906
0.0596516
1.23273
0.569788
0.527165
-23.9946
-4.39691
-1.30822
-1.46466
3.58117
-0.108897
0.21981
1.50887
2.4746
-0.832472
-0.439278
1.37906
-0.925867
-0.164195
-1.00012
0.515361
2.3926
6.49261
-0.275444
-3.87801
8.28795
-2.3315
1.49415
3.26372
-1.82548
3.99695
-0.26908
-4.18205
0.134655
-1.20289
-0.543477
0.308949
-0.0543484
-0.380753
35.1853
-5.09564
-3.45212
-0.957637
-3.83601
0.355335
0.205645
-0.905542
5.37522
-0.268924
-1.28855
-1.9149
12.0443
-0.889602
-1.26328
0.917243
-7.75891
-1.60044
-1.14983
0.638403
-0.244865
1.72121
-0.394064
-1.15966
1.44659
-35.216
-1.31476
-0.147195
0.481018
0.0407519
1.10298
1.11427
-0.919038
1.07121
-1.03635
-0.94152
-1.20438
-79.4735
-1.8964
-0.663335
-7.97825
-1.33313
-0.290181
0.102578
-0.181181
-0.336668
0.796156
3.15652
-1.96564
0.233105
0.12394
0.622343
3.00314
-0.887605
-1.32792
-2.83863
-2.80881
1.77611
-1.90246
-0.0105057
-0.738531
0.0353562
-0.264802
-5.11982
-0.863361
5.27391
-1.31622
-3.71148
-0.34622
0.198803
-0.210558
-0.250743
0.298819
-0.00650516
0.238851
0.0812324
-0.215075
7.68178
-3.27331
-0.892607
0.661007
-21.251
-0.340862
3.20484
-4.4361
-0.665458
1.07375
0.541326
0.188391
-1.69156
0.309034
-4.71488
1.12482
-1.47131
2.06039
-2.00101
-0.0225683
10.0469
-0.395334
0.927749
2.55294
-0.96536
0.817813
-0.296687
1.34668
-0.132256
-0.0335519
0.0103587
0.824619
2.70165
-1.09076
-0.702385
-0.238368
1.42533
-0.0452566
17.7798
0.407673
-1.24062
4.49335
1.73112
4.26528
-0.209271
-0.252582
-0.584494
-9.28302
-0.261018
-0.228855
4.54715
2.21171
-0.114238
0.150258
-0.839554
-0.475839
2.2572
0.856772
0.985917
-2.87598
-2.71594
1.11512
1.23522
-1.1068
-4.68023
-0.962227
-1.68561
-0.678894
0.248276
0.49339
-3.48809
0.223353
3.25597
1.57543
0.538413
-0.678501
4.63958
0.767819
1.34316
0.487532
-4.60017
-0.928824
-1.57089
0.163174
66.2572
-1.80158
-3.03878
-0.355255
0.310746
-1.43147
0.479843
0.332161
0.106503
-1.48421
1.29487
-0.080053
0.102284
-0.670076
15.3198
-1.08409
7.83219
0.652101
-1.22462
-0.39854
1.05362
0.423568
-0.0384776
0.439047
-1.15581
-0.398237
-0.545706
0.388317
-1.87761
-3.22883
0.492492
3.18687
-0.103421
1.21228
0.549403
-4.01057
-1.02532
-1.64535
-2.35029
0.0928206
-4.72285
3.10376
0.000590628
-0.517453
0.769315
-0.196951
0.0575648
-9.35128
26.1624
-0.372602
2.398
2.46637
0.290021
0.332766
-2.41292
-5.33381
-0.306997
-1.58717
7.35759
0.337189
-6.17809
0.469627
-1.50155
-0.126739
-0.776117
-2.40847
0.0326498
-2.79213
-2.24936
-0.419643
1.81034
-2.6578
1.01395
-1.50891
0.681786
-5.47851
-3.86532
1.2102
-0.234823
-0.120434
-0.549803
0.80012
-1.18098
0.543299
-1.27302
-0.0104484
-5.36043
-0.319943
-1.0112
1.14596
1.25685
-0.697564
0.0253249
3.6909
2.47588
-0.804779
2.48948
-0.158342
-1.38316
0.706463
8.00932
-2.51048
0.458014
-1.32064
-6.01251
1.39561
0.238384
0.64038
-0.400677
0.371319
0.354241
23.6426
1.78764
0.183948
-0.458606
25.1156
0.269401
0.383782
1.65798
-2.45952
-0.0143409
-0.40906
-0.337016
2.20394
0.930529
-3.42853
-0.0345055
0.0369592
12.9674
-4.3278
-0.200096
0.167001
-0.138209
-0.057796
1.84516
-1.61942
1.53978
-3.80302
0.833413
0.197848
1.55607
1.13838
0.317974
-1.02209
0.611027
-3.86739
0.274448
0.221944
-0.263146
-0.468899
3.57319
0.198272
5.74854
1.11178
-1.98023
0.260852
-2.92613
-26.8104
-6.1021
-0.722802
-0.375937
-0.962017
1.62398
3.33389
-68.4835
-1.09942
0.510586
2.13073
1.5023
-64.2542
0.721692
-2.90689
1.49044
-0.37575
0.398384
3.11072
0.0381289
0.453006
1.21132
-0.217325
1.15836
0.98521
2.80899
-0.707326
-2.09029
-1.54597
0.0358094
-0.207084
0.386393
-21.0469
-0.453095
1.91208
-0.323553
5.80678
-0.259267
0.926169
-0.476664
0.495082
-1.03135
0.213844
-0.66721
-1.21668
0.91904
-0.583306
-0.564966
1.51182
0.3177
-1.02683
-0.564744
-0.646385
1.38469
7.50743
-0.43656
1.01207
-9.73994
1.30762
0.213445
-22.4256
-0.140091
27.9872
-0.931106
-2.25671
-3.37993
-2.79508
-0.481162
1.23085
-2.67287
0.547375
-0.607226
-0.0263291
0.208173
-0.766306
3.56574
0.0452958
5.23564
2.60377
-0.302141
-0.518804
-0.645133
28.9125
0.78125
-0.293065
-1.04672
-1.06888
-0.349136
0.925646
-0.728608
-1.08517
-24.8248
-2.78152
-0.261352
89.1764
-0.552785
-0.935972
0.952377
4.04159
-0.593107
-1.21693
2.08393
-3.63401
-1.79046
-2.65791
-2.8269
0.0191095
90.4055
519.809
0.958909
-0.692587
3.30838
5.8861
-0.17151
0.045421
1.45372
6.15397
3.7458
-0.112929
0.0200052
2.80037
3.46851
-1.80348
-0.252331
0.175987
7.7633
-0.189462
-3.4973
-1.03522
-0.381729
-22.705
0.616648
-0.570925
1.15606
6.39556
-0.2249
0.00501666
-14.04
1.51289
-1.8275
-2.48053
0.549145
7.7186
-0.3296
0.0274203
0.950805
-0.113225
-0.142268
-1.80125
-1.21969
-0.998519
-0.135907
-0.229375
-0.0302854
-2.03636
1.20606
-2.44311
0.516443
-2.76941
-0.909401
-0.0491306
0.971721
-0.451123
0.6223
0.341346
-0.0707787
6.75224
-8.372
0.567822
-1.94735
1.90776
-0.229811
-0.965196
-1.67928
1.21307
-3.22675
2.04727
-0.811741
1.71785
-3.2825
-0.0447724
0.685666
-0.0567215
1.13313
-1.02001
-0.527745
0.427841
1.13993
-0.185858
-0.542324
-0.895892
13.5556
-0.637175
0.127583
1.1781
0.394994
4.20229
-2.85383
1.48973
-2.09492
-9.58021
-0.632845
-1.68571
1.64613
-3.64799
0.630947
-0.0338198
-2.73587
-0.28492
-4.83546
0.386588
-4.3042
-0.361372
-24.1819
4.613
-1.26528
-1.37418
1.59598
0.537129
11.3773
1.62099
0.632715
-0.838633
-1.00372
-2.12511
0.142185
0.196186
-0.0684519
3.12733
-0.370358
0.888277
0.92701
-1.08935
3.7092
0.697047
-0.716577
-30.7052
-3.48162
2.1995
0.668062
0.103256
2.80097
1.4428
0.422771
194.33
0.364694
-0.475561
-10.5205
5.92453
-0.744549
-20.9337
-2.07416
-1.85404
0.995139
0.858763
0.139802
-3.68794
-0.777748
0.187367
-7.56623
-0.65094
0.0883859
-7.58867
5.71562
1.42394
-0.279673
-0.728679
2.39118
0.855825
0.214113
-0.0698029
0.142003
0.654019
23.6707
0.962282
1.94062
4.48698
-3.80664
1.85265
0.68681
0.585186
-1.05059
21.2723
-2.71853
-0.0428256
-0.419184
2.27544
-0.358495
-2.50702
-13.1198
-0.151023
-5.74727
-1.66651
-0.98238
60.1177
26.3996
-0.256568
1.55037
2.53142
-8.79662
1.14897
0.55374
-0.75312
3.3022
6.62118
-0.551845
-2.86042
0.748215
1.50171
1.249
-5.85375
0.200953
-2.13836
0.123162
-0.209809
0.0435051
0.640562
-1.17658
17.0306
-6.59112
-1.0573
-14.4354
0.701843
-0.0716564
4.97063
-0.85693
-1.05202
0.403207
1.14132
-0.891428
2.31182
-0.346385
0.177239
-6.50604
10.615
-0.829011
2.78667
-0.455574
2.45427
0.36724
1.84952
7.16518
0.112106
-0.205434
0.87353
0.788153
0.951669
-0.586569
-0.372281
0.224502
-0.291581
-0.823581
0.193049
-0.267807
0.137985
0.392569
-10.2373
-1.31489
0.295676
-1.73212
-0.0908553
-1.87651
-0.148871
-2.39426
0.266535
1.32369
-0.250908
1.49387
1.58462
-0.600717
0.408753
-0.430473
0.928306
0.194122
-0.151707
0.0924558
-0.9767
0.799303
-0.395139
-1.5632
-0.410603
0.553001
-0.00447677
-1.03115
0.649487
-1.39576
0.357014
-1.09238
1.32151
8.6634
14.7244
5.59918
2.48195
0.878769
-5.33335
-20.6899
-0.352807
1.48252
0.197874
1.58536
6.86528
-4.4544
0.337269
7.4202
-0.560973
-0.323094
4.37614
0.608427
6.74969
7.14822
-0.161446
-0.0576018
-1.28211
-0.526725
-0.202223
0.0349454
-0.294675
2.15375
25.6232
1.03894
0.524694
-1.05493
-0.98392
9.80236
-0.446228
-1.70628
1.46365
0.536593
1.45376
0.281399
0.240216
3.63725
0.330889
-0.535639
-0.088373
0.510029
4.24577
1.71492
0.145768
0.157907
1.23944
0.382517
-3.1532
-35.1792
-3.80935
0.0254946
0.463365
64.128
-41.1547
0.714657
4.29431
0.0463181
0.606285
1.18614
0.346506
-0.343271
-0.408461
-0.0190113
-0.748344
-0.3118
0.399193
0.430706
1.53063
0.57279
-2.38949
-1.92797
-10.4346
-1.58425
0.537452
-1.5645
1.93303
-1.17171
8.65051
-1.97874
-0.198118
3.34656
-1.27255
39.0474
2.73309
-1.71687
0.559254
-2.62077
-0.517792
-0.730134
1.31932
0.110069
-0.00900823
2.95763
-3.11598
28.2312
-22.9845
6.07588
0.481522
2.28887
0.856031
0.897408
-0.453088
0.0574221
-0.439843
-0.103268
-0.454566
-1.50951
0.723491
-1.19042
3.73963
-0.949718
0.689244
-2.09621
0.873873
4.11012
-43.6896
-1.44971
1.23673
4.46863
-24.8149
-3.73302
0.024216
10.4199
-0.61171
0.104749
0.150208
-0.583811
-0.262358
0.368288
6.82299
-4.31425
1.62215
10.3892
0.0419981
-0.0106315
0.776906
12.5113
-2.60209
-10.4751
-6.68045
1.10708
1.34559
0.0905752
-0.157212
1.06187
-0.433006
0.450057
-2.44655
0.157454
-1.10879
0.721959
-0.365219
-1.87184
0.962125
9.21909
37.8682
-0.140727
-6.32055
-0.193304
-0.576073
0.351634
-0.143681
0.264017
-4.69577
-7.34172
-0.0412104
5.06753
34.541
-0.0345078
0.0850687
1.31878
1.37776
-1.54091
0.461217
-0.605896
11.0648
-3.90693
13.9822
1.67002
1.24589
1.19901
-0.853773
0.833571
-1.76685
0.0238127
17.4597
-0.499278
0.104731
-2.85107
-3.42393
0.71395
0.775861
0.349768
9.01961
0.704531
-0.420627
0.845825
-1.09392
0.675176
-0.595426
0.120762
-16.6991
-1.42563
-5.5508
-0.795478
-0.623181
-0.47496
3.81647
0.174337
0.718219
-0.809956
-1.49576
0.858203
-0.107033
-0.146375
-0.784701
-0.870568
3.9134
-0.62149
-0.26887
-0.80601
-1.51833
0.534767
-7.81726
-16.6715
-1.23244
-1.5769
0.588588
-0.755832
-1.61763
2.47477
-1.38486
372.354
-1.46229
-0.24482
-2.08837
-2.15284
27.3326
1.52594
0.131243
-0.111005
0.508167
0.232805
-0.848586
-0.521381
-0.0542203
0.781538
2.7738
-1.32655
1.44153
-5.7272
-1.74893
-3.8338
0.105264
-3.42292
0.510812
-0.575281
-0.321521
-0.0769011
1.56113
0.535977
-0.190695
-0.769165
47.4167
-1.87471
-0.0272834
-0.924286
-0.792163
-0.312306
-9.42038
-0.126644
-0.806374
-4.60285
-0.527049
1.01005
1.24897
-1.51891
1.48193
-1.2619
0.744074
-4.07972
-1.89938
0.410702
-0.379417
-0.074604
0.00204964
1.18049
3.41594
-1.26179
2.71109
7.75333
-0.355737
0.207423
-112.875
-0.223924
1.50609
-0.995526
-0.545911
-0.951424
-0.928237
0.293225
-0.139327
-2.90585
0.0613488
-1.97615
0.924806
-1.4903
1.2518
-1.34259
-0.730919
0.191104
1.66023
0.955605
-0.0467713
-0.309176
0.540669
5.11161
-0.6736
-7.52524
-3.54051
0.742358
1.7533
-4.11459
-0.120397
3.61042
0.56471
-2.23511
0.345581
-1.42903
0.751812
0.39865
-0.728007
-0.938741
-14.232
-0.390452
1.70535
2.32704
23.3952
-1.29453
2.73811
-151.764
4.07557
3.21527
0.305979
19.5957
5.10144
-0.521076
0.897863
-3.01028
0.713532
0.611726
-2.10423
-34.0318
-0.150848
-2.07308
-1.18333
-1.38588
0.1055
-0.227295
9.51383
2.50506
0.932093
-19.7808
-0.271884
-0.188017
0.747492
1.04331
2.99253
10.02
-0.0484402
1.46755
-1.96572
0.638979
-1.6642
-0.96683
0.0602298
-0.841981
-0.544655
19.0971
-3.89325
0.0227092
-1.98959
-1.06059
0.697342
-0.112647
-3.83177
0.20618
0.00280452
0.536994
-1.40532
-0.721886
3.1189
2.2549
-0.859467
8.32711
0.472859
-0.404895
0.71229
0.903241
-1.38186
-0.409959
0.498108
0.116511
-0.0721902
-0.00595342
22.1424
0.140883
8.40336
1.47221
1.32564
-11.5295
1.27549
0.150625
-4.21886
1.02932
-3.49817
-2.00254
1.84241
-0.132503
10.8922
0.774528
1.58804
3.05322
-0.000477071
0.838306
0.567802
0.238122
-2.21926
-0.651129
0.129187
0.12529
-5.31604
-0.37702
6.10127
-6.28597
-7.41971
1.75319
-0.269515
4.25949
1.05679
1.05471
-3.83718
2.07548
-2.60723
1.00027
1.26918
-1.37608
-0.485565
-0.139575
-0.0746154
-8.01858
0.0446146
3.72458
-0.672968
0.847875
-1.38012
-0.778276
-0.567032
0.804441
-30.2343
0.784496
-0.0795174
0.0378487
1.63235
-2.72662
-1.08206
2.19246
-0.086165
0.239256
0.652993
2.76274
-0.186266
2.15734
-0.242523
-4.94408
-1.30447
0.219192
-0.17598
0.106814
-0.69384
0.61649
-2.3698
-11.8948
-1.71593
-2.60261
0.134089
1.90401
-27.8435
-0.0120544
-0.443421
-0.182255
1.46277
3.34659
-0.314243
0.723225
-0.370384
-2.34542
-1.05478
-0.29958
-0.731641
-0.0818366
0.644836
1.56029
-25.6463
11.5811
1.48562
-0.826391
-5.485
0.393789
-0.564297
1.63774
4.20994
2.41778
-1.87244
0.188735
-0.429604
-2.50517
3.51539
-1.21532
31.1956
-1.61181
1.14806
-0.729466
0.155488
0.869138
28.7513
-0.00792159
1.4225
2.21474
-3.67146
0.615811
-2.83544
0.58821
-0.761857
0.38706
4.0654
-0.255096
1.45357
-3.47496
-1.3412
-16.0185
0.982962
-0.417945
1.7822
0.460001
-9.0616
3.74675
-1.02903
24.754
0.819983
-1.39295
0.990303
-2.13923
1.96398
-1.00551
2.45141
0.977866
4.65396
4.05937
-0.0388989
1.35202
-1.38237
0.388896
0.772663
-0.160096
-0.0444735
2.87749
0.85063
-0.568864
-0.22455
1.48939
-0.628873
-0.311969
-0.852387
-2.8744
-2.39741
-0.402805
-0.240023
0.38065
10.4854
0.544922
0.33504
-4.0855
0.0407225
2.16184
-0.257516
1.82316
1.19438
3.54653
-1.13786
5.50678
-0.267976
-0.354153
5.62922
-0.0158331
0.496382
0.0919151
-0.0669668
5.27539
-0.0639792
-0.369776
-1.05177
0.155518
-0.83729
0.970791
-1.2043
-4.03733
-0.851322
-9.65485
0.474155
2.96203
0.445632
-0.0750829
-9.24063
-0.413027
-0.828508
34.0385
10.4798
-8.27982
-0.56412
1.65623
-2.15726
-0.347886
-23.1324
-6.18832
-0.514192
-0.799341
-0.264546
-1.08127
-0.918779
0.310897
0.714193
-0.586594
-0.778879
0.128582
-1.57853
5.40924
4.21871
-7.79454
0.195239
0.941617
0.542477
-0.538544
-1.44542
0.370967
2.05027
0.225577
16.5028
-0.77667
-0.409815
-0.241994
0.0225759
2.22932
-2.13472
-1.29333
0.739522
-0.775629
-0.166351
-0.658257
2.70214
-1.87703
0.77766
-0.798236
0.390137
0.169002
-0.121962
8.79338
0.78912
1.41032
0.32523
1.15872
-0.76638
-0.355543
0.0506154
-0.554235
0.289481
-2.43459
1.89237
1.20351
1.74223
-0.0315111
0.0506378
-0.00300886
1.50692
-8.57545
0.0230216
-77.6767
-0.435983
21.335
9.31107
271.426
3.08546
-0.584031
-0.301432
0.102022
0.210792
3.36897
-0.969238
0.344761
5.60384
-1.25065
-4.75402
4.06444
-0.943366
0.652319
0.0798925
0.759954
-1.0637
9.55508
0.501598
1.42192
-0.203858
-0.618876
0.377964
0.217935
-1.74041
-0.362513
-0.123556
-0.275809
2.39499
-0.410145
0.271403
0.898134
1.67373
0.902655
0.357756
1.10736
-1.35205
1.05022
-5.0981
-1.61962
0.311206
-1.12604
-0.909445
-0.72137
0.344883
0.658702
-1.33719
0.113911
-1.1712
-5.91225
-0.635424
0.0847278
0.0950722
-0.583142
-0.552494
12.3529
3.7114
-1.28452
1.00257
-1.06302
1.77035
1.08103
18.0505
-2.45833
-25.4945
-0.0208676
-3.0547
0.930513
-1.14329
-2.74836
0.99929
0.580224
-0.614311
-3.49055
-18.5975
-0.491509
-0.236077
1.32821
-1.18041
-2.00317
-0.309007
2.15572
-0.0868366
0.839971
58.3786
0.351015
-0.84298
-1.18863
1.77437
2.03912
2.83527
3.56686
-0.871465
0.126167
2.39778
0.546981
-0.516475
0.749839
-0.0759066
-10.3115
4.7199
-0.649645
1.22334
5.17726
-0.0516833
-1.03628
0.0030099
1.63686
0.88176
-0.37674
-1.61239
0.889071
0.933547
1.4021
-0.127389
-0.177075
-0.820057
-0.128076
1.59555
-0.572122
0.957796
0.153716
2.43194
2.90248
2.03008
-3.83922
3.92394
2.27645
0.139055
-1.42282
0.175346
-1.03907
-0.483356
0.488181
0.11705
-0.558716
0.53981
13.7771
1.13045
-0.847642
-19.2231
0.291041
-0.00434927
2.95389
0.419008
0.994303
11.1211
-1.94864
-0.550611
0.48606
0.964
1.03753
-5.33765
-8.30527
-0.0713773
0.225951
0.528513
1.64471
1.78349
1.86884
0.423859
-6.08155
0.0256968
-3.37693
-1.21924
0.393609
-1.10042
-0.286885
0.481102
1.49078
-0.138651
-0.932659
-9.58189
1.06666
5.45811
-0.758443
0.368775
-0.974966
2.71837
-0.208107
2.08932
-3.68507
-0.145761
0.505174
-0.668405
1.7472
26.1056
1.57621
-0.143782
-0.438611
5.88963
3.07477
-0.248056
1.16304
0.220982
9.06505
-0.319921
-1.50281
0.929802
0.323991
2.48148
1.55462
2.28745
0.339115
0.369061
-1.89975
64.3236
0.156986
-0.230842
0.824855
-0.530063
0.312727
-1.37205
-0.761324
-2.93898
-2.13399
-6.13235
5.02158
1.73433
26.5227
0.189948
-0.101913
-0.947026
-0.0599921
-0.518194
0.382908
0.576255
0.928459
2.20298
-1.85736
-0.190289
-0.826894
1.6031
-0.352238
-2.39608
0.19872
10.8378
-0.809102
6.07655
-0.346085
-53.0836
-3.71273
-0.850701
-71.4712
16.6752
0.142441
-0.268849
-168.428
-0.0896771
-0.90355
2.2234
-0.766112
-1.19845
0.173952
-0.738309
0.37383
0.0994244
-1.89397
-1.76056
0.579459
3.04896
1.0168
0.46972
-0.641532
0.323433
-3.10661
-0.119515
11.5567
-8.81371
0.357511
-0.538146
13.636
0.931759
2.1224
0.514068
-2.34501
-0.584578
-0.257597
-4.95676
-2.28626
-0.0694667
13.4773
-2.48118
4.23523
0.416727
-9.26362
0.0701372
8.65157
-2.06688
-5.08368
1.27203
-0.547575
-0.439453
-0.621424
1.85703
-0.812013
1.21251
0.0504255
-0.110255
1.49334
0.504409
-0.0610212
-0.102929
-165.59
-0.69846
0.104139
7.79767
-1.61542
-1.42619
-0.415135
0.164621
-0.897097
0.716866
-8.21618
0.665094
-0.205841
-0.196998
0.443769
-1.42508
-1.02639
-2.07047
-17.2101
-603.486
1.40801
2.52729
-2.28325
2.75631
-0.249207
0.15768
-0.414178
1.52003
1.53117
0.140781
-2.25039
-1.2429
-44.6901
0.651729
0.275118
-0.459025
4.06331
7.49039
-0.0230169
1.68383
0.264101
0.134526
-0.4498
1.55562
-4.37839
-1.06958
3.1799
-0.197376
-6.50617
0.399307
0.712689
2.22556
0.035616
-1.92256
0.28123
0.932407
0.594683
17.0335
0.50251
-0.481812
0.743191
-0.355255
-19.2017
-0.268436
1.19271
0.187541
-1.07118
-7.288
-3.92406
0.189775
-4.62505
-0.361123
-0.272032
6.84333
1.08107
0.212637
-1.9588
0.879239
-0.0865334
-1.52126
1.43139
-0.0301376
-0.66973
-2.39489
4.38939
1.20268
1.94772
0.463737
-0.0873096
-2.78262
-1.15263
0.182465
-0.255188
0.070053
0.353295
-1.46188
0.695809
-1.6084
-1.1611
-44.6561
1.91003
2.14099
1.64398
-3.55039
4.62624
0.729308
-1.54263
-0.178116
-17.3577
0.177775
1.65431
-0.596331
4.93069
2.60281
-1.49407
-1.51989
0.579498
2.37679
-6.55649
-1.62739
-0.981028
2.08446
1.84918
23.7623
-7.86976
1.1907
2.04329
-1.67571
20.9223
0.982195
1.05249
4.37093
0.0196954
-2.09294
-0.501414
-0.252674
90.1711
-8.33565
4.95395
-20.3379
7.14186
-0.470544
5.13295
-0.0953352
-0.661888
3.64512
6.74901
0.672528
-0.373962
11.0557
6.51266
0.943969
-0.443496
-20.5806
42.777
-0.00270023
0.608678
0.0488085
0.793616
-2.58658
0.295801
-1.4289
0.658152
-1.76123
2.44763
0.492502
0.0924484
-3.53279
-2.35052
1.23747
0.0530806
-5.5848
-51.4288
-3.01881
8.45402
0.643329
1.26055
0.746636
-1.03441
-1.94655
7.98077
1.81094
0.579397
-7.85591
0.754855
2.96769
2.31041
0.342065
-0.328579
1.20617
20.2726
-0.213461
-3.16336
2.20223
10.3212
-0.314886
0.617203
-0.767325
0.34697
-0.305671
2.46999
-0.574282
-3.51137
0.0844155
-7.93612
6.81607
2.84626
0.259579
-0.749275
-24.3315
-1.8008
3.25908
-0.359735
-5.23404
-2.74148
2.75513
1.16212
-1.52614
40.9752
-0.947625
-0.698684
-0.90156
1.84819
-0.000565494
1.50938
5.62827
-1.78726
-2.31501
1.84099
-0.128544
0.999652
-8.64104
-0.492409
-2.41145
-2.52128
-0.102109
5.3759
-2.44018
-0.610231
-0.0516987
1.25043
0.0105351
-2.85294
1.14762
-1.81933
-10.5511
0.126859
8.42774
-2.4838
-0.133683
0.316827
-1.81203
0.532663
1.28277
-2.03871
-1.9668
1.25948
-0.32944
4.52359
-0.497367
-0.740159
0.295523
-328.273
-2.472
-3.69929
1.23091
-0.355691
-0.618799
3.81852
-0.400217
1.59826
-5.9118
-0.670775
0.12305
-3.20988
-3.068
-1.02708
-0.697744
0.130909
-1.73967
-0.350793
-0.314866
-2.03853
3.84528
-1.01836
0.241534
-0.517407
-106.627
-1.57588
0.0423725
0.661739
2.54054
0.263325
-0.969441
-0.351427
-0.683354
0.552898
-0.967563
-1.30821
-0.529264
2.8602
-0.073758
-1.09751
1.31629
-0.0111196
-2.60061
-3.36256
-3.83189
-1.32315
0.539699
-0.306888
0.841985
-6.95843
-0.202096
0.136415
-0.024575
0.71321
11.8147
0.748988
-1.06254
-1.33718
1.72322
0.833277
-0.124814
12.5431
-2.6581
-1.17404
-0.36895
3919.73
0.697922
-0.0183851
1.41439
1.11572
-0.664305
0.47574
-1.07291
1.483
1.12247
-0.526696
-0.964271
-8.33596
0.521248
0.467863
-0.217699
-0.433736
0.255798
-1.09086
9.68158
0.141426
-0.454212
-0.578882
-1.5581
-0.203094
-7.79376
-9.65111
-0.630565
1.10061
3.84439
0.142402
-0.188906
-0.926437
2.75735
0.663965
-0.922759
-0.753451
0.479759
1.1113
4.75279
-0.167992
-0.0673325
0.749137
0.419963
3.45345
7.00355
11.8943
-0.552047
-1.33219
8.00823
-5.61767
-1.89611
-1.30888
27.6588
1.26373
-0.413276
-0.692896
1.21809
-3.49287
-0.592284
-1.23613
-0.0861
-0.759989
-5.82714
-3.60682
354.256
-1.1449
-1.90349
-0.191256
0.330249
-0.0334758
-1.07003
0.336064
-2.15713
-2.89783
0.555951
-0.384535
-1.5709
1.88519
-0.0926162
6.50949
-0.422887
0.251546
-0.626432
6.55088
-0.668084
0.67705
-12.7513
-1.8803
-0.477669
1.84177
0.272552
-1.22349
5.58949
-0.272317
9.66066
-1.33377
-0.957693
-0.510953
0.279283
-2.13528
0.510715
-0.101375
1.28714
3.44668
1.32931
0.148686
0.123152
0.60466
-1.47968
-1.75727
2.24576
-0.256063
0.215938
-0.955875
-0.29849
0.789154
-16.4876
3.82137
1.4578
5.35043
-0.0385479
0.158467
1.52813
0.659339
-1.19348
5.54779
3.06338
0.387164
0.923697
5.51743
0.189118
-2.63126
-0.701807
-1.0024
0.815697
-2.0484
-8.77396
-0.425788
-0.617654
-0.682917
0.368803
-0.879938
-0.237017
0.967345
1.0768
-0.455741
-1.66907
-9.9921
0.960445
4.41112
0.288498
-6.29213
0.990427
-0.636439
-0.287737
2.49445
0.185478
6.40907
1.46741
-0.0592496
-0.0527824
15.6725
0.282605
0.228936
7.09322
0.233198
0.952387
0.53064
-0.133356
-0.770304
0.255677
0.125701
0.736733
1.59095
0.349843
-2.0867
3.95593
-0.713269
-3.95459
-1.78203
-8.54348
-0.0185772
0.146732
-0.374964
-0.0454576
0.147543
-0.21182
-2.32161
0.488309
-0.541202
-2.86115
0.782034
-301.144
3.86184
-0.0738176
-1.35052
5.34872
-0.117479
-5.29755
-1.46363
-0.489737
-1.12773
1.02163
-3.51979
1.10402
0.722716
-0.177444
-92.3809
-1.62313
1.24285
-5.10794
-0.547306
3.75646
-6.96098
-0.972636
0.846835
2.41784
-0.690885
0.0188805
-0.802828
1.98211
0.0648282
1.99739
-0.366955
-0.567635
0.670682
-0.0953644
-16.0992
2.13428
0.959921
4.04038
0.555312
-0.791035
-0.0935425
-2.73179
9.93001
0.598801
0.909857
-0.951375
15.4734
0.2499
1.21741
0.191112
1.2641
0.569855
-0.0641381
1.52389
-0.38677
2.70549
-1.11736
-39.2404
0.630009
0.101353
-19.6579
1.38271
0.576331
0.355442
2.42763
-12.1079
0.0475903
2.66393
-3.42748
-0.78963
-0.65808
-0.597118
-5.47997
-0.630992
0.377141
-0.60213
0.552455
-0.0835344
-0.671438
0.432045
1.01026
5.56524
19.9061
2.83924
-0.541114
-0.935064
-0.112413
-0.203299
-0.694211
-0.311422
-0.295537
2.80171
1.17231
0.996775
-0.227382
0.872364
-0.476615
-1.76395
0.132373
8.5601
-2.14312
-1.14466
-0.142448
0.312463
0.081598
-0.125735
0.268173
0.393537
0.45139
0.0124645
-1.2122
-0.400888
-2.33248
0.589633
-0.668118
-2.56759
-0.170295
0.441943
1.10765
-0.701245
1.2948
-5.01158
0.511941
-1.87854
0.583297
0.399954
-0.0538473
-0.508665
-5.09075
-10.7517
37.9758
0.794216
-3.1214
0.718563
-0.76074
-4.52013
0.187889
2.07057
0.215521
1.11192
-0.551851
-0.0548868
0.748646
2.04072
3.58797
-0.496333
1.11592
-1.53916
-3.34431
1.52817
6.11665
0.386057
-0.0177555
0.014939
0.899709
-1.9082
0.232878
-0.0132789
3.22667
-0.515663
0.765028
3.70899
-0.156386
0.0899558
-0.847148
0.167421
-4.52992
-0.926143
-0.701251
0.924005
-2.86231
-14.1491
-3.32873
-3.53844
-1.00583
2.58927
-0.355149
0.0283306
1.31613
-5.30994
0.081173
-0.0171376
0.831759
-1.05616
-0.0282341
-0.286053
10.2716
-14.2696
0.143818
-0.0418059
1.48447
5.21663
6.79116
0.859794
0.443673
-3.13392
-0.100617
1.56167
-3.97242
-3.47139
-4.07441
3.68695
0.332046
-0.144215
0.365409
0.62418
4.02147
-0.447101
1.60448
-4.24064
0.0721691
-0.244244
0.584228
0.517338
-0.0620548
0.167617
-1.78878
-34.9935
0.271903
0.393367
0.520149
-0.193386
-1.47972
-0.236732
0.444052
-0.307196
-19.3242
2.68013
0.655162
0.197868
2.93006
0.47817
9.00416
-0.285639
0.392261
0.168928
-1.02572
-0.748973
0.0151467
19.4416
0.0252556
0.47367
-1.0412
0.364924
-0.100924
0.801818
-0.166738
-1.38834
0.441185
9.55707
-1.14511
0.75942
1.42142
30.8043
-0.643447
0.522082
0.973173
-2.86166
-1.91232
-0.206483
1.23429
1.44365
1.87958
-3.06763
1.41059
-0.197422
0.485601
-0.17905
-0.489434
2.2857
-4.03973
-11.7704
0.252558
-0.29436
2.38479
-2.59522
-2.88154
0.131668
0.975077
-0.372269
-2.75658
-1.73456
-2.75686
0.379055
-1.78051
-0.356276
0.0223282
0.746023
0.237209
-3.03958
-0.392194
14.2809
-2.40216
3.67848
1.31141
0.191892
-1.70604
-1.71682
0.314787
-2.7608
6.14473
-11.717
0.271247
-0.0251921
5.2223
-0.0733876
-8.1255
-4.63026
0.595095
0.776996
2.03921
0.547482
-0.505984
-0.0503333
1.31656
1.7288
-311.135
1.92882
1.40375
-1.87018
0.537885
0.0934866
0.0972671
-0.481027
0.692215
-3.54098
2.17472
1.31955
1.23868
2.64826
-1.04148
-1.92565
-0.635207
2.30385
0.925827
-0.29106
1.39535
-0.772576
-3.17902
-0.442599
-5.15486
-1.18903
-0.728828
-1.88894
-1.183
-0.555538
-2.53879
24.3142
6.91968
-1.34273
0.845169
0.0594445
-1.02026
0.715865
-3.56735
0.180628
-0.394203
0.615655
-1.07783
-0.31252
-4.2996
-18.5178
0.413201
1.4595
50.0976
-1.04473
3.69919
0.221571
-0.226913
-1.12676
-2.11381
3.30804
-2.06898
-1.30908
-0.15743
-6.222
-2.3362
1.25756
-0.89133
0.13874
0.611773
-1.3549
3.28481
1.38022
-0.410422
1.2321
0.223429
-4.12036
0.623254
-0.854554
-0.570095
0.0645719
1.70523
2.21973
-1.17519
2.54327
0.195611
2.35069
-2.70882
-1.8774
-0.017252
1.86618
-1.94243
-0.60805
-0.347862
-4.03076
2.16844
3.48141
2.89031
-1.09897
-1.55686
0.947321
-1.91197
-0.775869
-6.29646
1.0316
-0.460402
-0.161292
-0.872589
0.0490636
3.11645
0.15895
9.62985
0.212669
-0.766391
-0.951061
2.6367
0.283422
0.201784
-0.524299
-17.8464
-0.731775
10.5644
1.06634
0.622296
2.469
4.19197
-2.76691
1.24198
5.62151
-1.04472
0.0265781
1.91495
0.488818
-0.397809
-1.29617
0.952862
0.635763
-17.4889
-24.5403
-11.1519
-1.04407
3.94457
2.81409
0.502084
-0.105853
0.0482391
0.109016
-20.4715
1.02367
0.726223
-0.972142
1.70435
2.27163
-11.2554
1.95959
-4.58413
0.283646
0.00721081
0.407592
-24.7214
1.22688
-1.27535
-0.421987
-0.516596
4.94509
3.52211
-0.948255
0.333159
3.80296
-1.46426
1.07292
-0.99704
-0.334417
-0.468093
-1.24871
-0.0990099
-0.27087
2.56241
0.304768
0.0498926
-1.4785
-0.437643
1.22452
-0.275039
0.637564
-1.34543
0.350386
0.0602733
0.935513
-0.349818
0.158083
-0.0337247
-3.64015
-0.0494876
1.31315
0.299685
-1.13139
-0.512786
4.2873
0.178543
1.27366
19.9265
-2.0041
-2.61602
-0.0270419
0.917592
-3.24447
-128.456
-0.382233
1.19557
-22.303
-2.72704
-29.6112
-23.7797
-0.515306
-0.301497
5.14845
-1.90197
2.64741
-0.291971
-0.255709
0.800954
0.784829
0.171592
0.0852796
0.480077
0.0620187
-0.661359
-1.42637
-2.40019
-7.26763
-0.659553
14.9343
1.65275
1.25529
0.175809
-6.94186
0.0874667
-0.5534
1.10518
-0.780562
1.39178
16.2336
0.516529
-0.0805291
0.510727
-0.321163
3.28597
0.128539
3.87821
1.50152
-0.712307
-0.200706
-20.6704
-0.623697
-2.44042
0.506658
0.707452
-0.298605
21.3712
-0.277366
-3.61216
1.75484
4.93673
-0.694835
0.633323
1.89653
19.0571
1.60055
-1.41979
1.18724
-22.2177
-0.188363
-3.83395
1.76191
-0.948287
-0.526741
-0.0644182
-2.11955
-0.934009
9.12542
2.2368
-1.8796
-0.0908098
-1.11662
-9.0181
3.7564
-5.01206
-0.565491
0.601182
-0.647018
0.255977
0.470044
0.929331
-0.460835
6.0276
-0.370299
1.01733
0.135798
0.177656
1.40525
6.86267
-0.265157
0.407023
0.828675
-1.44409
3.94373
-0.0375194
-0.0521397
-0.445072
2.12782
0.679923
-1.13553
0.421318
0.52358
-1.23834
0.565527
0.254723
2.13467
-0.236513
0.861207
-440.975
-1.75159
0.37061
-0.511414
0.900901
-1.92583
1.00895
-0.774706
-0.286057
0.560655
0.915434
0.9475
-0.247564
15.1482
-0.80205
2.167
-7.57251
-1.69812
-0.376891
0.265209
-0.314262
0.812876
0.859491
0.305393
2.07168
0.661911
0.404716
11.1197
-2.79706
-3.16101
0.96739
-1.14727
3.47743
0.381779
-85.4738
0.319563
-0.406702
-1.99532
0.0240374
-1.38754
1.3338
1.73657
-0.562493
0.400424
-2.62938
-3.95029
0.100189
0.0316932
-2.48363
1.074
1.28148
0.0178016
1.31342
4.09809
2.78363
0.804849
14.1823
4.01972
-0.131905
-0.581779
-0.740907
27.7436
-2.8362
0.196933
9.20499
-0.555769
-0.83275
-0.95299
-0.0160217
-7.96367
1.07694
-1.53764
1.90936
-9.91779
-1.87819
4.63797
0.18939
-1.14898
0.418877
0.648133
-1.97735
2.29162
-13.0317
3.21966
0.504386
-0.052369
0.502118
-2.23946
-1.31757
-0.0738852
0.621439
-21.9008
22.2028
-4.83689
-0.0423803
4.02286
0.207129
0.737084
42.6804
-1.13458
2.74404
0.626161
1.57732
-6.26055
-0.0555609
5.22457
-1.64779
0.239792
-3.32259
0.319604
0.775054
-3.34159
-1.30274
0.619702
-0.557123
0.67431
-1.55459
-3.19673
-0.00869067
-0.716978
-0.344465
-1.67642
0.776827
5.78737
-3.14266
-0.81656
-0.307838
-8.54092
0.189509
-0.487133
0.109483
-0.0204538
0.977238
-0.0772447
1.35473
0.036936
-2.229
-1.22171
78.4435
-4.19596
0.642468
-2.50859
-3.22456
-1.74603
-0.160377
0.693101
2.77542
2.31234
0.71692
4.22251
0.820227
-1.60527
-5.82733
-0.426757
-3.47421
0.0687217
0.632066
-0.109989
1.9322
-0.924313
-0.998167
-0.294281
0.891225
-10.7424
-0.190485
2.32124
6.13525
-8.78414
0.882912
0.223663
10.3269
0.119063
0.559995
-0.160731
3.59292
-1.43217
0.915661
12.7842
-8.04948
-0.587264
-9.19396
24.6507
1.60759
4.56889
-3.37045
0.90218
-1.0061
0.851244
-1.26947
31.0726
0.297447
-1.35394
-0.999006
-0.469674
-0.844037
-0.0631925
1.03355
0.0443242
1.3674
-1.27081
-1.94407
0.469741
-0.400723
-2.66537
4.51781
0.894334
-0.318087
-3.25089
-1.36748
-0.302928
0.844455
1.18144
-10.2354
1.33963
-1.14774
5.13785
-0.0610238
0.564382
1.22108
-1.54209
1.57938
-0.994764
1.49611
1.46412
1.46355
11.9619
-5.0255
1.56929
-2.56007
0.2627
0.291293
5.00938
-0.937483
1.02009
0.168492
3.99119
-2.15673
-93.4781
1.65342
0.747507
-1.53528
-9.82444
-5.5706
0.343873
0.59836
-0.0637056
-1.06423
0.341963
-6.22844
-0.254582
0.210951
-1.76032
0.615424
-0.725455
-14.7096
-0.436259
-1.19877
-0.638656
0.786711
0.41351
0.230612
0.0611016
2.74463
-0.0216483
-29.6888
0.451486
-0.660627
-0.215579
0.224884
4.58602
-0.00316624
7.95494
0.898003
0.724764
3.93564
1.11138
-1.71227
-0.487495
2.18064
1.86366
0.13881
-4.31016
-1.7917
1.39641
0.477991
-0.373996
0.758123
-2.89767
0.193222
-3.40466
0.316608
-1.49849
-2.99781
-0.483819
-1.94956
-6.94583
-0.945121
1.17709
-2.24283
-0.571821
-0.651047
1.40226
0.713872
-1.93823
0.612254
1.76437
7.46429
0.874249
-0.502385
59.9631
0.0456146
0.96458
0.0415234
-1.67257
-0.2257
-0.41066
1.20215
-0.0656935
-0.99031
2.92993
0.405738
0.314454
-2.21315
-1.18606
-0.345636
-1.04102
-1.38637
6.45055
-0.236828
0.85469
-0.16535
1.73777
1.45809
5.01616
-1.66237
1.01727
1.07486
1.20213
4.70112
-0.172714
1.05862
0.168894
-11.9646
8.96954
-0.253489
-0.435603
2.72
-0.151514
0.468832
10.179
0.391154
-0.531956
-0.399173
-2.346
4.46736
0.120668
1.88705
2.41393
1.11114
16.3871
-268.035
-4.99459
-0.0191862
-0.63774
0.890906
0.0337547
3.5434
3.47111
1.08779
1.49551
-0.376874
2.07316
4.33744
1.23783
-0.693965
-0.553201
-2.51807
-10.2142
0.614953
4.26169
-0.592576
0.988613
6.67161
2.97895
-6.59624
1.82948
0.889769
-3.83241
-0.112336
0.233798
-2.01035
-1.02708
-2.40086
0.615954
0.780668
0.463695
0.188239
-0.123857
-2.24996
-0.131794
0.191393
2.53576
0.869938
-1.53939
1.15906
-9.18582
0.31657
3.00564
0.37793
101.944
1.95505
1.39993
-0.772442
-0.214651
-72.2543
0.500156
-0.203411
0.156404
-0.394258
-20.2503
1.32581
-1.36447
-2.39504
-1.92258
0.46731
3.27354
-6.488
0.63715
1.81749
0.620141
1.11068
-0.220707
-5.47715
-0.362513
-0.039695
-1.10891
0.00561588
1.44666
-1.16086
8.65005
3.59166
1.03309
2.75575
0.646355
856.185
0.480421
0.123008
2.53125
-0.14658
1.42941
-0.856986
-4.25352
0.881489
14.7102
0.773074
-0.693619
9.52037
-3.09057
-1.09058
-0.00792297
-1.58774
-42.2539
-2.66558
27.9226
-0.972779
-6.74535
0.227128
3.00408
7.13354
-0.416452
-0.700364
-9.19113
-1.58067
2.82366
-0.152633
1.53019
0.359356
0.305381
-1.88099
-29.4291
0.0581193
-3.57468
-4.51465
0.403788
1.90167
0.293936
2.60105
-0.157537
-0.100307
1.1285
-0.424654
-6.94114
7.10437
1.15503
-1.02057
-0.464325
-0.175474
1.24952
-0.0869823
-0.211816
1.85489
3.40837
3.28695
-0.588357
1.13481
-0.0329444
0.756608
1.5757
0.0597776
-5.23958
4.62669
-1.16069
1.54657
0.563602
39.7535
0.126116
-0.801822
-0.380746
0.41747
0.348543
-4.98997
9.36824
-0.348564
-22.2213
0.612683
3.03579
-0.344726
-2.10728
0.440699
-0.339422
0.431246
2.3005
0.577719
-2.96199
0.345536
-0.212972
0.266597
-0.547842
1.79286
1.68321
-0.13057
0.431734
0.696965
0.382233
7.67123
0.081593
1.25519
-1.21112
2.88257
4.36183
0.764966
-1.65737
-1.20236
-0.368841
3.08252
-4.05097
-0.277779
-0.442397
-2.88127
1.03767
0.575943
0.834392
7.25212
-36.9996
-0.916852
1.26572
-1.3367
1.12108
4.52301
1.07926
-1.3668
0.512622
-0.150592
0.835874
0.328126
-1.74129
0.959067
-0.400518
-1.98473
-0.0237159
1.84908
-1.1037
-0.759741
1.41238
4.58224
1.07838
-0.687558
1.60156
2.12793
-0.197265
2.76318
-0.25897
4.39148
-1.23345
4.31059
-0.509824
-5.13817
1.7543
1.89423
-4.4792
9.6402
0.508317
-0.261999
-0.888425
-4.08164
0.427946
-0.464884
-0.83696
0.276208
4.84563
0.132085
2.81239
0.0343247
-0.3368
9.49219
-0.414094
-2.40318
-0.608628
3.8784
5.06537
-3.22956
-0.87394
8.38843
1.05848
0.178584
-0.033256
-1.19599
-0.717933
-3.4984
0.689976
1.65387
-5.38497
0.173163
-0.554489
-6.84897
0.581178
1.79375
-0.358296
-0.435607
2.48792
0.485445
-30.602
-1.01366
-4.45942
-2.38392
0.491315
0.0472204
12.7068
-22.718
0.220537
-3.25022
-5.35812
-0.614312
0.578972
-0.292599
1.07879
-5.78375
-0.993626
-0.486614
-1.66431
0.21452
4.55327
26.4902
0.730485
7.94182
-0.973414
0.481202
-1.70301
0.984907
-0.961672
-0.494201
-2.21623
2.09052
0.698037
-0.289457
-0.045185
-1.37076
-0.576656
-2.96029
-0.199232
3.85324
-13.755
0.870684
-0.321231
-0.85906
11.8214
0.598252
-6.17417
-0.335087
0.857589
0.787865
0.529237
2.26625
0.347641
-0.776516
2.52999
-3.58028
0.796623
1.15531
0.606218
3.35522
1.16924
7.65789
-3.42172
0.478442
-0.308584
0.0484862
1.07453
-0.199413
44.1673
1.25469
-0.0532018
-0.123749
-0.509687
-2.18891
6.23754
-1.64181
1.43914
-1.62889
0.641668
-0.421828
-2.35236
-4.16635
-3.10257
-1.24744
0.194387
0.681493
-0.0247356
0.852012
4.43229
0.788457
-0.357732
-1.75554
-1.05736
1.93512
-1.70622
-0.136647
-7.04077
0.29232
-0.238797
-0.654105
1.69352
0.139772
-0.321767
0.668945
-0.931269
-4.49713
-0.659039
-0.29402
4.04944
0.610069
2.16569
2.84782
-0.783043
0.537029
-0.7296
1.40619
-0.17969
-1.56385
0.715055
-0.966645
-1.90624
-0.73134
-1.23195
0.42879
-0.877499
0.73941
-0.560598
-0.443751
-0.734147
0.783282
0.719813
1.53589
1.22989
3.60474
-0.699943
9.38867
-0.382756
-0.365427
-1.34906
0.63796
-0.353896
-2.16617
-5.12188
-1.75788
-1.3157
19.4761
-2.37914
-0.492243
0.610244
0.00552444
4.97088
1.12546
-0.453329
0.188246
-2.90656
-3.12322
-0.289139
-2.5678
8.70209
-7.66728
-0.0315088
0.320529
-7.43604
1.55836
0.815467
-5.77662
-0.256289
-1.23453
-9.74609
0.999876
-2.49733
0.555142
-3.68268
2.75381
-2.03665
7.24831
0.129552
-1.01176
-0.148989
-1.15097
-1.40234
-0.10225
0.00935611
0.494656
0.257116
0.858345
-1.95715
2.35078
-4.18141
-0.303338
7.16176
0.00167492
-50.7358
-0.328613
3.61431
-0.389096
0.753293
-1.80329
0.0663785
-0.764192
-8.26477
-0.215774
-5.11428
-5.28577
-2.4945
8.4335
0.684727
0.0969641
-23.5908
-5.84912
-0.331475
-0.897424
-1.26635
-1.22157
4.33911
0.0913183
-0.191728
0.176684
2.67679
1.92025
-0.176712
0.197494
-2.57816
-1.03158
-0.075355
3.06922
-0.713913
-0.290663
-0.984872
-0.889217
0.0704604
1.49143
-16.4582
-0.719713
-1018.89
-0.355715
0.542436
1.8927
-1.10572
-52.3144
0.891366
-182.429
1.34535
7.89558
-1.59355
-0.0980865
-0.196917
3.251
-7.18127
1.42521
-3.28647
-1.90065
0.212125
-0.471836
-0.676013
1.54393
0.564114
-30.271
0.0431375
-0.0661002
-0.389347
-0.945555
-1.1286
15.4779
2.91477
0.414962
2.85033
-0.20179
1.12305
-1.99552
-4.96061
-0.348339
-3.34416
1.94348
1.17502
1.35423
0.702638
0.323441
2.17255
-0.0145169
3.69448
0.996537
-0.762267
-1.3859
-0.246671
0.806094
-6.40002
0.288077
-2.05562
3.01899
0.053069
0.00824345
-0.541352
0.867314
-0.672903
-0.450196
-9.21352
1.11585
1.18618
-0.545385
-0.0714892
-0.436047
5.61756
-2.33847
0.211965
-0.769721
1.02726
3.69119
7.24581
0.0167421
38.5407
0.0793922
-8.64746
9.75288
-0.359629
-0.238277
0.355018
-0.70584
-0.449838
-0.48546
-1.18592
-1.49493
0.112818
-0.664744
-0.885777
0.289007
-0.419614
0.0082015
-1.27743
-2.646
1.11594
2.11288
-1.0989
-0.12743
-0.275736
0.113903
4.01839
2.26332
-2.44674
0.547742
1.24764
-0.525773
-0.177166
-5.44661
-7.05263
-9.70791
0.497854
-1.16048
0.574953
1.19578
-1.33491
0.512832
-1.15533
13.7634
-0.387635
-0.149075
-0.852843
-0.252973
1.76551
-6.75857
-10.2457
0.421068
-0.0160289
1.56975
0.310578
0.11942
-0.225185
-1.52851
-1.48306
-1.71896
0.135554
0.0647721
10.3281
-6.5114
-0.55578
0.665265
-0.939649
-0.861751
0.263496
2.49311
1.07993
-0.2683
4.06732
-2.15219
0.521733
4.25895
0.14299
0.642927
-4.14445
-10.6185
-3.79956
2.20439
9.03256
-2.29555
3.74686
-0.914508
-3.48129
-0.393585
0.50459
-0.0661343
-0.413586
-0.137652
-4.9763
20.3611
0.456119
1.53295
0.024076
1.22866
-1.05045
2.44911
0.293007
-0.0500083
-6.59769
-1.51067
0.124287
-1.53435
-4.49403
1.59213
0.760666
0.391118
-0.313225
1.63154
-3.09584
13.679
-1.86308
-0.614335
-0.896666
1.60345
0.114705
0.221071
0.48425
-0.116174
2.89471
-4.67985
-2.63785
0.419369
-0.342756
-1.59327
0.103564
2.16239
0.476852
-4.1519
-1.73067
-2.1291
-0.805871
-0.838436
-1.19078
8.45613
-0.313261
1.12672
0.963387
0.949875
1.19707
0.402168
-0.912434
0.850962
0.0110051
1.08805
0.19119
-0.806886
0.676406
1.44427
-0.584642
-0.730072
-0.172915
-12.6718
-0.246434
-13.5325
-0.494362
3.78068
-3.57896
-0.829031
-2.05761
-1.28732
1.73936
-8.48439
-7.18889
0.611655
-0.146852
-6.29313
0.499553
1.15672
-0.982674
-0.812197
1.33368
2.53326
-2.51317
-0.735224
-20.0553
0.512582
2.86158
-2.30728
-0.825968
-0.234262
-0.337397
-2.17994
0.366547
-0.156064
2.14015
0.00659369
2.34859
0.975041
0.125628
0.0829808
2.94793
1.44272
-0.933871
-0.061966
0.256159
-0.819704
-0.217186
-1.66914
0.461102
-5.17401
-11.3197
5.76696
-0.246314
-4.8864
0.846279
-1.08768
0.80532
20.598
0.657572
-0.5483
0.817575
-0.0444962
-0.186994
-2.35653
0.476314
0.340683
-0.270491
0.717128
0.233157
-0.559958
0.822892
-0.517916
-0.140522
2.28188
-0.17029
3.70084
10.8966
17.2887
-3.4747
0.188729
-0.386993
-0.0803191
-3.33603
-0.278293
-1.09899
-0.555115
1.04447
-0.607212
3.90739
1.25239
-1.52902
0.545021
-19.1616
-0.32823
19.1076
-0.404093
-3.12864
-0.424266
0.609313
1.37965
-2.03867
1.16206
0.891351
-1.34917
-1.6124
-5.71947
4.0296
-0.0728726
-4.67084
0.0259555
-0.192078
-7.15579
0.141638
-0.240651
-21.8642
2.28183
-4.3905
-1.23022
0.616724
-0.758947
2.04128
-3.9105
0.741062
2.41479
-109.219
0.556768
4.90269
0.551124
-1.38064
0.137628
-7.82555
0.177047
-0.928036
-0.468885
-1.08708
0.81683
-2.87044
1.65216
-0.484675
0.949418
1.93759
-0.702416
-3.05778
-1.49617
1.18557
0.377481
-2.05364
-1.75596
0.913987
-27.7659
2.02615
-0.543924
-0.387387
16.495
-0.822144
-2.164
0.154632
0.0130225
-10.0898
3.40022
-2.94195
2.24692
-7.25729
-1.31269
0.126961
-0.426726
-0.397943
2.12263
2.52939
-224.292
0.751154
4.2155
-4.7988
0.369568
3.4958
-4.44133
-0.0502068
1.58863
-0.508096
0.406182
-4.02972
-0.246781
-0.601878
-1.40525
1.13755
0.371132
-0.603108
-0.430338
0.133173
-0.745519
0.397703
16.0783
0.72755
2.46313
4.05355
0.203506
-0.906454
-0.00415771
-0.56537
0.826082
2.59444
-2.59638
-6.49106
1.53281
0.0693038
0.789634
10.3226
-10.754
2.12208
1.00147
7.49396
-0.536547
2.19862
-2.37265
0.541572
-1.29844
3.60896
-33.6144
-1.57114
1.95247
-0.981483
-0.780425
-1.24695
0.927082
0.681146
-8.88966
0.628365
-0.498665
1.02796
1.01184
0.684182
-0.601352
1.59575
0.0453983
2.51412
-0.432299
-2.03993
-0.0514265
2.7251
0.858986
0.866792
-9.8781
-3.20676
-0.945992
-0.246546
1.46228
-0.21191
33.8251
-1.08519
-0.1925
-0.338784
-2.99568
-0.105234
0.167495
1.54858
-0.181493
-2.66921
-3.3708
-0.0613651
-2.17586
-0.00299564
0.353335
0.626434
0.548497
-0.114257
-1.85962
3.46855
-0.442603
-3.55699
-0.600713
-6.25747
-0.214121
-0.000440741
0.446283
2.74925
1.30274
3.34033
-0.0716487
0.161619
4.92863
2.74025
-1.70108
6.88469
1.14163
-0.890445
1.08995
1.3785
-3.04053
-0.344234
-0.026189
7.92567
-0.0376467
0.923601
-1.62295
-0.407288
0.254379
0.809404
1.49982
0.127887
-0.448822
0.230013
0.701419
0.0544706
-0.340421
6.16595
1.15668
1.10826
1.36183
-0.0515464
-1.15459
0.595628
1.07138
-0.102472
-0.390107
-15.0083
-1.87511
-1.03089
12.8815
4525.98
1.28359
-3.24934
-0.500756
2.12497
0.933174
-6.92747
4.67297
-1.58543
0.140527
0.233533
-0.79402
0.816814
-2.46299
1.14754
1.72945
-2.20173
-0.899457
-5.02462
-2.27813
3.98479
2.54948
-1.65144
-2.66652
-0.696568
1.20053
-0.822196
-2.27194
0.238068
-0.741517
-0.139774
0.770384
-2.48696
-0.569854
0.50429
1.28856
-67.8107
1.39658
2.84577
1.84763
-3.42928
-1.56219
0.269377
-0.26122
-0.446823
0.213252
0.737137
-4.60602
2.30007
-1.67301
-3.60283
1.50803
0.212322
-0.885789
2.30641
-0.400711
-6.29263
0.111395
1.47953
-5.82379
2.9368
1.73764
-8.49238
-1.58694
1.50635
0.397206
0.542204
3.18475
-4.81874
-1.65793
-4.74393
10.2315
1.33103
-0.417578
4.10752
-2.39471
-0.562193
-1.22873
-5.63508
-0.121106
0.0475345
0.12654
-13.8453
0.871133
-0.583767
-1.16474
-0.328663
0.695193
-1.62829
-1.7156
1.2373
-398.511
2.22423
-1.29622
-3.47815
0.0811085
-2.7692
0.680663
0.551999
-1.20373
0.343848
0.0300624
3.05847
0.345434
-2.30349
2.0819
0.874198
-52.5262
-1.28644
1.964
-0.242762
-0.263316
3.00805
-4.43615
-1.08632
-0.554046
-0.563037
-0.300328
0.359595
-3.75881
-0.125266
-1.13493
-3.70531
-24.219
0.914618
-1.51894
0.0886464
0.457287
0.318357
-1.081
-2.09785
-4.07333
0.701497
8.13108
-0.961788
-0.088145
4.35565
-1.53669
0.552605
-2.54209
3.37828
-0.625237
0.154746
2.04567
-3.96257
-0.589034
6.05633
0.982689
0.894422
0.508369
3.95285
-0.401582
0.952521
-1.46754
5.37877
-2.95032
0.27538
-1.25289
1.10255
5.0263
1.02239
0.432102
-0.532
-1.18674
2.66443
-0.208377
3.32222
-0.623981
-0.0433141
-0.288652
-0.683261
8.24531
5.61232
-0.375932
0.464205
0.658371
-1.041
0.116599
-2.17076
0.357849
-0.317478
-1.67258
-0.414363
-0.55289
0.536948
0.175646
0.438848
3.75738
-0.333539
-0.413123
-1.39635
-0.00387516
1.38086
-1.29936
-0.0237419
2.23287
3.22156
-0.0173418
2.8472
8.97476
0.819267
0.390502
-1.3858
-0.063779
25.41
-1.39355
-0.649223
-1.74414
313.7
1.46731
-1.69708
-5.54542
1.138
-2.79147
0.778347
-0.271538
2.49424
-18.3087
-2.44198
-1.37788
0.188463
1.54347
9.86526
1.63974
0.319769
1.07416
0.110471
-0.283186
0.226115
-0.570138
0.661816
-7.23996
-0.264483
3.12957
2.71687
0.734945
-8.94795
4.5539
0.549101
2.73177
-0.436751
3.49153
2.34594
-0.890836
0.207069
-0.122659
0.474253
1.87759
-0.113537
-0.487838
5.42284
0.60273
-0.852586
-5.06873
1.96742
-0.216337
-0.277736
-2.82212
1.18233
0.346617
18.1005
-4.0756
-2.21884
-0.0490175
0.855054
0.601068
16.8352
-2.36693
10.694
-0.299102
-0.133103
0.627783
-0.770078
1.86414
-1.13259
-19.5797
-0.41657
0.496726
-0.838799
-1.81572
-0.499409
-1.1297
-0.891847
-3.29936
-0.0775594
18.8479
27.414
-0.430389
0.341686
0.105682
-0.92459
-0.275105
0.138357
0.321211
0.275996
-0.0815484
0.181297
-0.535079
0.645976
-1.91741
10.9485
-0.509766
0.370518
-33.6873
-3.30707
-1.52318
0.628244
-0.0299834
-17.034
-1.0484
40.2613
-2.31427
2.47968
0.579771
-0.562867
0.483996
-1.5511
0.78965
-0.193626
-0.652612
-0.166774
0.449813
-2.43039
1.05534
-0.590594
0.775718
0.604536
-13.21
-0.506904
2.05995
4.9872
1.37799
3.38927
2.15963
-0.701728
-1.35919
-0.088
-0.532643
-1.36531
5.97723
-0.231463
80.5551
7.75151
-1.49609
0.1327
0.755754
0.0609281
0.980695
1.68873
-31.7709
0.144802
-2.73712
0.812026
0.988382
-0.257505
0.352583
1.14382
0.150734
-0.315415
1.64089
-1.10566
0.934119
2.42481
-1.43165
-1.55365
-0.383804
-6.12522
-0.934986
-0.25201
0.681361
0.24233
0.327554
-1.37588
1.78554
4.91481
-0.360144
-4.2543
0.285335
-0.285268
2.07874
-5.50919
0.454608
10.4608
-2.89953
15.4422
-1.36601
0.587781
0.577594
-0.925957
-1.86626
-1.36331
-3.32366
0.627539
0.644499
-0.556519
-26.115
1.06056
0.371054
2.07782
-0.962029
-0.914326
-0.133397
3.25025
-5.52095
0.279831
1.1138
-5.62336
0.0941592
0.0832739
-0.104653
1.04807
-0.465007
-0.530524
-0.54077
2.21887
9.08348
1.11531
0.184492
-0.685916
1.73148
-0.0490798
1.09982
0.268808
-1.162
-0.496561
-0.21599
-0.138944
-3.51052
1.05811
0.193637
-3.25736
-0.0429598
-0.789366
-3.95463
-1.49987
2.67327
-1.16677
-0.501764
-2.3082
0.373161
-0.943588
-0.802284
3.08983
-0.194283
1.41553
-1.78364
1.84846
-54.8
4.66462
-2.71172
-0.235032
-0.637359
1.94356
0.920853
-0.161781
-1.08215
0.28002
-1.46884
-0.113777
-0.741487
2.97462
0.24603
-7.82481
-2.2034
1.73112
-0.426044
-2.05481
0.439469
2.42998
69.7372
2.69343
0.383678
6.77651
-0.521511
6.87921
2.1469
-1.48112
-1.73427
2.02839
0.0446087
7.51068
0.089501
1.45939
0.720629
-3.84154
5.16235
-2.4322
-3.49989
31.9361
-1.1685
-1.72721
-0.669502
-2.05338
-6.73079
0.14998
0.230045
-0.150296
1.47429
5.02919
4.81951
-1.44685
0.372261
0.879734
-0.734975
1.83092
1.04141
21.2116
14.9497
-0.645334
2.08929
-3.97925
3.95582
2.02314
0.226741
-0.254512
1.00992
2.07548
-0.924955
-0.00793315
-0.542985
-0.162627
-0.246886
0.93115
-0.0961298
0.0468588
-1.45218
0.0159714
-0.165065
0.978725
1.94119
1.19487
0.430529
5.67723
-0.704266
1.41413
-10.9421
0.259315
-0.331931
0.325491
2.07864
-0.553985
0.66935
-4.49623
0.106586
-0.153886
-0.207155
-0.37793
0.616058
1.15776
33.6545
-6.10373
-0.0682587
0.338209
-0.937162
0.501369
1.62386
0.287525
2.29043
1.70685
1.63875
1.58498
0.252825
0.808762
-1.16368
0.743697
-0.28028
-1.81408
-2.45224
335.067
-1.33094
0.549221
2.44508
-0.201609
-0.258785
-0.870722
0.30577
1.12449
-5.27275
-1.59061
-2.40043
0.455402
-4.03902
23.4692
0.367349
2.32657
1.43361
-1.60831
0.474334
0.486297
-0.1459
1.37085
-0.448021
1.58003
11.9771
-2.89934
1.63612
6.36631
-0.0670632
-3.59942
-0.542545
32.2236
-2.29433
0.13221
-0.0788286
-0.501344
-0.145643
0.448259
-1.00102
-1.29108
-1.50542
-2.42262
0.566435
4.50324
-0.290535
0.726772
-0.787593
-2.93962
0.790997
-0.810464
0.126259
-0.920663
-3.76349
-0.457606
-1.85408
30.7395
-0.585987
-0.473527
-1.25279
-4.36504
-2.84343
-1.22953
-11.5083
0.232919
2.78318
0.535004
1.05636
-1.46504
-1.63347
-0.900188
0.47224
0.915985
0.200377
-0.727937
0.447375
-0.605976
0.715564
-2.25181
-5.81493
0.033931
1.88326
-0.675882
-1.48291
9.34268
1.28686
1.49498
-834.442
0.486869
-2.50694
-0.0425044
-0.892805
-2.57591
-3.19678
-0.933797
-2.35845
1.37836
77.0608
1.86315
2.64138
0.864157
1.21524
-0.344026
6.91171
0.955245
1.38771
-1.22541
2.91093
0.801546
-10.7383
1.67454
1.46427
-0.898361
0.562922
1.80153
-1.06672
0.10361
-1.60903
2.07213
0.572173
-3.07352
0.364622
9.31267
-4.00453
0.0147397
-1.38575
4.55659
2.02838
-0.191215
0.418188
-0.436598
2.16347
0.0547838
0.411865
-1.70478
7.06168
-2.80503
1.35706
25.8424
-1.78366
3.79696
0.684009
0.373977
0.0723177
34.205
0.877736
0.519557
-0.744953
2.87698
1.75106
-1.89355
-9.49324
3.19862
-0.126431
0.381283
1.16661
3.26722
0.451345
321.089
-0.884825
0.613386
-1.0272
0.713888
1.63071
-0.462112
-0.757647
-23.4326
-6.4283
-36.9401
1.14244
-0.283367
5.3698
2.72209
0.173305
-1.154
0.338039
0.694329
-4.71106
20.0691
0.733969
0.378694
0.660019
-0.317048
0.28888
-0.519498
0.020217
0.439308
-2.67603
-0.280778
1.42647
1.04732
-4.51519
1.77063
-2.5137
-0.507786
-8.4834
1.79514
-0.787141
-0.584562
-0.237653
-2.78207
0.341446
-0.770987
0.318914
-0.723637
-0.698487
0.0369879
-7.05733
-2.80044
-3.57534
-3.14259
2.43872
-3.28042
0.369175
0.590699
-2.70237
-0.465969
5.12382
-0.569714
0.197408
-3.83854
-2.54823
0.75707
28.975
0.212769
4.94741
-1.13048
-2.07827
-0.983621
-2.18909
0.0190586
1.40713
0.407615
-0.495851
-0.262478
-0.763991
2.60843
-0.472065
1.15312
0.696301
0.689582
0.26764
-2.07698
-2.30864
-0.827222
-0.517212
-4.07716
1.60431
4.08716
-1.2301
-0.830733
-2.18722
-0.855866
-2.96517
0.332618
2.48958
1.15588
0.436963
-2.78209
1.73528
-2.66827
3.4141
0.781787
-1.44304
7.78081
0.369578
-1.78806
-1.88886
19.9739
4.15979
-7.63851
-3.5284
-0.935982
-0.582906
-0.262756
-0.623275
0.259418
0.600596
-0.394458
27.8721
2.075
-2.59818
0.0250455
0.441213
-0.0628393
7.78368
4.50488
3.05604
-0.111813
9.22637
-0.342025
-0.351158
-1.27005
-5.88021
3.22542
-1.44623
1.20477
-10.4093
0.867207
19.0573
-0.88683
1.29196
-0.423847
-0.538522
0.894301
-1.23825
0.652115
-5.84815
0.190147
-0.188768
1.45829
-22.598
1.14983
-0.0574018
3.54572
-0.289423
-4.88254
0.328474
-0.574135
-3.0567
0.435488
-1.1261
-0.254512
4.13637
1.15193
0.51673
0.295271
-0.423567
-1.49781
-1.81162
0.821151
0.74548
0.814818
-40.2564
-1.75776
-0.341014
1.25448
14.234
-0.772672
-2.12305
4.69171
0.59366
1.12106
8.26825
-0.165767
13.5171
-1.56964
0.8251
-0.425865
-1.21629
-0.687232
-0.845878
0.586376
0.0550087
8.11173
3.10852
0.14283
0.835074
-0.921416
6.37556
2.30272
1.62803
0.0959233
-0.0861681
-0.96355
-0.949627
0.0664728
-355.513
4.45413
-1.92717
0.0726926
0.691398
1.91471
-1.05939
-9.01293
1.29452
-20.2725
-0.900826
0.253948
2.06923
0.744212
2.16109
-1.04882
24.5033
-2.58249
4.64889
-8.69726
-0.0398917
1.14045
-2.85837
-2.87923
-2.24442
-0.716875
1.32786
-130.014
0.0321627
-0.00321517
-1.6142
1.35183
1.19959
0.482138
0.108198
-8.80494
-0.899733
0.154725
0.413922
-0.0357732
-0.374029
0.781754
-0.467696
-1.30838
0.135802
-0.0584164
1.46188
-0.654356
-0.0835483
4.08082
-1.67973
0.620278
1.79194
7.63393
1.92827
2.95277
0.78451
1.74005
0.612541
-0.387232
-0.384111
-0.0471068
-4.5653
-3.2722
-0.33152
0.0430929
0.360729
-0.0617613
1.28233
-0.823368
-3.5473
-1.461
0.115967
-10.045
-0.536639
0.726871
-1.21418
1.82972
0.231532
0.17753
0.0421889
-1.50966
0.959575
8.91847
0.581514
-80.8477
-34.1406
-1.70959
5.60951
-0.59264
0.255866
0.568903
4.98671
1.47386
-2.89122
4.18847
-0.34619
-1.16886
-0.571864
0.306307
0.156051
5.07671
-1.82428
-0.453285
2.81314
12.2243
0.890008
0.498201
-3.69964
-0.740235
3.66179
0.822074
0.140494
1.25691
-1.79876
-1.5035
0.255669
-0.580738
0.590612
-0.417243
0.59659
0.968649
-3.98036
-2.45588
-8.68399
2.13501
-11.9391
1.82416
-1.34651
-1.98556
100.078
1.16908
-1.33488
3.50188
-2.07961
0.093199
-1.67032
1.19339
-1.67715
6.09856
5.08825
0.167592
-3.16688
-0.863742
-0.279395
9.93567
3.76236
-0.619291
0.608925
0.361607
-0.484633
-0.779127
0.0605239
0.341466
2.07347
33.0222
-0.632339
3.71091
-13.8072
0.438488
-0.247819
-0.459752
-0.0598725
0.289669
-2.02805
0.586163
-1.04931
0.569504
-1.00867
0.285377
0.0705889
-5.61048
0.237499
1.11276
1.68456
0.206607
18.5229
0.0264762
-0.865988
-0.430914
0.9546
-1.01311
0.161331
-4.5106
-0.336817
-2.72676
-0.197278
2.92047
1.23146
-8.03448
-8.60215
9.42644
0.652918
0.611585
-1.73854
-0.257889
0.900661
-0.97002
79.6068
0.906426
0.836485
-0.50293
-2.1518
0.312641
-0.0171007
-8.7581
6.12391
-4.64072
7.63725
3.32112
1.99987
-0.191379
-0.0216743
1.67102
-0.253231
-1.34654
0.975359
1.47879
-1.79896
-9.77336
-0.0652945
-0.16624
-1.30683
-0.520073
0.107659
0.153015
2.4254
0.280136
3.23759
1.5217
-0.590465
1.07824
6.06181
-0.541401
-1.65171
-0.419207
-1.73636
-0.315764
-0.395321
0.722939
0.453655
0.37681
-5.27843
0.394603
0.469266
9.40767
3.9773
-0.393983
0.168054
-0.952089
0.718122
-3.95037
-0.248039
1.04527
0.086425
-2.43061
-1.32514
-0.73577
0.847514
-0.557756
-3.24917
-0.00602814
-0.250286
2.31879
-0.427249
0.51759
-3.09776
1.00559
1.10473
-11.7021
-11.9487
0.973566
1.18216
-3.62665
-15.1569
1.77938
0.150823
-1.46023
0.473911
-0.433099
0.954407
-0.448258
-0.560205
0.962182
-5.46199
-0.563183
2.67891
-0.706939
0.03526
2.21338
0.359232
1.88554
0.501433
-0.841301
-0.360293
-9.10201
0.252547
-0.461952
52.3064
-2.34852
1.73196
-0.771519
-0.835617
2.72878
-2.79929
0.104735
0.144948
-2.8335
-6.67253
-0.97718
0.0683217
2.00778
-0.384971
-0.147412
-1.88564
-3.7618
6.32777
8.29056
21.499
15.523
0.113981
-2.3124
0.0411276
-202.02
0.596442
4.87234
3.04904
-2.13266
-1.47971
-0.123778
0.898637
0.968893
1.11369
-0.61979
-0.570428
-1.60412
-2.21314
-3.5631
46.8511
-0.803758
2.3088
-0.262061
1.38633
-1.05696
-1.91132
3.14959
-1.82523
-0.0365946
-2.68775
-8.18806
-27.2339
-0.5706
-1.0724
-0.625698
0.297689
0.387398
-0.171018
56.9628
-1.90657
-7.21944
-0.0445947
14.6573
-0.857273
-0.725802
-0.00253609
4.9755
-2.63898
2.30032
-30.611
1.92533
-0.130592
0.00736578
1.04975
-0.984514
-7.83269
0.57213
1.05045
1.90504
-0.0991312
-0.0889739
0.328177
-1.51774
-0.545173
2.31238
401.123
-0.0986164
-1.98453
-0.313649
-1.04271
-4.34646
0.104107
2.24285
0.731658
-3.57667
5.33647
6.47602
-0.194727
16.9701
-0.331962
0.340804
-0.147276
4.3685
-3.07406
0.565131
-0.551225
-0.297143
0.192952
-2.02103
-1.42546
1.00901
0.946728
2.77387
0.176959
0.973379
-0.0923674
-1.75168
0.503397
-0.695052
1.92744
1.57141
-0.24937
1.55819
2.47723
-3.16395
-7.93427
0.022256
-4.72455
0.528188
-0.712579
-0.593749
0.763671
1.28554
2.00883
0.756048
0.904873
-0.105804
-0.146194
1.57954
-0.870495
0.463238
-0.240033
-2.66942
-0.592226
-0.427097
0.870645
-1.88382
0.293328
0.828752
2.61722
-0.0165503
-0.552933
-1.15055
-5.70212
-0.310307
-0.379888
1.3607
-0.444176
3.96724
6.23824
1.35988
2.30634
-0.576843
0.473558
1.25547
0.187313
2.87784
9.4377
0.0868129
-5.06956
0.00117104
-0.717628
0.476681
1.107
-0.973057
-291
3.40231
-0.382862
0.96752
0.0110416
-3.26739
-7.31345
-2.30707
27.5625
5.35005
2.43658
-2.9671
-0.474495
0.923433
-1.59027
-11.7772
-1.65921
-0.146346
-2.90928
-0.389197
0.101706
0.259066
-3.64221
-0.284414
0.474178
-2.47231
-0.518423
-1.15043
-1.17435
27.8611
1.43959
0.646846
2.4116
-0.266558
-2.87896
208.287
0.193058
0.70398
0.049826
-0.161742
-0.447464
0.535857
14.7666
-3.41966
-34.2873
-0.586453
0.481876
0.363544
1.38767
1.05277
0.200144
-0.411236
7.35098
0.241349
0.106609
2.74522
1.69583
-3.64016
0.398699
-28.4664
-2.2913
0.0915544
-2.84292
1.46888
-1.71496
3.04938
-1.37668
-0.439755
0.910942
0.455792
0.0631528
74.2213
-0.229449
3.44404
1.28628
-2.48332
-0.166716
0.0675279
-0.885045
1.78306
3.24409
0.759584
0.0788297
-0.624215
-3.40312
-4.45583
0.504466
-0.300535
-2.99152
0.678938
1.03853
-1.76297
1.96954
-0.894315
-8.18708
-2.75998
-0.750858
-1.52977
0.697879
-0.0065048
-2.64831
-1.76275
1.78704
0.987669
11.2071
-1.06526
-0.0206023
0.0895384
0.387817
1.55201
-0.228618
4.45987
1.07757
-0.36336
-25.2809
5.03833
-0.054576
-0.3534
-0.339396
0.625255
0.790798
8.48952
0.356748
1.2618
-4.53042
2.11319
-0.137256
8.0791
4.13838
2.56462
0.249692
-5.65249
2.49102
8.14813
-3.39614
0.89098
0.378579
-0.986892
-0.244532
-43.7141
-2.61333
-12.4055
4.53633
-0.813058
-0.207153
0.283713
1.77878
-1.16468
-0.487822
-2.73166
-0.0892421
-31.5111
-1.20973
0.612428
0.684353
-0.52827
-0.0226684
0.038914
2.00467
-0.959781
-1.09533
0.351678
0.443007
1.47834
-0.953248
91.4119
1.04825
0.763639
-2.47633
-0.63833
0.137834
-3.02937
1.53254
0.22505
15.1372
0.246547
-5.03057
0.165775
-1.00693
-0.395803
-0.454084
-1.19659
-0.222199
-0.0256406
-0.364237
0.805824
0.0990434
-0.550135
2.60649
12.5149
-3.11019
0.774764
-1.93086
0.562064
1.48111
0.870747
1.06668
-0.18284
1.45931
0.698825
-1.34943
-0.00163439
0.321198
-1.17308
0.438348
1.8122
-0.103861
1.19133
-0.602661
1.61101
-2.53207
-2.05112
-1.47949
1.8022
-8.38842
-0.736778
2.64437
-3.85628
-6.61068
2.4792
0.927881
-2.97428
-0.19093
-2.70552
-21.2472
-1.04874
0.430504
2.39124
-2.02398
2.97009
9.30327
0.490392
0.217976
-2.8173
-0.0204059
1.44233
0.585038
-31.2028
-0.00628395
0.755629
0.369023
-0.334332
6.60443
-0.0382679
-1.06456
8.05032
-0.843199
-0.364031
-0.205507
-1.85162
-3.60759
-2.03237
0.716066
4.7587
1.6183
12.1425
-1.96448
-0.0473775
-0.463688
-0.807803
-0.587292
-0.102438
-0.604359
5.29693
2.43192
2.73015
0.331728
0.854601
-0.0988467
0.784351
-0.342521
-0.44474
-0.415405
-0.156071
-1.03827
-1.05568
1.93967
1.383
0.0896503
-0.369253
-3.26353
-1.42524
0.574529
0.303117
5.07482
-1.85958
-0.37338
-2.63243
-2.00159
0.867286
-1.25847
0.18261
-0.212074
2.75951
-1.49972
0.0225048
1.99826
6.94541
-6.80735
-3.64409
0.755329
5.47608
1.36183
1.90409
-0.519668
0.568363
-2.42857
0.828415
0.168287
0.908576
-1.01401
-0.672805
-0.294581
-0.215076
-1.97635
-2.72666
-0.527182
-0.559189
-0.106743
1.27263
-0.18602
-10.8598
-0.177873
-0.847915
1.33022
-0.0100676
-2.28768
-0.235368
1.4202
1.01591
-0.434611
0.753826
-0.678371
0.11279
0.392548
-0.363807
4.80068
-0.627265
1.51162
2.73242
0.810677
0.237636
2.53937
-1.10893
-1.72974
-0.340053
2.45503
-1.15805
7.07214
5.52264
3.67464
1.26889
0.682971
-0.570373
0.0970648
-8.19065
4.9372
7.42175
2.1747
-1.58736
1.95252
-0.206686
1.30756
-0.419261
-6.94113
-1.39744
0.372374
-1.29513
-0.631637
6.81553
-0.260563
0.472294
0.437768
-0.0736035
-1.225
48.7239
6.93513
-1.50617
0.337442
0.410346
-4.41735
-0.10612
0.273228
-1.68883
1.30975
2.38047
6.07231
17.0563
-4.76291
-2.2679
-2.13496
0.23187
-2.88488
1.38926
-11.0979
-0.941251
-0.539862
0.552313
0.112117
-3.16036
-1.49421
-0.18124
-0.496375
-2.25646
0.691692
1.82361
0.148849
1.19145
-1.0121
-0.0416952
-104.171
-25.1241
3.45474
-0.734879
-1.11274
-7.58154
-2.4019
1.93427
-0.805506
0.697856
8.4464
-0.202755
-0.494659
-0.237489
9.74148
0.0264124
1.18142
-0.376414
-17.8346
0.765626
-0.357339
0.970462
-0.143571
13.1968
81.1706
0.675462
-1.21716
0.804672
2.19957
-1.89959
2.05877
0.027757
3.93677
3.04152
0.794785
-4.64162
-0.299141
2.71664
0.223879
-0.0958721
-0.0556921
0.208782
0.361575
0.128234
2.47149
21.005
0.368942
0.997489
-0.685649
-1.35272
0.886578
-0.363571
-0.121397
1.23375
-4.36504
1.03624
-0.100446
-3.95967
-4.34187
0.0887458
-0.818669
-0.845816
-0.747504
13.4123
1.77137
1.97013
0.582239
-1.17311
-0.00646801
0.745888
-1.87742
-0.977197
-1.37067
-0.239294
3.72264
-0.862141
-0.710094
-3.50654
2.54651
1.42683
1.29358
3.32526
12.0882
0.324462
0.676473
3.32001
-2.51422
-1.64315
-0.766966
-2.39483
1.55154
-1.06796
-0.650822
1.16802
9.77949
-0.219273
2.24016
-9.12902
-0.797736
0.681384
1.0024
-0.839665
-0.12767
0.726751
-7.25897
-2.27428
-0.730447
-0.533862
-1.01187
3.79709
0.664628
-0.0167347
-0.0784142
0.0778468
0.440357
-2.4998
6.38053
-1.26791
0.512838
-0.317335
0.930847
-3.58166
-1.27081
0.798448
-0.986485
2.01765
-0.0152952
-0.389773
-0.556188
3.56191
0.500017
-4.5008
0.365207
0.334258
2.56451
-0.788692
-0.736716
-0.202273
-0.688031
0.174852
-1.38338
-0.852307
0.402079
0.503273
-0.674401
-0.765089
1.74822
-29.6876
1.20323
0.841019
-2.34218
0.823402
-0.739924
-4.80158
0.159495
0.421718
-0.0520264
-3.71176
-1.04166
-0.639764
35.6993
2.17283
0.451819
-0.746412
0.799548
-0.0623844
2.51229
-12.2764
0.49194
0.263574
0.896486
1.77384
-0.136095
3.23656
-1.05829
-4.77425
21.5813
-0.82758
0.855925
1.95844
1.81663
0.708562
0.389913
-0.829917
-44.9501
0.500118
6.6009
-3.78856
0.0918803
-0.865284
-0.326233
0.313472
0.317159
-0.819749
0.129572
0.882735
-0.200507
0.147655
1.04455
-0.718794
0.11179
-0.920546
-1.61748
0.414088
-0.314369
0.972388
-0.0743055
0.597261
-0.376151
-0.105676
3.97674
-0.403027
-1.27996
-4.23154
-0.11657
-0.244941
0.366013
-2.95046
18.4015
0.906826
-1.76303
1.79577
-9.99781
-0.736595
1.21759
1.90414
-0.392849
2.7735
4.37273
0.586681
0.607282
-2.28364
2.0682
-0.0134313
-2.55918
2.29294
-2.88915
3.64741
-9.77376
5.41639
1.38773
0.437245
-0.25874
2.44279
1.47042
1.71297
-0.917798
-0.412532
2.2169
0.847898
-1.13556
-0.648164
-0.526962
0.236302
-6.97469
-1.75402
-0.925407
-0.712731
-0.469576
11.7343
-0.107427
4.28264
-0.569126
7.83694
-3.32795
-0.0782053
0.297149
0.999401
0.867221
0.232746
0.701863
0.279415
-0.221673
1.1827
0.603853
4.38929
-0.645102
0.668918
-18.2943
-1.43349
-0.95522
-1.34214
0.605976
0.223723
-0.607524
4.774
-0.990499
-0.572873
0.985203
17.547
-0.609041
-0.653553
0.839202
-2.62164
0.649371
1.95664
-46.474
-0.869576
-0.0238119
-2.53174
-2.62653
42.458
53.0494
-6.14779
0.12731
0.295619
-0.955166
-3.41202
1.37633
4.00132
0.451547
-0.546024
0.508201
1.52314
1.74207
0.700965
0.49686
0.267955
0.357259
1.66301
-5.96191
1.15079
-2.92209
0.204105
-0.415173
-0.606107
-1.85236
1.42223
-6.41377
0.154083
-2.28051
-0.65849
0.6676
-0.75991
-0.0419473
0.957146
1.77203
0.610048
0.35368
-1.09989
0.476941
-0.165048
0.69836
-0.00564612
-0.918445
-0.745485
1.48129
0.0133218
-5.12747
-5.56223
10.1216
-3.31402
0.159124
33.5949
0.927589
-0.881651
23.3666
-0.80347
5.07244
0.875456
-0.682091
0.453591
-1.52398
0.182686
1.06679
-1.03445
0.861196
0.115755
0.271674
-0.448928
0.944154
-0.5047
-0.974534
0.241413
-0.522171
0.179193
-0.922532
0.17486
7.03318
-1.36111
0.27204
1.50726
-0.489782
3.72788
0.0832721
-13.101
-1.83955
-0.995905
8.30953
18.5456
0.943658
-0.127723
2.76366
-1.25869
-2.2863
18.7358
2.79086
-1.49131
-5.75976
-0.339792
25.9944
-1.94077
0.479616
-2.7282
-6.13821
13.4777
9.38135
0.795619
-3.54567
1.50806
0.227715
-0.771723
1.43143
0.618059
0.0219907
2.28613
-0.494689
-2.03989
-4.35146
0.331173
0.752697
4.49759
-1.99457
11.7432
0.352524
-0.129134
-0.0628304
-1.23567
-2.43776
69.0932
0.752284
-0.26105
-1.1004
-17.8321
2.8171
-6.10932
-0.227689
-1.34586
-0.232738
29.965
2.20288
-1.41485
1.45905
-0.731336
-1.6501
1.53212
0.704458
-1.07896
-0.0588249
-0.337007
2.29818
10.5158
0.339471
0.37922
1.24917
-3.9814
1.83477
0.0782732
0.192488
2.4196
1.29566
-1.84487
-1.49826
-2.01723
-0.327727
-1.04254
-0.307746
3.79717
-3.06472
1.11573
1.18444
0.512934
-0.571837
-0.68055
0.0263795
-0.125185
1.5316
0.498997
-0.227018
0.708485
-7.96369
-2.80224
0.310838
-0.717844
0.348775
-21.0964
-1.58372
1.69377
-2.71118
4.58451
-1.13185
1.11342
-0.162157
-1.55542
6.74044
-3.00692
1.20168
2.38662
-7.36038
-0.557981
-1.69427
-0.0918485
2.97531
-0.225879
-0.431157
-0.0795118
-0.53292
-0.328518
-1.765
-0.393441
4.26057
-1.44933
0.671085
0.394984
-0.56169
2.52038
-0.474822
-0.0894506
-0.916262
-0.629338
4.7039
0.368155
10.505
0.222333
-0.226514
0.185081
0.0221791
1.03689
-0.133094
0.77869
2.00902
-0.917118
0.815764
0.0852546
0.967373
0.0844861
3.70185
0.709423
0.464123
-0.246328
0.758136
0.322673
-0.93218
-1.09377
-0.823474
0.0768069
-0.422125
-0.738194
-1.86797
-0.0253266
-3.42274
0.589513
-0.309254
0.507629
-0.105345
-0.574729
0.143337
-0.653607
-1.35122
0.382629
7.78331
-1.12767
0.713719
2.56816
0.102211
-2.072
-50.2838
-1.06192
-1.64733
-0.0891974
-1.87404
-3.38557
-1.13964
12.707
1.58275
-2.02301
4.53443
-1.33809
1.47253
-0.0875419
1.01963
-6.51848
-2.27106
-1.45092
-0.774835
-9.10296
-16.568
-1.87751
1.20555
-1.26622
0.0819518
0.556992
0.114892
-0.326037
-0.95785
0.377152
-1.97942
10.0633
-0.580104
-0.372267
-0.0265025
-0.0969678
-4.7561
0.0912575
-0.617897
-2.01583
0.695404
1.17367
-0.0531667
-93.2389
-1.54461
-3.21784
-0.749817
0.0509661
2.1703
0.451272
-0.654023
0.194881
0.259232
-0.618378
-1.05815
0.970517
0.231676
0.825197
0.0283567
-1.1713
2.33939
-0.346486
0.450278
-1.10321
2.64915
0.200793
-5.58623
7.16029
2.98868
1.49671
1.44004
-1.62213
2.2453
1.14294
1.44499
-0.857067
1.82328
-3.21748
-0.458806
-1.63574
0.431123
0.514683
-2.41902
-0.953445
5.92298
-5.68578
3.46761
-0.32076
-0.138131
-3.20328
-0.0620351
0.835809
-5.6716
-1.82303
-3.59376
-0.323461
-1.16533
1.5214
-4.55117
1.93831
-12.7603
-0.109579
0.376117
1.97689
-1.00782
4.96362
-1.61352
-0.691778
-4.31483
-8.41926
-0.52521
-0.238702
1.09226
-0.397752
2.69378
6.75536
0.208336
-13.4136
-1.43683
-0.897253
-20.1782
-0.0833361
-0.799111
-0.293091
1.98528
-5.22165
3.4731
-1.191
-1.89715
-1.03287
-3.14126
-1.38035
1.1654
-13.5835
-0.343617
1.24579
0.981811
-0.0494326
-3.25891
-15.1162
-1.22648
-0.512089
-1.89305
0.982807
-4.6249
0.856876
-2.63627
0.0665717
0.807253
-0.644838
-0.406912
-0.797439
-0.175401
-0.975765
0.269822
0.804423
1.11863
5.08151
7.27423
-0.495564
0.291115
0.0788587
-0.435263
0.0546857
0.229223
0.646
-21.0009
-2.27645
9.38886
-0.635087
-0.74771
0.629616
-0.325291
-0.244555
4.81364
0.329401
0.864058
-2.72202
-0.279084
-1.08895
0.0186579
2.80087
-1.43833
-2.07623
-0.214625
0.166162
1.02157
-7.81928
0.162345
0.712082
3.05757
-0.387501
4.16869
0.369671
-0.132944
-0.95973
0.487235
1.80906
-1.41568
-0.70078
-0.399897
-0.797836
0.452335
0.481422
0.369542
-1.01596
3.27243
0.21649
-1.09532
1.05226
-2.48235
-0.540264
0.205639
0.357853
-67.7692
0.393721
0.0992521
-0.509683
-2.28407
-0.0373769
-0.154423
-14.2036
-0.0332681
-0.162215
-0.53546
0.815189
-4.50774
0.254054
3.73085
-1.32469
-0.179049
0.108395
0.354451
-0.0562512
-0.202409
0.949418
-1.61988
0.520734
-0.519443
0.838324
-1.15185
0.646665
1.32536
-1.53606
-3.94283
6.15343
-0.0869078
0.933252
1.88839
-10.5274
-0.0532312
0.570809
0.284315
-0.498375
-0.776455
0.883953
-4.65396
1.23309
26.1809
27.6855
6.08576
0.39109
14.011
-0.195762
-0.659186
-6.28041
0.761418
-30.4408
-1.65692
0.465918
-0.33646
0.529885
0.821665
-0.214923
-0.636763
-0.096248
0.125528
0.873797
-10.5619
5.47536
-0.533291
-1.12463
0.361769
0.35103
0.579811
0.0749036
-2.29707
-0.425097
-6.10362
1.93844
-11.7149
1.08969
0.160414
0.440279
2.03533
2.17787
-3.93687
0.222747
0.243926
1.70833
-0.0389898
-2.10293
0.0435649
-0.245355
-22.9522
1.46048
0.407228
0.193781
0.270671
0.72523
0.473594
-0.379668
-23.7918
0.851775
0.0204219
0.0414848
0.641169
1.15417
-0.890547
5.16845
-0.0103795
-0.438407
-0.523551
2.26054
-1.12201
-0.504105
-0.803366
0.986207
0.4194
0.986171
-0.171827
-0.560816
0.430462
1.48304
-1.01428
-0.195897
-4.40638
0.0653674
-0.0974221
0.0237381
-1.50675
0.748354
-1.14024
-0.592972
-0.915956
-0.501822
1.49537
4.24536
2.54136
1.18806
0.180594
3.49814
-0.621907
0.290184
-2.18891
-2.16869
-0.717223
-0.590291
1.48794
-0.193
23.0785
-5.61299
0.26023
-0.705143
2.64231
-1.71746
0.0152573
0.101196
1.00344
-1.43623
-0.641988
0.218088
-1.71351
2.52106
4.34969
53.8129
-1.44176
2.25863
0.902766
-0.189406
9.01363
2.39308
0.109856
-4.03497
2.8722
-0.994492
-6.03209
-1.1333
1.37193
-0.805545
0.441685
-7.12351
6.33449
0.0521978
5.53703
-1.92792
0.340498
5.17636
-1482.09
1.1604
-7.04846
-2.71386
0.752318
-3.35996
0.147684
0.112989
-0.400736
-1.23689
-0.133242
-0.113416
1.75752
-1.41664
-0.871905
-0.327468
-1.77764
-22.9145
-1.08723
0.13968
0.648508
1.37945
-0.41782
9.06878
-0.264829
-2.07432
-6.39515
0.55684
3.05786
2.62816
4.88239
5.75408
-5.6598
-0.162106
-6.44756
0.836947
-6.47629
0.159696
-0.352899
-2.70031
0.261016
-0.572118
-0.538355
-0.793576
1.50105
4.04872
4.00135
0.691381
-0.997782
0.259803
-0.278775
0.657602
0.0707511
-0.114941
-0.451729
1.49141
-1.36101
-3.90559
-3.70028
13.5856
2.85622
0.161666
-11.9239
0.337089
11.1172
2.22692
0.891099
0.0703635
-1.55184
-2.08076
1.27758
0.521443
10.1657
2.04134
-0.703848
-0.0352272
-0.333304
1.23109
-2.01347
4.43227
-1.5253
2.49866
2.61284
-5.21964
14.8912
6.12546
2.3185
-0.358956
1.95376
-0.197039
-1.85275
4.60108
0.317184
1.30189
1.31154
-1.43952
-0.0166367
0.927509
-2.49453
0.468146
0.642321
-1.06544
-22.7648
-0.363487
-4.67685
-0.0766643
-1.90542
0.902962
-13.1978
-6.05642
4.42555
-0.0670762
-0.0319825
1.50781
0.351812
0.0530591
-3.32575
2.08642
-4.99605
2.26881
-0.104793
69.9977
-4.47426
-0.884182
0.478305
0.934191
-0.195413
2.59343
0.773413
1.85562
0.601924
8.7856
-0.266286
-1.3
-3.67831
1.06753
0.822612
8.03042
-0.967489
9.25565
4.05772
181.621
-1.52375
-42.225
1.00284
-4.12499
-0.10322
0.402924
0.0376191
-0.966317
1.95084
2.14232
5.80967
-0.456075
10.1577
0.813966
0.0593966
-2.52606
0.179907
-0.269592
2.46988
-6.21583
-607.724
1.75459
0.369445
0.477947
0.92752
0.530935
0.664234
0.480924
-0.957042
-1.90115
0.0781637
2.98112
-0.297075
-12.8102
6.53744
-1.19504
0.463579
-8.15265
0.0658067
-0.0945558
-2.87143
-0.0256636
-2.63741
-4.8917
0.752624
-0.572958
-1.57114
0.191161
3.96212
-2.50144
-0.314726
-0.136413
-0.0300402
-1.15042
2.38502
0.429205
-1.9052
0.440349
0.703637
2.24172
-0.615395
-2.59684
32.7725
0.492114
0.494367
-2.58512
1.0073
0.246969
0.0607262
0.0108315
0.114105
-0.126127
-0.243438
-0.388464
0.393643
7.02776
-1.08207
4.50573
0.89631
-30.1755
-3.06358
1.5505
-11.6982
-1.26778
-0.984806
-0.0355588
0.498111
0.212227
1.80191
4.36634
0.513933
-5.01721
0.336254
-1.20016
-1.53437
-0.219846
0.239906
1.2216
0.110153
-0.00150621
-19.6622
1.24905
-6.35841
-6.85816
0.751096
1.40491
-0.230242
2.70215
-1.38574
-2.57362
-1.1384
7.60421
1.20506
-1.28905
1.24324
-1.08192
4.08848
-0.250617
-7.98635
1.50913
0.256819
0.436864
-0.758291
-4.22524
-3.6417
1.4705
-18.9766
0.144383
11.5444
-0.0654416
3.22619
3.54733
0.165852
1.27935
-0.157322
5.0443
-1.31484
-0.559162
-54.4082
-0.545128
-4.52433
0.233638
-1.6293
4.98633
1.10864
13.3943
0.513196
8.1643
-4.31765
0.940041
0.403428
-0.878752
-0.163243
-0.627513
-1.68003
-2.04651
-0.220583
-0.609376
0.656186
1.14819
-0.483686
0.334073
-1.54457
0.326531
1.42982
-1.42817
2.36262
1.2416
2.78432
0.33598
102.379
0.278863
-3.33203
6.34658
0.385509
1.4525
-2.70051
0.906802
-0.159464
2.01817
-3.8135
0.257837
1.49662
-1.04003
2.5
0.361098
0.178999
0.268579
1.17356
-8.40867
0.378826
-6.71417
0.601013
1.7185
0.960449
-0.339595
2.09722
1.04033
0.46843
0.95324
0.226363
0.530847
2.63926
0.595406
-3.28811
0.728983
4.27775
0.0638417
-0.59381
-0.69407
0.514269
-2.84338
-0.541938
-0.815375
-8.07737
-29.53
-2.66498
89.8076
0.518187
16.3006
-28.2304
-0.032868
-12.141
-7.5828
-12.0138
0.292924
-2.62846
0.676873
-0.111094
0.415889
-0.0969457
-0.74088
3.22387
-2.54978
0.0247939
-1.56621
1.36505
1.87729
1.06706
-0.304463
-0.965563
-0.213118
1.91995
0.389382
-0.759927
0.768305
-1.56978
7.04483
-0.731007
-1.22694
-0.206154
0.761239
-0.86292
-1.8665
-1.97057
-4.60394
2.20201
-0.035362
-0.336474
-4.5558
2.91149
3.72183
-0.729001
0.245295
1.41657
302.216
1.63355
1.16513
-1.07739
-0.48994
5.16691
-11.2166
-1.21875
6.68643
-2.71685
4.00733
0.13936
-0.24388
0.41407
0.308445
0.647555
1.53741
2.3257
1.12092
0.158962
-1.59657
-0.340925
-1.99277
0.249019
4.18442
0.631605
0.0301252
3.93383
0.79381
-0.00303081
-0.131165
-5.03436
0.075881
-1.05868
0.851743
1.37758
-1.54286
0.579918
-0.987304
-3.86717
-5.10901
3.52597
1.48209
-0.116488
1.72169
2.85956
-1.4369
2.66975
0.85496
0.0829281
-8.32594
1.47734
1.2502
2.24947
-1.06197
0.127997
-1.11291
1.41906
-0.0209062
-1.03604
-0.358864
0.612846
-0.355617
-2.56025
-1.35697
-0.746083
-1.48833
-3.18573
0.301535
1.91429
0.740256
0.34469
0.869471
0.643112
5.75729
60.932
-0.349798
1.25329
10.0183
-30.4325
-1.22064
10.0921
-2.93293
0.231164
-0.266451
4.32151
0.319493
-1.78802
-4.0565
0.229606
1.44408
-0.027704
-2.79871
-0.517536
0.854933
10.1638
-0.520247
-2.06521
-0.108123
-0.14656
-6.95572
-0.13461
2.78706
-0.0894083
0.971206
-0.0202275
0.478998
-1.25307
-11.545
-0.739487
-0.024049
3.58856
0.998065
3.07054
0.87358
-1.52229
-0.588906
-0.0292793
-1.70152
-0.317026
-8.93535
-1.03767
2.33874
-6.43766
-0.50152
-0.22113
0.153188
-0.185315
-0.0760215
-0.434282
0.0978483
-0.0860242
-0.978786
-1.35656
-1.55902
1.77948
-11.5608
0.926853
-0.98816
-0.0571628
-0.661256
-0.109331
-2.97393
-0.0289358
0.468904
-0.0442155
1.29426
0.22688
4.13274
1.98053
-2.5923
0.492066
-3.5184
6.71353
1.67247
-1.63271
0.209609
0.231971
8.88572
-0.196598
0.822911
-3.23227
-2.13044
0.299842
0.210096
-4.39945
0.38594
17.3068
8.25924
1.38057
-0.948196
1.24851
-1.42002
9.12813
0.772075
-0.20736
-1.40756
2.73861
-4.33582
-4.55907
0.416903
1.67607
0.771308
2.12821
-14.6021
0.849065
-1.74563
0.718002
-4.76639
3.20314
1.45357
-1.46458
-1.61926
0.393832
-0.272588
0.0978895
-0.975843
-2.8014
-0.642739
-2.15345
0.520451
1.93596
-0.34614
-0.229794
1.49516
-0.38593
1.57423
-71.3643
-0.0467379
-3.26153
0.44317
1.14443
-2.15612
0.00195375
-1.20368
0.451098
-0.250283
2.56427
0.537713
-4.4122
0.708197
0.242241
-1.29204
-3.13167
-0.578777
0.515786
-0.56286
0.111862
-3.12846
3.5981
-0.208475
-0.622205
-0.797239
-1.11727
-0.135527
2.38101
-4.71644
-0.399795
0.288588
-0.546244
-0.250518
1.18768
-7.32552
-0.58181
3.94001
0.15937
4.06631
-0.190851
0.0865077
-3.06167
1.43691
-0.172318
1.17296
1.69757
-0.974522
0.268819
-5.96209
2.05488
-0.185857
1.10706
-0.201253
-0.9414
-2.33559
-1.68837
-1.96213
2.34767
4.67109
-3.64951
-0.177736
0.364018
-0.434259
-0.803318
-6.97038
-4.15862
-0.830477
0.136274
-0.141375
-0.674016
-0.607434
-0.101202
-1.50319
0.836358
0.0443724
-0.206167
0.883837
-0.0286369
-2.36353
-0.288095
-0.313698
1.74124
-1.8828
-0.778963
-0.973345
-0.978232
1.02476
-1.74752
-9.91454
0.629192
1.45449
3.25617
-7.06407
-1.04042
-0.713678
-0.195193
0.487365
1.73677
4.22394
-0.305744
-7.34597
-2.55281
0.373929
-0.28758
0.331812
-0.562204
0.0817989
0.239336
1.29725
-1.23842
13.1463
0.418924
-0.0122879
3.17981
0.909949
-0.922424
0.548751
1.34363
0.184904
3.16268
5.68236
-0.54008
1.73888
-2.65077
19.8021
8.06583
0.389209
-1.10444
-0.439949
4.2976
-2.58845
0.182569
1.44053
-1.14063
1.0555
0.0403377
-1.37949
-0.890943
0.467616
-0.348572
-0.303962
0.684482
-0.502594
0.792459
0.822293
9.05043
-0.22248
1.28902
0.822566
-0.442186
-1.50692
0.157621
0.601705
0.333299
0.749123
0.167123
-2.99335
-2.7767
-4.12011
0.288897
-3.15542
0.0138136
-1.7185
0.851059
-0.596432
1.75896
-2.20638
-1.14595
-3.02482
2.81704
0.571717
17.9221
-0.478763
-52.8544
1.01925
2.05732
-0.962735
3.28791
1.42225
-0.057364
0.108799
0.486694
6.19499
2.01945
-0.187295
1.51331
0.0156495
-666.359
4.68632
-2.87144
5.30578
273.487
-1.07272
-5.48754
-0.868058
-2.26715
-0.203905
1.16943
0.426087
-322.448
1.21058
-0.198614
-1.37807
-0.67054
-3.4879
-0.599185
4.10351
0.429527
-4.77683
-0.797629
2.44368
-0.41586
0.87616
-1.00904
-1.2604
-0.224068
-1.96791
-0.536827
-0.218147
-2.05559
6.77611
-0.370956
-33.1785
-0.398422
-0.575567
1.48587
-2.48168
3.68704
0.922484
-0.364887
48.9523
2.50223
1.2015
-2.18662
-1.04378
-2.13855
-2.10405
-0.239826
0.683067
-0.787005
-0.719914
-0.419214
2.73656
0.885665
-0.32569
7.62769
-22.9625
-0.626633
0.167359
0.0952074
0.772439
5.73608
-3.15384
13.7545
-0.594788
1.52932
-7.08293
1.031
-1.31259
-1.57587
0.744563
-0.570221
-0.319213
-0.282279
0.370526
-0.852096
-0.455593
-0.277026
1.84476
-0.673329
-0.282695
-0.94217
-0.906442
4.89005
0.212286
-0.142487
2.18781
-0.707437
-2.45091
5.1917
-1.17396
-1.62323
-0.882962
0.118312
-0.736101
3.90701
-2.84592
0.484083
0.544135
-0.506769
0.0572126
-0.00276404
-0.695887
1.50083
0.719704
-2.71604
-0.388446
-2.02727
-0.0633732
-21.3542
1.59279
3.27084
-0.484262
-0.455411
0.283595
2.06369
-1.75083
1.97015
-0.511295
0.841027
2.27994
-0.389441
2.05241
-0.439338
-0.759368
0.996887
0.603958
-0.216884
-2.24959
2.0814
0.256822
-1.80613
4.01015
0.859952
62.7919
-0.925858
0.391003
3.05953
0.238685
-0.457336
0.610776
-10.8225
0.0818203
-1.18666
0.433236
-0.335867
79.6184
-6.25162
-0.209922
-1.58137
1.00668
-0.452785
99.9484
0.321582
-0.164597
0.964837
2.14792
0.665487
0.396288
29.7239
-0.749123
-1.86128
-0.413406
0.922337
-0.156622
1.49231
2.13787
3.47151
-0.223349
1.40841
7.10894
2.21165
-0.291539
0.98771
-3.78326
-2.26083
-0.436727
-0.727133
16.2333
2.83556
0.632432
0.484774
1.31304
2.81456
3.15897
0.438812
-2.26714
0.524577
0.0309244
-5.34682
-1.16071
8.67651
-1.45711
0.678331
3.45874
2.19925
-1.02911
-1.23646
-6.44249
-3.83432
0.283644
1.25862
8.10587
-1.73213
-1.90242
-9.08313
-16.2018
5.88177
0.085304
4.75073
0.346245
1.11846
2.62737
2.04604
0.501237
-0.118954
-0.535118
2.22738
0.957615
0.265202
0.151983
-0.0420056
-0.353757
1.49698
-0.647125
0.671784
0.90366
-1.30382
-0.831925
-1.76268
-2.29859
-3.16057
-189.462
1.31665
0.448302
0.0467931
0.128322
0.35489
8.75098
0.118185
0.704463
-0.974374
-0.747583
-0.06943
-0.294316
0.102186
1.07891
-21.9796
0.514603
0.911395
0.517034
-0.0357852
1.22479
0.651537
3.64103
-0.332049
0.552112
1.06576
-1.33755
-1.78209
-1.00158
4.08079
-0.381908
-0.861417
-3.56709
4.65995
-0.0843771
2.28553
0.747051
0.441143
0.496273
0.156693
0.631284
1.80411
0.284136
-0.71511
-0.557942
0.553679
-0.903038
-20.1986
-3.76938
1.59108
0.753193
0.300223
4.89721
-1.71463
5.52756
-0.24063
-0.759651
0.240402
32.6662
0.922167
-41.954
-0.272627
-72.2846
-0.303822
-1.00812
1.58184
-0.139337
0.526755
4.68528
2.06802
-6.63825
1.77888
-6.65668
6.76862
-0.00507931
0.129438
0.558337
21.7987
0.93451
0.423669
-1.05078
-1.13156
-0.178185
1.50212
-0.971455
229.38
0.801144
-0.212579
1.07009
0.239538
-0.602606
0.669295
-0.301046
6.05145
1.07877
0.32893
0.628622
6.47142
-4.1427
-0.535884
0.608925
-0.3088
1.44807
1.43327
0.0660187
1.18203
7.42722
0.503381
-0.404713
-0.162863
-0.807763
0.0441568
-2.38015
-6.38371
1.2728
-0.112619
-2.48711
0.94871
15.1345
0.113966
4.08049
-3.76341
1.88996
-3.83145
-1.07942
0.815807
-1.02699
-80.4521
-0.726006
-2.12154
-1.26443
-4.2773
0.250084
0.571814
-0.117097
0.423629
-1.05888
-1.36372
-0.200495
7.20259
-1.10771
1.74405
1.93547
1.83634
9.61025
0.425407
-5.83742
0.618876
-0.228708
0.0120902
-0.59
-0.910258
29.0215
-0.807906
0.0396609
1.41947
-0.202232
-0.667452
-0.318912
-0.269047
4.63041
-1.08213
0.121159
0.141963
-3.32335
-4.71059
1.62623
0.134379
0.20473
0.547779
0.511626
-0.752738
0.327755
0.145798
7.68518
-1.03997
-3.35457
0.924506
-1.18284
2.73454
-4.14475
-1.61655
-3.20328
2.43451
0.548792
-1.51135
-0.0946912
0.854036
0.863287
-1.34807
-0.9937
1.62163
-3.04676
-0.642043
-0.519788
1.4789
-1.07787
-6.25361
-10.6091
-0.40401
-0.622924
2.54981
1.81375
-0.52981
-0.104564
-0.82069
-4.03886
1.92185
0.22036
-1.60809
3.9006
-9.12628
-0.373967
0.334864
-0.0185464
-0.567052
-0.661669
-0.241729
0.874484
-0.294401
0.784256
-0.0860853
0.348136
1.34672
-0.119184
0.123757
2.18032
0.0365114
-0.646859
18.0875
-0.432154
-0.144489
-0.163501
-0.975117
2.44125
-1.18525
-0.0540513
0.385654
7.33106
0.222992
-0.968555
0.702475
-0.255137
0.860673
0.816411
-0.309671
0.258922
-7.83458
4.51602
10.0972
-0.203372
0.190454
-1.35894
0.0951943
0.937238
0.381022
6.07621
0.667215
-0.353326
-0.139584
-0.258532
-2.19982
0.560699
2.8898
-5.55295
0.357147
-0.105641
34.5568
1.14516
-1.22191
3.55578
-11.8936
-1.4729
4.17618
-0.519972
1.61597
-0.505075
0.736656
2.68721
-50.1475
-0.174658
2.39998
-0.00194603
0.46573
1.51464
0.8399
0.434019
-0.328372
-28.7783
3.22265
-0.0230932
0.867567
0.983966
0.395158
1.3211
0.275225
1.88717
0.374395
132.116
3.40611
-0.936411
-0.400883
6.7689
1.15626
1.60219
11.1424
0.410597
0.703679
-0.290732
0.206258
5.54582
-0.551298
-0.795539
0.312747
5.76275
-0.134475
0.31094
5.94424
0.540077
1.06314
0.514505
-5.29615
-13.1263
-0.446141
-4.10195
0.0686803
0.903741
0.182518
1.93033
-0.112121
0.561656
-0.130438
-0.771419
0.0728499
-7.89731
0.335302
0.623822
0.176776
-1.95744
-3.64414
0.260161
-0.24118
-0.39171
-2.21921
1.3302
-0.270959
-0.123239
-2.68553
-0.4348
0.731601
-0.0770083
-1.80447
1.29199
0.216784
-2.9057
3.45555
-1.27491
0.258853
-4.5806
-0.39869
1.09272
-0.761504
28.5728
-0.247793
-0.384505
0.899379
-4.54756
3.11251
-0.398574
0.0511573
-0.367743
-6.66339
-8.95473
-0.165297
0.0386659
0.0103758
-0.46376
-0.163789
0.149656
2.92281
-1.88785
-14.6787
0.331347
-4.8636
-35.6202
0.344155
-0.163761
-0.192782
0.0970051
0.505573
-0.686499
-4.22159
0.347116
1.05445
-5.38381
3.61848
0.351313
0.132126
0.791933
-1.97065
0.828524
12.6961
0.102549
8.78757
5.95386
0.295882
-1.04502
-1.22014
-0.477094
0.916094
-0.202147
0.539648
-0.266392
-29.6159
-2.08734
1.16509
-1.48014
0.192046
2.23815
-2.85817
-0.476898
2.38577
1.12896
2.57284
0.378624
64.7474
-0.246544
-0.289415
0.012558
38.3851
-0.239839
1.51559
41.7886
-1.00055
6.17498
-1.66532
3.08181
1.62266
30.3318
0.760118
1.69914
-0.581729
-0.827324
0.888949
0.281263
1.65358
-0.274057
-1.6549
-0.500662
-0.767125
-0.523978
-0.572973
-0.967239
-0.850567
-0.842852
-0.687193
-21.5018
-3.25388
5.5304
-1.71522
-2.98382
-1.07028
1.17963
2.64887
0.505338
-3.84481
-2.7229
-50.5985
-0.297873
-0.0170779
-0.107486
-0.845039
-0.140001
-0.948335
-6.90216
1.83521
0.279147
-1.67999
0.0530469
-3.93497
-1.95056
-0.588683
-0.017438
-0.816368
3.42052
3.75301
-1.46879
2.04454
1.67557
5.86873
1.02234
-0.324082
-0.767991
11.264
0.0178407
0.834972
-1.26873
-13.2435
-7.54391
-1.90832
0.419878
-2.82687
1.88681
-135.739
-0.387691
-0.0720021
0.349548
-1.53784
0.0216581
-3.30527
0.18225
2.23891
3.70502
-1.11225
-0.223402
-0.810381
9.31079
8.94764
0.13404
-1.84112
0.485407
-0.410792
1.45709
-46.8799
-0.39657
-3.27191
-0.182121
1.36296
-4.01368
-1.19485
-3.42801
-1.00833
-1.29701
1.47455
-1.24397
-17.8403
-0.249723
-2.78543
0.54428
-183.189
-0.994066
-0.155212
0.467701
-0.621766
-1.83568
1.57703
-0.775497
-0.830819
-0.929676
0.467808
0.266978
-4.0308
0.647796
0.701128
4.96136
-0.351583
-0.50337
5.29718
0.700955
2.38185
-1.27993
-0.579805
-5.53563
1.33658
-0.50806
-0.144998
0.288356
1.26731
-1.22268
0.42071
0.575388
-1.39245
-1.19865
9.23142
-1.02907
-0.499193
-9.55666
0.756848
-0.488991
0.319156
-0.659266
-0.545257
-0.908476
0.171245
0.472885
-0.696832
0.153491
0.409255
0.830529
0.172142
-1.18098
-0.457971
-0.618811
-0.736192
-0.995016
3.89393
-4.33115
0.0632367
2.1723
2.22313
-5.9975
-0.168385
-6.61388
0.53919
1.78868
0.236755
0.273665
0.913604
-9.18829
-2.54934
2.08453
1.08953
-0.53812
-3.91373
-2.74663
0.00356382
-0.0583334
-0.699828
0.425902
-3.87557
-8.93803
3.02111
-0.0424341
-0.818773
-0.959943
0.345102
-25.3899
-3.71749
0.40013
0.585231
-0.83299
-0.357853
7.88663
1.60896
-34.9866
1.74466
-2.30857
-4.49876
0.503431
-11.4474
0.605959
0.824802
-0.180137
16.7752
0.0480418
-0.184823
3.9376
-1.0633
0.311452
-1.14438
2.81857
-0.575739
1.52447
-0.734128
0.50087
1.74498
0.395294
-2.66999
51.9394
-1.95057
0.633081
0.166765
1.12669
1.71347
0.278663
-0.277164
5.08956
-2.44797
-19.5597
-0.299228
0.950341
3.76094
0.0966452
0.962179
0.367768
0.435903
7.16573
-4.10827
-1.30891
-0.476953
3.11588
26.6992
-0.874632
2.56874
-0.830172
0.336062
-1.18099
2.20205
3.61681
0.842571
-3.90632
0.670899
0.233971
-6.27028
6.15282
0.867079
-0.228401
-3.24604
-0.0288507
-0.964727
1.55153
15.4147
0.746199
-1.7168
-0.443223
2.364
0.836949
1.78245
-1.6506
-1.76338
0.475131
1.10444
0.554996
-0.915087
0.46906
-0.682154
10.5661
-3.01423
17.4595
-2.77096
1.95581
0.236438
-0.625842
-0.563865
-0.452666
-1.2255
1.25035
2.23589
1.79115
45.0736
-0.154464
-25.2879
2.8428
0.962305
1.58563
0.326602
1.58837
-3.17397
2.6976
0.724153
6.28203
69.9686
2.81733
-1.2797
235.506
-0.252729
1.60661
-0.921992
0.9928
0.77775
3.817
-0.362391
166.761
-0.0259804
-0.798202
0.701435
0.775608
0.0510237
-1.82075
-0.275051
0.917522
0.961971
-4.28823
-0.399835
-0.647625
1.59332
2.66452
5.18033
-3.57878
-0.0179994
0.568044
0.758032
-0.754691
-0.880268
-3.27418
-0.189961
1.22271
0.395846
0.290228
-0.39378
9.76494
0.422396
0.466826
34.0837
-15.6232
1.07346
-0.0540738
0.524908
0.182503
-0.768479
0.286811
-6.50476
-0.535335
1.7136
3.08633
-0.90344
0.379611
-4.42947
-1.25529
0.0121439
0.132285
-10.5148
0.684802
0.0501954
8.3131
1.18631
-23.5199
0.0702599
-3.73376
-0.185071
3.39941
-0.204244
0.0897765
-5.16234
0.555613
0.570074
-2.96938
1.10927
-0.98859
0.236478
-0.115393
0.591177
0.637437
1.13387
0.11733
1.52896
-5.22576
0.420991
1.40478
0.303256
-0.560451
1.29429
0.515763
30.44
-1.85022
-7.45066
-2.11186
-0.744868
-0.381288
0.212779
0.348747
-0.0670065
-0.523416
-0.737884
0.080617
-25.4795
-0.857444
1.0036
7.23205
3.25133
-2.06248
-0.576505
-0.500871
-1.91378
2.61547
3.40364
0.351346
4.73339
-3.66507
-0.928243
2.02339
-3.49109
-2.73702
-8.51414
-0.452182
-4.52222
2.76615
0.0784248
-1.77084
1.80582
-0.3128
1.69058
1.73393
22.8973
0.928859
1.25751
-2.23203
-0.176438
-1.23593
-1.32658
-3.18979
-0.55963
-4.61177
0.176525
1.11404
-8.40941
0.825885
-1.83989
0.340048
-0.70037
0.625049
-0.106978
1.08068
0.166849
0.692063
-1.94338
0.916183
1.61761
0.459767
-44.8132
-1.30581
1.51103
-0.429788
3.86
8.12426
0.336449
-0.655334
1.3618
-0.161408
-1.6128
-1.76832
-0.602373
-2.17629
-0.685377
-0.338
22.5588
14.5962
1.12156
500.49
-10.8214
0.611862
-0.119062
2.87161
-5.45315
7.56476
-0.150835
0.245916
0.107098
-0.0279485
21.1626
-0.425598
-9.11633
-0.451907
-0.551831
3.64698
-1.15914
-1.08098
-0.0444512
-2.81658
-1.21356
-1.3467
-0.666213
1.7741
1.33446
1.90328
0.589148
0.294644
0.281472
0.555672
-2.39211
1.05858
-4.15936
0.892768
-99.9883
1.41895
-1.14542
0.902228
-0.177765
-2.97222
-0.498864
-0.406376
-1.03317
-0.642335
0.666675
0.47163
-0.626214
0.666458
-0.143016
1.17173
0.579017
-0.48868
-38.627
-1.38369
0.777043
-0.472927
-0.924961
0.225366
-0.639058
3.32128
-0.652498
0.575554
-1.1547
-2.95887
-1.08793
0.82843
-0.255609
-2.45439
0.117838
8.18018
0.530089
-0.213096
-3.14115
-7.27288
1.90684
2.03826
0.525333
0.489939
-6.41855
-1.12643
0.410947
-0.145853
2.33419
-0.876131
-0.386452
0.220819
3.25221
0.197283
0.699723
-3.14727
-1.036
-0.0152625
-0.149193
1.55869
0.0386371
-0.469057
-2.72553
0.547012
-1.20623
0.716455
10.1008
7.24125
-0.426389
-38.8109
3.53996
-0.886505
0.564201
2.00336
-0.0750157
0.3168
-3.00476
1.51695
-1.50606
-0.195841
0.411585
1.01657
-0.256139
0.376576
0.263144
-0.279386
1.41268
-0.0219502
-3.4777
0.0412113
0.759265
0.789497
-0.0689146
1.45186
-1.30645
-2.7191
-13.3193
0.864167
0.612006
0.998988
-0.438079
-6.13187
0.954354
86.9647
0.193088
-11.6591
-7.29664
3.93274
0.904016
1.99833
0.370124
-0.352511
-3.56882
1.0138
-0.642761
-0.551498
0.928477
5.0213
0.164815
-0.273761
-0.130377
0.00630022
-0.428691
-0.37929
0.46042
0.635366
0.698725
0.915797
0.972705
-1.76641
-3.17571
-0.413717
0.36522
-0.210535
2.23086
-8.6599
-1.55893
-0.483983
0.497405
18.3152
3.69583
0.78611
-0.835359
-0.82264
0.918525
-2.03344
0.537057
1.30821
-0.991115
0.197261
0.306422
-0.777919
-0.86621
-10.6531
-0.080275
0.384277
-4.05555
12.5567
-15.6012
-55.7462
18.5363
0.525042
0.363406
0.139134
-1.05497
0.756115
-0.153089
-5.55329
-1.56063
-1.69405
1.81137
0.0268887
-0.53205
2.13248
0.659858
7.42653
-0.633377
-2.14199
-0.40499
-0.000550997
-0.686421
-1.12872
0.720815
-0.648916
0.618175
2.81664
-0.279221
1.08647
1.04876
16.3217
-0.306518
-1.68924
1.26803
-15.0871
0.129996
0.127163
3.33047
2.06836
-13.9471
0.675054
1.9763
-2.45521
6.49869
5.4062
-0.54311
-0.378212
-0.835992
0.00183954
4.4496
-1.17779
2.47643
2.42104
0.523096
0.513264
0.716615
-6.98223
-0.759636
-1.09773
-3.94344
-0.435835
0.94117
2.33494
3.2844
-0.352418
-0.788766
-2.08934
5.58255
0.5318
0.907241
-14.7776
-0.891492
-0.437243
-4.09849
-0.19285
2.2652
1.88793
0.45206
-0.701621
0.235229
-1.83473
0.690329
0.8729
-2.16056
0.317282
0.602821
0.0399839
-8.05931
-1.16146
-0.823068
89.3435
-1.3453
1.00514
1.5752
-0.293405
-0.150159
1.52754
-1.18866
-1.15781
-1.72499
-0.793749
-0.347269
-0.456816
-7.35783
1.03075
-0.65954
-0.716288
0.226678
37.8505
1.62947
-1.37515
1.81172
-14.3187
2.12431
25.5485
1.08252
0.527202
0.60562
0.294614
0.226785
1.32369
0.531773
1.61657
-2.17044
0.991688
7.51376
7.51423
15.9226
0.228267
-4.83442
0.289146
-0.0146327
-0.402628
0.517459
-0.17104
-0.442527
3.65145
2.66058
-4.67861
1.49044
-1.38076
-0.845227
-0.479111
-0.115098
-1.24433
2.05789
0.706814
-1.39411
-48.3661
17.2877
-0.587254
-0.643413
-1.29603
8.73243
7.5312
-0.66667
1.96669
0.499894
2.02368
-5.09024
-2.62893
1.99524
0.38946
0.0901628
11.7092
-0.0480383
0.762572
-1.16811
0.0116487
2.15159
-36.6176
0.683493
-0.358377
0.41859
0.245904
-1.14956
1.06616
60.5023
0.0952597
-0.670932
-0.596122
-8.32598
2.22731
0.140963
0.419045
0.224703
-0.222002
0.436521
-2.01605
-1.92572
0.176267
-0.201131
-7.77428
-3.00957
-0.0878633
-1.55158
-0.508549
-4.24335
0.0141561
7.45225
0.77141
-1.20736
-0.343135
1.04372
-13.5083
4.45899
11.0191
0.350697
4.13597
-0.176804
-1.04341
18.6187
1.05456
-10.3277
4.58619
-0.00285357
-0.506167
1.15852
-2.83414
0.215779
1.06453
-0.70732
5.05268
-0.586008
10.4411
-0.00497496
-12.5496
0.932828
1.55865
0.802543
0.923685
-0.362084
-0.425907
0.769963
-0.827881
-0.310435
3.09784
-3.38327
0.970188
0.62157
3.47202
2.12061
2.04708
-0.733381
0.0929568
5.7668
0.430882
-0.756397
-4.94615
4.94542
1.07651
-5.24009
-0.873911
-139.51
1.02264
-0.512866
-0.52901
0.422158
5.15204
-0.553878
-0.0989509
1.02863
2.59751
0.403895
1.02909
0.302766
-0.630153
0.478203
0.302893
-0.255526
-0.806147
2.18608
0.0246927
-0.238729
-0.0739596
0.148148
0.569448
1.53742
0.121922
2.521
0.302093
0.560047
0.0323246
0.25862
-64.1025
-5.47035
0.0618818
-0.201514
0.886143
0.889391
0.467405
-0.10368
-2.3386
-1.11197
-0.909134
0.315135
0.476262
-3.13243
-0.423032
1.19123
1.03478
1.00146
0.557605
3.08358
0.44882
-0.324745
1.10661
0.429561
1.81136
0.0493916
-1.19172
0.196217
3.86122
-0.0627182
0.363432
-0.594031
-0.00358747
-6.66961
0.58161
-2.87485
-1.18645
-0.888867
-0.657932
1.50056
0.580855
-0.943626
0.171535
0.142878
-1.95423
6.18546
-4.74815
-16.47
0.816648
-0.129285
-4.45084
-3.74634
-0.290056
-1.48929
-3.85713
2.27782
0.244714
-0.755081
-0.608042
-1.88224
1.35566
-7.53239
0.608909
-1.9406
1.12821
1.91701
-1.0522
-0.844812
2.82632
0.224351
-0.552048
-0.608857
0.513604
1.44466
-2.61026
1.42291
-0.59153
2.38298
-1.64968
1.21633
-0.16176
-1.44812
-0.160973
-1.56756
-1.58029
-2.14025
1.88561
0.378868
-1.59748
1.11892
-1.54872
-0.802453
0.0345418
-0.901794
1.59481
-2.89792
-0.311591
-0.923776
-0.253604
-1.123
-0.0135479
0.305043
-0.724292
2.57263
2.71278
2.87863
-17.5983
-0.67712
-0.138592
-2.56884
17.2633
-1.33025
0.101715
-0.0567914
-0.859227
-7.41584
-0.998395
0.0243228
0.290554
-0.353997
0.647911
63.6324
-4.50117
-11.3266
-0.88464
-1.3308
0.515897
1.40329
-0.0939877
-0.655442
-0.103938
-0.995304
-0.0806375
-0.300298
0.53924
-3.81041
0.106523
0.550074
-2.18523
2.80992
0.106439
0.249653
1.02659
0.311499
0.652214
2.4677
0.824202
-0.298239
-2.08688
5.34804
0.483133
4.97795
-0.703637
-3.36128
6.00354
-1.89136
2.75444
0.645902
2.10776
-0.349763
1.03231
-2.07133
-0.530819
-1.40965
-1.60399
1.77581
0.901721
-15.6103
-0.439358
-0.902806
-0.0534822
1.41268
-0.0614632
0.0552901
6.59599
2.98484
1.14654
0.19586
0.632304
2.13935
-0.738942
-0.432053
-0.866648
-2.3355
-2.41601
0.405434
0.156423
-0.253245
2.5633
-3.02345
-1.52266
0.871827
-4.04031
-0.756747
1.98126
-0.504699
-0.344831
-2.25178
-0.598307
0.724949
-11.0559
0.143459
-1.13639
-1.25181
1.83488
4.03175
-1.28011
-0.885252
-0.209469
1.97129
0.257544
-5.57306
-3.29391
-0.672775
0.199264
-1.30384
-130.745
6.89194
2.50091
0.483829
-4.17621
-0.297017
-0.281762
1.45843
0.822973
-0.269707
1.12138
-0.608797
-0.870824
0.284834
1.58436
-0.725109
1.64797
3.33191
-2.62344
-7.32947
-1.66897
-1.85109
0.0568571
-48.8424
0.871853
-0.631605
-1.13899
-0.652583
14.7694
0.307034
1.03887
-0.85329
0.734522
-2.68521
-0.424818
1.59579
-0.206062
-1.147
0.504372
16.7603
0.955937
-7.0657
0.669729
-0.871718
-0.073847
-0.434206
4.34119
-0.624042
2.21188
1.37215
-2.81773
-0.0967821
-0.475768
-0.0955228
-1.25071
-0.496893
1.11508
0.215962
4.46544
-6.58888
2.67386
0.440446
0.198792
2.33447
1.72534
-0.634901
1.52438
0.296544
0.498283
25.4108
3.32748
1.87551
0.825003
-0.576827
1.22526
-2.21899
-5.92184
-0.652057
-20.3722
-0.82638
-1.04479
1.04187
0.530478
-0.40918
-0.565862
-0.873631
10.8152
-5.62034
-0.0367845
0.708849
-0.74276
-186.34
0.0392338
-7.33346
-0.199986
-0.386792
-23.0841
-0.688891
1.19648
-3.36249
-4.34216
0.174053
2.03044
2.70378
-0.568116
1.6439
0.175633
-0.0677296
-0.678746
-0.830388
0.443144
-1.26422
-0.320167
-1.03598
0.876007
3.48163
2.75986
-0.96421
-0.682916
0.892177
0.86499
0.570693
-9.52129
0.463665
1.00572
131.94
-1.0681
1.02536
0.779153
-0.0583932
-0.566906
-0.420481
0.461105
0.796692
-0.406659
0.186271
-1.56347
-0.808415
-0.451007
-6.38917
-5.9745
-86.3734
-0.396876
0.8658
-1.11275
0.106322
0.654878
0.147938
0.564697
-0.548024
-0.443812
-0.415747
0.0430913
5.26965
-2.16827
30.1275
-0.180726
0.815164
-3.28993
-2.48228
-1.87453
-0.253774
7.64357
-0.690576
2.13876
0.51429
-0.0871194
1.54121
-4.35678
0.675166
-0.284916
5.59208
-0.602137
0.310152
1.94922
1.39062
-1.75185
-4.67613
0.182346
5.68208
-3.26934
3.15288
0.779166
0.996509
2.44338
0.495998
1.15842
-4.78326
0.287584
1.57806
0.276725
0.939464
0.404096
-0.671361
-12.0285
-0.271428
0.509957
2.38531
-1.51248
0.0748541
0.560526
3.67503
2.91222
-19.9277
-28.638
-1.61395
-6.39554
-6.67736
-2.30076
-1.08729
-0.0190048
0.293352
0.189135
-0.0495763
11.2877
0.250962
-1.14116
-0.33855
-1.0982
-2.9283
-0.694505
0.0575712
0.645919
0.933026
0.473173
-0.615999
-6.24722
-1.17639
0.523208
0.527794
-0.866594
-0.511895
1.92501
-0.175525
0.00343186
-1.5997
1.49303
-0.38408
0.2971
0.0798488
1.44905
0.20683
-3.54479
2.44494
-0.110078
-238.68
-1.36685
-2.42266
0.244779
-0.434693
-2.48287
-0.605242
-0.104165
0.137817
0.846216
-0.291887
-0.830436
-0.420136
56.601
0.390526
-0.0597445
-1.62495
0.0948257
-0.171632
0.32312
-2.03585
-1.12879
-2.11657
-0.222188
59.5984
11.0621
1.51122
0.325636
-1.29157
-0.375478
-0.367447
-0.398738
0.493871
-37.081
-0.215264
2.61879
0.00831101
0.394574
0.498825
-0.00659117
0.783646
-0.791596
13.7483
1.40815
-3.70829
-1.63381
1.39424
-2.37913
1.29001
-1.28454
1.67663
-1.66833
0.220921
0.984234
-1.10416
0.104036
-0.696915
-0.363992
-0.146369
-1.26577
0.748455
-0.358878
-0.0201149
1.59699
0.343459
-5.20041
33.425
3.18518
-0.595048
-0.837653
-1.81634
5.23519
-0.00399483
-0.398759
-0.776202
0.503518
0.269252
0.234111
-0.152616
3.13974
-0.506373
0.844336
-3.57379
-6.22304
2.23658
-0.567004
-0.277204
-1.47242
-0.960042
8.22
-5.19046
1.29719
0.476418
-0.267664
-0.738522
-6.90636
-0.40462
5.57937
-0.0316841
-2.47409
-0.0660336
1.49169
1.51854
-1.4555
4.22702
2.34941
-0.287446
-4.33809
-0.753234
1.57401
-1.8896
-0.938321
-4.55217
0.326325
-1.9203
-0.711427
1.80847
-0.37367
0.51727
4.59599
2.11897
0.71694
-4.5945
0.280354
-2.9259
5.06881
-35.5005
0.418679
0.0689957
-43.488
0.770425
-3.16816
-0.222791
0.634225
0.770587
-0.626636
-0.631169
1.28767
1.30857
0.257048
-0.494658
-0.361536
-2.05032
8.76876
-2.43941
0.738471
0.318783
-0.841139
0.299824
2.84501
-0.682708
0.209592
6.24937
-0.0253236
0.141317
-1.88392
-5.07458
-2.35323
0.205843
-10.4265
1.04759
12.2418
0.268948
1.91097
-1.26843
0.445741
0.80456
-0.18029
-0.396505
-4.77117
0.0353542
-2.04238
0.245409
1.16677
-1.34943
4.39257
-0.247569
-0.0316372
2.43488
-0.7888
0.824555
0.210284
0.755283
-0.362113
-3.59013
-0.67922
0.88714
5.8352
-6.49418
-0.152457
-3.64398
-98.4138
-0.981439
-0.841295
0.789131
-0.143046
34.0533
-46.4734
-0.0661008
0.361608
1.30568
-0.519604
-1.14246
1.55645
-0.506756
-0.394767
-3.04068
0.669296
-0.128319
-0.139207
-0.231182
-0.0106151
32.0099
-1.55
0.788136
-0.335366
0.663944
-1.6189
2.57389
0.76253
0.321619
-3.19834
2.14534
2.44925
-0.611833
3.74104
-0.0570549
4.49283
-13.9454
0.914125
4.00893
1.36991
-0.31608
-1.20038
2.4525
0.630957
0.368521
0.826972
-1.81926
-1.09167
0.734025
-0.156201
0.949353
0.10441
-7.37335
-0.540017
-1.29259
-1.17266
15.8064
1.9019
2.08961
-4.42189
-0.532033
0.0848874
0.248419
4.6017
-1.57328
-4.88811
-1.87251
-1.03096
-1.53643
4.45983
6.4611
-0.905655
0.78685
-6.2016
-1.13738
0.181275
-0.676349
-1.68279
0.0392993
1.23558
-0.686225
-6.4329
-1.25872
2.7762
2.81763
0.819794
0.359249
0.156527
-0.443712
0.602384
-2.48571
-0.758072
0.578389
0.111236
-9.01475
1.27115
3.09279
42.3868
-24.7624
-3.01101
0.0237717
-0.805706
4.23241
-1.54224
0.172949
-0.171939
-0.659885
-2.40659
1.75808
1.40394
-1.29428
2.23122
-1.5695
0.89255
-5.53134
11.1979
0.314409
-0.304065
7.40307
-0.799459
-0.362418
1.85826
-2.74029
0.763311
4.02313
4.6366
-1.10726
0.988006
-0.526445
-8.71336
24.6146
0.0996171
0.309023
0.590086
-3.31289
-1.18957
-2.37612
-1.21932
1.76737
0.553736
0.0348329
-10.5098
4.10031
0.397065
-0.570186
-1.78639
-0.0197404
-0.514348
2.00485
2.77506
-0.684041
0.706603
-0.35828
-3.05374
-0.759466
0.129431
0.885086
-1.06066
-1.27308
-1.23415
1.00278
-5.7116
2.85892
0.722376
-0.39804
3.68194
0.411593
100.581
40.9963
-1.39816
0.35186
2.09281
-5.36971
13.5995
-0.894204
11.2107
0.893115
-3.01715
-2.37841
0.673936
1.87498
-0.182984
6.97081
0.236519
-0.00325582
1.19622
3.59377
-0.887902
-20.2313
7.4067
-1.70089
0.968111
0.498492
-0.0865618
-0.279173
-2.94891
1.20968
-0.673012
-0.532642
-0.142293
0.667957
-0.642468
3.77061
-3.29938
-19.1483
-1.14713
-1.5624
-0.298963
0.821824
-0.958721
-19.1957
0.228105
-3.81799
0.352505
1.13031
0.414913
2.78996
-2.55859
2.30341
0.691057
-0.0520629
23.9129
7.72085
0.418177
-2.53214
-0.670381
-3.99021
0.308021
-1.43733
0.159908
-2.35921
0.973309
-20.0428
-1.08222
1.76814
-0.454931
-0.33982
-0.75201
-4.77977
-0.132563
2.16203
1.12034
-3.48491
-1.13412
0.136976
0.787728
5.13938
13.4256
71.3611
0.61951
-3.17802
-0.108073
25.3518
-1.34329
0.181426
-1.68912
-0.298682
-0.966284
-1.17667
14.4986
11.7731
6.62909
0.818604
-0.429157
-2.69542
2.11562
0.28767
-0.439915
0.433272
1.01103
2.24007
-0.156795
-1.82649
0.810666
1.17614
-0.380616
1.13801
3.50284
2.96431
-2.0214
3.94231
-1.79391
-1.3495
-0.553968
1.00666
-0.503126
1.47025
-0.276582
-2.27067
-130.599
-3.65562
2.74431
1.25692
0.26198
-0.0909216
0.921651
0.2333
0.103404
-0.724016
0.647634
0.364072
-1.10492
-1.14639
-0.574167
0.432322
-0.0736374
-0.108342
-1.10165
0.426554
-5.14348
0.661297
-4.34885
-0.504996
0.49865
-1.08978
-0.402444
-0.814747
0.806347
1.04951
-10.1477
-1.17176
0.578517
1.96715
0.741637
-3.56096
0.879265
-0.542205
13.9824
-0.248379
-3.16479
0.141047
2.04099
-1.85602
2.48041
1.42893
1.58773
3.15433
-2.91328
-0.80329
-1.2239
2.13299
-0.447418
-3.02631
0.858694
1.11471
1.9075
1.55661
1.30733
0.59601
-1.5398
1.74784
-2.22476
-1.7932
-3.31484
0.10795
0.782318
0.475386
-0.393893
4.66216
-1.69453
6.1187
0.504912
1.41007
-2.82297
-5.10525
-2.98856
-0.296416
-0.0489306
-0.277611
9.55933
5.20468
1.8616
2.51141
0.397161
1.79524
-0.0499125
-0.618685
-0.727486
-0.971475
0.862094
-1.30715
1.67243
-0.506686
-1.34572
-4.81187
2.08882
-0.476616
2.45367
-0.243092
-19.3515
-2.64293
0.336802
-0.478898
-0.266146
-0.182974
-0.022301
0.817813
-1.7145
3.03589
-1.01558
1.04287
-12.279
-1.03322
-6.97646
2.69388
25.7424
0.465685
0.0111884
-1.76865
10.0608
1.39636
8.02151
-1.13109
1.31311
0.393102
0.882518
-0.000480151
-0.277616
1.31742
0.899512
0.929777
-3.16868
-2.47834
-0.233483
0.389169
-6.5558
0.547493
-2.2514
2.93817
12.7227
-0.569728
0.843337
1.24201
-1.34265
-0.130158
-0.0152566
-0.294261
-1.45825
0.379272
2.08576
3.94732
0.1129
1.10729
1.14606
-0.498338
-1.17084
-0.881377
-0.222549
-1.45278
-0.0690394
-8.76906
-4.33594
-0.897243
-0.817759
2.35032
0.218177
-8.44256
0.168645
-12.2616
4.74056
0.156719
-4.70111
71.5457
-5.16775
0.586119
0.0162804
0.0380194
0.488904
0.0617929
-22.3969
0.238236
-0.480686
-0.176043
0.438821
-9.35646
-0.0142753
-0.623907
0.387388
-0.726253
-7.26573
0.0366281
-2.85208
-0.812198
1.78432
0.170334
-5.43411
-1.24417
-5.88209
12.1616
-1.32798
-0.145944
-0.432955
-1.43118
0.588401
0.268911
2.93497
-0.79902
0.292871
0.0789695
-0.756585
0.592609
-0.50619
8.6697
-23.9322
2.62859
1.02171
-0.627369
0.718655
0.06467
51.2367
-2.01586
0.982931
-15.821
0.131367
-2.1911
-57.1137
7.59831
-0.504851
0.130445
1.19209
2.7318
0.0945296
1.80676
-0.0605377
-6.69738
-0.406744
-2.96492
-0.255687
0.359288
-6.10125
-1.93951
-0.444507
-3.07627
-1.40377
-0.198014
-4.75298
-2.09844
-49.0657
-0.159887
0.0446346
-0.553296
0.547061
1.0713
-0.517402
1.93448
0.0444199
2.42486
0.15295
0.0265403
0.55325
-1.8861
-1.27628
0.136414
-1.46079
-0.837595
-1.53638
8.35524
1.53345
-5.91515
-1.27623
-0.367607
2.92169
-0.161237
0.196333
-0.236804
0.0885593
-4.08483
0.677263
-2.09258
0.0919379
1.05732
1.13504
-0.496357
0.0618035
1.14384
1.4885
-1.07561
1.24461
-0.346277
-3.60406
0.63371
-0.607874
0.0656229
-2.50538
4.53399
1.10588
-19.2533
-13.4756
-9.72778
0.592383
0.540616
0.777364
-0.977607
0.213677
-1.70319
0.856149
0.534494
0.256971
4.37713
4.17809
1.64543
-1.21492
-0.253951
-2.13858
-4.83408
-0.112127
1.47633
0.494213
0.437907
0.381372
2.37461
0.111045
1.0891
-1.23526
-1.6891
23.3223
4.3667
-1.53006
-0.586151
-1.64686
0.549208
0.360131
0.185653
0.61684
-0.233911
-1.85089
1.22707
-3.34052
0.863272
0.39334
3.41423
-1.50778
-0.29003
0.845081
0.384128
-0.14343
0.841566
-0.312208
0.189377
1.54847
-3.78555
-1.18965
2.37811
-2.13689
1.37833
-0.755426
-0.78948
7.50542
-0.570912
-0.768115
-19.3047
0.0172179
0.00960223
1.67596
-13.2808
0.126609
2.81629
-0.684571
0.153902
4.76714
-4.93872
0.157401
0.232052
-3.0367
0.0160033
-0.0751563
-1.29408
0.659218
6.26031
-0.608517
0.851669
-0.0109789
0.606422
3.94746
-0.0134343
0.692143
380.218
-1.16545
-0.326082
0.0614018
0.944756
0.91149
0.1308
-0.533422
-12.9937
1.89483
-0.912528
0.308454
1.81523
-9.94286
0.185575
3.38468
0.171546
0.583499
-2.37015
-0.406038
-0.673095
0.765209
-2.16818
0.907536
0.131681
-3.0883
8.05035
4.57516
0.105756
-1.50746
-0.177937
0.168512
-1.16136
0.260287
1.06675
6.07454
0.776033
-0.707077
-0.736965
0.520099
0.00472745
0.235374
-16.6636
-1.78567
0.464543
0.00540473
2.34805
1.19129
0.646759
0.30548
-1.11778
-0.204196
4.7665
5.03378
0.913006
-1.57649
-3.86409
-5.35724
-1.71849
-3.08029
-0.767271
0.287196
-2.15079
-0.138614
-0.969763
-1.72118
-2.53451
18.8493
-8.31398
2.39782
-0.328807
-0.35787
-1.02686
0.845285
0.0503484
0.957849
0.81606
-0.717989
0.0976336
0.0194556
4.80023
0.455503
-2.09273
0.484429
-0.200446
3.43359
1.39136
-0.731823
1.13083
-1.62474
-6.20951
0.749294
6.94217
-0.72689
1.46503
-1.2043
0.177213
21.7817
-0.707674
0.948567
-0.857924
-1.60143
0.450967
1.52476
0.074132
-4.05351
0.303445
1.21166
4.79085
-1.97358
-0.265137
0.828378
1.8769
-1.66145
-54.579
0.0599223
-0.645373
0.0254467
-0.91711
0.08902
0.980213
1.87465
-0.0352497
-0.861335
-1.7644
-1.78087
-2.47824
-0.316261
0.434895
8.58408
1.66327
-1.33924
3.41264
2.70782
0.653522
-0.269219
-0.898231
-0.588375
-0.824739
-0.540929
1.44081
-4.58747
-4.12459
-1.90902
9.73535
1.16045
0.184297
0.211372
-1.44199
-7.21313
0.705609
8.20024
-0.572557
-1.4461
-5.75859
-0.23708
2.00524
0.918806
0.349462
0.163457
-0.508593
-1.05228
-6.30262
-0.727461
0.146393
0.201313
0.583549
2.51206
-1.97069
1.01578
0.0992675
-0.0282754
-3.91982
-0.631239
-1.35775
1.25588
-0.0365755
0.582684
2.17617
-0.480435
1.02436
-0.674358
-1.61189
-0.921248
-20.6429
0.378217
-0.459757
-4.28581
2.58254
0.913051
1.72442
-8.5824
-0.491739
-0.349666
-0.206749
0.22533
-2.22116
-0.0497021
2.00668
-9.71174
0.140863
1.41961
-0.760579
0.445968
-24.1922
1.46417
5.55673
-1.44124
-2.01576
-0.137441
-0.748726
-0.823954
0.232747
0.732074
3.61694
0.1838
-4.14326
-0.833734
3.063
0.13882
0.408205
-1.20262
-10.8473
0.341972
0.663192
-8.26234
-1.98764
-8.15209
-4.7851
-6.89404
0.355363
-1.6225
1.59097
2.09242
-0.814382
-2.13008
1.78567
-0.462767
0.0565826
-0.622166
0.524496
1.34802
-0.111245
1.11627
-0.7977
-0.324987
0.294027
0.510928
-0.103584
-0.282922
-0.174096
1.54838
0.950647
-6.60027e-05
1.4073
2.26978
-0.63837
0.388338
2.21776
-3.49199
0.230751
-3.74027
4.13826
4.17961
0.487296
2.04736
-0.648129
0.110032
-0.136829
-1.20763
0.312939
-0.519188
-1.83604
0.539199
-0.275227
0.0445983
-0.699543
-2.02938
-2.97664
-1.6564
0.138271
0.0688279
-0.307436
-1.53314
-0.120016
1.08066
-10.7797
-2.66266
1.06396
0.145892
-4.11775
-11.4574
-0.180649
1.02423
-1.77657
1.34032
0.741663
0.449804
-0.868093
-2.85162
0.679827
9.89062
0.604694
1.78546
-1.80766
0.204694
22.3167
-3.12344
-0.0772678
2.02004
-0.261952
3.05507
-0.200284
-1.04597
-2.5735
-1.56251
-0.219945
1.14018
-2.47613
-0.70814
-2.18731
0.178309
-2.70581
-0.451185
0.649811
-1.87682
-0.359512
13.4906
-12.6649
-0.454858
0.781459
1.83292
0.438576
-0.34779
-0.494152
0.442544
-0.534658
0.83754
-1.19302
-0.851975
36.8834
50.4681
-0.472955
-0.324947
4.55772
-0.753261
-2.62825
-0.0962325
0.93944
-0.192499
-0.432355
0.0186196
-22.6978
-7.79401
-1.0507
-0.583814
0.524735
0.936198
-0.101647
-0.417896
0.0928904
-2.34128
-0.420934
-0.718093
-0.937637
21.3775
6.29455
1.92323
-0.0181456
-1.77866
-6.05742
1.57322
0.133239
0.0303099
-0.700866
-0.0160932
-0.882689
-0.405671
-0.326973
3.3426
0.236128
2.84084
-0.180156
-1.61267
0.848233
-0.729935
0.923242
1.25588
-3.47728
4.86842
1.24414
-0.351037
0.449079
-0.218107
0.599739
0.128928
0.208054
1.69718
8.46607
-0.926789
0.334166
0.0392721
-1.66083
-0.774015
0.652888
-136.869
-0.215343
-20.5699
-3.31804
-1.674
-0.145941
0.655978
2.82233
2.42771
29.1024
-0.149339
-0.0702372
-3.06843
-0.914763
-1.83508
-2.87979
-0.403296
0.348621
-0.266313
0.40146
-0.209169
0.818838
-9.33404
1.37775
2.57491
0.255036
0.471576
-2.01704
4.65672
2.59167
14.8121
-0.536101
-6.63311
-2.95711
-0.100513
-0.761536
-0.173952
0.40839
-0.900318
-0.496727
-4.28107
-0.507116
6.68081
0.0858943
4.98459
-4.89858
-11.6016
1.0842
0.353042
0.697878
-1.28902
-0.188739
0.510457
0.00350284
0.680302
-0.0884738
0.341084
-0.348698
0.176686
-1.37548
-0.760615
-9.03206
-2.1456
0.0729649
-0.286413
-3.04533
1.4731
-1.44382
3.72548
2.01057
-4.5782
-0.461828
-0.0970051
0.00261069
6.57218
-7.86422
1.48985
-0.673923
-2.42479
0.0361474
22.9277
-0.0519674
0.708605
0.512866
22.46
1.02561
0.648497
1.45342
0.0316467
31.8314
1.36353
-1.48376
-0.365783
-1.19028
0.135224
-2.2333
198.456
-9.94558
4.8156
2.14329
-1.6277
-1.99561
-0.383279
6.81512
0.213798
0.676068
-2.96312
-7.12216
-3.55779
-39.1401
-0.230266
0.280453
0.831021
-0.533879
-0.785009
5.80315
-0.941921
2.97064
-0.432174
-2.4021
0.200527
0.231386
-3.40277
-0.911432
2.08608
3.92115
0.374724
0.224089
-0.197089
8.65731
0.275266
0.182789
-1.72523
12.8437
-2.63155
3.47687
-13.0577
0.116473
0.409402
-6.80187
-0.236514
0.344485
0.0669922
-2.36018
-0.212621
-1.17991
-38.6948
-0.260215
7.8318
1.13733
1.97727
0.501457
-0.852301
1.44383
0.269222
0.37194
3.18306
342.113
-0.791015
0.891552
4.62635
-0.172114
3.12563
-0.696429
5.84356
0.857332
-1.04411
3.37634
15.7551
0.314973
0.144776
2.08261
0.0690071
1.12141
-24.0682
-0.959024
-21.7722
4.65981
-0.854222
-3.71656
-2.02141
1.70831
-0.488716
-0.107671
-0.46326
3.07951
-0.154547
-0.832964
6.87973
0.637745
1.19185
2.21983
0.0655721
-6.85276
-0.895578
0.597021
-0.163596
0.160666
-0.553046
-31.7299
-9.50374
0.489926
-3.26851
0.566069
-0.107918
1.51107
-0.165751
0.276522
2.62375
5.13658
-0.630165
-7.85018
-1.46373
-1.99763
-1.30737
-0.700318
-0.788514
-0.327693
0.925677
-0.0137574
-1.19388
3.99399
-0.443427
2.0835
-0.421536
-1.32557
0.181759
1.08915
-0.246506
-3.95633
-0.761901
0.954281
0.95624
1.24981
0.723796
0.0921165
-0.165997
0.0586791
-0.0809537
-0.488288
0.402723
2.9307
-0.420217
-0.178953
-0.618013
0.992247
0.839506
0.270268
1.14009
-0.995829
-0.534323
-1.18637
1.90324
1.61229
8.94867
5.27853
-2.67789
-287.179
-3.44296
-0.0699968
1.97258
-1.25744
11.4383
-0.493126
-5.24311
0.473489
0.5206
-3.18456
-1.04715
-0.0938087
4.83069
-0.183082
-1.35755
10.1937
-3.49797
5.43322
-0.20723
-1.7403
-102.517
0.162566
0.0364775
-0.486398
-49.8699
2.56566
-3.42468
0.501382
2.26922
-1.26622
19.0555
3.69179
-3.34907
-26.3798
0.877505
6.1813
-1.07618
1.16848
-0.699193
1.89101
0.475
-0.758005
-1.07275
-2.3407
9.68144
-5.50168
0.289127
-1.52869
-1.97623
0.494575
-0.44556
-1.24013
-0.771879
-1.43573
-2.23141
-2.24763
-30.3438
-0.786209
-4.93582
1.76846
-0.591495
-12.3876
1.28212
-0.658217
-0.685619
-0.060087
32.872
-0.439988
-2.39343
29.1456
0.411126
0.129246
3.46463
0.171956
-5.61796
-0.445976
-0.442946
-0.677327
-0.688454
0.779412
0.0402303
-1.24219
-0.0491189
0.41161
-0.419886
0.355532
2.07291
-2.0532
0.164111
2.06113
0.132724
0.213968
1.92259
-0.999898
-0.2462
-1.27483
0.486128
-0.194041
15.2006
1.17532
3.37258
2.16226
-10.878
0.297224
-7.24224
-0.480033
0.215253
1.07771
0.0528435
-0.572658
5.18047
1.38224
5.80314
1.44192
0.580678
-0.376312
0.600058
-0.0023359
-0.0691761
-1.28322
-4.51937
0.771304
0.197361
-0.822419
-0.489692
-4.48594
0.259594
0.892404
0.647462
4.26211
-1.73848
-0.217718
0.260147
2.46278
-0.0135965
11.439
-5.33309
-2.35093
0.172047
-14.4908
-3.34966
-0.130817
1.62009
-0.261745
-0.49944
-0.118108
0.662915
-1.15811
-70.6179
-0.96038
0.651479
0.196895
0.578732
0.551358
13.7313
1.07584
-0.113042
-1.30484
-0.370211
-4.66027
2.20585
-2.90135
11.3772
-0.618809
10.6374
0.827761
1.23877
0.0715979
-0.0795781
3.28091
0.560297
0.575614
2.33895
-0.381985
-0.75132
0.206882
-0.0572837
1.04925
-0.302166
2.6958
11.1557
-1.45484
-1.32557
-0.0652541
-1.1649
-1.50092
-2.69792
-0.352345
0.30979
1.17443
2.18342
0.213306
0.777167
-3.33063
0.321051
-0.143035
-0.285655
2.11844
2.67625
-0.0203985
16.5988
-6.53336
1.28819
-0.455056
-1.31185
0.65519
-1.23178
1.74814
0.753356
-0.28497
1.02015
-3.98189
-5.52343
-1.79853
0.337366
-0.174495
-0.544943
0.89334
0.234512
0.789467
-0.643738
0.698077
0.100021
28.3027
0.631767
-1.24586
-21.9714
1.83262
-0.768827
-0.10815
-1.01737
-0.0925422
-46.7003
-0.705809
-0.46353
-1.53514
0.0525657
-10.5886
-2.64852
1.69711
0.0136977
1.81898
-23.6962
1.40618
2.15115
-14.1338
1.80524
-1.15772
-2.10527
1.75772
0.127637
0.217672
-1.5588
15.1298
0.622038
-0.679799
-42.6939
-0.839539
0.950225
-0.902677
-0.689812
-2.14297
0.257919
0.0714102
-6.98968
0.909712
0.162051
1.69522
-6.63372
2.31291
-1.07333
1.66698
-2.47389
-1.23712
-0.345258
3.84156
0.306448
0.633634
1.30792
1.70098
-7.86363
-0.193835
0.600192
2.3629
49.8945
22.8243
-4.137
-0.702656
-0.21797
-0.651748
2.20287
-1.74536
99.4513
-1.54047
-8.8276
-0.204688
-4.58143
-3.66691
-1.43415
0.385202
-0.45304
-1.57949
2.46877
-2.59277
-0.119392
-1.17985
79.8971
-5.57475
8.58476
1.47176
2.17535
-0.577309
0.180222
0.633994
0.433905
82.0809
2.49178
-0.581042
-0.0860471
-0.918183
-2.42048
0.225304
2.35448
-0.176767
-2.39545
-1.2561
0.72847
-0.59813
-2.88736
9.32674
-1.19344
-1.72672
0.191387
0.913715
0.0457896
-2.23874
-0.753361
1.70274
-56.2246
-10.7416
2.96972
1.92749
3.13819
4.76017
-3.15728
1.59306
-16.0551
-48.0139
-3.77133
2.62595
0.885702
-0.0819535
-5.41333
1.97958
-0.0440753
0.99913
-0.461487
-2.42
1.04497
7.23251
0.964984
0.336377
1.66099
1.44227
0.915972
-0.381571
0.59208
3.01294
-0.79966
0.311217
0.543651
0.787689
215.137
-0.111674
0.852888
-0.327214
-6.14418
0.132462
-1.01323
0.467153
-0.152545
-0.0267757
5.68566
-1.68749
-68.9282
0.98028
-3.20276
-2.5907
19.5826
-1.38187
-0.0141378
0.193595
-0.982416
-0.944544
1.94919
-0.150564
-2.84265
-2.01534
4.11428
1.19013
0.278857
0.285415
-0.989997
-4.9483
-0.291578
-1.66232
1.09839
3.34713
0.916802
-1.09928
-1.51079
-0.236443
1.91454
-0.409391
1.27506
0.911696
-1.17814
1.0994
103.053
-2.00907
0.427645
-0.517642
-1.24017
13.4379
0.735669
-1.49269
13.1265
-1.83923
-5.56109
2.82621
-3.71565
2.37776
-1.88743
-3.34934
-0.0045451
0.639529
4.92495
-25.4149
3.93436
0.311679
2.70018
-3.42754
-1.01006
-0.444482
0.386373
0.881288
-0.295509
0.762098
-6.07458
-1.01006
0.750426
2.66202
0.0882389
4.32117
-6.88822
-6.73339
-1.26468
-1.22181
0.70392
-1.38645
-0.952857
0.397445
0.290333
-0.142104
0.773157
0.242903
-1.2061
-4.10959
-0.571366
0.594323
-0.44403
0.982865
1.18346
1.41527
1.27874
1.18812
2.46922
1.7128
-0.00902676
0.898781
0.074213
0.564161
-2.27267
-1.03276
12.9276
1.59753
39.3522
1.02592
1.45727
-3.22033
-0.260612
6.52994
1.4179
0.453326
-0.505024
-0.5864
-0.446256
1.33417
-4.51523
-133.525
1.43145
-5.56727
-0.254853
4.72144
2.33151
-0.406851
-0.640616
3.33452
-1.25995
-17.387
-1.20223
7.75834
-1.79548
0.246685
2.84515
0.490337
-1.19143
-0.189062
0.404747
-1.72417
0.411161
0.986656
0.382546
-32.8322
6.40947
-1.06079
-0.412234
-0.222234
-0.987066
22.8978
0.228682
2.58663
-0.409173
-6.72976
0.368942
-0.738451
-0.0595027
-4.97507
3.42497
-1.08481
-1.10299
2.72386
13.458
-0.0678492
3.03431
-0.0674004
-0.513125
2.01035
-0.915065
0.81339
-0.284985
-1.06413
6.54562
-1.00234
4.80046
0.0852478
-2.43331
0.598114
0.339894
-1.33812
2.12504
1.76384
0.542938
-22.0529
-0.850215
-1.75689
-1.67179
0.0786507
-1.15655
-0.754822
0.464796
0.301392
-3.09518
1.402
-1.90248
8.23429
0.0272673
2.47543
-8.58389
-0.807333
-1.76878
-1.03593
8.01331
0.518053
0.148046
-1.65662
-93.7366
5.93418
0.0165587
-1.60838
-0.233774
-0.358161
0.385846
1.43938
-2.57741
-0.862553
3.34923
1.22654
5.05673
1.38275
-0.170986
-0.199383
-1.1585
-0.896372
0.803342
6.69692
5.94795
12.4879
0.872887
1.93379
0.289957
-1.08205
-9.8856
28.8923
-80.8385
-0.489186
0.883996
-0.548964
-1.40432
-0.260206
0.123036
-0.653057
-2.49035
1.19182
0.260862
-1.21691
-0.822822
7.01114
2.07104
-0.765141
-0.43211
0.495195
0.806918
-0.520759
-3.58385
0.420203
0.525465
2.28744
0.245308
-0.449807
-0.523353
-1.3247
-11.9427
0.545988
-0.442747
-1.54594
-0.109609
2.15363
-2.03611
1.97908
-0.0559585
1.11768
2.72591
-0.32309
-28.1035
-0.252573
-0.870127
-0.511257
0.364368
0.402983
0.214643
0.264666
0.0645593
-0.0084129
0.0718923
-0.0306854
0.986733
-0.305943
-0.330844
0.10669
-0.836171
-0.863583
0.974788
2.86294
-233.185
-1.66352
27.215
-1.19195
5.82455
-1.13652
0.456841
0.0617814
0.317192
1.74726
-1.59
15.8011
-0.797297
-0.411975
-3.47619
0.0557354
0.83225
3.52118
2.99121
-1.64403
-1.99399
-3.03669
0.218512
3.29225
0.0879698
0.154106
-0.404852
2.20566
-41.6278
6.97382
-3.40782
21.9534
0.77394
-0.0143723
-6.53989
-1.73255
-0.165347
0.38761
-2.91693
-0.798967
1.32428
-0.143173
-0.452147
0.363745
-4.28659
-0.838405
0.978074
-0.45426
0.982962
0.772813
0.0836979
0.414222
1.33623
1.33022
-0.438183
5.45829
-0.924646
-1.09033
0.404708
1.64823
-0.089655
0.255319
1.67772
-0.141085
7.40906
-2.67301
2.35619
4.23057
-0.630068
-3.51745
-2.39769
1.39599
1.79063
-4.35161
0.745267
-0.495723
0.975623
1.53
-0.469916
-0.278466
0.373564
2.09059
0.909766
-9.71553
1.84197
-0.317293
0.189964
18.5843
-0.36041
2.59786
0.161617
-1.553
-0.796087
-0.566212
-0.12898
1.75885
8.06858
-0.199903
-4.65397
1.55897
9.12113
-0.322987
-1.29844
0.707641
-0.67235
-13.4393
0.929944
-0.94269
0.876639
0.631346
0.523558
0.132113
-0.781559
-1.4258
20.5556
0.889955
-0.111856
1.03984
0.394665
-4.13033
0.191623
-0.0397181
-0.4452
1.68639
-0.238469
1.9822
15.1151
3.51336
0.125599
-0.102446
-0.721368
-0.27668
-1.59913
0.667331
-0.608842
0.242686
-20.4713
-2.82086
-1.06957
-6.18162
0.671453
0.125004
11.9482
-4.57209
-1.22789
0.000365912
1.15404
-0.453436
0.514449
2.9173
0.312784
-0.706177
-0.783388
0.469221
3.81499
-0.0945668
0.541278
-0.183115
0.160138
-0.377097
-0.163218
0.929078
-0.204786
-0.552838
1.15218
0.538795
-0.867436
-0.285715
-1.45754
-0.0741346
0.474668
0.497652
-1.84501
0.598706
-1.35546
-4.20033
-0.485954
-0.334407
0.618637
-0.260645
0.776594
-0.207019
-0.36845
-0.411899
0.762084
-2.05801
-2.87539
-1.14252
1.43091
2.10605
-7.20525
-0.604381
0.277215
-1.5593
-0.586712
0.392278
1.976
0.798706
0.503285
-1.9253
0.155233
-1.74948
-2.24152
-5.18259
0.587983
-0.736945
0.163352
3.42368
-0.053013
0.414607
2.11078
-12.4578
-7.69576
6.28499
-0.173881
-1.84361
-0.128909
-0.374487
-0.857813
-0.315121
132.331
-0.514171
-0.161397
-2.51756
-0.85997
-2.61477
11.2014
-55.3497
1.06812
6.98582
73.0993
-0.389362
1.50832
5.70579
0.185008
2.21512
1.6167
-14.7026
0.462501
0.900389
-1.37247
-1.13046
-1.2865
-0.645821
0.283857
-0.795985
-1027.42
-4.4717
-0.149153
0.764953
1.09529
0.941673
4.93268
-0.401742
0.116068
0.0431986
0.44332
-6.95338
-0.0777418
0.1194
0.20927
-0.566151
-1.38708
-2.05872
0.0784936
0.279704
0.462136
-0.107118
-0.547947
1.02905
1.05859
5.66012
1.44061
-0.462203
0.242294
2.72177
-1.24829
1.7683
-0.580595
-0.316348
0.276091
-0.400772
-1.98966
0.483562
-0.657073
1.80557
2.3952
0.523173
1.49419
1.81771
-0.723313
-25.6651
3.3364
-0.125213
-1.19296
0.183256
1.02191
2.59413
1.3927
-1.09526
0.436256
1.01521
3.23949
0.0165024
3.12008
1.47661
-5.09664
-0.308302
141.1
-0.550721
-1.35035
1.11604
0.0499274
-14.3035
-7.88406
-0.61232
2.69935
0.288693
-0.460913
-0.254489
-2.04509
0.738675
0.907302
0.0459422
-0.6837
-1.92574
4.01946
-0.993835
-1.22945
-1.62043
-0.0180316
-0.230536
-6.39205
0.601832
-1.79231
-0.109659
1.13409
0.855284
0.429625
0.925148
0.381691
-0.696929
3.24961
-0.0459138
0.140237
0.947423
0.732437
11.8462
-2.68391
-12.0099
-0.486852
-0.230329
-2.91351
0.0387494
-0.0270348
2.4541
-0.00981825
-0.470991
-0.736656
-0.621989
1.31317
-0.125668
0.856232
-7.11724
-2.42766
0.903786
-1.30321
2.91015
-0.809328
0.646348
-2.09555
1.1011
2.44144
-5.83572
6.57314
-7.73771
-0.793567
9.75421
0.0179662
1.11726
-4.35451
-0.163264
0.54361
2.43537
2.43518
-9.23656
-0.96271
-0.536571
-1.4819
1.00852
-4.52266
-0.32506
-0.384989
-3.9172
1.58989
-1.62634
3.67048
-0.0328223
1.48053
-0.265094
0.211377
-1.10276
-4.35478
-1.00005
5.92477
-0.648285
-0.0948473
-0.055096
14.2241
-1.0926
-0.835575
5.15854
9.15454
0.620853
0.600286
-1.62279
-21.2175
2.05631
-0.757408
4.45019
0.197842
-0.140029
0.00269234
-1.25775
1.24493
-0.173653
-0.184821
-0.527795
-0.787881
-0.364403
-0.122677
-0.482842
5.25215
-0.390028
-1.09787
4.03648
3.15088
-3.75858
1.2491
4.80131
-1.57328
0.826795
0.916171
-12.5412
0.470355
1.92574
-0.993392
-0.557493
1.93691
-1.28918
0.762472
0.0277446
-0.197521
-0.5464
0.418699
-1.38168
-2.88729
-1.22891
-2.75803
0.330948
-0.321858
1.74088
-6.45189
-0.171758
-1.04626
-2.3173
-0.193815
-4.28866
-1.05389
-0.419971
1.31243
1.20843
0.0535798
0.778425
-2.70158
-2.88518
0.506398
0.271334
-1.26282
2.42495
0.611352
-1.07139
28.7712
-0.126457
0.0385179
0.619814
75.1768
-2.68255
1.64725
-0.326694
0.825193
-1.50677
0.957923
-780.27
-1.1922
0.303133
0.215836
0.455296
0.110531
-2.03018
1.77351
0.816921
-0.181807
1.49592
-0.694399
0.125284
-0.411153
0.433444
-0.137246
1.14674
4.84457
-5.62315
-1.03543
0.174955
4.06546
-0.675173
0.415483
-1.04347
0.327512
-0.369271
0.958086
6.06423
0.116837
-1.09209
-5.06044
2.03121
-0.124178
-8.2753
8.26945
0.468443
0.187504
-0.614121
-0.123928
-0.209845
2.51472
-0.5308
1.61748
0.0746359
-0.615691
1.45406
-0.924196
0.214348
1.95215
-0.483679
-3.6854
-1.72269
-7.43051
-0.0857545
13.5658
3.45927
-1.7852
0.950603
0.404295
-0.236583
0.450489
0.156218
2.14117
0.0814045
-1.10653
-1.64128
-0.158874
0.892987
2.26358
1.05761
-1.34495
1.36706
-1.81085
-0.273875
-9.73594
-4.37174
-1.21519
-3.4903
-70.8651
-1.31611
1.22779
-0.338874
0.309735
0.211283
0.0320261
5.96495
-2.94529
-32585.6
2.75319
-1.75344
0.193964
-6.57417
21.4829
-0.176731
-0.557378
-20.0619
0.130432
3.84216
0.70332
0.0937051
-2.31234
1.1067
25.5748
-0.0966858
-0.348516
0.991997
1.12293
-1.42753
-0.679093
0.333734
-1.57809
-3.05517
-0.430176
0.514159
4.20462
0.255096
1.07048
0.258958
7.87476
-0.57148
1.24372
0.171036
-1.13181
-1.32161
4.65922
-0.53669
-2.20498
0.442636
-3.97017
-6.10841
0.690919
4.44071
-1.77024
-1.48359
4.35058
0.278526
-0.425639
-0.736069
4.28543
1.69845
0.536379
-1.7424
-0.53965
0.494184
-4.97262
1.55624
0.727904
1.06007
-0.250558
-7.08898
-1.03448
-0.561687
-335.285
1.04036
0.0336852
-0.926596
0.413213
-0.0699899
0.356459
-0.534474
1.05645
1.38076
0.609045
-0.235043
-3.51737
0.523573
0.569496
0.313186
0.690632
0.755956
21.5497
-0.17051
-0.113527
5.78398
0.0201692
-0.752727
0.45668
0.952658
-6.5303
1.41675
-0.211584
1.18472
-0.905026
-1.21636
-0.229572
0.268538
1.27081
1.29561
-0.0510188
132.877
-0.572419
0.684542
-1.52372
-0.637024
0.631026
-2.51985
-0.956219
5.6636
-11.7712
0.0209809
0.67194
-0.719265
1.32153
-0.0877797
4.14355
-0.669113
-0.426172
-0.69984
1.29321
-0.451306
-1.83954
0.258373
2.01388
-1.91018
-0.0993184
11.9002
-1.21175
0.921836
-23.404
-0.326448
-0.578375
0.0226304
-0.51689
-0.0982227
4.45034
5.11305
0.411673
-0.931646
-1.29507
-0.0623276
-1.01341
2.9955
0.254786
6.58522
1.51316
-1.34812
-167.216
5.64917
-1.21029
2.0622
-1.39939
2.07999
3.75381
-1.68125
-2.9419
12.8125
0.374667
-1.07594
-5.18787
-0.183912
-1.27791
-0.119359
1.1647
0.693415
-0.105292
-1.28967
1.87976
2.01436
-9.51009
0.372774
-0.528201
-0.913413
-6.72538
-0.243037
-0.141784
1.05708
-2.28435
8.19202
-1.70768
0.446681
1.07223
-1.65975
-1.45551
5.92644
-0.566381
14.2915
-0.091898
-0.131454
0.0021576
-5.02976
-13.2998
1.25451
-3.11536
2.51042
-3.24651
5.37805
-1.15268
0.221493
-0.808659
-0.111538
1.75787
2.03094
-1.06613
-0.106533
0.890762
-2.13176
-0.116164
-21.8887
4.22846
119.965
-1.69625
-1.77893
1.1802
-4.7991
-1.85225
0.0772249
0.904166
0.216049
1.02651
-0.913501
1.50329
-9.72745
-0.300999
-0.323171
0.0384428
-0.569971
-2.04512
1.8472
-10.0423
-3.82793
2.71338
12.9793
-3.71012
-0.0300995
1.28682
-0.244836
0.935835
0.876589
5.03649
-0.780781
-0.196889
0.552498
-11.9752
-8.25679
1.89887
4.23993
1.26632
18.5556
111.624
-1.94759
-0.625337
0.802786
100.078
10.025
2.53276
-0.07847
0.300462
-0.599187
-0.987025
0.307345
-1.63812
3.19873
0.426423
0.398046
7.20022
0.873672
0.307661
0.454119
-0.372379
1.40318
-0.302746
0.523581
-1.32107
-0.247564
0.249074
0.213594
-0.104604
0.380626
0.205383
0.236744
-24.7451
-9.20127
-0.628279
2.08659
0.501713
9.61829
4.12592
0.189903
-4.24609
7.20398
3.89185
-0.0977586
5.3094
0.684472
-0.0776181
-4.3742
-1.52234
3.46325
4.89206
-0.192224
-1.21756
0.694325
1.45938
0.584182
4.79284
-0.432782
-1.41701
-33.4743
1.21281
1.17272
-1.70393
-2.75153
1.73709
-0.478462
0.844113
-1.49553
-2.95268
-3.07051
-4.10156
0.986131
0.63264
-3.00819
-2.32711
0.586766
-0.496637
-0.0462615
-3.32699
1.10106
0.591455
-0.248043
-1.64847
-0.283203
-2.02027
-0.109822
-0.170266
-2.60409
-0.898992
1.5151
-3.56631
1.15629
-0.734804
-0.268922
-12.2664
-1.48875
3.33066
0.180186
-0.0286596
1.67078
0.256096
0.999724
-0.768962
-1.31179
-0.450598
-1.13343
-2.31032
1.40382
3.3148
0.335048
0.245167
-1.41529
-0.881561
-1.13228
0.0597358
1.5268
2.51543
-8.64606
-0.435307
-22.9551
-0.315928
0.187393
0.189516
-0.402649
-0.670055
0.140002
-0.585824
2.14736
-0.278573
1.69707
4.12493
-1.06794
0.863439
0.644784
-1.61503
-0.714959
0.032952
-0.13793
-5.25816
2.28454
-0.49304
0.351002
0.633938
85.7927
-30.5335
2.87739
-2.84777
-0.946636
1.45632
90.4368
0.0612007
-0.584188
-1.53926
-1.12262
-5.32795
0.524106
-2.1669
0.453254
-3.34838
-3.09857
-0.10274
1.71294
0.501626
-27.0463
-0.662545
2.70161
-2.04104
-0.347318
-0.449685
3.8461
1.20465
0.795634
5.71184
-1.42787
-0.454402
-0.687309
-0.174596
-0.507045
-12.9087
-0.0665554
0.510258
-1.61801
2.42738
-0.468536
-0.924542
-0.325416
0.731702
-1.19151
2.38683
-15.6212
-1.68996
1.30506
-1.26787
-0.667457
-0.433117
7.75894
0.298884
-0.227289
0.196044
-0.40492
3.11653
0.0779327
11.7772
0.0207085
-0.166814
-0.961175
4.15584
-0.825614
-0.505525
-33.1004
-1.23099
1.21481
0.206898
0.123338
-1.0861
-0.076694
-1.10563
2.099
0.0954751
-0.659799
-0.208469
0.154122
-2.82551
0.341016
0.0652655
1.06626
1.00913
0.108913
1.1033
0.657904
1.1195
-0.601197
-1.13779
0.817891
2.84869
-0.911279
-68.5658
0.359487
2.95009
-3.49029
-1.15814
-0.266675
-0.801714
-0.725492
-1.21797
0.685674
-0.347037
20.5891
-0.581144
-0.145863
0.468893
1.56996
-1.52347
-2.3018
-0.461133
-1.63136
-1.37959
-10.4377
0.460722
0.129619
0.602568
1.29068
-3.22676
24.7402
1.15528
1.27135
1.74691
2.26549
-0.493662
1.43069
-6.31648
0.798238
-0.0234296
0.649556
0.371097
0.778723
0.926043
2.84956
0.231433
0.907354
-2.25555
-0.354561
0.659458
0.30264
-2.01971
0.763631
5.66791
-1.06285
-0.523313
-0.371806
0.39467
-0.826459
-11.3405
0.0181037
0.111491
-0.707882
-1.45266
-1.138
1.19875
-1.04006
0.506868
0.358613
-0.141145
-0.0570799
1.04373
2.56576
39.6795
0.336386
22.2025
-1.18424
0.272959
-0.962465
1.50798
1.83462
-0.0935084
-0.350666
-0.344562
-0.658417
0.974426
-0.196636
0.950704
0.0633612
-0.600739
10.2904
1.32497
-1.87234
3.27537
56.9042
-1.28362
-1.1641
0.264838
-2.15699
-2.67724
-0.549911
-1.09954
-0.106741
-0.445758
-0.11743
-2.74647
-1.1522
5.04488
-1.43955
-2.03816
-1.0823
0.228094
-15.5918
-0.720167
1.15199
-0.709403
1.13126
-0.177452
0.146111
-1.60764
-1.08481
-0.612877
0.429031
-0.860022
-0.638475
-41.9539
-1.0628
-0.017858
5.34608
-0.771448
-0.269387
15.6986
-9.74319
2.63189
-0.276262
0.137364
0.0117402
-0.252809
-0.178005
-0.987679
-2.81656
0.203548
-0.780717
-21.0157
-2.99239
2.15949
6.89805
-2.81266
-0.544444
-2.99762
-0.586997
-0.969447
13.7349
1.73675
-0.0813238
-0.133766
0.732529
4.96993
-0.764102
2.72689
-0.082203
-0.889611
-1.71143
-0.0121603
-41.5613
-11.6182
-1.49486
1.17203
2.09972
1.62298
-0.113435
-5.89238
0.0858335
1.97176
0.200046
-0.298944
-0.472588
1.02979
-1.63154
-0.584933
1.33097
5.9505
0.58856
-19.293
-0.196807
0.258314
1.57066
-2.51075
8.37377
-3.67041
3.68912
-0.352721
5.33103
-16.3976
0.420543
1.47343
-2.4791
-0.23752
-1.71428
-1.28363
-0.947648
-0.649531
0.44911
-0.339271
3.43324
-0.617654
-4.71969
0.895279
-0.293918
0.00995456
0.290867
0.672425
-0.588873
-8.89615
-0.479905
3.43078
-0.253442
3.68548
1.63905
22.6056
-2.18629
0.985272
0.556235
1.46258
-1.2558
-0.847554
-12.6131
-0.792187
-42.179
29.3008
-0.540213
-0.994274
-11.421
-1.69296
0.337269
-4.34405
-0.762761
-0.90415
1.76402
-1.8954
2.65372
-0.750962
-1.24432
-14.0691
0.75498
0.35653
-0.908246
3.84022
1.75863
0.0109794
-0.873392
0.00240156
0.198743
0.400188
0.493854
-3.95092
0.195829
-0.0599685
0.522367
-2.0059
-1.40174
2.04939
5.2935
-6.48412
2.27248
-10.0855
-4.592
-0.226531
3.23527
-2.78162
0.119955
-3.31335
-4.28333
2.72411
0.294284
-0.879627
-0.121406
0.91337
-2.7839
0.176302
2.46296
0.846143
-9.64006
0.785553
0.562922
-3.17312
-1.15672
3.59608
-0.465775
0.208146
-3.1503
0.00262617
11.4039
1.10063
-0.704285
0.517441
0.217495
0.308585
-0.247331
14.4606
-0.608934
-1.01244
0.206533
19.9493
0.178911
3.9634
-0.961004
-0.251136
1.17997
-1.78956
-0.802895
1.56025
23.0859
-1.1071
0.169818
-3.96539
-1.00541
0.75667
0.354141
0.671428
0.482753
0.940402
-2.87646
0.253883
3.60681
-2.39545
-0.330693
0.770987
0.937141
0.885056
5.37066
2.68526
-2.93813
1.10507
19.1253
-1.25835
-2.57883
1.43015
-1.23747
3.14795
0.329562
-7.13416
-1.61204
-0.219475
0.368037
1.26516
-1.15734
1.22974
3.24728
-1.46738
-1.37755
-0.851809
1.38678
-8.10146
5.23257
-0.803686
3.26942
-0.0508905
3.7229
-1.22933
-0.555343
-4.27766
-2.32
0.139819
-0.0197706
6.42918
0.0874307
-2.55794
1.77152
-0.907655
0.0144261
-0.247156
-0.1631
4.22718
-3.22371
0.204839
0.531894
-1.95863
-1.02772
5.79123
0.234903
0.350632
2.42006
11.592
8.47236
0.0999847
-1.29014
0.50177
-0.994113
-0.844427
0.953124
-5.39247
-0.914522
-0.224586
-1.21338
1.07273
-0.768442
0.22748
-0.295583
0.223119
0.741326
-1.10216
5.92781
-0.475683
1.07903
0.176632
4.56419
0.594656
1.33126
-1.41617
3.36552
-2.97045
2.76644
0.358315
-1.07583
0.841837
1.23581
0.1485
0.005384
0.482096
0.0512979
-1.88547
4.40388
0.782456
-3.7674
0.859938
0.237473
-0.732404
-0.55338
0.706139
-2.15915
-0.233072
-4.65557
-0.562549
1.60656
-0.145677
-0.590333
14.0432
0.640346
-0.497024
-1.21462
0.0404254
-0.286949
-3.94458
-1.24027
1.48594
-1.66796
-2.16461
-2.91774
-1.29316
7.11861
0.817322
0.361094
-0.305127
-0.528635
1.34344
0.175933
-1.95092
-1.39848
1.96677
-1.00495
-2.24131
0.225025
0.538761
-0.806896
-8.3593
-0.760255
5.77825
-0.918382
-2.87418
-0.110516
0.838466
-5.34426
0.248545
-0.566047
-1.03653
-0.00771758
1.33653
17.4812
-4.57131
0.210982
-7.74306
-1.57447
-10.0154
2.48851
-0.977738
1.05672
-0.444182
0.0706661
0.905148
-0.51581
-2.70772
2.36677
0.259692
38.5383
-6.00027
4.39766
3.22982
0.122992
16.178
-0.0306822
-2.69876
-5.37406
-3.49336
0.108589
25.3657
37.5584
-0.049493
1.85576
0.389412
-0.34618
3.55144
-2.52804
14.9172
-0.964394
2.85979
-2.38845
0.392625
-1.19225
0.608579
0.0910958
-1.48962
0.309844
0.349735
0.107336
17.4
0.656358
-0.887361
-1.27491
-2.03129
0.780198
1.38367
1.34789
-4.5968
3.38592
0.0616711
-0.358396
-1.6274
-1.811
0.295018
-3.8254
-1.0076
0.479097
0.289842
-0.641148
-0.243984
-0.744007
2.39413
-3.12993
-2.01431
-1.30769
3.47886
0.177459
0.734685
-1.78308
0.891519
-0.568681
-0.281377
-2.75375
0.464681
-1.38582
3.27203
-0.0209128
-2.36029
-0.45967
-15.5914
2.52426
0.293416
-0.0999648
-1.80375
0.545849
2.61757
-0.344862
-0.425785
13.1562
-3.02787
-0.0280946
-30.0938
-3.68573
1.38738
-0.569343
-3.50578
-0.830078
-0.117423
-0.64973
0.210912
2.77179
0.714093
0.412488
-13.7769
-0.647355
-0.232583
1.06962
2.09064
0.380294
-0.42966
-2.95846
-240.884
1.00398
0.154904
-0.397862
-0.362775
0.775039
0.0598989
-0.389619
34.1562
2.12275
-0.125039
0.377782
-1.93256
0.459901
3.14844
0.323691
-3.34137
-0.72961
-0.770257
-5.14633
-0.821883
-0.284517
-1.45556
3.55117
3.39091
-2.46691
-2.39588
0.148607
-0.0458569
-0.00820629
0.793454
-0.0610211
0.087245
1.40892
-1.91749
-35.6991
-1.4728
1.62277
-1.52357
-3.66712
-0.959394
0.305052
-1.25676
0.417132
4.54689
-1.62034
-0.529737
-0.0302358
1.4947
0.942015
0.00633783
-1.86315
-0.125104
-1.18778
-0.8609
-0.115679
1.37445
15.2978
7.21476
0.448243
1.64643
-2.03271
0.195404
-2.01699
0.19307
2.01831
0.87245
-1.58608
-0.466918
-2.37012
0.730031
29.7128
0.542154
0.349803
-0.829684
0.322579
0.0133772
2.34631
-0.747346
0.322031
0.18546
-1.20917
0.94302
-0.147051
-0.597191
-2.23092
-0.23152
-1.90292
-0.993195
-0.836433
-5.36076
-6.25706
0.670328
-0.00238273
0.376871
-1.38775
2.38085
-1.27525
2.19596
-0.576471
0.365989
2.27702
0.0936469
-2.24503
1.31687
0.0984318
-1.44214
5.64657
-5.01056
-0.863182
0.702293
1.49921
-0.927158
0.415679
5.13168
-0.699579
0.964174
1.55098
-2.08409
2.97426
-0.382164
1.58067
0.16242
-0.37856
1.08514
1.10357
1.34452
-12.3388
6.2128
38.3909
0.00471271
0.00833709
1.43618
4.3922
-4.6813
-0.553284
-1.28005
-37.3283
-1.53922
11.9863
-1.38825
-0.349584
-9.62544
-0.564593
3.34953
2.58105
1.1
-0.801465
0.110522
0.118428
-2.08159
-0.0628416
-13.6698
0.150827
-5.91451
0.582372
132.453
7.4687
-0.515534
-0.379155
0.248109
0.713704
0.876486
0.0488946
-0.834934
-0.427625
2.38114
-3.23463
-3.248
-0.480098
0.0563128
10.3981
8.8165
-0.13241
-0.608867
-0.35603
-2.33848
-9.43734
0.195607
4.6151
0.0139554
0.370092
0.0369157
0.207723
-0.0703142
1.16484
0.682256
-0.079394
6.64653
1.14463
-0.056317
0.861004
-10.4477
0.687452
-0.617468
1.79728
-2.1086
2.51909
0.00861597
-1.49866
-1.5744
0.688484
-2.01763
-0.221426
13.464
-0.456171
10.872
-4.66459
-1.73646
2.99404
-0.878582
-2.1173
0.713463
-0.59879
-0.177663
1.35707
0.0149039
0.113726
-0.705862
-0.986599
-0.244396
-10.6962
3.90754
0.585095
-1.79418
2.97788
4.24311
13.6643
703.294
0.0308332
-0.71968
-0.0649673
1.31645
1.49832
-2.11952
-2.15207
-1.91924
-0.414303
-0.432559
3.53474
0.716475
-0.458804
0.914756
0.0452879
-3.83246
8.87855
0.406581
-4.48864
-1.86971
0.210703
-1.42106
2.34395
0.236649
-0.558411
-0.573652
-2.76765
6.32546
1.37967
0.438418
0.518013
-350.849
-1.31071
-4.42416
-0.643046
0.319725
0.29105
-1.13289
-0.78718
2.06646
-0.185901
-2.39449
0.448399
0.349946
0.36858
-1.80706
3.26388
0.0220754
0.243703
-7.18455
-0.930458
4.30938
-0.773939
0.049011
0.618822
5.94558
0.162951
-16.8898
0.513088
-1.01777
-3.36428
0.111954
8.54814
-1.58096
-0.215054
-39.3931
0.24551
0.549806
-0.781922
0.430619
-0.727814
-0.413499
-1.15662
-6.38345
0.233155
1.16706
-21.358
1.91691
-17.6907
-18.911
3.01828
-2.52798
61.7284
-0.33286
0.190224
2.46556
2.03099
1.79125
0.00202292
1.32546
2.56389
-0.556005
-1.99526
-1.32868
-0.773444
9.68361
1.79532
-0.0288586
-3.60884
-3.35308
0.931576
-0.574994
-1.62014
1.31347
-1.54074
0.738431
-0.209033
-0.271506
0.11459
16.1222
0.291299
-1.2534
0.990518
2.62098
0.234898
-0.730087
-3.34512
12.4561
-2.43226
0.163427
-1.7231
-1.12277
0.537491
3.03391
-0.530393
0.418682
2.15525
-0.495329
1.81198
0.17765
0.316122
3.0599
-0.161368
1.37428
2.11096
1.66743
-2.96552
1.24112
-0.0506397
1.26535
-7.33798
-1.11563
-0.195552
-0.928569
-1.39636
-1.22812
0.465672
0.128634
-60.6865
0.190624
0.393128
5.32177
-7.78779
6.51492
316.358
-0.438897
-0.233874
0.12766
-1.83301
0.74515
12.87
-0.944418
1.13253
-0.402603
-0.398357
-4.08226
-2.06157
0.341511
-0.211549
-0.115226
0.43704
0.590548
-0.0134677
0.649896
-0.196885
0.456786
3.22166
-1.49066
0.251278
1.30153
-0.789215
-0.214529
-3.25204
-1.764
-0.24839
-0.0927416
-0.813102
0.458816
1.24019
0.293513
-5.61676
2.3677
1.88343
2.21363
-6.56162
0.446445
-1.01321
1.07237
-0.566503
-1.84711
-0.255978
0.850087
0.0729057
-0.268088
-1.89235
-56.3232
0.645796
-0.238555
1.83211
-0.146135
0.515454
0.0963312
-0.912287
4.83981
6.93312
0.172107
-1.27646
-0.33148
1.76532
-0.682073
5.5199
0.486048
-1.79721
2.01796
-32.0081
-2.85367
-1.76958
0.145083
9.44373
1.5779
1.69217
0.701502
-1.04719
-0.439138
10.4186
-0.100483
-0.0668166
-2.02495
0.625266
2.90391
2.22849
-0.479669
1.06586
10.6924
0.634358
224.209
-0.25296
0.788988
0.764263
-0.720964
-0.804406
-0.0432122
10.793
0.599014
1.59213
-1.41477
11.3174
0.41521
21.8658
-5.02479
-0.826149
-3.52493
-0.114341
19.2971
-1.06466
-0.96949
-2.6096
0.392172
-1.41291
1.25184
-0.914517
-1.71957
-0.425753
0.392329
-0.23469
-0.283727
0.132966
0.102456
9.83282
1.73982
0.379653
7.0418
-0.386256
-4.14453
1.4632
0.0175589
1.40434
0.740078
0.834896
-0.150153
1.44362
-0.0290195
-1.09449
-2.78391
-0.388206
-1.18938
-0.548039
-2.50505
0.139958
0.349955
-1.22215
9.5487
-1.22119
-0.642537
-37.8625
1.50081
0.430868
-0.876901
-12.6503
0.198098
-0.27567
1.52507
1.43721
-2.3907
0.374705
-0.484124
-1.65385
5.88511
-2.13064
-3.36558
0.0993511
2.92454
0.167617
1.49969
1.24974
0.173366
1.4645
-0.160177
-0.438674
-0.904356
0.442898
-3.49061
-1.62259
-8.75422
0.982988
-2.10481
0.100134
-0.398216
-9.44869
-1.72898
3.53505
-0.694547
-0.0250384
-0.619772
-0.0372566
6.50375
12.7811
-0.325814
1.59586
-20.7149
3.64989
9.5565
-0.428401
1.56234
-1.03297
0.674513
0.258597
-3.92344
3.72349
-0.0204056
9.37205
-1.01404
0.67371
0.768536
-37.8409
2.15194
0.379782
0.299652
-3.81221
0.26567
-58.5066
0.77145
2.58853
-4.28757
2.33475
1.56902
-0.613546
0.607397
-1.76957
0.352679
6.96752
5.33157
-0.427292
0.10718
1.98079
-0.92644
-2.72204
1.9684
-1.11622
-1.0837
-53.6146
-3.59984
-3.68852
2.04951
70.9727
1.562
0.630926
1.06099
-0.227616
0.578763
1.1512
-0.482999
-3.61957
5.32332
-2.00303
2.70676
1.14276
0.139075
0.144513
-0.295086
-32.9268
-2.94372
-1.34154
1.0647
0.95241
0.335425
-4.41567
-0.00790656
0.96742
0.519277
-0.649232
-0.443492
-0.255112
-0.566413
-0.0188782
-22.0254
5.21974
-0.910803
-1.90714
-0.531719
0.209594
-2.61183
0.634389
-5.29861
-1.28068
-0.679275
-0.248548
-0.0972553
0.435724
-0.320457
-0.315228
-1.48997
0.00743613
-4.07021
0.699939
13.4621
0.134336
10.2032
0.102666
1.62484
-0.118754
-0.587769
0.424135
-1.83994
14.4692
1.00632
-0.569324
1.20401
-19.901
-2.12496
1.34972
0.0273202
-0.404615
-0.173366
0.0645134
16.6288
8.40382
0.711783
14.2543
1.66176
-5.02427
0.777914
0.334816
-0.0984358
-0.219887
-0.459234
-0.507566
0.986301
-1.19167
-0.16263
-17.1855
-1.44346
1.13349
-1.20293
0.292479
2.62067
-0.375218
5.17045
1.05657
0.451071
-7.02527
-0.864803
3.92015
-0.24345
-0.721742
0.881465
-2.80233
-0.555477
0.32288
0.936834
-0.233409
0.966975
-0.438598
-4.7779
1.38833
11.3869
-0.639359
0.238698
0.370945
-0.96659
-0.322761
-0.0725923
-0.258669
13.6405
-1.18483
-0.820435
-0.30928
1.92109
-1.46606
1.259
1.28325
0.508766
1.29677
-0.201352
-0.272332
0.764951
-11.3985
1.57552
2.46735
-1.56096
2.30608
0.28837
3.38273
-7.7895
-0.484171
-0.772332
0.490817
0.813554
-0.286578
9.71121
7.00634
0.602133
-1.2075
1.13588
1.15192
0.293107
-1.71424
-92.8965
2.23596
-0.16412
-0.344331
0.0991272
2.37061
0.483002
-1.76283
-0.486557
-0.345058
0.701251
-0.94089
0.758086
1.56925
-2.29848
-1.1794
-0.61037
-0.941153
-1.01909
0.757174
112.349
5.78596
10.6238
-0.0191856
0.0717566
-1.3251
4.13344
-0.0583501
-0.454798
2.81702
16.6957
-0.134507
0.973594
3.06753
6.0344
0.0994255
-1.03815
2.02202
-35.3417
-0.429168
0.0112293
0.444967
84.2917
-0.296362
0.840674
-3.69267
-2.08878
-0.0337166
0.162328
-0.265379
-0.0057845
-0.367765
-0.216263
-2.04945
0.840779
-1.59879
0.0848149
-0.308029
-3.55316
0.0948735
2.01086
-2.21179
-4.11981
-98.6203
-0.966433
1.27277
0.383288
-4.05666
-2.94442
2.47815
-1.21545
-2.09944
0.999772
-3.50491
0.585862
0.298722
-0.827844
-0.0129155
0.894468
0.660612
-1.0506
0.0812195
-0.286383
0.0110253
-1.63864
1.70112
-0.804315
0.0920172
-2.01925
-22.1615
18.9261
-0.814031
-6.52316
-0.731921
2.00814
-1.3766
-0.541438
-7.00049
-0.0780381
1.19323
-0.435658
0.0821902
0.304625
-1.25516
1.21037
-25.1348
-19.949
0.815702
2.27983
1.5482
-0.341119
-1.457
28.2011
-0.0414162
-39.8733
3.36234
-0.498763
0.489684
0.116589
-9.07568
1.22669
0.813267
-1.81627
-0.275343
-4.06371
0.495075
9.67596
0.859873
-0.958072
1.03781
0.0492713
2.31367
2.42779
-0.293801
0.552184
-1.48395
-5.47436
-0.176935
2.06372
-27.6007
-0.177858
0.223664
2.66963
0.63729
4.80942
-0.374929
-0.741177
24.7333
-0.0895048
-1.2851
-0.752636
4.43043
-0.903749
-0.227868
0.0818073
-0.637998
-1.35814
-2.22989
0.382289
1.87911
2.61216
-0.172727
-1.59891
-3.37924
1.33114
-0.050388
-0.634699
-0.657552
-45.7691
-1.52988
-1.97051
7.35994
-2.08931
-1.11016
-0.28166
1.0072
0.11273
76.079
-0.215296
0.0149245
-0.344969
-22.1799
-7.79068
14.5087
1.04136
-0.423686
-0.851895
0.78462
13.1843
-1.32847
3.0666
-12.6041
-1.60375
0.593369
-0.415886
1.3938
-2.14441
13.1482
0.376902
-0.691843
1.7296
-1.53562
-1.83848
-3.92147
-0.754084
-0.296755
0.13132
6.47053
-0.430787
0.828993
-1.22217
0.75891
0.513262
-2.13513
-1.4419
0.984838
-2.16077
0.198417
-3.99591
0.106539
0.517659
0.955653
0.187464
-0.818989
-4.42839
-0.958419
-0.687384
3.9775
-0.402097
1.22562
-1.12629
-0.244417
-0.574019
-15.6773
0.087661
0.566885
0.482482
-0.0506468
-1.63119
4.04284
-1.79163
-1.82318
-0.12779
-0.117508
3.47134
-0.608651
3.08289
-1.56481
0.236306
0.900058
-1.51241
2.47684
0.54817
0.376368
0.0417713
-7.44049
-0.541034
0.222826
-11.6235
-1.62856
0.467301
-0.641217
-0.343481
-0.671813
1.02773
-0.900047
-2.36959
3.21198
-1.14557
-1.52294
-8.82693
2.2815
5.92657
2.91912
0.530846
0.44751
-0.32463
-0.322245
-0.596431
0.502202
-0.35695
-0.537301
6.75129
1.00776
-4.27936
-0.226663
-0.941253
-1.53565
0.0933206
-0.828508
-0.698287
-6.0133
-4.36808
-3.22764
1.89285
-6.67459
0.108427
0.185392
-2.35948
3.32694
-0.773978
-0.0964314
-0.590403
-1.96482
-29.5776
-0.1947
0.0279874
-1.6659
0.809119
0.503491
-0.340188
1.02845
1.29217
0.10123
-1.2979
-0.327588
75.3901
-0.399106
-0.298964
-2.78213
-1.69158
1.1577
-0.0158
-0.487547
-1.11944
-0.382794
-0.334077
0.137149
0.266386
2.56276
-0.824536
-3.79468
0.304704
3.59375
0.931382
3.54177
-0.281145
1.49504
11.6104
1.70236
-6.34983
-1.64928
1.66877
0.254223
2.13907
-1.60831
0.7571
-0.211158
-0.0544079
11.252
-2.1007
-0.388891
0.191443
-2.30406
1.18268
0.115622
-2.56352
0.189262
-0.673962
-0.854706
2.3023
-1.61577
-0.138861
-0.0414776
-0.217978
-4.69373
0.133709
0.199055
0.599734
0.891711
0.25385
-4.91279
0.31339
-0.226597
-58.3824
2.494
-0.0566247
0.794026
-0.30544
0.10216
-2.33998
-1.04452
0.323719
0.41295
4.93521
-1.89234
-2.77297
1.17848
0.605122
2.35866
-0.35174
19.2104
-0.510041
0.243395
1.03767
0.109722
-1.85316
0.695202
1.0172
-0.669415
-0.0589124
-1.23246
-5.81168
0.0983944
1.89353
2.31808
2.49787
-2.41592
0.549258
14.4154
-0.623434
1.2563
-1.80043
-1.67996
-1.13599
-5.89545
-3.69336
25.6723
-0.1395
-2.10929
8.58667
15.5603
-0.341465
1.75411
0.61077
1.59421
-1.14125
1.47194
1.26417
10.121
-1.29464
0.481394
1.50195
-0.308856
0.742768
-2.66283
1.01804
-0.667173
0.136376
-0.434897
-12.4873
-7.57766
-0.672378
-0.554022
0.524854
-0.887442
4.66632
5.19636
4.27315
2.87438
0.708202
-0.266144
4.91506
2.5945
0.0552665
-0.30691
6.76194
-0.951151
-2.27743
2.17329
0.229317
-3.72874
-1.02844
-0.207971
-7.56338
2.66032
-3.69392
0.135562
-1.4993
1.30326
0.725364
2.30487
0.644088
-2.12391
-5.2952
-12.7918
2.04164
2.40654
0.270759
1.01067
1.83845
-1.46695
-0.292291
-0.356437
-2.28283
2.03643
-14.7249
-0.458293
-1.62815
1.71718
-4.83483
-1.35836
-1.45441
1.1763
0.70683
0.834063
-1.28145
-1.0272
0.647447
3.89482
-0.789693
3.04458
16.4838
3.82231
-0.571191
1.94697
-1.87236
-0.281309
-3.38691
-3.34051
0.541874
-0.574953
0.165065
20.9726
0.454004
7.4482
-5.89943
1.07916
1.50709
-0.245205
2.70209
-1.90836
-0.214343
0.59612
0.0279917
-0.0341511
-0.727856
-0.609428
-0.107778
-3.9437
-13.5316
2.42534
2.4512
0.0181545
1.97313
1.79466
-4.45154
0.116079
0.549609
-1.91033
-2.95362
-6.95165
0.251597
-0.302619
-0.188954
0.290226
0.215577
1.70329
0.364076
-0.656471
1.24135
36.4116
-2.33193
0.251315
-0.10487
1.6235
0.280608
-2.81824
7.60387
-1.48261
-0.174591
1.53081
-4.02491
0.24711
3.48131
2.99761
0.01118
2.85527
-0.200071
3.15867
1.21378
1.15842
22.7327
10.2695
-0.955036
0.6815
-0.503831
-1.47198
1.0967
0.699694
1.20815
0.0981212
5.23751
-2.86298
5.66423
0.384481
1.93582
1.73949
-2.90489
1.29156
2.08636
-0.173066
-0.0365366
3.50197
0.294523
0.405616
-0.676829
3.31381
0.2874
1.10398
1.00171
1.74303
-0.648202
2.88296
1.80512
7.35577
0.607803
1.60606
0.477666
-0.974645
-34.126
0.2466
-0.373014
1.12118
-12.3013
0.0116702
-2.1915
1.51934
1.43075
4.39389
1.32435
1.72712
-0.527586
0.401683
1.0081
0.714947
3.64945
-0.0290482
1.32395
0.560393
3.65409
-2.10529
-0.938492
31.4203
-0.0282511
1.39669
-22.1517
6.41129
1.41559
4.75053
1.63896
0.412423
0.565929
-3.14056
-0.181717
0.221363
-1.47498
0.612005
-1.12666
0.176204
-0.0690205
0.0105444
0.879826
38.7416
-1.87382
9.52292
-31.2327
1.44132
-2.33074
3.48683
-10.4194
-2.43044
0.118616
-0.479746
0.371607
-2.20751
-4.34502
-1.24516
-19.8445
-0.990888
0.337929
0.433876
1.45522
-0.760582
0.189341
-1.22674
2.73158
-0.0634721
-0.57213
5.92923
1.72461
1.40855
-6.92149
-9.88772
0.463015
-0.602758
1.36192
1.22183
-74.5564
-0.447638
-0.437336
3.2693
-0.0662749
-1.76567
-3.84292
1.03619
1.2804
8.08703
1.30412
1.29565
34.3344
6.19451
0.450467
-0.847276
0.5458
-0.00927623
-0.512492
-0.115446
0.764024
0.290653
1.24982
0.8416
-11.8595
-75.687
2.78451
0.330745
2.31702
-0.683
-0.291309
-0.505669
-3.66604
0.322704
-0.614407
-0.332962
-0.54612
-2.08831
0.47842
-5.57872
-3.94843
0.575783
1.58782
0.564718
0.571481
0.175539
-0.122784
2.86909
0.15105
0.0111505
-0.80175
-0.275088
1.09406
-0.588716
-0.375311
0.436518
1.0997
0.392814
-0.235543
-5.68672
1.66625
0.288681
1.9999
-0.125938
1.05977
1.31608
0.135672
-0.790555
-1.0369
0.333295
2.63552
-1.38294
-5.10187
-9.50198
0.770035
-0.673899
1.87097
0.666992
-1.06117
1.04157
-3.29924
0.740224
-0.0509533
-1.9047
-0.605891
0.989125
-1.79927
-0.922409
4.66499
0.900052
0.00921999
8.07567
4.02229
-0.874084
-1.46462
3.14878
-0.0133015
-1.78561
0.0361565
-0.354189
-9.16431
1.50705
0.37315
-0.0419386
0.968521
14.5674
10.3059
-0.32028
0.224417
-0.422717
-0.36565
0.374066
1.88389
-0.369509
-2.30097
-0.831859
-0.201849
-0.792223
-3.79639
0.836229
-2.17206
-2.97136
-0.855011
2.62695
-4.33627
2.3246
-0.115939
-0.409914
-0.827082
0.332325
1.60204
-2.8397
0.747973
-0.820774
0.51909
-34.8664
-0.406969
0.463597
1.78644
0.110153
6.43909
0.414954
0.205419
1.35213
-7.89298
0.125261
0.289376
-0.965398
0.507323
-0.312227
2.64788
1.91437
-0.01056
1.79684
-2.88987
0.0697916
46.9122
0.529669
2.35695
0.679588
-0.377737
0.0167849
-5.29401
1.48825
1.35448
0.710195
-2.24053
15.6726
0.131818
-0.638413
0.729177
0.779311
-1.19635
-0.0256817
0.50319
1.4501
0.00207832
-0.00881984
1.62242
1.54877
0.347906
-1.05762
-0.676296
-0.34637
8.57235
-39.4474
0.44546
-7.02972
-2.43725
0.149305
0.736716
1.88221
0.368731
0.196073
-8.70748
-0.515198
0.187869
-0.937184
12.9722
-0.540495
-0.192245
0.145959
0.336306
0.189953
-4.25643
-0.109884
1.3895
-1.17865
3.49706
0.690885
2.12749
2.77362
0.495638
-0.61306
-6.0499
1.47735
0.120801
7.38506
-5.23387
-1.3658
-0.242942
3.06693
-2.10022
-0.897907
-1.98966
-3.58071
0.620238
2.93032
0.28475
8.96872
-2.03992
-6.11534
-16.0813
-0.35529
1.02861
-0.928559
-0.244783
-1.54278
-0.566972
-1.84653
-16.2374
0.904588
0.153085
1.42748
0.133052
0.270455
0.0269481
5.13046
-3.11429
-2.13765
-3.44349
0.790387
-0.819602
0.244519
2.02713
6.83697
-0.892902
0.169615
0.15301
-1.02006
1.38414
0.387642
0.220244
-0.200658
-0.221799
-0.251512
0.914094
0.721949
1.75014
-0.835418
-0.106799
-11.2122
-0.0478439
0.248065
0.542469
1.20214
1.06717
0.300667
0.772255
-4.15633
0.806214
-13.5921
-0.780936
-0.311923
0.282906
0.476143
0.328125
0.403146
-4.41068
1.41986
-0.195715
-1.0996
2.86286
2.65588
-5.09853
-0.0120945
0.62353
-0.203642
1.82269
-0.159074
-0.669357
0.448421
0.578244
-2.55036
2.40005
-0.362027
-0.753034
0.155947
2.44075
-0.580387
0.916652
-26.6545
-10.0499
0.216979
-1.52835
0.396503
-0.796302
-4.45492
0.960822
-0.139763
-1.63761
-1.69647
0.742312
-2.07985
-0.405603
7.18482
0.671428
-0.458109
0.936853
-4.07775
1.25345
0.225772
-0.76576
-4.06398
-4.31736
-0.211483
-2.21189
-0.630432
-0.155522
1.8219
3.40286
-0.287087
-0.432307
-5.01343
6.13974
-1.2833
0.769249
-0.77888
7.93434
0.0129744
-0.357201
-3.97169
-1.44706
0.541799
1.65198
-3.86361
2.59993
4.14642
1.23609
1.30968
-2.22622
-0.441408
1.32412
-0.682318
-2.10161
-0.921974
-1.02988
-1.93289
1.82432
1.22142
18.5426
-2.56985
0.130299
2.06044
0.63939
0.0978467
0.129355
0.517468
-2.25404
0.856929
2.12271
12.1264
-5.37761
-1.00109
-0.246384
1.29246
-7.45231
4.08732
8.0624
1.42418
-1.47017
5.15851
-5.41408
0.645167
-3.01675
1.03138
1.44015
2.17518
-0.750887
0.35661
0.693995
1.28067
-0.60918
-0.271783
-0.800204
0.00980498
-1.20428
2.28517
0.160765
-0.489222
0.210335
0.597675
1.5976
1.79964
0.199886
-0.406674
5.38756
-5.53922
1.18884
0.981577
-1.49571
-11.1522
-0.37226
-2.16326
0.0688418
-0.0853197
0.358831
-1.35372
-0.589914
0.197365
-2.07322
203.889
-0.871318
-1.08801
-4.17378
-2.24806
0.76989
-1.12054
-0.711314
1.51799
1.73613
0.394634
0.990265
0.114296
1.48225
-1.83356
0.102364
0.559602
1.99137
-13.7655
-0.577624
0.316564
-0.820081
0.553594
0.339543
-3.74342
-0.434697
0.172132
-7.47511
0.72853
0.249519
1.28955
-0.0512263
-1.73997
0.749808
-1.35019
1.34873
-0.827453
0.481192
-0.104151
0.12772
1.40033
-1.71166
-0.444179
-4.92586
0.681676
-6.12092
-0.632081
13.4499
1.17814
0.00761942
-4.99189
-3.1957
-0.782027
-20.9045
1.33401
-0.889336
1.13652
3.09544
-0.382626
-0.0914909
-0.741876
1.4725
0.760124
1.30876
0.363392
-0.09898
-0.187531
0.116376
-2.52945
-3.93643
0.640177
-1.81269
0.207813
-1.10073
0.370102
-0.736537
1.3357
-0.701957
-2.87857
-0.643352
-1.59622
-0.197462
-0.59461
0.201828
-0.323404
374.552
3.45854
-1.3926
0.840269
0.982783
0.232695
-0.866011
0.0689665
0.0388919
-0.26265
-0.29112
-0.918625
-0.580135
-25.2437
3.91767
0.798348
1.11391
0.378768
-7.59713
-8.07905
-18.8628
0.983494
0.448783
0.49953
0.0536812
-1.7969
0.118854
-0.988289
10.5553
-2.59504
-0.506587
5.28332
1.0057
-0.622301
-3.49412
1.36318
1.22677
-0.509953
8.91996
-1.97166
-6.61894
0.353259
-1.62492
-1.67041
-209.902
1.16268
1.51786
-2.8026
-1.31737
-0.913222
3.31411
-0.410801
-0.294703
-2.05023
6.2042
0.610526
-0.0899056
28.1421
-0.362668
0.299224
18.5771
-1.05215
-1.48123
-0.483867
0.0586021
1.12992
8.62102
0.0752404
-1.10583
-0.241188
1.71171
-7.09031
2.06776
-3.20973
1.01467
-1.52832
83.0269
-1.6378
1.61613
-0.207354
4.74921
0.0424179
12.6341
-0.00671506
0.200967
-0.102763
-2.95466
0.49098
-10.1869
-0.233867
-5.84054
-0.427657
0.330636
-0.75248
0.328564
-0.171178
-0.580354
-0.0500858
-0.190356
-1.14653
-1.18307
-1.90593
-1.18918
-0.387563
-1.20707
-1.55685
-0.483041
-21.886
-2.71874
-5.59474
0.000173609
3.29186
43.3784
-0.486524
-1.5008
0.730392
-2.30952
-0.331727
-3.47199
0.409596
-2.06383
-12.1787
-13.5762
-0.753429
0.269783
-0.0370431
1.58497
26.0298
-10.3012
0.0813169
-3.66325
0.0366502
1.536
1.36555
2.57439
0.781137
-0.640105
0.217371
0.951104
-2.43636
0.840056
-0.614105
1.6353
0.0988142
-1.26048
-0.833718
-9.9292
-0.427062
0.0460174
1.08609
3.046
8.05018
5.8982
-0.0699349
-0.273194
0.760308
-0.6012
-2.8959
2.77951
0.825165
3.94984
-14.5416
0.838779
-0.270969
0.230991
1.35799
4.18126
18.6828
-4.56686
-0.920429
0.328699
-1.72124
4.75841
-0.493938
0.892088
0.705618
-1.58388
-102.648
0.546841
0.249395
11.4343
-11.1248
7.5808
-0.0859402
1.02878
-0.130948
2.79992
-2.67941
8.64521
-1.2907
-0.11195
306.358
0.0269117
1.74221
8.90841
-1.25449
-3.47206
0.6531
-0.827635
0.132398
-2.99515
2.12142
0.221583
-2.97097
0.119728
-0.414552
0.203821
1.67301
0.370377
1.17772
-41.174
1.00544
9.6706
-0.37317
-0.353234
-1.08687
13.5056
1.00025
-1.06591
0.169552
1.74471
0.434497
-0.0799486
-1.69399
-0.631548
-0.0706729
-0.306026
-0.782253
0.0387891
0.0657101
-1.51948
9.18094
0.324781
-0.406366
0.822339
1.37791
0.940049
2.25196
-7.05966
1.08975
-1.11539
-1.55887
-0.579946
1.97562
1.04139
-1.43508
-0.513902
1.87985
0.947707
0.450278
0.449951
-6.12824
1.10229
-7.69578
-0.106283
0.484219
5.99002
0.323317
23.6548
0.288324
0.725494
5.12697
0.612633
0.131899
1.44187
-0.395294
-0.58339
3.7258
0.669613
0.595232
-0.598837
-0.356894
-0.893234
1.13073
2.35111
-3.25493
1.40578
4.01626
-0.919095
-1.04004
0.667172
1.48431
0.0448597
8.53363
-1.98875
0.345607
0.678169
-24.0936
-35.5419
0.00610194
0.3216
0.974284
0.422652
6.22613
1.54658
0.367121
4.02606
5.75963
1.04883
0.822456
-2.92641
0.351011
-10.2542
-0.707496
3.20766
-5.91499
-8.43984
-3.05405
-1.07886
-1.76064
0.639145
0.153282
0.761157
-0.568729
0.423204
0.179002
-23.2797
0.323286
-1.19247
1.859
1.56726
-0.00211368
-0.852589
0.35176
4.5751
-0.531925
-2.3305
-0.278717
0.838828
-3.88868
40.4747
-1.21704
-0.139527
8.53864
-0.23161
2.63583
465.754
1.73934
0.509722
-0.977034
0.2577
1.04671
0.973851
0.353684
-0.700932
0.219627
-0.124027
-1.79393
0.525061
-3.24498
8.05897
13.7863
-2.54769
0.333475
-0.825074
0.244564
-92.3528
-0.0908689
-0.306718
13.637
-5.11365
-2.03964
0.788008
2.99912
-0.185637
1.22831
17.7883
-0.58221
21.4097
1.90209
-0.215155
-0.501465
1.01998
0.448253
18.2956
1.37418
-0.40779
1.37205
-0.0375972
0.612059
0.163454
-20.3152
18.6293
0.298984
-0.0881029
-0.562908
0.655713
0.17909
1.17192
-0.1306
-0.444657
-0.395514
91.8225
-0.604335
1.535
-0.315023
1.68386
-0.553314
-0.840125
-5.38559
0.290218
0.57387
-0.512014
-0.419875
-0.190414
-1.85824
0.0300989
0.183845
-1.21645
0.0859956
0.308206
0.680255
-3.29268
1.34832
1.06069
0.419935
-2.05009
-0.880856
-1.05873
-1.13011
-1.2723
7.39218
1.6217
0.0792024
-0.960809
-1.62339
-1.19264
13.3888
-0.729545
-0.853218
0.17687
-1.47301
0.119811
0.388565
0.288223
0.614446
1.4395
0.473578
-0.433273
-1.11387
1.9612
4.0747
3.1735
-0.0414634
-6.38279
2.93394
-0.534734
1.21417
-0.485912
-5.59513
-1.49336
-0.735435
0.16977
-1.83568
1.49205
0.530826
-0.356608
1.22602
-1.19073
-0.795611
-5.95849
-1.46657
-0.381196
-0.433678
9.10744
14.8857
-0.487139
0.0265582
-106.077
119.128
-2.75923
1.06206
-0.111325
-5.89834
-0.272125
-0.0847487
-3.82555
-0.0416488
7.26105
-9.49901
33.9113
0.253143
-1.26388
-0.150318
-2.04299
2.27186
-0.620301
56.2994
2.16191
0.276893
0.640717
0.0245929
-3.54199
-0.408596
4.96174
0.507207
0.759658
0.131643
1.25347
0.0142154
0.313746
5.95371
-0.27726
1.7707
-0.28241
1.57076
-0.375738
0.0437517
0.307008
0.575561
0.584743
-0.411688
0.354249
-5.97419
0.439333
-0.0571236
-1.07266
14.6167
1.3275
1.89461
-0.93251
0.192578
-19.4519
6.00774
-9.96463
0.0887894
-0.186946
0.874396
-2.51268
1.2917
-1.93238
0.721362
-2.23415
-0.439055
-6.67697
0.681282
0.810094
0.119714
-4.45813
1.06577
-1.83211
1.04018
-0.874806
1.09793
1.66176
3.55866
0.944133
0.160875
-9.076
-1.93929
5.20192
-2.61433
-0.740347
2.44484
7.26761
-52.4
-0.948073
8.13445
-0.540482
-0.860084
0.118719
-1.84414
-1.55172
1.06977
0.00652276
2.64432
-3.18052
-0.783716
0.642206
4.5542
0.0963155
-0.897687
0.244974
-1.19934
-1.94761
0.921335
-0.517754
0.292297
101.059
4.24401
-1.82293
-0.25516
-9.2348
-0.282656
0.15422
-0.962686
0.989741
0.0310571
0.347557
-0.167564
-0.00542001
29.4111
-10.7752
-0.953209
-0.0508594
0.912222
0.267201
1.92305
0.399743
0.132801
0.386249
0.832394
0.548485
-0.763654
-1.21331
-0.26068
1.35715
0.740237
2.79451
2.002
-1.99819
-0.121796
-0.323783
0.886628
-1.23624
-1.0702
0.302295
2.68644
-0.202765
0.679327
-1.90697
-1.79465
-11.349
-16.513
0.143603
-1.00542
2.24274
1.52478
-0.133377
0.0332441
-1.1089
-0.000637216
-8.44639
-1.53832
3.56254
0.551596
-2.25035
-3.11767
0.81884
-0.289515
1.54368
10.4939
-0.153147
0.226571
-0.157944
0.177509
-0.807922
-3.4866
0.333567
-2.29279
0.389302
-0.977319
-10.4147
8.43186
0.64009
-0.692403
0.163987
0.91297
-1.89465
-0.408887
2.03032
-7.02969
0.166632
3.98863
-1.31375
0.259026
3.19361
5.76839
2.47411
-0.611824
2.3109
9.3008
-0.145223
-0.395045
1.10018
0.0861726
-0.789172
-3.69313
1.67121
-3.56767
-0.230223
0.0956162
1.84848
3.05186
-0.297542
0.0459381
0.743361
-2.41166
0.331137
-0.512715
0.848266
-0.285449
1.48007
-1.2335
-0.529064
1.00538
0.937011
-0.00446755
-2.69712
-0.763929
-0.408975
0.716333
-1.30851
0.31317
-3.07256
-0.198538
-1.54043
-0.679118
-0.527375
-0.14639
1.06025
1.23435
4.91537
4.33957
3.46597
10.3363
0.112133
0.49541
0.588846
9.26308
-4.76594
1.74226
17.2378
-7.92506
-0.323025
-2.05358
1.05287
-3.08605
-1.3526
-0.0993572
0.156814
-0.369618
0.122727
0.11244
-0.816415
-26.9899
-1.88461
-0.813798
1.8073
-0.416015
0.574835
0.561999
0.363697
-60.3806
-2.00868
0.544155
-0.232075
0.745255
-0.197502
0.198766
-0.671248
-0.676677
-1.21925
-0.138784
1.70444
-0.0330114
-0.521342
3.10942
0.744678
-1.72011
-0.562942
-5.53154
-0.694411
3.15675
0.372694
0.0308948
0.701556
-4.23293
-23.2489
-1.32269
0.260774
-0.899078
-1.87737
-0.298091
-1.41524
1.10857
0.338042
-2.00816
-86.8602
0.797845
-0.405812
1.43416
-0.0424233
3.07607
-0.996652
0.565991
-2.30868
0.767894
-6.53118
0.501899
-0.218231
0.815857
2.30637
-0.253015
-331.94
-0.133082
-0.988
6.64464
-1.13752
1.59555
0.523885
-1.71323
0.579028
-11.34
-0.264688
-242.861
0.756599
-0.775049
-0.523168
-0.246927
0.00346641
-0.430275
-1.89257
1.32041
-0.326102
2.25696
0.451197
-1.23023
-0.225553
0.400289
1.33233
2.07034
-0.724583
4.85222
-0.589265
-0.838966
0.647891
0.305198
-0.531972
-0.311583
-4.41034
-0.28771
-1.30448
-0.471596
-0.348295
0.575349
0.193073
-0.578869
2.92261
-0.341516
5.04161
-1.43227
-2.4187
5.05177
-1.38394
-0.147474
-0.624912
2.10574
0.592789
-0.0805199
2.27979
-0.0765322
-0.178883
0.792373
-67.5325
2.42986
0.871582
1.37206
0.530148
0.318915
-0.856026
-1.12729
-2.29866
-0.376688
1.33658
-0.121408
-0.406774
0.379873
-3.29158
0.471037
-0.394042
-0.729895
-0.709216
0.581194
0.924336
4.18416
-0.653213
0.524064
-3.1796
1.51371
0.887268
2.4807
3.02494
-0.183205
-0.112261
0.150334
-0.556502
0.541869
-1.46316
2.74661
0.199125
-19.8756
0.505953
-4.41876
1.04535
1.60081
-2.55767
-0.752409
-0.291965
-1.31615
0.788871
0.742074
-3.65315
3.60682
-24.112
-0.151512
1.02722
0.55752
-0.266917
-13.2506
-1.32859
-5.90915
0.17103
-1.78672
5.48651
0.935326
0.156318
-0.28821
15.308
-8.62419
3.29629
1.6201
-0.506979
-0.568343
0.278824
2.23778
-1.40226
0.566871
0.718688
-0.42428
2.99692
0.104764
1.06533
5.98669
-0.281883
-1.45564
0.0943363
0.404459
-2.08847
7.24918
-3.57383
-33.5362
0.875824
-1.44319
0.892487
-0.350137
-0.800882
-0.678175
1.21297
-6.75614
1.02889
-0.575338
-1.87352
3.7431
-1.18715
1.27533
-1.39856
-1.8889
0.0987952
-2.05021
-0.5386
-0.461257
-5.04811
2.25389
3.10961
0.0659545
0.717844
-4.06022
-1.00873
-1.00143
-2.82182
-0.186473
-0.827663
-0.724098
0.73267
1.4187
1.42478
1.71083
0.573403
0.143344
2.18919
0.131309
-2.92656
1.23205
3.01315
0.802202
1.02779
1.05457
0.718526
-3.67596
-3.05901
0.0718136
4.75705
0.429719
-0.843215
2.01537
1.00824
-4.40846
-0.147616
-0.692137
0.709102
-21.3703
-0.115822
-4.08064
40.7688
3.66806
-0.190034
0.220682
-0.5633
-1.50228
-0.652615
0.513483
-1.36682
-0.634656
-4.30859
0.584545
-0.176013
0.168369
-0.408365
-1.78038
-0.779484
-0.887159
0.327924
-7.32527
0.316756
1.20222
0.349704
-0.825159
1.11502
-40.542
2.16355
1.61416
-0.562571
0.900871
0.195789
0.0224985
-3.4103
-0.569639
-0.769025
0.314213
0.141956
-2.12753
-1.74605
-1.2829
-7.29068
-2.75969
1.30875
-1.03342
-1.4954
0.697075
-4.33795
1.19149
0.276974
4.37416
-2.21189
1.2054
0.572413
-1.68794
3.06855
1.70029
-1.34424
-1.77446
-0.198749
-0.319383
0.0413293
-0.648683
-0.967335
0.170589
1.03473
0.479042
1.22148
-0.376556
0.947893
4.22612
1.00731
0.7258
-0.0617815
1.08169
-0.675223
-1.24583
0.93334
-0.570889
-0.434592
1.1044
-1.24249
0.432048
3.86168
1.21944
-2.39634
-3.2174
-3.22185
9.96807
0.0496078
-1.00727
-20.5042
-1.18681
0.529147
3.377
-0.124494
3.88725
0.331489
0.949155
-26.1654
-0.854188
2.10625
-1.23756
-0.0443391
0.775137
-0.265033
0.0880084
0.96059
0.128107
-7.61384
-1.50061
-0.386926
0.834054
0.0805132
-0.283579
1.38499
0.0796603
59.2066
-1.19328
1.17433
-1.86095
-0.561089
-1.04607
3.7873
-0.438566
-0.336265
-0.347945
-0.375318
-1.48513
0.53841
-1.40476
1.24055
-1.22079
-1.44982
0.241469
0.744546
1.02047
-1.8589
45.6159
0.81594
-0.934189
-0.44293
-1.84358
-19.1938
4.53829
-2.22844
1.15585
-11.9934
1.06414
-0.113236
0.154867
1.56246
0.666047
1.91537
-1.15583
-0.174703
-2.65356
1.85162
-2.38916
0.0330739
0.862427
-0.929873
0.929466
-1.22476
0.356223
1.03038
-1.13745
-8.42729
24.9839
5.24242
0.120315
0.807833
0.8729
-1.3267
-0.189964
-1.1512
1.15652
-0.433536
1.2064
1.1761
-0.17667
-0.184771
-4.36796
-0.92207
2.07031
-0.673415
0.197513
-0.0330271
1.64897
0.298818
-0.922228
-1.25331
-3.34066
-1.74586
-0.421768
0.218729
-1.86068
25.4335
1.37888
-1.34095
-6.43616
0.110788
-0.163391
0.596716
-66.3239
0.854308
15.8327
-0.586657
0.281444
0.808149
0.00226856
0.593696
0.761129
0.118708
0.14274
0.120144
0.0908366
7.89717
-0.173542
0.0283715
9.71532
-4.38934
-0.0532451
5.8634
-1.11104
-0.700809
1.09353
1.54062
-2.21147
-1.25708
-0.43742
2.22073
-1.19279
-0.319902
-4.72211
-1.72137
1.83552
-0.642898
-1.13736
0.724741
0.563573
0.509626
0.97445
0.665161
0.172587
-5.38778
2.0898
762.653
0.329675
-0.0121956
-1.02862
-7.23714
1.83153
0.60005
-0.4585
-1.40813
-0.594212
-0.0208466
-1.91504
0.312367
0.133108
-1.90965
5.0345
0.39966
-0.641279
-1.38982
-2.14891
-0.852394
1.13927
0.0843025
1.13459
-1.36141
-4.15599
-2.07559
0.866309
8.19248
-2.66015
-0.890626
-1.62145
-0.314943
0.607475
1.76409
0.467865
0.365458
0.42268
-5.75201
-0.570627
-3.32294
2.12706
-0.426189
-0.409939
0.026796
1.57833
-0.125463
1.35073
-0.941425
-0.230761
-2.57675
2.43469
-1.52797
-1.69704
2.93975
0.0561896
-0.515215
-0.368482
2.7047
-2.87209
2.33849
1.29247
0.140479
-0.00972273
-1.88712
0.629265
-4.20163
17.3673
-0.475918
-0.854994
1.51529
9.10578
-2.86506
-1.70623
17.0253
2.64101
-0.325442
5.86696
0.806395
2.28179
-0.0245006
4.50131
0.271513
0.211608
-0.176008
-2.48481
0.442053
-4.93498
-5.59501
0.590132
1.40222
-0.994356
0.906298
-1.05211
-2.64647
-2.15329
-0.305105
6.34318
1.42197
1.12263
1.12756
1.32532
0.233656
0.391883
3.85365
-1.3711
-0.368654
-0.400618
0.0507078
0.47888
-1.37563
-2.11641
0.205121
1.7424
0.142285
0.883939
1.34098
8.75559
-8.36184
0.338952
2.23548
-1.0046
-111.422
-1.35994
1.3626
-1.11999
0.955901
0.507872
0.504314
-0.618123
27.9099
0.852666
-1.41152
-1.12161
-3.31485
1.81858
-2.44475
-0.461727
-1.96576
0.163468
-0.566403
3.06479
-0.660705
4.02311
0.695928
2.45098
4.66101
-1.33772
10.6964
2.43044
-54.9776
0.177213
48.5161
5.07375
-0.479281
1.09796
3.34064
-1.5018
1.60015
-3.06729
-0.303358
2.23706
0.0211612
-0.000894521
0.636597
-6.79372
2.81549
1.99558
-0.780102
1.03119
-5.70741
-5.9398
-1.2411
-0.848019
0.599699
0.857391
1.89573
1.2763
-17.1082
-1.35506
0.837194
3.42973
-1.47269
-10.2891
1.02263
3.01385
0.605105
-1.25958
13.2836
1.8187
27.3685
13.0986
0.0224683
-0.191963
0.212943
55.2978
0.639095
-3.66125
-0.77996
0.132963
4.12559
4.29158
1.49293
-1.39908
-0.0574316
-0.622771
-132.075
2.42631
0.0570906
-0.641822
-0.177236
-0.277654
2.81003
-0.127519
-1.36681
-0.0859696
4.35148
0.29762
-1.48616
-1.2624
-0.507033
1.77372
2.15157
-0.327454
-0.343093
-5.03261
0.106265
-0.23497
1.23557
-0.473117
-0.194525
-0.154039
-0.141583
1.40114
13.8074
0.550179
-1.19479
-4.3885
-100.109
1.48395
-0.216163
-4.85683
0.325239
13.247
-2.45353
52.2275
0.929882
8.90778
0.201517
-3.08871
-0.202847
1.4854
1.02337
8.54992
0.564081
-1.30178
-1.12726
-10.3432
1.02786
-2.13829
0.150508
0.118202
-10.265
-0.447086
-2.67745
-3.11019
-4.56961
-9.92138
10.8934
-4.49222
-0.616113
1.7554
-3.31599
-1.15866
-0.75197
-2.42181
4.65294
1.2553
-0.514418
1.59995
0.778937
0.611765
-4.78047
2.83342
0.307879
12.1608
1.32524
-0.390238
2.48652
-5.47944
0.198022
1.6525
0.0340649
-0.517685
-3.12138
-0.374109
0.0768713
-1.50104
-1.34203
-0.67074
0.0960904
-0.125396
-0.470229
-1.8202
-1.58429
-0.465102
-0.0856144
0.197831
-0.352464
1.29653
-0.769414
1.08682
-9.81737
0.0343306
-2.59485
-0.5237
-0.0650133
0.289988
0.986194
1.23051
-3.52981
-1.558
0.379731
-0.806337
-1.33854
-4.29569
-0.181196
-5.22221
-4.2404
-0.0288259
-12.6858
-0.596539
9.01939
1.01027
2.11663
0.947968
-1.04467
1.25317
4.80941
-0.37943
-0.763868
2.22992
1.09437
0.821436
1.20048
-0.418187
-0.304448
2.77782
-0.621154
-7.4717
0.220839
0.271538
-0.031957
0.483475
9.78386
1.43578
2.9022
0.140102
2.95901
7.76443
-0.756737
0.87953
-0.775135
0.353969
1.20332
-0.103295
1.88632
-2.71187
1.90855
1.62244
-0.0253062
0.567384
9.15511
-0.662443
-0.903249
2.60525
-1.48481
-3.13645
-1.08112
0.546267
1.1878
0.889225
0.527904
0.988214
1.11292
-2.70764
0.367909
2.59666
3.63853
-100.622
0.754893
-1.08418
-0.484559
-0.356752
-5.38138
0.895765
-0.142007
1.97739
-0.358785
-1.54584
1.20457
-0.184612
0.166827
1.10042
-22.8539
1.41972
-1.30506
9.50763
-0.979291
0.814037
0.525173
-5.27398
0.195197
-0.391803
-1.15181
-0.258713
-0.633103
0.736025
-0.289524
-1.5901
0.819912
-0.692732
-1.30364
1.64176
-0.919705
-2.02672
-4.06373
-4.66973
7.23572
-0.266047
0.0230725
0.36004
3.20654
0.322463
-0.758885
-0.173248
6.62469
-1.88472
-3.57494
0.130977
2.85803
-0.681708
-0.762555
-2.46282
0.174415
-0.163808
-11.921
5.60079
13.2208
0.825971
-3.39485
-1.45518
4.65826
-0.739128
0.325393
3.10228
-3.32767
-0.668936
-12.7311
-1.85921
0.636593
8.35267
-2.82891
-9.48145
0.177496
-2.77025
-1.14169
-0.839698
-0.350562
-0.597958
-0.101161
-0.386267
0.400084
-0.548024
-0.329534
0.827365
-0.465095
0.84205
259.507
-1.96325
-0.698091
0.315372
-2.40165
-0.244008
9.881
-2.95282
-1.57075
0.239791
0.665883
-3.7448
0.467253
-0.330387
-2.41184
-7.53718
-1.22394
1.51842
0.566555
-0.590363
2.61841
2.24777
-0.125506
0.172205
0.0423739
-0.000916213
-2.79186
1.02958
-1.8127
2.18727
-0.618801
1.24834
-2.38171
0.713209
-0.439465
1.1099
-5.54424
-1.30823
-0.913184
-0.40357
-8.33157
-1.30722
-2.48351
-2.07773
1.04265
1.12163
-3.64159
-0.0485208
-0.673399
0.749552
-1.40619
3.3099
-1.46061
-1.83272
-0.40944
0.269384
0.427496
2.16119
0.0199985
0.790892
-0.615125
1.5989
-0.41629
0.166931
1.4751
0.373196
0.439425
-0.130067
2.04172
0.589494
3.95564
-0.494728
0.737185
2.55728
1.2858
30.7994
-0.113465
1.22925
-0.018614
-0.156548
-2.09591
-1.8752
0.221776
-2.55652
0.603898
1.1637
-61.6766
0.404426
-2.52928
-0.275793
1.20976
-3.54829
-4.03734
-6.8894
29.7719
15.3073
-0.00270802
-0.522939
0.81686
3.0896
1.92609
-0.257569
-17.2449
-0.352816
-19.6185
1.10527
-4.12849
0.648257
-0.631969
-2.23469
-0.144581
-8.11994
1.80204
0.635678
-0.60761
27.3518
2.2611
5.02082
-11.1762
-2.32284
-2.57626
-2.7412
3.9175
0.326117
-3.45683
88.719
0.745657
-0.470864
2.76225
0.174189
-2.36189
-0.275192
-5.68512
10.3751
-0.458924
-1.43252
-10.1785
1.59688
-0.244553
0.817196
2.03418
16.2534
0.283134
1.58986
-1.06572
1.69185
-2.31705
0.434308
-7.46205
-0.71133
-9.95361
-0.615317
0.644448
-3.81705
0.388931
0.992108
-0.741127
-6.55341
2.05433
0.0576446
0.272455
1.10941
-4.07895
0.330297
-1.53903
0.915529
1.94629
-0.298026
-0.0655063
-0.757945
8.22139
-5.54765
1.23918
1.93048
1.71862
0.712886
6.38781
0.33952
0.320717
-0.964894
1.55664
0.813528
12.6863
-0.429807
1.06456
0.437369
-21.0899
-1.23425
25.9999
-0.833567
-0.680252
7.71538
0.18349
0.0844609
-0.583614
-0.277742
0.319985
0.213347
-0.0203601
0.560685
0.121178
0.000955854
-0.396352
-3.60278
-2.19304
0.164526
2.66923
-0.514333
0.228526
23.6414
-0.743663
-1.60368
-0.463265
-1.50903
-1.68406
0.297809
-2.98703
0.31796
-0.835354
0.499834
4.46459
-1.63596
-2.66476
39.4374
-1.6086
-1.03263
-0.253756
-0.701343
-1.10707
3.06896
-0.550691
-0.321311
-42.5522
-53.748
0.796776
3.33301
-0.623821
1.00701
-0.0797784
-3.49336
-1.24063
-0.132218
3.80799
0.432543
-0.465222
11.7384
5.35692
0.332189
0.524464
3.99974
0.277018
0.742084
-1.03505
-2.43344
-10.5461
-0.236873
-1.22264
-0.103537
0.766037
0.730506
-0.121712
-16.8499
0.444604
-0.598597
-0.923492
0.372534
2.0165
1.09039
-0.901834
6.19166
2.67367
-0.0346359
-1.50067
-2.08583
6.07615
0.227764
0.515418
0.201722
0.0635488
-4.17414
-2.74605
0.60399
0.101015
90.0821
-0.606059
-2.27317
-3.5889
-0.494861
0.865386
1.71733
-1.5648
32.2358
-0.0849771
1.16841
-0.0872803
-1.23119
1.81684
-0.694209
0.227536
0.0301944
-7.11854
-16.0026
-0.566255
1.06586
-0.00944909
4.04837
-1.35431
1.12451
-0.946529
1.67464
-11.3101
18.8598
0.75316
4.39553
1.4611
-12.4991
-0.00735384
0.152723
-0.273891
-4.68081
0.963645
-0.120938
-1.24521
-1.59632
-0.872462
1.41211
-0.665504
-0.325223
5.80639
-0.208729
-0.360206
-0.257987
0.498937
1.34332
1.15454
0.224094
-1.22667
0.326321
1.73553
-3.63521
-0.685531
2.30287
-0.181889
1.74729
1.02268
0.51816
36.5628
-9.24563
-2.74195
3.54023
12.1096
-0.0947032
1.14691
4.31516
-1.92707
5.97856
0.834364
3.89131
0.604164
-0.404258
-2.77978
-2.3148
1.67169
20.0462
5.00971
2.29872
1.32449
0.928402
0.622127
59.6857
-1.1051
1.78426
20.6332
1.35738
-9.42183
-0.920371
10.1773
0.0115859
39.6438
-1.1551
0.360428
-2.62485
-0.308107
-238.285
1.08594
0.252746
-1.15044
0.984723
3.16898
0.726824
3.60511
0.177972
11.733
-0.139397
-0.149589
-0.949256
-2.21049
-2.38914
-0.573504
3.26688
-0.2636
-0.777083
1.38887
-2.23619
0.236365
1.7993
-5.90108
2.27987
1.24823
0.465267
0.508073
7.41695
0.336702
0.207959
0.741722
-0.854421
-0.475966
-3.22647
-13.4749
0.104173
-2.68365
-0.438016
-3.19879
-2.89055
-1.38816
1.73824
-0.268785
0.394584
-4.02756
4.50869
-4.57129
0.420128
0.32047
0.508467
2.56971
0.169615
0.698808
-0.344858
-0.67863
-0.60387
4.22471
0.104624
-0.467299
-42.4204
-0.0113496
0.665065
0.837211
2.98893
2.06252
2.40386
-0.321238
35.9784
-0.996154
1.75249
0.188092
0.80591
-0.735577
-0.216827
-1.76136
-13.8223
0.401993
-2.4164
-0.392895
0.155372
-2.75904
0.736759
2.14109
28.9226
-0.2016
-1.48565
-4.29287
1.38673
-1.05906
0.544082
1.54342
0.289844
-2.00527
-0.638073
0.94047
0.0574015
-9.71751
1.76253
7.81023
1.51715
17.5027
-0.579059
-1.32754
-0.714611
-0.404375
-0.0990812
13.5779
0.434559
4.44781
0.410419
3.81837
2.14142
20.7672
1.54148
1.01816
2.35356
-0.670117
-0.181226
0.416331
-0.344586
0.664965
3.26775
-0.712864
1.60019
1.17052
-0.668134
1.55807
0.363041
-0.695082
14.0313
0.918937
-0.384777
-0.175275
-0.31094
0.544819
2.68037
0.399124
0.0994991
6.53635
0.928853
-0.482063
2.14959
0.920879
0.174624
0.830762
-0.747174
-1.76127
0.701465
-1.66827
-0.824035
-0.833932
4.98835
0.865513
-1.23799
2.03864
1.58275
4.44909
-0.873291
0.0398921
-1.13708
-11.3971
-3.53275
-0.415932
-6.62553
1.54964
-1.06356
0.439095
-0.323102
0.539051
6.40883
-0.0726798
0.00120163
-2.47472
-0.507535
4.97065
1.27107
1.23339
-0.202758
1.25597
-1.3377
-0.152992
0.640295
-37.5632
2.01056
8.63869
-1.26008
-0.313408
1.627
-0.183879
78.8202
-1.98795
-3.94165
3.76069
0.634056
-0.842589
0.691786
-0.400535
-0.0959204
-0.0199472
2.85696
-0.111439
-1.83815
-6.27335
-0.215477
2.12298
-2.17476
-0.896869
0.142978
-1.48511
1.87305
-0.58037
2.15445
-139.463
-0.318745
-0.0524475
1.43744
-0.66796
1.8936
3.17998
-1.2066
0.226742
-0.750671
-0.471517
2.00036
1.72615
-12.0582
-3.44367
-0.30084
2.06838
1.89651
1.09138
0.507735
-0.657224
-2.58774
0.0923308
12.6982
-2.61934
-1.14033
0.282742
0.441419
-0.756351
5.54259
-0.825238
1.036
0.972216
2.09502
0.365989
1.01421
-0.1953
5.14224
0.0753228
1.0038
-0.252111
-4.56794
0.584453
-1.39675
-2.13778
-1.23506
-0.278256
1.63822
7.43997
-1.16636
-0.110611
-0.556416
-0.789976
0.0256197
-0.0182126
-1.34555
-6.17449
8.01803
-0.763331
-13.0957
-0.5929
-0.117761
-3.77064
0.0119148
-3.06577
0.767834
-2.13819
-1.16299
0.94668
0.261414
0.327658
12.1534
-0.0520561
-0.223419
-1.22421
0.136416
-10.3003
-1.22748
-0.526415
0.878878
0.578048
0.0974062
-0.206142
1.73122
-0.64985
0.85036
3.55507
-0.556156
-0.221421
2.5687
-4.21595
-0.335853
-0.664565
-0.349729
-6.68483
0.76693
-90.7794
-0.624884
-0.0205737
-0.295501
-2.07509
0.059618
4.25457
-0.43348
-35.084
-0.281351
0.0544426
2.94723
-0.311904
0.277876
1.12894
-4.51579
3.45457
48.0932
-2.86602
2.63828
-47.2789
0.80998
0.909548
-1.68515
-2.28769
0.172349
-0.752965
397.539
-1.29396
-0.00865254
4.14083
3.40321
1.49125
0.955528
0.888788
0.313677
2.96856
1.37463
-7.04057
-0.37389
0.51754
-0.521819
1.15939
0.363236
-2.08167
-0.256936
1.28153
-12.1169
-0.94419
-1.36083
-12.5632
-3.53875
0.54425
-17.8321
0.102737
-2.54218
1.17066
-0.706434
-0.183835
0.576445
1.46146
4.69676
0.221523
0.265812
-1.06916
1.05675
-8.11173
-18.4206
0.230357
-0.750462
-0.683361
0.857685
2.62089
3.3426
1.53628
1.32314
26.243
0.148925
0.00322758
-2.34197
-2.03326
1.05582
-1.38277
-21.5985
0.566468
0.642643
-1.97529
-0.60278
1.01495
0.430275
-0.657988
-1.08475
0.0673759
-0.622193
14.4547
-0.787636
5.16545
1.46565
-78.2658
0.710262
0.136969
-0.37781
19.9194
-1.16664
2.46956
-4.85814
-7.13579
1.12338
-0.164249
-0.713945
-2.21672
0.306349
4.16239
-1.28059
-0.0518067
-0.432911
-1.27108
0.595108
1.38073
1.57554
-16.9091
2.6194
0.0061419
-4.57359
-0.0620972
0.573903
0.0533837
0.217189
0.19944
-1.89067
4.97013
4.14728
0.893703
0.840679
0.0113433
1.03646
-1.21711
1.21899
-0.296597
-0.212782
-1.98312
-0.374172
1.51457
-7.82061
-1.1702
5.92112
0.678082
-1.25317
-6.15188
0.481842
3.17887
0.821298
5.1365
-0.0108325
-0.520346
-23.7299
1.95212
-0.284515
0.738352
-0.913136
-0.729279
-1.89515
1.88893
-1.51421
0.415458
0.797696
-0.515413
-0.351657
0.235041
-1.38963
0.192152
2.71124
0.397595
-0.30299
0.302273
0.189388
0.882981
-0.841882
1.13604
0.381549
0.870845
0.787746
7.02353
0.41075
-3.36361
0.154231
-0.767782
0.300283
-4.87274
-0.59436
1.18245
-0.134311
-0.726093
1.43573
-0.535571
0.582455
1.35824
1.80588
-1.19468
0.663086
-0.305107
0.459191
8.4129
0.993338
-0.848292
0.710509
0.184118
0.62261
0.856419
-0.447623
-4.91074
2.15197
26.362
0.522044
-0.705399
-2.05104
-6.28917
-0.101096
-3.1322
0.183584
2.50602
0.656112
1.41677
4.58156
6.53724
7.15937
-1.33359
-0.434784
-0.58439
6.6247
-0.362469
-0.139363
0.416523
-6.28244
0.821202
0.622185
1.58779
-2.48035
1.34958
-2.09609
-1.97363
-7.03118
-0.662045
0.0744628
0.891331
0.287687
1.4782
-0.197401
0.696803
1.67822
12.5936
0.1196
-0.180322
-0.321269
34.1902
0.845492
-3.61879
3.32443
0.195713
-1.14537
2.72732
-2.13056
-4.35151
217.132
1.44852
0.871051
-40.9348
1.18428
0.125107
-0.554657
6.69654
-1.99826
-1.09213
-1.75493
-1.49492
-0.453109
-0.40347
1.23193
5.23344
-0.739426
-169.401
1.59283
0.00787889
5.50669
-0.383591
-0.0602529
-2.44881
-0.232181
-0.32256
-2.08319
-1.24241
0.171812
0.0611557
-7.8549
-6.51245
1.39237
-18.168
0.424469
0.291597
-1.23072
-0.829252
-1.45579
0.972705
0.176921
-0.836734
-0.0835105
-0.736479
-0.433183
-0.486329
2.75593
-0.164106
65.056
0.888068
1.33791
-1.06112
4.28852
-28.9292
3.75373
21.763
0.851024
1.21507
0.785228
0.668243
-0.722629
0.785973
4.70608
1.50895
-0.0242434
7.48491
-0.929522
0.684904
0.632873
0.314526
1.46276
-0.216969
0.440047
3.01738
1.70772
-0.706034
6.1226
-0.0418691
1.92694
0.709202
-7.85811
0.258054
-1.95722
3.5717
0.202278
-2.35335
0.270945
0.71123
-1.2689
0.500522
0.855269
9.4443
0.41594
0.850499
-1.10874
1.55217
-0.416472
-7.81331
-4.22452
0.0239198
-0.81314
1.72592
0.960301
0.178639
-1.83895
2.47348
7.6036
-0.0210503
-1.78107
-1.21878
-1.69345
0.0414712
1.54259
-7.07745
-0.0632786
2.48942
0.440708
1.0677
0.635769
-3.26658
0.0824115
3.24745
5.37725
-1.25081
-0.38683
1.30161
1.65826
1.02763
0.574392
-1.35134
0.00523754
-0.212851
-6.34864
24.213
0.7984
-1.55877
8.07066
0.946585
-0.112774
-7.27201
0.814861
-0.166406
1.94562
-1.11763
0.133952
-0.805454
-1.05005
-0.247124
-0.467046
-1.80947
-0.651594
-0.572499
0.53591
0.405517
-8.40183
-0.869954
0.483815
0.020423
0.749365
-0.0611198
-1.48975
-0.105114
11.748
-0.818961
1.27323
-1.55738
0.518336
0.0316347
-0.344398
-0.0944961
-4.65761
-2.79214
1.30093
0.444208
-0.696054
0.149696
0.839895
-4.25503
1.60285
0.129659
-1.50481
-1.09616
0.186283
0.591727
3.54454
0.14524
-0.86459
0.446851
2.4682
0.228772
0.319954
-5.58851
15.2604
-0.289824
-1.166
0.533349
-4.11076
-0.507163
0.239804
-0.461512
-18.359
1.01958
-0.606301
-2.08722
-0.371241
-9.45661
0.378388
-1.07612
0.591373
-4.55684
0.0413782
0.114509
-1.38479
-3.22679
8.83528
-0.373018
0.710473
3.34196
7.46501
1.1139
0.570733
-1.52405
2.79244
-8.26576
0.962728
0.0237386
-0.0869935
0.602927
2.78094
1.13653
-3.43918
4.06965
2.97712
3.64656
-1.0695
1.12302
1.22678
0.258666
-2.55905
-0.305411
-0.262152
0.4951
-0.0584552
0.289771
1.20144
4.90871
-1.86134
0.355462
-0.474138
22.6694
-4.57693
0.393754
-0.513052
-0.893196
0.0100832
-0.150961
0.796971
0.97993
3.54971
2.48124
8.00477
1.75328
3.72504
0.0153002
0.86577
-0.242163
0.309094
14.9363
-0.723868
0.62173
6.87099
-0.916829
5.60646
0.896368
-60.7905
0.587086
-2.54794
0.428505
-1.4683
0.953803
0.780184
-0.161193
1.64496
1.15118
5.35379
-1.22948
5.99296
0.955043
-1.87784
0.786356
0.715739
-1.02182
1.69844
3.75036
-5.63485
-1.23086
-0.69076
10.3981
-0.791453
-2.70081
0.831244
-0.528042
2.39298
-0.66075
29.3897
1.45575
-0.270555
-6.01319
-1.55595
-2.05391
2.06581
0.161771
-2.90703
-0.00640884
4.80771
0.879544
0.489931
-1.06655
2.97355
0.661315
-65.9718
1.01707
1.09308
0.245098
-0.640437
-3.86478
1.89866
-1.67125
-0.00498652
-4.64915
-1.49459
0.725684
-2.18414
0.546847
2.21886
2.98196
-1.13219
2.05896
0.156743
0.0430601
0.94777
5.45279
-0.640778
0.18804
0.710778
-0.506533
-0.227987
-1.81179
4.61427
0.879133
-5.61226
34.8188
-0.550298
-0.182153
42.928
2.08077
-0.336472
102.497
-1.11866
-1.32599
-2.42546
1.70436
-0.478488
0.516677
-0.730394
7.28206
-15.1625
-0.362489
-0.585771
-3.45354
-0.229162
-13.4298
-2.38001
0.223906
2.40453
-0.863515
0.271743
0.546912
2.08569
0.0331006
-1.54013
1.85338
1.60528
3.36713
-2.83864
-0.716105
3.19046
0.867591
-2.40629
0.276482
4.72589
0.560008
8.22814
-0.473774
0.177406
-0.385654
0.157135
2.7238
-0.0392144
0.925697
0.273389
0.366796
-0.690527
-1.01295
-1.73202
1.21193
1.54068
16.694
-2.90299
-7.55829
0.18293
0.291996
0.186474
0.544078
-0.359561
4.09422
2.34897
0.203307
0.83168
-2.83114
1.29077
1.87626
0.786284
-5.51597
4.78842
-0.577344
-8.24881
3.23489
-0.21389
-0.284788
0.221646
-0.44272
-9.03147
1.06198
-0.0739454
-8.95929
-2.47685
0.788438
3.62447
0.277439
0.074018
2.3923
-7.52662
0.894847
-5.65152
-1.20333
1.29845
1.2159
-11.6426
-0.196721
-1.30779
-1.00429
0.96293
-39.4519
0.0894691
-2.64476
5.33898
-18.3076
4.60321
1.99959
-1.71747
0.190372
-0.175739
-1.99282
0.303424
-0.205977
0.0455419
2.74103
-0.0505287
1.06715
-0.819798
-0.140745
1.62858
-0.819071
-0.675096
1.61085
-5.18577
-1.34282
2.02694
-1.08197
-0.122005
-0.898024
-0.570303
3.08007
-1.96494
1.52122
-1.7734
9.87337
0.373571
1.50609
0.847725
-5.86701
-0.569348
-0.573446
-2.04536
-7.2818
0.555186
-5.15646
1.38334
2.32206
-0.330104
0.165579
4.1701
-2.24729
0.532327
0.400547
-0.0766688
0.10942
0.0779339
1.59719
-0.856959
1.05595
0.15353
0.0130946
0.907152
-0.179317
-3.11513
0.887467
-0.436984
18.9114
-0.558103
-5.31367
0.618973
-0.335282
5.44815
1.18929
2.60112
4.75094
0.462068
-0.860458
-0.644495
-2.21977
0.51489
-0.337077
70.117
-3.80982
0.0775656
-12.1737
-1.01925
-0.320986
0.560011
-3.19686
-1.76636
-0.252719
-0.617299
2.08615
-1.68947
-3.45156
-0.490757
-0.395894
-1.27645
-2.11168
0.82899
-1.37301
-0.792538
-0.453417
-18.9937
-1.84496
15.7387
5.32846
10.5394
1.27058
0.674537
1.66353
0.297609
-0.18221
0.136063
0.719943
0.687063
1.07085
0.51319
1.27465
-2.53338
-2.35288
-0.99843
0.334802
-2.48327
-0.732389
0.0312333
-1.02947
-3.28087
0.0676081
0.155862
-16.778
-0.436882
4.05975
-0.240322
7.20562
3.84106
1.01883
-2.66173
-0.415108
-0.211453
-0.737446
1.26546
-3.88737
-23.1315
-2.65865
-0.0337482
0.163758
2.55651
0.117383
0.733232
-0.668887
-2.36393
-1.31518
0.840906
-2.4549
-122.767
0.379861
-0.381952
-1.08196
3.81667
-0.5278
1.71993
1.63218
0.130643
1.38496
-0.00176788
7.2071
-0.248957
1.89189
1.37203
0.860438
2.13351
-0.210707
-0.787873
-0.265411
0.0255025
-0.266839
0.585903
0.00916845
1.46546
5.82653
-2.53375
-2.25505
4.45742
1.95473
0.349447
2.82943
0.748328
0.429993
-0.720284
0.0414045
-0.246618
2.26142
2.29661
-0.508933
2.54775
5.66944
-0.408094
3.01966
8.68615
-1.53787
-0.787765
-0.127925
-0.781883
0.265321
0.978252
0.551577
3.43004
0.0296971
12.5546
-1.1268
-1.89983
1.20288
0.546708
2.13695
-0.34517
-0.955341
1.76975
0.649361
-0.628839
7.14698
-4.4051
1.23041
-1.29696
3.36827
1.94994
-0.28801
-1.93171
-0.278868
-0.86924
0.330892
-3.39603
1.57993
-0.776185
2.18986
0.521692
-0.736262
-0.468024
517.29
-0.777996
-0.110815
-0.561093
-0.3586
9.21592
-1.24279
-1.19997
-1.58037
-2.05182
-1.03223
7.10321
-2.62648
1.45763
-0.746348
-0.00995984
-4.64859
1.13604
1.34603
-1.27169
-0.0144495
-0.542288
-2.82451
0.261172
0.254324
-0.851948
-1.41418
10.9681
2.07467
0.513449
7.26886
15.5825
4.60392
-0.188852
-0.794506
-1.5115
-0.541113
0.941821
-1.50936
2.10828
-0.101859
-0.0122702
1.23627
-0.453669
0.71965
0.811163
0.724151
0.419509
0.320025
0.047516
0.998877
2.23712
-0.309731
-4.4877
0.674385
1.72457
-0.377157
175.221
-0.924028
7.06159
0.891852
-0.506525
1.51141
-0.244475
1.94485
-2.4431
-0.907235
0.228087
4.55368
0.157146
1.77123
1.65641
4.58981
-2.85333
-8.61023
91.4609
-2.09088
1.75595
12.8803
-3.38788
-2.31044
0.1314
0.135194
-0.0792576
-3.1274
0.0657733
1.27961
2.98215
7.97682
-1.2227
0.671498
-0.674609
1.03666
-0.541843
0.918892
0.0356048
3.61516
0.139308
-0.357771
-0.0682471
0.430624
-0.188029
-0.603143
-2.91946
1.44876
0.0239113
-0.504749
0.810596
-0.417676
3.85591
-2.12365
5.95658
-0.41025
-1.27732
-3.47748
2.30414
-0.807964
1.24787
112.845
-0.448057
-0.792769
0.489218
1.31452
-8.03969
-0.82657
-0.475384
0.44028
0.394775
1.00175
-0.552004
-0.732973
-0.0625415
1.13585
-0.116094
-1.61743
-0.869368
-0.280243
-2.25045
-0.582699
0.460917
-0.564402
-0.267669
0.826331
2.24079
0.972362
0.385744
-0.0401091
-0.55642
0.834971
-0.482807
-4.59358
-1.0187
0.0730598
0.40759
0.458141
-1.15625
0.118114
-8.54733
1.21193
-1.44253
-1.05304
7.71071
-4.25232
0.371534
-2.03375
-0.000558082
7.57023
-0.104646
0.217526
-1.30967
-0.209475
22.155
2.33723
-0.0310876
0.045779
0.250962
-2.59671
0.0298431
0.252214
-4.51857
6.49406
-1.6194
-1.25017
-0.413088
-0.37808
-1.24944
3.81583
-0.257458
0.588897
2.17472
-0.353894
-0.338912
2.81561
-0.744791
-2.57287
-0.887833
4.25796
2.33322
0.999749
-4.31431
-0.0809339
0.648528
1.12478
12.5719
9.73438
-0.611814
0.131238
0.860401
-0.0979658
0.820869
-0.748073
2.48005
-2.29069
-0.0152176
6.54113
3.61766
0.133152
14.8372
-1.74614
-0.963541
1.43794
0.927834
27.9192
2.07873
0.524401
0.810969
-0.580991
3.02281
0.258475
-2.00361
3.71114
0.323569
2.25429
0.351568
-1.60428
-1.21538
-2.23271
0.155457
-1.09645
0.0350071
-0.915314
-2.4973
-0.203831
1.06729
0.443311
0.744572
0.224707
-0.450683
-0.671486
-4.26546
1.88632
0.255197
0.404223
1.17829
1.24937
-0.215033
0.492097
1.18849
-1.10247
0.850031
6.11846
5163.45
0.0680796
0.131367
0.890527
-0.088371
-0.770554
6.07231
13.1722
-53.5883
-0.453704
-0.18601
-1.63619
-0.416989
-0.918356
-0.816327
-1.23517
-2.93426
-0.299167
0.249363
-413.092
-0.898518
1.22234
1.76552
-17.9444
0.457024
0.0889903
0.0374086
-1.05989
-0.121154
2.48973
98.2034
-0.709158
2.59823
-0.979749
4.90945
1.3931
1.71017
1.5072
-0.576291
-0.00759269
1.48634
0.434865
-5.52639
0.489698
-0.0944848
-0.990432
0.285704
-5.9907
0.427951
0.757169
1.42707
14.1022
-0.622572
18.409
0.698306
0.554375
0.35232
2.00366
-0.0545742
-4.5819
-0.127103
0.138429
-0.499565
-1.76776
0.449265
-0.202054
-2.04285
-0.139071
1.19763
-0.229783
-2.81953
-1.20056
0.0552704
-8.58423
2.2132
808.2
0.553551
-0.484459
1.12189
-0.157552
-0.208437
2.33945
11.8
-0.217926
0.159871
1.40708
1.23029
-1.28977
1.25676
0.438241
0.925184
-0.517449
0.240482
0.0020642
4.7288
1.58362
0.702304
-0.641122
-1.2554
-1.46801
-30.2644
5.7338
0.165001
0.211156
0.315031
-2.43445
-7.01392
0.148968
-4.09842
-1.08366
7.20929
0.233875
3.0176
-0.94224
-1.82134
17.5043
-0.341055
-0.989438
-5.62483
1.50192
1.97974
1.77204
1.35171
11.6734
-0.656708
0.186546
5.03144
-1.64253
-1.279
0.0464333
0.490726
0.294414
0.436408
0.112403
-0.681284
-2.87546
0.0967899
-1.29251
-0.867768
-0.995185
2.34172
1.60917
0.440504
0.447401
-2.04462
-0.529601
-1.38867
-0.186232
-0.212738
-0.316233
-0.408402
0.201083
-0.354906
-4.55162
-0.728671
2.01785
0.54299
112.142
-1.41495
0.531823
-1.02702
0.967201
2.98554
3.26171
-1.35341
1.48383
0.0684432
0.201958
0.206208
0.223518
14.6
0.404414
0.609772
1.0894
0.233878
-0.0273489
-0.827704
0.572456
3.79887
0.630982
-2.53343
-0.632552
16.0594
0.155371
0.551442
-1.14813
0.847903
-4.00993
-1.41451
0.820549
0.133793
-1.01239
0.709358
-0.808208
-0.291851
-10.7444
-2.13946
-0.819638
0.417088
-0.258771
0.318344
3.05549
-6.21789
0.546682
3.38574
-1.03734
-0.686971
0.476036
-4.66028
-0.614248
0.766875
-1.20905
0.92965
0.675747
-2.83105
0.150383
0.0140872
-1.52124
-0.947729
0.74783
2.38402
-0.361591
1.57112
3.24071
-0.0515357
0.777562
4.61221
-1.51983
-8.5707
-0.289905
-0.334227
-0.290201
-0.911398
0.0695647
0.311354
0.337004
0.434759
-0.104813
2.82293
-1.39041
-1.14754
-1.05093
-0.623436
-5.61323
0.226024
-3.6347
0.161852
-0.570352
-0.596884
-0.915131
1.87873
0.151999
-1.9386
3.19604
1.83046
0.423445
-0.39054
2.96559
-0.640068
-1.9364
0.983599
2.40918
1.87494
-1.21501
-10.7497
-1.92933
-0.233296
-1.00782
1.84387
1.54685
-0.649909
1.01625
5.4468
-1.89997
5.74627
-0.529964
-0.329505
-0.319668
16.5053
-0.138201
-1.25614
-1.1553
2.55321
-0.830483
12.542
23.3009
-18.9022
4.10054
-1.6006
0.10151
0.906605
11.0465
-2.60085
0.321486
-0.115188
-1.36796
-2.39202
-2.65889
-2.41293
-1.99477
-0.166808
-1.2736
-52.0005
1.18101
-0.13177
2.29519
-8751.6
2.22401
-0.0571397
48.1034
-1.18693
-3.14999
-0.703444
0.673821
0.0631657
28.1912
-0.0201648
-0.0550168
-1.22399
-0.304333
-0.812231
-8.73977
-0.98363
2.00291
0.320126
-0.873235
-0.689662
0.375917
-0.27023
0.873943
-2.91687
10.0066
-1.19673
-3.32464
-0.372276
0.196019
-0.374197
-2.7407
-0.287611
-5.97591
2.46541
12.1202
-0.0606694
-0.607473
-0.123095
-0.0452082
0.991964
0.806648
-3.20498
-0.604542
-0.387318
-1.89445
-0.561255
-2.38277
0.171001
0.664981
0.0372098
1.04174
-1.0528
-0.295953
1.46112
-0.946264
-1.40267
-3.88494
-4.76054
-0.269899
-0.44503
-1.95695
-0.213823
0.568658
1.57849
-5.24712
0.377899
-0.268774
-0.09171
0.718767
11.407
10.0111
-30.3591
3.58026
0.44012
2.67693
1.16022
1.45339
0.737383
0.5033
18.9184
7.28147
21.5106
-2.08817
0.0244317
3.08351
0.071542
0.24084
-3.21447
-2.64999
223.087
0.922178
-2.67965
1.59933
2.11248
2.20493
-0.2844
0.157726
-0.68844
0.433722
1.40401
-0.220969
-3.75507
10.4412
-1.89774
11.1829
-0.249584
1.23691
1.41081
0.248357
-6.40435
-0.946595
-2.17021
-2.82351
1.85723
0.314711
-2.2196
-0.990955
0.177111
-1.6443
-1.30801
-0.351149
0.780678
-3.11712
-1.4151
0.752116
-2.13171
-0.567502
-0.161428
0.353532
1.03094
5.45673
0.985164
-0.381943
1.60073
-0.18514
1.02917
0.0427928
-0.603409
-1.91269
-1.058
0.0997944
0.0411362
4.67155
1.6297
0.587553
4.81704
-1.09423
-8.58751
-0.843447
0.841097
1.25
15.3331
0.584448
-0.177126
1.13147
-0.363511
-0.584643
0.169209
-1.26375
-0.673368
-3.43983
1.29471
-123.432
9.48659
0.538661
1.91272
2.75377
0.259002
-0.249301
0.378902
45.8845
0.907713
1.90565
42.0736
-0.152453
-0.568962
-1.88387
-2.67956
-0.56005
-2.13487
-2.90139
-4.02305
1.59731
0.163595
4.78228
-0.774973
-0.965546
-0.189385
-0.239986
-1186.4
1.64808
111.414
1.34009
-0.448814
-0.642041
0.309017
3.5914
-5.2122
4.07046
-4.97403
-0.497999
0.562962
-6.51788
0.099808
5.5985
2.97643
9.29869
0.492814
11.7319
-0.519001
-1.52714
-0.390594
3.51003
-8.80165
12.4479
0.309911
7.40368
-0.548915
0.362919
-0.835372
-5.32856
0.289397
-0.0947523
-0.407598
0.24763
0.907432
-0.379176
-0.682671
-7.67964
-4.25418
-0.321656
-0.51499
-2.647
-0.796808
0.460472
-1.00597
4.45
0.0890391
-0.104186
1.32541
0.286948
-0.0857867
1.34494
-0.0520275
-1.22653
-3.04894
4.51384
0.69404
-0.470584
8.49638
-0.743276
-80.9959
0.386078
-5.09681
50.8822
-0.0717343
-0.874572
2.15362
-0.382366
-1.39473
2.51732
1.02164
-1.50449
9.61255
-0.145931
7.99996
-0.583481
0.0866347
-0.396301
-2.10128
-0.740736
-0.916147
1.53782
16.2438
2.85145
-32.423
1.87845
0.227364
-250.683
0.17878
-2.69461
-2.16171
1.79004
-2.04409
-0.0152615
-4.19386
0.498726
-0.259428
-0.507688
2.83954
0.695985
0.379607
1.56756
86.5208
2.84019
-0.476787
-1.95299
2.34777
-1.22876
1.86429
3.97749
4.44023
1.12758
4.72254
-0.759741
-2.79364
-1.0393
0.648153
-0.748282
-0.740683
-0.350646
2.23729
-0.308908
0.325065
1.62222
-0.796764
-0.131052
14.7182
-3.02975
0.442041
-1.77209
-6.99717
1.79078
0.868795
-0.892152
-0.0156661
-0.454834
-0.305845
2.7155
-0.776042
2.84757
-0.681099
-0.536513
-0.210716
1.15233
25.2599
-14.9523
-1.28481
0.651468
-3.06671
1.75087
0.645407
-0.134063
-1.49086
-0.883039
0.410549
0.594309
0.327814
0.202208
0.0502359
-0.257249
6.775
1.43171
-1.26398
6.56314
-0.487673
2.6916
0.644413
-18.7007
0.779222
1.03374
0.498567
0.392961
-0.626358
-0.152547
-0.553764
16.9624
-3.22031
0.751818
10.0134
-1.00548
-7.47166
-9.22086
0.820126
-76.642
-1.72074
2.11098
-0.733829
-0.414303
-1.38413
0.40124
-0.0979299
3.16796
0.31037
-0.329664
-0.53689
2.06624
0.106414
0.119695
-0.924643
78.851
0.043088
-4.95424
0.463299
-0.43271
5.50507
-0.028536
7.97908
-0.445451
0.275526
1.54047
0.247514
0.318021
356.793
-1.83695
0.996655
-0.311331
-3.15751
-1.31273
0.388001
0.606951
-0.772699
-0.844201
-0.695634
1.28182
1.73573
-0.0257571
0.495325
-1.17378
1.5685
0.491671
0.435632
0.617394
1.97448
-0.0785868
0.175157
0.206639
-15.397
19.6415
-0.018835
-0.794179
1.45721
-6.33805
4.44493
-19.1742
0.0804945
-0.510703
-2.67491
0.366235
-0.340136
0.0128033
-1.30394
0.830561
3.73315
0.437942
0.291034
0.740677
7.16154
9.70197
-1.14063
0.987364
15.9094
0.0344797
0.872792
-0.471678
-0.424443
1.38345
0.323978
-0.280354
0.929451
-1.4453
0.225256
0.017801
-2.03576
-2.13036
0.182789
0.0853941
1.18294
-9.85157
-0.125702
-0.94797
-0.79673
0.571681
-0.448472
1.13896
5.01861
0.844981
-0.517141
-0.783309
43.7552
-4.9135
1.71981
2.24088
0.658178
-2.40027
2.50599
2.16181
-1.28858
0.461781
-0.965414
-4.71997
0.0670383
-7.10564
-0.585818
-0.918839
-2.55082
-0.278747
-1.38525
-5.34745
-1.51159
0.892107
-3.39153
-0.173096
0.0614006
2.21453
1.01384
3.21833
-3.51063
0.483126
-1.55964
-1.91985
4.63546
-0.64225
4.15108
-2.10217
0.155026
-1.39402
0.707544
38.7849
-14.9657
0.397093
-0.0124242
-1.08482
-3.19514
1.51192
-3.26403
-0.495519
-2.30395
-3.4974
0.698073
2.65939
4.39188
0.451713
-5.19435
0.555493
0.565343
0.253305
-0.582583
0.222106
-3.22377
0.00978461
-0.0571677
-1.75683
0.0630627
-4.60809
-52.8181
1.09356
-1.4527
0.0796273
-5.4152
0.455583
5.07487
-1.13139
-0.534257
3.87976
3.64528
0.336947
-1.25876
-0.313632
-2.1065
-6.26413
3.53135
0.335397
0.132948
22.256
-5.91816
1.28324
0.654567
-1.0194
-0.759784
-1.09023
1.46545
-0.831275
0.942104
0.342915
2.08353
-2.40497
11.2129
0.0790811
-1.07222
0.163063
-0.550324
-0.536509
0.495653
1.43492
0.0659517
1.56918
1.44396
-2.64505
4.78579
1.59605
0.866315
-39.8978
0.479794
60.5956
0.81795
-3.81288
-160.179
0.196504
-11.4761
0.510662
-0.301175
-0.205839
-1.97915
-0.879178
-1.95392
0.530038
-0.431122
0.773673
0.98009
-6.46229
0.774938
-2.92026
2.02169
-0.792557
1.12356
8.45965
1.07077
3.17133
-0.407678
-0.150849
0.192733
-0.332719
1.95273
-0.192951
-1.46198
1.71251
1.00027
-0.0265088
0.0427243
0.461185
5.11621
0.784561
-2.39276
0.607309
-0.860324
2.39683
-4.50295
0.079634
-63.6132
2.94087
-0.00771232
-3.69164
-0.139961
-0.4707
0.402246
-0.630601
16.8226
-1.69658
-0.527704
-0.14618
-1.16093
0.490041
0.639103
-33.4476
-4.26691
-179.387
-1.54704
-0.1196
0.822584
1.45832
-1.67073
2.51116
-0.849845
-0.966084
-0.0911172
-0.0562831
0.311543
-2.89433
-0.496535
0.277635
1.9233
1.78853
134.863
0.583327
4.142
1.31742
-2.33854
1.22651
2.23013
0.550194
-0.0736282
-0.460661
0.729554
7.48911
-0.289983
-0.10993
1.68634
-0.672296
-14.5188
-0.504878
-2.9477
3.04276
1.00917
-1.49878
-0.486494
-165.178
1.12903
4.1042
10.8369
-0.665434
-0.79102
-0.224448
-2.66594
2.29947
3.20347
0.172559
1.41031
0.145028
-12.4967
0.517313
-0.255399
-3.02968
-6.00183
1.43629
0.0894763
0.745236
1.21862
0.960365
-3.19557
-0.255992
0.252493
0.723432
-1.02803
23.754
2.27686
1.00025
-0.920352
-1.52795
-2.0233
6.70028
-3.73991
2.6716
-1.10173
0.280763
-0.375721
2.81012
9.61432
-0.365048
-0.403349
0.0349267
-12.7993
0.366611
4.53399
-4.23721
-0.805962
-0.314282
0.108075
1.03996
1.76672
-0.143411
1.17691
-2.07833
-0.873235
-0.0893133
0.128707
1.78481
0.885417
1.61568
5.19679
62.9125
-2.50313
-2.32595
0.308152
-0.441007
1.19651
-21.0559
-2.3781
1.80771
-1.02212
-0.526485
1.13051
-0.0942886
-5.28239
2.94717
6.23488
-1.73554
4.76891
-7.59501
0.337481
3.62175
-3.03041
-0.285367
3.93808
-0.221204
-6.51482
-1.84441
-1.16707
-1.29882
-0.228219
1.38464
9.05117
-2.56484
0.487344
0.18846
-2.17441
0.52042
-16.1662
-21.37
-4.52364
-23.1652
6.85418
-1.83828
1.32719
-0.878784
-0.706218
0.755447
0.217472
-0.161347
-0.286355
0.286367
7.49245
-0.811909
0.336904
-10.7778
-0.00360202
0.638421
102.109
-2.55682
-182.241
0.77427
4.2459
-1.37376
0.137264
1.41078
0.74846
-0.774176
0.0826254
0.636577
-0.315505
-0.377523
4.12383
0.09778
0.984099
-0.901526
0.114943
1.13198
0.611094
-0.616516
-0.768773
29.1579
1.88509
1.53944
-2.39642
-0.699166
1.39611
2.81073
-0.325129
-0.62388
0.821269
12.1906
-17.2939
-0.00717493
-2.11769
3.11953
0.117492
-0.464523
0.91012
-10.5884
-1.75695
0.160997
-3.06093
-7.53206
0.72905
0.570516
-1.622
2.34794
-0.981121
-0.295917
-0.154812
0.881336
-0.0637482
2.51557
-1.52751
-0.627004
0.752182
-0.577701
0.487056
2.10814
10.6155
-0.73181
0.873596
-0.354231
-2.02024
-0.411407
3.2041
3.48045
0.373788
-0.0575776
0.681409
-642.627
2.2829
-0.0733671
3.29372
-0.416214
2.99691
-0.399387
-2.14453
-0.361978
1.03047
0.590611
0.326113
4.73448
-0.26409
-0.713691
2.88348
0.26002
-0.0942287
9.12601
-0.103634
0.513055
-1.57742
0.377672
2.0014
-0.2164
1.70277
-1.68024
0.27394
-8.39784
2.65875
-0.0434537
-0.385871
0.513726
0.25317
-8.55209
-3.53426
-0.547524
0.452087
0.672576
-2.89376
1.7507
1.56261
0.422005
-2.92202
1.39034
0.144979
-0.864174
1.39434
0.489435
0.673268
2.52662
-0.937581
-7.25377
-0.0903986
-1.23977
2.17318
0.862972
-2.41186
-0.132941
-0.937412
27.8986
0.230875
1.86815
-0.579746
0.730726
1.43669
2.59984
0.0714782
-0.112095
0.917409
1.01364
0.75839
1.54295
0.359068
-3.09588
1.98315
-0.270574
0.626636
0.91084
-0.796168
-5.25691
5.52401
-16.3927
0.641737
-3.5709
-1.05058
3.5432
-0.918435
-1.11806
-0.643929
0.109137
1.00309
0.661848
7.63833
0.0756828
-0.857671
-2.15449
-0.261253
-0.21607
-0.482134
1.45775
2062.44
-0.559437
0.145134
-0.377565
1.38912
20.6245
0.706694
1.56838
-4.48799
-2.49303
0.172234
0.939591
2.53376
-1.05701
-1.00101
-0.732011
0.53329
0.104362
3.89961
2.86709
8.65954
0.343753
-0.436516
-0.814902
0.256328
2.74537
-1.76001
-1.92007
1.25073
0.660364
-7.10249
0.39164
-76.0009
-36.8803
-0.0112528
-2.3717
0.0196817
0.0832837
0.225779
1.4949
17.1118
-1.33441
-1.1436
1.40959
-0.669177
-1.85975
993.203
-0.486522
0.569752
-40.568
-0.287985
-5.75953
-1.81619
0.39283
-0.811559
-0.630249
0.560998
3.85567
-0.705634
-1.73591
4.98205
-1.08202
3.76355
1.42102
-1.36082
0.348389
15.439
-0.201965
-0.146028
0.0132757
-13.521
-0.512138
0.151439
-0.713463
1.0481
-248.073
2.11976
3.51899
-1.85028
0.0641582
-0.229215
0.557355
-23.8844
-0.766419
2.51799
-1.16986
-0.473202
17.8249
1.18149
-8.30412
3.26943
-0.218343
1.96845
1.02936
-0.107963
-2.34184
1.74523
-2.88193
-0.765268
1.53363
1.67038
-0.307437
-0.645555
-0.806005
1.42303
0.219179
-0.765047
-1.6852
0.08457
0.387961
2.32864
-0.171663
-2.34027
0.19263
-0.197013
-1.01659
0.236373
0.17372
-0.634582
-2.66312
-1.41579
1.99927
17.947
-63.239
-3.63576
0.0744777
0.615719
2.40203
1.88099
0.81414
1.09758
-0.363525
0.894744
5.08925
-0.171596
-0.244233
0.686119
-1.23239
0.0753403
0.297898
0.337741
-0.160002
-0.0636267
-0.192073
-0.317645
-0.87125
-0.94434
0.89111
0.857663
-0.361189
9.02267
-0.603379
-0.352418
0.17255
-5.51512
-0.253412
-1.0724
0.103099
0.970909
0.218169
-0.158004
0.383563
0.462867
0.0396574
0.00268151
-0.0842144
0.860324
0.126875
3.017
14.7582
1.01822
0.048436
0.681645
0.716259
0.4359
-1.6401
0.720695
0.499001
-1.1088
0.791845
-101.515
-0.402576
-0.416507
-0.490483
10.0835
-7.03122
0.133515
1.8254
1.20464
-1.06011
0.785858
-8.14266
0.667214
5.41699
-0.368971
-0.927452
8.68082
-0.631227
-0.0940448
-0.832267
0.482406
0.00493382
-0.651809
1.32867
-1.548
-4.51992
5.16811
0.75895
0.145198
9.30603
-0.84256
-679.809
-1.52668
-0.266732
0.225771
-0.619999
0.467671
0.703405
1.66927
3.99861
-0.488588
5.75339
0.279836
0.438126
0.394479
-2.23743
2.12949
2.41467
2.2571
-0.423896
-0.68986
-0.115235
3.38248
1.60366
15.093
-2.98289
3.04793
-0.569136
0.68477
-0.00246751
0.879917
0.0814291
-1.07234
0.388814
5.45137
-0.105746
-0.351595
0.243648
38.356
0.158619
0.968966
38.4142
1.14481
-7.15312
-0.46094
-0.119041
-0.474784
-0.731627
-0.509657
-24.0828
1.02667
-16.9446
-1.37308
3.37651
-3.01921
0.336153
0.283769
4.7019
1.66442
-0.65612
9.35576
0.817037
0.906407
1.55219
-0.52376
-1.92812
-5.30018
-0.0930158
-2.1437
-4.67401
-0.370323
0.300265
2.41431
5.71767
-1.71397
0.39121
-0.703503
0.112368
1.78546
-16.8768
0.0423396
-0.480675
0.606299
0.213729
-0.194316
6.72543
0.198945
-1.53743
-4.59382
-0.951731
-31.6271
12.698
-0.0268375
0.772211
4.77856
1.06812
1.21101
-0.243952
-0.0551231
-25.1911
-0.293994
0.564603
0.831167
-2.36474
0.623421
0.742787
-0.253246
0.926683
2.13173
-1.40686
-1.89614
0.205068
-1.90248
1.47335
1.89967
-0.866435
0.677299
-0.264221
-2.54911
0.0339011
1.45616
-1.06421
-0.33111
-1.3664
-0.546999
-2.06328
83.9403
-2.62891
-2.08796
1.56436
-1.36465
-1.35361
-0.367368
-3.04788
-1.0319
-20.8182
-0.625577
-7.60558
-0.619727
-1.22739
-0.846633
-0.207277
-12.3253
0.360338
0.613789
0.528317
2.29246
-0.918088
-0.459808
-1.40205
0.859926
-0.943199
-0.0197097
-1.29073
1.09359
0.380851
0.262786
-0.412245
1.29336
-1.56125
3.96191
29.4584
0.563843
-8.46856
0.289589
3.68763
2.8344
0.0769293
-2.0439
2.49836
0.676124
2.77254
1.14901
-1.32746
-1.8474
0.0302749
676.4
-10.6434
0.380895
-10.4852
0.230126
-0.314426
-1.53835
2.56135
0.108196
-1.3681
0.246766
0.518627
-16.2543
0.357019
0.151388
0.318879
1.40294
0.459436
-3.20907
-12.6319
4.01508
0.0682168
3.87507
6.43336
0.235029
0.0144354
5.36851
-21.5474
9.0812
4.86932
-2.18791
3.44781
-0.647797
-0.786687
-0.24677
4.70649
-2.08381
0.316714
-0.402246
0.0289044
0.943426
-0.602186
0.0620921
-0.25653
2.02077
-0.741005
2.77407
-1.20502
15.1789
1.27811
-1.66951
0.365124
0.516093
-0.473982
-0.285149
0.795191
-2.60095
-0.111091
1.41452
-0.0130363
-0.164736
0.850785
-5.14217
0.635584
0.421651
18.2556
-7.56279
2.04745
0.280522
0.18721
2.82613
0.138117
-14.5522
5.27877
0.519403
-2.32678
2.36874
-2.17599
1.01904
-9.28846
-8.62863
-0.181674
-2.03645
-5.67378
-16.6347
1.41332
0.538199
-9.54406
-1.34494
2.11098
27.2588
-0.94375
-0.544622
2.29388
0.878268
0.0239852
-1.28797
1.19399
3.43224
0.35012
-0.907384
43.207
-3.76953
-2.54098
0.949578
-1.09925
-0.273797
8.14514
-12.8148
-8.49596
-5.18769
0.781791
6.72476
1.01709
6.51907
-5.22382
-0.0578817
6.21896
-0.0115672
-0.62195
4.34047
3.86599
0.179558
-3.25654
-1.3057
0.273877
0.339771
-1.70388
-0.730536
1.80526
0.052068
-1.53384
-0.1668
-6.71673
-0.793924
-0.280503
-1.80656
0.460852
-5.86393
-1.69575
-2.75588
-0.512094
-1.0233
0.980246
-0.125584
0.645139
-0.777901
0.555431
-0.432351
0.989473
0.234221
0.400441
0.859025
-0.696848
-1.6231
-0.190916
0.309839
0.101841
-3.29164
-0.257797
0.133585
0.277826
-0.479208
0.746758
-28.975
-0.653276
-0.223856
1.48539
0.558132
1.06815
8.94866
-1.11297
-0.509468
0.231987
0.0872949
0.478097
1.00714
5.51694
0.648557
-1.88315
-0.654264
2.91469
1.46165
0.599587
-1.67166
0.0840781
0.479683
-0.790849
-1.43656
2.75151
3.52046
0.127651
3.22949
-0.32026
6.24656
-1.23084
0.245611
0.0534011
-0.205821
1.62588
0.0355091
-2.11558
0.0243094
1.12982
-0.0751912
0.503641
5.19301
-0.980051
-0.933775
0.338936
-1.84369
1.20417
0.184638
1.05814
0.724248
-0.119636
-0.574493
-5.18491
1.65378
4.00473
-3.8245
1.34193
1.34303
-0.151008
0.967601
0.205517
2.4711
5.57257
-0.364669
0.735783
-2.42199
-0.311821
-0.842204
52.777
-15.5296
0.542778
-4.99322
-0.087668
-0.647468
-1.24164
93.8832
11.3963
0.333463
-0.606425
0.190647
-2.40768
-1.27825
1.57779
-4.0701
1.49628
2.47338
1.68863
-1.31642
8.15925
0.728407
0.311546
1.33291
-0.951774
0.536183
-0.0448364
0.0440677
-0.726575
-3.49646
-0.604403
11.7412
-0.18411
-0.502172
-0.829122
0.306161
0.770887
1.43581
0.452685
0.293871
0.243862
2.27848
-0.374663
0.769366
1.00964
-2.23858
-0.192084
-0.827458
-1.32691
0.651289
0.147878
-1.29664
-8.02017
-1.68755
-1.03994
-0.536304
1.11587
-6.49108
-0.385898
-0.759967
2.62315
-0.659139
1.27257
-0.136723
-2.70611
-3.03249
-1.47148
-0.57772
-2.34403
1.13076
-0.400673
-16.8388
15.9949
0.397996
-0.365022
-0.465596
-7.09293
11.4436
0.469542
0.144512
-1.40562
-1.77652
-1.64202
-34.2292
2.47798
1.3502
10.5296
11.8068
-0.164471
-4.57638
24.9219
7.68606
3.27374
2.5862
0.779876
0.0869043
-4.37222
-1.44965
2.49734
-0.0697071
-1.16538
-2.14677
-2.01256
-2.36529
1.58207
12.4703
2.16566
0.0459721
-0.433758
-2.63591
-0.126447
-0.0913939
2.24958
-0.372907
-0.281763
0.240004
-1.61108
0.518755
0.518189
1.73972
-2.17302
-0.990212
0.348179
-0.484267
8.78703
-1.36715
-0.385159
-0.327351
2.39053
1.37652
0.432543
0.439212
1.80584
-0.637599
0.190196
51.1195
-0.263561
8.60235
-0.0382386
-1.27551
-1.31428
0.257925
-1.99231
0.0945641
-2.06727
-0.371324
-1.1769
-1.37819
0.434173
-0.154255
1.11782
2.21448
-0.162856
0.462679
-0.344185
-5.89139
-0.152683
1.15447
0.280659
-0.903627
-1.87095
2.99708
6.30307
-1.87447
1.87905
-0.65811
0.160771
-4.56547
0.209363
4.8013
-1.42908
-0.76963
-1.49699
-2.20608
-0.443936
-0.0645768
-0.438684
1.05676
-0.155417
0.986405
-120.136
-1.44492
-0.867964
-0.726953
-1.43435
1.8853
-1.02617
-0.654807
-0.313599
0.471895
4.18951
-0.884713
0.229098
-1.26576
0.609944
0.207941
0.484709
-1.21154
1.78119
-4.48486
-3.47841
-0.663963
-0.200594
2.7379
13.7533
-0.121767
-0.0344021
-3.81909
-0.82365
0.412913
-1.31709
0.211599
-5.96791
0.193827
-0.905857
0.210267
42.3749
-731.781
3.37839
2.12791
-0.557787
-0.497034
0.732794
0.801258
1.02395
0.242914
-0.213678
0.372568
-9.57703
-0.124185
-1.43372
97.83
-1.62051
3.75365
-0.332653
-2.33882
-7.71424
-1.46533
-6.49061
231.768
-12.4592
-1.57436
-0.245145
0.641186
-2.06819
3.38035
-0.95474
-2.94464
-2.18639
0.67007
-0.561376
1.80041
4.85037
-0.167329
0.73268
-3.72387
-0.0192324
0.394282
0.385262
-4.76089
-0.194953
2.5448
-1.63825
-0.427709
66.7123
0.697403
-0.768424
1.14893
0.530362
1.3873
0.20156
-0.387288
3.21472
-0.635452
-0.387572
0.771093
14.7894
0.92257
-0.619082
-0.640194
-1.10495
1.58174
0.263456
-0.706998
-3.63965
137.434
0.463448
0.772682
5.50491
0.307536
5.21686
-1.01161
0.220526
-1.47292
1.29047
0.466478
-3.00094
-2.14743
-0.54127
0.46018
-1.66054
0.362677
-4.60674
-2442.06
1.00623
0.833625
68.043
-1.19497
0.13713
-0.488846
1.89358
38.6053
1.1052
-0.334572
0.712421
0.194009
1.97384
-9.71919
7.53732
0.809837
-0.14941
0.430742
223.369
1.56104
-124.81
0.823457
-1.75678
-2.4185
-163.961
0.591922
0.389226
0.515452
2.225
-1.8264
-0.491628
-0.262987
-1.58683
0.579705
-1.50059
0.790923
-0.170923
0.585199
0.4257
0.958517
-0.471985
11.2245
-7.99198
2.59553
-1.27842
20.3297
3.62101
-0.455716
2.18518
-0.188539
0.670231
0.00474328
-0.13893
-0.525114
-0.547868
0.378308
-0.470733
-0.627426
-0.144504
18.9196
-0.257026
0.68735
0.171109
-9.94167
1.56066
-2.4971
-0.034315
2.08128
-2.25951
2.80248
-0.859926
1.97905
-6.76968
-1.42935
3.54377
-5.10441
-4.06144
-0.522157
-0.929057
0.0422063
-7.38951
12.5233
-2.23552
-1.34744
3.95573
1.18236
0.732082
0.998393
-0.027331
0.286855
-2.4564
0.217114
0.496279
-0.843606
-2.06827
0.0936132
0.347093
0.480055
6.65713
0.480854
1.20251
0.755954
-0.471171
24.2067
0.0736612
-0.643858
1.35318
-0.315209
5.05368
3.75687
-0.391747
-80.2137
0.27874
0.885116
-3.72538
0.771636
6.05854
0.845156
-1.51053
-0.396385
1.4026
3.87541
-1.46455
1.39928
-18.4223
0.695249
-0.490164
-1.6308
7.13197
-0.300884
19.2378
-1.56235
0.304754
0.287055
-0.0336023
5.52993
-0.986853
-7.67816
1.00716
-0.341078
21.1432
-0.816289
0.465579
1.23148
1.07109
0.376761
11.8362
1.02765
-1.06427
0.202832
0.0127889
-0.334365
-1.03188
0.770151
1.50977
-0.551996
0.268872
4.0913
0.155514
0.300419
-0.486679
-1.43091
-1.20618
0.505697
2.05613
-0.0208329
1.21307
-0.739565
-4.23337
-0.392346
0.375472
-0.452892
-2.32396
1.39584
-0.447461
-2.0391
4.61295
0.931144
0.136414
-0.264218
3.43003
-1.61121
-0.0952952
0.0336823
0.0397482
0.644297
-4.52612
0.173085
2.0332
-0.0720106
-0.0558833
0.467694
0.19382
8.57378
0.416577
0.043159
-0.166759
-0.919954
18.9052
0.729513
-0.686962
-8.29418
-2.37489
0.842544
-1.75055
-0.183481
-16.7662
5.76187
0.315953
1.58612
0.27371
-2.66319
-0.287264
0.376493
-3.03176
1.58472
-1.45471
-2.91906
-2.40148
0.292365
0.419052
-0.417209
0.263765
0.1646
1.20137
0.110319
-3.9593
-0.0908341
-0.411588
-18.0614
-3.35223
2.23896
-1.66937
-0.340591
-0.236836
-0.158622
-0.716944
-0.935309
0.337669
2.00343
-0.230564
-2.64499
0.583086
1.93845
-2.17199
-0.166994
-0.0985044
-13.2913
-0.625821
-1.56116
0.542234
-6.22064
1.41467
-0.385837
-1.22946
-0.988901
-1.75767
-0.447298
0.781398
-26.2073
-4.2611
-0.567264
0.0494617
0.496723
1.48318
0.97919
1.37817
25.1995
1.29711
-1.7721
0.31213
3.00744
-0.672387
-0.467482
16.5097
7.73684
-0.857873
0.492379
0.923431
-2.15151
0.0799506
5.29807
0.585491
0.519691
2.34891
1.12073
39.7507
2.84324
-0.496523
-2.77766
9.0205
0.689035
17.795
0.753751
1.96442
-2.67751
0.844496
0.555545
1.72407
-0.353906
0.424213
0.339476
0.632702
1.26166
-3.03957
-1.67857
3.38668
5.83212
-0.399847
-0.228449
3.9645
-0.0285634
-0.21496
0.233159
0.176328
0.460808
0.61803
-0.720403
-0.499346
1.64225
-0.0282128
0.181811
0.273056
-0.599159
0.518289
2.5336
0.443107
1.41768
-1.91286
9.64719
-0.744444
0.45835
-0.0909839
-1.00293
-9.32043
-0.290459
-0.877371
0.00697443
1.27926
-0.68391
10.5957
-1.10493
-4.77318
2.48752
-0.714499
-0.35006
3.15142
0.0759939
-0.0415767
-0.771579
-0.586299
0.710938
0.699354
0.763715
-0.818206
12.5965
-0.72458
0.733415
0.518861
-1.79196
1.7819
-1.97267
-1.00031
-1.49247
1.19366
0.0949744
1.23936
-0.0920738
-2.10084
-0.412845
-1.88477
1.67951
-0.446558
3.48292
3.35393
1.36957
0.857419
-0.437594
2.03164
-4.47795
-0.0208443
0.354908
0.95784
0.735831
0.725128
1.21945
0.087659
0.177171
0.713377
2.67855
0.0930353
-5.15335
1.89164
-0.917853
14.4362
-0.321778
0.686813
-0.670763
0.0709754
-0.407929
0.663104
-0.871836
2.18461
2.52715
2.49173
-0.25822
3.65544
-1.45859
-8.08563
-0.624734
-0.204555
3.83189
0.463357
-0.59901
6.60762
0.639446
3.2532
-0.389207
-19.7603
-24.4925
9.24196
-0.221297
0.303691
-3.37328
0.290123
0.0645701
-0.442703
0.144887
0.408399
6.35341
-0.562896
-84.343
-2.38089
3.29226
-0.240551
-0.0769792
0.627835
-0.433755
3.57469
-4.24257
0.827968
-0.191049
0.98182
0.489974
0.0598779
-0.533592
1.08179
-0.501348
-0.424422
0.80737
-2.0368
0.0549764
-0.488782
-1.08162
-3.70057
0.392033
-1.32324
-0.329407
3.07908
0.448052
-6.97957
0.832699
-0.0763098
-0.202992
1.34467
-2.3819
-0.659695
-3.89764
5.72935
-3.57435
4.34255
0.417459
0.299589
-0.463796
-0.918646
-0.481913
1.04112
1.14099
56.7786
-0.476751
-0.719
-1.5311
-0.387647
1.22802
1.45125
2.60303
-0.182124
-0.193674
0.531623
-2.38829
1.54351
0.0525063
-0.509759
-127.454
1.59643
0.193589
0.0608501
0.489334
-1.08574
-1.69822
1.33399
-21.2878
-0.116796
0.000711892
-0.00481638
-0.714857
-2.25306
-0.559445
-0.681874
0.464453
-29.0163
1.44575
0.872955
-0.638173
-0.295369
1.11184
-0.951529
-0.69661
0.894563
0.596625
0.533374
-0.0741652
-4.19122
-0.864633
-0.836957
-0.378831
-1.50023
0.46367
0.254503
-0.810887
-0.490763
0.143477
-16.6269
-0.662586
0.596651
0.631834
0.422372
-3.70791
-3.28687
-1.11229
0.0624509
0.606808
0.846994
0.864831
-0.163543
1.3536
1.44682
2.61063
10.067
-7.64071
-0.126008
0.0821334
1.65612
9.07997
-0.931412
-0.608519
1.39341
0.914988
1.00608
3.57376
87.5955
0.794594
-0.790821
-0.198048
0.0439903
0.570288
-1.437
0.370752
2.97769
1.24767
-3.23785
-0.502833
-0.859539
-0.0543501
0.44982
-1.23114
-0.6192
0.300275
-3.07201
-2.85052
3.46483
0.529466
-0.0536807
-0.636434
-0.0953404
0.352817
-0.237968
0.640673
-2.90649
-1.0372
-0.827144
-0.318346
-1.61285
-0.166427
-4.88627
-1.29387
-0.0400922
3.89395
0.822404
6.38162
-0.258394
-0.371098
-2.35943
0.358049
-0.179663
-1.60786
-2.01708
-2.7891
-0.561313
0.599344
0.413294
-2.03398
-0.755622
-1.0594
-0.0884514
-0.38205
0.288278
-1.44528
-1.77689
-0.514638
-0.0808353
1.30161
4.13751
0.486317
-1.0009
10.896
2.52206
4.70324
-0.394886
-8.87662
-0.394946
0.48772
0.417796
0.159184
-6.79943
-1.29806
-1.12497
-0.542283
1.92383
1.14467
17.1646
-0.17306
2.02331
1.49318
-4.47325
-1.6178
0.337813
-0.295215
-0.192863
-1.78578
26.6711
0.383083
0.0980689
2.96854
3.93742
-0.778891
-1.61283
-0.983845
-0.0616434
0.119161
2.75457
-0.271799
0.20867
0.403975
0.222226
-0.633366
0.230754
0.175702
0.240191
-2.3938
1.23489
6.73652
-1.59141
0.708419
2.94307
0.519166
0.82646
0.893345
0.302772
8.31603
1.1853
0.73035
2.33241
-1.01884
-0.115504
-0.975616
2.09278
-0.546467
-4.13054
-0.963943
-0.455058
0.942599
-0.80657
-0.292436
-2.89008
-0.119597
1.24754
0.678151
8.25419
0.0383554
0.20027
0.574883
0.832391
0.461526
0.0811387
-0.464273
2.07251
-2.47641
-0.930971
-2.51477
-0.683537
-11.8364
-0.953064
-0.632261
-12.2373
0.97428
-0.0749608
-0.428941
2.41469
-0.569836
0.393988
1.08912
13.4808
-0.625862
0.436237
-0.0603073
-0.367173
-0.0459446
3.01414
-0.703527
0.0482293
2.13278
-0.600942
-0.759011
0.314974
0.0712408
0.388131
1.76925
-0.413788
-0.022414
-1.121
-0.25234
-0.212634
-1.35402
-5.61008
-1.52428
-3.9884
-0.439113
-0.717557
-0.492838
0.268447
1.20093
2.6051
1.31784
1.12425
-0.0355111
-1.75373
1.27272
-11.2525
0.280851
8.61542
-0.0686526
0.608054
7.35414
-1.39514
0.891867
2.3233
2.47738
0.721821
-10.3794
-0.0773247
0.156628
1.1031
-1.14235
0.433206
-0.00150731
1.37971
1.45562
-1.21331
0.915425
0.443052
0.0192188
-0.669357
0.0517736
0.389819
-0.290813
-1.03076
-1.23169
0.788251
-1.17596
0.991988
-1.38352
0.280016
-3.28464
-1.10411
-1.67405
-0.243374
1.09324
-1.14581
-0.781616
-0.374395
-3.02193
0.684893
-0.85363
2.97303
3.36591
-0.789397
10.4645
0.315972
13.7503
0.149213
0.0160321
-52.5908
-1.08553
0.359582
0.854971
0.620647
-13.4089
-0.718947
1.39891
-0.301199
0.56634
-1.47701
-0.766727
2.27689
0.401723
1.44619
1.2855
-2.20902
-1.10465
-0.0731656
34.1304
0.857348
-0.0655621
1.50818
1.55639
1.49371
-1.44917
-1.40435
6.54835
-3.71823
1.96058
-0.0748873
-1.11896
0.13036
-0.577313
-1.99342
-0.878425
-0.325722
-1.32583
-3.10296
-3.78271
1.10513
3.49117
0.477898
104.891
0.777948
-0.821356
-0.194071
38.7689
-11.1835
4.6688
-0.0407438
-6.12094
-0.225361
0.859937
0.43943
-3.7757
1.11856
0.388997
-0.942917
1.31644
0.322605
-0.32716
9.63463
-0.962383
-3.03511
-1.55981
-3.32889
-0.466869
6.09009
0.430659
5.05057
-1.34418
8.11799
-1.23901
-1.65197
0.972688
-0.994784
-0.755444
-1.66899
-1.39638
-0.631845
-0.269563
0.299073
2.03757
26.414
-34.9809
-0.941015
0.946815
0.243038
1.26147
-0.545006
-8.83488
0.399629
0.328741
2.28544
1.14398
-3.62499
3.10262
0.442874
0.771014
2.2138
-0.915741
0.561283
-0.571091
0.892847
-0.67102
-0.244874
-0.596747
3.60871
-2.31
-0.645108
0.889749
0.355198
-0.296137
-0.993679
5.68116
0.283034
-0.888687
5.4178
3.75542
1.69661
2.20978
-6.69177
2.24434
0.0262777
0.482806
0.335582
-1.79204
-2.46487
-0.373213
-0.0786045
-1.10559
-0.333069
-0.779671
0.663078
-0.820409
-1.04195
1.57352
-0.0404474
-0.694467
3.80088
0.178569
0.971124
-0.0816645
0.821752
-1.46568
1.49041
-0.0663535
-0.300693
2.4094
-1.22993
-0.254671
1.39963
12.8851
1.20653
0.20385
-0.974307
-0.226694
0.157332
-0.376295
-1.01584
-1.54808
-0.204031
-6.186
1.53353
-2.72216
-0.0192022
-7.54447
0.0824306
-0.0858904
4.38277
-0.702336
-5.98649
4.54393
-1.3199
0.775057
-0.394426
-0.761381
0.587705
0.0659481
0.85271
-0.573003
0.585265
4.81602
1.03135
2.24829
-1.59078
-0.444814
0.561561
-0.559519
0.726215
-0.596077
0.412093
2.40951
0.927887
1.02176
0.489647
3.06577
3.25961
-21.958
-0.360064
1.69056
-0.351739
-0.850154
-1.0174
-0.560274
0.0849705
-0.805272
0.56766
1.49287
-0.607479
-3.89116
-0.00469705
-1.02031
-1.20203
0.119408
0.274163
-0.662248
1.08951
0.27618
-1.54723
0.662662
0.767762
0.302732
-0.509543
-0.687504
-1.5885
0.108983
0.201927
0.806821
0.306174
0.293885
0.208633
-2.20893
0.127394
-1.32685
1.1621
0.849766
-2.88515
0.0221737
-1.8208
0.453441
-0.351483
0.123276
6.41857
-0.313091
4.87843
-2.01198
1.37421
1.128
0.394767
-182.112
0.271342
0.465178
3.20009
2.03333
0.365456
0.483575
1.2805
1.14388
0.0371462
-1.91681
-2.40597
-0.699303
23.5911
-1.33671
-4.57188
-0.715532
-3.82179
-1.10065
-5.83413
2.07348
1.47377
-2.04262
-0.44389
-1.14951
-2.93591
2.161
2.0357
-0.681786
-0.08112
0.242421
1.81244
-28.5528
0.239466
-0.0741681
2.32317
0.894076
0.108658
1.82078
-0.886175
-1.372
1.9012
-2.05192
-0.59661
-1.57095
-0.961122
-1.7467
-1.50997
-0.850339
0.0747789
25.0601
-0.165264
0.287342
1.35376
-0.40577
7.44665
-0.371419
-1.65254
-0.254074
1.61612
-0.167392
0.18794
1.72985
-0.107458
0.8971
7.15919
-5.50552
-1.69822
-1.26602
-1.44863
0.674094
12.9602
-0.932659
-0.274654
-0.195537
-0.0846588
-1.05695
-12.9798
-1.22828
1.0653
-0.933427
0.666606
0.644458
6.63964
-0.0269197
0.0446633
-2.52025
0.264895
7.15646
0.588125
2.3669
-1.80682
-0.426846
0.14328
-0.791457
-0.868796
0.2852
1.77978
1.20658
0.945073
-26.3005
1.55636
-0.52892
-0.152853
-1.80335
0.125837
37.9446
0.0947435
-0.632641
1.01579
-7.85468
0.668336
-1.43488
-0.855319
-1.44246
-0.489254
8.93473
1.89162
-0.392379
0.378383
0.529991
-1.20209
3.48321
2.07988
-1.73842
-0.214304
-3.34205
-0.515454
0.59103
29.7164
1.60488
1.61905
-1.20423
-9.04778
16.4435
-2.39253
0.529986
-1.36143
2.31558
-3.76424
0.126706
-25.772
2.38977
-0.897836
-0.267301
0.382009
3.14984
2.67873
1.2061
-2.06746
4.47229
-0.180409
-0.970689
0.977752
0.495178
-12.1044
-4.20883
-0.646698
-0.0429944
0.379204
-0.0430373
51.0554
2.40445
0.204743
-0.577675
-1.30301
0.526874
7.2795
0.0476926
1.73603
2.1689
-0.358608
1.47016
-0.0628
0.627439
-2.97217
2.02173
-1.50874
0.137905
-0.852652
1.02368
-0.943905
0.162631
-0.167292
-0.436817
-1.06537
0.915205
-0.636451
-0.848087
-0.114649
-0.267548
-0.0862624
0.825763
-0.940754
1.01062
0.613484
103.132
-0.0534693
1.69133
-0.848509
0.0429323
-3.48426
-1.11376
-2.19116
2.98801
0.2804
-0.015184
1.52863
0.518536
-0.829362
-1.22894
0.236275
2.1165
-0.486662
-35.8511
-1.64511
-0.804558
0.165174
-1.98087
-3.05959
-1.45863
-1.00917
-2.46727
-0.116436
-1.24589
35.1412
5.66486
0.998794
-0.484335
-0.375605
3.02236
3.91804
0.0658843
-0.191916
-0.391608
-5.29414
-5.85298
0.84036
-11.8886
0.348352
-1.21334
2.19939
-0.554915
-0.83848
-1.32846
-0.454654
-0.861454
1.16511
1.18447
-31.5758
1.5921
-2.86547
0.0180294
-0.968303
-1.55588
2.08803
2.03664
0.105959
-0.783044
-2.71217
0.357672
-8.4628
-0.194153
6.23073
1.37603
-0.16525
-0.396364
1.60734
9.51562
-0.976771
-0.391933
-2.53917
-0.715928
0.701194
-8.96302
-0.970778
4.45448
1.13822
-0.58193
-1.23765
-2.26089
0.453957
-0.881812
0.473829
7.32248
0.465633
0.582679
-0.784014
8.84482
-0.171894
3.65064
-0.519381
-2.39512
-0.532003
-2.70729
-0.754906
0.374134
-5.22125
2.78357
1.05696
0.0578013
4.20595
-3.64005
0.788058
1.35867
-0.0322474
-1.01703
-0.0825572
-2.50222
0.791018
-0.800233
-4.54841
-23.0888
-0.94933
0.484307
0.34266
-0.0477928
1.78462
1.11713
-0.756204
2.56516
-1.5073
0.206811
-0.876601
1.18634
0.651157
-0.426428
-0.309066
11.0478
-2.96856
3.13835
-0.135655
51.4801
2.8657
3.30953
1.81805
23.4718
0.341169
-2.68514
-1.73159
0.40203
-1.24516
-1.50376
-12.2179
0.223652
0.931967
-0.532712
0.302345
-23.1333
1.78537
1.46404
-11.0756
-0.803962
-1.10546
0.0794106
-59.9604
2.67054
-46.9595
0.946337
-1.75364
6.10204
0.359065
2.80865
13.7434
1.31361
-4.14036
-0.120019
-1.59185
1.56662
-0.903977
-0.773915
-0.524642
-0.0917799
1.23826
-1.94022
0.130539
-0.78819
-2.09669
0.805658
0.78049
-1.0519
5.89699
-0.271571
0.79255
1.10905
0.608787
-9.316
-0.567949
-1.49111
-0.408468
-4.44345
3.52166
-0.226023
-0.526879
-2.74384
0.122675
1.01129
-1.04896
-7.20852
0.122129
-1.02938
5.66546
2.40613
1.37029
2.41342
1.05885
-0.302994
0.39902
-3.39909
0.302189
2.39329
-15.2124
1.29952
0.610459
-2.31477
2.17244
-0.0432264
-0.338624
232.232
-12.8842
1.49333
2.36546
3.18984
-0.655992
0.879648
3.4528
2.50825
-0.0233042
5.67743
-0.982244
3.40265
0.755342
1.16583
2.77685
-0.238283
-0.427184
-1.26423
0.0468234
-0.420981
0.813197
1.17097
1.37711
0.977241
-2.85198
0.664319
0.00810673
0.175675
2.20814
3.64547
0.789227
13.4448
1.89999
-0.357998
-2.28899
-13.6757
0.214657
2.67183
6.96957
-21.5677
-2.30676
-0.888913
-0.359504
0.962726
-0.350755
0.873617
7.28583
-0.685385
-1.24728
0.667065
9.05919
1.96335
-1.52015
0.201048
-1.26734
-0.2218
-0.591302
-0.262429
-2.15277
-0.725721
-3.68839
-0.0216882
12.1866
-1.3292
-1.24632
-1.82619
-0.883947
-0.118308
-0.356163
1.04991
-8.79724
-0.513397
10.7277
-1.43646
0.567836
1.02599
-2.77711
-0.251385
21.1396
0.451631
-0.655917
-0.219353
-5.61151
2.41931
0.312367
-0.553335
1.78825
1.35947
-5.80196
0.89626
-0.0565845
-3.44976
0.370572
-3.21702
2.01483
-2.8165
1.60736
-1.65422
3.15504
-0.178008
-0.582224
-1.80809
0.00596728
0.434743
-9.18261
0.708623
-0.762328
3.66277
0.287441
-1.49834
0.629592
0.125073
-1.21571
-0.928281
0.352584
0.0563969
-0.967361
-0.647414
0.438009
-0.425977
0.179799
-0.200791
0.303847
-0.0608428
0.366872
0.738976
0.121761
-3.45962
-0.978411
0.803542
-0.312145
4.39216
-0.456168
0.565504
-11.9521
-0.563271
1.50972
0.203831
-0.478362
-0.855632
0.0240825
0.848555
-1.19212
-1.40721
-0.168434
0.383943
11.8751
-1.89076
0.597194
3.56202
0.488877
0.388035
0.328023
2.20903
1.06777
2.44979
0.695079
1.41706
0.411484
-1.51491
0.00487069
1.43858
0.0323904
-2.73889
39.7547
2.16659
0.454926
1.09834
-2.77157
2.36838
0.208613
-0.0455945
-1.01553
-0.323065
-0.176406
-1.52766
-0.613424
-0.474356
-0.325881
1.72328
-7.06665
1.01553
-1.67748
-2.89368
-0.133068
-0.410543
-1.99932
1.15878
0.855066
7.78791
-4.24458
0.639314
1.20463
-0.654626
-0.716828
9.47364
13.1446
-2.22911
1.30033
2.02457
8.98633
0.569678
-4.89823
-0.84161
145.708
-14.2136
0.223238
0.683636
-2.62308
-0.67978
0.142918
-1.14997
-1.26338
0.161179
-1.90312
-0.281213
2.12703
-0.0280598
0.554189
0.592134
-1.34521
0.395552
0.460012
-2.09074
0.288389
0.201943
-1.20411
-0.354767
6.13247
-0.761543
-1.18403
-0.177945
17.9986
16.7746
-0.294439
0.236041
-1.19659
-5.1309
-0.779643
0.0590206
-0.049425
8.21112
38.9953
-0.404969
1.11471
-0.442086
0.369642
-1.41176
-0.580515
1.20783
-0.701784
-0.284568
-2.22543
0.686165
-2.15801
1.00469
-1.23972
-0.160613
0.780401
0.612951
8.81487
0.0254352
-4.53301
-2.18957
-0.348529
-0.206187
2.2343
-0.0790471
-0.998796
3.37696
0.762345
0.79242
-12.4682
0.27662
0.308026
-8.54657
-0.404201
1.28553
0.302692
-2.04337
0.308516
-0.415603
1.61896
-111.117
4.60221
-0.129249
-5.23597
0.55672
-3.36092
0.995132
-0.181355
7.89001
-1.34726
-0.311547
2.12062
-0.100926
-2.58702
0.0323822
-0.852505
0.937487
-0.607448
15.5691
0.558163
0.405885
0.298045
0.451205
0.487759
2.13767
0.052814
-16.0263
1.79305
0.0748399
8.23445
-0.943914
0.793518
2.02788
-0.352401
4.44665
-0.257269
-3.08207
-4.07234
-0.784253
1.06886
1.11286
10.5968
-2.72247
0.0305413
1.80554
-0.66406
-1.61246
-1.41911
0.404015
-1.61269
0.598455
-2.19353
-1.36808
0.681894
1.96777
-0.678917
-0.0135638
1.23786
4.83369
1.70593
0.234805
1.29884
3.62494
85.6585
3.22072
-1.41304
-0.410812
0.963176
-0.804564
-1.09005
-0.949215
-0.517961
-1.83051
-10.4326
-1.48184
2.00366
-6.81222
-0.0142574
-1.419
1.60632
-0.703108
2.37806
38.6425
1.29427
-1.29613
1.1709
-2.87494
-1.27128
0.289054
2.70923
1.65676
-0.12931
0.532803
-1.16476
-0.653476
-1.3881
1.63174
1.02327
-11.1505
1.96832
-0.541619
0.265233
0.242515
-0.302753
-0.531691
2.40053
-0.26389
1.09235
0.44575
-1.56049
18.6864
-0.152378
-0.354725
2.97771
-0.575752
1.75929
0.175294
-1.05932
1.41953
5.63099
-1.59975
1.85542
0.0061199
-1.36558
0.694814
2.02417
-0.893613
-0.00717896
-0.236617
-3.49297
2.20275
1.17858
1.07775
0.259404
-0.0329991
0.221629
-5.52023
0.295134
0.122667
-0.446271
2.62984
-1.60996
-1.57687
1.17731
-0.343136
-3.63484
0.376477
-1.56817
0.42627
0.484439
2.56308
0.949141
-1.14867
-2.16933
-0.531538
-0.995086
-1.08481
3.92818
-0.298633
-7.34678
0.508667
-2.03439
-15.6287
0.716808
0.624249
0.528115
2.29444
0.096147
0.60865
-1.14866
-0.271651
0.0945315
0.206829
-5.26813
-3.29233
1.80107
-0.138737
-5.67501
0.664319
-6.79072
-0.559624
-6.11252
-0.239677
1.50033
0.854994
-0.65069
-6.03759
-0.257556
-0.225599
-0.370321
-2.02094
1.27055
-0.578958
-0.276153
-0.882462
-0.713508
-1.63745
0.763595
0.0823063
6.53426
12.9704
-0.0692749
3.4791
-0.0182585
-1.63354
-1.04688
-0.163185
0.0593417
-7.63586
0.998901
0.672431
-0.516645
4.06709
1.22057
1.48577
-0.576069
1.63287
1.74607
2.70869
-2.1659
4.56982
0.160465
-10.6789
2.22217
-6.53623
0.265949
-0.15701
4.99218
-0.0766771
0.483604
-1.34197
-3.58138
2.7962
-1.22974
0.973637
-0.159412
-0.239595
0.223042
-3.62586
0.0178498
-14.6014
0.0975856
-0.102529
-0.402346
-0.804274
-0.146803
-15.3296
-0.0903282
0.280083
-10.1835
-0.532405
1.41847
-1.80221
-0.586064
1.54514
1.04075
-0.212201
1.01618
0.271023
3.54685
19.1196
0.613992
0.872873
0.922987
-0.117143
0.637308
4.85693
-1.01304
0.25177
-0.772554
2.79199
0.512587
-0.0822432
-2.4669
0.0914707
1.91987
0.555782
-25.0441
-0.855082
0.190349
11.343
83.856
1.07345
3.93183
1.89516
-1.23225
88.0965
-1.24131
18.3336
0.841922
-0.534665
0.391919
3.14598
1.25181
-0.136592
-0.0603086
-0.932379
-0.415077
-1.96308
-3.1068
0.936421
-1.65328
-36.1834
7.38005
0.502214
0.204846
-0.137038
5.83375
-0.796787
0.312951
-1.26417
1.93663
1.5224
-3.85509
-0.16819
-0.881478
-0.316991
-4.31864
-1.44499
-15.5227
0.00708079
2.42872
-0.637099
-0.321712
10.8602
23.8478
-1.26383
-2.48176
0.132063
0.325803
-1.31988
1.68645
-132.971
-5.19806
-1.8674
-1.90016
-0.857912
-0.697868
-2.20196
8.69005
-2.34462
-0.533464
-3.15103
1.45033
0.6338
0.431844
-0.345625
-1.86274
-1.40344
0.62576
-0.535315
0.198768
20.8249
3.95117
5.60127
-158.893
-2.95476
-1.33426
10.7112
-31.4485
1.95874
-1.21043
0.552325
-0.737572
-13.9214
12.8108
-0.0344548
-0.167686
-1.33813
0.703832
0.119692
3.51202
-1.01999
-6.58955
-1.71776
-0.0871429
0.518148
1.4662
0.281498
1.53872
-0.243875
0.681206
0.834939
3.08412
-0.210976
0.856393
1.49482
0.673319
-0.793464
-0.611208
19.7124
3.03518
1.46728
10.9889
-0.915817
-3.35655
0.884272
1.84645
-10.5623
-1.74252
0.110866
-1.64156
0.206407
-0.509816
0.294547
2.88263
-0.856075
0.255665
-0.966869
0.700313
2.17742
12.7461
1.52486
37.3636
8.76138
-0.68516
-3.1588
3.01844
-0.921018
0.100127
0.315771
2.11862
1.91745
0.21736
0.141008
-1.77306
-0.661796
-1.35263
0.0400622
-1.20091
1.32435
-1.25212
0.917552
0.298577
0.583452
0.980653
1.41226
-0.872232
-1.05645
-1.4238
10.5326
239.469
-6.18713
7.5827
-276.693
-1.92844
0.275328
-0.656459
-1.92559
-1.56778
-0.103404
-0.21631
-0.682743
0.880803
-1.36466
-1.26467
0.0497261
-2.46892
2.07531
2.16372
0.772466
-0.292491
-3.36383
-8.68548
0.370713
-0.319037
-2.03286
-1.96845
2.29133
0.472568
-0.674564
0.348625
-0.760783
-4.98481
1.21075
6.64936
0.620603
1.05354
0.723572
7.5437
0.152767
1.33421
0.251756
0.892816
-0.0310463
-1.47068
9.91808
-0.0551139
-27.0035
-15.0053
0.173903
0.614415
0.603988
3.41245
-64.9339
0.179319
0.827745
0.319366
0.70675
2.11875
1.28493
3.63119
0.0190346
-0.300665
0.806675
0.817278
23.7025
-0.157842
1.14815
-8.72094
0.779928
-1.82416
-3.24302
2.63111
-0.187354
-0.523346
-0.640436
-0.523977
1.39143
-0.118366
0.255475
0.954135
1.74378
2.17306
7.975
39.4512
-0.203398
4.83103
-0.235985
-0.181799
-1.45456
-0.215727
1.65996
-2.0614
1.6736
0.557594
-0.717725
-0.744115
0.746818
-1.66957
-1.57581
0.293714
-0.863158
-0.285944
0.0707447
-5.77227
0.358395
-0.110807
-0.422415
-1.67609
-1.21111
2.01657
3.28011
5.3916
1.67753
0.68599
-0.567347
-0.872109
2.90668
-0.237831
-15.4713
-0.621786
2.80097
2.61088
17.7324
-0.263686
-10.3086
-1.32776
3.25985
-1.50563
-1.46125
2.3381
-5.45916
3.31158
-0.12309
-3.72058
-1.51462
7.81344
-2.30541
1.17161
-0.420647
0.821731
1.59494
-0.283263
3.23581
-0.268897
-0.208563
-0.0714267
-0.73638
1.87218
-20.2064
1.86274
0.525352
-2.98463
12.0207
4.30698
-0.167091
-0.413768
-0.275255
0.449722
-0.480062
-0.43352
2.91005
0.47864
4.50155
0.800713
0.726638
0.126977
4.01229
0.310261
-7.89947
0.769531
-0.242316
1.15218
0.0380297
0.432917
-0.195925
-0.939488
-1.64787
0.517714
0.313492
-3.0305
0.693003
0.347526
-0.51419
-0.930356
2.92656
-1.29334
-0.299077
-0.144618
2.33171
-4.62622
-0.212191
-2.23539
1.81145
-1.3216
-1.86968
-8.16427
1.11266
-3.43055
0.545294
1.04396
-0.0677947
0.195558
-2.00449
-1.28377
18.4442
0.641075
-1.58546
5.74413
7.76692
0.0175638
0.544689
-0.0247057
-6.02845
0.519331
1.10478
-2.37339
-0.466013
-0.49273
2.82506
5.45747
0.165941
-2.00908
0.0684964
0.944205
2.40819
0.811171
-2.73801
-0.415936
0.72348
0.586073
-0.596729
-0.481975
-0.450135
0.35486
-1.09823
-54.309
-0.685516
0.48259
-8.00737
-0.252311
-1.02312
1.3746
1.72759
0.738363
4.97797
-0.525817
-0.363221
-8.76688
3.55303
-8.06958
-0.863036
-0.873011
-0.544447
-0.468805
0.557257
-0.259613
1.25529
1.18085
-3.7659
-0.23424
-0.0198029
-0.296732
-1.25795
0.251681
-4.07192e-05
0.209268
43.3989
0.607805
13.3962
-1.18857
-0.510984
-19.7101
-4.66539
0.0670381
-5.91636
-0.248471
0.327756
-3.09046
-0.195776
-0.690163
-3.35452
-0.510684
8.80121
0.759338
-25.4923
-0.714618
-3.01371
0.460016
-1.20096
1.43304
-1.71185
0.213379
-1.90779
1.78175
-1.27695
-19.7068
0.319801
0.26617
-0.0174274
-1.17835
3.01203
-8.93446
-0.911932
5.81695
-0.504913
1.37983
7.30628
1.87815
0.764432
2984.73
-1.22778
1.01912
-0.820407
0.408989
1.46988
0.180826
-8.69741
-0.524727
-2.18858
-2.93218
-1.29938
-0.128841
0.293625
-17.7547
-2.19391
0.522794
1.88284
0.315556
0.740022
0.172394
-2.19723
1.05293
3.04154
1.72015
12.4186
-0.126663
-0.767337
-0.365605
-0.115638
461.738
0.0862205
0.0341913
-0.249157
-16.1015
206.365
0.599172
-1.95948
-0.459872
-0.803426
-1.00123
-17.5564
-0.517884
0.281589
-0.0884063
-0.365797
-1.31313
1245.72
-0.186585
-2.89244
0.042094
0.474796
0.558263
-3.14984
10.068
1.36836
0.999003
-0.95523
-0.579024
0.0370673
-1.37511
-5.21397
-3.43958
1.68151
-45.5558
2.23673
0.88988
1.8184
-1.43643
-0.996301
1.98573
0.613078
-1.28549
2.94823
0.0542816
7.0451
-0.226576
0.520468
-3.13644
-1.29378
0.504905
-1.24718
-0.719541
1.69395
0.663769
-5.85234
0.321812
-0.318505
-4.63053
-1.06142
-1.99513
2.31069
4.7743
-0.215421
2.08821
-0.0958927
0.614237
1.29268
-3.60878
0.252156
0.294923
9.02321
0.176382
-0.295246
2.9736
-3.15142
-6.57106
-3.18325
-0.0599936
4.51422
0.538987
-3.92133
-5.62669
1.51254
3.2038
-1.69315
0.242249
-1.90304
2.34461
-9.24349
2.61864
-1.81063
0.746556
-0.542091
1.40416
-8.85308
-4.5461
-0.461335
0.251365
2.26412
-2.74358
0.513131
3.22012
2.6131
0.321136
0.83938
0.0632645
-0.327612
0.0562962
1.33915
-0.348096
-0.52526
0.333144
-0.421882
-4.98136
2.51498
0.0477805
-1.02123
2.08469
-3.68026
-1.49127
0.0916408
0.283185
0.288666
-0.95296
-0.825384
-15.9855
-1.71125
0.502527
2.27983
0.0364211
1.78657
-0.67137
-1.45998
-3.69086
-10.0432
0.378663
0.363029
-1.31902
17.5938
-0.363862
-0.273388
0.556994
1.51072
-3.42516
1.03502
-0.27225
-0.267816
0.387889
12.3585
-1.51276
0.453519
-3.49749
1.34932
-2.01103
-3.60231
-0.0272998
-0.280079
0.991452
-0.669616
3.69236
-0.390286
-2.2532
-3.06315
-29.2522
6.38361
1.43777
-13.414
5.87174
0.759916
0.771144
1.3344
-18.7594
0.912191
13.1694
0.224249
-3.4893
1.23429
7.59254
1.23511
7.7639
2.63297
-0.677479
-4.7467
-1.76529
1.37421
1.0191
-0.401644
0.0643053
0.000372251
0.315282
-1.6584
0.782547
-0.614754
-0.611727
-0.0035251
-0.287029
0.382863
0.932985
-0.464998
0.0639838
0.683494
2.45305
0.303047
0.871136
-0.742644
-0.611686
0.0385828
-1.58066
0.680417
0.60713
-1.09397
0.394065
2.08116
0.382937
0.271114
1.26359
-0.868202
-0.481461
-1.17155
-7.01957
6.80496
-0.487979
1.03587
2.75419
2.30741
-0.230019
1.08328
-1.92985
0.15799
-0.0580739
0.516188
-1.76217
-0.0909944
-1.2675
46.6757
-1.18611
-1.03603
-3.56299
0.062968
-1.27086
-1.64601
-2.8029
0.0341189
48.7632
2.34268
-0.285768
-2.27573
-0.179347
-0.871587
0.584725
-0.809532
-4.95073
-1.43648
-0.479966
-0.733913
19.1383
-0.119381
-0.109435
0.757134
-47.2835
-9.83331
-2.49738
-0.248284
15.2398
-1.1995
-0.354251
1.28539
0.440494
-0.154663
0.17278
-0.537869
9.35458
-1.85167
-0.350705
-0.427937
-1.44067
0.642714
-0.0766754
1.16218
-0.0393856
-1.125
-0.186135
0.286537
0.189004
-0.348979
-1.07192
-0.301698
-0.145976
5.73616
0.043494
2.23158
2.38066
1.36563
1.24314
0.420099
-0.793303
-2.26498
-0.0666591
-2.839
-3.49638
-1.12906
16.9178
-0.665216
-0.762512
-1.64468
-0.719818
0.284883
0.535156
-2.34018
-0.292682
-0.687805
-0.163916
0.883265
-0.234863
-0.00164173
3.26205
1.32747
42.183
4.54186
0.209974
0.107701
-0.493033
-0.990486
-1.09589
4.38396
-1.12801
5.10187
4.43373
-0.131016
3.22052
-2.71274
0.276284
-4.71952
0.557697
2.06808
-1.3154
-1.92237
0.233634
0.522213
-1.58552
-0.216355
-0.787241
0.263638
-0.784444
0.368477
-0.114304
0.153022
0.0823581
57.6832
1.10306
-1.9938
-0.697939
1.87382
-5.36563
0.0908443
0.882445
-0.594115
-1.26354
0.124869
-4.4168
0.785326
0.0274347
0.316001
-4.59046
0.361033
-0.964325
-5.67703
4.41265
1.6546
-1.36814
-1.87932
-1.84749
0.180661
3.36667
1.07073
1.24291
-0.01274
0.291704
0.747579
0.181297
0.293245
-0.247227
4.84827
0.44803
0.857283
0.362813
-0.19546
0.551153
2.35112
-0.124578
0.104248
-1.62984
-0.650627
0.956702
2.33864
-0.440799
-0.795553
-0.880234
-0.990319
-8.76578
-0.111194
-0.276088
1.6374
-0.429209
-1.39541
1.23774
0.886145
-0.368093
0.733368
2.42151
-0.0388855
0.7363
-0.476859
0.0492278
-2.17781
-4.45389
1.34061
-0.183822
0.38795
-0.381079
-0.837782
-0.403936
1.59348
-3.14211
0.541653
-2.54566
1.14738
2.57818
-1.02275
0.696581
0.797631
0.228475
13.5822
1.22907
0.82073
-0.819682
526.891
2.68581
0.559722
-0.612538
-0.325042
0.248558
45.0352
-1.78502
3.11119
6.04788
-0.279019
0.25236
0.594065
-4.00203
-3.38594
4.22951
0.225529
0.588488
2.42077
-1.85462
-4.66487
7.66577
-0.233957
2.39337
-1.24021
0.579616
-0.428692
3.38352
-0.241546
-1.21888
0.979561
-4.24281
4.08235
1.37513
4.61005
-8.43807
-0.121026
-2.75206
0.877765
2.10391
-0.00959282
-2.40756
-0.391429
-0.784005
-5.9284
-1.85172
-0.565668
-1.7654
0.403813
-3.99693
-0.142794
3.01837
0.591396
-0.204455
0.726714
0.651176
14.9923
0.552715
-0.987122
-0.355076
-0.0366087
-0.0913846
0.321837
-1.82376
-5.46943
-1.94316
-21.8682
0.554845
-6.20089
-0.385014
0.0229536
5.69042
-0.46128
-0.774638
1.37902
4.69127
0.776246
0.315697
0.473499
-1.02755
-0.332979
0.409247
-0.305842
-1.12606
-9.81547
0.870168
3.23863
-0.224865
-1.53053
-0.482054
-0.618183
-0.646654
17.8533
-1.20789
-0.16424
2.50224
0.765538
0.0456109
-0.591754
0.0062083
-0.226827
1.02249
4.32356
-0.372437
-0.545552
3.04568
0.323087
-5.63154
-381.347
0.365568
0.385595
0.461205
-2.65543
8.10823
-2.26646
1.06577
-1.05197
0.853966
0.208826
-0.0920885
0.409748
3.53689
1.39109
-14.2879
2.47339
-0.0237734
1.2676
-1.24552
-0.889993
-0.334939
0.0767089
-4.16807
0.992129
-3.77928
-0.423953
-1.86933
0.640103
-0.812869
9.6559
8.05785
0.693377
200.719
-0.0198272
-0.00322141
-0.419242
0.733224
1.95664
-3.09384
3.23226
1.48747
0.212133
2.25894
-1.27297
-0.508221
-0.563606
25.3978
2.08859
33.2506
0.858995
2.88269
1.91891
4.45926
-3.89945
-0.211455
1.46544
1.10716
0.701392
0.354792
-0.490103
3.99632
1.928
0.097187
1.43254
-2.13994
8.33333
-1.73652
-0.894799
0.650523
-0.479042
2.11615
-0.763107
1.10462
0.553897
-1.69925
0.523006
2.05741
3.52889
2.51778
1.71645
-8.43851
0.341771
-0.817303
3.20428
-0.834543
15.7367
0.0582401
0.597032
-0.84314
6.71339
0.868045
-0.00975536
-6.93841
1.89116
-0.535626
3.12188
1.57772
5.98723
-0.26114
0.171559
-1.02434
0.140866
-0.361848
-0.224848
2.08102
-8.32301
-2.04928
5.43687
0.362225
-0.80274
-0.899914
-0.470554
-3.88254
0.938663
-0.487523
0.160612
0.715075
1.2537
4.34926
-7.24628
4.81382
-2.3389
1.21767
-0.519487
-0.232863
15.17
0.465482
-7.26039
-0.596232
-0.552447
0.543049
-1.01013
0.247006
-1.08924
-0.363656
-1.0469
11.2869
0.0208464
-2.7145
-27.9496
-3.31541
0.505111
2.35516
1.94306
-0.459217
0.592266
-0.227376
-1.8585
0.280353
-0.642597
-23.8632
0.48124
-21.0118
-2.30596
-9.2777
-6.79634
0.171591
0.0749178
1.27694
0.636816
1.18369
-0.99489
1.05681
-92.6776
2.64598
-0.715963
-0.440507
-13.5191
8.39837
-0.702842
1.35357
3.11871
-0.19527
-0.357275
1.61322
78.0919
0.893485
0.297305
-5.18101
2.19842
-1.15808
0.310557
0.213918
-0.716894
-1.90715
-0.0406581
0.108471
-0.172177
0.61884
-1.77715
4.60169
-2.41097
-1.96285
-0.0881906
-0.330923
-0.567083
2.72102
0.865683
-2.95332
-14.7433
-0.311723
0.297872
2.16685
0.0623515
3.03116
0.514339
-0.386993
-1.77337
2.54299
1.38553
-0.0481231
-2.00694
1.43419
2.52501
-1.18594
-2.64466
0.489487
-0.140233
0.14438
0.553195
-8.93876
-9.70986
1.04876
3.3891
0.427976
-1.45238
-0.435549
-0.186821
-0.193114
-1.20544
-0.778075
0.62382
1.0091
-2.19343
2.50212
2.09331
0.322117
-3.88369
-0.676142
-2.36757
0.477479
4.84094
-0.0579964
-0.173442
9.24587
-1.23668
-0.649309
-0.739558
-0.448001
-0.0166546
1.65407
-2.64304
-11.9598
-2.30611
-0.585294
2.94338
6.04753
-4.73379
-0.517007
-0.924675
0.330213
-0.295068
3.54817
0.67301
-4.21419
0.170732
2.11087
-0.546367
16.8057
0.167549
-0.602386
0.754289
-0.147619
-0.432
0.715491
-0.62075
0.00860099
3.49377
-0.798461
2.65895
-0.683579
1.29004
-0.819423
-0.00686802
1.45517
0.790831
-3.42076
-2.43398
-4.35094
0.178952
-1.45602
-1.06497
0.399786
-0.292318
0.133807
-0.564219
-0.949641
2.66219
3.15795
-0.506717
0.734267
2.05179
-0.205688
-0.121832
-0.913652
-0.103381
1.02103
0.0527915
0.364902
0.895108
-6.46536
-0.928525
0.242527
3.30196
-0.253513
0.13112
-8.0099
2.70482
1.70109
1.80009
-0.133722
1.00634
0.158544
4.62603
-3.3324
2.07978
1.68344
-2.91283
-0.0506327
1.73423
-0.613149
-0.0872601
-2.35045
-3.92131
-0.0321155
1.21572
-5.49044
-0.789291
-0.0728629
2.97643
-0.922271
1.47037
-2.75936
-30.9861
-8.0984
5.5722
0.943373
2.24506
1.60289
-0.576731
0.905767
-0.381792
0.180468
0.377906
0.910553
3.48298
0.208541
3.80333
0.588718
-0.35954
0.147556
0.714309
-1.14456
-4.96591
0.00889566
-4.08407
26.5918
1.08522
-0.301429
-2.30078
0.35859
-1.2061
3.05564
5.19897
0.165622
-16.0946
-0.233878
0.41951
-0.993899
0.121863
-0.693587
0.0562022
-2.22246
-0.832304
0.431807
-0.716055
-2.9614
0.499126
-0.637844
-1.51937
-1.04215
0.627616
-0.713124
-0.0169339
1.0843
-0.374984
1.53002
-0.122391
-1.35879
-0.325546
0.217207
-1.46374
8.77415
0.277013
0.287676
-1.09738
-5.41866
-0.928092
0.174862
0.212683
3.00353
-7.89564
-1.04439
0.494196
0.7801
1.18177
0.0651898
10.7071
0.0559188
-1.40058
0.139033
-33.0588
1.41
-0.375322
-3.92241
-18.7832
0.712955
-1.3755
-0.275851
-1.6624
-3.52125
0.910962
0.846387
0.13869
-1.37642
0.512327
2.33549
0.609157
-1.08019
-2.75835
-0.0507237
1.04784
-1.05412
12.3136
-1.075
3.38862
-0.795902
0.0370887
-0.91843
-1.53242
-1.03697
-5.1694
-1.80375
-11.675
-3.36831
-0.957675
-0.163118
-1.82114
0.898193
0.0786932
-0.193845
0.0786027
1.86607
-0.340681
0.0915031
-2.84577
0.900824
-19.6945
-0.556926
-3.52469
-0.333009
-0.598225
1.01102
-0.00949143
0.161636
-0.204041
-1.52258
0.976325
-0.136006
3.58615
0.311806
0.432448
-3.27798
-2.49638
-0.240002
-1.43087
-0.207545
-71.4642
-0.531129
0.420625
-0.434979
0.20954
2.54921
0.0916313
0.168336
-0.509816
0.733504
1.47207
0.325183
-6.84527
-1.69205
-0.806459
0.176326
0.0915263
-1.22444
-0.445127
0.511215
-0.273162
-1.51505
1.01741
-4.50323
0.618381
-0.39888
-1.42659
-2.13739
-1.45505
1.55229
0.640005
-48.224
-0.17524
0.823563
-0.49199
-0.71467
1.28031
-1.19738
59.2713
1.17873
0.342171
0.615454
29.9282
1.91963
-2.54801
-6.35255
-0.791959
1.07784
0.432981
0.330314
-5.47205
-0.959964
1.55632
1.14072
0.0895807
-0.253214
13.1677
28.0372
1.31423
0.10337
0.587473
-4.13636
-0.198542
1.88672
-0.11955
-1.3568
2.52644
-1.4572
-5.49728
-9.32651
-7.77747
1.2938
-0.457814
3.51586
-144316
-0.177133
0.603194
0.73907
1.28688
2.57924
0.745835
-0.161948
0.864905
1.36589
2.09308
-0.694406
0.602675
1.05692
1.03644
-3.26599
-0.0585478
-2.48203
1.28984
-1.54644
-4.25727
6.47662
0.245061
-5.77523
0.587741
-3.45884
-0.0350336
-0.00531201
-0.857255
27.648
-0.207011
-0.529218
0.378088
1.11908
-0.0836061
5.65187
0.748604
0.519161
1.11395
-3.86224
11.2947
15.1537
1.23275
0.277996
-2.36119
6.8599
0.104302
-0.115427
-11.7916
2.29289
0.838677
-1.40484
-0.109602
-0.603926
-0.314352
3.77355
-1.80873
0.757014
1.36107
-0.874117
1.07005
2.06388
0.859837
-0.471207
0.0156034
4.20107
0.247039
-0.639017
-0.481629
0.692691
-3.02221
0.97261
-0.730238
-0.438614
2.06367
0.473008
7.90309
-15.935
-0.75464
-0.536699
-0.0498771
-0.0363976
-0.737226
0.596612
3.39318
3.17255
0.322886
3.44421
-2.65609
0.128432
-2.12397
13.1463
0.779185
-2.39479
0.137167
3.98631
-0.797387
-1.99506
-0.459123
-1.56387
0.232421
1.72013
-1.98336
0.376626
1.63968
0.313069
1.71675
-0.0455698
1.17997
-0.234458
0.89644
-1.76945
0.875275
-1.12674
2.47181
0.295132
-2.29695
0.630155
2.76546
1.71982
-1.40063
-0.137325
-0.506495
5.94263
0.858285
3.2571
-0.0840438
-0.343857
0.494033
1.03818
0.86265
-0.815162
-0.276627
-0.0631525
2.81039
0.569462
3.67122
3.29852
0.828496
-0.0769044
-2.0543
-5.7389
-0.14554
8.32654
0.936259
0.416885
3.07675
-4.91863
2.06463
-1.08993
-0.801135
-1.62042
-0.474363
-3.11625
0.880065
-0.0589789
-3.71721
-1.5204
-0.824356
1.85432
2.76153
-0.171873
5.11539
-1.67396
-4.99827
0.398313
1.55795
1.21594
2.06935
-10.8464
-11.7464
0.0743718
0.572628
7.81841
0.373786
-1.92913
1.35521
6.5035
0.684119
-0.588512
0.464184
0.317463
0.953417
2.70823
-0.37247
0.0805515
0.426754
0.273276
-6.36456
-2.95383
2.23288
-5.76437
-1.17665
0.299812
0.482891
-2.59061
0.496535
20.3304
-0.939717
-1.76731
0.781307
0.578421
-2.02583
-0.286444
-0.657936
0.887359
0.678462
-2.46986
-4.51892
0.333393
0.210124
-0.641153
0.82678
0.59551
-0.306061
0.687089
3.2385
-62.6954
1.57836
3.46315
-5.97204
-2.66357
0.852257
-1.59761
-3.87042
0.292617
5.98874
-0.252172
0.546014
-1.2205
0.116572
-0.976745
0.452711
-0.457733
0.036329
-4.30933
-2.17601
-0.570424
1.29488
0.733621
-0.714293
0.0237004
5.22816
-3.48231
-0.0155993
9.34468
1.37094
1.26946
-0.102244
-0.244906
-1.51406
10.6943
-1.31543
-1.44033
-1.58767
-0.78687
-0.0128599
2.51027
8.17033
-5.74255
-1.23919
-5.01332
0.211038
0.586808
20.1984
-0.587656
-0.373315
-0.530346
-0.351754
-0.462497
0.489858
0.0741243
-0.246289
-0.568798
2.07468
-1.61849
4.09841
3.63674
-1.01223
0.680692
0.615405
-7.0549
-0.259275
-1.26791
2.26898
-0.0767164
1.01338
0.0962504
-1.09499
0.272526
0.0470941
1.60982
0.113597
-14.2101
-171.108
0.388395
1.78562
0.0943507
0.846921
0.223166
9.27732
0.228453
-1.678
-0.118673
-3.41482
-3.52331
-1.90524
2.14235
-0.44732
1.56156
-3.67486
-1.83231
-0.195802
1.62792
-0.374379
-0.0843081
0.66066
0.0320174
-2.43332
-0.294735
0.104823
-1.77699
2.11614
-0.019151
0.0646061
-0.0997714
0.0868734
0.885727
3.70161
10.2702
-0.171673
3.44279
-0.0882006
-4.30915
0.194485
-0.726438
-3.45223
-86.943
0.482703
2.77318
-0.266147
1.75668
-0.599193
0.0198097
0.524989
-1.33217
-0.915931
1.0783
-1.24325
3.11404
-2.46826
-30.6033
-0.485914
1.70644
-1.01877
4.34826
-0.0763998
0.0129538
5.45029
0.166549
0.0495407
-0.472945
0.525204
-0.29204
-0.604792
1.52504
1.23638
0.0286006
5.33358
0.628412
-0.886437
1.22333
-0.301851
-0.167513
-0.101354
-0.647732
-7.29477
0.0095862
4.90048
-2.0277
8.09418
-0.338668
2.20591
-1.17711
0.0838866
-0.297928
-0.574593
-1.33492
5.17318
2.22155
-3.59465
55.0471
0.188182
4.259
9.49499
0.341771
-0.0529975
4.19945
-12.6364
-1.0673
3.49585
-0.100411
0.00805764
0.373903
0.280441
-1.07409
-0.494861
0.0079507
1.47835
0.839894
1.94369
5.6475
-9.63316
-1.20854
3.26648
-10.8376
-1.68701
1.19266
-2.5192
-0.480211
-0.24506
0.282789
0.0744721
-11.784
0.999022
1.17586
-2.69471
0.260654
0.260114
0.433773
0.200406
-0.463681
-1.34318
2.21599
0.0635925
1.03556
-0.914025
7.10815
-2.80745
-4.15846
-25.0091
-1.64333
-1.89848
0.122721
6.13487
-0.672231
-0.898488
-0.396077
-5.01944
0.0423914
0.152159
-0.73444
2.43346
0.433278
0.309523
2.83349
-0.390812
-0.792509
-1.28081
4.95406
-0.527958
5.72238
0.60103
-0.390243
-1.08475
-0.0134281
0.694174
-25.4562
2.3331
-0.849923
-0.44894
0.44893
1.72092
1.68527
-2.30187
-13.5172
-6.07683
-0.141372
-2.75961
-5.55355
-2.96802
-0.198413
-0.192292
-0.462633
4.80661
-2.17161
-0.792002
-0.225451
-0.0592513
0.429389
-0.225931
0.244483
0.952407
-3.59028
0.426659
0.0221468
-0.150944
-5.76758
0.329668
-0.379167
-0.400408
0.506524
0.451492
-0.583218
-0.415628
-7.15595
-0.992974
24.6592
6.08574
-0.752036
1.56081
5.42603
0.565441
-2.51038
-2.03812
-1.78355
0.740646
5.22669
3.53758
1.90959
-26.3546
0.923869
1.15879
-2.48768
0.824075
0.903632
-1.35842
-0.435474
-56.0803
12.1085
-2.91037
1.9889
0.959778
-1.81374
-1.92531
0.129585
-11.2776
-4.69916
-0.412672
-5.43248
-0.715226
0.148909
1.25335
-3.31332
-0.252511
4.00999
0.160775
-1.01551
-0.221485
0.104518
-5.69429
-25.5488
0.533102
-0.577945
-0.976495
4.50839
-0.0385322
-1.80026
-0.342931
-0.0996968
4.68255
-0.056573
0.502501
-2.6993
0.625222
0.473962
-0.488838
0.0489262
1.49968
0.729694
-0.0852012
0.131583
-0.989759
0.153477
0.524977
-0.259367
2.17641
-1.55204
-0.942659
0.808936
5.97058
-0.129769
0.265882
-18.8394
-0.206082
-0.460521
2.00136
0.0202541
15.176
1.65274
0.155057
-0.576468
4.39012
-2.70372
-0.0974301
-2.10801
0.589096
9.49894
-0.343937
-1.28654
-1.07663
-1.4444
2.59021
-2.77544
-0.292094
-1.36894
0.386009
11.3063
0.098215
1.50238
2.84742
0.00971542
-0.0997247
13.8704
-1.9552
1.70966
-1.22494
0.554964
-2.53059
-1.3751
0.165301
0.759856
0.90514
1.67683
5.20708
-0.295382
-1.58698
6.20823
-4.3074
3.81664
0.443635
-1.14309
1.41872
0.0130176
-0.927859
0.403505
-1.18928
-3.22007
-35.3939
-0.407978
-0.608822
0.043952
-0.0738247
0.623853
25.2565
-932.539
-0.57177
-3.05968
-1.63373
0.88331
-0.651505
0.965984
0.547979
9.09949
3.82914
0.209932
-2.38407
-0.938089
-1.64466
3.35633
9.46862
-0.193642
2.61866
7.00641
-0.788126
12.5813
0.150336
-0.0749305
5.23335
0.828268
-3.10027
-1.6845
0.450341
-0.464426
-3.67537
-2.64332
-5.11129
-4.66794
1.18576
1.19829
0.251276
0.462852
-1.0458
-1.04479
0.78653
-1.70005
0.438013
2.762
1.19522
0.30525
-3795.15
2.46239
-2.20302
-2.90123
0.239173
0.469407
4.08461
-0.145633
0.361937
-0.566772
-0.625597
-1.28418
0.640928
-0.40123
-56.7899
-0.653714
0.800181
3.51103
1.82921
-1.42974
-0.627831
-0.719344
-1.79933
-4.61485
-0.019885
0.276886
1.76508
-0.538289
0.995612
-0.658063
-1.10957
0.9796
2.10476
-0.31718
0.694707
-1.22525
7.06873
0.261513
-8.04582
-0.119635
2.27049
-12.6065
-1.9656
0.370471
-1.61628
-0.421182
-2.012
0.403357
-0.547241
-0.190709
1.1906
4.32031
-5.40169
-6.34582
1.09197
-1.82539
-0.626234
0.996528
2.68936
-1.37029
16.2923
0.244954
-0.76925
-1.24657
0.539156
-39.2562
1.98356
-0.905344
0.839098
0.286284
0.828242
-8.68524
1.07857
2.60392
0.88198
2.33545
1.82885
1.11893
6.78674
-1.00584
-8.9288
0.0861628
-1.38712
0.18948
-1.64077
-2.88388
-9.00911
2.3585
-1.18188
0.289946
-0.825246
3.60262
45.267
1.08735
1.91431
-0.119473
1.64709
1.10671
-0.320808
-1.32927
0.530404
-1.965
-1.0235
2.65994
1.6626
58.7898
7.40195
-0.13863
0.6411
1.35804
-28.8147
0.478863
93.7819
-1.61552
2.64876
-4.9416
-2.16173
-4.18515
-0.97472
1.49829
13.3834
-1.26541
0.131697
-0.630886
-0.160727
-5.41242
0.103564
-22.4687
0.103176
0.665895
191.727
-0.446109
-11.6521
0.949837
2.62153
-1.46338
-1.40918
6.05502
1.39499
-1.78653
0.00862585
-1.85425
-0.480682
-3.99444
-1.00791
0.727079
0.373147
0.00768205
-0.779018
0.37962
-0.858473
25.7237
0.321585
-1.60502
2.65457
1.58824
-1.13366
0.790075
0.862079
-0.0939574
0.218176
-0.850197
1.80352
-9.12645
0.273098
-0.664424
-0.485294
3.1342
-0.489082
-0.653472
-0.876351
0.677373
-0.949792
-0.130356
5.2348
0.908856
4.36691
-3.86383
1.04353
-4.5318
-2.45941
-0.937817
-3.92674
-1.51213
0.154812
-1.24472
-0.35261
2.23164
0.348541
3.11382
1.29269
-0.712516
2.1367
2.88321
-0.402107
10.6203
-0.382636
-18.3346
-1.56453
-5.9021
-1.31955
-4.80658
0.0944632
-0.385031
689.149
0.724118
0.129627
6.25317
2.40077
-1.11096
2.03365
0.704881
2.81021
-21.8038
0.0880882
-0.184766
-0.0767946
-3.04184
-1.22201
0.742964
1.99282
-2.22566
-0.767163
-1.12384
-0.279395
-1.10472
0.459493
-4.87899
2.38952
8.24517
-0.0153628
25.7261
0.53463
-0.195359
1.09312
0.638644
0.150735
-2.35463
-0.721323
-0.15462
-0.652401
0.46486
2.15692
-0.410869
-0.233195
-0.207386
0.833099
0.93875
-1.87951
3.28084
0.453206
1.14466
-3.43702
-0.702893
0.140979
-5.38369
0.486142
1.10973
-1.88647
-0.0810244
1.09202
-8.53106
51.9738
0.314841
-0.253864
0.184947
-0.486178
1.72364
-0.190642
-0.820647
-0.523883
-0.200389
-0.00206741
-0.269068
1.78429
-1.37806
-0.321369
-0.37071
-0.405161
1.91434
-0.138879
-4.01027
-2.84058
0.270302
0.189521
0.318404
-0.562979
3.8559
-1.56146
0.162865
-0.573031
0.102929
0.830732
-1.33593
0.0339271
-0.800651
-0.289904
-0.902984
-0.412499
-0.880688
-2.9139
0.46662
-0.27257
0.75088
-12.4535
1.21826
-0.224817
1.43735
-0.772458
1.1099
-4.10564
-0.553037
-1.22917
-1.66156
-0.500894
-6.39274
0.308015
-1.25859
-0.855888
-18.0039
10.7163
5.63915
-0.992437
-0.491443
2.31264
0.446018
-17.5119
-0.448628
1.5992
-0.664931
-3.84455
0.702791
1.94655
2.03646
0.708557
-0.284912
-1.02573
-0.564128
-0.833584
1.10658
1.12881
-0.0193494
-4.00775
1.11483
-0.311757
1.25788
-6.48383
-0.878359
-0.356461
-20.9902
3.10383
-1.38155
41.1134
0.832714
1.36736
-1.3174
-2.48922
0.412739
1.63217
-0.937635
-3.30351
0.551322
13.3363
1.14544
-1.21827
4.60943
-5.91273
-0.592226
-0.355985
0.349499
1.00924
-0.36822
1.71167
1.64379
3.55861
-1.10688
-0.303172
0.415866
0.879246
-0.0964163
0.598523
-0.722651
-22.3056
-10.0583
5.4375
-0.1358
1.09131
-1.06897
7.41353
-0.803658
3.03599
-0.905994
0.539753
-2.83162
-0.409471
-8.72483
-1.25906
0.316804
0.253736
1.05884
-0.252173
0.637875
5.86042
-0.171042
0.561632
-0.78549
-0.932583
-1.52156
4.95248
0.188779
-6.69286
-0.819462
0.427081
-0.644739
-9.4378
-0.0236877
11.2853
2.34295
-17.3185
-1.52434
-1.99268
0.787084
0.134807
4.27331
-71.1735
0.775972
-0.229596
-1.63608
58.4621
4.03922
-1.43108
1.25819
-1.93591
-0.555253
-0.201314
-0.147685
-3.36342
2.54907
2.00712
0.959343
-0.74128
-1.66316
1.89778
-3.23427
-0.508123
-0.450805
-0.306568
-9.77363
-3.27757
-0.559226
0.278643
0.401738
1.81431
1.91159
0.877602
2.20918
-21.4645
2.43127
-0.948525
-0.460233
-0.560195
0.0152219
-1.49228
-4.02114
2.16958
-1.90767
0.0816483
0.748613
3.06417
-0.986734
-4.40172
0.102444
2.15467
5.07931
-2.7373
0.116373
1.45418
-2.1614
-2.13402
1.52673
-2.45556
-0.0106538
3.07223
0.0588609
0.436616
-0.201602
-0.509113
-9.30002
2.09326
0.995871
0.333757
-0.833624
0.0783908
-1.33515
0.87331
5.58211
0.82919
0.929109
-13.4063
-7.9642
-0.522732
0.620822
6.21329
1.07973
-2.84854
-2.42623
0.773246
2.22508
-0.723025
0.311802
0.763047
-2.8906
0.452908
0.64156
1.04743
-23.0806
-1.09127
2.00368
-0.494899
-2.0226
0.435166
-0.57669
-0.207045
-2.44494
0.459587
0.987821
-0.726536
-16.1821
2.72797
-0.874165
0.494242
0.879411
2.75333
2.34847
-3.72815
-6.5567
-1.33315
-0.792027
6.29449
-0.71019
3.0189
41.3496
-2.05199
-0.102366
-0.631949
-0.171855
-3.19871
8.8388
0.308506
-2.21507
0.386838
-0.0153335
-0.139449
0.104815
0.44503
0.949715
1.78343
5.29418
-0.966823
-0.508011
2.89808
-3.96376
-0.682679
-2.20317
-1.62093
0.0777303
0.265343
0.326808
-15.6436
-0.0487224
-0.444451
-1.45471
0.685519
-0.0971295
0.543518
1.62198
-1.0099
1.50649
31.5346
-2.02734
0.339907
-0.488523
0.393795
0.562888
1.1532
-2.24529
-3.29046
3.05162
0.345957
-1.02048
-21.8796
-0.200653
0.624576
-0.0454401
0.466681
2.7657
-0.626755
-1.60334
-0.601621
-1.40356
-0.653405
-0.0802911
0.94457
-0.0446007
89.8623
-2.01411
0.556475
4.51795
-0.959941
2.17059
5.2004
-0.502034
-1.03266
-2.89536
1.28448
0.39683
1.05292
-5.01385
-0.307558
-0.518333
2.67058
0.324151
-2.2197
-2.87172
96.185
-0.558057
0.785568
-1.36521
-1.31136
-1.64302
-0.432969
0.282325
0.608569
10.7061
-0.0967545
1.0806
-0.261044
1.34143
-3.83808
0.189835
-0.706593
-0.78041
0.248604
0.101514
1.52195
0.185983
3.11995
2.67383
-1.48423
-16.574
-0.0164514
1.62366
1.25079
-2.78065
2.1254
-3.09587
2.10273
-0.206672
5.51679
-1.11951
-0.645313
-7.65699
2.05694
0.207785
0.701377
0.820795
2.75103
0.284088
-1.61612
-3.22466
-2.56244
-1.34025
0.0519288
-8.21138
-0.119871
0.255394
-2.95149
-0.679453
-1.00491
-0.229585
0.00689506
0.208862
1.34027
0.764512
12.9765
-4.2576
-0.927025
2.01853
-0.56272
1.37441
-0.623877
1.8047
-0.750103
-0.353354
-1.04287
-3.66141
-1.24369
-0.682744
-0.180341
-0.691108
-9.83463
-0.027135
1.37658
0.712958
-22.0043
-1.04796
-0.596575
-3.25573
0.366243
2.63166
0.3094
-0.82254
0.88514
-0.24681
-11.4889
0.106389
4.04108
0.976533
6.71352
19.7965
0.33522
-1.27622
1.0348
0.00225297
-0.179222
22.0012
-2.22921
-36.257
0.624208
0.142208
-3.84161
0.626351
-3.48882
-0.392824
-0.871627
-1.12791
-0.656321
-0.226086
-3.67514
0.813733
-1.81466
-0.0365646
-0.0494989
-1.08184
5.21388
-0.910052
-0.19384
1.5049
-11.1199
-0.478453
-0.909537
1.40801
0.770181
0.865928
-0.516544
3.25123
3.53248
-0.836805
0.406371
0.0865121
10.4013
0.999807
-0.446682
-2.51423
-4.6504
-6.94812
-1.23298
-18.9168
0.0263336
-1.36634
-1.61809
-2.58869
0.149459
-0.486267
0.635342
1.6561
1.3733
6.18463
-0.12416
5.27508
3.47979
-2.29351
-0.334273
4.05848
-0.124758
-1.11609
-2.59379
-0.78292
-0.323697
-0.854316
0.594286
1.03271
0.902947
-0.590807
-0.293579
-0.953805
-0.649386
-0.0761844
0.774183
-1.51265
1.00084
1.21867
-0.126095
-6.31398
0.00768882
-0.39964
1.69992
0.0940587
-44.8014
0.173015
-0.118423
-0.485564
-0.250567
-19.2705
-3.69856
0.3474
1.48783
2.55904
27.8695
-0.13612
-0.167249
-0.00491508
2.38526
4.06122
0.0689657
-0.409418
2.24636
0.74535
0.785567
-0.202352
-0.0698588
-2.73484
-1.98634
-1.2415
-0.506006
2.6695
-0.903712
-0.761103
-36.8929
-0.879432
1.45006
0.626128
-0.836931
2.28191
-2.25128
0.567111
-0.120619
-0.738599
-0.40352
-5.79178
-0.0140551
1.58757
-0.383118
-0.124603
1.90918
-3.87342
-3.91718
-2.19317
583.963
2.14631
3.47775
-4.74096
-0.542053
2.10962
3.50458
0.232658
0.0763384
0.359503
-0.5564
0.732457
-1.41582
-3.27294
3.92318
0.461179
-0.36463
-0.318992
0.0655441
-0.59824
-0.0805236
0.738815
-1.23372
0.032492
-0.129486
5.48226
9.22538
1.8082
-4.23943
1.03905
0.493361
-3.87868
0.640878
-0.700067
-1.48993
-0.128002
4.8921
-0.570488
-0.194071
-0.667054
2.24797
11.3941
-8.80147
1.18853
-0.414355
-0.636835
-3.51491
0.202025
-0.154508
2.31599
1.41142
1.33474
-8.70614
-2.64671
-0.737145
0.233485
7.16845
1.67562
1.68041
-31.9443
-2.02327
-1.2433
-0.924084
0.919558
-0.170503
-5.78426
237.085
-11.6785
-2.3547
0.10795
-0.511456
0.347023
-2.54878
9.85592
1.28671
9.20239
-0.350694
-30.0199
106.463
-8.44677
0.121057
-0.0993869
5.45862
1.60033
0.890119
-1.01349
-1.2717
1.65394
-3.57271
0.364549
0.672273
1.14073
-4.23232
1.25835
-0.724451
-9.44345
0.249934
-0.400599
6.35889
0.58866
0.113311
-1.606
0.427567
11.5427
-2.62203
2.22941
-10.0904
-0.649102
-3.64563
0.24371
-3.18014
-0.349583
-8.25056
-0.965041
4.17769
-1.05315
-35.3244
0.0225311
0.768394
-0.368879
1.02043
0.533535
-0.48671
-3.3614
1.04384
-1.92357
-0.0453686
-0.489196
2.44639
-0.995974
-2.09774
-1.24502
2.22391
-0.422325
0.923294
1.04974
1.50077
0.592365
1.30496
-0.0784086
0.013668
1.16961
30.6864
12.4967
-0.564415
-1.53448
-1.6676
-12.5984
-0.997639
5.86836
3.71157
2.48062
0.105982
0.173685
2.2177
0.147652
0.405202
10.5044
-2.2821
0.420618
0.433066
-0.457444
-0.609632
-0.943878
1.40207
-0.0355917
4.74111
1.34303
0.766634
0.570291
55.7924
-4.41087
-0.502505
0.796561
-1.84434
-0.415664
3.30648
-0.31623
1.63793
2.89146
0.474425
1.10188
0.882794
-0.818649
1.45934
0.502737
-0.895458
0.936961
-0.216873
0.377783
-0.441791
-2.89458
8.98608
2.35263
-1.04384
-0.804344
-1.47587
4.44497
-0.88527
-24.1198
14.0765
-0.132303
0.381243
-0.563712
0.286565
-4.54256
1.50097
-0.638149
-0.796755
-0.0349253
1.20006
12.1979
-0.694393
2.60499
-4.7328
-2.42556
2.11181
0.269008
-0.69482
0.586866
1.63209
-1.17768
-2.9269
1.19718
-0.962878
1.02447
6.29826
-3.74541
0.602359
-0.0540721
-1.82869
-1.808
-0.472579
-0.758443
-5.69922
12.3969
-0.663449
-128.302
-0.247208
-1.39629
1.14485
20.6324
-0.625738
-0.500769
-0.114897
0.538937
-2.15773
2.06965
1.80644
1.99967
-0.977295
1.72558
-1.08056
-0.0532661
0.776595
0.0873899
-0.295273
-1.05749
4.85937
-0.151762
0.0838835
0.744344
-0.744339
-1.39761
-8.32567
0.520685
-0.258835
1.74074
-1.29569
0.996341
-0.606816
0.154205
-1.41544
-26.7243
-1.06855
3.02853
-1.06139
-0.753591
-0.320286
-0.544558
8.20806
-0.213875
-0.15618
-16.9576
2.75118
-5.36497
-29.1736
0.300983
0.5566
0.14633
-1.29883
-1.00223
-2.52392
2.99734
0.0672834
-0.298969
1.01784
0.174288
-1.35472
-0.855824
-0.0268779
-8.59003
4.10561
1.88544
1.07517
-2.20692
-6.6926
0.790725
0.76278
-4.79454
0.937407
0.112032
-16.7947
32.23
-0.0874177
-1.29818
-1.30843
0.694651
0.091523
0.161037
-0.906456
6.53039
-1.64066
-1.75993
-1.05599
-40.2391
-3.34076
1.1497
-2.18743
-1.01975
-1.24651
0.125048
-0.313861
-1.55512
-6.87805
1.93988
0.831846
0.502417
-0.732318
-0.558027
1.57429
-11.476
1.74463
2.49765
11.532
-0.438329
0.364429
0.77593
0.00862441
-0.868043
1.13556
14.8425
-4.65386
3.01806
1.52947
0.427979
-1.00598
1.92688
2.01315
-1.59642
-0.0446408
0.00684641
1.07116
0.7301
5.13203
4.33417
526.643
-0.808187
-6.1474
-9.59757
0.692259
0.15862
0.988659
19.2831
2.21229
0.0612947
-0.0327666
1.8313
-0.440226
1.2871
0.475257
0.399787
-7.23994
-0.544077
-1.54474
-0.459919
-0.501514
-0.138093
0.820561
-0.83733
0.644766
-0.477587
-1.07789
-10.2886
1.51989
-1.38821
0.838895
0.221182
-2.79887
-0.518883
-7.3597
-0.938887
-1.07815
0.597944
-11.8409
-0.0398156
-1.43344
1.06646
30.2383
0.931772
-1.224
-0.209512
-0.3793
-10.0768
-5.5292
-0.094665
-1.5649
-7.22594
0.072535
-0.355138
1.43571
0.83212
-1.02585
-0.0650366
-1.05805
-0.554483
-1.20522
-1.07481
-1.07429
-0.733292
-0.280918
-1.72721
0.215484
-1.06446
0.305094
1.1328
0.283506
0.0230991
-0.815835
-1.68967
1.89884
0.709271
-0.834093
5.49781
9.73653
-0.553328
-0.719175
-0.533756
-7.60564
1.64988
-0.0862587
-3.41373
-0.271282
-0.448949
-0.210006
0.626788
0.349442
-0.0892295
-0.152699
-4.48688
2.72103
-0.547081
1.49492
4.41855
1.51764
0.875658
13.2346
5.51158
-0.281575
-1.53536
1.16609
-0.562512
-1.62011
-0.118948
7.26207
-0.317798
0.418013
0.683082
0.493353
-0.131794
-3.63003
-0.815303
-1.72456
-9.53607
1.27272
0.64223
0.87331
0.846841
2.33602
3.25611
-0.182205
-2.05945
-0.588594
0.249736
0.559209
-1.83102
-4.03525
-3.4668
0.913832
-7.44735
1.41534
0.775877
-13.985
3.83522
-1.3006
-0.255766
0.738921
0.322143
-0.178791
4.80154
-0.325751
0.223672
4.65938
-0.271081
1.09899
-1.10824
-0.0262633
-0.080585
-1.50789
0.610249
0.496258
-0.555712
0.24156
-4.27715
0.165608
-9.18598
0.360961
0.698241
-0.119807
1.82688
-51.8041
0.969617
-0.535453
-0.57159
-1.18864
1.59938
-0.689809
0.0885714
-0.531109
1.85476
-1.97873
2.06281
3.50338
1.30448
0.28447
0.956036
0.612886
-1.82458
0.458485
5.16057
1.16016
-0.100802
0.0469989
0.0656771
-3.15883
17.6534
-35.8949
1.70376
0.266735
0.40562
-0.53267
1.12144
-1.02314
1.11648
-1.14333
-0.661261
-0.259344
6.94347
0.226347
-0.0349787
-0.318223
-1.11689
-2.11397
-3.73717
-0.59449
-3.04297
-0.624815
-0.632521
-2.00759
-0.0905101
3.03977
-1.11163
1.32862
-0.373732
0.122895
1.18241
-7.54492
4.9845
-2.22678
-0.469836
3.31407
-0.48039
-4.11417
29.2302
-0.208389
-2.81299
-0.791015
0.975741
0.110704
0.222764
-0.252952
-1.40962
-33.5578
11.7479
-1.80576
-2.81317
-0.23355
-9.81152
-0.690052
-0.784944
1.36556
3.55195
-2.58618
2.04355
-0.199586
0.0571131
-0.649565
1.55738
-0.106982
0.061352
-1.20552
-21.4174
-0.884106
0.248662
-0.929868
-0.862291
-1.49393
1.52054
1.39168
-0.221556
-0.292058
-1.0296
3.55297
-0.115988
3.87746
0.478686
-1.59478
0.195001
0.369026
-1.39851
7.29389
4.0243
0.0666804
-0.384912
-0.507842
-0.563444
1.76995
0.465844
0.0998975
-2.65236
1.99327
-0.453749
-7.92173
-1.8588
24.9267
-0.510158
-3.43798
0.25271
2.27835
0.479282
3.52884
1.30289
-0.586245
-0.467674
-3.94319
-8.32894
-3.69609
0.515302
0.480846
-3.60303
0.503142
-0.218374
1.67774
0.365875
-1.01686
3.0992
0.405306
-1.45611
1.22312
1.23928
-0.454429
-1.1178
1.13682
-0.594841
-0.214997
-1.3199
1.63394
-0.206991
1.47452
-0.636454
1.15752
2.01261
-5.29286
1.51686
0.689064
-0.248673
3.03051
-5.36241
4.05892
3.5101
2.02255
-1.6372
-1.49256
0.49457
1.07318
-9.64936
0.229669
18.0431
0.0195968
0.0776546
2.51308
-0.209231
-2.11833
-4.03977
1.7338
2.2848
0.827236
-0.0630111
17.3909
1.13723
-1.63987
-0.506259
5.37297
2.10118
-0.0185361
0.686495
-1.29616
-0.662651
-2.13586
0.0273125
0.348792
-5.11711
-2.30918
1.19867
0.727589
-1.27883
2.52227
0.372781
-1.21893
-0.353295
-2.59703
2.92538
-2.40251
0.434539
-0.144715
-0.336706
0.194894
-7.70984
-0.84367
-0.408514
0.714628
-1.97189
0.673909
-0.336992
-1.20296
76.1925
0.090983
0.424703
-2.04704
0.0893673
-6.36542
-0.872749
-0.928548
-3.62386
-2.1128
-1.64359
1.55212
-0.337059
-0.77305
-0.12344
1.62922
-0.101198
-0.44174
-0.714397
0.377598
0.0926952
-0.440755
0.394373
-0.777878
-28.7996
-0.601527
0.280266
-2.10121
3.85037
-0.0886115
-3.10362
0.999347
0.325331
1.25803
-0.426256
-0.0550868
0.690862
0.621814
-0.408092
-0.129804
0.505928
-0.639299
-0.283347
-2.78428
2.98324
-0.742987
3.40589
0.64828
-13.6368
-0.0661583
-0.541987
4.37383
-0.264987
2.64996
1.14049
-0.700541
-1.50135
-5.50901
-0.922332
-0.587988
-0.535127
-2.89112
0.885173
-0.289078
-0.761518
-0.896132
-2.44687
-1.78048
-0.586669
16.1799
0.594537
-39.3919
-0.657118
-0.188825
-0.355341
-4.22757
0.276758
0.266865
1.43351
0.304723
1.582
-0.66454
-0.206185
-1.3649
-0.472209
9.27592
0.12597
-1.9482
0.786623
-24.7816
-2.6725
4.89539
0.661117
-0.275627
1.11095
0.379902
-276.152
-0.839434
-0.352096
3.2472
-6.62994
1.15236
1.53015
2.33148
-0.615818
0.404479
-130.054
-31.076
28.2849
-0.155121
1.44062
18.1672
2.23696
1.19805
1.08319
-0.756472
0.731838
-6.53515
-0.574688
-5.92663
-6.70474
1.69708
-0.319725
-3.94624
-0.0241521
-0.395664
-0.367561
1.6393
-1.30064
-1.56906
14.8316
0.28904
-0.247257
16.9542
0.673693
-0.838928
5.07881
-1.30591
0.507313
-0.117391
-0.419311
2.33512
-0.268482
2.3593
0.237242
-7.30251
2.05356
-0.26387
-1.17436
-0.287496
-10.4
0.0479674
2.99415
3.34418
0.118042
1.28143
-1.15031
-0.395429
49.5477
-7.13136
1.0927
0.517479
2.8464
-3.3543
-0.427104
0.721278
0.642292
0.138222
0.732583
0.946451
1.1913
-0.36503
1.27742
0.289676
0.607526
0.425187
1.15837
17.3992
1.52823
-0.376006
0.0704779
-0.643338
1.5574
0.600351
-0.29356
-0.137962
1.52032
-0.262548
1.06198
-0.393628
-0.182658
1.1162
-2.07217
-1.4654
0.0815791
-1.32152
-2.07838
-3.24931
0.647406
1169.25
7.39345
-27.3837
-0.297679
0.177659
-3.62879
-0.0320045
0.855697
0.611719
1.03668
-1.43583
-0.642765
1.74418
2.68869
-0.349816
-0.361338
-40.318
2.65828
-1.41961
1.81264
-0.688322
-0.600042
-0.219503
-2.19223
1.01047
-1.61421
4.77847
0.254241
-0.508475
-7.12529
-0.427278
-0.376605
-0.119241
0.180389
1.06537
-0.963594
0.485519
0.184749
1.00582
-0.251875
-2.69281
1.99246
-1.43001
-2.05802
0.728159
-0.548856
-1.83135
-1.87286
6.63327
7.99172
-0.0413701
-3.06536
0.719894
-0.508992
1.25967
-14.1525
-0.471366
0.436681
0.586471
0.116902
-0.760106
-0.174977
0.468304
-0.14917
0.960578
-2.04139
-5.14813
-0.316336
1.04867
0.432254
-0.587409
-0.103547
0.0500495
-0.191354
1.56925
0.663074
1.2875
-0.013267
0.261852
1.25623
2.54656
-0.366213
-0.584452
-0.119954
7.93696
-0.260464
-0.810844
0.943458
-44.4196
0.536854
-1.81603
1.16629
-3.59151
0.934792
-14.2022
0.576642
-1.66731
-3.61214
3.35459
0.392524
0.0730374
1.40831
2.74632
-0.0846579
-0.125444
0.240114
-2.61364
0.477421
-0.273333
-1.43456
-0.32899
-0.778792
-0.443749
0.146883
-0.16797
-5.06243
31.7352
-1.54153
-17.2238
0.397715
-0.183673
-2.27785
-0.303686
-2.04401
-54.7455
-1.413
0.448412
1.31349
-1.55568
1.08439
-0.0325219
1.87489
0.241375
0.569658
-0.166154
-1.87264
0.191683
-0.637077
1.40813
1.4156
-1.69515
-15.604
0.634869
0.291848
-5.88462
-0.541197
45.5163
-1.97769
1.07199
-4.27876
-0.490541
-1.61271
0.716213
-3.28022
0.0337215
-0.817697
-1.03955
1.50844
-9.1822
0.237678
3.11946
0.216693
-1.74483
184.023
-0.246264
1.33878
0.946122
-1.0737
2.71553
-1.63913
-0.564638
-1.86172
-26.748
7.87011
-0.00827649
-1.02944
-0.107187
1.79671
0.61286
0.0498048
-0.0571445
0.0954477
-1.43968
-0.0231682
31.7234
-0.179595
-4.58612
-0.103612
1.12314
0.554777
0.389586
0.252043
1.44366
-0.545867
-0.233173
-0.125286
-0.244097
-1.07787
-19.3315
-0.900789
1.93221
0.282376
-1.56521
-0.311377
-0.408668
2.70644
-10.9151
-0.28085
2.56506
-0.329608
-0.485103
0.413871
1.99689
-0.926623
-6.23422
-0.856036
1.49302
-25.1408
0.171865
0.831232
1.84596
-0.337307
2.33795
6.75064
-3.31416
0.30294
-0.0413371
1.47186
-4.50422
-0.247571
-1.16407
2.7638
1.09244
-0.0971038
-11.5478
1.88606
2.35854
-3.77131
-0.638719
0.539751
-1.71778
-3.94349
29.641
-1.52322
-0.311819
1.66083
-1.44035
4.2655
0.245045
-1.3532
2.58322
3.10348
0.307315
-0.128047
0.0278219
-3.54356
-2.18443
0.200659
-1.34024
3.07933
0.844862
0.0917055
-0.742543
0.356681
0.221947
4.63242
-0.546189
2.40262
-0.941119
-0.607527
-4.97085
4.45187
0.231936
2.66892
-1.98595
6.83911
1.15222
-0.121866
-0.809414
1.10277
0.742668
-0.189511
-0.0917157
0.244997
-0.330578
-2.61646
-0.037199
-0.417928
2.9114
-0.0118464
0.832631
-4.35469
-0.159073
0.170244
-2.20575
-1.66019
1.62961
0.192674
-0.690879
-1.19604
-0.279369
-1.0224
-0.164374
-28.6461
-4.33138
-3.92219
-0.608493
-0.0836832
4.45875
0.0517736
0.188441
-0.0775814
5.72082
-0.153892
-0.267142
-0.0551816
0.902109
-747.732
-0.340746
-0.131291
-0.00773969
4.43713
1.82675
-2.80787
-0.505603
-1.10464
0.547454
-1.34025
0.68929
0.281407
-1.13184
-4.42305
26.2662
1.75692
-0.798002
1.64401
1.5592
1.78363
-0.0590711
1.61331
-2.70219
-1.13139
-6.16936
2.0272
-0.349484
-1.06621
-0.076451
-1.04189
0.162845
27.3271
3.01524
-2.29742
-0.732207
-0.33099
-58.113
-10.3619
-3.41637
0.156649
-0.127188
2.39258
15.6947
-0.494841
-0.578292
-1.67327
-1.14566
-1.9775
-0.700886
0.11634
-1.17946
0.808908
-0.892941
-0.283143
-1.54908
-2.17499
2.83312
0.329623
-0.112835
1.10584
12.4733
2.9404
-0.0519818
-0.572296
-0.481377
-0.826142
-1.71857
3.92918
-1.69952
0.902152
1.84844
-2.42954
-0.436233
-3.88511
0.523259
-3.14495
-0.460086
-0.142289
1.28637
117.626
-0.464635
6.25277
1.82994
0.596776
0.929437
0.445119
-0.375561
-41.8667
-0.250785
-0.708743
1.37951
-9.46417
2.168
0.411303
2.51721
-0.831664
7.88168
0.173216
-1.8205
-0.193597
3.6533
-1.04348
-7.28783
3.20908
7.1816
0.671562
2.25615
-12.6204
-0.913829
-0.497646
-5.99347
-0.201202
0.402095
-1.28248
-1.94085
32.5627
2.67647
-3.17896
-0.298633
5.91691
0.150555
-2.27676
-0.00365544
0.702288
0.00798655
0.649029
-1.57112
-1.9124
-0.277839
-0.366375
0.253435
-0.815085
0.131221
2.09499
4.20914
0.376074
-0.7233
4.83588
1.65247
1.01763
0.0330483
0.579565
-0.491972
10.372
-0.31667
-0.0706104
0.563254
-0.683843
0.197613
0.173734
2.09086
1.17137
-0.299398
-92.54
-7.63352
1.10411
1.27539
-2.30558
-0.660879
-0.0638582
1.8491
-2.45426
0.938046
-0.292132
3.42158
-5.4932
-1.01159
1.22485
7.23525
6.13325
-2.46022
-0.961877
0.302906
0.580744
-0.224689
4.64128
-3.62758
-0.268495
1.44778
7.55863
0.141501
1.75789
-0.752745
-1.28618
5.59683
17.0211
1.28554
3.38441
-0.733297
-1.81724
4.30711
-0.358967
-0.91604
-1.54749
-7.54787
-1.26917
-0.601646
3.25336
-0.0694999
3.10049
0.188606
-0.99994
0.151691
1.6083
-0.937741
-1.9909
1.21462
-0.347035
-1.33474
-2.79522
-1.64079
-0.228688
-0.82693
0.772056
0.117405
4.35612
0.43938
0.448941
-0.372024
-0.8837
0.0823187
0.60858
-0.158669
-0.201068
-0.174294
0.00209261
-0.654701
-0.35691
0.658378
2.11498
-0.313484
0.200852
-0.420239
0.267828
-53.9927
-0.388284
-0.651206
-7.96626
4.73186
0.538298
-0.674327
-0.455504
-1.83569
0.123035
-0.772015
-2.11804
-6.42204
3.44564
-0.840734
3.14401
-0.83626
-3.00252
0.814708
0.718882
-2.10713
3.14342
-0.0867972
-1.08255
0.451242
4.67856
-1.09593
-1.8548
1.66781
1.08583
0.963871
3.82557
-1.36623
-10.6116
-0.857703
-0.481658
-9.99932
-0.512763
-1.31669
1.37576
-1.48233
-1.83916
0.252178
20.6805
-4.36708
-1.37194
0.760988
-1.51149
-0.261164
0.359485
29.1044
-0.307969
0.988704
-1.16856
-2.65944
-3.02597
5.24223
1.0339
-4.39635
-0.963271
-2.23082
0.365278
-0.0228214
0.327553
2.1026
-0.861514
-13.2094
0.371404
12.3786
-0.133476
-0.414479
1.30991
-1.48742
-4.8824
-0.571753
-0.170502
0.507872
-4.87872
0.0770792
1.67653
4.03262
0.317681
-0.76101
1.34232
0.0669045
0.676283
-4.8412
-0.266073
1.12775
0.395258
-0.168599
-18.4108
-0.0213043
-1.73148
-0.694438
-0.268239
1.59492
-23.3022
0.671601
0.610653
-0.47493
-2.44215
-0.787711
-2.99342
-0.410756
1.82038
13.0719
-0.491448
1.12988
-0.519824
-1.69174
-6.37448
0.131893
4.47215
2.20556
1.18059
-0.769744
-0.658611
-5.58685
2.14554
0.744508
10.2314
-0.547213
1.29611
-1.01475
-1.17329
0.388181
3.33854
-1.58914
0.300687
0.235604
1.93577
-1.67452
-0.102342
-1.31406
-1.45779
-0.211603
-1.17396
0.51628
-1.84796
-1.10346
-0.890987
0.442093
0.414446
-5.90275
10.1566
4.21506
-0.586513
114.694
0.389013
0.44559
-4.51406
1.52646
1.72121
-10.2985
-1.04965
0.717297
-1.89712
0.0165018
0.0412584
-0.323632
1.74747
-0.0334205
14.498
3.89812
5.74266
0.796522
3.77303
0.186815
-0.824203
0.0388108
-8.90607
2.57379
-22.0511
1.75625
-0.735824
23.959
0.173356
0.745449
-1.86234
-1.40102
0.235474
-0.754769
0.681103
-0.17929
2.02435
1.73139
0.251276
0.95212
4.19935
-0.595554
1.06616
-1.78153
1.00515
1.27457
-0.317267
-0.688834
0.17188
-0.0986185
-7.12363
-461.444
0.406181
-11.0825
-2.88641
1.80516
-3.49292
-0.0828689
12.1983
-0.418939
1.01593
-0.312927
-1.71063
0.013219
-0.451163
-4.56939
0.676306
-0.244978
0.765095
40.5103
-0.411986
0.662191
0.261001
-0.290684
-0.594454
2.79947
-0.427236
0.707752
3.81423
10.3595
-7.14422
84.9158
0.295411
1.05515
-0.0639388
-1.6705
0.529975
-0.105547
-0.409072
-9.84171
-9.98364
1.33434
-1.63786
0.306682
-11.267
-0.835581
0.233738
1.34428
2.14085
16.8409
332.108
1.24443
0.519921
-0.403471
-3.92377
-0.403637
0.636062
0.188278
0.76979
-1.16086
1.36879
1.2241
-1.28043
0.559488
6.04325
-5.83723
3.99154
-0.329613
-33.101
1.43861
0.014977
1.36714
3.02859
-0.372506
-0.029674
0.299291
0.415599
0.16334
0.647039
1.624
-0.36168
-1.9006
-0.740513
2.61902
0.943986
-1.32748
0.0968021
0.209889
0.509545
-5.14184
-2.17576
-0.163514
0.212928
-1.16661
1.12738
0.354475
0.23099
-0.355242
-0.38151
0.426116
0.615101
1.43691
-0.333968
-8.71358
-3.54148
-0.581125
0.240014
-4.58094
0.87246
-7.06631
1.27745
1.41927
-0.133874
0.504514
-2.57543
2.75402
1.90893
-0.431674
2.42971
0.559819
-1.59898
1.89077
-2.89335
-0.295762
-0.382932
2.1336
0.336013
0.124839
0.791309
8.37944
-9.13917
-0.379063
-46.1002
-1.5877
-1.29708
-2.50543
0.60588
1.32056
1.80553
-0.160515
1.8725
-0.172752
1.29518
0.571565
7.79852
1.60523
-0.834292
-134.27
-3.08199
81.4596
0.166091
-0.359913
0.269793
-3.10754
-1.40923
-2.62848
-0.763325
0.0619214
0.0836635
-3.78818
-1.27333
3.33662
0.125014
-1.00445
-5.87176
-0.463976
0.146029
-3.99826
0.974166
-0.97487
0.435228
0.853544
-1.03686
-0.36813
1.64298
-0.67669
0.0307739
-5.50167
0.525529
-0.889794
-0.612228
1.16328
0.173714
-2.53748
2.62746
-1.0527
-0.314723
30.881
-0.285018
0.750117
0.361549
0.911287
23.9391
-0.000844939
0.659103
-8.91235
-0.580095
3.7474
-1.78158
41.8605
0.586776
-7.94529
-0.49958
-2.60606
0.558971
-0.249828
0.344475
-0.0910866
-31.3886
-3.30425
4.27599
-1.04936
-2.4566
-2.62639
-2.00171
0.798852
-7.30115
1.10604
2.34034
1.85398
15.7788
-156.918
-0.111732
-0.162731
-0.413892
-1.9765
0.212323
-0.134166
2.25035
1.43425
-0.584508
0.0155872
0.366065
-0.0974267
-0.286932
3.13605
0.872162
0.74556
0.838424
0.0361495
-0.0249064
0.428738
-154.874
0.388215
0.639189
-1.32656
1.63088
0.151644
0.152561
-1.67493
1.83125
-0.490494
-1.86221
0.0777287
1.86017
-2.45901
-2.91269
0.149572
1.15181
5.17758
-12.6997
-5.87443
-0.244932
-1.06191
0.197086
-7.76029
0.00355048
-8.63042
-8.93289
-1.69476
-7.14225
-12.008
-1.25477
1.50644
-0.0708247
1.88426
0.762806
4.61689
0.0522773
0.43804
-0.0386282
8.19568
5.43584
0.508354
-0.348325
-1.28214
-0.565612
23.4152
0.257907
-0.272215
-0.044573
1.17943
-0.475947
0.626755
0.393194
2.18774
0.411107
-0.085177
0.332985
-3.30145
-0.907337
0.334537
1.13493
-1.52762
3.41811
-2.81486
0.732638
4.30648
1.96009
-0.0244615
-0.117839
-2.62349
-1.61734
-2.23816
-26.9592
0.621679
4.56491
0.627755
-0.0343993
0.812743
0.487167
-0.311091
-0.469411
-0.0267651
-0.551525
-1.35652
-0.019192
-272.989
-7.0234
9.48888
1.6219
2.702
-0.268695
-1.17731
0.929795
0.496188
1.70046
0.853368
2.47193
0.779385
0.356306
-4.30053
-4.52965
-0.0309353
-0.377297
-1.83766
0.143112
0.476322
-0.286925
2.00022
0.163985
-0.413401
4.16028
-6.08605
2.20712
3.44788
-0.362258
0.870765
0.286242
1.8797
1.66734
0.205489
-0.984598
0.439319
4.27835
-0.54895
-1.47343
-0.179027
0.315414
-1.31045
1.26839
-0.594681
-0.477777
0.525955
-0.858879
0.639225
-13.579
0.575183
2.52927
1.14857
0.154154
1.74158
1.09186
-0.382257
-0.020689
-1.76449
-11.2522
-1.41825
-0.75565
1.36283
-2.34917
-7.49989
-3.18444
-1.48749
2.4161
0.619977
0.19396
-0.574699
-0.209637
-0.572797
-1.07293
0.170482
-0.026586
-1.14017
0.660162
46.8127
2.29135
-0.573823
49.3848
1.62826
-0.92324
-1.20931
-0.274417
8.70277
-0.67109
0.0111195
0.767613
-0.203853
0.0528805
0.0994076
-1.36058
0.0193121
-0.068866
0.484527
0.109694
-0.025375
0.0936887
1.15774
-1.16137
4.57269
-3.64969
-55.8227
1.30003
-0.0774382
-1.52792
0.496188
8.82354
0.0191317
0.875595
-0.770353
1.62944
-4.08224
-0.816817
-0.268359
-3.12654
0.984896
-0.146673
7.03548
-3.01851
0.879273
-0.465908
-0.274763
2.039
-5.31615
0.984835
0.222627
0.459933
-1.9705
-0.726671
-1.75574
0.446217
0.134745
-3.7718
-0.0237382
-1.06818
-0.500291
-0.261977
-0.607996
12.5873
-0.278016
9.42593
3.31272
1.43339
-1.06398
-0.747628
-1.38719
0.318687
0.516236
-0.62417
0.719406
3.3117
2.0798
-0.291573
1.11158
-0.145931
-0.0875645
0.538273
1.15756
-1.37327
0.251154
0.545327
1.06126
1.74347
6.51737
-2.9761
0.722617
-0.351008
-1.31406
-0.253083
-1.92678
0.223103
-0.171443
1.66676
-0.0673717
-8.86788
-2.0554
-4.30792
-8.41033
-0.142788
-0.936869
-10.2105
-0.745677
0.0202582
-1.67407
-0.379545
1.4091
0.0377715
-0.863022
0.827809
5.77848
4.95127
1.40646
-1.33299
0.00308564
1.63092
-1.19371
3.49944
0.0483422
0.0359706
-0.218558
-1.22023
-10.1084
-0.273084
1.47182
0.318346
-3.8474
0.0596004
-2.85663
-3.21525
0.90946
-0.214574
1.96741
0.415824
-0.195344
-0.713623
-2.68527
0.0939711
-0.288692
2.54372
-0.119785
5.0666
0.466203
-0.326499
1.67104
-1.27525
1.58151
-3.68923
9.03532
-1.83998
5.24642
0.167107
0.120797
-2.84488
-0.985466
-1.77383
-3.39755
1.05167
0.668432
-0.65064
-0.331098
0.532787
7.08732
0.633698
-5.30913
-0.437639
0.369368
0.69164
5.74319
-1.68691
-0.656312
-0.937684
-3.41491
0.611171
-0.304504
0.283497
-0.487579
-0.503287
63.7703
1.58001
99.2817
0.406069
-0.577284
0.491751
1.43267
6.37106
-0.344766
1.46824
-0.47528
7.8403
-0.737061
-3.20502
-0.100161
-3.1572
0.698403
3.08105
0.252701
4.43786
-0.551942
0.497306
0.841401
0.605032
1.25395
-0.559067
0.60053
-6.28216
0.779948
2.34145
1.58298
-0.418916
0.0254049
-0.101406
4.38951
-4.29541
-2.90081
-21.1482
0.167871
-1.01583
-0.788287
0.0188611
3.46369
0.831977
1.76814
-1.87443
-1.09101
0.262613
-0.254503
0.34057
-2.69326
-2.27852
0.169924
-2.51291
-0.115348
0.781762
-0.483071
-1.87611
-1.40971
-0.732875
2.23627
0.523271
0.825139
0.628181
0.252605
-0.76148
3.8048
-0.734765
-2.59927
-0.615563
0.195774
1.23277
0.471587
4.91961
-0.73223
0.206145
-5.17416
0.215407
-0.412729
43.1427
-0.0217684
0.604338
4.69305
-6.69983
0.127905
1.43642
3.25968
2.51282
-1.58855
-1.17723
0.4781
0.563058
5.53448
-3.09479
-0.180721
0.16313
0.582727
-0.732197
-0.868751
0.102522
0.433524
0.758903
-1.27087
-0.343319
1.08683
0.714336
-1.26881
0.849616
0.321937
3.88832
0.131675
-0.0117907
-0.562466
-0.194274
2.15926
1.12102
0.832317
-21.3211
-0.264783
-1.5463
2.70049
0.326032
1.8709
-0.453762
-0.296177
0.781083
0.955277
1.12373
0.149713
-8.69133
-0.301293
-10.1523
5.7356
3.83437
7.96077
2.97266
-0.239645
1.28575
0.262952
0.332127
-1.30182
-1.8072
0.537354
-0.574365
-30.9535
-7.75943
3.63811
-7.24739
3.43435
0.390892
-0.0959515
-0.182198
1.17545
0.110222
-0.312017
2.45838
-0.0631566
-0.754755
-0.253501
-1.10467
1.56564
0.44514
0.0182601
0.0628112
-26.9578
0.745139
0.75471
10.6274
-0.020419
-0.417338
0.406821
-4.3558
2.22372
-1.14687
0.042951
-155.161
1.67813
-0.627334
4.78661
-0.524142
0.0500069
-0.20928
-1.13477
-1.44151
0.0727167
0.918536
-0.15843
-0.905067
-2.03437
5.69725
8.47469
-0.266803
-17.6945
-23.37
-2.16464
2.30484
-0.482252
-15.344
-0.685194
4.16029
0.0679581
0.710193
-29.8633
4.17583
-0.323257
1.7545
4.83813
0.874189
0.423523
-0.763276
1.42937
-0.747021
-0.127054
2.08489
-0.554456
-0.187047
6.52677
0.705701
1.47855
-0.393275
0.463336
-1.15004
3.61393
1.48654
-1.99698
-0.976658
0.561104
1.17083
0.86968
-165.69
2.98256
8.99623
0.942567
-0.468388
-0.598756
-0.535282
2.23712
5.0862
1.4279
0.688151
-1.77681
2.45471
2.11222
0.0307474
-0.149053
0.363887
1.26208
0.00842822
0.959517
-1.21374
0.991926
0.319244
15.7921
-2.43621
0.833614
0.221937
-0.0470041
0.358593
0.580686
-8.91502
-8.18293
-1.60847
7.00347
-0.223871
-0.879565
-0.916768
-1.1336
-0.984583
0.343951
0.0186314
-0.791591
-1.97542
1.32711
21.1024
-3.35525
1.56348
0.96369
-1.20011
0.0215639
0.206814
0.682923
-0.363893
-1.97464
0.569073
1.29206
2.90594
2.02495
2.30482
-0.254829
-0.917783
0.658003
1.77497
-0.324434
2.39175
-0.228727
-2.21874
0.483606
-11.6091
-0.00480584
1.39161
0.612758
-18.0286
-12.9776
1.10604
-2.10154
-3.35209
-0.491783
-1.24664
-0.841225
2.87573
18.6803
0.714397
0.326959
0.490083
1.32549
1.54235
28.4098
0.146931
-0.182559
1.81628
0.981227
-0.714255
2.76355
0.0448793
0.180245
-3.80826
0.419255
-0.2985
0.392597
0.254377
1.32062
1.07228
2.7887
0.394003
0.418678
2.9778
2.40113
-0.307711
-5.68082
-21.0565
-3.2809
1.17927
-0.10135
-0.410243
-0.166951
0.932062
-0.271273
-1.38056
0.450425
-1.34371
-0.124943
0.859678
0.859957
3.51571
2.23871
-0.753899
1.37432
-1.03401
-0.847152
-0.371459
0.989851
-0.267635
0.401986
0.374129
0.128629
-0.023304
-0.757108
-0.301809
-1.25329
0.296797
0.431127
0.0381287
-2.45303
3.68319
-0.893854
1.41301
-0.373111
0.632047
1.68139
-3.67432
2.03144
0.947681
-1.51628
-1.15891
0.154645
0.124618
-0.629892
-1.75342
0.132738
-0.305728
0.0312834
-0.456423
-1.60659
0.115537
-0.357623
0.77749
-0.571134
1.93932
2.61771
-0.231823
-0.218203
2.53256
0.480386
2.90937
7.75321
-0.822402
3.40782
-0.307242
-0.971924
0.781096
0.026583
27.3489
0.288966
-0.134427
2.41009
1.72497
-1.25428
-0.612888
1.90496
-2.0497
-1.67085
-0.100752
0.487132
-0.569311
0.357776
-0.982018
0.053143
-38.4015
-1.14145
0.256635
11.5205
5.26524
-0.550933
1.33247
-0.489122
-1.8448
-0.213473
-5.74379
1.56208
-1.06013
1.40886
-1.20362
-10.4634
2.46448
-0.00688976
1.03196
-1.37362
2.38889
3.59711
2.96674
1.05322
-1.92789
-47.5588
-0.803509
-1.32212
-1.39888
0.237241
4.37658
-0.126972
-0.759099
18.9301
-3.0884
0.0818422
-6.51662
29.2929
3.82497
0.510673
1.33703
0.779304
1.15572
0.803806
-3.2366
-0.634147
0.0595556
-1.79213
0.714236
2.17434
1.01546
-2.06521
-0.0410334
-8.47412
0.458405
1.49749
0.22448
-1.46575
4.97823
-2.34764
0.126254
-2.86055
1.30702
5.52406
8.57847
-0.989539
-0.0161133
-5.84087
1.12339
-0.54077
0.172264
3.0221
3.26079
-0.247348
-2.82126
0.0264487
0.0389465
-2.01919
-0.555268
-0.509085
0.246045
-0.0878096
1.32517
-1.0845
-48.8396
0.549593
-1.23967
-1.41387
-0.452481
-0.718605
-13.0266
-0.0887842
1.56376
-2.80236
-34.6153
-0.892195
0.798166
2.03095
-1.21591
1.89328
0.947906
0.856198
2.47515
1.47137
-1.94701
-0.676722
-5.13098
0.289189
0.0982803
1.89921
0.718479
0.536743
1.62267
0.780338
1.82885
-5.12117
-1.66275
0.458873
2.71274
-0.0656898
-0.8347
-0.52459
-0.282942
-0.664778
-0.507147
0.442774
-0.478857
0.523585
0.325563
0.962429
-1.47756
-1.5286
-8.36693
-0.290877
0.675521
-3.91231
-0.395393
-0.294388
40.1868
1.45437
-4.8395
-1.82055
-0.0338226
2.14549
0.661908
1.00231
-0.823061
0.920771
-2.55204
1.04621
2.80707
-1.3107
0.944371
-1.74152
-1.02829
0.134639
13.7605
-1.02196
0.091805
0.277589
1.30306
-13.9065
-2.25599
-2.15328
0.49484
-0.313434
7.28981
1.65982
13.1131
-3.93787
0.347964
1.72678
-0.609758
-0.429678
0.14365
0.444536
-0.292581
0.505925
-1.40009
0.486106
-0.71832
-1.13551
-4.61778
-1.04779
0.3906
-0.458961
0.312352
0.540846
-0.292613
-0.721033
-2.07744
-0.440713
-5.35069
1.69291
-0.0913202
25.906
-0.263651
-2.34289
0.642407
-1.47577
0.494409
19.5753
-0.687039
-0.659748
-1.18067
-1.0916
-3.34425
-0.519729
-8.09566
0.911656
-1.68226
-0.752583
-0.117163
0.205547
-1.26932
0.243284
1.3091
1.73943
0.111462
1.5593
1.6364
0.215346
0.978165
0.4465
0.531305
1.1922
0.486883
-0.0209926
-1.30642
1.65345
-0.145514
-170.21
-1.77994
4.15858
-0.517388
5.13569
0.142858
1.8899
1.43351
1.40723
0.0400583
-0.729849
0.0165732
5.94696
2.78814
-0.642869
1.32587
-3.49368
0.314757
0.0602914
0.959586
-0.0607908
-0.495691
0.754139
-0.266514
2.66586
0.528888
-0.612977
1.77094
0.589041
8.96929
-0.108371
0.175301
7.96021
-10.9553
5.11261
-3.48315
-1.21974
-0.771531
4.78087
-1.97072
-0.338083
-0.271035
0.147208
-10.9077
-1.20732
-1.46562
-0.200267
0.73138
-1.27126
-10.2628
-1.36104
-0.324351
13.6447
0.432169
-0.965455
1.61728
2.94946
-0.167797
1.01169
-2.41266
-2.4214
-2.36786
0.158841
-0.0456292
-1.9475
-5.86156
-2.73346
1.3975
-1.85701
-1.23754
-0.902762
1.92237
-0.321824
-7.21334
-0.532595
-0.11164
-0.638123
0.653941
56.7472
1.03886
-1.50046
-1.32547
-1.86405
-1.37805
-0.652522
24.1608
3.22096
0.37812
0.537969
0.237918
1.55382
-2.87123
-1.18999
-0.162726
1.46956
-1.53568
0.643104
3.00183
1.51935
-0.169321
0.0402252
-0.240815
-0.269857
0.337996
-2.45137
1.04054
-1.06552
0.438141
1.1134
-0.0907918
1.05073
-0.0499201
1.98245
-16.6944
0.0638608
-0.568667
0.971178
-8.00317
-2.90506
0.511938
1.54211
-0.404936
0.141587
2.36819
-1.62181
0.942527
-1.29644
-5.84806
1.63759
0.0207633
30.8026
2.7028
-0.139912
0.194491
-1.90804
1.30233
-0.420961
-1.05834
-12.7435
0.312677
0.06839
1.69603
5.93473
0.397971
-1.06843
0.114765
-0.514497
-1.38667
7.3873
-0.973668
0.200503
3.99049
-0.117034
1.2143
-1.40974
-0.0594294
0.64513
-0.245424
3.08703
-0.802345
1.28702
0.863356
-0.771892
0.878255
-1.80752
-1.26423
-1.28804
-0.20826
0.934417
-1.23945
-0.272284
1.79964
1.58556
2.66766
-2.95375
-0.624202
2.76416
1.04067
-2.80793
-1.42067
0.539698
-1.18396
-2.77846
15.6832
-2.36459
2.4134
-0.392666
6.86238
-0.249123
-0.287652
0.294012
-2.18874
0.819882
2.99975
1.87611
-0.585057
2.30221
5.75377
13.1668
0.409209
-12.0106
-7.29085
0.0511214
0.799598
0.516717
-0.0543158
-0.234455
1.10696
0.149532
2.38951
-8.13241
-0.222219
0.94688
-0.607497
2.6422
3.0103
2.37606
0.514098
0.182747
-0.500283
-0.450958
0.947082
-0.366143
-0.811075
-1.50591
0.473549
2.13814
-0.0875895
0.163347
0.380714
-0.38346
8.60663
0.536911
-0.483458
0.0809081
-2.64613
-0.703692
-0.644105
1.27851
0.0335812
0.853451
-0.615918
-0.870911
0.230148
-0.114515
-1.16225
-3.05742
5.97692
2.13934
-0.221677
-0.139945
1.35198
-7.90099
-0.00173309
5.42159
-0.598316
-0.385769
-1.18445
0.921662
-0.336133
0.362254
1.27189
4.94734
6.01466
-0.62969
-0.258309
-2.19933
1.59388
0.971327
0.554079
2.22669
1.19233
2.43606
25.693
5.6356
2.11815
0.440851
0.262961
-0.247203
4.39314
-0.648483
0.0315632
0.915586
2.52469
-1.7117
2.8635
-0.986898
-15.0592
1.45472
0.582689
0.47461
-3.50475
1.65527
0.503548
0.587725
0.478534
0.000828541
-6.29537
0.937687
-1.71328
-0.901232
-0.889312
0.396408
1.19389
-0.629067
2.32065
-0.992096
1.61837
0.433094
-0.225413
-0.484858
3.7302
-4.90802
-58.1101
0.179905
0.427625
-2.36707
-3.65591
26.0939
5.84175
7.10396
-0.584384
-0.492493
-0.789124
0.606271
-0.579098
0.515338
-0.897253
0.909601
1.51315
1.50669
-0.828258
3.858
-0.379398
-1.32969
-0.362605
-0.432028
-0.0470981
1.90082
-21.7578
-1.91855
-2.7869
1.69557
-1.38082
4.99548
-0.14317
0.0417743
2.38747
131.835
0.897878
328.862
1.73189
-2.31199
2.55192
-0.237765
-0.600539
-0.435893
0.283824
1.64621
7.1419
0.646899
5.68014
1.10233
-0.598192
3.90036
0.346069
0.581148
-2.42521
-5.38698
-18.4201
1.35546
-2.00254
-0.668115
0.841082
0.42862
0.883506
-0.46126
-0.522064
-2.41669
0.486732
1.00312
0.0713846
-9.06198
0.479011
0.332137
-2.13874
0.752921
3.04582
0.510271
-3.89184
-2.154
-0.826813
-0.0819381
-1.95035
-0.194135
-0.159033
1.50887
2.51799
0.527035
-1.77781
-11.9805
0.720356
-2.24982
-0.119642
2.60658
0.31069
0.534967
-0.718347
-3.70721
-0.184588
2.23792
-0.469114
10.1712
0.32795
0.340157
4.3229
-2.26449
-2.88332
1.42935
-2.18047
-1.23994
0.561668
0.563598
-0.200141
1.19708
-0.853477
-0.057732
1.31775
-4.93286
1.20198
-1.62154
1.37037
1.45216
-1.05268
-3.59803
0.686311
2.59917
-2.83848
0.817511
0.0450832
-23.4995
-0.0213163
-1.87236
1.10034
2.05684
2.17779
-14.7445
6.07107
-0.559724
1.72556
2.20181
-28.6218
-0.122488
-1.00228
2.63971
0.0609349
0.286491
0.555898
0.815383
49.3071
-0.408596
-0.643356
-6.06926
1.40636
-2.55061
-0.861011
1.34579
1.62281
2.922
-0.838974
-2.97948
-1.33545
0.557529
0.584367
-0.0558441
5.28899
0.789952
-3.61678
2.89718
-0.867131
-1.30385
-0.745733
-0.330484
-1.47947
3.96723
-0.00219147
0.290739
-0.991861
0.0344469
0.180834
-1.33471
-1.55077
0.448158
0.660077
-2.23786
0.367904
0.541657
-0.35272
-0.127754
0.980581
0.149017
0.858654
-0.0768597
7.17245
-0.0535787
2.30724
0.491704
0.253797
0.141078
0.782879
4.18053
19.1361
1.5576
2.6364
0.782418
0.408999
-1.13265
-6.86022
0.444789
1.22057
1.38945
-1.10224
-0.816958
1.63129
0.798127
-1.25843
0.444004
-9.8009
-0.067525
0.57451
-2.49289
1.15074
0.56121
-0.155525
0.385424
-18.1964
0.273109
0.323033
-0.043102
1.23515
-1.85099
-0.354604
-0.615192
-0.710204
-0.462559
-0.937039
-2.79538
0.77041
-43.9366
-0.95472
0.134411
0.265385
2.48977
8.5391
-0.636187
-0.504815
9.54233
1.62583
-3.36767
-1.22737
8.29333
0.412277
2.55391
3.68535
2.00268
-0.148659
0.544879
-1.264
-7.96005
-3.89214
0.131903
0.65618
-0.685614
0.832308
0.86404
-3.78951
1.56526
-0.853336
-0.0365233
0.102561
-3.48477
-0.669607
-1.04078
0.223939
0.456653
0.753629
-0.54385
0.181931
1.26965
0.873566
3.14083
-2.51246
-1.50924
0.189493
-0.358121
-1.88053
-0.141339
110.714
-13.4971
-0.738839
2.79476
-0.552396
-18.6027
0.473702
-0.520412
1.02101
0.0958564
-0.518996
-3.76499
0.179765
-0.444126
8.02019
-0.325267
-0.798606
2.24749
4.57684
2.78219
5.97571
-3.88536
0.411757
-17.4967
1.1641
0.777738
0.134408
1.87418
0.661161
-2.62564
-2.42138
0.452636
-13.3477
0.602938
-10.7875
-0.491546
-5.78168
-0.0926636
0.84134
-0.20505
-3.62162
-0.613869
-1.50252
0.998231
-0.90125
-0.0667082
-1.07572
-0.170139
-0.027662
-0.76881
-0.107991
-0.10883
-0.256468
-4.71886
1.03244
-0.212878
-1.40801
0.696983
-9.00598
-0.0969503
-103.868
0.83618
1.04871
0.0850703
1.61983
-0.530556
0.271045
-0.679455
-0.94666
-0.435601
-1.57547
0.921657
4.20909
-0.888662
0.587605
-0.503733
0.195683
1.13585
-1.22303
-77.7191
-1.28664
1.58203
-1.24565
2.55572
-2.63851
-0.0405994
1.04653
0.697499
-0.213191
0.632346
0.150763
-1.21932
1.56736
-5.83171
1.64715
-1.00582
0.500878
-1.8093
1.99878
2.00581
7.34233
9.46691
-1.94302
1.20447
0.335281
-0.812138
1.41422
-0.475375
0.0323717
-1.00471
-2.94794
-0.46011
-1.97447
0.352522
2.6627
0.76321
0.615102
8.89389
2.88984
-2.9093
-2.49899
-1.62824
24.0274
-0.736548
0.19272
-0.00132481
-0.797692
7.23025
0.247909
0.130461
-0.904804
-1.11908
0.116969
1.20396
1.77759
-1.23523
0.319148
0.136185
2.36043
-0.858436
-0.280249
-2.93768
-1.88228
-15.1009
5.79243
-157.818
0.140839
1.70693
2.30688
-1.73514
-0.0915019
-2.15539
20.7209
-4.34251
-4.69898
0.820692
0.0552228
0.692716
-7.88595
-0.27842
-1.79082
0.150115
1.99576
0.48405
-0.707552
0.555696
-1.96251
1.20164
-1.27254
-8.84852
1.14569
1.0542
-0.864721
-0.144573
0.21937
-2.14184
0.619576
-1.92376
6.28566
0.000737084
0.0323139
1.1558
0.126456
-0.757016
-0.494368
0.0103816
18.1809
0.692281
-1.49755
-3.38789
-1.35751
1.3992
0.663502
0.0356771
5.66193
-0.285453
-3.68655
10.8929
-2.42527
7.1605
-1.59313
-0.369062
1.21396
-1.68383
-4.63861
0.0282619
-2.51636
0.569848
-0.727265
-0.692943
-0.582827
1.96499
0.256295
2.58227
0.190692
2.06554
0.462339
-0.692708
3.40114
0.822577
-3.84459
1.02724
5.21538
0.299129
3.14836
0.245887
1.37877
0.334105
3.48715
-0.00554791
2.49884
-0.835278
0.191156
1.32888
-0.404545
-3.4343
0.430915
-0.147703
-8.2373
-0.0842059
1.56931
-1.19783
2.65227
-0.106931
1.23036
0.809803
-0.311624
0.616147
0.729236
-0.128068
-0.623636
-2.51799
-1.50424
0.918158
2.09608
0.123095
-18.8674
0.757137
-10.0485
-2.08757
0.841702
3.5684
-0.360586
-4.04674
9.84785
1.98211
5.38465
-0.425619
4.28648
-1.46922
0.212732
0.629922
1.02334
0.559168
1.64016
-0.0206965
-0.674723
8.91037
-0.570482
3.57042
5.29863
-2.01972
4.37938
2.92725
-0.280839
0.608273
-2.87385
-11.5205
-2.66775
-0.0862129
-0.639543
0.0926553
-0.731621
1.57029
-0.387758
0.141952
1.09243
-0.0564318
-0.105115
-1.71957
-1.33082
2.61688
0.152479
-0.157398
7.77593
-1.34757
1.07431
0.563424
-141.813
2.43991
-0.0782952
-4.52086
0.931591
3.35463
19.5604
0.382699
-0.714176
1.75012
1.57686
-0.131507
0.310131
0.728612
13.0473
2.12529
0.0698711
2.3292
-2.1545
0.767363
-0.525352
-2.0954
1.89562
-0.148552
0.220597
-10.1206
1.68596
5.00815
35.8871
4.90355
5.02787
-0.375549
0.653288
-6.89662
-0.695025
-0.22296
-7.73832
-1.30416
2.10347
-0.467108
1.56956
-4.93006
-0.779586
-0.497677
-2.33214
-0.642308
-0.240753
-0.398586
-2.77821
0.068652
0.789844
0.560098
0.888208
-3.88578
-0.382511
0.469155
-9.5391
-1.75662
-0.0744339
-2.83901
0.0603376
0.544596
0.993805
-4.93977
-0.0810615
0.33067
-0.603705
-0.182193
-0.244309
-0.0542769
1.90713
-5.34328
0.727318
-1.14114
-0.408341
7.89589
7.86943
2.32286
-0.277433
2.04272
-0.297877
-0.702823
1.5463
0.949676
-0.71873
-34.4812
0.345888
0.49701
1.43623
-0.572767
-0.0407476
-6.02892
3.14356
0.464516
-0.163473
-2.88021
2.28713
65.5136
-0.175461
2.41131
-4.10149
0.340649
-1.56713
2.66143
-1.26496
-2.24006
4.21782
-0.835575
-0.358217
-240.398
-0.615049
0.0437732
-0.330428
4.0198
-0.244473
-1.59795
-0.163025
-11.8293
-2.85605
1.59416
5.38294
-5.40424
-0.032859
-0.57049
2.31268
0.584963
4.9329
-3.0271
-0.0677206
3.02712
-5.93403
-1.81258
0.0645989
-0.0127588
1.00702
10.4043
2.05965
-0.245871
8.80537
4.24319
-0.247257
1.14467
0.0678793
-0.621654
-0.136986
-8.74802
4.95072
-0.397478
-1.99626
4.55739
76.5403
-0.466798
13.1227
0.715175
7.98479
-0.297895
0.606035
-0.569477
-1.06201
-4.01951
-0.922757
0.113423
0.843054
-0.929308
1.75011
-7.7464
1.07298
0.329354
15.5031
6.83024
-0.17216
-0.316907
0.0641701
-1.24151
-12.3364
-1.41709
0.262856
-1.53246
1.78235
-4.06456
-7.72345
0.289972
0.478316
-0.31938
0.280833
-0.342586
-0.433657
-3.44136
0.846333
-3.39062
0.729491
-0.681249
1.80154
-1.60287
-1.53149
1.62538
-3.26093
1.40573
0.150755
1.64533
-1.99265
0.0672843
-0.156588
-0.296254
-4.42763
0.381408
43.8301
-0.449873
-1.07092
-39.9278
-0.678811
0.909813
0.681362
6.58706
0.630646
-2.85088
0.01477
-0.445696
-6.3504
-0.411433
0.396544
0.191711
1.19395
-1.40837
-0.652728
0.063132
-3.10855
0.638298
-9.77137
3.21856
1.24937
-8.19608
1.39351
0.0428155
-2.54303
1.41622
-0.118383
-0.179302
0.323383
-35.4042
0.404306
0.177525
0.748205
0.159891
-1.66708
-0.12354
5.16641
-0.577133
2.50305
1.05899
2.02211
-0.677179
-0.235198
-3.57793
-0.604318
-0.363254
0.0745645
-0.37835
1.14823
-0.144637
0.396345
-0.577547
0.302269
-0.146736
0.46881
-1.07146
-18.1194
0.145685
0.196788
1.02542
-4.27003
-0.20776
0.347768
0.716516
-0.181591
-0.283371
-0.0526331
-0.510957
-0.0555915
-0.471435
1.59643
0.115005
-2.82869
-0.191614
0.0387993
3.62253
-1.48091
118.593
-3.74235
0.151278
-2.06362
0.48748
-4.55478
-9.97949
-0.205909
1.74242
-3.86899
0.501505
2.78255
-1.35607
0.121209
1.37955
-1.21812
0.900027
0.272687
0.155892
1.02329
-0.388142
0.70305
-0.779457
0.0134043
-32.791
-1.83395
4.00858
3.80518
-1.08795
-1.37185
-4.1677
-0.572071
0.855243
0.479059
-0.444393
1.39155
-1.48713
-3.23367
-0.564746
-3.75531
17.5633
1.1061
6.00388
6.7504
2.52742
-32.4356
-0.0206996
3.64176
-1.6235
-0.00671524
0.418788
-0.792502
1.71309
-0.225677
-2.47894
-2.47544
0.126898
2.95719
33.2624
0.344926
1.85943
2.16564
11.9444
4.89123
-0.916053
-0.322398
-0.504846
-1.1852
-0.584911
1.55355
0.405272
0.0829946
-0.738802
-0.171717
-0.809425
2.23337
-0.55187
4.08876
-2.13211
0.642963
1.91683
-0.159767
0.652526
-0.536559
0.723279
-0.174866
0.361739
3.46867
-8.6017
-0.745979
-0.0491412
5.12668
-0.400885
1.106
0.430248
-2.00619
-0.0808696
0.612077
0.0906268
1.69397
-1.2931
0.198383
-0.361533
-1.33267
1.72067
2.58356
-0.879789
0.347635
1.35244
-0.481264
0.866531
11.7787
-1.98876
8.13937
1.65506
1.92273
-0.409409
11.981
0.103564
-1.4334
1.82208
-2.56751
0.633593
0.392645
-0.229043
0.00795418
-0.404527
1.78752
-3.02095
0.829801
0.231091
0.529985
4.55722
-15.1663
-0.405207
1.23193
-0.175783
0.0353804
3.50849
-1.13817
-0.606414
-0.422158
1.46086
-3.31081
-8.94836
0.34364
-0.370785
-4.23404
-2.95628
-50.3949
-0.132028
0.484682
-2.35411
2.56321
11.7814
0.802464
-1.14742
0.548701
0.0880693
0.278913
1.30718
0.19747
0.473134
-0.999323
-0.544888
3.95217
3.70434
-1.46768
1.35569
0.18142
-0.251588
-7.05084
-0.388921
-1.42124
0.439039
-0.262652
-0.0738446
-1.55609
-0.0314779
-9.22553
4.42404
0.403784
-0.420737
-0.108686
-1.51989
21.6247
0.120029
0.661005
0.730967
-2.21184
-11.3028
-2.48566
0.69525
0.763331
-0.0549227
0.409294
-0.775474
-2.19105
-0.0318382
0.101356
4.31156
-1.59156
3.12879
0.766269
0.326591
0.933218
10.4222
-2.49091
8.15178
30.2997
2.93175
0.860994
-0.425506
0.273203
25.2716
3.63738
0.302768
4.20288
0.0740092
-0.763592
-1.64542
0.948513
0.748634
-1.86944
0.757275
-1.79641
4.25249
-0.90383
-4.60498
-15.5706
0.630671
-0.441488
-0.681024
-2.71131
0.977427
0.160396
-0.327764
-0.123598
-2.11211
-0.417593
1.85211
26.4622
-0.522452
2.97408
-2.21283
7.32771
1.49115
2.20437
2.73841
-1.29702
0.157438
0.344969
-4.08365
3.21147
-0.299902
3.36435
-0.391518
-0.841334
-2.0322
10.6386
0.305245
0.34483
-3.4502
0.74323
0.637947
3.2735
0.32426
1.12191
0.609131
-0.628705
0.903186
-0.305115
-0.591642
1.32274
0.917995
0.593098
0.269932
-1.58103
37.1374
-17.7741
1.54074
1.71143
0.434942
0.352546
0.397866
-0.550652
0.809929
9.51389
-0.263093
2.90771
1.22786
0.596916
-2.65131
0.490965
-6.62634
-0.685465
0.77544
-2.23996
-1.67848
-0.0789093
1.47195
8.21521
-0.876144
-52.9148
-13.3881
0.370014
-0.244164
0.285756
-0.0441323
-2.61428
-2.28571
-1.61377
-4.06998
2.63715
-113.453
-0.144383
0.370881
1.27904
-1.05968
-1.95998
127.262
-0.165599
1.73454
-0.645469
-1.18855
-8.74209
-0.430955
-0.579836
-31.7815
1.24708
0.271525
5.81916
-0.520827
25.2162
-0.308865
0.0234639
4.16498
-0.638056
-2.25222
0.0388511
0.328969
-0.796672
1.16734
0.862325
-0.276688
1.71521
-0.0349942
-2.81069
0.697699
-2.39771
1.17791
-0.334829
0.0857123
2.69555
-1.14852
-4.34465
2.1326
-0.60968
-0.727745
-0.475846
8.30468
0.0319206
-1.66235
2.0011
-0.567955
-0.639225
3.16605
-15.5128
1.39506
-1.19276
-0.642025
0.431012
0.274829
0.777503
0.536093
2.78568
27.0106
1.50373
-0.916761
0.404204
-1.79514
1.83078
-0.181215
1.23713
-0.466511
-1.70527
-3.80577
-1.24332
-1.14347
1.24977
18.8462
0.179385
-0.472687
5.08997
-0.876854
-1.86697
4.35965
-8.14157
0.676703
0.994628
-0.146435
-2.78437
0.733669
0.758172
-0.77433
0.345177
2.9983
3.95534
-4.07688
0.234272
-0.374483
-0.672948
3.89387
-2.81718
0.9687
-0.0136834
0.556715
-0.0341571
0.0192472
-7.30374
2.6038
0.742722
2.21821
9.76246
-0.903414
-1.35361
0.963594
-2.02206
-23.7475
1.36426
0.62247
-0.487741
-0.931714
1.28004
-4.3773
0.450976
-0.457131
-7.41747
0.428347
1.75683
1.21198
10.5082
0.0859688
-0.637009
0.0277352
1.08944
0.305384
10.8954
1.5167
-0.314136
-0.301039
-0.0404338
-0.604577
-0.33163
2.2652
-1.76666
0.235634
1.12845
1.18435
-1.9477
-0.0930136
0.970306
0.144473
-1.01244
0.404713
66.6917
-0.665777
1.24956
5.35072
-0.655815
0.417843
-2.32538
-2.26257
0.850585
3.48003
9.40722
-0.595731
3.89905
2.11829
1.1398
0.470968
8.79753
-1.76376
1.80856
0.0637077
1.49307
0.200925
0.106583
2.05083
-0.287874
1.75132
-0.133376
-0.623375
-6.5705
1.38256
0.265502
-0.83655
-50.7961
2.32208
-46.7159
-1.46596
-27.0379
-7.60264
0.22873
1.16521
-1.24707
1.67581
0.748979
8.93088
-0.797383
0.231791
0.97464
-2.38685
0.656256
-50.0433
0.134177
-5.67882
0.958851
0.120515
0.158147
-0.182562
-2.85155
-1.818
35.3117
1.07251
0.751869
0.10708
0.243135
0.873522
4.7532
-0.920687
0.585282
-0.468917
0.572617
0.218585
0.246549
-3.74896
32.7849
-2.01951
3.12727
0.553751
0.543581
0.672802
-0.902185
-0.0157474
1.16644
1.5908
-0.368775
-9.05094
0.39864
6.3069
-0.195839
0.0929004
3.33942
-0.328441
8.54733
0.929113
2.28404
-0.504476
-1.8048
-4.08194
-1.4945
-1.41154
-1.74257
0.34365
0.477034
0.261551
0.332983
-8.62927
0.701252
0.171836
0.00756485
-8.18735
0.754999
-0.0916934
1.57123
-13.8403
0.46331
-0.170203
3.92007
0.198117
-2.96295
-0.233277
5.00919
-3.1995
-2.93863
-0.716124
-0.174566
0.146172
-6.42297
-1.67554
-1.00326
-0.172839
-0.536724
-1.31797
0.559184
-0.0264666
0.515522
-0.418343
-11.1074
-12.69
21.0669
4.58059
-1.16822
3.71815
1.54706
24.6774
0.706198
0.616625
2.28346
1.97203
0.578301
0.236131
0.374694
0.00931254
2.19427
-2.83621
-0.534594
0.305837
-1.19848
0.348516
0.0877295
-0.509231
0.295705
2.40494
0.43462
0.66884
-0.0480439
2.13764
-1.97105
-0.622048
0.172537
-1.40045
3.04154
-1.52559
8.84227
-0.038108
-5.23835
-0.702678
-4.78812
0.754744
-0.311744
-0.0754585
0.989569
-0.281125
-2.89185
2.16719
0.373647
0.710715
0.234312
-1.31061
-7.114
-1.32679
0.662078
0.147692
-1.76756
-0.560689
-0.338586
-0.175019
-234.2
0.699556
0.854127
-0.124939
1.25459
6.50627
0.438946
0.913854
-1.01306
-10.3546
-1.10904
-10.5352
-0.527425
-8.88834
1.51819
-0.486462
0.88773
-0.665111
-0.388438
-0.0140472
-4.62189
-0.183499
3.50333
-1.0165
0.9568
1.43596
-0.612678
1.5657
1.27315
-14.6701
1.17634
-10.9063
0.47432
-2.33548
-0.35801
-1.45432
0.256745
-0.480848
0.440648
0.490912
-0.550006
-0.504024
0.0472679
-0.21126
-0.0418043
6.4074
1.27594
-1.69646
4.74111
-0.776471
-0.603673
4.80443
0.501203
-0.693562
-0.1053
-1.44227
0.328049
2.0305
9.7516
-0.739367
-4.86092
-2.01643
-0.432329
-0.197287
-6.20095
-2.40358
-0.558315
2.80142
1.53185
3.71134
4.8608
0.349884
0.482081
1.54129
0.963256
-1.14698
-2.34169
0.460768
-1.52142
1.01483
0.678271
-0.259184
0.949315
-1.93942
78.0677
0.85403
0.684972
-0.171151
-7.39648
0.937225
-0.499202
0.166611
0.519082
0.082818
-3.57275
-13.0313
5.18423
-29.4499
30.1101
1.9359
1.28251
3.18716
0.889795
0.382744
-5.96586
0.370995
0.35358
-0.595219
0.81014
0.446979
-0.00680472
-6.25901
-7.97485
-3.56812
-0.0149491
2.81111
10.9235
-0.720067
-0.391098
0.456335
-4.25165
0.206586
-1.09736
-0.243324
1.79592
-1.22693
-1.47344
0.474222
0.418588
0.347085
-0.400608
-1.45318
2.49432
-0.725603
2.65345
2.61899
-0.477336
1.47563
1.23488
0.0815616
0.221372
1.85624
0.47761
-1.26054
-1.84153
-8.19328
1.89821
1.39487
-4.64504
-2.6093
-9.8975
6.0442
-0.827445
-1.17809
0.436465
0.105216
2.11423
0.318266
-0.179367
-2.85116
1.74641
-0.265838
0.550126
3.53756
26.2858
-0.227459
-0.0232135
0.887645
1.44414
4.0077
2.48548
-0.412213
-2.88081
2.8019
0.00934548
0.280091
2.37245
2.52444
0.00843528
-0.455646
6.10163
0.250773
12.1048
54.2268
1.92565
-9.59731
-1.26246
1.41967
0.0184168
0.678651
-20.5727
0.352039
0.00182708
5.57045
-5.61738
3.54364
12.5773
-0.921171
1.43869
-0.541475
-3.40198
-0.784326
0.247449
-0.157958
2.17408
-3.63571
0.0992821
0.152132
0.116819
0.668909
-0.726419
-0.769817
2.82002
0.513559
-5.49158
92.0521
-0.642936
5.34214
1.66294
0.359343
-0.118345
-2.09512
-0.843126
0.181834
-3.31202
-0.480806
-1.36262
-1.3118
3.19164
0.591808
1.28189
0.815145
-1.55903
-21.5637
2.43363
0.627996
-0.0637824
-0.589088
4.68196
0.450422
0.919757
-0.654226
-2.03332
-0.972993
0.312923
0.0449313
-1.73065
-0.0361063
15.2965
0.0266001
-1.69503
1.99603
-0.627272
0.595548
-1.28424
1.588
0.0292478
2.05565
-0.334474
-0.209169
0.505203
-1.53816
-2.69606
-0.0884399
0.607364
1.15575
1.00317
0.721891
-2.20063
0.142172
-0.726392
3.0768
-2.08376
2.78471
0.160766
-0.852322
5.54194
-0.650748
-0.284903
0.778176
0.267062
0.319195
-1.16815
1.3574
3.21438
3.81418
-0.750227
4.9528
1.36467
1.07428
-3.0327
-0.479013
0.00360826
-0.272804
-0.281443
0.969773
-1.43319
-5.35724
-0.322875
-0.36324
0.724488
-1.63485
-0.428642
-0.969775
-1.36182
3.8874
-2.5002
-13.4978
1.14846
-1.40105
6.54987
2.62687
-1.18533
1.80358
-0.16421
-1.69425
-1.05769
5.18287
3.28899
-2.59764
0.786607
1.55249
-1.01059
1.10995
-0.916721
-0.46066
-0.424256
1.5869
-0.2789
0.312799
-0.635831
1.13406
-0.208048
0.350639
-0.733296
-0.0880312
-1.07104
1.5682
1.21964
-1.85941
1.1827
-0.847217
1.42969
-1.40122
-3.76375
-1.60536
0.866223
2.38616
-0.348626
-0.473285
-0.415192
1.41097
-5.62604
0.482615
-277.691
-2.47101
0.677102
4.74824
-5.21574
-0.255768
12.2869
1.02806
0.355138
1.0951
0.128018
15.4106
-0.4989
0.707404
0.100567
-0.375588
0.204431
-0.558645
-1.14489
-1.57717
0.344722
-0.487827
5.78327
1.09361
-3.46252
1.6659
-1.25999
-0.354843
-0.186219
-5.47333
47.7959
0.0889271
-0.525051
-3.54733
0.865082
1.16701
0.838523
-1.30727
1.96893
-3.32035
-0.066624
-0.728872
0.804311
0.134085
-3.00755
-0.359758
0.647278
-4.14189
-66.4452
2.85125
-0.15207
-1.47639
0.326552
1.91872
0.0660572
4.53259
0.292728
-8.68363
0.846885
-1.12173
7.56303
-0.86238
32.6069
-1.5546
0.495625
-0.254288
-0.907514
-4.56325
-0.884557
-2.3324
-0.689141
2.64206
1.78107
-1.28505
-0.296881
-1.28226
0.454474
0.596075
-0.390813
5.34395
12.7918
-0.732103
0.953667
2.85037
-0.178221
1.16602
1.50278
-0.285301
2.05895
-3.21796
-3.95552
0.965413
0.0285409
-0.101875
0.554611
-0.125691
1.6581
0.709586
-1.12009
113.839
0.78936
1.20438
0.639701
4.12293
0.798265
1.77978
-11.7168
2.12271
-0.570828
-3.03934
-2.69105
0.844446
0.98378
-2.68414
1.46096
1.13269
0.0814241
-0.5733
-0.724999
-0.128154
0.816227
-1.5042
2.73238
-4.65402
0.452331
-0.131365
-2.53217
5.10934
0.0539346
-2.59202
0.339749
0.00749618
-2.55721
-2.36224
-0.000748819
0.888705
-1.24943
1.57085
-19.5643
-1.03024
3.05334
-2.74618
-2.37992
-0.546302
1.8244
1.31304
-0.545224
-0.983611
-0.837437
1.28544
0.549081
-5.18153
2.05692
-0.0490347
1.99615
0.192828
0.738929
-4.25217
-3.04665
0.248923
1.28987
0.0418557
-7.03899
0.192621
-0.908177
1.93563
-0.688974
-0.140251
-3.00537
0.673291
0.516144
-2064.54
-1.78031
-1.3016
0.0832577
-0.188406
0.00592592
0.866749
-3.63379
-1.79628
-1.50192
3.08798
-10.4401
1.51675
0.466756
4.57432
0.706475
0.47984
-0.356552
1.12562
0.420389
-0.206811
-1.93784
-6.28691
1.04447
-0.60595
1.11302
0.0817237
3.12511
4.24403
-17.9021
0.270089
0.31971
-1.18269
1.06943
0.292423
21.1768
0.774039
-2.1963
-0.0309609
11.8559
0.249201
6.99616
3.15766
0.270171
3.3995
-0.201371
-22.285
0.262298
2.03875
-0.481591
0.707818
3.59785
-1.37526
-1.71745
0.391895
-1.13399
-0.424645
3.32516
-17.6242
0.917799
2.15628
0.698497
0.07614
-104.832
3.95094
-0.19911
-9.50688
4.09626
-0.0243797
-0.966772
7.52973
1.17875
1.29389
1.64219
1.57223
-0.21013
-0.529753
-0.515421
-0.0980106
0.764303
-0.565476
1.63548
-0.886868
0.102486
0.178184
0.126202
-1.04784
0.15325
-2.57599
0.463013
0.304621
-0.98536
-0.340944
0.595338
-0.116164
-0.140089
1.70352
1.15813
-0.176966
-0.468471
0.945505
-0.890741
-1.16372
0.345379
0.544809
0.780554
2.14239
-0.635635
-0.822106
1.18317
-2.81527
-5.06642
1.63919
0.945907
-0.559329
0.652013
-45.4767
2.53443
-3.75947
0.0471649
0.682842
-43.7519
-4.56101
-0.0691277
-4.34548
-2.12078
0.406143
-1.71423
-0.269396
1.76965
0.870938
-0.00577003
-0.412668
0.562514
0.336698
1.47351
0.45975
-0.048482
-17.3363
0.0894937
-1.54426
0.684557
-0.178871
0.28351
-1.69739
0.595887
0.8393
7.31379
1.08298
-0.156517
-0.398255
0.463774
-0.639963
0.308203
-1.35518
0.375928
0.478739
3.45141
-0.296677
0.00094367
-25.4669
0.334747
0.0897369
3.07544
1.0019
-0.53946
-0.519261
14.1853
0.543756
0.47109
45.436
-0.251073
-1.34338
10.5092
-0.158774
-0.341313
-1.03684
-1.92527
-2.98398
-0.627833
14.7003
0.960507
4.21099
-5.18853
1.55568
2.27113
1.03373
0.298501
0.990123
1.26049
-0.686699
-0.823805
1.44909
-0.921979
0.475576
0.743139
4.51481
-1.49186
1.33034
-0.652297
-3.68567
0.943724
-2.78592
0.514965
-2.57261
1.0342
-2.38047
-0.734578
-4.64185
-1.09322
2.60334
-1.44131
0.355943
-1.21662
1.12339
-2.48697
-0.57532
0.634963
-1.22112
-1.25235
0.38711
7.10385
-0.133089
-0.149956
-4.41764
-1.65139
-2.42073
-19.1281
1.5654
-0.279873
2.39623
-24.0873
0.653599
1.09083
-4.81412
-0.944122
6.71844
0.771911
-3.09307
-0.819548
-0.690284
-1.66912
1.87146
-0.0458787
5.43828
-1.63683
-0.176037
0.764231
1.03399
0.623005
0.0879122
-0.383841
0.390861
0.680068
0.0909367
-12.1979
373.184
0.164674
-2.26279
0.389196
0.969867
-0.213564
0.244063
-0.479955
1.82112
-0.0320781
0.713039
-0.192595
-1.02868
0.365017
-91.1666
-0.766725
-0.80546
-1.88404
0.907233
-0.707034
1.33676
0.277645
15.4398
-0.650604
1.69382
1.52719
0.160887
2.67626
0.818392
3.75173
0.484762
-3.96031
3.65191
0.43117
1.25956
0.359936
0.515693
28.9437
0.234603
0.43683
0.978876
-0.214146
-1.0443
-0.714897
0.674309
-7.01193
-0.00353824
4.75752
0.759993
-10.2034
1.33156
36.9481
-6.75268
0.444307
0.0942083
-1.97677
-0.346556
0.0144952
-0.247102
-1.72538
2.16502
-0.869921
-1.33811
-0.100019
0.237582
-0.142558
1.97773
2.84897
-3371.01
4.26827
-1.2651
0.707501
0.170778
-1.07008
0.358443
0.576814
0.735382
0.894911
0.618934
-0.0552932
0.311069
-1.28965
30.9343
0.667786
-0.850873
-2.50749
-0.381002
0.989876
0.14563
0.51098
1.41402
-0.488154
0.779834
-34.0403
-3.98026
1.1745
0.278906
1.29592
-0.781771
-6.28761
-3.53606
0.820526
0.562004
0.286557
0.592118
1.10859
-1.58676
-1.27411
0.994382
0.123272
-2.87111
-0.0848848
-0.0621344
-0.263209
-1.28006
0.165539
0.659415
0.0263203
-1.47629
-2.6763
1.93658
-19.5919
-0.402215
15.9676
-2.91571
55.6684
0.281923
4.58271
-0.185298
-0.90607
0.56327
0.874627
-0.508573
-11.104
-0.31402
-0.0931142
5.89978
0.0853366
-74.6649
-8.01438
-4.60277
1.04673
-0.652055
-0.0956009
1.08749
-0.223647
-0.26685
15.2545
0.132375
-1.61886
0.989272
-2.09201
-1.58953
45.0536
-0.131679
3.15435
0.00277665
0.0326099
-0.391192
-0.870299
0.628663
1.33098
0.0526361
3.10983
9.28334
0.723451
-0.0597235
-0.399264
0.0284549
0.682881
-0.300152
-0.883197
-5.6109
-3.86578
0.955568
-0.950264
0.115703
2.02098
-2.91342
0.346242
-2.44253
4.68902
-4.54101
2.68721
-3.04081
-5.19775
1.38216
-1.31199
0.13604
0.79367
-3.89158
7.20268
-7.65819
-1.37412
0.555766
5.06272
0.193042
0.124314
-1.71592
0.058313
-0.542394
0.323494
0.586861
1.28564
0.505584
1.23496
0.22334
-0.665456
-1.01418
-0.578102
-1.19213
-0.42915
-0.19433
-1.57457
164.518
-1.99457
4.83916
0.625013
1.01477
-0.230345
-3.53631
-1.33885
3.48268
-0.547439
-1.28533
-4.26286
-0.56179
3.28967
-0.507874
-3.38583
-2.67472
-0.084673
10.0804
-0.545691
0.479715
9.16777
2.26077
1.34897
1.58452
20.3175
0.101435
-0.274971
0.906379
1.08754
544.41
-0.17388
-0.0821025
-1.31802
-1.59832
0.613396
-0.0963325
17.701
-2.02866
-5.42865
11.9469
1.0061
11.996
-1.08328
-9.74921
-0.0225135
4.91596
2.29468
-0.38682
1.23535
9.20424
0.400585
-0.506497
-0.0402955
0.49993
0.797777
1.10672
-5.23081
-2.23845
40.5818
-3.12462
-0.234213
0.734026
-0.380373
-3.88521
2.80955
-0.9227
11.8602
0.870594
-0.494549
1.14294
-0.481531
-0.956272
0.409187
-0.15242
-0.53188
-0.0193682
-0.47639
0.138802
95.6599
-4.08208
0.90702
-0.628303
-0.54484
4.83075
-0.150572
-5.3616
-1.77215
-1.35098
0.114412
4.17307
0.567244
1.05232
0.177501
-1.5
5.36504
-0.901368
0.591724
0.0538054
-1.02372
0.418997
-0.258944
0.257707
-1.19897
0.511888
-0.0338662
31.5437
-2.52781
-1.44458
-1.49933
0.42659
0.339166
20.4447
-4.20796
0.9517
5.27186
-1.00524
0.361958
-1.14815
0.261437
-0.243252
1.39128
-5.56548
0.0375786
0.38039
-1.15206
-1.32117
-0.190431
-6.28854
-0.471813
-1.57885
1.29994
-0.999191
0.351282
0.419029
-1.93665
-0.237051
-1.95688
0.346715
1.14909
2.02679
1.18815
0.97904
1.51195
4.57584
3.91964
-0.19474
-0.743415
-15.5113
-6.98257
0.0765519
0.876919
-17.6066
0.5884
-2.52446
-2.42431
-1.26621
-6.34524
-2.41652
-0.649491
58.6308
-2.09204
1.76696
-0.910548
0.850259
0.0482489
0.426394
0.87688
-1.27097
-0.208933
6.64061
0.887966
-0.679931
-3.20516
-3.70794
0.166172
0.474097
-1.40356
-3.35341
0.273573
0.0283633
-1.31218
0.955566
5.22646
0.590953
-0.495793
0.740467
0.850661
-1.07351
-12.6123
0.478458
-0.798735
-1.16674
-9.89908
-0.584537
-6.01378
-2.20047
2.21017
0.215631
-1.63928
1.18121
1.81113
1.59373
0.657938
0.646574
-0.178181
-0.0985579
1.66713
0.494704
5.41065
-2.41437
-1.16214
0.178193
1.3902
-0.310273
-0.636352
0.0779961
0.963842
-0.667767
0.737165
0.140137
-0.846647
1.52461
-1.52879
-3.43716
0.543412
0.408144
-0.897313
0.1792
-0.598942
-6.21265
1.17429
5.89834
-1.05539
0.479724
1.83441
-0.761786
-0.0222707
0.545931
0.143992
-2.89534
-0.521651
0.319615
-0.387159
257.589
0.44276
-0.970536
0.321889
-0.443924
9.81612
-1.14316
-2.6617
-3.18675
-0.244359
1.20513
1.23375
0.141606
-9.24335
0.582654
-3.11857
0.106755
-0.0526126
-2.3171
0.350778
0.680394
-1.21493
-0.690431
-0.306067
-0.610967
-2.24864
0.132486
-1.62746
-2.69743
-0.47139
-0.424414
1.10376
1.37972
-0.661953
-2.31791
0.0933607
14.4529
0.0179711
1.35798
1.04791
4.56094
-1.47487
-2.04769
0.495549
0.760386
1.91502
-1.03456
0.700706
1.96213
1.79061
-0.867706
0.926729
0.252649
0.47929
-0.356683
0.127574
-1.10586
0.695406
0.10741
-7.4382
-2.72277
-0.508046
-0.0607102
-0.100997
0.545714
-11.6187
2.99704
1.05717
-2.50699
0.637563
0.165143
1.49041
-2.13588
2.30588
0.0254354
-19.0886
2.67816
0.194138
0.924398
1.58287
-0.243573
0.436545
0.69724
1.15161
-0.264729
0.14601
0.280331
0.104728
-4.64601
-1.0046
-0.63053
-4.78618
1.32211
0.367608
0.473443
-0.196224
-1.45275
4.75369
2.64766
-1.84324
1.41427
-0.43105
-0.828956
0.405634
-0.69527
3.69768
0.745268
-0.465573
-0.12807
18.1495
-0.232518
-1.21497
1.19029
-0.638101
-5.25439
0.117258
0.0141372
15.0073
-0.64818
4.61531
0.19421
4.60031
0.204945
-2.85457
1.9969
-4.11125
0.420761
-0.274942
-0.242177
0.941349
0.556281
-0.0429246
1.31334
5.62493
-0.165034
-0.0146345
-0.606204
-0.191376
-55.0022
-0.0556633
0.40024
277.475
0.261278
-0.251896
-0.943151
1.80927
-34.8142
-2.23973
-3.73605
0.434389
0.505686
0.0754973
-0.185216
-0.437569
0.161203
-11.4953
-2.21006
-0.647046
3.63863
-12.501
0.543548
-1.40154
-0.288882
-6.19026
6.38105
0.0881547
-1.56148
-0.352157
0.520266
2.32251
-3.28597
-1.25127
0.247662
0.657684
-1.79885
-2.40531
1.05561
0.151563
2.44423
1.21399
-0.606086
-15.0414
-1.08257
4.20728
2.74407
0.280688
0.829107
1.3777
-0.280839
0.269679
0.0793811
-0.451014
-0.270033
4.24513
-1.05791
0.648287
0.810245
-1.22283
-0.359082
0.220967
-1.0622
3.29061
-0.963401
-0.19605
-1.32295
0.30276
2.19332
-0.524404
-1.10003
0.644614
7.72024
0.230382
2.43233
5.42309
6.57844
-1.5899
0.579386
-0.711814
0.0492285
-0.124571
-0.374919
0.247398
0.227198
1.84998
0.388993
1.91868
-2.01281
-3.74589
-3.57091
-1.45705
0.827948
3.95226
0.418967
-3.56569
0.0530926
-4.30917
-10.6356
1.20726
-18.3712
1.24098
-1.8248
1.59923
0.0625993
-14.6605
4.13871
0.480434
9.92294
-0.262756
0.71177
-0.095658
-1.57102
0.113861
-0.259836
-37.3438
-1.46795
1.64399
-1.77421
-1.31759
-6.33149
9.29485
2.57475
2.46467
-2.273
3.65696
0.177203
-0.0468674
-1.21523
-0.481381
0.0830201
0.479737
0.552253
0.118104
0.618697
-0.543967
0.0566886
-37.089
0.291367
-0.904843
-2.09739
-1.68697
1.87007
-2.87939
1.77629
1.42934
-0.782645
2.51572
-0.0708526
2.0394
0.16263
2.26148
0.264092
4.85134
-0.500831
-0.477347
0.427667
1.27425
6.77854
0.609722
2.24288
0.14625
-1.78608
1.06085
0.0233123
5.72862
0.647742
-89.789
0.603711
0.923557
-0.965018
-0.621291
-0.597055
27.6818
2.65924
-0.840172
-0.0590467
-0.592194
-0.160704
-2.55862
0.0422766
0.162754
1.00144
-0.631417
0.883057
-247.47
0.661049
-6.91345
-1.21362
-2.67011
0.197225
0.214857
-0.350111
2.38266
2.1488
-0.117148
-0.254133
-0.364197
0.337782
-0.142084
0.231684
-1.22197
0.380155
2.53098
1.5053
1.09033
-0.527527
-1.7389
-4.40251
1.92921
-1.37216
-296.761
1.0725
20.5479
-0.449677
1.09776
-0.283645
-0.376017
0.457415
-1.53857
0.983803
-3.79125
2.00096
-117.5
0.346157
-0.723644
0.529259
-1.1901
-1.39159
-8.58576
-0.179586
-1.17505
-2.68733
-0.950003
-11.3192
1.26132
0.282706
1.68927
0.40616
-10.0122
24.1416
44.7259
3.27405
-0.110048
-0.138145
-1.28774
-0.225125
5.05816
5.31395
-1.54497
-7.93355
0.448277
-2.63898
-2.11798
-0.482399
-6.83671
1.37739
0.396292
8.98692
-0.815039
6.61748
4.37025
0.054748
-0.178744
-0.6476
16.041
-0.578939
-0.888515
1.70047
-7.8688
17.1326
1.12762
3.84331
-0.0805201
-0.337923
-0.720527
1.95185
0.351115
1.23726
0.0376535
-2.36411
11.9262
-0.959998
9.31748
-1.52274
0.888967
-1.48983
-0.836971
-1.78974
-2.43151
1.46697
4.87378
0.10358
3.47209
-2.10881
0.151595
0.173428
-12.4507
-1.59921
38.037
-1.33141
4.13686
-0.282871
-0.820522
-0.27794
-0.964801
-6.07353
50.6506
-1.13978
-0.445026
-0.298465
2.46648
-0.121199
-0.349209
-2.74538
-1.3997
-7.84751
-1.1683
-0.495735
-2.60985
0.501613
-18.3877
-0.385107
0.262885
-4.94462
-0.830434
-0.364001
0.093414
0.882195
-1.05472
-1.61711
-11.0485
3.83168
-5.67529
2.20673
-14.7278
-1.28599
-2.60714
4.37678
0.692035
-0.622863
-3.42681
-0.928174
-2.36928
-0.595152
0.46763
2.81841
0.909587
-2.93304
19.9404
-1.05905
-0.949247
-0.577238
0.152878
0.510929
0.944279
-0.283674
4.01774
-1.60551
0.356249
0.345959
-0.0994805
0.825463
-2.0548
-10.0329
-1.27824
0.178891
-0.906714
2.62569
0.203886
-2.20395
-0.359491
4.4053
0.0246666
0.497595
0.407649
-3.71803
-0.684715
-3.34148
0.0948426
-0.220953
-0.365498
1.08683
-1.44699
4.52238
23.0105
8.23604
-1.51872
-1.46608
-7.17035
-2.82573
-0.581776
-1.10787
0.0557745
-0.033157
0.622882
-0.591807
-9.70278
-0.75262
3.1076
-1.71431
-0.370251
4.12603
0.770414
2.02514
-14.6623
157.589
6.13022
-0.224828
-3.20102
-1.87987
-2.43791
3.19026
4.21264
0.0781045
0.487585
2.21045
-19.7682
0.259936
7.13675
2.82417
-0.370574
2.98794
0.381161
-0.185511
2.07153
3.47779
0.419587
-20.5629
-1.19327
-2.36947
1.15016
-0.573483
-1.17729
-0.17953
0.253347
-2.01817
-2.73681
-1.29923
-0.300567
-0.0597942
7.73314
0.557684
0.61488
0.695496
0.267807
-52.3706
0.400609
33.0017
-0.206877
-0.549733
0.336377
8.22004
1.17608
0.980402
-0.713636
5.63912
-0.597313
82.797
0.280848
0.0100647
2.70863
-0.984543
1.45445
-0.127628
-2.12366
463.807
-2.28088
1.45948
-0.417645
-2.40435
-0.975249
2.32039
0.39388
-0.199808
-0.789733
0.73858
0.692306
17.6363
1.15817
3.6665
3.93669
-0.676981
-9.84747
-0.650628
-1.96085
1.40511
2.2372
-1.65486
920.958
0.847106
2.07972
2.68018
0.160454
-0.843346
0.310885
0.255124
0.514546
-2.66587
0.513816
1.98366
-0.178372
9.04997
1.16683
0.043664
-29.5447
-0.374531
1.04446
-0.78721
0.972719
-1.61922
0.00438109
2.45149
-3.78509
2.06978
0.922407
-1.98345
4.42127
0.590549
-1.51904
0.847262
0.851131
0.475606
1.41635
0.453571
-18.1161
1.18597
-2.6514
0.549298
0.785778
-0.153989
-7.67674
-9.73321
43.4499
-0.513277
-0.242008
0.134491
9.75733
-1.96008
9.29327
-0.669692
0.75689
0.834958
-0.481204
-0.456146
2.11924
1.99627
0.24169
-0.862922
2.08053
540.202
-0.187931
1.25536
-2.01369
1.6693
-0.733474
-1.843
-0.822963
2.58056
-1.11659
-0.93289
0.0904743
2.35601
-0.456473
0.327188
0.853298
-1.32769
-3.34411
-2.12814
-1.76721
-2.0687
-0.0337802
-0.304356
0.0896357
1.01876
1.89422
-0.0334872
-1.93322
0.499505
-1.96479
0.295996
19.6114
-4.57439
8.97675
1.01012
0.44395
-0.792088
-0.485053
1.25428
-4.28856
1.70458
-0.581332
0.410867
-1.76123
1.39911
0.301637
-0.104901
-7.4042
0.305976
-0.11482
-0.0958931
0.298753
-0.561556
-0.00186427
-0.827128
-0.369409
-0.429594
1.34723
-3.18614
-1.02066
-2.02601
-0.911381
-0.661535
0.537016
42.6605
-1.09092
-1.61081
-1.02669
0.530941
1.74511
-0.596038
0.776853
0.115035
0.0507654
0.355738
3.72971
-1.46497
2.33446
-2.77368
0.690436
2.69777
1.18963
0.518689
-0.720341
-0.510765
1.13432
-2.31717
1.60589
-0.0915061
-0.972109
-0.678631
-0.380848
2.12158
1.05472
-0.516372
-2.29557
-1.71107
-0.396653
-14.6679
2.36839
-0.0700577
-1.88512
0.138412
0.70143
0.839842
-0.817899
2.31041
-3.26859
-1.33141
-7.06462
-0.639857
2.75308
-3.10611
-0.405178
0.984887
-3.71156
-0.352718
-0.918199
-0.102789
-3.4963
-0.961416
1.62929
2.96413
-0.609093
-1.77647
1.42669
2.58706
-3.76189
-0.578037
0.640819
-29.6972
1.44716
0.161892
0.509517
0.648373
-0.057245
0.0680914
0.608024
0.167911
-0.625691
0.683711
-0.105733
-1.89965
-4.82924
63.0707
0.851248
0.155036
-0.0435651
0.189182
0.995103
0.724235
-1.83516
0.748333
2.28039
-0.175385
-5.00216
0.618652
-67.7745
-0.569512
3.23791
-0.929894
0.396057
-0.605006
-1.37546
-0.869032
0.579289
0.535704
-0.82164
1.11426
-1.40072
-2.78649
0.00144722
-3.15351
0.0884896
0.0810881
2.94499
0.673842
1.21598
0.237461
-1.4505
0.390637
1.55209
-0.227601
-2.03438
-0.515294
-4.20158
-1.70825
-3.44153
0.529913
-1.0997
-0.855888
0.346995
1.75267
0.479496
-0.150292
-0.868036
-0.868606
-0.129401
-1.35288
0.265639
0.794649
0.363286
1.57595
0.636214
0.629927
-0.516816
1.30177
-2.0806
6.3827
-0.532364
-0.713227
-1.75129
-0.676998
16.1878
0.0462123
-1.02715
0.466534
0.206225
0.889124
-1.34612
0.60645
-0.855533
-0.319797
0.539553
0.998456
-1.1689
1.25334
2.72257
0.174505
-0.783022
-4.40743
-37.5837
0.504026
-2.70897
1.24215
-0.920743
0.442239
-3.01423
2.08073
0.177078
1.39806
-0.123996
-0.909533
-0.459647
-0.437759
-1.41303
-1.40987
-3.39601
1.67155
1.58687
-0.386046
1.07925
44.5282
1.97193
0.878653
0.333687
-7.54966
-15.6066
-52.3664
0.291518
0.484048
1.84897
0.623711
-1.37223
3.77788
0.633698
-2.33597
-3.90883
14.5192
-0.94257
-0.883452
-0.0400307
-22.7867
1.32012
10.859
-0.106007
-0.902893
0.861012
-1.02137
0.483965
-1.81984
4.26926
-3.44573
1.2918
0.194711
-0.176513
-0.167121
2.32037
0.965027
-1.58572
-0.109062
2.23069
-0.342211
0.123187
3.9224
-1.29861
0.200994
-2.66141
-3.18015
3.34984
-15.0745
-0.176079
0.141592
-1.82828
-1.9004
-1.54638
1.55736
1.12288
-53.2802
-6.50509
-0.459157
5.3701
-8.393
2.00214
-0.18378
-0.130961
-5.07366
0.497933
1.78497
0.0652619
0.473306
-2.9596
2.2295
0.459788
-102.767
1.47242
0.615342
92.7179
-14.1614
-1.64628
-15.7257
12.4218
0.129772
1.67496
0.060428
0.307128
17.4472
-1.07654
-10.6093
-0.195401
-5.55137
1.07021
3.66551
-1.03734
-2.11601
-0.69287
-0.714689
-1.63646
3.55807
-1.01691
-0.211397
-0.724538
1.24166
1.09917
0.583648
7.33345
-0.871594
7.60336
0.772865
-0.732456
0.691551
-15.5717
1.21876
0.724051
-86.3017
-0.595893
-1.59983
0.339618
0.719851
-26.9794
0.821833
2.82976
-2.6443
1.15937
-0.309417
-0.894482
-0.359769
-10.183
-1.27225
-0.501055
1.17286
-4.14914
0.257803
1.20012
-0.33892
-3.25947
4.19884
-2.50131
30.6982
-0.617673
-0.256236
0.199865
2.0183
-1.18288
-1.41137
218.245
-0.917261
-0.107977
0.879912
-1.14588
0.226154
-0.869535
1.69519
-11.2635
0.485991
-8.88461
1.01713
0.686046
0.848719
0.36002
1.09815
0.303958
-0.856404
-1.08222
1.6079
0.915532
-1.50895
3.29043
-1.71011
-55.3089
16.0821
-3.49185
-0.920643
23.9774
0.0153904
0.287404
7.87648
2.3625
0.164074
0.297462
2.36547
-1.4834
-0.812528
-1.04174
2.94806
1.1723
0.0713572
0.870768
-0.40247
-9.04081
0.0252381
-0.795985
-0.551187
-4.79143
-1.02483
1.77411
-5.68434
-0.898277
-0.597006
-0.21698
-0.519985
-62.2726
0.928787
0.0733191
-1.65859
0.696298
-0.75923
0.0282224
0.0387517
1.34672
-1.40193
-0.880589
9.33286
-9.37011
-1.65215
-1.17853
0.330073
1.26735
-0.675363
-4.60317
2.14535
-0.140589
-0.598467
-5.48387
-0.376845
0.886668
-0.00994632
0.122198
0.425343
0.395679
0.488743
1.64348
0.0816153
1.57901
0.305716
0.386515
0.66919
1.22937
1.31146
-2.0651
0.2456
-6.44767
1.39253
0.27279
-18.733
-1.12894
-0.41129
0.504613
3.20843
-0.428845
26.8382
-8.48849
0.137661
-1.0638
-1.52209
4.27316
-1.06607
-8.82987
-0.650364
-3.7628
0.938145
219.174
0.426468
24.1853
0.791497
-3.77681
2.35336
-0.0693517
1.20613
-4.58155
1.23396
-1.2759
-0.81944
0.480076
8.3628
-2.56978
-1.54869
1.29917
-2.0249
-1.29601
-2.19991
1.15219
-1.20166
0.0559986
-0.506086
2.80588
-1.77517
0.274063
-0.0758353
1.408
-2.93487
0.141575
0.584359
2.38795
2.78591
0.288336
-11.4293
0.86039
0.35144
0.976515
-4.35423
-0.727482
-0.548408
0.281648
0.327679
-0.32845
-0.267564
-3.90539
-8.79548
-0.404279
-0.714427
0.209211
1.05521
-0.941794
0.553437
0.63763
-0.452642
0.590227
-2.406
1.76664
0.831891
2.48199
3.63276
5.82848
-0.437316
-1.19893
-1.38851
-1.11317
-6.5971
0.767091
-5.67346
0.968786
3.27011
134.386
-0.394855
0.110228
1.35796
0.380368
-1.83355
1.3584
-0.00683027
0.794702
0.6892
-0.0224366
-1.56612
0.19963
-1.43544
-0.21618
0.938668
-0.778827
-2.08723
2.7413
0.360145
0.636873
-5.80734
1.29049
0.657887
0.186124
0.0245679
0.225315
1.04745
-0.43764
2.29355
-1.20882
-0.434943
0.750374
-1.54914
1.89111
0.228822
-2.89971
-2.05855
-0.588953
0.536499
-0.00297066
0.627776
0.168549
1.14898
0.349813
0.506815
-1.23275
-0.358218
2.15616
-1.20783
2.56491
0.604218
0.121141
0.927745
1.21555
-0.45639
-2.65448
8.96246
-4.57218
-0.446228
-0.428066
-24.9474
-0.394264
-11.1157
0.448875
-3.26387
-0.215351
-1.14576
2.17016
-1.07929
-0.470444
-1.68745
-5.96281
0.345564
-0.821085
-0.796777
-1.05747
0.564769
3.65244
-3.94109
-0.0573428
13.3737
-1.19785
-1.01238
-0.706111
12.3857
0.126838
3.82874
-1.84139
0.374246
-5.24707
-1.0887
-0.394313
-0.576373
1.46789
-0.428638
1.59179
-0.724106
0.790158
-2.07383
-4.82441
-1.9856
-0.917607
-2.03027
-0.713665
0.616888
0.612533
-5.02581
-0.162631
-0.458991
1.43722
0.712706
-1.60855
-0.0946353
-0.116259
-0.371824
0.969634
17.9008
1.20865
-0.668291
0.653605
-0.119687
0.744691
-55.6984
-0.444888
1.39983
1.93361
0.240546
0.792992
-10.2942
0.160521
0.15393
-0.210077
1.59926
0.618222
-10.2273
4.48266
-0.712258
-1.19645
0.278809
0.251819
-2.34928
0.729431
0.342336
-6.19967
-3.29692
2.66117
1.11119
-0.613034
0.418938
-0.404293
0.11063
-0.529342
-3.41358
-2.1064
-0.0862801
1.0124
2.5359
-0.68543
1.20685
-72.3087
-1.88553
2.24064
-0.650076
-1.43599
-0.440806
-7.31121
0.55992
0.596912
-1.17985
0.218493
57.2545
0.190967
-2.88772
-2.26055
-0.693498
0.842274
-1.01905
1.10854
-0.469313
-14.1244
0.333336
-1.90309
0.21859
-0.650596
-0.717553
9.49149
0.832833
-0.0245265
-0.103334
-0.971039
22.1591
-0.72956
-0.0292268
1.23955
13.7402
-0.803199
-0.400132
-246.6
-0.439798
-1.73294
-0.837325
0.227273
-0.955824
-6.72026
-0.975059
0.759084
-0.223986
0.660461
1.94672
-0.881634
-0.411244
-2.00084
-0.26371
0.393871
0.0528393
-1.44266
18.9139
-0.89891
0.684349
-1.11451
0.688219
-2.57495
1.88544
0.294522
0.343323
-0.208347
0.0255981
15.1808
0.959584
19.183
0.299479
-49.0169
-0.6601
2.63639
-4.66998
-3.36664
-0.224473
-2.64638
-5.42362
37.9221
1.42855
-8.28864
1.28203
0.703419
0.922094
-0.101186
135.024
3.45402
-0.368595
-9.96115
2.03757
0.915381
-0.00930814
0.176759
0.114833
-23.5079
-2.11122
3.0443
-0.492738
0.231598
2.50756
-0.665764
0.548802
0.547958
-1.58853
-0.0665986
0.668247
0.150747
0.174763
-1.75143
-0.0727199
-1.73106
-1.0326
0.368131
-0.0610981
-13.7034
-3.83142
-0.971929
-2.99177
4.01877
-3.54926
-1.55769
1.55398
0.454334
-1.90752
0.863075
-0.697694
1.35365
-3.88542
0.177121
0.470792
6.36555
-0.637596
-1.81311
-0.980358
-1.70465
-1.45068
-0.416247
-0.930333
-10.1245
-10.3833
-0.111775
0.186627
-0.258965
4.53767
1.55347
2.81932
0.758315
1.20301
-10.4868
0.666013
-16.1941
0.684321
-0.0509597
0.428453
1.63257
5.46076
2.24006
1.7249
-0.0542984
-0.464362
0.0415449
0.248562
-1.65217
3.04308
0.772666
-0.165319
-0.67363
-1.32883
-10.8266
-0.674896
-0.0774667
-0.803664
-0.0330132
-0.41991
1.10961
-0.667573
0.784438
0.181724
0.520017
-0.450778
-1.80384
0.472995
-0.398977
0.0197746
-1.65927
-0.27891
-0.390763
-1.9395
1.39215
1.98571
-0.344886
-0.820927
1.46574
-3.88832
-0.322347
-0.70308
1.04306
3.74301
1.42358
-0.273287
0.367036
0.239106
1.35886
-1.45145
-0.344294
-0.591605
-0.103715
0.174765
-1.40018
0.156807
-0.585495
0.258805
2.85062
0.548012
-2.40569
-2.25567
-6.88231
0.0382316
1.20462
-0.827629
-0.0234375
-0.848562
3.11733
50.7691
0.684133
0.734972
-0.233689
1.30538
-170.989
2.38874
4.29217
0.492638
-1.58078
-1.99832
-3.53121
-1.22625
-0.140613
-1.25879
0.413425
0.894538
3.52404
-0.393636
19.063
-0.0555416
6.90248
-0.582725
-3.30456
-0.444916
-4.77668
0.767111
-0.370998
1.17127
-0.0554251
0.358007
0.133949
2.03334
-3.86308
0.285366
-2.84677
-1.04469
8.08504
2.07142
6.21582
1.03783
0.941779
4.46507
2.41959
0.803561
-0.717996
-0.741721
-5.18709
0.422113
-1.84536
3.11688
0.0357364
1.32843
1.51544
9.03114
2.05257
0.689069
0.0830911
36.9699
-4.38441
-1.52075
26.6057
-0.665007
-2.80033
2.36513
0.96945
4.6351
-4.62183
2.31468
-1.38042
-3.06477
-0.835668
-0.904064
0.0765263
0.667844
-1.59317
-0.218156
5.24455
-0.233749
-1.51501
3.97715
-0.0319794
1.5981
108.985
-0.321991
0.478177
-0.410836
-0.817561
0.319794
-1.68682
-0.710847
-2.44468
-0.407276
-0.392532
-1.72624
-6.18401
-2.00451
0.978605
-0.560589
36.3375
14.1709
0.451312
0.155989
0.813639
0.506325
0.572624
-0.886563
1.48314
-1.78429
0.556491
1.44175
1.58089
-22.9092
0.388728
-0.782224
-0.213321
-0.355266
14.7221
-1.86291
-0.906169
0.467354
-1.97994
-1.63706
0.100507
-0.656114
-0.966029
-1.27615
8.63071
6.374
0.169861
-18.7658
-0.300111
0.365358
13.4268
5.51798
0.416621
0.0416941
-0.940798
-0.0390444
1.34856
-1.10979
2.22533
-0.0860942
12.218
-0.577266
-0.00735147
-0.632572
-0.399679
0.275963
-2.78984
1.13801
2.13625
-0.441054
-1.06186
-0.469511
1.37931
0.128025
-0.247802
1.07833
-0.478896
2.32578
-4.12789
0.317213
-1.04235
0.315049
2.74078
1.18908
0.330192
-3.08817
1.22119
5.63644
3.74089
-37.4134
2.39484
-27.0101
2.28189
1.42669
-1.9074
-4.75465
0.69722
-38.0977
-0.974286
1.78688
-1.17093
-4.14029
0.226444
0.523991
-0.554127
-0.634256
1.5974
-0.0163947
0.717356
0.677468
0.768528
0.134683
0.191163
-0.536448
-0.976036
0.239232
115.493
0.0796888
5.45895
-0.192797
0.0959931
-8.78793
0.0981271
0.725531
-0.282332
4.70408
-0.672944
0.392149
2.07231
5.49748
3.43248
-3.24119
0.0379965
0.873702
1.15623
0.904205
-1.52251
-0.124232
-3.50408
-0.107042
0.304793
-735.656
0.151382
1.95014
9.06642
-0.904163
-0.897857
-0.138744
2.54501
-5.07221
-0.882074
0.0579793
4.81206
-0.531819
-11.9022
-0.92588
-4.91414
-0.376891
0.000172089
-1.12205
0.263285
-0.27997
1.39216
0.86082
-0.218798
-0.0672134
5.14807
2.46908
2.68847
-4.64698
3.28395
-1.17191
-0.252211
-0.0991253
0.781785
2.04393
-0.438263
0.912684
0.165653
-10.8599
-1.61977
-0.187984
-2.80541
1.69082
-1.66488
-2.08389
-0.849854
0.444515
-0.301422
15.3361
1.87594
0.170115
0.66418
-4.15506
0.707995
0.15267
-0.0517804
-4.1
-0.719526
-6.97981
-0.210159
-2.52735
-0.322558
-0.198931
3.81661
1.92693
-0.104182
-0.192601
-10.2638
-4.87169
0.920927
-0.533278
-1.26413
-0.412366
2.26869
6.38152
-0.257085
0.914467
-0.817927
62.1627
-0.228259
-2.07142
2.62645
-1.00381
-3.61122
-1.16631
-2.67789
-1.11288
-0.441011
-0.824518
-0.71534
4.8975
0.410838
0.172463
0.120892
3.39929
0.992683
2.44633
-0.274574
-9.91021
0.0966971
-0.234231
-0.783129
0.919489
11.6317
-0.254232
1.52831
-0.322746
1.00286
-0.810325
-1.50596
2.71234
0.22345
0.295929
-1.70039
2.49915
-0.148396
3.0407
2.7063
0.353682
-0.160027
1.14843
0.960935
1.02437
0.124869
-0.486663
-0.836065
0.323888
1.7771
-1.55931
0.0479466
-1.7046
-0.67043
-0.572259
-4.61707
0.794551
0.539046
0.954008
1.91064
-0.0795014
-1.57056
-6.42231
1.02151
-0.213442
-0.96452
0.835713
-0.37539
-0.311086
-0.285261
-0.592169
-3.83594
-2.1888
2.03375
0.0856699
-0.893736
-1.14851
-0.92375
0.713089
5.2252
-5.03511
3.08819
0.49483
1.05751
-2.61217
1.36667
0.0766965
-0.262987
-0.133401
-1.36821
0.0214914
-0.306659
-0.777962
0.610449
-0.887571
0.2872
-1.09395
-4.4901
-0.952816
-0.941395
1.5436
0.461192
-1.23152
0.245789
-3.84469
2.09656
2.53939
-0.219873
2.60916
-0.0703765
0.387585
-19.7483
-1.65096
3.3424
-1.42798
0.541629
-1.91853
0.06588
5.06285
0.0952868
0.552652
-0.0451582
2.63505
-0.257318
1.44405
5.30625
0.0597333
1.31337
-8.53101
1.63075
-3.19871
0.243008
-11.1369
3.23034
0.57706
1.45717
0.987132
-0.462982
0.920306
1.55432
3.36059
15.9326
-0.248877
0.569291
-1.51272
7.38941
-1.6324
-0.0910536
-0.208415
-4.88265
0.320347
-0.0872907
0.158575
0.673722
0.241672
-0.735831
-0.898954
-0.927892
-2.59968
0.929233
1.06656
-1.04518
-0.493827
4.02435
-0.353668
-1.09418
0.0648114
0.175813
-1.84269
0.815799
0.830976
-0.900193
1.74408
-0.0160605
-0.110771
1.28814
-1.47089
-0.523377
1.4007
-0.81137
13.4319
-1.33496
-3.19129
12.1911
0.974129
2.40517
9.19718
0.406767
14.6227
-24.2474
-14.4608
-7.13551
-1.94031
-7.55215
-0.108972
-2.60614
2.23342
0.0583398
0.611392
0.286343
0.417226
196.863
-4.86049
1.2737
6.81778
2.533
-1.83433
0.0991876
1.07002
13.1523
1.71882
1.17743
-0.205516
-3.45884
-0.317524
0.200244
-0.584308
0.0987078
1.22929
0.59039
-0.575045
0.444258
-1.67832
-1.44501
-0.569066
-1.22686
0.915475
0.572368
0.913305
-0.696428
0.271311
1.004
-0.398728
-0.25443
-1.38371
-4.8222
-9.65639
-1.59304
-1.96197
-1.90889
0.200222
-0.350452
1.97208
-0.63891
-5.78751
-101.368
-2.1229
1.39585
2.87998
9.02443
-0.336244
-10.6956
-1.01959
-0.588021
1.34282
-1.35028
3.50138
-0.344097
3.12207
3.1307
-7.96912
2.14726
-0.935342
-110.61
-3.17508
0.952999
1.0202
-2.45604
43.3098
-0.840531
-0.100471
0.171454
7.47733
2.35587
-0.276764
0.574184
-2.52377
-44.8586
0.0206741
-4.8876
-0.12329
-1.61207
5.74438
-0.0726142
-1.60372
0.039543
-0.157567
-0.112943
-0.976509
0.76901
0.617831
0.0794086
-1.91635
-0.6692
-3.38041
-0.221233
-1.32808
2.07207
-0.356726
-1.47668
0.253981
0.617674
0.454922
0.245702
1.41442
1.51073
0.13527
-0.507621
2.21258
-2.84663
-3.69159
-2.27832
0.558379
1.94252
-1.1256
0.330827
2.04618
0.0329305
-0.715514
-0.0348644
-0.499571
0.36603
-0.454289
2.88402
-0.734265
2.78308
0.103448
2.03175
1.13305
0.340572
-0.084446
-3.72601
-20.4589
-0.312108
-0.731251
-0.964931
-39.3604
-0.956105
0.298866
0.0837854
-1.89036
-2.53933
-0.582954
-0.543374
0.0930119
3.48979
2.74378
0.586227
0.177946
0.613281
-39.6408
1.57031
56.5467
-3.62234
-0.891739
0.872016
26.4952
1.82941
-0.63495
-0.737755
-4.26882
-1.12087
-1.91208
0.0952138
0.127168
0.280687
-1.23647
15.3074
0.0540215
-0.984288
0.294853
0.658138
-1.57195
21.6232
-0.711739
-0.468952
0.615094
-0.943841
-0.0345999
-0.27798
-3.45972
-2.26295
-1.24259
-0.643942
0.963875
-0.887049
-2.5585
0.704563
-0.50201
0.250689
35.9897
1.16501
0.390667
2.6055
-1.48374
-0.76091
-0.190983
0.141527
-0.828937
-0.5369
-0.444722
0.350874
0.685551
2.13347
-0.869786
1.04848
5.47799
-30.2154
-1.49467
1.38342
-0.896158
-0.0802099
0.745043
5.02249
-1.2514
1.58579
-0.134724
-0.659374
3.18791
0.722238
3.37125
2.47616
0.784771
-8.18069
1.3343
-0.508786
-0.80174
-2.32663
4.79403
0.0494551
0.168732
1.8223
-0.267933
-2.66208
-0.60078
0.563788
-0.20287
-0.503013
2.97382
-0.659072
-0.648392
0.0812039
-1.22647
-0.43239
1.45096
-0.312395
-0.488047
-0.0722276
-0.890773
-0.332567
0.321301
-0.302809
0.221987
5.9279
-1.28392
-1.39274
8.93706
0.452496
-0.487368
0.384949
2.6035
1.21613
-0.0372842
2.38564
-1.86242
-14.5018
0.705405
-0.691899
7.63049
-0.382955
1.50988
1.50876
-0.333067
-2.3328
1.61213
50.6601
-3.60909
7.3792
-2.26688
-0.365344
2.57042
7.21782
-0.302881
20.2762
-3.07954
0.0140713
-3.89292
-1.34362
-0.760294
-0.428172
3.15278
0.164564
-2.52083
-0.665857
3.54996
0.72388
-1.9262
1.13863
-0.654567
5.31291
0.322938
-0.371919
19.7398
1.47432
1.13542
0.601928
-0.0266739
0.308861
-2.26066
-0.785826
-0.641415
0.195671
1.92061
-2.82518
1.93001
0.00896008
-4.51656
-0.532558
-3.9219
-0.0352786
0.134861
-1.93272
-0.175227
-0.614511
0.0184433
-0.206224
-0.604961
1.7009
-0.777348
-0.779534
-5.82329
0.678001
2.63378
0.406453
-0.565525
1.92249
-0.00447987
2.0966
1.32636
2.91837
-0.734727
0.54845
4.77141
-3.23715
-0.224649
-3.12048
0.661509
-0.604701
-1.80857
-8.87258
2.27851
-1.53875
0.882506
0.541654
7.02439
-0.435568
-1.78297
0.648924
-2.97561
-0.574058
-0.331826
3.03576
-0.934541
-7.07729
0.0139055
-0.0774618
-0.495681
0.127097
5.07464
13.6553
-1.34262
3.83529
1.25513
0.335832
0.10347
-7.1151
-0.178813
0.596778
0.402962
-0.0393079
-20.1171
0.387958
-0.434813
0.189015
0.926012
0.468295
0.162363
5.63447
-24.7705
-0.527651
-3.24774
0.197157
0.55144
0.565452
-0.110029
-1.03247
-1.26795
56.5068
0.644718
4.32201
-0.931122
3.23491
-0.316689
0.126058
-0.233533
0.479379
-0.882492
-9.85676
-1.67111
-220.775
-0.685617
-1.67126
-15.115
-0.435211
-1.1246
0.775336
0.568567
-0.723676
0.167907
-0.187577
-0.0309277
0.592472
-11.2628
-7.63987
-0.86654
-1.6244
-1.90425
-1.85977
-0.456555
-0.23996
0.342272
0.860771
17.8724
1.87688
-0.796967
-0.796729
-1.16937
0.325296
-0.184449
-0.979313
1.00014
-0.0522228
-3.6476
0.694384
0.288728
-2.52516
1.65553
0.215632
-0.139574
-0.647653
-0.409082
-1.89053
-4.85088
0.582178
5.51502
0.328899
2.62529
1.32348
-0.628443
1.96059
0.400315
0.407049
0.224977
-2.51897
-0.0132441
-1.70923
7.1059
0.169586
0.186602
7.19382
8.89593
13.1566
-0.478835
-1.85182
-1.45695
-0.171874
-2.47277
1.90786
-0.393271
-0.0422679
1.01529
0.712895
-1.23482
-0.526744
2.5951
-8.54514
-0.25569
-5.84289
1.099
3.12923
-0.270474
-2.48006
-1.61241
-0.0760782
6.04086
0.845132
-0.473706
0.651978
-0.227048
-0.463364
1.68235
0.26812
0.118334
1.20968
-0.00830595
-0.163843
-0.504538
4.55941
-0.646847
-0.295478
-0.51784
0.665891
0.1943
3.20224
-0.870872
-0.578308
0.673506
-0.00632952
-0.407164
2.19343
0.570409
-2.08842
0.945768
-1.60675
-1.06268
-61.3555
2.38156
0.370701
12.1938
-25.9195
-3.64265
-4.10727
0.681177
0.204647
2.27707
-0.167689
-1.16495
-5.97704
-2.26475
-1.2555
-1.3746
-0.975905
-1.07171
-0.021986
-0.946636
-27.0086
0.874749
2.69427
-1.08705
3.23328
0.128279
-0.256737
5.62711
-2.22553
1.30155
0.555853
0.100401
0.554578
-0.338238
1.3624
3.84734
6.37532
2.96919
10.8467
-6.20205
-3.09579
-0.539908
-0.238494
0.713224
-12.1035
5.91658
0.933035
0.0834827
0.681438
2.73811
0.254903
7.51104
-0.317743
0.222783
-0.709186
-0.275641
0.523146
-0.234697
1.168
11.3086
-0.215949
-0.0781709
0.782246
0.694373
3.89343e-05
-0.716483
7.70622
-0.402658
-0.759542
704.703
-3.11426
-1.40533
-0.610311
-0.679513
-8.78151
-3.74839
-9.25951
2.72937
1.1525
0.250842
-0.361548
-1.61532
-0.750228
-0.588166
-0.111419
-0.665882
-0.969059
0.161162
-0.561662
-0.322329
-4.8024
0.402349
-1.03772
0.135615
-43.0585
-0.328007
-0.146133
27.9317
-0.470634
-32.5641
-0.127526
-0.921587
-0.247338
2.72853
-0.282753
-4.72232
2.00109
22.2735
2.17435
0.877632
-0.608333
-0.381969
1.93018
0.184773
0.71999
-5.26621
-0.747847
2.54153
0.709281
-0.258915
-4.92497
-0.401273
1.90883
1.32017
1.16536
-0.562183
0.50453
-0.216916
-1.43923
0.95319
1.7801
-0.254562
2.66385
-1.25658
2.01342
0.0841266
-0.337007
-1.5339
0.084787
2.06346
-0.0434169
-0.0548624
-13.1557
-6.47984
-1.18639
-0.528434
-2.20018
-0.1524
-51.7063
-0.375736
0.924348
-0.346222
3.5129
-4.45006
1.86294
-0.072862
-0.953009
-0.968891
0.70548
-4.01843
0.592733
1.53706
1.71782
0.257347
-213.672
-4.36159
-1.07966
-4.27957
-2.6135
-0.792883
-0.140056
-5.00152
9.29155
0.601011
2.07868
0.228149
-0.359183
-0.280466
2.90579
1.03475
-0.339922
-2.2177
-0.374884
1.15764
-1.34329
272.187
-1.90932
1.30174
-0.127015
0.442157
-6.22111
-9.94017
0.440396
-1.73971
-1.24131
0.333233
-1.04505
1.8374
2.34642
0.328296
27.3697
-0.789419
1.31597
2.62469
15.8668
-1.11192
4.72566
-0.924476
0.9913
0.581271
0.635013
0.864628
1.10171
-0.85181
-0.0543072
-2.09962
0.191897
-1.86958
46.7252
1.55569
65.3023
-4.75391
-1.08198
-1.24354
0.060929
0.40572
1.6271
-2.09375
0.524254
-0.0167879
0.673426
1.08148
0.5226
0.432514
-1.93898
0.971839
0.394469
1.70663
-0.650415
3.16614
-0.399156
-0.118449
1.51682
-0.314082
0.201441
3.27928
-0.134597
3.69827
-0.263669
-0.133872
0.899289
0.637062
-1.17112
22.3886
0.0300992
1.53882
-0.929628
0.0358951
12.3243
-9.88689
-2.75441
-0.606375
0.101567
1.9284
-1.00985
-3.11746
1325.51
-1.55696
6.54046
-14.0528
-1.01454
0.806371
3.14024
-2.63484
-1.19585
1.3531
-7.39796
-1.40972
-1.66216
0.701281
1.58767
-0.882413
0.660647
2.09273
4.15094
0.987606
1.53123
-47.773
0.186828
-1.11066
-1.17913
-0.359785
-1.25098
-3.05631
581.29
-0.010228
-5.43053
0.178043
0.580376
-1.03653
-0.392445
1.08498
1.25681
-2.17035
-0.359284
-0.711015
0.410635
-1.29717
0.720965
-1.25591
-6.57175
-1.42304
0.990636
0.596398
-0.0748055
-1.11984
-2.43619
1.03595
-1.70146
1.43172
0.340551
-3.24176
-7.25787
-0.11823
0.554144
0.0771621
-0.0921862
5.28173
0.274583
0.0744016
-0.515438
1.46688
-1.36957
2.12584
-1.38282
-2.62565
-0.2219
3.49128
33.0662
-3.76164
4.93619
-0.106878
-1.55909
-1.94713
-1.0072
0.476381
1.28422
3.92661
-1.9571
0.568679
-0.123354
24.3083
-3.4135
-0.0405101
-5.58874
0.864595
0.650255
-0.563604
-1.52884
-7.23136
3.80405
2.21734
-0.631269
0.5679
-1.05075
0.566444
-9.55409
0.253576
0.169489
3.60763
-0.401202
-0.13502
-0.29982
0.866284
0.329169
0.591675
-3.40337
-5.96962
0.90033
1.1813
1.34589
-18.3636
-1.07378
4.42168
-0.826264
-0.958787
1.00385
-0.081867
0.175853
25.2581
-0.273949
0.0487906
0.714954
0.325198
0.926469
0.0554483
0.918191
-1.37761
-3.7817
-3.08051
-0.341245
-11.9409
2.62129
-0.671685
-0.734572
7.25499
-0.363306
-0.260445
-0.436689
1.82767
-6.04271
-6.51644
0.600388
-0.630597
0.77557
0.717211
2.45127
-2.98585
-0.481858
-0.202708
-0.387773
-0.925208
0.712745
-0.271127
-17.4284
3.868
-0.931776
-0.897404
0.502661
-0.186187
0.566348
-0.796591
-0.103998
1.0592
-0.45764
-0.250305
0.311427
2.94285
1.35855
-0.0754267
-0.886177
-458.458
-0.141053
3.01602
-1.04524
0.691167
1.93289
4.26258
-3.10856
-0.319559
0.0377309
0.614475
-2.06923
-1.37878
-0.113897
-5.08609
1.10527
0.666195
1.3802
-1.22601
-5.63911
3.12429
0.341328
-0.00510451
0.144856
-0.797765
-0.697054
0.343573
3.25994
0.115168
-0.729111
1.63784
0.0490196
1.1252
0.305106
1.44539
-6.76399
-274.897
-0.942132
-0.703814
2.70755
-0.130271
0.409766
4.19629
0.204579
-0.418378
0.123528
1.8346
-0.919339
-3.74635
0.897381
0.254624
-1.47321
0.269327
-3.0965
0.637065
-2.09534
-0.0196714
-0.351841
-4.12813
0.948681
-0.617668
-0.0446782
-0.571864
0.934018
0.0294936
0.115872
3.03304
0.00751467
0.214582
-0.735667
5.73135
-0.197247
0.798535
0.89964
5.88509
-12.2713
-0.471108
0.167319
-7.52271
-0.283384
0.253324
0.279683
-0.564135
0.677729
-0.407904
-1.75028
0.643143
-0.3
2.37244
0.0561918
1.70811
-1.14447
-2.51501
-1.02243
-6.665
-1.87965
-8.09808
1.75755
4.0235
-0.418707
-2.01923
1.03697
-0.298096
-0.328971
4.67957
0.151838
6.94591
2.32832
1.71982
1.43125
-0.283181
0.571375
-3.41952
0.363927
-3.22394
-2.02597
0.143696
-0.361271
-1.90149
0.870156
0.0515128
0.282907
2.2437
2.8485
-0.436059
-0.155412
-0.891716
-0.196743
0.115784
-6.01635
0.711037
-1.46621
-0.425361
0.130225
2.46575
19.5867
-43.0925
0.0715563
-4.06331
2.88286
1.90899
-3.39655
0.892248
6.52853
-16.3216
0.522125
-0.784728
-1.00402
-2.63991
-0.450578
-1.42188
-12.6193
0.222243
0.805651
1.32343
-0.917642
0.558719
1.71731
-11.7767
0.0629733
1.46944
-0.721294
-1.28367
-0.755628
-0.871574
-1.61684
5.65222
-5.17909
0.211406
-1.06052
9.27937
1.43762
0.480639
-0.579002
-3.9739
0.121362
-1.40292
0.809687
6.15794
0.0537011
2.43188
0.339538
-1.06597
1.25617
-0.482332
-2.03198
-0.37558
-1.49166
0.942274
-8.15267
-0.210347
-4.92844
0.640505
2.59949
-4.14694
1.23868
0.142208
6.01005
1.03454
3.2608
1.24279
0.978361
0.182018
0.243727
-0.851748
1.20491
2.21902
-0.528555
0.404725
-0.259248
-0.313684
1.31711
-0.263389
-2.41025
1.78543
2.66663
-17.9609
-7.52649
-0.323579
0.744793
-1.33361
-6.65726
1.42006
-0.149865
-2.62893
1.56775
-3.05588
-3.41002
-0.112209
-0.935098
0.334712
8.8565
0.320239
-9.20567
0.0521779
0.818108
-10.1979
-0.148121
-0.0404438
-1.30956
0.68536
0.153255
-0.837008
1.89795
0.371916
-2.97133
-0.0589908
0.173534
-53.78
0.614709
-1.74142
0.670943
-0.405851
0.917631
1.42976
-0.912488
1.2318
-0.860132
3.65976
0.567486
1.74352
-1.65202
-11.162
-0.397843
0.898839
-1.13373
-1.96464
0.16213
-3.6753
-2.15311
0.576918
-0.207985
-0.449563
0.605702
1.55477
0.936403
0.0498778
1.10875
0.501498
-1.46155
0.355276
-0.852737
1.08918
-0.538219
1.1065
0.305163
-3.26611
0.362772
0.450168
2.60283
-2.93312
-3.35335
-1.88061
-5.21801
7.87557
3.72121
-0.74773
-0.595193
-0.00458777
0.380258
1.90568
1.12167
-0.377406
-35.6102
2.01538
0.797405
1.72745
-0.223996
3.08698
-0.0140556
-3.65445
-0.260537
-0.440144
-0.357305
-0.144288
-1.93072
-0.227157
-0.585792
0.344088
0.0563025
0.418218
-10.2626
1.20108
-0.943923
1.56802
-4.35215
1.40956
0.472889
0.241877
-0.203539
-2.24871
1.29886
-0.129745
0.42634
-0.635452
-0.546797
0.199416
-0.342166
-0.560338
-4.80034
-0.477982
0.177516
-0.749669
-0.246866
-0.0809638
4.27012
-1.36426
-0.0393466
-0.658855
1.11364
0.150095
4.80369
0.74356
-0.405825
-0.103978
36.932
-0.739112
1.07487
-3.12418
9.30075
-0.062034
0.317533
0.337192
1.31462
58.8142
-1.95285
-0.297153
-0.524644
-1.72824
-0.279298
1.01848
1.29999
-0.0551758
-0.23053
0.379853
-1.17681
4.08943
109.321
2.07987
-0.0245758
1.43247
3.7383
51.2017
2.06957
-1.62729
3.8443
-0.171681
1.23038
-5.99978
-0.438104
1.41095
-9.63561
0.700233
-0.681225
-2.19238
-145.414
0.0540142
-0.875812
-0.140107
-0.466155
-0.635802
11.6049
-2.40462
-0.507849
0.311054
0.189492
-1.49763
-1.9746
-1.02146
1.22467
-0.662181
2.97726
-0.0419783
-0.923686
-0.247278
0.125263
35.9454
-0.434033
2.81264
0.681996
-2.14349
0.561069
-1.43985
-27.5043
8.81305
2.03895
-0.442659
0.481998
-3.7185
-1.40148
-0.505257
-4.59784
-0.740933
-1.1176
0.0618822
-0.770915
-1.62865
0.0460665
-0.716921
-1.58147
2.50311
-0.348571
-4.99917
0.361939
0.086153
7.93214
-12.5581
2.32705
-0.255157
-0.962223
58.764
-0.604795
6.14939
-0.686697
0.270609
51.4638
0.361755
0.00363451
1.04824
-1.1801
0.396283
-0.146738
1.59757
-3.31666
2.79782
1.02956
0.708757
-0.0940331
0.682598
0.637272
6.68524
-5.5349
-0.263801
-2.67074
-1.90508
1.01585
-5.03102
-10.9722
6.2371
-0.538826
-0.104764
-0.305997
-0.818166
2.93169
3.09424
-4.22204
0.683603
-5.05414
0.700336
-0.0204812
0.45508
-162.814
4.42146
-2.2097
-0.017507
0.952756
-4.9206
0.413579
-1.38798
0.0176198
-2.33753
-1.63724
-1.41485
-0.682616
-0.546799
0.97522
-0.258286
-2.7923
-2.91054
-0.0418449
-0.794861
12.2836
-0.204215
-1.16791
0.750711
0.269891
-0.46884
6.48425
-0.643276
-0.599299
0.531061
1.33269
4.23002
0.245631
-30.5204
-0.508581
0.343563
0.810191
-1.34427
2.27557
-1.70888
0.127412
1.43328
10.3273
-1.12586
0.353674
-0.125507
1.68046
-6.69526
-420.66
-3.18622
-0.228712
0.24781
3.05885
-0.903493
0.854334
-0.319365
-0.11137
-1.75413
0.908751
0.447093
-0.591091
2.3429
14.8233
0.140086
-3.86593
5.08909
5.23167
-0.00294805
2.83161
0.270305
1.31296
-0.357671
-1.8857
-2.52604
-3.00403
0.423841
-1.81132
-1.26948
1.96439
-2.33383
-0.755727
-0.692424
1.76152
-7.37138
-4.41936
0.510339
1.75183
2.85242
-0.833624
-0.81687
1.07358
-0.697446
-15.7456
-0.213369
-4.23619
7.24194
1.36678
-0.282921
-2.65399
0.397904
1.38546
3.53062
0.0430111
0.404302
-7.50363
-0.37823
1.06021
1.12465
-1.16559
0.808054
-1.42979
-0.633967
1.48627
-0.610525
-10.153
-2.44472
-0.256702
0.313683
-0.182189
-3.02426
-2.3347
0.133565
12.3654
-0.52963
1.14164
-0.929394
-6.24868
-0.638764
0.667692
0.0660698
-0.588043
1.02064
-0.383714
5.97074
9.74249
-1.33171
-0.707014
-0.723219
-0.210973
-1.59481
-5.5539
-0.378087
-0.00561386
3.95456
5.83485
0.936018
-5.90622
0.262176
-1.56096
-0.749378
0.833451
25.24
6.13761
-0.631523
5.58926
-1.14021
0.195492
1.34134
-1.02244
-8.13366
0.760911
0.168937
-12.6237
0.0151511
-23.6366
2.21214
-0.238873
-5.53003
2.07249
0.0182713
0.108943
-0.739002
0.266029
0.360435
0.467765
10.1476
-0.0570954
10.7509
-0.282845
0.000411916
1.75977
-0.613343
-0.496479
172.627
-1.13831
6.44327
258.017
1.63019
-3.29115
0.0122388
-1.39551
0.913724
1.13203
-4.36789
-0.881279
0.650173
3.90199
1.76216
1.52416
1.49662
0.243243
0.324602
0.698527
-3.25295
-0.714251
2.50926
1.7391
-1.95796
0.829861
1.56576
6.36732
4.50685
0.277373
1.21655
0.0848623
0.280103
7.18796
0.314343
10.685
-0.878087
-3.27027
-0.0462404
0.411772
-0.952448
0.105694
1.90794
-0.127627
-3.41767
-0.855547
-2.5168
2.07361
1.17637
0.642652
0.251131
-1.31258
-4.05371
3.98347
-0.296564
-1.62877
0.246989
-0.107777
-13.1613
0.716324
-0.259153
-0.0930625
-0.513223
-0.566523
-5.20513
-1.20802
-0.914304
-0.372253
0.996436
-5.49094
-41.1517
-3.44059
2.03558
-0.214778
0.116057
-10.5802
-0.577396
-0.0132389
-0.0423877
2.51829
-0.643089
-5.44295
0.595772
2.57602
-0.448486
-2.39996
2.94934
-0.455165
-3.16153
4.19652
-28.3402
0.606088
-2.79293
0.45576
0.935624
-1.34024
0.771309
-0.822576
0.329992
1.10282
1.72461
-1.82142
2.35524
-1.54178
-35.0605
-0.285878
-0.882432
3.57006
1.04341
-0.115249
-0.70291
1.07419
1.48388
-0.820487
-0.907584
1.78782
3.49187
-0.335594
0.190788
-4.79384
-1.3865
1.58311
0.207828
-1.21453
2.81739
-0.459398
-5.6503
-1.14987
0.44115
1.86638
0.871531
-0.528379
5.24744
-0.135556
-0.664702
-1.87731
0.0317572
2.62191
-1.46034
0.731935
-0.0413538
0.0226857
-5.30323
1.03446
0.274641
-0.846823
-17.0385
0.998182
-1.20606
-1.16919
3.83583
0.230247
1.74549
-0.892827
1.7162
1.14811
-2.05366
-3.10081
-0.127566
1.47616
0.216011
52.8905
-2.11814
-3.27784
-0.53624
-2.31089
0.922819
0.686971
0.040908
-0.753121
-0.568421
-1.49548
0.912037
0.184048
0.184098
-0.100259
-0.902024
-0.582341
-0.230155
-1.54505
-0.0463527
0.724031
-0.40975
0.455089
-1.20055
0.874914
1.24669
-0.450877
1.25629
1.07493
3.63471
-1.57898
0.728751
1.64969
1.02059
0.222635
-0.222041
1.48506
0.264891
0.355978
-0.539579
0.0177535
-0.171814
-2.06492
15.151
6.39454
42.1974
-3.9737
-17.1883
2.42
1.2293
2.65439
1.53973
0.241578
-1.57809
-12.037
-0.802519
-1.8176
2.71989
0.905406
-3.55125
1.56694
-7.82465
1.49225
-4.38818
0.860493
-2.6789
0.0811028
0.424461
-5.05051
-1.61498
-0.281949
0.0958885
10.4009
0.601774
0.307549
0.943951
-0.383488
1.94754
0.253176
0.924163
0.615599
-2.58727
-0.0110067
-0.806319
-0.0905358
2.27537
0.429693
-1.1089
-0.841099
-1.35471
16.099
0.345555
141.538
-0.899605
0.0588559
0.182553
-1.57438
0.623037
0.0929757
-0.239067
1.25921
0.349219
1.17436
0.36196
0.226878
-2.24295
0.103809
-1.69401
1.18612
3.40283
-0.949368
-2.20874
-0.378013
3.53659
-1.25703
0.466705
0.391503
-0.115418
-4.7307
-1.44515
0.210531
-0.24865
-1.53752
-0.609291
-1.40953
0.271975
-0.0912207
-1.04528
-0.272094
25.251
-2.76966
0.147267
-12.0206
1.91466
0.301335
-0.720425
-9.73414
6.76895
-0.905706
1.21191
-0.603367
6.92804
-0.46351
1.63788
3.59994
-0.352949
0.820289
1.24552
1.09432
-0.00269341
-4.40414
-1.7234
3.46292
-1.1039
1.41864
-1.40896
-0.502511
0.422186
0.103414
1.10068
-1.19977
0.404779
0.717911
3.38849
0.693567
0.56132
-6.13415
-4.49608
-0.469411
1.3703
-22.0009
-0.359577
0.0919025
1.82133
-0.0284771
1.1598
-0.806237
2.54273
-2.10616
2.61712
-2.1853
0.846463
2.68915
-5.66933
0.976131
-0.364282
2.31498
-0.836243
2.38905
-1.22375
-0.0903957
3.40696
-1.13767
6.13096
-1.73268
1.0557
-0.559412
-1.48013
-38.2125
2.87259
-0.223645
-0.576982
-0.272029
43.8935
-11.3892
0.75742
0.513764
1.09238
0.310759
-0.931027
0.840384
-6.26627
-1.34968
1.16575
0.741425
2.59545
2.21074
0.261419
-1.14047
1.62181
-2.6387
4.02592
2.15365
-0.16561
132.549
0.403584
5.90511
-0.764537
1.82882
-1.91281
4.87884
285.752
-0.0637765
-2.8642
2.78083
-0.882295
-4.01757
0.986105
-1.21562
-0.408283
-3.19794
-157.096
-4.59546
-0.0922778
0.109435
1.33329
-4.4775
5.33573
-1.69278
1.66768
-2.13123
-1.30839
0.478389
1.00193
0.0238888
0.763255
-0.196689
4.55058
-0.128914
-1.26037
-0.353873
-2.15347
-1.62767
0.288944
-1.54904
-0.0101211
8.33366
-0.303359
0.00682105
0.13805
-3.55203
1.23739
0.0408175
-1.43507
-0.284372
0.604914
-0.490988
2.59254
-1.01577
-1.33221
0.277833
0.575435
-2.99883
-0.383606
4.49632
0.0677904
0.506576
-0.0596251
0.707277
1.72815
-0.0493858
0.261716
32.9691
0.429599
0.256503
-1.28199
-5.57435
7.15254
3.51337
-1.25139
-2.40946
-0.0145348
5.2036
0.472468
1.63679
0.14866
-73.7814
-5.66182
6.83254
0.798698
-50.2462
-0.0332632
-0.135243
2.72975
-0.0739643
-1.96083
1.91375
-8.57952
2.63625
23.1999
0.477252
-9.81601
1.8493
-0.185584
0.0121222
-1.35828
-0.203646
-0.826214
3.22588
1.94813
6.8579
0.175567
7.03428
0.0249592
-0.785999
12.0352
0.67786
-1.50783
-0.0238928
6.24107
-0.143768
-0.421817
-1.5458
-0.040473
-0.7054
-0.647081
-0.587122
-62.9555
0.747354
-0.790047
1.73982
18.1014
-0.27645
-0.659849
10.4724
0.452375
0.124559
0.0794098
0.396425
-0.701582
-0.580197
0.896639
0.923467
-0.784252
-2.07557
-5.83282
-0.195165
0.424693
1.42726
0.918615
-9.79675
2.90915
0.430331
0.726595
0.10846
-4.36522
0.2646
1.02174
0.0632089
-0.736967
0.390931
0.798281
-2.49693
3.45644
1.38837
-0.367825
-9.00283
-1.17651
0.561282
-1.73475
-2.06411
0.851658
-0.25295
-0.0516745
0.49066
-1.9091
-3.90846
0.732792
0.0418043
-17.6065
0.622608
-0.826328
-0.240775
-0.70887
-3.7464
0.74033
-3.16309
6.90103
2.82584
-2.11197
1.97809
-49.475
-0.2313
1.06794
0.80071
1.12818
0.404075
2.15036
0.977563
0.200085
0.438537
-0.681976
-10.936
-0.204154
-2.56942
-6.8558
-8.48987
-4.35802
0.898128
-33.4597
-22.4318
-0.750115
4.60052
-46.7579
-0.329958
-0.321851
3.30007
-0.178462
9.46148
-4.60683
-0.692528
0.0322247
-0.320279
-0.103228
-0.0483456
-1.5276
-0.220629
0.434626
1.44098
-0.4331
-3.21767
0.893502
-2.97346
-0.555006
-1.11679
-0.853886
1.35328
0.563791
1.6933
0.492389
2.53105
1.09994
-0.732922
-0.124477
-0.00575022
0.497458
1.76204
0.945311
3.23899
-0.509768
0.269216
-4.84987
1.74494
-0.962173
-1.12887
-0.406646
-0.995528
0.671583
-0.316751
-0.200798
0.995123
11.7656
0.705156
2.46539
-0.868097
1.22376
7.39477
-0.552979
-5.03478
-0.240482
0.265085
0.684565
-0.719709
-1.01045
-0.16126
-0.268116
-0.430747
-0.337136
-0.593709
5.4496
7.17226
-2.53575
-0.927434
-13.6657
-2.29931
-1.98803
1.85583
0.614563
-0.599582
10.0079
-0.225635
-5.3757
-0.0731723
-0.741448
-2.61125
13.1349
39.6554
0.0935726
0.565505
0.381786
0.21824
-11.2225
-0.104805
-0.00413813
0.0323309
1.70175
0.498446
0.439455
-4.9136
0.261032
-1.54966
-0.481769
-0.0138878
0.437368
-24.1047
0.200231
0.640578
2.15275
-9.29554
-0.0555002
-1.38412
-0.38895
7.02131
-0.619279
-1.50592
1.25325
1.87929
-1.0056
3.61598
-0.289909
-0.55756
42.8445
1.77424
0.839435
3.45144
-0.770178
-1.11999
6.00191
0.0171373
0.417372
-6.8246
-2.03824
-0.940936
-0.209735
9.54617
0.601449
-1.01336
-0.696932
3.44653
-2.57642
-1.68798
-0.011725
-0.347193
0.675219
-1.2035
-1.18286
0.502835
0.525042
-12.8541
0.651657
0.875512
-2.83597
3.53249
0.157746
-0.527296
-7.08962
-1.48541
-1.3627
-2.61102
0.166103
6.74359
0.404155
30.5281
-1.04599
-1.13542
1.08422
0.423979
-2.26013
0.915155
0.0860014
0.478253
2.3215
-0.418275
1.91524
1.25515
0.680785
-1.97027
0.778732
-1.39096
1.03801
-0.854147
1.94894
4.06953
0.167057
-0.20876
1.68937
-2.20621
-2.25048
-4.77966
0.638459
1.70589
-20.4721
1.03237
1.95963
0.143752
0.783989
-0.430863
-0.278264
3.30307
1.04343
0.856102
-6.06638
-3.47079
1.0184
0.951975
0.275697
1.59423
8.48911
-0.931101
1.11189
-1.09781
-1.51809
-135.341
0.569203
0.180225
-2.9867
-1.27998
0.377587
-1.88091
0.0828065
9.22498
3.04062
-2.4079
0.245601
-0.175227
-2.28746
0.710591
2.95594
-0.660009
0.380092
-0.146794
1.3939
0.931156
0.81863
-0.631462
0.0173179
75.7339
1.42293
-0.292139
0.165352
0.881736
-2.14137
-4.57056
0.87771
0.431317
1.10115
-5.0548
-0.453442
3.04684
-11.2778
0.522451
-1.88066
-0.404289
-0.667312
-1.02147
-9.30956
-2.26832
0.620348
-2.37473
-0.449486
0.82338
2.53564
0.124429
-2.71446
-0.421706
-4.50089
-0.42274
-2.82043
21.3599
0.330172
-8.06206
-0.933784
-0.00626774
1.88904
-2.00205
-0.414442
0.399323
-2.76495
-0.375421
6.76626
-5.46504
-2.06263
2.79521
0.882075
-3.5915
0.979394
-3.47498
0.075597
-3.58938
-2.41805
0.0868903
0.340901
1.14444
0.497617
1.60893
-14.7282
-2.32537
0.879513
5.91691
-31.2931
1.06184
-1.07109
0.504376
-0.148939
3.24293
0.396752
0.774842
-12.0445
-1.25307
-1.92613
-1.019
7.54884
-0.571053
0.416384
-3.01943
-2.08708
1.13406
3.79841
-0.00667037
-0.965825
-2.5697
-1.92195
1.39318
-0.242629
0.498349
-6.17911
0.0145156
-2.88618
-0.0226667
0.315323
0.732653
-1.46755
-1.13053
3.14726
-0.222429
1.12285
1.53223
-1.34732
1.96151
-3.18256
-3.40204
3.60333
-1.59081
-2.04223
0.410115
0.851186
-0.419965
0.508056
1.64611
4.77865
0.546244
-69.7183
-0.8893
0.421711
0.700389
0.14147
-0.472914
-0.236239
0.0209065
8.41473
3.70646
-2.85688
1.86705
0.133065
-0.483352
1.28679
-3.00243
-3.45298
-0.801532
1.90923
-0.826009
-16.4212
-10.4357
0.711555
7.61014
-2.40418
6.55496
0.821341
-0.0875559
-0.121498
1.30917
-0.0267837
-0.130719
-5.75297
0.341551
1.41149
-0.369801
-1.29678
-1.87465
0.91579
-0.170493
-2.34523
-1.32502
2.85266
1.24353
1.15535
-3.63115
-0.507278
3.9212
3.45083
-1.32283
0.18825
-0.85728
2.97309
2.31633
-1.2431
0.200256
-1.05445
-2.06907
0.51511
4.66221
-8.90106
-2.84559
-0.0988432
0.296547
-2.39351
-28.7331
2.79639
3.50901
-0.0550161
-3.94085
1.03544
-0.282512
-0.732992
0.631491
-0.61323
0.605217
0.787121
2.76869
-0.182286
-2.96601
-0.251448
-0.608553
1.22633
-1.4165
-0.291253
-0.968071
0.874686
0.870288
-0.855998
1.81752
1.6685
-0.372946
-2.61803
-3.1382
0.408288
-0.435314
17.5738
-0.936264
-4.29185
2434.68
-0.624482
7.44094
3.3055
1.71432
0.24353
-0.285128
-0.079107
1.07952
-3.18281
4.12199
0.270944
-1.07597
-0.231119
2.52975
-3.23024
-0.61904
-3.0053
-0.571144
1.14007
1.99281
0.630772
0.549909
0.0800025
-0.948998
0.33909
-2.16639
5.78411
1.50153
0.244077
0.485285
-5.01811
0.339687
-0.433467
-0.182733
0.668882
0.238321
-1.18235
-28.2136
0.576649
-1.43665
2.45854
1.21691
0.696856
-0.643883
7.15613
1.14107
0.175707
0.348341
11.7917
-0.835191
-2.03804
2.13078
-1.24446
0.0626749
0.32474
4.06682
-2.25865
2.41223
-0.972144
-0.184239
-0.733145
0.487467
-2.0157
2.4608
0.17556
-4.12606
2.73892
-2.66603
0.54691
2.2027
-1.36455
21.1913
-0.0729694
0.892481
0.13142
0.23423
-0.394221
-1.0617
0.636133
-0.883955
-0.389691
-2.64304
-1.4239
-0.674568
-0.485171
0.211941
-0.197891
0.622732
-9.91473
-0.336321
-3.37603
-0.323817
2.72495
-1.98928
0.075077
5.15237
72.9367
-1.92421
0.610374
1.11424
0.0358827
0.357708
0.0570099
1.24331
-0.450265
16.8186
0.895315
-1.43702
1.01415
-0.36117
-0.314342
3.27306
0.110117
-0.211364
1.5822
0.471987
-0.982829
0.630157
-3.39486
1.3876
-0.38145
-15.4688
2.53045
-0.18411
0.0303205
1.78603
-1.30675
-0.198358
1.59024
-1.88697
-0.0109019
-0.606461
-1.09848
0.193975
-12.83
-1.42309
2.14895
-0.711753
0.132781
-0.0409631
-1.42589
1.41751
-0.89211
0.117203
5.67251
3.1
0.82354
-0.638312
-0.734156
0.192085
2.33814
-0.13245
-1.54659
0.13821
1.42827
1.33066
-1.4317
0.328499
-0.108764
0.356965
3.19986
2.11912
0.378277
-0.5459
5.11038
0.384831
-0.732435
-1.65603
0.570131
0.540069
7.5006
0.176978
-1.35356
-0.995232
-1.26461
0.0407912
-0.394741
0.130387
-0.0663902
0.670036
0.978148
-0.526425
-0.858009
3.95003
-2.74784
0.0188774
0.0229933
-0.553676
-0.625657
0.74014
1.13266
-0.71613
-0.279103
-10.78
1.73171
0.355291
0.842912
-3.44931
0.270119
-0.982263
-1.59487
-1.62708
0.521156
0.930545
1.34558
1.62048
-0.81082
-0.526622
0.65995
2.53539
-2.68888
-0.348214
-0.121561
-2.58251
0.125897
-3.43675
-0.328649
-2.28743
-0.0943675
0.389088
0.250432
1.20991
-0.401168
1.2571
-0.140138
-4.54017
0.0505682
-26.4168
1.39464
3.26201
5.38196
17.6711
-0.181737
-1.41706
-1.41139
-0.905107
-0.695328
0.352306
-1.11978
-0.199541
0.821842
5.64126
0.125778
2.2953
-2.59087
-0.975224
-0.137795
-0.0798961
-7.21599
-1.39433
0.900808
-2.98975
2.26122
-0.816205
-0.316113
0.956162
-1.3575
-13.616
-2.06456
-0.205756
-2.11624
0.685893
-3.57799
0.198847
-1.74593
-0.20956
0.683672
-0.818428
-5.47325
0.134853
0.903288
0.318488
7.74246
-0.266109
0.252531
-0.386881
-0.591029
-0.411485
-15.8543
0.618871
3.38848
0.782202
21.3764
0.62371
-0.28536
10.726
0.550248
-0.0649371
2.28902
-1.14451
-3.2831
-0.998865
-2.6177
0.546012
-0.46536
-1.29868
-0.680723
0.966138
0.452321
14.1435
2.17601
2.90809
1.00579
0.0826343
-0.884296
0.668612
-16.8054
-0.683665
-0.98263
-0.139917
2.28429
1.65845
-0.394898
-7.03843
1.13184
0.00956349
0.488807
0.414402
-3.13705
-2.9018
-1.55537
1.32304
-1.9015
2.57065
-0.245241
-0.738699
-0.808946
-1.14664
1.3702
6.77851
-0.285828
-0.0169837
0.226078
-0.811126
0.0288871
-1.56698
-2.65396
-1.64756
-0.887387
2.32211
37.7461
0.0328041
1.06514
-10.952
0.0777036
-1.22205
-6.93362
-3.62145
0.250381
0.971976
-1.37024
-6.25451
0.0330361
0.494111
-8.74996
-1.91805
-0.774254
-2.20761
10.3674
-1.32411
-0.943342
-2.66672
2.09979
0.0514155
-0.073255
0.168161
0.0166627
-0.540015
0.967736
3.37344
2.61923
2.50845
-0.530616
-1.73193
1.29911
3.28762
-2.54014
1.51276
-0.534478
0.730375
0.738674
1.12289
-0.740514
2.3113
2.09501
0.0933993
2.2078
-4.32589
-0.100562
-1.07945
-0.776784
-3.83612
-22.3032
-0.74597
-1.3286
-6.90692
1.39668
-2.22793
3.79876
-0.515412
-0.920369
-1.2538
-3.80994
0.116591
-0.940756
-2.58013
-0.968448
-0.592966
2.44166
4.19884
0.341732
0.233352
0.251527
0.0069461
-1.66907
-0.0529793
2.93406
1.01802
-0.551982
1.18644
1.29108
2.82786
0.968401
1.01779
-0.125805
-5.17062
-3.68532
0.107818
-0.645104
-0.0123595
7.7298
-2.1551
-5.36512
-1.6009
3.86334
-4.46401
2.49028
0.354505
-0.561248
0.374427
-0.667573
-0.354551
-2.20834
0.569512
1.96225
-9.03884
-18.4508
-0.708881
6.44574
0.787195
-0.48337
1.1394
1.95012
0.353731
1.54334
0.331043
-5.6587
-1.46737
2.53674
2.52563
1.84294
0.928555
-4.85359
0.705243
-0.983159
-0.0098409
-0.697129
1.4866
-0.950498
1.47731
2.89444
-1.74456
-4.15988
0.513315
20.7602
0.42049
-0.469619
-2.02557
-0.573122
-2.49384
-2.26713
-1.4487
-0.221596
4.54002
1.09382
-1.14655
-7.24454
-0.206777
1.51843
2.51389
0.198603
-5.94264
-1.7256
-1.15751
-0.0381341
-7.40927
-0.495513
0.778756
10.5709
0.928651
-1.27109
1.58788
1.44855
5.37233
0.922936
-50.1501
-2.06215
5.77755
-0.914641
-0.415352
-1.24052
-6.29288
0.461383
0.196271
-23.6861
-341.593
-0.504395
0.441999
0.544972
-1.7328
0.210959
0.785163
-12.6726
-3.71718
-0.945181
-0.824729
0.645027
-2.23036
0.836522
0.48119
-335.669
-4.47266
0.444063
-1.03738
2.15008
-0.925544
-1.41018
-0.327782
0.582748
-0.333411
-0.583348
2.97089
1.60168
1.72704
-0.410831
-1.24762
0.347221
0.304866
0.150453
-4.1634
9.189
-0.0720789
1.17342
-2.19597
-0.156837
-0.404638
7.98077
0.17382
0.891235
-16.7096
-5.45458
1.6261
16.5986
-0.851667
0.91136
0.551925
-1.07562
-3.56655
-0.173349
0.348492
-5.90954
0.678998
0.0877671
-1.95563
-11.3728
-0.221322
-0.758095
0.906222
-0.883685
-1.21029
-1.84527
-1.53347
11.8426
8.58216
1.70462
-1.48409
-0.175518
-0.280909
0.488884
0.0295985
0.444233
-0.498337
-0.898863
-1.04538
0.246708
4.70576
0.545759
-0.211114
-1.8804
0.294467
-7.0154
-1.1067
-1.74874
4.46623
-1.01046
3.8871
-1.91969
-0.469813
-0.411779
0.831056
0.0100865
-4.6746
-23.6554
0.0658081
-0.174301
0.152347
0.650925
0.424686
-0.251077
-9.49477
0.901719
1.25964
1.06514
0.575899
0.748415
1.90087
0.673562
0.117089
0.386749
1.03372
-0.344679
-2.50161
0.88737
-0.26767
-2.34466
-3.16724
-1.09246
1.14293
-1.91876
1.33851
0.0737378
-3.16344
0.46484
1.84999
0.0367849
-1.1203
-3.86794
-11.4688
-7.26442
-1.29871
1.59277
11.5869
1.87519
-1.28273
0.576643
1.87927
16.4535
-6.41288
0.311532
-8.0943
0.352082
-0.529134
15.1527
-1.23681
0.279491
-0.574346
-2.35901
0.558057
-9.05855
-0.895983
-0.886484
1.18526
0.521669
-0.89129
3.06518
0.68684
-11.2939
1.09163
1.1495
8.90159
0.749229
-2.01465
-4.02663
0.892346
-0.522641
1.48665
8.73705
-0.447619
-1.1122
-0.271432
-0.456483
-3.00086
-3.71676
-0.955272
-3.2822
-0.25726
3.19886
-0.710002
-1.47085
3.08386
0.107389
5.33217
-1.28709
-6.54881
0.0900426
1.84844
-1.87165
-48.0467
-2.39649
-1.33364
-1.4278
-3.33792
-0.254602
-1.94336
0.142412
-1.65118
-0.190434
-0.747886
0.999002
-2.62668
1.34146
-0.484143
0.489959
-0.383631
-6.0359
0.531394
-16.6369
0.709053
1.43602
-4.20526
0.551114
-2.61547
0.887073
-0.0488502
-0.705529
-0.926372
-53.683
-5.95791
0.0819184
-0.0665674
1.06318
-0.0629996
1.02628
1.1804
49.4372
1.32733
0.814565
0.93797
-2.12197
0.656311
0.633833
-1.02731
1.32796
0.398769
-1.12474
-1.48442
1.0483
0.408859
-14.5432
-0.817419
0.132434
1.07383
1.08472
-9.69747
0.0427332
-2.28769
7.39154
0.180842
-4.51638
0.228411
1.02523
-0.391876
-1.37583
0.00433541
0.953682
0.740208
2.34643
7.05933
0.557064
1.24338
0.303464
-0.0554939
-0.0156144
0.687338
1.46488
0.370309
-0.662575
0.425155
-3.49085
0.382182
-1.72849
0.855943
-5.884
-0.572215
-0.402112
7.40187
5.3005
2.43297
0.814439
-0.166465
-1.33575
1.98672
-0.147511
0.218158
2.74541
0.158809
-9.45678
14.7665
-0.259177
-20.9783
0.553135
-0.218591
-0.265651
-61.3471
1.28032
-2.62643
0.0953404
-22.7825
-0.312865
-0.726619
2.42565
1.63204
0.354717
0.853183
-2.0878
-0.237045
-0.045528
10.1819
0.562325
2.39635
-0.198452
1.10725
4.98705
-0.0499284
-1.19412
2.35483
0.056328
65.1096
-6.07932
-0.268537
-1.45652
0.444995
1.2028
0.208508
8.7982
-0.298023
0.321355
5.28814
1.60984
2.1731
-4.90935
-3.38025
0.0949989
2.78646
0.888294
-0.0531416
0.594742
-11.2337
1.83469
-0.178716
3.3146
-2.28793
-17.2738
0.212511
2.3619
-0.12377
-0.863521
1.02426
1.12634
-0.597381
6.59987
8.11149
1.2706
1.17374
-0.126469
1.15576
-3.92107
-0.370951
-1.34563
-1.06086
-0.639533
-0.667853
-0.0848584
-0.540819
0.0464582
-2.75787
205.543
0.100854
1.79367
-1.11834
0.630801
0.273275
1.76089
-1.87483
0.125492
4.00836
0.936243
1.52944
-0.614452
-1.04294
4.73968
0.521155
0.563859
-0.16262
-6.89271
-2.15741
0.662393
-0.322683
10.8753
0.581426
1.91361
1.38795
6.02712
0.5821
-0.780734
-0.222342
-0.405134
-2.65865
-1.86618
3.26044
3.30291
-2.34942
0.0050213
1.05557
-0.835742
0.384301
1.29169
-0.484327
-4.11557
0.0673742
-0.876635
1.48264
0.0456153
1.71226
3.56255
-1.40728
0.684171
0.12936
-0.292318
0.133892
1.40716
-0.509894
-0.676086
-0.143955
0.469704
0.926375
0.54097
-0.426218
0.601704
0.938825
0.0207677
0.405887
6.08053
-0.827272
0.690339
-0.0903564
-0.496792
-1.4695
2.52737
2.17132
-0.256631
-0.392461
-1.61355
-0.397304
0.73269
-0.26669
0.74192
-0.308295
5.99629
2.1228
-0.241631
0.48683
-0.361827
0.798375
1.87573
-5.72095
-0.481251
0.846268
1.32928
4.69969
-0.133344
-74.0557
2.47221
6.90746
0.185627
1.83232
-0.941806
-2.62405
-0.655102
-3.5362
0.0839688
0.979423
1.71272
0.131146
0.543987
0.11983
1.68342
-0.183458
2.10066
10.3261
-0.184722
0.348437
-0.653
1.50409
-1.45597
-151.111
-2.97667
-13.8907
0.115086
-0.127997
-4.4298
1.96884
-0.0808478
1.59128
1.50392
0.0302237
-2.21681
0.77846
0.594174
-0.216037
0.84366
0.19085
1.06658
0.0566017
16.6559
0.798593
2.58931
0.223414
1.9165
0.12619
-0.223017
1.16298
0.0578869
-0.0936186
-0.273415
0.968392
0.316506
-0.48274
0.895363
1.19972
-1.5352
0.77026
-0.934804
-0.912512
8.68459
-1.14654
-4.77509
0.917558
3.47621
0.133198
-3.11187
-1.42368
0.831768
0.264462
0.00324133
-0.376148
-4.15289
-0.229148
0.896317
-15.557
2.17194
-19.2557
-0.192391
-1.63407
1.21757
1.89816
-5.3255
6.41442
0.737406
2.10098
-1.26695
0.231767
3.77246
-0.16242
0.836899
-0.936178
-1.98532
0.0052089
-8.20991
-0.274185
-0.127592
-93.2591
-0.0891318
-2.32784
2.07777
4.68058
-0.670221
-0.272603
3.81011
1.29703
4.55367
-0.11856
-1.98353
-0.611749
-1.12055
1.29635
5.43981
0.486354
-0.804195
0.56385
-0.705961
0.630811
1.95476
0.156021
-0.890604
-0.452259
1.64223
0.972105
0.120434
1.00581
0.696421
1.812
-1.25088
-0.178555
0.39976
-1.18034
-0.399844
0.336983
-0.995964
0.442471
1.611
-0.976538
31.8936
-0.495199
-0.262897
-0.885198
-0.363046
-0.448792
-0.99148
1.80417
-0.0796739
-5.64048
1.07639
1.15106
-1.83417
-0.395788
-11.1894
-0.265756
0.728095
2.99018
-3.49174
-0.300409
0.402427
6.31338
-0.458863
0.636613
1.2399
4.57289
3.19942
-11.1653
0.747932
0.0578244
0.444121
0.571541
1.27499
-1.68199
-0.0392322
0.611531
1.5557
3.28848
-1.77717
0.0175306
-2.06802
-1.4477
0.269916
2.80585
-2.22434
1.04063
-12.1944
-0.139009
-0.153695
6.66142
0.53705
-0.298566
1.87618
-0.432345
-0.784844
7.3711
-8.80628
-0.294325
-1.03892
2.739
5.31978
75.8556
1.81308
1.15894
-1.66525
1.35232
10.6304
2.02861
-0.957967
-1.54066
-2.37676
-1.10804
0.0538403
-3.97614
-1.16549
0.124585
-2.53873
-1.76851
-0.224344
-1.38716
-3.59477
0.45766
0.0484089
0.847482
-13.4536
-3.12043
-0.299707
1.74195
-59.5295
5.31467
-0.346647
0.907661
0.756111
-1.61203
-0.0823031
-0.260769
0.0274879
0.667419
0.149465
-1.55033
-2.44077
0.51641
-0.259079
9.55454
3.34941
-1.40513
13.6375
-0.339741
0.744215
2.44033
1.97996
1.73976
-2.36361
0.726657
-7.32994
0.752584
-0.753243
-5.84679
-3.677
4.75864
-15.308
-0.685817
-0.434671
1.3968
-2.34784
2.88691
-0.900002
-0.0462865
-0.0492967
-18.3884
2.98666
1.66515
0.297076
1.16556
-0.147141
0.900385
-0.665943
126.911
9.92971
1.1384
0.322655
-1.14615
0.104466
1.89949
-1.67391
-56.0845
19.3308
-1.24107
0.557225
1.65428
-7.65793
0.663756
0.478148
13.9802
-1.01814
-0.0982751
-1.37256
0.000285544
0.774428
1.51409
-1.68609
0.141706
0.0340834
-2.32625
4.88796
-4.90968
27.7375
-0.400416
-0.176677
0.868855
0.652392
0.517785
-0.719681
0.91972
-5.25901
11.9463
0.0843215
4.10232
-0.140285
0.296385
2.99676
0.550998
-1.18435
-6.70175
-3.51699
7.33106
1.20385
-1.11664
-29.5404
-0.573849
-2.0431
6.93318
-0.381619
0.782383
1.84207
0.725299
-14.5864
-2.28915
10.6276
1.65221
-1.35748
-3.73495
0.21252
1.27787
-1.47968
-1.02579
-6.35159
0.449874
-0.711873
-0.588581
-1.39599
0.51532
-0.754
0.204978
1.98196
-0.569022
0.283851
1.00894
0.337756
-9.40711
-0.443325
-1.11075
-0.66197
0.562216
-1.64223
1.32554
103.393
1.88261
-0.473201
2.1216
0.395314
-0.669527
-19.8864
-0.430749
-2.73118
0.187953
0.995559
46.1577
0.919175
-1.06002
3.4028
0.344032
0.067596
-2.18061
-1.07502
-0.103813
0.350044
0.307479
4.11478
-0.209714
2.23308
2.14422
-0.819029
-0.358477
0.307339
1.4391
-0.19434
0.732092
-1.13565
-0.189155
-1.61302
0.673713
-0.125491
-182.19
15.1521
0.428209
-0.248195
0.848778
1.58345
0.841924
9.1551
-7.24143
1.35981
-1.40247
2.77918
-0.326072
3.30859
-0.662809
1.77341
1.6841
-14.8628
0.467692
-1.03459
1.26317
-1.1007
0.61164
-2.21936
-0.0269484
0.846936
1.91635
-0.107581
-1.78185
-0.800522
0.206783
-0.913888
0.285379
-0.0369449
0.405404
2.54317
1.40505
0.951578
0.293634
-0.462848
1.93484
-3.53028
-2.22795
-0.194335
1.07583
-0.30405
-0.138675
0.5008
-0.421542
-1.37468
0.0680079
2.83703
0.431023
0.388652
-1.59063
-0.676277
-0.512352
-2.49658
1.08555
-3.1327
36.5414
0.418017
12.5619
5.08822
-1.90962
4.41255
6.21361
10.7269
-10.6459
8.2369
-6.93002
0.237931
-3.65553
-0.390078
-0.99399
4.15212
-5.58269
-0.418787
0.73004
0.981689
5.26034
3.77806
-0.789207
-0.198778
1.77244
12.8774
-0.877369
0.255572
5.91395
-0.719698
1.37535
3.50799
16.0194
0.285036
-1.24723
-0.396388
1.41837
0.629745
-1.04604
0.702851
0.00666901
0.299139
0.940492
3.81343
0.763136
11.24
0.366025
0.00171867
-0.4112
-2.53958
0.460583
-2.05394
-10.0741
3.1802
0.508856
0.621708
2.34412
1.59465
-0.866448
2.55373
1.79793
0.164602
1.18196
-1.03162
0.749466
0.113009
-0.21364
-0.179754
-0.087591
-1.40877
2.83491
2.392
-8.12098
-0.254238
-1.7611
0.637941
0.014501
0.330482
-7.41365
496.231
1.12927
0.913582
0.917209
1.00824
0.368682
-0.51598
-0.481894
8.06342
-1.47407
4.27412
-0.159998
-0.638293
-0.440357
0.380815
-0.0838304
1.32658
-1.64024
-1.36139
34.2386
6.37974
24.081
-0.359717
-92.2884
-11.0361
21.8359
1.63987
1.09613
-1.04669
0.419864
0.30767
-7.40439
-7.37885
12.0839
4.48888
-0.0143688
1.0161
-0.493711
5.52316
4.94006
-1.19221
-0.124117
0.78732
0.489113
7.47196
-0.652493
-0.181553
0.196862
11.2678
-2.25147
0.64463
2.28927
-1.20839
47.047
-2.45091
0.357379
13.5375
-0.934687
2.89157
0.467768
3.83317
-0.997067
-1.74554
-0.82296
0.581126
0.44251
0.412051
-2.05394
1.2045
0.969742
-3.0666
-10.8541
-3.06775
0.186965
7.57141
-0.0153534
0.25137
-3.1146
-0.995504
1.18105
0.618105
5.25625
10.4091
-0.914688
1.93995
-1.0507
2.36887
-1.53276
-0.19177
0.136906
0.124672
-1.60667
-1.48617
0.231011
0.0226725
4.90168
0.211544
1.44944
-0.639308
0.0235641
-1.25378
-0.20724
2.43895
-0.947158
-1.43314
17.5029
1.13537
2.30397
-4.87316
-0.313581
0.00711535
3.38378
0.230603
-1.21716
4.87028
0.0727169
0.656013
0.586334
4.35977
-0.219034
4.01255
0.707063
-0.895823
-1.30409
-66.6097
0.859134
-0.0346938
16.9414
-4.02392
-10.1975
12.2456
0.272193
-3.38638
-6.55951
0.648798
-2.57223
-13.5731
-0.347458
32.0755
-0.460129
0.00841202
-1.95048
0.364771
2.45843
2.88763
0.50993
-1.79305
-3.8284
0.450474
0.621178
-2.89591
-23.2976
-2.35444
-1.36868
1.58583
-1.19159
2.07102
4.77796
-0.698836
1.12654
0.485269
0.355321
0.0508998
-0.649306
0.607883
-0.828585
0.273552
-7.2871
-0.175721
-1.52975
6.06541
0.290791
-0.922972
-0.489867
1.74847
-16.5855
1.29094
-0.415674
6.4122
-0.26043
-4.19798
2.23162
0.402685
-1.06014
1.06746
-0.850963
-0.0431684
2.21269
1.49436
0.643671
-3.03806
0.0933858
-1.49547
0.661384
-10.823
0.145158
0.433769
0.939372
2.30547
-6.6613
4.4838
0.179334
0.647815
2.33889
-3.98445
0.859397
-1.22731
5.04578
-1.24142
-0.396681
-1.65188
-0.197233
-6.38783
-0.508986
0.471776
-2.8761
0.687989
-1.46666
1.65777
-0.088347
1.29718
0.837145
0.101695
2.66564
-0.55122
-1.10381
-0.415576
1.62804
-0.109039
3.17866
-0.596164
4.24137
0.653214
-0.931596
1.21729
-1.22379
8.11651
-0.142503
59.7976
0.630685
0.709065
-0.424369
-1.00856
-0.121605
-0.393452
-0.433894
1.94989
0.267304
0.134284
1.53903
-0.929493
0.714707
11.5529
0.970871
-4.74848
2.96899
0.41219
-0.0125015
7.62994
-0.968442
-4.90181
-5.33933
4.63079
-2.11632
-5.1906
-2.5513
5.45848
-0.737803
-0.00557932
0.946285
-0.779899
-1.47387
4.72916
-0.622891
2.79079
1.52447
-1.74241
0.865756
8.03664
-1.78431
4.61812
-0.0125782
0.344269
0.160857
-1.67718
6.87865
3.37732
0.46294
2.56869
49.9339
-0.0101587
1.98481
-10.5579
0.703232
0.719761
0.993186
-4.29455
1.10186
0.515092
0.352158
-0.512159
-1.74736
-9.91231
1.77095
-0.32064
2.51989
-2.48607
-0.104345
-0.182654
-2.92226
-0.0628551
-0.72421
-0.166644
-0.186678
-0.0296909
-0.375736
-0.103192
2.7181
2.9537
-0.605325
-0.279063
0.701861
7.4059
-0.436769
9.23273
0.16773
-0.913719
1.86634
7.10725
-0.832152
-2.93422
-1.39249
18.6555
0.298644
-1.21004
-1.02501
0.573644
1.65321
0.341745
1.31741
0.591316
0.316931
-5.60983
2.23929
-0.0357597
0.101265
-0.375339
3.63453
0.0838143
-3.38653
3.23698
0.662085
-0.0691588
123.183
0.0535473
1.09254
7.01287
-12.5045
2.33543
2.18734
-9.24519
-2.59706
-1.0271
0.903416
3.29378
1.49416
-1.56175
1.25245
-0.405437
-0.474311
0.0562306
-1.21275
-0.780971
-0.013929
56.2291
0.958995
1.12442
-0.465401
-0.848502
-0.0134183
0.0304701
-7.66498
1.10718
0.884574
-0.954024
23.6609
0.0110548
-0.463877
-2.24803
-5.04196
0.164436
-1.90124
-2.99227
-0.277898
-1.25933
0.114682
3.16001
-1.47919
0.678736
-0.718769
-1.1546
3.07799
2.95577
-0.394595
-0.240763
5.42148
-0.0726012
1.28059
-0.46093
-11.4832
-8.83053
-4.89754
-0.0879699
-0.135219
-0.582008
0.542492
0.658882
0.118639
-7.27865
4.8812
3.01644
1.99935
5.20424
-1.17941
-0.238813
1.01892
-2.60926
0.542478
0.643911
4.51847
-0.975048
-0.0500221
1.57126
0.835628
-0.258426
2.38157
-1.99005
0.842033
-0.311499
0.0317845
4.02801
0.9047
1.44153
0.564402
-2.65128
-0.496001
9.95103
0.346507
10.4676
-1.37654
11.1317
-11.8462
-1.38265
1.00813
1.71156
-0.308862
-0.21834
-40.3711
1.75176
-0.360725
-0.184097
0.0215617
-0.258633
0.0723671
-1.95232
0.261067
-1.31442
0.787744
-0.0189774
-2.33657
-1.24601
-11.2928
-0.427159
0.486717
5.4336
-29.9376
0.0932259
0.77826
-1.18132
-0.410797
-0.446984
-0.575654
0.796052
19.5414
-6.56202
-0.0638208
1.02433
0.862122
-0.87773
-0.699995
-0.418412
0.633687
-0.463102
0.923529
-3.245
0.947646
-5.05508
1.14633
-2.12304
-0.245344
0.121772
0.523563
0.120981
-1.47865
-9.30437
0.578884
0.357252
-2.45611
0.898633
2.09204
0.706261
-0.0177874
-0.69953
6.84213
0.715706
-0.657129
-0.0104646
-13.5386
-0.223253
-0.219652
1.21476
-0.115536
-0.434858
-1.27585
0.117156
-0.0336137
0.557219
-68.4086
0.471229
-0.376818
1.7913
6.20687
-2.38745
0.521518
-1.41651
3.74953
6.11969
-3.24152
-0.649261
0.52259
-11.8676
-0.699679
-0.195321
-2.7202
-2.46031
37.5232
1.57692
-0.415606
-1.76194
5.40576
0.463013
0.658282
-1.59664
1.5405
0.584873
-1.35025
-0.10902
0.145074
-0.420756
0.665546
1.07913
1.18868
0.401363
-1.09983
0.886495
-0.075323
-0.652739
-4.99146
-3.76893
-0.667932
-0.574622
1.12068
3.98358
-0.818017
1.53047
0.219211
2.50005
0.131366
-0.360921
1.11868
-2.97774
-0.106584
-3.01543
1.28641
-0.163314
-0.365171
-0.62506
0.571495
0.10361
3.03253
0.362613
0.0492881
0.36353
0.481392
1.29838
0.220343
0.375067
-4.43787
2.45463
0.449814
-1.47119
-0.130602
5.68153
0.706042
2.79721
-0.510252
0.141399
-1.28787
2.50511
1.95563
-0.577876
-3.49623
167.903
2.50957
1.22187
-0.0758912
0.0916104
5.54277
-0.538897
9.67737
0.887628
-1.53874
-0.578686
-2.01748
-11.3884
-10.1926
-2.24644
-1.86688
0.998499
-0.00536472
3.65242
0.249053
10.907
-0.042742
0.441057
8.0374
1.21163
-37.0594
0.701723
-0.898579
-0.198509
-2.00882
-2.48455
0.412179
0.848862
0.508257
0.320633
-0.145535
-0.770563
-1.19557
-150.491
0.307735
1.35831
-0.561761
15.3401
-5.48135
-3.44366
0.245227
0.631507
-0.00678975
-0.658527
-2.34878
1.90461
0.351499
19.2486
1.15735
-0.306702
27.342
-1.29117
-0.388414
0.00072797
5.09167
-0.429315
0.56996
-0.997487
0.342051
-3.59188
0.0866306
-1.7696
0.421792
-1.47627
-3.1741
-5.87804
7.25347
-0.260723
0.255637
-0.730334
-4.85106
-2.4531
-2.31142
5.12326
-0.263658
-0.356619
4.35881
-1.84833
-7.26771
16.7179
8.68717
-1.30148
0.358356
0.263947
-0.358845
-16.0544
-0.705069
-1.4146
-9.12393
1.93647
0.268008
-0.109767
-0.273048
-15.0187
0.483367
1.39156
-0.00587972
-3.42129
3.27089
-1.28058
0.974497
0.0434504
1.17994
-0.0369083
2.30111
-1.2726
-5.0565
0.579183
0.990217
2.11459
-0.164557
0.0885412
-1.18219
-0.0534374
-1.35672
1.67899
-1.73792
0.128435
0.353594
1.23985
1.18367
-0.291085
0.127928
-2.3187
0.562416
1.19722
-2.07642
-1.93032
-3.23957
185.193
-1.02844
-1.69023
0.401323
0.740022
0.939583
-18.4922
0.350238
-11.9008
-0.418021
-0.667799
0.00659424
0.404904
-0.338335
0.0831803
-0.92944
0.430893
-0.000142396
1.31653
2.39336
-0.239166
-2.14185
-1.5087
-6.52407
0.554418
-1.57142
5.5138
-0.0324263
-1.07079
-10.5624
-0.268976
-0.826184
0.360616
-3.32069
13.4751
3.74672
4.19179
1.57699
1.1308
2.09641
-5.74889
-0.253118
-0.346901
-0.82864
-1.24218
-4.93242
1.84848
-0.585813
-4.93331
-0.490364
-0.492179
6.58209
2.00371
1.6172
-0.333875
-0.095213
31.816
2.15059
0.0123943
-0.543029
-2.84894
-1.32722
2.69255
-0.980101
2.42027
0.583679
0.15307
-0.368917
0.0494614
1.35165
-6.61188
0.371148
-1.51427
-0.0626135
0.767741
-4.50373
-0.824019
0.122798
-0.168303
-4.40457
1.68109
-3.64187
1.34443
1.89127
-0.658694
-0.977403
0.308566
0.762986
3.97769
0.248893
170.769
0.0615836
0.86696
1.04066
-0.34384
1.24176
-0.978315
-0.118446
-16.8097
6.04826
0.911305
-0.585737
1.15332
-0.78811
0.751364
-1.33376
0.60471
-0.384602
0.339206
-0.821132
0.453688
-0.322046
-0.15005
-0.0437412
-1.22756
1.14142
-2.97376
-17.5071
0.381529
-0.0152111
-2.16657
-0.221888
-7.58311
3.89734
-1.00071
-3.27532
1.13905
-0.885558
1.10942
0.114462
0.372252
-2.28531
-0.768951
-22.2414
4.3672
-2.24886
-0.132902
-0.450118
4.39785
0.0650484
1.0025
2.5173
0.253192
-2.03581
-0.424155
0.153301
-2.3409
54.8308
-1.22151
0.819183
40.8161
0.602322
-1.86969
0.231312
-0.0456883
-0.818683
-27.2331
-1.94219
-0.178477
-0.490051
2.8967
0.542039
-1.13161
-2.4667
0.77638
1.63277
-0.0294712
0.311184
-0.254194
1.62764
-2.16949
-38.7927
-0.379182
-1.03141
-0.34129
0.038956
4.4532
0.286818
-1.96335
1.77895
-0.955792
-361.123
0.451876
-1.85391
-4.40898
-0.999712
0.922395
-17.2441
0.741176
0.00626745
-0.141326
15.1917
0.0294202
16.5698
0.326622
0.985241
1.94044
3.48628
0.36977
2.17863
3.40332
1.02372
5.3283
-3.55058
-0.0589559
-1.5401
1.52523
3.99919
0.535741
0.520365
-0.817969
0.680036
-0.282199
-0.0717428
-0.266972
-2.38262
1.19833
0.967052
3.89888
-0.351626
2.07186
-1.78372
0.443499
15.8987
0.598647
0.41979
0.771907
-0.403878
0.176682
0.491065
-0.337413
0.773117
0.338401
-0.88972
1.19314
-0.31337
-1.58858
-0.607277
-0.408921
0.624059
0.556359
-0.123485
3.38973
0.25571
0.150315
-0.97053
-1.19028
-0.130045
-6.75973
-0.277908
-2.30933
0.403611
-3.75803
0.706938
-2.24177
-0.115501
-0.913606
1.28692
0.553577
-4.44993
-1.34678
-0.387329
0.288454
-5.04867
0.516443
0.186094
1.85598
-1.90409
1.78096
5.87339
2.29649
1.51368
0.843817
-0.158744
1.895
2.41946
-0.00074529
-1.78758
-0.993705
0.236185
0.516734
0.335242
-1.57708
1.26637
-6.31749
2.23494
-1.86356
-57.0663
-1.32791
-0.244702
-0.75864
0.626166
0.362452
-12.583
3.30616
-9.7719
1.23854
0.294455
-0.0119255
-0.815301
0.801138
-5.9184
3.55056
-4.92619
-4.29027
-0.0216808
-1.30216
0.497828
-0.120792
1.55671
0.222772
3.37458
3.26452
-0.478946
-0.153005
0.975744
-6.15675
-2.59963
1.05946
-0.0647947
0.590953
-2.12149
0.430983
0.440903
5.21819
-0.424123
-0.421412
2.28188
79.7538
5.33604
0.0993981
-50.3882
3.60989
-1.95542
18.3661
4.24129
-2.83869
-0.37431
2.07055
-2.65725
80.097
1.04178
2.49888
-0.887897
5.67471
0.094654
0.432664
-0.347818
-0.846302
-0.041104
0.440518
-3.71304
0.634765
-2.03897
2.12525
0.230011
2.47082
0.988233
2.43711
-0.0350466
0.798875
-0.390922
-0.332441
1.24966
0.208455
-0.435041
0.0222567
-0.891801
2.28701
0.162318
3.46733
-16.56
-1.65128
-0.638895
-0.358839
0.609106
1.48462
4.54043
6.30344
-0.570364
2.61423
8.47738
-0.591317
1.62
-0.244003
-1.12906
-0.026868
-33.9531
0.335384
0.881855
9.01467
-0.899248
0.75694
2.46848
0.267619
-0.139693
1.11559
3.77086
1.26399
0.583749
-1.20953
1.55627
-0.601906
-0.246737
-0.406757
0.389139
23.2221
0.735502
-1.67878
-0.832842
-1.73702
-0.00589273
1.52561
2.84307
45.9184
0.275906
-1.16626
1.0202
0.687033
0.519815
-0.218758
-0.14126
-0.705211
-1.03815
0.326278
-11.6178
-1.0525
-1.57186
-0.636458
0.34995
14.6035
-0.290973
-0.417124
-0.444434
-1.52237
-0.703796
0.659896
-0.76664
-1.80738
-0.0819481
0.742701
0.271716
-6.23084
1.12381
2.10764
-0.0410168
-0.0949422
2.81303
-0.850243
2.50878
1.1119
0.404743
0.434385
13.0822
-9.18836
-1.47553
0.246428
-0.817258
-2.57242
-1.64947
-1.84006
-1.1828
0.193532
23.8634
-1.72161
-0.629604
0.587883
-0.490552
92.9953
1.12993
-4.57491
-0.268742
0.060963
1.85483
-1.62552
-0.114948
-4.24074
8.39756
0.594203
-0.896181
-0.472949
3.81609
-6.69572
-3.89001
2.75592
-0.595611
-1.29048
0.511052
-0.846847
-1.83662
0.262589
-0.45681
-1.25313
0.107773
-1.34041
0.921164
0.174315
0.200059
-0.0420514
-0.199014
0.353301
-4.27712
0.374098
-0.48757
-5.28612
-1.25861
-5.86086
-13.6596
-3.60591
-0.521596
-1.76189
-74.1589
-1.16729
-0.349646
2.20188
-1.94333
-6.74795
0.620799
0.476
7.39718
1.67693
0.360592
0.0892172
1.48825
-0.375999
4.35469
-0.873063
0.0741336
-0.597386
-2.45887
-0.470066
0.83105
-0.533808
-0.513869
-0.0705013
-0.805989
-0.111809
-0.661601
-0.81808
-0.316126
0.0287639
-0.995024
-0.290364
1.39617
1.94332
0.364806
1.6334
-1.25226
1.18088
-5.61144
1.29613
2.62863
-0.0153682
0.185759
5.21232
-0.853578
29.9257
-0.715718
-5.34743
-0.567333
0.506973
-1.44371
-71.2484
-5.59448
13.836
0.622613
1.11918
0.0975606
1.93392
1.3361
0.823462
1.63876
-0.186842
7.29244
-3.59143
2.43501
-0.76895
0.0088799
0.428987
-2.48923
-0.633192
0.136362
-1.15722
0.85724
1.53013
0.12516
1.06487
-3.6667
1.15962
4.01883
-0.73367
-0.923911
0.906213
-2.49941
-1.13714
-0.120265
1.3654
-2.63034
29.1814
-0.844568
0.633184
1.0638
6.3476
-1.79401
1.8961
5.15688
-0.247215
1.42926
-0.623652
-1.43471
-8.65421
0.258081
0.0294073
-0.560458
-2.30623
-7.62311
-0.168808
3.97602
-1.62289
-11.4762
0.0355299
-1.8302
-0.205141
-0.449275
0.580719
0.460942
0.752274
-2.36294
2.63435
-0.213968
0.90705
0.675865
32.0593
4.69965
3.70936
-6.16766
4.18722
-8.56107
37.2929
0.470517
0.474872
0.7533
0.960367
-1.12335
0.693126
0.953361
-1.13579
-0.279025
-1.53122
1.57162
-8.05848
-0.803463
3.50957
-5.58644
-1.74896
0.931981
0.247078
0.466982
0.366653
-2.32611
-0.161058
-1.47573
0.432461
-2.47653
2.69237
0.342114
2.14439
-17.1565
-2.73708
12.6664
1.01403
1.90519
0.507154
0.261324
-1.82562
0.508451
0.283192
1.08521
-0.4198
1.69292
1.39059
-28.5058
-2.96781
-0.152452
-3.33433
2.95586
-0.993719
-0.357013
0.913117
-0.450327
1.0168
-0.737584
-8.11644
-0.503495
1.66532
1.08608
0.020082
-1.12129
-0.234943
-1.34133
-5.16696
-0.674207
-1.79344
18.8127
1.3229
0.897327
1.46293
2.41971
5.14112
1.00294
1.41693
108.592
10.8705
-0.335702
0.306134
3.61408
-1.27899
-0.395245
-0.739401
0.145639
3.20872
-0.237308
0.478242
0.367516
-0.104886
-0.00940816
-0.457866
0.708591
-2.15152
0.294439
-3.03418
-2.39646
4.79871
0.931164
-0.896983
-0.198551
32.2785
-1.3299
2.30699
-0.515866
-1.92408
-0.843154
1.802
-1.7198
-6.76778
-0.343694
-0.425903
2.66637
-2.04508
-0.0749942
-1.70077
-2.07421
-11.0599
-0.116907
-29.8053
-2.3079
-1.00596
-21.9113
2.33957
2.08302
0.487901
-7.3464
-0.849439
0.595075
0.228082
-2.2563
-1.50789
5.38553
-32.1064
-0.305055
0.811636
-25.8017
0.398686
-0.563504
0.368412
0.784043
-0.467809
44.2249
-0.0529704
-0.0583931
0.142114
0.276456
-0.872246
-5.31257
2.23368
0.0301348
0.943241
0.651289
-1.21417
0.340699
5.65555
-11.5274
7.23099
0.205742
2.20363
-6.837
0.0857286
-0.177394
-4.76637
-2.87544
-0.769421
1.86961
0.130371
0.177263
1.30457
-3.31329
4.04273
0.518213
-1.80896
-0.357242
3.5901
-0.900417
0.291759
0.777126
1.15712
2.05084
-0.454233
-1.06939
0.373242
-0.821825
1.1366
-1.22459
-0.418542
-0.150746
-3.42941
1.93555
-1.01083
-4.53673
1.4152
0.509112
-0.549034
1.56589
1.13915
7.30382
-0.482376
0.28185
-0.0434699
0.693641
2.7848
-0.911739
0.0154994
-8.21956
-1.70196
-1.91334
1.94997
0.830726
-75.5147
6.44529
0.475631
0.087818
-0.481335
-0.343043
-0.077137
4.14958
-2.23268
0.177305
-0.0170597
1.18062
0.731965
-5.92899
-1.73005
0.11406
7.73897
3.93572
1.75629
3.61801
1.66341
4.55777
-0.140091
0.419464
-0.625529
0.285823
-1.7762
0.0449496
2.10766
1.08357
-1.01835
-2.70795
-0.0371436
-0.192412
-0.371604
0.272914
-1.85774
-2.21853
-0.680919
-0.397833
-0.13299
-0.473283
-2.0435
-0.929084
-52.1542
-1.09613
4.02532
0.0403614
-0.588995
0.41101
2.14084
-25.5113
-2.55987
0.39026
-1.47592
-0.784328
4.62399
-0.661903
-2.26187
0.537632
1.86367
-0.976189
0.682982
-1.72496
-1.08658
-0.252518
1.43141
-1.84231
-0.338636
-0.911623
0.780324
-0.175147
5.41407
1.224
2.47789
-1.52692
-8.02911
5.32327
-0.123698
2.49229
0.247742
-1.22258
5.18906
-0.0691748
1.6764
-11.3586
-0.834682
-0.478866
0.469912
0.35803
7.74635
9.12992
0.351998
-3.26418
0.114351
-0.610929
0.615317
-0.317138
-5.72799
2.9166
6.55679
0.54838
-0.774746
-0.530197
0.0575385
-2.49662
0.16863
-4.09181
5.92072
1.44189
-0.171312
0.394935
-1.11113
0.717656
0.650118
8.85211
5.49342
2.36643
-2.11679
0.672874
0.542257
-0.0742774
-4.29144
0.0685352
-0.470558
0.0645409
-1.71423
3.02069
-0.36646
1.20468
0.576549
-1.13934
0.444462
-0.754732
0.228588
1.54543
1.02196
-1.72918
-5.31132
1.00919
-2.85644
-0.0484209
-0.140573
-1.48431
1.65696
0.484357
-1.16161
0.949217
-3.10926
0.0234189
-1.20054
0.403724
-1.07759
1.2667
1.28693
0.197186
-0.336146
-11.7713
-1.86534
-1.31696
4.88414
-0.266985
-0.490889
4.41239
-4.46964
-11.3944
-1.92386
-1.54574
1.15546
0.079399
0.0713725
-0.126341
-0.955421
168.721
1.16217
-0.512133
-2.41037
0.0358454
-10.2989
1.36554
0.476681
-0.401368
2.15629
0.26648
3.49565
-3.90343
-4.00552
0.716171
1.11147
0.0180963
0.194109
0.853284
0.984378
-0.111188
0.147847
-6.32399
-1.66284
-0.721595
-46.7391
0.566671
-0.0343541
-8.81367
0.442408
-0.458424
-0.657473
-0.867661
0.504393
-0.100388
-0.609454
3.44062
1.34601
0.468904
-0.141629
-1.1926
-4.68917
-0.302551
2.31123
0.815438
-2.90546
2.25661
7.53942
-0.0850732
-0.0362881
-0.611863
-7.76424
0.0142089
-1.30354
1.69931
5.22267
-1.71203
0.935863
1.00504
3.37958
0.636891
7.91859
-0.754665
-3.54798
0.170352
1.62542
0.633679
0.00326727
0.227241
0.0660672
-0.930999
0.555893
-1.07811
22.8656
-0.0849558
-0.339906
-0.424148
2.68294
-0.582646
-0.448569
0.408232
-0.583798
10.0638
-0.789951
-0.304715
-2.07777
-0.303232
-0.544626
1.4542
0.0310095
2.02762
-1.20005
0.378853
-0.399707
1.99614
2.29155
-2.29039
1.2475
1.1783
4.91973
-0.77114
-2.10039
0.239203
-1.84749
0.296722
-0.212372
0.773911
-0.636032
-1.17556
-0.768594
5.57371
1.06196
0.172244
1.21529
-2.17422
1.4955
4.18473
2.90176
-12.7999
-9.76541
2.52396
0.564784
1.30234
-0.154812
-1.3398
6.10894
8.84918
-7.77956
0.108055
-5.91979
-1.31854
-1.40742
0.00980027
-1.36456
-0.423143
-21.731
-1.08692
-2.11005
-1.0656
-1.8742
0.538497
0.314693
1.87649
-0.974779
-1.9392
-3.66474
0.962733
4.18217
-0.230427
-2.18155
-0.934271
0.408993
0.367542
0.329244
0.281994
0.325112
8.23095
0.303135
-1.33253
-17.3981
12.7286
-0.794102
0.447611
0.495553
-4.24251
-0.827021
-0.0496824
-1.76996
2.12832
56.5379
-0.52659
0.102109
0.350943
-1.91335
1.61842
1.55371
-4.84615
-0.0250789
0.208134
-2.42992
2.14017
0.711881
-83.9471
-1.21464
-0.15778
-0.81876
4.95929
2.67402
1.23647
-2.58689
0.00205681
-0.46798
3.5094
0.347661
1.22469
-0.154295
-0.959522
-0.293014
-1.00904
2.02945
0.0311026
2.50104
2.68098
-0.344249
0.79254
2.98657
-0.962368
0.075092
-1.62216
-37.0706
0.967508
-0.911607
0.268529
-0.609509
1.4098
0.462476
-0.0101702
-18.7173
-1.52781
1.0257
0.5791
-1.64307
-4.57608
4.2912
0.899148
25.1469
1.75263
-61.8855
3.14765
0.592693
0.922105
-0.0798748
0.941325
-0.716809
-0.761126
-0.937795
0.418888
-0.570752
-0.779159
1.86943
36.6976
-1.41975
0.151696
-0.00793342
-1.02221
2.07968
1.60433
0.982138
-0.753709
-0.180817
-0.86065
5.21207
0.836595
6.06142
-14.252
-1.53287
-0.336554
3.44114
-0.483886
-0.0878189
0.852437
-0.300566
-1.11448
3.19928
10.0464
-0.631537
-0.175024
1.61596
12.5866
-20.5036
-1.59444
1.0957
0.405129
5.53103
-12.9975
0.372386
0.169542
5.94621
0.0911521
-1.31457
0.0119323
4.26025
3.48835
2.98464
-0.825031
0.720125
0.0405102
12.9663
-0.395671
0.627969
-0.356397
1.09794
-2.95662
-4.12595
-1.04939
-0.595982
1.25931
-0.405177
-0.689348
-0.026299
-7.72017
0.21769
2.00829
-4.5684
-4.95748
-0.591372
12.0852
4.57278
0.0832754
0.485536
-1.01316
1.22878
0.472197
7.21813
0.250094
-12.3371
-3.97407
-1.98279
2.7354
-0.491841
0.262689
-1.05942
-0.632672
1.57308
5.47932
-0.318077
-0.0376715
2.14146
0.781083
-0.315696
-1.36119
-0.990837
-0.176195
1.12115
-1.55454
-0.590008
1.36695
0.676774
2.66567
0.949
-2.22259
-0.372197
-0.110774
1.03023
-0.553506
0.47047
-1.31751
0.17101
20.3892
0.196065
-0.420822
-11.5995
1.7409
6.54947
-5.30268
1.19418
1.84151
0.481684
-2.37357
-1.33201
-0.229968
-1.55674
-0.892147
-0.366539
0.501318
-0.532802
0.923178
-0.616035
-2.10288
0.710747
0.862241
-0.408846
-1.35726
0.280037
-2.36511
-0.121641
-0.301075
-4.04206
-4.62096
-3.6323
-0.419699
0.0564907
0.506279
3.47401
-0.74416
10.5855
-110.77
1.28817
0.292854
0.218696
-0.338688
0.653094
-0.639758
-0.0586472
0.106034
1.55519
-0.151549
1.05273
0.708886
0.0306075
-0.827105
0.720278
0.76155
0.637096
-0.45716
2.3931
-14.0446
-11.4431
1.82925
-9.86204
-1.9603
6.47427
1.39853
-0.663054
-0.227844
-3.08227
0.236961
0.400617
0.208135
-22.9558
-0.477955
0.393631
8.6148
-2.95455
4.06115
169.226
0.118404
-0.498995
1.30057
-3.75055
-1.46017
3.30093
5.82055
2.75508
-1.302
-0.622194
0.424231
4.00463
1.94299
0.350702
1.98501
0.966162
-0.0562168
-6.06793
-0.93785
-0.649834
-3.3213
-0.271426
-8.01694
-4.96729
-0.137068
-0.256887
0.192895
0.311451
0.00742077
-0.512877
0.745316
1.05551
-4.32889
0.567224
-2.80193
0.926135
-1.2486
-0.868065
1.0872
-1.43545
-0.339342
-0.29893
-1.55794
0.153984
-0.926607
-0.342478
0.954883
-2.21313
-12.5263
-0.141395
-9.13384
0.488598
5.80259
0.791326
1.74653
-1.4011
0.884943
3.24682
0.343055
0.00314234
-0.640482
-0.0894837
-0.737252
-2.58363
0.0176364
17.2839
6.64521
-0.0683738
-2.54077
1.68123
0.0847685
-4.07718
-1.54006
0.136463
0.0730197
-0.644198
0.582965
0.738767
-4.46959
-0.847148
-1.44205
-0.240462
-0.0927855
-1.46222
1.60841
-14.853
1.0172
2.30235
-1.52534
-0.058063
1.15589
0.339581
-1.44697
1.0875
-0.179902
-0.677736
-0.424082
1.63284
-0.167307
1.55625
-1.35715
-17.1614
0.834293
-0.282651
1.68616
0.0142879
-0.0540316
0.0760423
-10.3309
6.96205
0.342328
-8.34588
-1.05674
-0.119665
-11.399
1.16639
0.367115
-2.48056
6.67833
0.17454
-2.21989
0.181449
-0.159871
-0.905027
-0.162213
0.123714
-0.489337
0.0437022
3.17603
-0.104615
-0.61899
1.19586
2.80085
0.695204
-0.373297
-0.828157
259.172
31.3248
-3.75959
-0.404104
-1.71219
-0.805517
2.36262
-1.76232
-2.1971
-0.0401789
-9.37732
-1.15384
2.47369
0.879602
2.20684
-26.921
8.57613
-2.04234
-0.671185
0.786818
0.589369
158.947
0.229298
1.26415
-0.099473
6.32584
-3.88217
1.74225
0.211761
6.64515
-0.245529
-0.00813067
0.310615
-6.81426
2.68604
-0.9738
0.153949
-0.41264
0.585934
-1.96914
1.23213
-8.67975
-4.94741
0.318611
0.208708
1.66512
4.51111
2.2148
-0.855152
-6.16195
15.1147
-0.545316
-0.200661
-0.896498
0.332646
0.695693
4.22717
-79.4136
-16.2224
0.797992
0.183489
-0.045609
4.20431
-0.394177
-2.60854
2.2355
3.05754
18.8608
-0.916496
0.0434419
0.122234
-2.88665
-0.274864
2.73244
0.49395
31.7239
-0.582008
0.487371
0.0487369
-1.40896
-0.498592
-0.600019
-2.22252
4.59954
-0.811189
2.4626
25.0565
-0.377497
0.241892
-0.936263
-0.0117514
0.225007
-7.54735
2.15163
4.37881
0.0335324
2.22968
6.1052
-1.08096
-0.373595
-0.46171
-6.47468
2.30063
0.0443715
-1.95136
0.967484
1.25234
-2.29615
1.00673
-0.841517
1.71648
-0.317567
-0.158622
-0.05059
-0.763418
-0.350152
1.67412
1.44638
-12.9602
0.124497
-0.645364
-2.05924
-0.506556
-0.629889
-0.519874
-1.90667
-0.00854619
-6.414
0.152453
1.15233
1.738
7.49054
-3.51015
0.834913
-0.911897
-0.199926
-3.07792
0.783213
3.7688
1.74175
0.069535
1.38028
-0.0410156
2.91677
0.626234
-0.0704852
4.26659
3.57009
-2.17645
-0.479981
-5.73796
-0.482475
0.674557
-2.01318
0.293875
0.379697
0.629778
-0.113716
-4.88684
-0.269443
-2.45999
2.13996
1.14836
-3.20055
-542.911
-0.340972
-1.56041
0.0941297
1.13548
-0.437448
-0.947001
-0.776201
-0.664119
-0.587311
-0.413317
1.43082
1.64661
-0.538723
-2.97182
-0.863227
0.0717944
0.85397
-3.19323
0.954803
-0.760956
-0.603236
0.760923
4.73903
1.20554
-0.799369
0.294276
-0.175048
-0.787801
-0.204348
-0.730595
-1.3378
-0.0548204
-1.76298
-0.576467
-0.234126
-0.249796
-37.9052
1.30131
-1.29206
0.0326877
14.112
-0.60726
0.244433
-5.40112
-0.341735
-1.99134
3.03055
-1.46282
-0.359686
-184.244
-0.131512
0.868524
4.45815
3.15181
0.476579
-10.8702
-1.55864
-1.0278
-3.09834
1.81933
0.526271
0.650815
-0.629319
0.741144
1.77616
9.56262
13.1137
-0.204889
4.28517
5.99145
0.745623
-0.345042
0.736321
-293.599
2.92883
-0.259859
-0.0244791
-1.40788
-2.58724
0.974681
-2.52311
0.0770058
0.959878
2.92253
-1.11771
0.259825
2.7813
1.34411
10.3384
0.967159
-1.1838
-0.124504
0.871975
0.832255
0.813146
-0.0255461
-11.4908
1.51752
-0.894263
3.05852
-16.5817
-9.57332
0.30529
-0.577977
-1.57249
-1.80798
-2.87742
-0.957016
-2.55806
-0.239492
-0.64462
0.344332
-9.3814
-0.437159
0.276999
1.56799
0.00346477
-0.57649
0.423891
-2.44403
-3.20825
0.34918
-1.24363
-0.703065
1.0157
2.76965
-3.26566
-0.591865
1.19389
0.633455
0.469389
-0.945259
-0.332413
0.12831
-3.50931
-7.5284
1.77604
-1.16634
0.297794
1.04297
-0.0762607
-0.41939
0.852703
0.620461
2.55387
-3.04985
-0.456146
-0.641379
1.09439
1.50189
1.90225
-0.800855
0.570064
0.247225
0.520539
-5.22479
-0.91278
0.303684
0.117687
-4.29502
-2.34285
-2.40923
0.537185
1.5981
0.811972
-0.347485
3.31284
1.772
1.82472
1.25444
1.60094
0.188623
-0.622209
0.193728
0.0837361
-2.52352
6.29942
-0.553148
-0.497047
-2.35683
3.1278
2.00219
-1.02158
-0.31188
0.537405
-0.755583
0.497224
-1.8622
-2.59076
1.44892
-2.75365
0.239638
-1.08343
-1.00549
-6.68549
-9.76206
0.195642
2.61708
0.456916
-0.121842
-0.284895
-2.21964
-0.714268
-1.30833
-0.398881
1.4621
1.11723
-1.22141
0.397837
0.29173
-0.815972
1.0735
0.00573599
0.293348
-2.76522
-6.35805
0.918864
-1.06277
-7.23262
-0.000807077
3.08611
1.14931
0.837737
1.37827
141.56
-1.05836
-6.19403
0.333492
-5.62307
0.404814
0.668614
0.402728
3.12298
5.98326
1.57808
0.663576
4.24286
1.08685
0.0549453
-0.821817
9.36392
-0.327681
-0.211872
0.734489
-1.04818
1.01741
0.358236
10.9931
-1.37276
-0.521448
0.366108
1.01286
-2.24145
0.887975
1.96148
3.22358
-1.08038
1.24665
-1.19159
0.492826
0.108339
-0.132496
-1.40278
1.7392
-7.29956
-0.807068
10.6513
7.95924
0.757239
0.643566
77.3035
-3.32381
-1.16487
-0.289829
-0.162985
0.207668
0.325329
-6.54373
-1.34132
-0.202922
-7.16473
0.573721
1.13366
0.347279
-17.398
0.077087
-0.149884
-0.0709123
-0.0911533
-2.29016
1.49428
-1.65616
-21.1476
0.733055
1.35185
0.255865
-2.50725
-1.07599
-6.33283
2.7575
2.94665
-1.04145
-3.95416
-2.09831
0.256985
3.24429
-9.09143
1.07344
-0.160396
-0.0189973
2.60312
2.71425
84.1976
-1.3424
1.16369
-9.47548
1.19195
-0.665
-1.54467
40.5249
-1.45659
-0.702177
0.730018
0.852867
-0.257265
4.30645
-0.215191
0.752875
-3.26275
-1.38813
-23.218
-1.05471
-0.848397
-1.36558
0.708972
-0.961858
0.40464
0.565879
-0.270148
-1.07657
-7.66168
-0.891363
0.664536
-0.712221
-0.22355
-1.19433
0.620009
-0.25802
-3.786
2.05895
-0.6155
8.40336
2.17891
0.742518
-2.89064
-5.35829
-0.535288
0.729171
-1.26983
0.0232201
2.02213
18.8438
0.0771726
-0.763052
0.133235
-2.07919
0.3095
-0.714828
0.394134
-0.957502
0.163962
1.4139
0.280292
0.834848
-0.253365
-0.573589
-2.51278
-6.25851
-1.01527
-0.996606
0.120278
-1.36623
6.97568
-1.15436
0.314666
0.739693
-1.21702
8.91473
89.7295
-0.00741925
-1.16438
-14.0229
1.6189
0.300009
-0.909997
-0.46955
-2.04129
-1.1773
-0.0362935
-2.432
2.83537
1.09967
-0.176695
2.31363
0.521829
3.21239
0.0808881
0.825393
-1.40751
-0.909928
-1.7812
0.191501
2.00749
1.75946
-0.515579
-0.066687
0.319598
-1.40567
-0.288817
0.302783
-1.40881
-2.61563
0.38412
3.20369
0.270147
0.476431
-1.84859
0.0703308
0.149619
-2.86768
-90.0179
0.395593
-0.29087
1.6286
11.2768
2.23189
0.478813
4.22378
0.921513
-0.963855
-6.65486
0.714509
1.52303
1.37571
-1.48546
1.22456
-12.8903
-2.36804
-0.212596
0.877037
5.1367
-2.10182
-2.29954
-3.83004
1.30562
0.637883
1.67557
-0.699398
0.0720284
1.39256
-0.72926
0.0710711
1.6155
4.16949
-1.51091
8.31022
-4.26349
0.652712
-2.97207
-0.308619
6.33746
1.72704
-0.124509
0.864339
-0.806586
6.28426
0.605857
-0.0876584
-6.96865
0.605004
0.971552
1.01796
32.3276
5.95285
-2.88946
-2.25124
-9.35268
4.84061
-1.23787
-1.91745
3.23869
731.281
-1.22581
0.768921
0.834451
-0.189044
-0.654635
-2.29165
-1.21453
-2.55775
-0.129466
-0.456263
1.14844
1.46261
-0.334084
-2.62919
0.169895
2.3024
4.39591
1.41045
5.58621
14.5467
-6.05646
0.26187
-77.1064
-0.173769
-0.591206
2.61684
1.03366
-2.55028
-0.0214783
2.20628
-0.929091
-3.73291
-0.365543
-13.6999
13.0143
0.961854
2.23432
-0.573466
-0.0235019
1.27855
0.209074
4.67281
-54.0636
17.7446
2.83142
-3.58096
-1.87545
-0.185988
9.56991
-0.972316
0.941677
-6.12116
3.25429
0.34725
-5.09985
0.487361
0.767772
0.979047
2.01272
2.04622
-0.249855
-0.190623
0.50619
2.13303
-1.48097
0.452771
-5.22171
-0.652707
-0.588526
-0.691535
6.27879
-19.2207
0.931289
0.160971
-0.544499
-0.692082
1.02921
-1.11164
-0.503015
7.71161
5.08809
6.20194
-0.488501
-4.43499
0.184948
-0.655206
-0.936158
1.82478
1.73239
3.9476
-0.131495
0.290116
3.17326
-2.64409
-0.616625
0.837686
2.31755
-3.83724
6.06161
0.518519
1.09298
-0.662253
10.6422
-0.861585
-1.74106
-0.131447
-0.169816
0.291123
0.239434
-0.0212708
0.896337
0.76851
3.56443
0.336205
1.08261
1.20776
-1.0756
-2.59257
-0.00155564
7.99501
-0.924112
-14.0131
0.0510857
0.188978
11.5059
-0.0917307
1.6064
0.469946
0.377328
2.99529
-0.0550573
-0.896294
-0.841235
13.5951
0.530987
-0.286655
3.05716
-4.43656
1.54622
-2.75537
-0.576897
1.7616
-0.772259
-0.854544
-0.892972
-46.3027
-11.6647
-8.05787
-0.840256
0.174506
2.33273
0.174059
-0.0327994
-0.587998
-5.7736
1.86735
-4.6761
0.620657
-0.133581
-0.789242
-0.159355
-4.79601
-0.546494
1.09185
0.665246
0.0416925
0.628098
0.293405
-0.426627
0.651442
0.191655
0.337214
-1.49601
46.3999
0.280639
-0.382576
0.957154
-13.1536
2.60187
1.12766
-2.15903
-0.1999
1.26222
2.06377
8.10744
-0.52741
4.86335
-0.199954
0.700227
-1.57834
1.59866
1.24806
-3.64418
-2.12106
0.690427
1.36636
-3.05587
1.06741
-1.08934
5.62799
-0.433966
-1.30794
38.0228
4.57421
7.91404
-2.03619
2.18311
-2.69958
0.336612
0.379594
-0.144
0.737935
1.29159
0.118193
-67.4907
0.548034
0.982468
-8.76466
0.466449
-3.10113
-122.674
0.360796
-4.5017
-1.33729
-1.16106
-3.35265
-2.54554
97.9788
-1.80197
-0.128715
-0.948223
1.13687
-0.256054
0.235665
-0.775517
0.683306
8.40351
-1.1245
-0.680856
30.3052
-2.39629
-0.984177
0.0608269
2.93363
2.60028
-12.5808
0.164791
-0.996425
-1.16552
-1.17179
10.4483
0.0847549
-0.848714
-1.02696
-0.0744176
10.0954
-0.566417
0.688327
18.6394
-0.092383
-0.822644
-1.04631
0.938126
-0.286884
0.0737389
-0.863912
1.05047
1.40573
0.163673
0.0165866
0.371099
-0.155254
-1.10862
-0.150746
-1.71342
0.547219
0.00923333
24.2957
-2.3574
0.953257
-1.072
-1.70897
0.305729
-20.3437
-2.15719
41.145
0.504091
2.26247
1.24175
-0.532961
-1.77766
2.61608
4.97207
-1.96087
0.0256448
1.30759
-4.12368
0.562846
0.513328
3.23961
-0.0889519
-0.697682
20.1754
2.38948
0.663921
0.629624
-1.58741
-0.877465
1.42802
6.23836
0.075459
-0.0793618
0.656718
0.493719
-0.12758
0.834506
-0.466024
3.59694
-1.40265
-0.696777
2.47784
-1.39772
0.431174
0.703722
-1.20174
7.0275
-0.876369
-0.327096
1.41283
-0.550965
0.480771
-0.168035
-0.462462
-0.0638527
0.240045
-1.93239
-0.575312
3.44435
2.18224
-0.384069
-0.181
-0.233797
-4.37244
4.75818
-12.476
-0.112795
-0.142014
-1.51618
1.35253
-0.499324
0.426111
-0.425854
-6.12643
-0.0482856
2.03674
0.198953
83.1991
-0.267027
2.51121
-1.39485
-0.0261269
-0.0624294
9.61007
0.751636
-0.50392
-1.13715
0.267716
-0.125917
3.40427
-0.178855
6.61816
75.4119
-1.28289
1.93347
0.392043
1.06181
0.81237
0.242344
-1.50264
1.24625
-0.798783
-0.934086
-0.341596
7.1881
-0.23214
1.18202
0.796681
-0.0472602
-0.807654
-1.48446
-0.548937
-1.0116
-0.358221
-0.14139
0.681361
-0.71182
-0.701815
-0.831887
2.45651
-2.33068
0.685193
-1.36501
0.159676
1.12477
-0.460198
-4.57325
0.00792644
-1.38928
-0.0108842
3.469
1.13696
-0.291076
-5.30319
0.188333
0.486436
1.63143
2.45169
0.341245
0.518623
0.880055
-5.19866
0.177328
13.1811
-4.21724
-4.95804
0.0180985
1.95258
8.71417
0.0878889
2.78741
12.1727
-1.45359
-0.301837
-2.12786
3.60408
1.27248
2.07208
0.634409
0.525978
0.890275
-0.197276
-0.688112
-5.15083
21.154
1.59497
1.21129
1.05325
-0.529863
-2.75569
2.65464
0.435482
0.222178
1.81522
-0.345681
0.207271
0.0755508
-0.441343
0.202865
0.0774046
-2.24338
-0.810036
0.664743
-1.31695
1.82392
-0.411462
1.56791
1.45478
-2.59172
7.4721
0.860583
0.480164
-0.425046
0.484351
-3.41261
-4.21087
0.580439
-0.419238
-0.87829
-5.9432
-0.486994
0.0410062
0.60226
0.313919
0.22
-0.829754
0.433274
1.40451
-2.90069
1.98081
-0.54647
-1.46025
0.640912
5.89449
0.0475824
-4.34857
-0.340281
-3.16398
1.24826
1.39959
3.73439
0.418692
-2.34183
-0.169063
0.0609029
0.717124
0.739014
6.0119
1.1262
9.64954
0.931695
-2.44565
1.52577
-0.517331
1.16824
-9.82297
0.527046
0.59809
-2.68899
-1.11255
-10.0916
-0.841924
0.318533
-0.832552
-0.222983
-0.764891
-3.03884
0.261324
3.91467
-1.58836
1.96049
-2.54396
-1.1105
5.16158
2.22088
-0.501831
-1.92651
64.7752
5.25538
4.19676
-0.829783
0.54313
-4.40084
2.22179
0.936561
-14.6278
-0.00142794
1.15196
1.05033
-0.0786048
0.147714
1.04464
-0.42184
-2.84488
-10.5277
-0.285682
0.388789
2.76085
1.17088
-0.430577
-0.0644699
-0.0187984
0.739552
-11.3588
-0.987312
-0.621523
-0.829722
0.770555
0.17784
-0.148884
1.84247
-0.896924
2.39752
-1.45892
-0.408588
0.93852
17.6381
-0.330894
0.782779
1.4874
-0.977982
-0.744983
0.801438
-1.13053
-2.53473
8.36928
-0.0759733
2.47064
1.58268
0.35259
1.29522
-6.14545
-1.99749
0.210473
0.0140923
-0.990457
-15.4554
-1.54954
-10.3283
-0.138169
-0.398443
-0.297437
-0.325167
18.0093
-0.239007
-1.23216
0.596499
-2.06454
3.78492
1.89861
2.88338
-0.926917
0.64374
9.7574
-1.35973
-0.773902
-0.361632
-2.55591
-0.388931
0.0330664
0.261453
-1.07863
-4.1593
-0.0762558
-1.92517
0.534665
2.38973
-1.45425
-4.87895
-0.68796
-2.36051
1.05948
0.198853
0.685751
-0.608827
-0.338232
21.6143
-0.796571
49.9447
-6.90442
0.681567
-3.21656
0.448735
-0.644579
0.759485
1.36472
-1.9115
0.428363
-2.05187
0.178175
1.58605
0.319879
-0.139996
4.15552
1.18484
1.18583
0.253049
1.56566
-1.94602
4.67344
0.984578
0.217924
0.425614
1.79777
0.279946
0.212548
0.446994
-7.71241
2.32651
0.431077
1.68618
4.8461
3.22748
1.79621
3.81483
-18.6976
-0.821064
-0.812948
6.93364
-2.29336
0.708227
-0.570551
-0.379463
-0.595542
0.548683
-0.482269
1.53086
-0.591953
0.403024
-0.464735
0.247214
1.09866
2.06223
1.18175
-2.01294
12.6926
2.18621
2.64503
-0.169468
1.51559
-1.82535
-1.1244
-0.159045
-1.21417
3.81828
1.03842
1.76938
1.36902
12.2708
0.368676
0.196218
-0.554938
-0.816506
-3.20792
-2.00064
-0.288256
-0.700036
1.67312
-0.607516
0.290995
-18.4714
-2.286
-90.8336
-1.22869
-5.8016
-0.430091
-0.800964
-0.827092
0.511066
-0.0436941
0.423213
1.80136
-3.2492
-1.29878
-0.595167
-0.861113
1.02473
6.06808
1.19899
-0.220959
-0.651121
0.389799
-0.874358
0.664699
3.824
0.203025
0.0661802
29.7073
-0.446634
0.143343
-3.75887
2.08653
1.79932
-0.242813
0.612656
1.15803
-0.10839
2.18044
-1.71972
0.0587662
0.602404
-1.41829
-0.508653
-2.51463
-25.4915
0.349442
-0.181083
-0.575142
2.31274
1.04593
0.150854
0.541387
0.141462
4.5517
-0.685443
0.515415
0.337226
-0.311703
1.79864
1.55635
13.8974
-1.35166
-0.820099
-0.0599473
-78.1622
-0.215103
1.40093
0.365444
0.109995
-1.10392
-1.31192
-0.338512
-1.79182
-5.61659
0.758514
-3.09465
-2.17429
0.524626
-1.64611
-0.427927
-4.61396
-0.313466
4.52053
-0.0976108
5.65679
-1.59339
-0.122037
0.4745
0.125216
-0.500717
-0.139774
-0.596769
0.87975
-0.288089
7.8224
0.282343
0.690443
-1.80313
0.445815
-0.0125713
1.37681
-26.9199
-0.263266
4.3663
0.872379
-1.22616
-1.67643
1.16565
0.653695
4.86874
0.226749
-0.215963
0.818302
0.711216
0.394345
0.0776769
-0.438638
-1.75824
-59.6593
1.56905
-0.22988
-0.509294
0.538955
0.116276
-1.33104
0.559022
0.681231
1.77945
3.47116
0.393442
-3.17418
2.11893
0.0194909
-1.56342
-73.1576
3.13963
0.203811
-1.0546
2.02795
-1.36063
0.505662
0.514647
0.598613
-3.42267
-0.983531
-9.7469
0.10328
0.441136
-0.0594821
12.1363
-0.357659
7.1381
-9.09097
-0.0812462
0.0185827
-2.32546
-0.496415
0.437735
-0.723266
-1.68065
1.18639
107.756
0.898161
1.30533
1.39636
-0.637356
-2.23373
1.08058
0.562869
-0.454532
0.692994
0.671001
0.327338
-2.1067
-0.647958
0.382913
0.31291
0.524066
-0.502907
0.507329
0.178209
-0.517962
2.85705
-0.445477
-2.03501
0.47491
-1.10981
-1.40406
1.27236
1.99893
0.464973
1.55005
-0.0966175
4.00352
1.42419
-0.738023
0.50263
-1.72455
1.75021
0.584318
0.267637
-0.903501
-5.65584
1.32392
-0.783923
-2.46571
1.88992
-6.36948
-1.51524
0.261567
-1.52081
-2.82449
-0.404451
-0.564185
1.05154
0.582633
0.342891
-0.0656207
2.79826
-1.01654
2.77389
7.79761
-1.15002
0.600431
6.82258
-0.64094
-2.12031
-0.0895074
-2.92414
0.725586
-0.713589
26.0362
3.45987
-0.960064
0.66792
0.520829
-10.6131
0.580839
-5.35537
-0.127273
0.447316
1.44747
2.31324
2.78665
1.57873
0.147811
-4.89552
3.18112
0.898714
-440.35
-0.254012
-0.0417644
-1.72585
-0.571883
0.243927
0.424955
-6.18489
1.16597
1.07909
-0.00590634
0.107625
-0.650141
0.504892
3.04256
-0.225713
1.41541
-0.394112
-1.55366
-0.496114
0.763024
0.557617
0.995429
-5.0292
0.385712
2.32116
2.24654
-1.20488
-4.32915
0.0915632
-4.14198
10.3558
0.610864
0.0957115
-2.33603
28.9989
-0.491267
-1.29167
1.13278
0.763935
-0.811577
5.63421
0.0655272
3.2034
-0.207562
-16.6202
0.624026
-0.365863
0.251835
-1.14044
-0.443609
-0.0117102
0.403661
0.857132
-1.0973
1.95073
-9.97092
0.23141
1.74745
-1.00453
9.8103
18.2277
2.63145
0.0630215
-4.91323
1.62424
-4.75909
0.6053
-0.282519
-5.20284
1.62502
-0.821059
1.80809
-1.73455
-6.40014
-1.62397
-0.397882
-0.0311747
0.518737
-0.674098
-1.09394
-7.54316
1.07665
0.479289
-119.635
0.274454
1.40677
-1.46978
1.5138
-2.93124
-1.61296
-0.184395
-0.0426206
0.105775
1.56063
-13.4724
1.32261
-3.28233
2.51711
-0.0740688
-5.12463
0.0562319
-0.21619
-2.70655
-2.42605
-2.2824
0.349615
0.765043
0.0615307
-0.279366
0.0664651
0.589169
-0.712082
0.946858
0.59046
1.34485
-1.01549
-0.0011024
0.812822
0.412274
-34.2371
0.502432
-3.11872
0.872052
-0.0329539
-0.479971
2.5705
-0.51145
0.418529
-0.824763
5.68696
-0.176764
0.58491
14.8095
-0.122927
0.317519
-0.184092
-0.544915
-13.2721
-1.39526
-0.50127
-1.83043
1.04719
2.19189
5.33788
0.504958
0.228556
2.30277
-0.260171
0.221213
-0.569348
0.823291
-1.99892
2.00773
-0.868071
2.66596
-1.04801
0.540633
1.27855
0.371637
-0.452724
0.704178
0.862729
-1.43441
19.3392
0.576817
0.851963
5.20446
-0.737789
-0.964375
0.477242
-0.158422
-0.745257
-1.69054
0.64818
2.3133
0.600325
0.662205
-0.772951
0.0859301
2.82003
0.951855
0.0951113
-0.39569
0.115777
1.4341
-1.60971
0.119784
0.646787
0.949491
38.3956
-0.123311
-0.897255
-4.69154
0.982386
0.468847
0.958
0.589269
-0.045999
8.74422
-0.632061
12.6664
3.53909
-0.323899
0.295224
1.88731
-11.2129
-0.891942
1.11782
0.169141
-2.43953
2.95161
-0.263632
0.27942
-3.46002
0.0388618
0.828517
-1.79014
-0.377062
-0.530907
-1.95121
-83.8589
0.115414
1.73964
1.5292
0.91709
0.123877
4.34313
-1.24906
-2.55109
-0.392695
-1.70843
-0.0284575
0.676874
-3.97668
-1.72401
-220.113
-6.21562
-0.231636
-0.227644
-0.296023
11.2299
-3.29047
-0.518913
0.967632
-1.75341
-10.8274
-4.59539
-2.94207
0.460896
1.18535
-0.874652
2.79793
-0.527916
0.997952
-6.88019
0.448495
0.0174149
1.12561
5.18987
-3.74651
0.462001
-0.025457
1.80947
1.67448
0.0939656
-0.00409363
0.375961
-0.39173
0.368333
1.90029
0.016531
1.16254
0.556367
-5.10217
-0.623931
0.205597
0.236471
-0.62097
-0.443081
0.824544
-1.80768
0.680601
0.117052
1.05512
1.50079
4.62616
-0.845108
-0.655675
0.841059
0.309475
2.33656
-0.574879
-1.51028
1.89726
0.566624
4.07536
-1.98057
-1.56364
0.0374103
2.06303
-0.382849
-0.355535
53.3641
-16.0941
0.344709
-4.17356
-2.29905
0.120028
7.40577
0.637727
-0.139083
47.2598
2.62853
0.114287
-2.92498
-1.95436
-0.454871
-0.978496
0.634538
-0.3856
2.271
0.67825
-0.420023
0.755623
0.257869
-0.153935
-1.21982
-1.43335
-0.0695219
3.33193
-0.41161
-2.67195
3.74851
1.2217
-0.96865
2.92614
-4.24147
-0.310461
-0.237333
-3.80583
-16.992
-0.528637
3.38189
2.35022
-0.244322
-2.4461
-1.37217
-0.0527084
-0.689178
1.07892
1.24081
-1.27075
0.58931
0.648136
6.93775
1.56627
0.0653853
-1.07517
0.38627
-0.13251
-77.1437
0.598912
1.84072
0.909483
-8.00393
0.145209
-1.19511
-0.394347
0.417001
10.1782
0.246888
25.9903
1.34953
48.2148
-0.414355
-0.479531
1.29563
-3.48174
0.113067
-1.85843
-1.51744
1.68795
14.5856
0.0608975
-37.2793
-0.260138
0.981814
-3.89363
-1.78415
0.133487
-0.248291
1.21708
-11.0811
3.02707
-18.7566
-0.139978
3.82891
-2.02696
-0.0541326
-3.61867
-0.812763
0.333014
3.5076
1.12656
1.35459
-0.364273
-0.619001
1.25602
1.19857
1.87462
-0.571658
-0.363657
0.383978
1.11263
-1.31256
3.15533
-1.60086
-0.22877
-0.554036
-2.26848
85.4746
0.779448
-1.32577
-0.466445
0.285719
0.259703
2.00216
0.410055
2.31634
0.275676
-0.460854
2.47681
0.818325
-0.0798977
-2.27187
-3.95134
-0.473182
0.555022
2.84492
0.662467
2.5919
0.0935056
21.2831
0.271394
-0.232164
1.84881
5.00682
0.63309
-27.7415
-0.721029
0.387322
-0.790298
1.55251
-1.96768
29.3106
-21.0348
-1.37529
4.10259
-2.7865
-0.426232
-0.0786199
-0.0237596
1.53975
0.0198913
0.159553
-0.233989
-1.52241
-0.415519
-5.93248
-2.37299
0.010166
32.1768
-4.69784
-0.0513599
-2.70821
1.73666
-3.51122
2.76678
0.0244683
-3.56448
0.561437
2.14719
-3.79486
1.59297
0.612124
-8.72288
-0.760132
-3.81481
0.171213
-0.741452
-1.03472
-0.795375
-0.134662
3.50397
-0.738679
2.31702
-1.35547
0.485135
-15.6383
-1.33793
0.157949
0.964888
-0.666608
1.28341
2.17025
-3.01559
1.84219
1.66999
-0.301792
1.22354
0.467481
0.248221
0.24264
-4.39419
4.04734
0.215565
0.4758
0.107053
1.27152
0.12312
-1.10436
2.06525
0.772744
0.333716
1.4945
-0.512621
1.44675
-4.08171
0.801521
-2.27017
-2.76382
-1.27888
0.575438
0.250104
1.23561
-0.612963
-0.158377
-2.68739
-2.14142
2.35326
6.30068
0.57046
-0.849367
1.84359
1.55216
-1.42341
-0.775542
0.239972
1.30045
0.330072
3.59661
0.60172
-0.835085
-0.159905
-2.11598
8.46333
-0.902068
0.0934876
13.0175
11.2212
-0.353322
-1.09083
4.1717
1.85063
-0.907051
0.502049
-1.66163
12.436
0.831619
-0.522018
4.0055
-14.9324
-1.80532
-0.091952
0.779667
1.00667
0.220202
-0.862852
-1.11841
5.19303
-0.371117
-0.188798
1.06309
0.727575
-0.6711
-1.34851
-0.720491
-0.294895
0.365716
2.4891
-1.80472
1.23576
-1.01928
0.0393978
6.96048
1.07405
2.37395
0.197344
-0.0202683
-0.992285
1.69718
1.10782
1.32583
2.58467
-0.418854
0.341648
-0.128422
-0.081794
-2.01567
-9.07199
7.31969
5.13995
4.2718
2.06901
4.94203
-0.069999
0.0147878
-3.35641
-2.31851
-10.3471
-0.802091
0.490019
2.0583
-1.07716
0.864454
0.321162
-1.42727
0.160015
-11.5739
-2.34464
0.817915
0.119022
-0.911184
-5.29874
-0.630031
-24.0197
-2.17902
2.47858
-0.462277
-1.17171
-21.3297
4.0788
0.983731
-1.23135
-1.58278
-0.360962
1.10249
3.36435
-0.325705
-2.80847
1.38431
0.331756
2.51357
-1.11387
12.1731
-3.45419
-3.18284
0.237867
-3.15328
-0.0689319
0.590155
-0.0486043
-26.8122
-2.39685
-2.67469
0.127839
-21.7972
-0.516612
-0.151233
0.13226
-1.93525
-0.994091
0.248917
-3.91658
-0.696131
-0.929245
0.229331
-4.33163
-1.36176
-2.0369
62.1184
0.520547
0.226134
-1.75463
4.85
1.56657
1.07285
1.3512
7.60428
-0.352807
-0.247037
-0.164298
1.11816
0.183456
-0.328899
1.75762
1.74917
-8.48289
3.56747
0.596382
0.225832
0.779732
-0.420005
-2.81253
-1.88395
2.05058
-0.318617
-1.99001
-1.56685
-1.53395
-1.11786
-4.3302
-3.71768
0.660382
0.0205498
0.422501
1.15972
0.685191
0.0588233
6.60926
-1.11581
-0.507714
-1.3087
-4.79821
1.79832
-0.284637
-0.878564
-1.49233
1.38224
-0.646428
-3.86205
2.9331
-0.0888301
-1.16044
0.391049
0.428996
3.15837
-0.0518577
0.501264
-52.1834
-3.1469
3.86196
-0.280139
4.07485
1.71413
8.55767
-7.5437
0.653532
0.15315
-1.1551
0.720265
-6.18203
7.4323
0.24832
0.39601
-0.573929
0.70437
2.97032
0.988938
7.92365
-0.0433221
-0.578716
1.86002
0.456135
0.819563
9.65118
-1.71935
-1.39525
-0.361244
3.95957
0.279703
-8.9003
-1.58484
-0.353847
4.27761
2.47351
5.43239
0.239831
1.27247
-0.725475
-1.4448
1.74091
-10.3474
-1.47798
3.33374
0.907688
-11.6662
3.79717
-0.221961
-1.70367
7.08146
-0.500651
3.213
1.74195
1.98449
-1.17063
-0.404893
-1.50201
-2.22835
0.149084
-0.267792
-0.354462
0.377134
-0.563592
-1.80078
2.96636
0.269816
0.659826
-5.38048
-1.43941
1.78681
0.508768
-2.04164
2.16835
-0.0720295
39.0106
-1.40641
5.60729
-6.0896
-0.214996
0.311563
1.67257
-0.412219
-3.40213
-3.61443
1.05209
0.0102095
10.9046
1.01192
0.226767
3.37145
0.154005
-0.858517
2.52795
-1.97496
0.0768834
1.83574
-1.6512
3.34299
-0.615533
0.269235
-4.6684
3.97443
1.56194
1.2538
0.36274
-16.1365
1.40201
-0.143921
3.29674
-1.45537
0.509761
0.0355973
0.0927558
0.708121
0.371386
-0.196569
-2.63835
1.50478
0.730819
-0.0886464
-0.297299
-3.55883
-1.62129
2.93841
-8.74237
6.77415
-0.895237
0.408983
8.96341
-0.842853
2.29108
1.25779
-0.299043
-0.685257
-0.0922204
0.147168
-0.864758
0.316054
-0.641631
-0.254279
-5.2033
1.30863
-0.676089
2.7957
-8.26584
0.0756725
0.124986
-1.47596
0.406115
-4.37658
-0.478572
-3.76625
-0.070999
0.314816
-0.445975
-0.527618
-2.24566
3.02591
-0.745943
-1.3957
-0.750987
-12.3514
0.0423323
3.50341
2.31778
1.12247
-0.601891
-7.1315
-0.577774
0.45518
1.35248
-0.335519
-1.54604
-0.194921
2.25182
0.587774
0.432821
0.0710755
0.507344
3.70463
0.422847
-0.614014
1.55792
1.97631
1.40791
-1.01046
7.20579
-3.42698
1.49502
1.33327
2.12099
-1.66612
0.0143418
2.42364
-0.669093
0.759982
1.64712
2.18179
-0.173372
-0.120823
0.283055
-1.09291
-0.781702
4.34897
-0.23805
-1.31377
-11.2801
3.25002
0.663081
-2.35562
-0.596689
1.99751
0.114728
-0.636918
-0.600069
-0.13575
-1.56397
6.9986
-0.935786
-5.1387
-0.63257
-0.163252
0.0673291
-0.323994
-0.942784
1.58705
8.81078
1.78668
-2.86349
-0.417987
-6.33078
-0.178678
-0.236581
0.118454
-1.85817
-1.71798
-0.761935
-1.62269
-0.264171
1.43502
0.451872
0.709154
-0.329181
1.03952
-0.5171
2.49159
-0.466207
2.3632
0.130577
-4.25522
0.0210165
-1.63761
-0.167338
0.599696
0.637601
2.16809
-1.907
-4.46127
0.374711
0.510475
-2.42854
-0.541463
0.562686
1.07232
-2.22693
-5.8898
5.66401
1.3182
3.15274
0.237012
0.561068
0.206738
2.46087
1.97176
-284.713
-5.3806
-0.871032
11.4991
-1.06004
1.58295
0.383413
1.71995
0.335106
-3.00533
-4.46946
1.62953
1.15724
4.58552
-2.80044
-0.383292
-0.290014
-1.46573
15.5235
1.26156
-0.249018
0.95183
0.132664
-0.300351
28.5561
0.658861
0.747656
0.73615
0.50237
1.26754
-0.560785
0.171379
1.76247
-0.0590669
-0.555519
-1.74927
0.303696
0.416366
0.11836
0.313257
-0.643448
0.33069
-2.80396
1.40523
-1.39634
-0.840453
1.10717
0.944129
-1.00032
-0.281735
-0.413202
-1.47839
-0.934478
2.31587
-2.29958
2.89171
0.354621
3.13752
-0.34946
-8.26127
6.40125
-5.59315
-0.390727
1.87448
0.570905
-2.22875
-1.66919
-11.5034
-1.54188
0.935658
-1.19819
-1.16015
1.45917
5.49953
13.8977
-2.80018
-1.16245
1.22693
-0.0456014
-3.37808
1.80628
-0.30676
-0.924742
-1.69655
-2.03944
1.11136
0.587009
-0.784108
1.4046
-1.15503
2.90626
-79.87
-1.23748
-5.29587
-1.76101
-1.65202
2.43028
0.309713
0.626316
0.153562
1.417
0.717412
-1.13666
0.335421
13.6781
5.69396
-1.56078
2.21061
-0.733111
1.21949
0.419984
-2.5497
0.3214
0.474035
-1.14326
0.208396
-13.9551
-0.271456
-0.560902
0.795188
0.889251
8.9745
-0.463581
1.15756
-0.988364
0.0162453
21.4691
0.0804408
2.28956
-0.694235
6.407
0.994197
0.0309998
-0.78009
-0.00837935
0.33168
-0.783732
-0.47123
-0.205214
0.647278
19.0388
0.842828
-0.0147278
0.669852
2.28162
-0.756757
7.15313
-0.80094
-1.34199
-0.373516
-15.0333
-0.2747
0.560862
-0.809996
0.0258586
0.868936
-124.284
-0.492359
-2.41033
-0.562044
-28.538
-0.648712
-0.382848
1.62241
-0.573873
-0.946104
6.53579
-0.107269
0.434029
3.76139
0.146266
2.50183
1.55187
-1.21758
0.0461365
-13.0988
-129.386
-0.421007
5.60076
7.02575
1.88944
16.3241
-3.85122
5.74385
-1.10769
-1.05765
0.217372
-1.14602
-50.7351
1.76604
0.835805
-6.4795
-5.2543
-0.264564
1.37254
-1.57466
1.04446
-0.421541
18.3542
0.517624
0.604757
-0.142262
-1.41246
0.953446
0.180607
-0.927564
-1.02262
3.58746
-1.96446
0.892778
-0.935532
1.41866
12.8832
1.1222
1.55186
-2.02061
2.21521
-0.881684
5.24428
0.365583
-4.19844
1.20492
2.10377
1.712
-2.76673
-1.24436
-0.139937
0.0109129
-0.321551
-6.41024
-0.182349
0.513889
-0.0846445
0.174473
-0.27814
0.348785
-1.08536
0.0968401
0.796672
2.64789
-0.662849
-3.35248
0.932561
15.3377
0.0207485
-0.492572
0.770091
-0.0950823
1.94871
-0.465645
-0.19318
-1.50928
-0.632683
-0.429155
-0.690302
0.867403
9.14508
0.532797
12.191
4.81337
1.5207
-58.2494
0.358209
0.185797
-0.664603
0.380166
0.265105
0.308255
0.143593
2.9046
-1.30702
-1.6095
5.33522
-8.40642
0.251123
2.02378
0.524068
1.60039
0.951485
1.70554
-0.0181584
-1.4017
-0.735009
1.02106
-4.10451
0.0946769
-0.812244
9.56854
1.53209
-2.06454
-0.619386
-1.76194
7.13038
3.14503
-1.28365
0.037899
-0.992799
0.163824
0.00758603
0.318792
-0.329823
11.0266
-0.071032
0.0188918
0.634637
1.72288
-5.26257
0.39988
0.607468
0.00326865
-0.252788
5.93437
-0.0599807
6.38081
-0.0665593
-0.556221
-13.0948
-21.95
2.19064
-1.4938
-6.2931
-4.10325
0.575133
2.2092
5.17543
-0.445927
0.514769
0.0513609
-0.400538
-8.3001
0.0133846
-2.42435
0.86176
0.844699
6.481
-1.68707
-1.32469
0.216084
-0.052503
-0.426224
0.526525
1.23656
2.21881
6.14157
-1.61227
1.05074
0.974607
3.22114
-1.41362
-7.56216
8.66786
0.209959
-0.0406026
1.70616
2.366
-0.424166
3.4267
-0.374052
-4.99892
0.729537
5.12413
-0.723417
-4.4044
-3.16934
-1.84232
1.57575
-2.94773
-0.228273
-0.165735
2.0169
0.391069
0.113574
0.488206
-0.204744
-16.7199
-0.485061
-1.99553
0.441419
-60.5147
3.37484
2.52104
0.688028
0.0270935
1.42597
2.08998
-0.60127
-0.602963
3.78935
1.65545
-0.257951
-2.78216
1.36983
-0.762893
-0.791299
0.570294
0.719218
-0.254407
-1.41967
-5.02013
0.551672
-0.0202998
-0.43132
-2.28257
-0.600854
-0.903824
-1.21154
-0.0436266
0.508424
-1.2476
-0.480573
-3.27301
1.13721
1.64585
8.41038
-0.0272475
3.84034
-1.06731
0.365772
2.27385
7.75615
2.53056
0.428636
-21.7344
-1.30665
-1.46775
0.0650184
-0.753417
1.03431
-3.43432e-05
-9.67076
-0.031772
1.93596
3.38088
-0.0140952
-0.0111898
-2.05267
1.56188
0.89828
1.92384
1.51453
-0.515603
-0.607558
-545.911
-7.85197
-1.06348
-2.73182
0.144627
0.658625
3.79726
0.318741
-5.66897
12.0233
-5.90151
-6.63145
0.620069
-1.11404
-3.22633
-0.322441
-10.2579
0.521238
0.354832
-2.32939
0.00573867
0.715988
-0.142133
-0.657104
1.70353
-0.562102
2.44668
7.24882
0.65493
1.36134
-2.40353
-0.235433
-4.29314
0.632886
-11.9837
-2.57794
0.906335
-4.31863
-1.91815
-0.125679
-3.72722
-0.637179
-0.279909
-2.32544
-5.46101
-2.04082
6.76697
60.7744
-0.338741
2.17746
-1.474
0.290151
-0.0478358
-0.730797
-1.18127
-0.681145
-1.0588
3.48861
-0.222106
-0.334408
-0.782673
0.155766
1.75611
-0.352586
-0.64142
4.50167
1.04342
0.73192
0.229233
-0.69748
0.288446
2.69837
0.743849
-38.4525
0.0157107
0.271405
1.91629
5.93832
4.83149
-2.48611
-3.15285
-1.35147
-6.7373
9.82227
-2.9427
0.414684
-2.35324
-2.09582
74.9632
-1.06679
1.41572
2.72371
0.556598
208.492
0.0530794
0.0124606
-0.0575248
-1.00132
0.370041
-1.21755
-8.57483
1.98533
155.142
-1.41522
78.2514
-1.43289
-4.76749
0.723683
-0.68207
1.1142
1.85452
2.70791
2.07658
-3.98122
-2.15667
-6.80856
-4.9432
5.63086
5.2995
3.17425
-0.747285
1.88438
-0.464027
0.638269
46.8329
-3.8886
-0.541874
-3.22922
0.983486
-1.20605
-0.343729
0.407941
3.54683
0.543295
-6.86179
0.413793
-12.9559
1.25872
-0.270614
-0.312176
-0.142211
10.052
-3.11643
-0.814728
0.261533
-0.423797
-0.95825
0.777018
1.22782
0.117125
-0.340351
-0.497749
-4.7765
-0.0952661
0.612639
1.68869
-0.694652
0.551508
0.458817
-13.151
2.77545
0.159718
0.0737777
-1.96245
-1.03939
0.441742
0.60124
-1.58287
-0.983709
8.40206
-0.29893
1.43658
1.57507
5.69408
2.64988
2.09738
-2.32388
1.77313
-1.87597
0.662312
-0.196263
0.443844
0.258768
2.31557
0.292138
3.92553
0.817234
0.490014
1.23589
-1.40391
-0.00509089
-0.958146
0.71419
-2.53741
-0.449035
3.87528
-2.75199
-10.4322
0.14241
-0.18155
0.955488
0.540892
0.682208
6.90848
-0.985584
-1.52648
-0.625442
-15.6236
-1.02098
1.43555
0.235103
-0.700338
-0.0901926
2.0411
2.14731
4.67752
-0.42636
0.827036
0.495734
0.426315
0.855973
-0.943753
-1.44233
4.76223
-4.53406
-1.80766
4.1485
16.5447
-0.534811
-0.715497
-5.74464
1.61871
0.429687
-3.98971
-0.866146
2.00982
0.955814
-0.523873
6.51146e-05
0.396468
-3.67146
-0.0900174
-1.45155
1.13431
0.867957
-4.36568
0.249252
-1.98578
-0.546104
0.0124601
-0.783971
2.12372
1.19716
3.05893
0.0110378
-9.90915
1.61152
0.467907
-6.23704
-3.81248
-3.37631
0.112577
-13.1366
2.32648
-0.489522
0.352147
-12.6565
-1.12155
-0.945187
3.85437
15.9455
-0.910918
6.30273
-0.121631
1.44615
-0.840603
-0.262993
0.79421
-1.16144
5.70422
0.763009
1.59896
31.4213
-0.289569
5.97659
-0.374786
1.66803
0.284652
-0.331209
0.948052
-13.2701
2.53629
0.108014
-0.0452625
-1.57505
-0.298658
2.32992
-0.0441964
-0.85356
0.502711
-1.27763
0.212243
-1.29748
-0.443308
5.10788
0.102973
-1.14681
-0.249357
-0.619741
1.30827
-0.121126
-0.281665
-1.39683
-6.92961
9.03303
-1.30323
-15.246
-0.295439
1803.73
-15.0972
-1.54339
-6.74427
0.17758
-3.3348
0.797748
-0.0639336
1.03572
0.0822704
-3.26918
1.67609
1.14347
3.34427
-4.47265
-1.75824
41.3563
-157.941
-0.987204
0.0367168
1.72452
-1.66386
0.399568
1.41433
-1.51454
-2.998
1.15521
1.09294
-0.0987441
-0.259482
-0.0341304
1.1053
-0.0576161
-0.718357
7.68565
0.194339
9.70973
0.535558
21.25
9.61226
-1.2034
1.16296
-0.567841
10.9063
-0.0757575
1.91991
0.786407
-0.19442
-35.0547
-0.352228
-15.3391
0.920886
4.6869
0.270589
-0.465286
0.462311
-0.26894
-0.81327
-3.20683
1.61012
-1.40269
-1.80741
0.0908428
-7.05141
-5.39041
-4.59512
1.40078
5.3218
0.121594
-0.196193
-5.01771
-2.53408
-0.0897136
-0.729616
-0.239848
0.218126
-0.348556
5.61326
-0.634023
-0.920446
-1.71228
0.457343
0.157612
-3.48619
3.50873
-1.40572
-1.53095
-1.59472
-6.89419
-8.12988
-2.76176
0.223389
-15.3064
-1.66019
-0.49896
0.20775
-0.139364
1.9537
-2.58341
-1.81286
0.0210291
0.350724
1.30053
-2.04839
-0.614403
0.493797
-0.328011
-0.878678
0.934891
-0.0643829
1.49108
1.42289
0.507057
-0.804183
-0.485303
1.74256
1.22399
-1.81676
-8.55524
-0.348517
-8.9791
-0.93528
0.471966
-1.3996
-0.190137
0.58433
-0.721938
-1.08561
-0.440192
0.0569722
-0.372092
-3.34608
0.827218
-5.66155
2.39535
0.601894
1.84674
-1.0495
-1.83814
-0.118977
-0.396179
0.34377
3.73951
-0.878153
0.813863
-0.00230614
1.02525
-4.59238
2.26127
-1.62045
0.33946
-10.602
-4.38028
-17.7987
-0.125509
-0.382035
2.32607
-0.550285
1.61642
0.62687
0.759875
-0.0265412
-0.487822
-0.0588578
-0.304911
1.43087
-1.13869
4.39288
-1.54501
4.21798
-1.37303
13.5031
-0.965782
12.2888
-2.06074
0.00340944
7.89845
-0.0278583
1.72493
35.6769
-0.450633
0.219895
0.207487
-0.725405
-0.248612
0.051741
0.348593
2.7044
0.020943
0.233623
9.96253
0.449678
0.615001
-1.41024
-1.63909
-42.174
0.369055
5.81337
-0.368786
-1.34573
2.52884
0.2066
-2.47184
-0.322538
17.4746
-0.350007
-3.85884
-9.28449
-1.09897
-0.838266
0.108679
0.0838391
28.4885
0.998356
1.74854
15.4297
-0.0831444
0.33383
0.970468
-2.91769
0.634707
1.11241
0.376451
0.192526
0.584992
-0.490586
-1.29865
9.147
0.910946
-0.252089
-0.0265259
0.332404
-1.09031
0.645228
18.8393
-3.79845
1.56974
5.01119
0.0157296
2.15877
7.40184
-0.384457
-0.847034
0.96744
-0.523986
-0.650961
-3.11958
0.871585
1.75983
-0.272281
-13.0621
-6.0841
0.455447
-4.2072
0.629965
-0.503428
-37.1848
1.34695
0.566655
1.0603
22.5787
3.64855
0.584242
-1.24913
-2.09966
0.279183
0.691819
-0.762091
0.418705
0.922101
-0.771714
0.750964
-11.1424
2.14055
0.841484
-0.796752
0.57918
-0.508963
-0.338487
0.890181
2.00245
-4.55016
-0.519227
1.4487
0.379794
0.472621
0.291098
0.516357
-4.38613
-31.8325
3.35283
-0.863672
0.478672
4.49281
0.925628
1.65358
-0.326352
-0.58651
-0.0982375
-0.065606
0.783045
1.14959
-0.519734
6.11812
2.54718
13.7324
-8.40851
-9.74731
1.37315
-0.866235
0.371087
0.724705
1.72136
2.64691
1.49897
15.1343
-0.604222
0.906905
-0.769313
0.497627
2.0983
0.62822
15.4087
3.39052
2.4646
10.1272
1.71518
-0.777912
-0.627081
-14.7294
0.0211976
10.2616
-5.34705
0.536053
0.330712
-1.36739
-0.700281
0.961873
0.822422
-0.759271
-0.648523
-0.234183
0.44876
-0.997851
2.46131
1.73348
-32.2165
0.455764
0.298584
1.88144
0.41827
-0.515531
-0.0981015
-0.0833406
0.173565
-0.928355
-0.0254813
0.810648
0.852378
4.56673
0.644638
1.30702
-0.787089
3.91247
0.748526
-0.447737
-0.177764
14.8105
2.09978
-0.957907
0.0204961
-2.62981
0.712025
1.84769
-2.10082
-1.40035
0.326287
-0.186466
0.355741
-0.23694
1.69933
1.13785
8.2169
-0.0768531
0.703713
-2.67996
-3.17157
1.48867
-1.75649
0.388635
-0.609654
0.0194969
2.74017
-2.02019
0.384103
-2.00968
-1.40595
-1.25451
0.443032
0.653113
0.0593845
-0.0551974
0.314811
0.601393
1.27675
-50.1725
-0.0163158
-4.25941
1.1367
1.02136
0.0576151
-4.69983
-1.98721
-1.44093
-2.02202
0.436288
3.07488
1.00779
0.184217
-70.0882
3.41303
1.07056
-1.14746
-1.0195
33.2374
0.728522
-1.25908
-0.257062
-1.53563
0.783115
1.43459
1.43292
-1.91364
2.04305
3.1951
-0.631051
-0.205804
-0.339861
2.45951
-0.682643
-0.705413
-0.682876
0.516315
2.73027
-0.0802667
5.37062
1.72641
0.951233
-6.59121
4.38583
1.94649
-0.165416
1.13566
-0.551457
0.16399
0.265068
-0.180828
-3.03156
-1.28999
-4.97863
-9.86355
0.0741891
0.421447
0.660828
-0.747309
2.22808
1.39025
-1.13916
-3.68136
0.0320983
-1.45335
-0.704244
-25.2167
1.47097
0.505702
-0.825476
0.423078
94.8023
0.800144
-0.88014
0.0402418
4.59619
-0.511683
-9.10683
-1.95904
0.820197
1.49493
0.83998
0.795413
-2.53356
-0.274889
-0.691092
-1.66821
2.81845
-0.385704
-10.8693
-0.841133
-0.578381
1.57112
-1.06572
-2.75434
-2.63877
-5.37392
-12.0975
1.03467
0.392436
0.85166
6.65453
-0.56747
11.5474
-0.726948
-0.0756936
0.481378
0.743445
-0.649895
-0.197193
0.381208
4.82675
0.429417
34.9803
0.154668
-0.356622
1.41717
1.33921
-102.345
-0.494765
0.982769
1.20697
0.089324
0.0529059
-10.6737
14.8053
2.83487
7.65312
-1.22946
-8.19837
-3.47368
-0.171833
1.23205
-5.80147
-0.268429
-0.528876
3.80002
3.09423
1.85421
2.14437
-2.59422
-1.47999
-0.400716
0.27858
-5.98555
-2.5046
4.59878
0.25046
-0.269888
7.58656
-3.28918
-2.2972
1.32758
2.72962
-0.062
1.15138
-1.66948
3.53364
0.482975
1.1416
-2.49689
-2.8616
-0.0460861
-0.931712
-1.10474
0.0781666
0.604701
-0.678984
-0.255496
-3.5799
-3.54651
1.41598
-1.53295
-0.670799
0.0184061
-27.3661
1.54204
-2.13542
-0.753124
1.23546
1.6302
-3.21514
0.29256
-1.85692
0.312416
-6.62707
-0.861451
-35.9604
-0.550064
14.9549
-30.5071
-0.844336
2.54688
-0.176656
1.43442
0.126173
-2.90067
-7.78433
-0.662647
0.211387
1.37941
-0.110776
-1.32294
-0.524893
-1.04871
-8.36923
-0.0769641
-0.0345254
-2.06633
1.54027
0.728314
-0.510451
-5.16615
-31.9733
1.39026
-0.027378
1.83749
-3.21431
0.0267827
-4.76687
-0.223362
0.779905
-0.202747
-0.0893385
0.340491
-0.516864
-2.39854
-6.8926
-0.0040616
-0.171419
-2.0404
-1.04238
-0.409106
0.371876
-8.57441
0.392742
-0.805448
7.20645
-0.500032
-0.95909
-0.660809
0.793215
-0.440326
-1.18628
0.03586
13.0357
7.00739
0.858434
0.496812
1.31575
2.96883
1.01742
2.43388
0.361183
0.117035
-1.55048
-3.47194
-3.08581
-3.11344
-6.512
3.37411
0.263605
-0.0993077
2.1057
-1.11615
1.60989
0.0209024
-0.346807
0.143767
0.188578
0.611162
-1.05829
2.00136
2.71753
-1.34034
0.598655
5.08831
-1.25348
-0.882678
15.1039
4.94143
-0.509083
0.305487
-0.819896
-0.306834
-0.250611
-1.86508
0.836417
18.6471
0.700548
-0.524521
0.351505
0.0732487
-11.2626
0.546602
-0.597993
-0.187292
-1.58559
-0.437205
-0.573163
-0.310299
-2.71771
-10.8665
-1.59928
-1.28782
0.481903
1.06724
0.092896
0.729478
15.8487
0.564951
2.95945
-3.60791
-6.52038
0.0495772
-1.08651
-0.828589
-1.99266
-4.16811
-1.14407
6.11815
0.010436
-0.262149
6.56354
0.412437
-1.56108
0.832807
16.3586
2.65727
0.521824
0.104558
-6.06666
0.300879
-0.0595731
-2.89884
-0.186533
-1.30244
1.26843
0.245371
-2.78998
0.965029
-2.92994
-0.265742
-4.97444
-0.840736
-3.31993
-2.9838
-0.711538
-0.783282
0.609424
2.28079
5.27687
-1.62426
-2.88868
0.11942
-2.04048
0.759002
4.91277
-0.0121854
-0.306437
2.20005
7.10735
-1.9834
8.85529
-5.60753
-0.752422
-0.310317
-1.05844
0.451043
1.33391
-2.92341
-0.779734
-1.04953
-1.86203
-0.768826
-0.711608
0.983185
-0.0320343
-0.0794297
1.14303
4.2067
6.36305
3.08459
3.53178
1.38217
1.80682
-2.70209
-0.104104
0.95275
-0.933704
-0.920478
0.566486
7.7227
-0.381449
-2.8317
-0.0428479
1.62296
-2.25889
17.2676
-10.6188
2.0231
-1.57918
0.490731
-0.456324
-1.41214
-7.02929
1.67942
-0.889582
1.0538
-0.243732
4.98539
-1.26971
5.49402
2.1416
-0.919614
0.156543
-0.13529
-7.37686
-0.60915
-0.968804
0.296165
0.664525
-1.9633
1.36805
2.23155
0.268067
0.819832
-0.410678
-0.703573
-11.3686
1.28858
-1.39828
2.30328
-1.55404
-1.12631
-2.03253
0.921098
-10.4453
0.170031
2.83388
1.39199
1.49234
12.4338
1.85135
0.607167
0.742866
1.03638
0.507296
1.34735
-0.260276
0.0208659
-2.30474
0.433903
-4751.91
-2.03788
0.349209
-0.0873881
-0.127292
-1.54329
-1.8271
-1.41134
1.74715
0.297405
0.31871
3.085
0.231856
8.10003
0.327907
-0.130253
0.61702
-3.81311
-0.788305
-5.14191
2.56173
1.83849
-3.33636
-11.1151
0.677023
0.405391
3.44671
-0.200733
-0.552565
-0.895833
0.220542
1.62411
0.0237328
2.61546
-0.652945
-0.229835
0.160535
9.03707
0.853051
0.115897
0.815647
-2.37163
3.51934
-13.7346
0.120621
-1.50716
-2.58927
-0.873763
3.19642
-0.447914
-3.8362
-1.00967
-1.43037
-3.59328
-0.0185424
2.95268
-0.68484
7.3274
0.895711
0.330557
0.382561
1.20748
3.69437
0.897707
0.0171479
-1.78604
-2.71163
0.328
0.447379
-0.524215
7.29825
1.85327
0.675498
0.88957
-2.26019
-0.344406
-4.21842
0.439927
0.148963
0.0647694
0.765406
3.32302
-0.0197189
-1.32972
-0.917793
-0.953423
48.9232
0.283547
-0.602725
-1.52029
3.20467
-1.09897
-0.471364
1.91349
-0.49986
12.5279
-3.32958
31.1183
0.308619
0.0262557
-1.35037
0.0705315
-0.237816
-0.228359
32.7851
-0.703811
-6.69545
0.642022
-2.7808
1.31229
-7.45484
-0.263699
-0.723189
2.80535
-0.644002
0.298155
-0.161056
1.13242
-2.05232
-0.923352
0.11577
2.3913
0.38408
1.58195
0.136667
-0.784482
-1.70776
0.572274
-0.167656
-0.907343
-0.240274
3.81294
2.81428
-1.01099
0.206115
2.51584
16.8432
-0.708065
-0.58211
-0.236016
1.07866
0.832278
-0.989205
64.7079
-2.67297
0.653389
-10.6996
0.115275
0.583793
12.1278
-1.72323
0.218705
-0.87707
1.70284
-1.95507
-0.404959
-0.218035
-0.179788
-15.969
1.98279
0.16074
1.38254
0.523439
0.373335
0.972031
0.111661
0.0889486
1.71595
-0.408489
0.0501498
6.95088
0.217524
122.417
-0.740229
0.526867
0.0700164
0.538787
-3.37884
-0.783966
0.231053
0.245428
3.04252
-0.360864
-2.84499
0.00123841
6.73481
-15.8796
0.0622045
-4.63049
1.38105
-1.33923
1.595
0.951766
2.22907
-1.80875
-0.271919
0.330627
-0.295204
-0.739859
4.34115
-0.778047
0.0995873
-0.172081
1.04092
-1.98238
0.914661
0.155154
0.185643
-21.9723
5.08947
-0.956976
0.0284479
-0.135931
-0.595393
-0.0790599
2.46767
1.43731
-0.906874
36.4294
-4.34806
0.320791
1.41955
0.71273
1.52397
-1.66144
11.853
-0.0208543
10.5521
-0.0738794
0.277602
0.681845
1.17723
-1.7568
-0.609471
4.24301
-0.589778
6.18725
-1.73481
-1.26074
-0.31906
-1.33055
2.77829
-0.826179
-4.25692
-0.347877
1.68574
-1.09638
0.404719
-1.14951
-0.805932
0.00537501
-1.90205
0.163692
0.178991
-1.61439
-2.87009
0.177688
1.35383
0.181902
-0.352915
-0.967812
0.427749
3.33799
-0.435592
0.548513
-0.814124
0.408498
-0.221776
1.07658
-0.253353
-19.1257
-0.332109
2.94008
1.0202
0.164568
0.961844
4.58453
-0.614416
0.948558
0.32199
-0.201004
0.154978
0.69609
0.692983
-0.994091
-1.41771
-0.787009
0.01249
-1.09042
-0.763499
-0.855695
1.07766
-2.02693
11.5504
0.226496
-0.436107
0.322258
-4.66682
-3.0891
-3.01035
-2.02575
0.904261
-10.4807
-1.13418
0.426972
-0.992739
-0.994377
2.31446
0.268806
-4.04612
2.17123
0.533108
0.991301
0.438377
-10.6692
-3.88278
0.531303
-0.259531
-0.407369
-6.02498
0.189591
5.90951
-1.25223
0.976128
-5.02072
5.07742
0.624904
0.630734
11.9555
-0.0233464
-4.22311
3.3279
0.0398693
1.42272
-2.02601
20.5219
-0.564231
0.654418
-0.649148
1.16205
-0.341685
6.98613
0.0163156
-0.595293
1.72966
-2.7081
1.85196
-0.142398
-6.37168
-0.610172
-7.35171
-3.00303
-1.96124
-1.58426
0.2627
-1.55024
1.19532
-12.7222
2.81363
1.42188
-0.430066
-0.23376
0.872692
-31.2861
0.178597
-3.21581
0.617874
0.235171
1.86655
-0.678306
0.00899794
-0.103069
1.65598
-2.52248
0.580976
3.76501
-0.0569132
-0.843897
-1.6123
4.69127
-9.99928
0.394768
4.61725
0.458075
-0.048278
3.82129
1.12477
-1.25161
8.75583
0.76848
-0.332919
-1.59285
-0.294445
0.172356
2.22362
1.02081
0.981303
-0.241791
-0.265446
-0.562142
-1.86462
-0.250179
0.116582
19.4678
-5.25176
-0.868445
0.333173
-0.240735
0.480698
0.234537
-0.0741229
0.860216
-0.105759
-8.35863
-0.164107
-0.895417
-0.305857
0.0670488
0.0724214
-0.0676724
-1.1973
-1.01587
-9.8254
-1.34802
-8.61022
-1.20343
-14.6544
-0.762827
-3.94658
-0.035995
-0.463904
-0.165072
-0.978038
-1.34245
-0.967297
-5.05164
14.0408
7.07288
0.526121
-0.160259
0.701921
-0.327818
-1.08833
-4.13221
-2.73814
-4.82483
3.14374
0.391419
3.0583
-0.547742
4.77676
1.57223
-1.55103
-3.53285
0.62276
0.662351
-0.121542
0.413775
0.721361
1.68978
-3.997
3.97503
0.347061
-8.78102
-2.13136
-0.46041
-0.468277
-0.105376
1.2661
14.2431
0.149551
-4.37965
6.92767
3.11139
-1.22588
-0.0589224
-5.35754
-0.0886243
-0.0566336
1.40418
-0.536738
0.532199
21.7364
-0.362951
9.78728
0.153418
1.6193
-0.274922
1.96535
1.52884
4.92415
-1.30158
2.12362
2.45819
-0.929838
1.56299
1.39131
-0.169686
-1.01487
0.920622
0.427669
4.00941
-0.0189614
0.630701
-0.433769
4.81108
-10.7451
-0.677226
-0.375273
-0.139026
1.15264
2.78929
-1.39356
-0.710794
-0.898341
1.33306
0.482064
-2.01167
-0.650969
-2.5658
-0.557571
-0.163685
0.544779
-1.61889
-0.572788
-0.270536
-0.565428
2.17283
-1.32158
-1.0056
-1.9261
1.27035
29.6947
-1.63824
3.67284
4.12776
0.0261738
-0.233378
2.70083
-0.755109
-16.1088
-7.89091
11.5712
-26.3024
-3.84009
12.4236
0.0714845
0.625143
0.245781
-0.892143
0.109807
0.746107
-1.47697
0.0816258
26.5272
1.27869
-0.77945
1.82221
6.43799
-1.44441
-1.76733
-0.146906
-0.133776
0.496704
0.686976
0.240151
-17.9312
-53.4333
3.73768
0.416521
-0.945814
35.7166
0.449289
19.1664
-3.98363
-1.50353
32.9354
-0.471698
-2.26482
0.228124
2.42504
-0.386847
-0.407879
-7.58771
-0.189193
2.45939
-1.02268
-0.107886
16.4335
-18.1561
-1.20575
-1.15971
6.35522
-0.795996
-0.542417
1.00318
0.402612
-1.02677
1.24077
0.385227
4.17419
121.399
-2.22748
1.20721
-5.98022
-0.410159
-0.117274
7.29674
0.113407
-0.393798
0.701113
-0.597492
0.11696
-0.379287
0.459398
-0.564791
0.554687
10.0382
1.19881
13.7049
-2.31635
0.224916
48.0147
2.20181
-0.191197
0.60437
5.22391
0.275745
25.5064
8.31332
0.0541376
-0.264807
0.984735
0.0549653
1.18782
1.02799
-4.91725
-0.411555
0.0333642
2.91425
-48.8869
2.53424
-0.94854
0.0887503
2.80206
-0.0248082
1.52354
-0.579402
0.421911
1.44333
0.577623
1.0898
-0.672917
-1.79014
0.880418
-2.25288
0.0326987
0.266549
-1.24682
19.5805
-0.291613
-1.29087
0.857677
2.67081
-0.0329504
1.02964
-1.80199
-0.495927
-1.59199
0.626015
-9.86868
-9.18826
-0.142802
-0.756791
-3.18338
-0.538797
-0.635514
0.0724973
0.70894
-0.95485
-1.10149
1.4798
-0.879593
0.533077
0.263406
-0.692245
0.643129
2.25882
1.28439
-0.531523
2.27213
-4.57115
-0.553441
1.27851
12.9751
2.79382
1.55656
-0.316014
0.299775
-0.222598
0.610604
1.62397
-6.96898
2.32692
0.212046
2.97686
0.210515
-0.494087
-0.278358
-6.13456
-0.652965
-0.261983
10.2089
-0.353907
6.6672
1.26789
5.89625
0.25297
0.733942
3.56682
-19.3668
-2.07896
1.06795
-0.0201876
1.8107
-6.94577
-0.0199766
1.48928
-0.513434
0.177699
0.0256685
1.48219
16.5889
-0.327098
-1.85147
2.94411
-0.582203
3.39574
-2.77312
0.752213
-0.102877
-0.31755
2.60201
-1.68924
-0.537663
-8.99706
-0.0625901
-3.47311
1.33124
-0.914568
0.404279
0.141061
-1.57353
0.86045
-2.0761
0.584163
-0.729054
26.3351
-0.30582
3.46347
3.28527
1.83181
0.588898
-44.1301
0.555356
0.105209
-0.126078
4.48204
0.087264
0.0130606
-0.811585
0.655435
0.615671
0.894908
-0.775404
0.33678
-0.626031
-0.901824
-0.0038456
-30.5713
0.395713
-0.0571405
3.65458
-2.25365
4.32222
0.486741
-0.237061
-4.63871
-3.76836
-0.270881
-0.00390563
-2.86436
-0.999271
0.291836
0.628033
0.714443
0.403915
-3.31873
1.75069
-3.17049
0.971385
31.1566
0.627016
-7.97834
1.6797
-0.740833
-1.78492
1.25214
0.449932
-12.0708
-0.0924813
-0.98114
-1.35257
0.0332187
-0.21948
-0.421352
-2.00553
0.381311
4.90067
-0.0189117
-1.0873
-0.32284
0.150552
0.0771455
2.36765
1.03294
1.8551
0.120707
0.574356
2.23781
0.114295
2.9571
-0.37129
45.6906
4.44973
-0.132757
0.784327
0.416932
-22.5071
1.72691
-0.916902
-230.897
-0.188295
-4.14049
-0.193058
-6.30023
0.0140802
-0.751555
-1.4506
0.679971
-0.347054
-0.145556
0.625043
0.236753
-1.26172
-0.872778
0.798732
3.15332
0.629876
29.8755
-0.52723
-1.39764
5.55757
1.93054
-2.54519
1.74598
0.188185
-4.6092
-0.150785
-0.648418
0.18311
1.31434
5.88597
-2.50649
1.01323
0.519951
3.77237
-0.50116
0.366658
0.0570802
0.887903
-2.72012
0.0147519
-0.0339176
-0.176618
-7.49724
-0.811847
0.273497
0.234115
1.02876
-0.226643
-1.09819
0.378366
4.36874
-7.27431
-0.136715
2.99811
-0.101143
6.22392
-4.91134
-6.65886
0.56034
1.12408
-12.2234
10.3137
1.09065
-0.848125
-4.91872
0.678505
-1.19306
0.124185
-0.424686
-0.593229
1.13051
-0.898595
0.459823
0.295271
0.44494
0.435529
0.0166617
-0.0057947
0.682432
2.57082
-0.765506
4.91165
-1.27938
-0.851233
1.76982
0.0975195
3.15205
0.786815
-0.637197
-33.7065
0.659713
0.0829872
-1.73703
-2.92201
0.364879
-0.805631
1.42411
0.820012
-0.0921706
3.01368
-1.41749
0.34912
-0.934094
-0.729794
-0.797884
-1.32656
0.811509
-1.03327
0.339362
3.74481
0.796537
-0.333935
-0.0767094
-0.704991
-0.472447
-0.202755
-9.79745
-0.186745
-0.0620817
-3.26149
-1.17001
2.40759
-0.124359
0.0352472
0.103759
1.52793
-16.6587
-0.536689
-0.237857
0.583173
0.751228
-0.417285
5.95744
4.98772
-5.84827
-0.0782732
0.192594
0.177793
-0.79381
-0.986426
-0.864675
15.5447
2.1459
-0.25539
0.578713
1.96162
0.106638
-1.71473
-0.761585
0.704929
-0.204551
3.57606
1.05628
0.0847705
-9.01352
0.270549
0.225607
-11.6932
-0.336627
-0.785226
0.110887
-33.5462
0.346623
-0.586157
-1.51439
-0.550353
-97.5256
1.52002
2.58416
31.4154
-1.22706
4.79803
-2.14932
0.436014
0.573158
-0.226852
0.0928086
-1.42027
0.474569
0.531608
0.739842
-0.442535
-1.056
1.67785
34.5645
1.95667
-0.410344
1.09436
12.5103
-0.805844
-0.11145
0.64577
1.01443
-2.26798
0.269038
-0.964064
-1.04086
-2.40521
-1.79627
0.621041
0.742837
-12.4908
-2.34821
2.3031
-9.09499
-16.7297
-1.5519
0.0836105
-1.00142
0.653845
0.428495
4.57274
-0.414145
-0.255783
-2.16727
0.564634
-0.576548
-0.463243
0.138113
2.45537
-4.53018
0.126332
-3.98564
2.71423
0.374676
0.47825
1.29628
-0.201325
-46.2699
0.89633
-0.496946
0.806013
-0.953091
0.88257
0.439384
5.84834
1.95659
0.182249
-0.505697
-3.68035
0.513296
-0.296924
-0.298574
2.58187
1.01999
1.12237
-0.524695
18.4469
-0.954421
-0.283297
-0.0237632
15.0347
0.724387
-1.31742
0.00555739
-7.48581
3.49865
-0.503145
0.708027
1.44125
-0.0690321
9.23296
1.79144
-3.34256
-3.16741
-0.601417
-2.36122
0.344694
-1.17679
-0.928698
2.56999
0.343817
-0.0423321
0.550277
-8.13544
-0.237558
-0.511207
-1.22143
5.17832
0.878782
1.34063
-9.39033
0.0242712
2.36193
-0.250174
0.361556
-0.898465
-2.0965
0.919457
2.10234
-1.83148
0.586237
-3.06681
-2.50532
-0.404916
1.05317
-0.0359098
-0.510373
5.9058
-1.02496
-0.0792498
1.06303
-0.473068
-0.660201
-0.859951
1.46806
-0.288214
-15.7138
-0.182156
15.611
2.59895
16.2351
0.428161
0.408188
-2.04521
0.144842
1.32562
-0.994865
-3.91294
-0.0230853
-2.94888
15.5466
1.01724
-0.658982
0.311159
-0.696252
-0.205915
1.64539
0.0323691
0.185642
0.284339
2.86559
0.0926246
2.61833
-3.40086
-0.597605
-0.444287
-2.34186
8.80078
0.522433
-1.46767
3.73907
-0.332553
3.33898
43.5338
-1.59804
-0.739945
5.06137
-1.68231
1.11758
0.752741
0.776393
0.601142
-0.220922
-1.02139
-48.4471
1.06384
-0.267787
0.612966
-0.722007
0.0589628
-1.21568
-7.13882
-1.58333
3.50923
-0.694905
-1.70191
1.04833
-1.80581
0.957938
0.754119
-1.66679
0.263992
-0.231953
0.282103
-0.817918
-2.45172
2.30931
0.0620509
0.0825828
-3.93582
-1.28725
0.0647846
0.480606
1.13692
-8.02317
-8.50812
-0.309677
-0.659165
-0.217171
1.00555
-0.855968
0.0926716
2.21604
-3.59344
0.531154
-29.7546
-0.473265
29.2332
1.25012
-1.44322
3.24
-0.559876
-0.753565
4.267
0.362317
-0.260191
-5.31013
0.969148
-2.56048
6.97855
0.913742
208.658
3.17838
0.616419
-1.80378
-0.294016
-5.05563
-9.77185
-4.6118
-6.0966
-10.5135
24.974
0.4626
0.999778
3.5015
0.148584
0.322674
-0.524489
0.920614
-0.879388
-0.0483475
-0.777797
-0.659006
-6.62211
-0.847338
-0.220158
-0.605946
0.129341
-0.118958
-2.38399
1.48204
-4.06657
1.23797
1.03617
-1.13521
0.113129
3.86626
12.6724
-30.7378
3.24027
-8.13633
1.23609
-0.07174
0.485256
2.19387
-0.197304
-0.19971
-0.594461
0.833318
-3.46282
0.102534
0.186755
-2.02212
3.01318
0.431101
-1.15226
-1.14416
-0.864773
-498.055
0.227346
1.59512
-1.17831
2.20955
-0.598315
0.993018
-0.318884
-0.658769
0.0578688
-2.70359
1.0553
-3.13506
-1.25495
-519.255
-0.524746
3.34061
2.19059
-0.257081
1.2761
2.93342
1.19653
-0.115976
0.116051
0.313134
-114.32
2.29382
-1.00265
0.549364
2.20416
0.656368
2.72471
-20.9988
2.25346
6.1141
-3.76195
-0.356933
-1.48689
-2.605
-0.0687502
-0.713623
1.22051
20.3512
10.6267
-74.851
-5.08196
2.53744
0.14921
3.79541
-1.22811
-0.317672
12.5573
0.698635
-7.92339
5.87509
0.914269
0.59905
-0.178853
-0.0478284
-0.414291
0.727225
-0.724288
-1.50218
0.729054
0.46908
-1.05075
-0.52109
1.30896
-1.10857
1.60399
3.78909
-0.182627
-16.8203
0.864368
-0.230716
0.0792597
2.02123
-0.342336
-4.38922
-3.20257
-0.125651
-1.68037
-0.591102
-0.242064
-1.75889
-7.57032
-1.85592
1.61176
350.147
0.600543
-0.437948
2.25164
0.653241
0.198687
2.43126
1.29889
0.578959
1.04831
2.7504
0.140822
-7.88118
-0.881673
-10.8914
-1.53703
0.685822
-0.509214
-0.407578
-4.55638
-0.48137
-12.9881
-0.157623
4.81578
0.839893
1.85671
0.0250162
1.91071
4.76681
-0.279896
-3.73826
-11.6263
-0.0850786
-1.0656
0.855563
-1.07733
0.0610582
-0.987342
0.0486553
-0.990782
0.693258
-3.0856
1.27715
-0.51185
2.11353
1.24596
-0.309121
-0.150803
0.794648
0.994966
-1.68951
-0.183663
-1.73576
1.60842
-1.32093
-0.806077
-3.75354
3.46623
-0.000985933
-3.61317
0.903771
0.176182
-0.349587
-0.498433
-4.42054
0.235247
133.323
3.35201
-0.294335
-0.746152
0.203465
3.69617
-0.421128
-4.96619
4.99196
0.122865
-0.191188
1.31591
-0.514226
-42.1946
-0.0979945
0.0149038
0.00966072
0.052607
1.01281
0.0767855
-3.26049
-0.332503
-0.494607
-0.66795
-1.14161
-0.635072
5.08146
-2.85169
0.13115
-1.63289
0.0447404
-1.4916
0.717986
1.61243
-1.02004
2.00075
-0.453533
0.526751
0.913811
0.999656
-0.95353
4.27925
-31.5898
0.778653
0.554809
0.468037
0.820071
1.17147
0.0126957
0.184251
-0.611022
-0.351558
-0.870859
-0.282989
1.50041
-34.2431
0.014311
-1.20312
0.296287
-0.0241043
-14.6933
-1.40022
1.28532
-0.37766
-7.80604
-0.449778
-0.078017
-0.475341
-13.0564
1.85294
-0.671568
23.9321
-0.660802
-1.09813
1.88151
-1.67845
-21.9619
0.136198
0.0741271
2.6643
5.39274
-0.792287
0.412223
-10.1369
2.61826
-0.258418
0.0418948
-0.605647
4.6713
-8.61281
0.12982
0.597031
4.41637
-15.0561
-5.43238
0.104357
1.15962
0.335471
-3.30098
0.778489
-0.952142
0.707604
51.7942
-1.14145
0.900498
0.211179
-0.216991
-2.01783
-3.4652
0.409942
1.04154
1.10758
1.86758
-0.269303
1.7247
-0.211834
1.57418
0.292342
-0.0737926
1.08024
8.48508
-0.222454
0.919343
0.447789
-0.698636
-0.166651
-0.153714
0.843295
-0.34685
1.08896
-0.895722
0.278818
-0.20755
3.84735
-0.0985336
23.9179
1.72119
-3.10508
-23.0095
-0.413114
0.280165
-0.233027
-0.127491
0.574226
0.862152
13.6005
1.7282
-0.426162
-0.272076
-0.575634
-1.14096
-0.897989
-9.10957
1.60045
1.08547
2.95326
-0.344555
0.323353
-1.33349
-0.126445
-2.54578
-0.691921
-0.789095
-10.4444
-2.39523
0.484958
-3.91747
-1.11315
-0.159787
3.13432
0.115168
0.928527
-1.34209
-3.98365
-0.873207
-0.942541
-2.36587
-0.100236
1.23694
-0.17096
0.0129725
-1.82891
-0.690363
-3.56432
-1.48529
-0.64631
-0.741147
-0.116125
0.400075
0.820373
-0.450368
-0.213559
1.86453
0.108989
0.847857
-8.00978
-0.185673
1.07308
5.60497
-0.210744
-1.43481
1.18043
0.528131
0.39081
-1.14278
-13.215
3.35771
-0.130462
1.29943
-0.0259118
0.111529
1.36799
-3.44701
0.236328
0.317195
-0.0700236
5.8134
-4.34631
2.86396
-0.569712
-1.1021
3.13623
0.435544
2.18237
-1.41829
1.19884
0.54673
-0.239666
2.41901
0.135476
-0.316429
-1.31673
0.173562
0.978974
-0.120232
3.35218
-2.89064
1.75897
0.419174
6.26644
0.752293
1.78522
-3.24137
-1.37728
14.3108
0.974537
-0.274894
0.454642
0.429192
-1.82079
2.68267
1.7418
-0.556186
2.42588
-0.279345
-1.11433
-4.71921
-2.14684
-1.02324
-28.7854
1.11375
-0.573988
-1.34947
-0.831692
2.08898
1.72145
0.190867
7.68165
-0.680189
0.319893
0.116808
-0.50065
-3.91568
-0.0332019
-7.70672
-5.226
-0.00757336
1.16643
4.18588
-0.29493
1.21924
-2.95946
0.489731
0.764262
0.504466
1.07965
0.482322
0.293306
1.03793
-0.159097
-0.952873
4.82393
3.22436
-0.246223
-1.56125
-0.0255045
7.07558
-0.388221
-1.09886
-2.15908
4.32612
-0.318807
4.77809
-0.125813
-1.33109
1.44843
0.895933
-0.730804
0.135793
1.38724
-241.669
0.234054
1.93838
2.26068
1.49279
-2.52495
-0.00778968
-0.0401453
0.93176
0.93046
-0.52369
0.918829
1.31239
-0.852659
-2.70146
-0.493046
-1.24519
2.22426
1.37707
-0.995534
0.80528
-0.0806926
-0.366787
0.829436
-0.878295
0.463922
-1.44735
-0.909315
1.14388
-0.637576
0.954869
2.95978
-3.12323
-1.17621
0.932037
1.12015
1.48285
28.3714
-2.16639
2.56842
-0.614162
0.019041
-1.22002
2.80323
5.54636
-0.577366
2.55357
-2.66178
0.593089
-64.514
-0.211304
6.03828
24.6505
-2.64858
1.36963
-8.98075
-0.799811
-0.348617
1.41344
6.34086
3.95606
-0.919899
-0.178028
2.54518
-4.66575
-0.367395
-0.236898
-0.392063
-2.39034
6.03219
0.181888
0.128585
3.14356
2.86842
1.69429
-1.539
-0.0206343
-0.432384
0.703317
1.38837
-1.31063
0.0379274
6.03709
-0.858025
-5.48509
-0.773383
3.57041
-1.45148
-0.743122
-0.687742
1.21511
0.439908
-4.9789
0.435694
1.28986
3.42296
-0.0541486
0.00246771
1.46543
-0.760893
0.39631
-0.0918558
-2.93838
-2.5208
0.522458
-279.248
0.0336784
0.239231
0.223217
2.56325
0.462761
0.133972
0.064994
-0.442546
-0.45924
12.1423
1.27166
0.585323
3.01491
0.0321232
0.881871
-0.353069
1.92639
7.91509
1.53883
-0.649622
-1.94701
-0.326259
0.496262
-0.098632
-6.61114
0.724512
-3.17976
-35.1733
-5.05435
-21.0928
-0.870472
-0.0951602
3.21137
0.0645224
-1.38718
0.348459
0.059047
-1.11257
-0.163811
-1.0916
-0.272287
2.1611
0.0701962
-1.31906
-1.19231
0.45577
0.0980027
0.302909
-0.19657
6.32728
1.55896
0.587313
-0.529396
-13.6653
36.4322
0.350643
0.0799825
0.0611589
-0.876398
-1.28448
0.314416
3.89925
0.617783
-1.28029
1.13471
1.85922
-4.00212
-0.515212
-7.95277
-67.9362
0.224184
0.197589
-0.0211988
-0.624108
0.143718
36.0152
-1.94163
-0.329859
2.33885
-5.84131
-1.62725
-2.02651
-2.02146
1.89205
-0.49099
-1.18323
0.268235
2.31416
0.0917021
2.22096
2.20573
-1.4241
1.52992
2.04115
-0.556059
0.0720962
82.8993
1.09095
0.55801
-2.25253
6.15826
-3.21934
1.89725
0.516913
0.0656958
-7.91531
-0.479174
0.624623
2.17459
2.03105
-1.13316
1.77161
-184.836
0.216983
-1.89042
-0.825235
4.35356
-28.568
1.1748
0.723747
0.943327
0.593051
0.536078
65.5787
0.153751
10.9384
-3.60602
0.854733
-6.64815
0.160814
-0.0278192
0.420892
-1.49884
0.742146
0.00754369
-9.94792
8.1775
10.6346
-0.518067
-0.601813
-0.593142
1.81177
-0.0795379
0.682466
-0.861358
-0.843485
-1.24873
-12.8336
2.02449
-4.14986
-1.92868
2.79594
-0.979013
0.308373
-1.1414
0.358185
-1.40523
0.730868
-1.81635
0.896427
-0.263712
-2.13965
0.785901
2.06184
0.030033
-3.57957
-1.39264
2.13475
2.5546
0.0629061
-2.08483
0.751042
-0.177265
2.45164
0.824958
-0.872163
0.326543
-0.182973
-0.157794
0.567442
1.29203
4.83136
-0.382017
-1.38514
0.84118
1.90211
-9.96112
3.38177
3.11473
-1.43091
1.85675
3.34028
1.74779
0.535309
-0.177598
-30.033
0.875815
0.281098
0.118152
3.82936
0.132058
2.06757
1.91958
0.116039
-0.0493319
-10.1477
0.519217
2.65792
-0.727683
-2.4275
2.83269
0.256533
-1.39044
-2.46903
12.9258
0.0437606
-6.40993
0.0271881
1.79993
1.21706
4.50783
-0.0680155
0.188868
1.49117
19.442
1.80125
1.03041
1.24746
0.654823
-1.64472
-0.442361
0.539084
2.36842
5.57539
2.81191
1.20486
0.0225756
0.160346
2.51589
0.034268
-0.986727
-2.59155
1.1794
0.00358482
1.11235
12.4538
-1.52165
1.84885
5.22978
-1.70097
-0.344276
2.26808
0.248894
-1.29265
18.6696
-0.718868
11.4283
-3.43961
-0.425361
-0.827394
-1.67275
1.02917
3.35395
94.7201
-0.216546
-0.4074
-0.316368
4.90529
0.201724
-1.43956
-0.719411
1.40405
5.77783
-0.312387
-76.0256
-2.69498
1.38301
-0.0538581
0.580708
4.59552
0.156841
5.35156
-1.02216
0.542119
1.78157
0.34071
-2.21079
2.52336
2.41067
12.8423
2.15398
-0.684883
1.55686
-63.8075
0.677402
-3.01931
3.39057
-4.37579
-0.399197
-0.476744
1.01798
0.982891
-0.459326
-0.771033
0.32691
3.24299
0.461623
0.320866
0.0593502
-0.106659
0.847153
-1.71506
7.14703
8.1796
-0.896243
0.157407
1.42515
0.824654
0.551744
0.342246
5.11722
-431.07
0.503415
0.0712
0.880025
21.086
-0.0351402
1.16269
-0.741947
0.172409
1.23725
-0.235495
-1.03101
0.349014
-0.685155
18.9527
4.2429
-1.3332
-0.515623
0.914917
-0.486584
-0.63331
0.840452
-0.108738
0.684378
-9.60328
0.643631
-2.23477
-1.02442
-0.301998
-0.0591173
0.385129
-1.28811
-0.438353
-4.79029
-11.1266
0.00892129
6.07643
1.94842
4.5363
-4.83846
-1.31408
-0.403841
2.21671
-0.354146
-1.48891
1.91731
0.249394
-0.360531
-0.14727
-0.521388
0.277531
-0.838528
10.5341
3.4087
-0.050445
1.45724
0.728683
0.960249
-15.1656
0.335332
-0.0378108
0.628505
-0.354995
0.860774
-2.73014
0.121135
-0.319538
0.523752
0.63125
-1.83271
1.39104
1.08932
-1.46206
-0.509944
0.217883
-3.04726
-2.17833
-0.576253
0.301653
-0.545711
-8.03391
-0.680627
14.9999
-0.929325
0.499926
-6.60158
0.812461
-0.0462931
0.00733926
-1.36657
-0.0957123
-1.16962
-4.3289
1.3545
-1.89382
-0.608439
-0.0445633
-17.7521
1.61282
-11.8622
1.61477
-2.25206
34.2423
0.65889
-1.11568
0.126629
0.719459
-0.0570277
1.81028
101.421
13.9697
-0.520188
0.284161
-1.83314
-1.18929
-0.937754
0.776107
-0.362631
-0.782276
-0.363204
0.121905
0.424031
1.68335
-0.0270858
-0.450862
-0.168764
-0.246377
-13.8904
0.580021
-0.337975
0.489685
0.832823
-0.126591
-0.930991
1.44977
1.43257
-1.6475
-0.425802
-2.83857
1.76236
-0.484784
-1.23531
-0.561814
4.36504
-9.01853
72.8706
-0.242248
-0.0272037
0.0861442
0.883113
-0.634966
2.01316
0.354168
2.4684
2.12471
8.46808
-0.556843
3.26915
-0.456838
0.619333
-1.163
0.318577
-1.89654
-0.139117
-0.399299
-0.894021
0.688997
1.0094
6.54308
0.221992
0.86292
0.404353
0.304202
-0.219377
0.170987
-0.382725
1.48727
0.217551
-1.11247
0.800503
2.8488
-2.25206
-0.348327
-0.917229
-0.263864
0.482808
0.54592
-0.0967246
11.9936
-0.384292
2.51298
9.22453
-2.99785
0.794312
-0.396863
-0.622763
-1.06752
-0.475394
0.248624
-1.61296
0.965433
-3.08141
0.656695
0.666103
-1.73669
-0.646448
-4.81306
-10.7184
1.57434
-0.440748
2.5489
9.92574
-0.464817
-0.323644
1.08978
-2.01604
-0.0258302
0.248806
0.00295668
1.03156
-0.948365
0.0268167
1.68056
-35.7553
6.67327
-0.480719
-13.0526
-0.636621
0.293302
-6.12038
1.39836
-11.8151
3.30399
-1.37649
0.0916709
-0.592413
2.17861
-0.205584
1.77537
0.659779
0.106311
3.16719
-0.709393
-0.52941
-0.228358
-49.9536
-0.911285
-54.3299
4.15899
-0.617593
-0.26724
-0.592765
-1.34584
1.04205
3.81232
-7.3633
-72.041
1.72133
0.254583
0.838066
-0.435211
9.46066
-0.450567
-1.26961
0.125458
-2.94181
0.691349
-1.21619
0.433631
1.1035
-3.50848
-1.78364
0.239091
-0.620777
1.18778
17.7487
0.0434899
12.7137
-0.818261
-0.588626
-1.71292
1.72304
-25.048
-2.26021
-2.65806
-1.2074
1.71867
-0.306588
0.591839
-0.115053
2.91425
-0.39331
1.96906
611.56
1.49781
-1.2054
-2.30156
0.84213
-0.943608
0.984932
-0.0922868
-1.84762
4.17019
0.174517
3.70681
0.48412
0.576967
-0.41475
-21.9049
17.2037
1.27041
-0.807197
-0.0638231
4.96126
-0.209592
-0.77611
-155.857
0.281079
1.57365
2.68285
0.0667632
1.28852
21.6579
-0.315335
-0.47164
0.909472
11.9315
0.151126
1.28619
-1.21284
-0.444766
-0.138421
2.88196
9.90414
-2.19324
-0.0183952
1.12694
0.607098
0.140681
1.24316
0.863661
-2.05297
-0.712234
2.26351
-0.0349701
-0.549781
-10.1298
0.16096
2.45729
-1.15909
0.0724493
12.3343
0.0756044
0.332399
-2.93038
2.22243
0.95255
-1.36298
-0.194098
0.352578
3.1542
38.9458
1.56585
0.750563
0.889086
1.11423
0.451321
-6.03275
-1.72823
-0.803941
1.35445
1.10055
2.94021
-0.447454
-1.23461
2.22859
0.368208
0.0835585
-0.605748
-0.110579
-3.42493
-0.349991
0.434301
-0.341281
1.71268
0.296772
0.0671806
-0.415717
0.745368
-0.570137
1.45498
0.944024
0.594663
1.126
-0.34302
0.137945
-0.422981
2.13067
0.239703
0.124805
-0.0166114
0.386891
0.588429
1.39146
0.227283
-0.472291
-0.348609
-0.148453
2.6023
-5.02968
-0.541502
2.45219
0.929704
2.88288
-6.72193
-1.50613
-5.52155
-1.82642
-0.403261
1.93159
-48.3956
-1.86564
-4.51079
-2.1079
0.242999
51.941
-0.070344
0.875905
-1.00749
-0.52902
-0.104677
0.688222
-1.17619
-3.92668
0.470758
-0.258098
-0.255632
-12.4473
-0.413965
0.731469
-0.845894
5.11712
2.00338
1.60198
5.51961
-0.287449
-0.223437
39.9779
0.670911
-0.0914391
0.167648
1.9833
6.96551
-1.8202
2.67584
-2.40688
1.12205
1.02531
2.02385
1.14273
-0.0571188
-6.24281
1.91627
0.460296
-0.398732
-1.34948
3.22137
0.278305
-19.8032
-2.03211
-1.29633
0.34209
-1.91146
0.149562
1.97569
-12.564
-0.264663
10.6503
-1.05204
-0.0357093
-0.956775
-0.524591
-0.726314
-0.0766909
0.301871
0.168796
-17.4543
-0.0887021
0.0771259
-0.362338
14.8623
0.605776
1.33876
-1.08914
-0.82292
-2.35646
0.755586
0.828015
-2.10067
2.60399
-0.616322
2.63551
0.216844
1.01486
-4.57682
3.4376
0.380042
-16.6429
-1.31718
0.223334
42.536
-0.925916
82.5897
-2.38966
0.357079
2.74718
26.9627
-0.616663
0.843487
1.51069
-0.115623
-3.31691
-1.41573
-4.24372
-0.909108
-4.12484
2.09359
0.727234
-0.416227
3.73943
-1.3584
4.61907
0.350439
-0.480942
-1.75886
3.94662
0.92716
0.0808079
-0.230983
-1.18025
-0.266194
-0.0224653
-2.89072
0.486795
-1.7156
0.508068
0.815076
0.374998
-0.118552
-0.906087
1.61586
-0.454305
0.366761
-0.645774
2.73907
0.286171
-0.857147
151.173
1.9213
2.47505
-0.0708904
1.67731
1.14939
-5.74415
-1.03477
-0.832426
1.24746
-0.0502259
-0.13879
-2.34756
-0.282629
2.85607
1.47961
-4.0989
-0.0660044
-0.913002
-0.549761
0.0785276
-0.437257
173.145
-1.69086
0.120147
-0.00497409
-0.168383
1.99367
23.8371
-1.05744
-0.54695
-0.218431
4.20687
-0.860878
-1.04832
-75.9562
0.426085
0.7478
3.50635
-0.520685
-0.308644
-0.192703
21.2551
-0.878427
-0.263777
-0.86584
-3.45415
0.0354216
5.41952
-2.52159
2.09748
1.14906
0.545499
4.77166
0.234453
1.40079
0.183692
1.07856
-5.29149
1.49202
-1.39795
-1.00026
-6.73437
-0.623661
1.15465
-0.0329073
0.882986
0.450595
-1.2674
5.55183
-5.9117
-0.245416
-0.0476312
-5.9171
-0.516474
1.27858
0.0183025
0.326777
-1.03237
-0.171619
-0.974928
0.720542
-1.91372
-1.23074
-0.23796
0.489904
-8.79938
1.34147
126.803
3.72624
-1.83073
-0.47622
1.96187
3.56994
-1.78098
-0.971408
-0.611623
-1.09684
0.906588
-2.6357
1.36727
-5.69193
1.25221
5.95207
-3.84374
-2.80257
27.8912
1.70845
0.884731
2.56257
-0.172236
-16.5925
-1.13567
-0.25792
21.436
-0.0614551
0.203513
-0.287491
-9.98076
-0.0794488
-2.85131
-0.639784
1.05324
-1.15763
0.085185
0.787182
-5.44595
0.0142843
-2.811
0.1666
-0.399219
11.1516
-0.967866
-7.40992
4.67968
1.09589
88.0039
-13.9366
0.683214
0.398164
-0.518829
-0.724411
4.10026
-7.6799
0.315115
2.41256
1.2427
-0.501227
-0.21872
-0.57021
-1.49011
-0.279566
-0.00320808
2.37455
1.50618
2.37563
-10.492
-0.1864
-0.958257
-5.83308
-1.42292
-0.338056
-0.917293
-8.3707
-0.614847
0.748632
1.4581
-2.23887
0.578339
-2.17904
1.43549
-0.456723
4.21799
-5.04844
-1.97613
2.45428
-2.52712
-1.81608
-0.8969
108.42
-76.754
0.127996
1.87859
-0.231257
-0.236989
-0.431918
-1.76582
-31.6954
1.01536
-0.43391
-2.00908
0.585552
0.349594
-2.42164
-0.874845
-47.2496
0.605914
0.377766
-105.54
0.50936
2.78628
6.16419
-1.2588
-2.524
-0.416986
0.552144
-0.0377575
-2.45695
-0.225024
-4.18554
-0.298618
-5.26476
-5.45499
-0.87965
-0.494749
-0.424571
-2.1046
-1.43429
-3.59843
-1.33533
-0.635607
1.84378
2.01362
-0.318002
1.74523
-0.675388
1.87887
0.174293
0.302641
-1.75518
1.44642
-0.791247
-0.363493
-1.29554
1.60377
5.27967
2.01012
13.504
-2.41955
-0.634663
1.56115
-0.639189
-4.27966
-1.80049
-0.469848
-0.6941
2.03181
0.804487
0.129582
-0.425873
-1.00429
-0.212352
0.871836
-0.885081
-0.901357
3.82805
-6.20219
-1.68041
4.33588
0.969819
0.874274
-0.596477
7.82565
-0.43309
-0.0239837
1.50862
0.089365
0.180471
2.75898
-0.13798
0.33278
0.494253
-0.620747
-0.601698
-0.514658
0.572172
-0.263454
1.72389
0.550252
0.021009
161.843
-0.111404
-0.856056
1.24342
1.69242
0.244472
-0.116966
0.125197
5.33057
13.3274
1.76256
0.193483
4.91357
2.04729
-1.20568
2.02729
-0.485398
0.171514
-0.435711
1.61273
3.10904
0.0499102
2.37121
-1.59039
2.14157
0.0919178
-1.56714
-0.63751
1.30692
-0.543121
-0.312544
-1.27753
-2.69929
-0.588178
-1.1976
-1.89706
-0.0927541
0.290206
-0.125982
-0.511849
36.9754
-1.89369
-0.276852
-1.58646
0.490604
-0.725084
3.85769
-1.77475
-0.00184028
-0.0864397
-3.61622
-1.22196
0.648621
1.77145
0.507219
-0.215108
-0.020453
-1.45536
-0.0232525
-25.7903
-0.179099
0.139975
-0.70959
0.635635
-2.04493
-0.0536328
-0.700307
-1.39173
-2.21244
-0.690085
5.18792
0.588364
0.173418
-0.256367
0.173983
-1.99633
0.637957
0.191787
0.62493
-0.0848512
-1.61508
-0.926766
-0.283061
-0.992611
-13.1572
0.298699
-0.586576
0.0245758
-1.68852
-0.160825
-0.844573
-12.8169
1.3647
0.121367
-0.691202
9.35523
1.11141
-3.77164
-1.03583
0.784137
-1.9586
-0.607488
0.685819
0.0955024
1.54284
-0.242545
-0.327466
-9.39738
-0.155615
0.258352
2.08366
-3.49744
2.78659
0.483012
0.402421
15.6035
5.69391
-3.18399
0.673659
0.348585
-0.153769
0.264931
-2.24581
-1.00722
-0.0728215
0.435436
-5.20123
16.3396
5.53192
-0.66309
-1.11625
0.639718
1.16892
-1.30582
-2.85044
0.0859841
2.15012
0.955339
-0.412692
0.0122215
-0.561961
0.0839586
-0.918678
-0.650538
-0.473212
0.822469
-0.255515
-0.0995092
-0.282116
5.16394
-12.6951
1.10935
0.294689
1.70887
-3.30625
-6.54669
0.0570561
-7.98072
3.26002
-3.23603
0.986002
-14.1583
1.65202
23.0707
-1.54427
-0.408087
6.39173
0.591098
5.88993
0.412537
-1.11861
0.211848
-3.04305
0.468119
1.6546
0.479367
-0.390867
0.102762
7.79762
-0.794112
0.923769
-0.477342
0.0821654
-0.670723
-0.198818
-1.40055
4.91252
0.16701
-1.378
-2.79982
1.35327
-3.63121
0.401059
-0.516056
0.881788
-0.488292
5.40862
-0.476041
-0.322194
-1.5197
-1.41593
-10.5505
-0.027437
0.18254
0.397865
-1.31291
-1.20808
1.01039
0.266178
-1.72206
-5.04797
-0.614974
-0.107989
-0.234866
5.53571
0.767777
-1.67297
1.08923
0.148521
0.269916
-3.11684
2.27879
1.41894
-1.77867
-1.33944
2.73242
1.84915
-1.15415
0.59895
0.507329
-0.220093
-0.68027
1.97323
-0.264538
6.53204
6.17583
-1.77192
-1.31057
-30.5714
-12.6965
0.57603
0.37609
-49.3331
5.65686
-5.8961
0.0477948
1.41751
-0.721831
-5.91383
0.0770686
-0.040697
-0.286339
-0.0284583
-1.17312
1.48753
-0.0640702
0.162324
0.355574
-3.48957
-24.7504
-2.87092
1.58626
0.536924
0.431987
1.61461
-1.82932
-0.742938
-7.5168
-0.710674
1.58292
0.820626
-3.80278
-2.71582
0.0213143
-0.11583
0.972163
-1.36292
0.0490625
-0.423743
-0.00314929
0.51509
4.90007
-0.39316
-0.0981947
-1.10054
6.08039
0.178954
0.338428
0.790875
-2.30804
0.394421
0.564888
-5.23908
-6.4448
0.0241764
0.0139051
2.47216
1.33515
-0.0192619
-7.20764
1.49548
-1.21599
-0.110187
-0.514492
1.14218
0.11668
0.251236
0.352568
0.826031
0.064207
-0.0691386
-8.10782
-0.484774
0.180134
-0.561704
6.78311
-0.508515
-0.351292
-0.654734
-2.59922
-1.95634
-3.09472
0.018722
-0.681955
-0.413857
-2.45202
7.65334
-13.0525
-0.452624
0.614709
4.85234
0.473353
-4.31994
0.028232
1.56752
3.13679
-1.15191
-1.43973
0.328106
0.582594
-8.03961
0.551842
0.0115121
0.159916
-0.147957
9.54269
34.3735
0.236019
-4.90937
-0.859757
2.83678
2.67246
6.64618
0.929061
-1.69325
13.446
0.504363
-0.183024
0.048256
-0.642622
0.203558
-3.38949
-3.19935
-1.09707
-2.64565
-1.88156
-0.135279
0.3151
-20.9156
-4.56183
-0.85741
-0.278875
-0.461218
0.154379
-0.746332
0.48359
-11.0301
-4.71433
0.435282
-0.578385
0.586139
0.00813621
-2.32144
0.40486
-0.081437
-0.0453905
0.867769
5.47258
0.0628177
-1.49084
-3.12361
-0.206345
-13.6822
-4.14238
2.14242
-0.197826
3.52113
9.87985
0.022146
-2.41116
-3.41838
0.0488979
0.71435
-2.20539
-9.4472
-0.161698
29.2625
-0.772657
0.972853
0.0102514
1.13045
0.986389
3.98894
-1.64304
-0.143309
-4.36942
-0.412614
-0.651119
-0.674834
-0.192876
-1.11505
1.6365
1.35958
0.756396
0.216574
0.664407
38.934
-0.503247
-0.795917
-1.78456
0.998679
1.23682
3.35373
-0.321601
-0.160967
-0.0705433
1.35127
-0.796261
-0.0929762
-6.29296
-0.20167
-0.549861
1.13473
1.06139
2.16999
0.473902
-0.546416
0.00814347
-1.52137
0.337553
-0.197442
-0.162921
-1.51484
0.210016
0.525243
-0.828983
-0.077384
-0.847042
-2.40052
1.32488
0.853243
6.68633
-0.456372
0.694058
4.44861
-0.226196
9.83629
2.25368
0.618848
-0.594875
0.0139332
0.738905
0.619102
0.115035
-1.62525
1.06299
4.71418
-0.982408
0.855644
2.1297
-0.216092
10.7943
-0.578267
6.41494
-1.53131
-1.01256
0.319528
-0.481599
-2.53596
-0.837823
-0.204787
0.265145
5.54595
0.467729
3.43242
-0.361718
-0.673107
-4.2367
0.20194
-2.49999
1.01431
3.28364
-5.9863
-4.17505
-0.38256
0.235311
1.03966
3.42568
-0.693451
0.0450549
-62.006
-4.18187
-0.207158
0.369988
14.0284
-4.92376
0.375405
-2.21096
-78.9511
3.74057
-1.0636
-0.284578
2.15359
0.206223
-0.626084
2.48226
0.610493
-0.320289
3.76564
0.773795
-1.28677
13.2738
0.423725
0.165771
-0.57054
0.811879
-0.183011
-5.10828
-0.428448
3.85357
2.81809
-0.498766
-2.22982
0.0808084
-0.333203
0.222205
0.111721
1.82454
-3.72253
-1.73325
4.83703
-29.1156
1.55273
-4.4171
1.66092
1.09765
0.455213
0.0892016
-2.13569
2.57637
-1.1325
-0.610167
-2.85402
-1.96069
4.02433
-0.99005
-0.727885
-0.94885
0.405163
1.53564
2.88897
0.239596
-0.62623
0.921849
0.134297
-0.917511
3.96931
3.12631
-1.31735
1.39466
0.441408
-0.126265
0.257346
-2.43835
-0.576681
0.0409876
0.694742
0.995628
2.05353
0.697551
0.124805
0.773632
-0.289457
-4.03554
-0.467973
4.03506
-0.122039
-0.637338
-0.512534
1.63783
-1.43605
0.114938
9.65368
0.212019
0.233619
-0.974177
-0.0743491
3.41868
3.46134
0.558247
-1.12338
1.38783
0.424081
-1.21938
-2.72913
0.566445
0.222557
1.29501
0.719252
3.00994
23.1436
0.161715
-0.767461
2.11161
0.2885
1.18702
-0.0740059
-4.40785
-1.5943
47.6455
-0.65092
-9.34584
-4.07027
-0.866674
0.829437
0.175545
-0.0274792
0.773092
8.78
-5.87843
-4.35677
-0.157949
-1.27385
-0.02373
30.2852
-4.45419
0.0941464
-0.230384
-0.618349
-0.987499
-1.06984
-13.7849
-0.107776
-2.26723
2.20614
-0.434078
-0.284162
-0.366805
0.316671
0.433468
-3.4874
-0.575124
2.13542
-7.9585
5.33106
-2.1458
-1.33823
-0.997525
2.81294
2.00147
0.381143
0.615906
0.736657
-0.482002
0.278221
10.2923
0.94959
1.22544
-0.918944
3.88688
-1.12621
-0.556755
4.46957
-0.657439
1.69567
0.335453
1.19224
-11.971
0.349277
1.45696
2.36961
63.5475
-0.0909369
-9.13069
3.52807
4.46333
-0.211665
-0.939874
-0.917114
-0.586016
-0.839682
0.939219
1.1717
10.8499
-1.16593
-1.85326
-0.670005
-0.969502
0.30019
-0.658549
-3.93708
-6.67384
-0.973497
-8.84137
0.450615
-1.38295
-1.04817
-3.83314
-6.87393
1.11819
-3.25355
1.13329
0.529177
0.780741
3.19177
43.6127
0.519619
-0.666075
-4.06567
3.53957
-1.27663
3.54105
5.03802
1.53445
-58.002
0.281011
0.143243
-0.0641598
-0.573211
-5.74289
-3.02357
1.10321
-0.67657
-0.308702
0.27044
0.21706
3.53666
0.0506564
3.8039
-1.68121
-0.10344
-0.774437
0.0128996
0.677739
-84.6222
-0.0151526
-2.52576
4.30296
-9.50465
-0.702712
-0.816865
-1.61718
0.510627
1.84308
-10.7527
0.244047
1.41489
-2.07898
-1.59693
-2.58992
-4.0711
-1.10763
-0.215419
-1.82404
-0.719905
-0.283093
-3.36988
-0.297168
3.05524
-0.224632
-23.1255
231.544
-1.31948
-1.07645
-0.505916
-0.0140492
-0.966167
-1.82619
-0.959474
0.849939
0.770598
1.82261
-0.258694
0.470184
1.02165
0.857121
5.24918
1.79732
0.424373
0.109866
-2.84858
0.116065
-1.71572
-0.550777
-1.17878
-0.502687
2.99856
-0.0404549
1.14129
-2.95356
0.477674
-0.564739
2.54748
-6.51057
-0.239031
-6.50193
-2.6329
-2.01133
0.316491
1.97928
-0.522137
5.23048
-2.83674
2.22857
-6.51881
-11.0179
-0.258688
-0.0248132
5.54733
-2.54958
0.0718735
-1.14126
0.775391
-3.26617
0.0372061
0.427253
0.743808
0.294982
1.68929
-1.12442
-0.210888
-1.03092
-4.73731
0.126751
-1.80793
0.000591521
-2.74716
1.42614
-0.574296
7.94756
-3.13523
1.96716
0.83218
-11.3612
-1.51351
1.44972
0.503952
-0.0889126
-4.18245
1.31926
1.90715
1.90771
0.0901284
1.25883
4.96896
-0.525104
0.943227
0.248288
-2.48391
1.72376
-2.48242
3.56966
-0.327303
50.0334
-0.383699
-1.26706
-3.14688
0.661744
0.267575
-0.626956
-2.35762
-0.326073
2.62816
3.07246
0.806837
-1.96246
-3.71671
-2.35241
4.00052
-15.6436
-0.35551
-0.411017
-0.653955
-0.530572
-0.376221
0.880881
0.572191
-0.263562
1.78829
-3.93179
-34.2833
-0.298843
-0.499039
0.381338
-0.156797
-8.37982
0.284113
0.290568
-1.02014
4.48826
0.0382189
-0.392486
0.936041
-1.5673
-0.922881
-2.60298
-4.99468
-8.53937
1.06321
0.427466
1.35987
0.548283
-9.59165
0.526444
-1.57273
-1.92615
-0.736318
-0.196178
0.734786
-1.58618
-0.534309
-0.906016
1.15608
-0.150382
-0.455349
0.124206
0.8509
-0.686428
3.40536
-2.67398
-33.575
-1.12974
-11.7975
0.654754
1.93373
-3.13596
0.602671
0.813744
-3.26146
-0.489465
-0.839141
-0.245195
2.97123
0.226737
-6.78438
-2.60754
-0.952779
0.304445
2.0093
0.0837213
-2.58356
-0.64238
-0.589728
82.3988
2.29209
-0.993774
0.525717
-2.53435
3.89972
-0.957048
1.65588
-1.62734
0.674233
1.15518
0.0617307
-0.706811
-0.753803
1.63512
-0.410253
0.132224
0.89587
-0.223841
0.656263
0.0591749
-0.403246
-0.00379674
-1.82593
-0.769248
0.274664
0.754948
0.612146
8.65452
-1.02058
0.08993
0.564461
-0.610781
-0.418534
-0.262841
-2.13
-1.15702
0.511272
-0.114736
-0.583925
-0.535389
4.52649
0.0745306
0.30915
1.08819
0.198969
-2.39269
0.253617
2.97172
4.76589
0.723856
-4.56928
-248.383
2.34591
0.33508
-2.3101
-3.39531
0.180613
0.866621
0.770552
-0.143158
-0.0298225
-0.147847
0.0503024
0.90126
-0.174043
-0.0370986
3.4068
-1.50577
-0.0656244
0.146047
2.38445
-1.44776
0.82803
0.443936
-0.846356
0.608751
-0.236772
-0.46692
0.0939807
-1.2483
1.52884
1.60168
-1.59034
-1.34456
1.90988
0.418812
0.000316095
1.32663
-6.16241
0.31216
12.1285
-6.0891
-1.95839
3.69024
11.2813
-0.414396
0.61435
-0.793202
8.28455
-0.0367439
0.402881
0.944338
-0.211095
-0.475619
7.06791
0.977193
-0.397837
2.22123
-1.17872
-0.524042
-1.80438
-0.0726342
-0.443501
0.724743
-2.63702
0.427655
2.87354
0.483983
-0.380053
0.458919
0.562386
-8.71477
0.250873
-2.03811
-0.585121
-0.486456
-0.740268
-1.1256
-0.291917
0.17882
-0.405004
0.559062
-5.10178
1.10901
-4.57821
-22.2429
-0.313934
-1.62048
0.334822
-0.33696
-0.915795
0.683718
1.90066
-1.43313
-0.614125
5.8911
4.2969
-9.3708
0.927977
-11.2374
0.527768
-0.697936
-0.730817
-3.83977
-0.260176
0.899171
0.88883
0.920167
-1.35905
-0.218748
0.77094
0.833974
-52.5738
1.0753
-746.223
0.0504318
-1.222
0.541974
0.659643
1.07347
0.544086
0.245438
0.507704
1.48929
-3.31261
-13.9987
-3.11195
-0.78596
2.61231
-1.6941
3.21934
-0.210742
-0.46987
0.570584
-1.56326
3.14721
0.146833
0.268899
-0.698631
0.0119926
-2.46345
-0.169096
0.695624
3.48272
0.188487
-0.149342
0.623871
0.248632
0.270169
0.155524
4.41661
0.965681
0.720276
-19.6005
5.45779
-0.128702
0.531779
-1.39504
3.4636
4.06217
-8.05822
0.330653
-14.9388
-15.3505
-1.95688
0.514758
1.65322
0.0528005
-0.0142248
-23.147
-1.72971
1.9735
-2.46704
-0.830415
0.834899
1.00233
-0.720676
-6.13554
0.345514
2.6869
-2.38935
-0.431956
0.307865
-0.748903
1.93851
-0.0367261
-2.25558
0.570954
5.44636
0.0287279
2.5569
-1.42391
-0.0586886
3.4233
1.44834
1.10285
0.0919599
0.219776
32.2719
1.40567
0.68823
-1.04253
0.762429
-2.16067
-0.21312
-0.234881
-0.70168
-0.357823
-0.0352149
0.237255
-0.179926
5.62843
-1.35548
1.96962
2.17363
0.000328871
0.208165
0.776146
1.93784
-19.3453
0.125561
3.26127
1.68443
1.77377
1.92905
-1.59679
0.871985
0.354011
-2.12936
0.0532615
-2.63075
0.939766
0.87359
-0.19552
108.646
17.6241
2.79583
11.8846
-1.871
-9.90523
1.0697
-0.542895
-1.29424
14.0098
-1.75107
-2.90391
0.541394
-0.394884
0.417582
-0.0348761
-0.815605
3.19945
-0.42395
-7.2842
-6.39373
0.00883713
-9.34487
-0.12698
-3.30734
1.79648
-0.619695
0.280088
-6.60003
1.41905
74.6295
3.57328
-1.5485
0.508113
-1.81725
0.37291
0.822719
-1.58135
-2.54771
-1.01414
-0.180382
-0.96818
0.603915
0.239427
0.556277
-0.677289
-0.892887
0.72398
-0.319353
1.92316
-0.449894
0.590946
0.28248
1.28058
-0.20723
0.638013
-1.92243
-0.792684
-0.459003
-0.278156
0.49401
-10.2316
-4.88183
0.339126
0.392142
0.813795
0.245292
5.43081
5.17976
0.612572
-0.873412
0.938854
-1.23003
-0.699158
-1.64174
-0.0921294
0.677536
4.8685
-1.41384
2.47313
0.950394
0.0472175
1.81778
0.62907
-1.74453
-5.48146
1.38753
-1.00966
0.746742
-0.604753
10.0476
-1.1699
0.728886
1.17945
-0.177387
-0.974996
-1.76626
17.2566
0.31488
-0.0524697
-1.5073
-2.5015
5.37172
1.23247
-3.83957
35.2812
-1.23201
-3.7482
-5.99932
0.312181
-0.394137
3.85231
-2.46272
0.175263
-1.16547
-0.259697
-6.77127
0.205605
3.71799
-1.16059
1.15334
-0.687569
2.37547
-0.468068
-0.313922
0.197884
0.201228
-16.5568
2.43202
0.26554
0.223442
1.20722
-1.65961
1.30304
1.77228
0.946573
-0.718634
-0.230085
-1.3392
0.201949
-1.03455
0.779056
5.27769
-6.10154
-2.30242
1.56113
-2.53721
0.691813
4.05841
-8.32708
2.46332
-0.0216643
-0.888823
0.304709
1.48104
0.658207
0.21095
-0.820799
-2.90933
-0.355738
1.08355
-2098.61
-0.491361
-0.166354
-0.861357
0.281551
5.52118
-0.99682
6.60934
2.63673
-1.40089
-0.412158
-4.71903
-0.310829
0.288981
32.3334
2.83624
-0.863875
-0.67141
-1.60772
-9.36002
-0.188642
2.42532
0.00614345
4.6757
2.75968
-1.01081
2.01635
-6.82147
1.52323
-0.107871
0.11303
-1.78924
-0.466084
10.0507
-4.82918
-1.00346
-2.86054
-3.76061
0.356089
0.511824
0.0518988
-1.38186
-0.0141874
-14.1501
-2.54523
1.94869
0.0233297
0.204289
-1.00689
-0.834204
-0.835268
0.673314
0.0380706
3.90877
-0.240988
-0.0437294
-0.823624
-0.703713
-0.61559
-194.823
0.731047
0.699963
-2.0888
-0.824748
4.09489
4.76708
-0.160938
-1.81353
-0.809557
1.75362
-4.6134
1.12125
-33.0005
1.00699
3.41248
-0.945266
0.897593
-1.13174
0.280841
0.615321
0.084105
-0.656695
3.99789
0.405692
-0.926805
-0.227151
-2.74889
-0.445624
0.383174
-10.4434
0.185599
2.32832
-6.44573
0.547321
0.22922
185.51
3.22784
0.282513
-1.03053
-0.015175
0.639369
1.38948
-0.915177
-0.122431
-2.36032
0.294383
-15.3661
0.232154
26.9236
1.30278
-0.353723
0.140969
0.757371
-1.14076
1.72107
1.63479
0.485023
-0.644218
0.515039
-0.202096
1.06394
40.9905
-0.864946
0.194142
-2.6304
0.632284
0.0800141
-1.33775
-0.198058
-0.756916
-0.775181
0.190836
-0.594199
0.333716
-0.252826
9.31432
-4.76206
-0.927544
1.47723
-4.39689
4.13702
0.736954
-4.32495
0.62899
-0.527497
-0.310371
1.03463
2.56228
1.21331
1.0708
-0.423517
2.52304
0.221303
0.430282
-0.659801
2.87705
0.181216
-1.17674
-146.753
-6.48582
-0.889514
-1.31301
-0.678898
0.134963
0.030294
-1.37914
-0.976343
-0.0881861
0.991934
-0.12422
-0.659342
0.37823
66.2083
-0.893504
1.3945
-4.98482
0.515672
-1.37425
-1.07886
-1.00226
18.9709
-0.303679
0.829917
-7.07256
1.7836
0.0828913
-0.708732
-3.73418
0.818154
24.6829
0.90436
-137.208
0.0815163
0.396163
-6.41889
7.1635
-2.55387
-0.852595
56.5656
-18.2879
-0.51417
0.0275209
0.751776
2.35098
-0.840115
1.62986
0.694727
1.12593
7.10674
18.6554
0.0171088
-0.62088
-9.5176
2.19126
1.83341
-0.569265
1.15687
8.68752
-0.146012
0.780203
0.757736
7.71813
-0.339102
-0.253906
-0.617682
-2.29948
-0.651871
-1.21709
6.85695
-0.481542
-0.478058
-3.40287
7.3383
1.41047
1.63983
0.439243
1.147
3.4086
-0.928064
1.84289
0.538716
1.0347
1.43262
-1.0827
-0.365952
-2.72651
-8.58257
37.0866
-1.09248
0.0800964
12.5625
1.82348
-2.79997
0.648227
11.6629
-1.00672
0.170344
0.336885
-4.16489
-0.941493
1.00062
3.98021
1.0353
1.91414
-2.19578
-3.84882
0.238993
-2.2873
0.238515
-4.10496
3.53877
1.9518
-1.02918
-0.16235
1.03671
-24.9564
0.493995
0.435627
-2.0033
-0.424324
-0.103207
0.0187187
-1.20426
-0.657654
-64.0977
2.10494
1.25939
-0.759787
-0.706397
-0.480449
-10.6658
-0.664838
0.686617
-3.55357
2.99733
0.983457
6.19801
1.64578
1.58884
2.15492
1.3488
0.151222
0.641042
-0.584589
0.641207
0.603138
0.0880045
-0.127351
-0.731327
-0.301915
-2.81316
0.426051
1.65738
2.57008
-0.160656
127.163
-2.23682
3.30636
0.182503
-1.52442
-0.359117
26.8347
-1.2459
0.973728
3.01119
1.27333
-2.62485
-0.483577
-2.21545
-3.23385
-0.191118
199.207
-4.21131
2.07525
-0.200891
4.73186
4.45119
0.408575
-1.73948
1.12811
-3.01922
1.65403
0.210741
-3.64906
-0.376478
-0.392444
1.01348
-4.3093
1.02817
-2.68321
-5.52678
-0.290564
-0.796756
-0.237215
1.66514
0.397061
1.06016
3.35082
0.974682
1.09214
0.309611
0.839915
3.57977
-0.527361
1.9391
-4.27639
-3.11844
-0.777733
0.644986
1.9584
0.098761
-0.601978
-5.44383
1.86408
-1.73085
7.98049
1.69003
-0.481183
-3.14866
-15.7979
1.48267
-0.353171
0.191486
-0.67415
0.918575
-0.298102
-7.31361
0.320468
0.385154
-10.3787
0.707047
-0.159124
0.237668
-1.47631
0.755874
5.72036
7.61904
-0.167413
0.555095
548.712
-0.576568
-4.92385
0.333945
1.63397
1.10302
0.391534
-1.55929
3.33472
1.64637
-0.244651
1.06155
14.0217
-1.00549
11.663
0.312173
-1.22713
0.403448
-17.6479
-2.74162
0.732353
0.422667
-0.644835
0.724012
1.482
74.1089
-0.0667666
-5.94054
0.287252
0.125061
-14.9581
1.14751
-0.0768482
0.00199593
-0.947924
0.894181
-0.160409
-1.10844
0.0541414
0.121615
-2.06223
-0.574728
0.561617
-209.909
-1.19703
-0.901711
-0.400755
1.24156
-0.49189
-11.5377
-0.0122123
46.6599
-2.0696
0.3778
0.51682
1.5322
1.37669
0.626309
-0.522584
6.70949
0.437589
-0.0501929
1.33577
0.257217
-1.77794
-0.653116
0.0405023
-0.608722
-4.43078
0.247055
-2.24575
-3.11281
0.818463
-1.39822
-0.425599
1.31308
0.74585
-1.03036
1.42619
0.710048
-0.0544373
-0.0517075
9.02171
6.80915
-0.620613
0.731157
-0.8757
6.54362
-0.992441
-0.624522
0.268985
-1.40275
8.83099
5.48488
-1.19584
-1.21841
-11.7882
1.05973
2.36503
-12.2255
-0.268453
-3.04856
-0.944303
-3.80067
3.76239
-254.171
13.8265
-1.13452
4.2377
1.58114
-3.7493
-2.61979
47.4636
2.37211
1.25209
-1.76202
0.1105
0.0142217
-0.434376
0.13413
-0.362141
0.919259
-1.27608
2.17507
-0.130652
3.38099
-28.12
5.1343
0.114743
-0.314488
1.21055
0.827877
0.257715
0.440566
-0.957317
2.07068
2.30354
-3.06773
-1.0853
0.707852
-1.45962
0.0767549
81.9001
-1.62652
-1.38062
0.58973
3.68421
-0.166657
-1.12982
-8.68164
-3.20617
0.913768
-26.2687
0.0520613
0.102907
-1.90646
1.82881
-0.683758
2.876
-0.513691
1.1076
3.39823
-1.89191
4.0122
2.25776
5.21906
1.69167
-0.696963
5.16134
-0.900899
1.91069
-1.05484
1.99878
171.016
6.03129
0.853172
4.24351
-7.01604
-6.95757
0.0658404
0.843148
1.61695
-0.0649699
5.42124
0.234783
-20.8639
0.436019
-1.12018
1.20568
-0.448722
1.01046
-0.632632
0.975718
-0.882542
-0.770193
0.864044
1.21734
1.21398
-1.92581
-2.19806
-0.362676
0.298826
0.749909
3.15513
-0.519249
-20.4168
-0.445136
-0.165058
0.744546
-0.373605
-0.725324
-0.515147
-1.12453
0.0726771
2.26879
8.22638
0.341016
15.8059
-0.58018
7.25725
0.485883
1.02954
0.322026
13.1824
-0.954171
-0.0960154
0.558904
6.77482
-0.587969
-1.7255
-3.20344
0.636428
-0.552068
3.81883
0.380516
0.291585
0.25536
-1.0911
0.414005
-0.324366
1.14338
-0.3346
0.265008
