#     BLOCK:  ACTUAL_PE:     PE_AVE:      ERROR:
           1    -14.1239    -14.1239           0
           2     -14.231    -14.1775    0.037869
           3    -14.4025    -14.2525   0.0662497
           4    -14.6373    -14.3487   0.0969986
           5    -14.9354     -14.466    0.130527
           6    -15.2953    -14.6042     0.16658
           7    -15.7123    -14.7625    0.204607
           8    -16.1773    -14.9394    0.243754
           9    -16.6713    -15.1318    0.282602
          10    -17.1622    -15.3349    0.319047
          11    -17.5903    -15.5399     0.34978
          12     -17.855    -15.7328    0.370031
          13    -17.7934    -15.8913    0.373978
          14    -17.1759    -15.9831    0.358345
          15    -15.7838    -15.9698    0.334701
          16    -13.6882    -15.8272    0.342817
          17    -11.6322    -15.5804    0.401766
          18    -10.8044    -15.3151    0.458771
          19    -11.6636    -15.1229     0.47317
          20    -13.4123    -15.0374    0.457177
          21    -14.9859    -15.0349    0.435413
          22    -15.9199    -15.0752    0.417475
          23    -16.2354    -15.1256    0.402361
          24    -16.1188     -15.167    0.387718
          25    -16.0132    -15.2008    0.373684
          26    -16.4293    -15.2481    0.362286
          27    -17.2012    -15.3204    0.356017
          28    -17.8265    -15.4099    0.354374
          29    -18.2028    -15.5062    0.354999
          30    -18.3959    -15.6026    0.355994
          31    -18.3189    -15.6902     0.35513
          32    -17.9227    -15.7599    0.350819
          33    -17.3699    -15.8087    0.343563
          34    -16.9099    -15.8411    0.334981
          35    -16.6678    -15.8647    0.326242
          36    -16.6077    -15.8854    0.317832
          37    -16.6108     -15.905    0.309846
          38     -16.584    -15.9229    0.302207
          39    -16.5441    -15.9388    0.294878
          40    -16.5432    -15.9539    0.287892
          41     -16.568    -15.9689     0.28126
          42    -16.6016    -15.9839    0.274967
          43    -16.6613    -15.9997    0.269023
          44    -16.7157     -16.016      0.2634
          45    -16.6192    -16.0294    0.257888
          46    -16.2372    -16.0339    0.252321
          47    -15.7025    -16.0268    0.247051
          48    -15.3596    -16.0129    0.242295
          49    -15.1655    -15.9956    0.237967
          50    -14.9117     -15.974    0.234193
          51    -14.6591    -15.9482    0.231016
          52     -14.559    -15.9215    0.228112
          53    -14.6502    -15.8975    0.225066
          54    -14.8489    -15.8781    0.221734
          55    -15.0679    -15.8633    0.218191
          56    -15.2504    -15.8524    0.214569
          57    -15.3457    -15.8435    0.210989
          58     -15.324    -15.8345    0.207541
          59    -15.1924    -15.8237    0.204309
          60    -14.9881    -15.8097    0.201378
          61    -14.7762    -15.7928    0.198788
          62    -14.6197    -15.7739     0.19648
          63    -14.5351    -15.7542    0.194343
          64    -14.5193    -15.7349    0.192262
          65     -14.562    -15.7169    0.190149
          66    -14.5957    -15.6999    0.188025
          67    -14.5246    -15.6823    0.186035
          68    -14.2812    -15.6617    0.184437
          69    -13.8643    -15.6357    0.183594
          70    -13.3946    -15.6037    0.183742
          71     -13.062    -15.5679    0.184608
          72    -12.9271    -15.5312    0.185652
          73    -12.8736    -15.4948    0.186644
          74    -12.7909    -15.4582    0.187664
          75    -12.7412     -15.422    0.188627
          76    -12.8288    -15.3879    0.189206
          77    -13.0201    -15.3571    0.189231
          78    -13.2377      -15.33    0.188746
          79    -13.3939    -15.3055    0.187941
          80    -13.3565    -15.2811    0.187164
          81    -13.0377    -15.2534    0.186891
          82    -12.6481    -15.2216    0.187293
          83    -12.6099    -15.1902    0.187661
          84    -12.7982    -15.1617    0.187575
          85    -12.8745    -15.1348    0.187289
          86    -12.8161    -15.1078    0.187041
          87    -12.6965    -15.0801    0.186934
          88    -12.5678    -15.0516    0.186977
          89    -12.4643    -15.0225    0.187122
          90    -12.3629    -14.9929    0.187362
          91    -12.2062    -14.9623    0.187789
          92     -11.989      -14.93    0.188508
          93      -11.77     -14.896    0.189519
          94    -11.6105    -14.8611    0.190698
          95    -11.5383    -14.8261    0.191872
          96    -11.5536     -14.792    0.192878
          97    -11.6217    -14.7593    0.193639
          98    -11.6847    -14.7279    0.194188
          99     -11.702    -14.6974    0.194617
         100     -11.667    -14.6671    0.195016
         101    -11.5983    -14.6367    0.195437
         102    -11.5186    -14.6061    0.195897
         103    -11.4361    -14.5753    0.196398
         104    -11.3457    -14.5443     0.19695
         105    -11.2455    -14.5129    0.197564
         106    -11.1472    -14.4811    0.198235
         107     -11.067    -14.4492    0.198934
         108    -11.0061    -14.4173     0.19963
         109    -10.9489    -14.3855    0.200318
         110    -10.8807    -14.3536    0.201015
         111    -10.8018    -14.3216    0.201735
         112    -10.7257    -14.2895    0.202473
         113    -10.6681    -14.2575    0.203201
         114    -10.6341    -14.2257    0.203889
         115    -10.6084    -14.1943    0.204528
         116    -10.5587    -14.1629    0.205152
         117    -10.4548    -14.1312    0.205833
         118    -10.3021    -14.0988     0.20663
         119    -10.1684    -14.0657    0.207517
         120    -10.1309     -14.033    0.208362
         121    -10.1717     -14.001    0.209069
         122    -10.2037    -13.9699     0.20966
         123    -10.1797    -13.9391    0.210207
         124    -10.1096    -13.9082    0.210769
         125    -10.0193    -13.8771    0.211366
         126    -9.92063    -13.8457    0.212008
         127    -9.80629    -13.8139    0.212711
         128     -9.6653    -13.7815    0.213505
         129    -9.51116    -13.7484      0.2144
         130    -9.39283    -13.7149    0.215353
         131    -9.35785    -13.6816    0.216262
         132    -9.40088    -13.6492    0.217042
         133    -9.46553    -13.6177    0.217677
         134    -9.48951    -13.5869    0.218222
         135    -9.43713    -13.5562     0.21876
         136    -9.30639    -13.5249    0.219372
         137    -9.12955    -13.4929    0.220104
         138      -8.967    -13.4601    0.220939
         139    -8.87738    -13.4271    0.221796
         140    -8.87439    -13.3946    0.222583
         141    -8.91846    -13.3628    0.223257
         142    -8.95299    -13.3318    0.223834
         143    -8.94474    -13.3011    0.224361
         144    -8.88922    -13.2705    0.224885
         145    -8.79058    -13.2396    0.225447
         146    -8.64686    -13.2081    0.226086
         147    -8.46934    -13.1759    0.226835
         148    -8.31524     -13.143    0.227667
         149    -8.23635    -13.1101    0.228509
         150    -8.19231    -13.0773    0.229325
         151    -8.11603    -13.0445    0.230148
         152    -8.01649    -13.0114    0.230999
         153    -7.95327    -12.9783    0.231843
         154    -7.96698    -12.9458     0.23261
         155    -8.04722    -12.9142    0.233246
         156    -8.14906    -12.8836    0.233742
         157    -8.22854     -12.854    0.234127
         158    -8.26252    -12.8249    0.234441
         159     -8.2485    -12.7961    0.234727
         160    -8.19772    -12.7674    0.235013
         161    -8.12734    -12.7386    0.235314
         162    -8.04539    -12.7096    0.235638
         163    -7.94317    -12.6804    0.235999
         164     -7.8087    -12.6507    0.236423
         165     -7.6579    -12.6204    0.236918
         166    -7.54751    -12.5898    0.237454
         167    -7.53251    -12.5596    0.237955
         168    -7.60137      -12.53    0.238362
         169    -7.68644    -12.5014    0.238668
         170    -7.72875    -12.4733     0.23891
         171     -7.7052    -12.4454    0.239134
         172    -7.61506    -12.4173    0.239387
         173    -7.46914    -12.3887    0.239706
         174    -7.30117    -12.3595    0.240105
         175    -7.17984    -12.3299    0.240551
         176    -7.16142    -12.3005     0.24097
         177    -7.22486    -12.2719    0.241308
         178     -7.3094     -12.244    0.241558
         179    -7.37968    -12.2168    0.241732
         180    -7.42465    -12.1902    0.241851
         181    -7.43739    -12.1639    0.241936
         182    -7.41466    -12.1378     0.24201
         183    -7.36157    -12.1117    0.242091
         184     -7.2912    -12.0855    0.242188
         185    -7.21902    -12.0592    0.242304
         186    -7.15656    -12.0329     0.24243
         187    -7.10761    -12.0065     0.24256
         188    -7.06842    -11.9803    0.242688
         189    -7.03161    -11.9541    0.242812
         190    -6.99106     -11.928    0.242935
         191    -6.94487    -11.9019     0.24306
         192    -6.89591    -11.8758    0.243189
         193    -6.84837    -11.8497     0.24332
         194    -6.80273    -11.8237    0.243452
         195    -6.75439    -11.7977    0.243588
         196    -6.70154    -11.7717    0.243729
         197    -6.64864    -11.7457    0.243875
         198    -6.60071    -11.7197    0.244024
         199    -6.55713    -11.6938    0.244173
         200     -6.5152    -11.6679    0.244321
         201    -6.47351    -11.6421    0.244468
         202    -6.43145    -11.6163    0.244615
         203    -6.38474    -11.5905    0.244764
         204    -6.32144    -11.5647    0.244923
         205    -6.22071    -11.5386    0.245112
         206    -6.06713     -11.512    0.245357
         207    -5.88756    -11.4849    0.245671
         208    -5.75976    -11.4573    0.246027
         209    -5.72358    -11.4299    0.246375
         210    -5.72882    -11.4028    0.246693
         211    -5.72404    -11.3758    0.246987
         212    -5.71082    -11.3491    0.247264
         213    -5.71142    -11.3227    0.247515
         214    -5.73522    -11.2965    0.247732
         215    -5.77387    -11.2709    0.247908
         216    -5.81131    -11.2456    0.248045
         217    -5.83532    -11.2207    0.248152
         218    -5.84218     -11.196    0.248237
         219    -5.83459    -11.1715    0.248308
         220     -5.8175    -11.1472    0.248369
         221    -5.79602    -11.1229    0.248423
         222    -5.77311    -11.0988     0.24847
         223    -5.75012    -11.0749    0.248511
         224    -5.72688     -11.051    0.248545
         225    -5.70156    -11.0272    0.248575
         226    -5.67123    -11.0035    0.248603
         227    -5.63194    -10.9799    0.248631
         228    -5.57947    -10.9562    0.248666
         229    -5.51158    -10.9324    0.248714
         230    -5.43247    -10.9085     0.24878
         231    -5.35763    -10.8844    0.248861
         232    -5.30824    -10.8604    0.248946
         233    -5.29532    -10.8365    0.249021
         234    -5.30846    -10.8129    0.249075
         235    -5.32657    -10.7896    0.249106
         236    -5.33531    -10.7664    0.249121
         237    -5.33346    -10.7435    0.249122
         238    -5.32786    -10.7208    0.249112
         239    -5.32607    -10.6982    0.249091
         240    -5.33233    -10.6758    0.249054
         241    -5.34668    -10.6537       0.249
         242      -5.366    -10.6319    0.248928
         243    -5.38676    -10.6103    0.248838
         244     -5.4054     -10.589    0.248731
         245    -5.41939    -10.5679    0.248609
         246    -5.42585     -10.547    0.248475
         247    -5.42099    -10.5262    0.248335
         248    -5.39992    -10.5055    0.248192
         249    -5.36023    -10.4849    0.248054
         250    -5.30996    -10.4642    0.247924
         251    -5.27509    -10.4435    0.247797
         252    -5.28504     -10.423    0.247657
         253    -5.33624    -10.4029    0.247493
         254    -5.38311    -10.3832    0.247307
         255     -5.3708    -10.3635    0.247117
         256    -5.26604    -10.3436    0.246952
         257    -5.07803    -10.3231     0.24684
         258    -4.87908     -10.302    0.246783
         259    -4.78515    -10.2807    0.246748
         260     -4.8651    -10.2599    0.246677
         261    -5.07272      -10.24    0.246531
         262    -5.29967    -10.2211     0.24631
         263    -5.47032    -10.2031    0.246035
         264     -5.5693    -10.1855    0.245728
         265    -5.61367    -10.1683    0.245406
         266    -5.62622    -10.1512    0.245077
         267    -5.62456    -10.1342    0.244745
         268    -5.61985    -10.1174     0.24441
         269    -5.61841    -10.1007    0.244073
         270     -5.6227    -10.0841    0.243732
         271    -5.63249    -10.0677    0.243386
         272    -5.64587    -10.0514    0.243033
         273    -5.65969    -10.0353    0.242675
         274    -5.66982    -10.0194    0.242312
         275    -5.67112    -10.0036    0.241946
         276    -5.65739    -9.98783    0.241581
         277    -5.62128    -9.97206    0.241223
         278    -5.55582    -9.95618    0.240877
         279    -5.45855    -9.94006    0.240553
         280    -5.33902    -9.92362    0.240254
         281      -5.223     -9.9069    0.239981
         282    -5.14506    -9.89001    0.239723
         283    -5.12713    -9.87318    0.239466
         284    -5.16244    -9.85659    0.239197
         285    -5.22612    -9.84034    0.238909
         286    -5.29599    -9.82446    0.238601
         287     -5.3614     -9.8089    0.238276
         288     -5.4192    -9.79366    0.237936
         289    -5.46887     -9.7787    0.237583
         290    -5.51022    -9.76398    0.237219
         291    -5.54106    -9.74947    0.236847
         292    -5.55808    -9.73511    0.236471
         293    -5.55649    -9.72085    0.236093
         294    -5.53116     -9.7066     0.23572
         295    -5.47822    -9.69227    0.235356
         296    -5.39812    -9.67776    0.235008
         297    -5.29991    -9.66302    0.234678
         298    -5.20287    -9.64805    0.234368
         299    -5.12796    -9.63294    0.234071
         300    -5.08339    -9.61777    0.233781
         301    -5.06208    -9.60264    0.233494
         302    -5.05184    -9.58757    0.233207
         303    -5.04392    -9.57257    0.232919
         304    -5.03485    -9.55764     0.23263
         305    -5.02642    -9.54279    0.232341
         306    -5.02611    -9.52803     0.23205
         307     -5.0404    -9.51341    0.231755
         308    -5.06805    -9.49898    0.231451
         309    -5.09891    -9.48474     0.23114
         310    -5.12174    -9.47066    0.230822
         311     -5.1308    -9.45671    0.230501
         312    -5.12579    -9.44283     0.23018
         313    -5.10959    -9.42898    0.229861
         314    -5.08737    -9.41516    0.229544
         315    -5.06854    -9.40136     0.22923
         316     -5.0656    -9.38764    0.228915
         317    -5.08685    -9.37407    0.228594
         318    -5.12847    -9.36072    0.228265
         319    -5.17764    -9.34761    0.227926
         320      -5.223    -9.33472    0.227578
         321    -5.25996    -9.32202    0.227222
         322     -5.2879    -9.30949    0.226862
         323    -5.30573     -9.2971    0.226498
         324    -5.30994    -9.28479    0.226133
         325    -5.29459    -9.27251     0.22577
         326    -5.25231    -9.26018    0.225414
         327    -5.17535    -9.24769    0.225071
         328    -5.06002    -9.23492    0.224746
         329    -4.91959    -9.22181    0.224446
         330    -4.79631     -9.2084    0.224166
         331    -4.74418    -9.19491    0.223894
         332    -4.78172    -9.18162    0.223614
         333     -4.8824    -9.16871    0.223315
         334    -5.01129    -9.15626    0.222993
         335    -5.14193    -9.14428    0.222649
         336    -5.25266    -9.13269    0.222287
         337    -5.32868    -9.12141    0.221914
         338    -5.37009    -9.11031    0.221535
         339    -5.39293    -9.09934    0.221152
         340    -5.41941    -9.08852    0.220767
         341    -5.46157    -9.07788    0.220375
         342    -5.51395    -9.06746    0.219977
         343    -5.56254    -9.05724    0.219573
         344    -5.59735    -9.04718    0.219165
         345    -5.61529    -9.03724    0.218755
         346    -5.61816    -9.02736    0.218346
         347    -5.60759     -9.0175    0.217939
         348    -5.58387    -9.00763    0.217536
         349    -5.54578    -8.99771    0.217139
         350    -5.49304     -8.9877    0.216749
         351    -5.42951    -8.97756    0.216369
         352    -5.36438     -8.9673    0.215997
         353    -5.30849    -8.95693    0.215634
         354    -5.26787    -8.94651    0.215277
         355    -5.24376    -8.93608    0.214923
         356    -5.23716    -8.92569     0.21457
         357    -5.24996     -8.9154    0.214216
         358     -5.2819    -8.90525    0.213858
         359    -5.32853    -8.89528    0.213494
         360    -5.38157    -8.88552    0.213124
         361    -5.43009    -8.87595    0.212749
         362    -5.46723    -8.86654    0.212369
         363    -5.49399    -8.85724    0.211987
         364    -5.51633    -8.84807    0.211603
         365    -5.53789      -8.839    0.211218
         366    -5.55734    -8.83003    0.210831
         367     -5.5696    -8.82115    0.210444
         368    -5.56926    -8.81231    0.210057
         369    -5.55178    -8.80347    0.209674
         370    -5.51331    -8.79458    0.209296
         371    -5.45031    -8.78557    0.208925
         372    -5.36097    -8.77636    0.208567
         373    -5.24835     -8.7669    0.208222
         374    -5.12399    -8.75716    0.207893
         375    -5.00722    -8.74716    0.207579
         376    -4.91638    -8.73697    0.207276
         377    -4.86425     -8.7267    0.206981
         378    -4.86472    -8.71649    0.206686
         379     -4.9276    -8.70649    0.206382
         380    -5.03663    -8.69683    0.206065
         381    -5.15052    -8.68752    0.205734
         382    -5.23469    -8.67848    0.205394
         383    -5.27928    -8.66961    0.205049
         384    -5.29122    -8.66081    0.204704
         385    -5.28251    -8.65204     0.20436
         386    -5.26401    -8.64326    0.204019
         387    -5.24367    -8.63447    0.203681
         388    -5.22601    -8.62569    0.203345
         389    -5.21267    -8.61692    0.203012
         390    -5.20328    -8.60816     0.20268
         391    -5.19654    -8.59944    0.202349
         392     -5.1907    -8.59074     0.20202
         393    -5.18322    -8.58207    0.201692
         394     -5.1709    -8.57341    0.201365
         395    -5.14928    -8.56474    0.201042
         396    -5.11235    -8.55603    0.200723
         397    -5.05407    -8.54721    0.200412
         398    -4.97135    -8.53822    0.200109
         399    -4.87344    -8.52904    0.199818
         400    -4.78886    -8.51969    0.199538
         401    -4.75232    -8.51029    0.199261
         402    -4.76493    -8.50097    0.198983
         403    -4.78759    -8.49176    0.198703
         404    -4.79794    -8.48262    0.198421
         405    -4.82347    -8.47358    0.198137
         406    -4.89461    -8.46477    0.197845
         407    -4.99396    -8.45624    0.197542
         408    -5.08316    -8.44797    0.197231
         409    -5.14593     -8.4399    0.196914
         410    -5.18826    -8.43197    0.196593
         411    -5.21894    -8.42415     0.19627
         412    -5.24002    -8.41642    0.195946
         413    -5.24929    -8.40875    0.195622
         414    -5.24455    -8.40111    0.195298
         415    -5.22675    -8.39346    0.194977
         416    -5.20131    -8.38579     0.19466
         417    -5.17697    -8.37809    0.194345
         418    -5.15908    -8.37039    0.194032
         419    -5.14251    -8.36269    0.193722
         420    -5.11374    -8.35495    0.193415
         421    -5.06361    -8.34713    0.193114
         422    -4.99898     -8.3392    0.192819
         423    -4.94309    -8.33117     0.19253
         424    -4.92232    -8.32313    0.192244
         425    -4.94736    -8.31519    0.191956
         426    -5.00366    -8.30741    0.191663
         427    -5.06064    -8.29981    0.191364
         428    -5.09492    -8.29232    0.191064
         429    -5.10457    -8.28489    0.190763
         430    -5.09957    -8.27748    0.190463
         431    -5.07698    -8.27006    0.190166
         432    -5.01821    -8.26253    0.189875
         433    -4.92196    -8.25482    0.189593
         434    -4.82837    -8.24692     0.18932
         435    -4.79225    -8.23898    0.189051
         436    -4.83065    -8.23116    0.188779
         437    -4.91513    -8.22357      0.1885
         438    -5.01323    -8.21624    0.188212
         439    -5.11077    -8.20917    0.187916
         440    -5.19568    -8.20232    0.187614
         441    -5.24528    -8.19562    0.187308
         442     -5.2347    -8.18892    0.187004
         443     -5.1466    -8.18205    0.186708
         444    -4.97692    -8.17483    0.186427
         445    -4.75372    -8.16714    0.186167
         446    -4.56757    -8.15907    0.185924
         447    -4.54026    -8.15098    0.185684
         448    -4.69412    -8.14326     0.18543
         449    -4.92014    -8.13608    0.185156
         450    -5.10748    -8.12935    0.184867
         451    -5.22059     -8.1229    0.184569
         452    -5.27298     -8.1166    0.184269
         453    -5.28741    -8.11035    0.183968
         454    -5.27963    -8.10412    0.183668
         455     -5.2576    -8.09786    0.183371
         456    -5.22482    -8.09156    0.183077
         457    -5.18562     -8.0852    0.182787
         458    -5.14795    -8.07879      0.1825
         459    -5.12385    -8.07235    0.182216
         460    -5.12455    -8.06594    0.181933
         461    -5.15234    -8.05962    0.181648
         462    -5.19777    -8.05343     0.18136
         463    -5.24237    -8.04736     0.18107
         464    -5.26078    -8.04135    0.180779
         465    -5.22457    -8.03529    0.180492
         466    -5.11714    -8.02903    0.180213
         467    -4.97147    -8.02248    0.179946
         468    -4.87381    -8.01576    0.179688
         469    -4.87011    -8.00905     0.17943
         470    -4.91294    -8.00246    0.179169
         471    -4.94814    -7.99598    0.178906
         472    -4.96633    -7.98956    0.178642
         473    -4.98796    -7.98321    0.178377
         474    -5.04218    -7.97701    0.178108
         475    -5.13662    -7.97103    0.177834
         476    -5.23955    -7.96529    0.177553
         477    -5.29685    -7.95969    0.177268
         478     -5.2664    -7.95406    0.176987
         479    -5.14505     -7.9482    0.176715
         480    -4.98735    -7.94203    0.176454
         481    -4.88697    -7.93568    0.176202
         482    -4.89593    -7.92937    0.175949
         483    -4.98247    -7.92327     0.17569
         484    -5.08884    -7.91741    0.175425
         485    -5.18002    -7.91177    0.175154
         486    -5.24025    -7.90627     0.17488
         487    -5.26258    -7.90084    0.174605
         488     -5.2509    -7.89541    0.174332
         489    -5.22689    -7.88995     0.17406
         490    -5.22545    -7.88452     0.17379
         491    -5.26877    -7.87919    0.173518
         492    -5.34534    -7.87404    0.173242
         493    -5.42002    -7.86906    0.172962
         494    -5.46062    -7.86419     0.17268
         495    -5.45016    -7.85931      0.1724
         496    -5.38794    -7.85433    0.172125
         497    -5.29161    -7.84917    0.171856
         498    -5.19993    -7.84385    0.171593
         499    -5.15816    -7.83847    0.171333
         500    -5.18326    -7.83316    0.171073
         501    -5.24859      -7.828    0.170809
         502    -5.30621    -7.82298    0.170543
         503    -5.31701    -7.81799    0.170277
         504     -5.2651    -7.81293    0.170014
         505    -5.16214    -7.80768    0.169758
         506    -5.04644    -7.80222    0.169511
         507    -4.97307    -7.79664    0.169268
         508    -4.98712    -7.79111    0.169025
         509    -5.07811    -7.78578    0.168777
         510    -5.17686    -7.78067    0.168524
         511    -5.21456    -7.77564    0.168269
         512    -5.18197    -7.77058    0.168016
         513    -5.14765    -7.76547    0.167767
         514    -5.19733    -7.76047    0.167514
         515    -5.33229    -7.75575    0.167256
         516    -5.47533    -7.75134     0.16699
         517     -5.5573    -7.74709    0.166721
         518    -5.56513    -7.74288    0.166452
         519    -5.54416    -7.73864    0.166185
         520     -5.5495    -7.73443    0.165919
         521    -5.57205    -7.73028    0.165652
         522    -5.55531    -7.72612    0.165387
         523    -5.47849    -7.72182    0.165127
         524    -5.37666    -7.71734    0.164873
         525    -5.28879    -7.71272    0.164623
         526     -5.2148    -7.70797    0.164379
         527    -5.14826    -7.70311    0.164139
         528    -5.12465    -7.69823    0.163901
         529    -5.18978    -7.69349    0.163659
         530    -5.32844    -7.68902    0.163411
         531    -5.47385    -7.68485    0.163157
         532    -5.57601    -7.68089    0.162898
         533    -5.63011    -7.67704    0.162638
         534    -5.66063    -7.67326    0.162377
         535    -5.69181    -7.66956    0.162116
         536    -5.72511    -7.66593    0.161854
         537    -5.73623    -7.66234    0.161593
         538    -5.69052    -7.65867    0.161334
         539    -5.55803    -7.65478    0.161082
         540     -5.3287    -7.65047    0.160841
         541     -5.0401    -7.64564    0.160616
         542    -4.79026    -7.64038    0.160406
         543    -4.67631    -7.63492    0.160203
         544     -4.7158    -7.62955    0.159999
         545    -4.86023    -7.62447    0.159786
         546    -5.04466    -7.61974    0.159563
         547    -5.21054    -7.61534    0.159332
         548    -5.32104    -7.61115    0.159096
         549    -5.36533    -7.60706    0.158859
         550    -5.35127    -7.60296    0.158623
         551     -5.2966    -7.59878    0.158391
         552     -5.2237    -7.59447    0.158162
         553    -5.15221    -7.59006    0.157938
         554      -5.091    -7.58555    0.157717
         555    -5.03309    -7.58095      0.1575
         556    -4.95929    -7.57623    0.157287
         557    -4.85329    -7.57134    0.157081
         558    -4.71976    -7.56623    0.156882
         559    -4.59464    -7.56092    0.156692
         560    -4.52434    -7.55549    0.156506
         561     -4.5204    -7.55008     0.15632
         562    -4.55013    -7.54475    0.156133
         563    -4.57889    -7.53948    0.155945
         564    -4.59338    -7.53425    0.155756
         565    -4.58689    -7.52904    0.155567
         566    -4.55089    -7.52378    0.155381
         567    -4.48848    -7.51842      0.1552
         568    -4.42828    -7.51298    0.155022
         569    -4.41301    -7.50753    0.154845
         570    -4.46322    -7.50219    0.154665
         571    -4.55842    -7.49704     0.15448
         572    -4.66176    -7.49208     0.15429
         573    -4.74879    -7.48729    0.154095
         574    -4.81248    -7.48263    0.153897
         575    -4.85498    -7.47806    0.153697
         576    -4.88007    -7.47355    0.153496
         577    -4.89009    -7.46908    0.153296
         578    -4.88569    -7.46461    0.153096
         579    -4.86597    -7.46012    0.152897
         580    -4.83104    -7.45559      0.1527
         581    -4.78275    -7.45099    0.152507
         582    -4.72783    -7.44631    0.152317
         583    -4.67796    -7.44156    0.152129
         584    -4.64719    -7.43677    0.151944
         585      -4.645      -7.432    0.151759
         586    -4.67223    -7.42729    0.151573
         587    -4.72323    -7.42268    0.151385
         588    -4.78978    -7.41821    0.151194
         589    -4.86225    -7.41387    0.150999
         590    -4.93152    -7.40966    0.150802
         591    -4.99109    -7.40557    0.150603
         592    -5.03797    -7.40157    0.150401
         593    -5.06905    -7.39763    0.150199
         594    -5.07892    -7.39373    0.149997
         595     -5.0584    -7.38981    0.149796
         596    -4.99818    -7.38579    0.149599
         597    -4.89541    -7.38162    0.149406
         598    -4.76323    -7.37724     0.14922
         599    -4.63532    -7.37267    0.149041
         600    -4.55724    -7.36797    0.148867
         601     -4.5593     -7.3633    0.148693
         602    -4.63255    -7.35876    0.148515
         603    -4.73271    -7.35441    0.148332
         604    -4.81201     -7.3502    0.148146
         605    -4.84772    -7.34606    0.147959
         606    -4.84539    -7.34194    0.147773
         607    -4.82248    -7.33779    0.147587
         608    -4.80102    -7.33361    0.147404
         609    -4.81246    -7.32947     0.14722
         610    -4.88665    -7.32547    0.147033
         611    -5.02002     -7.3217    0.146841
         612     -5.1714    -7.31818    0.146643
         613    -5.29592    -7.31488    0.146441
         614    -5.37083    -7.31172    0.146236
         615    -5.39324     -7.3086    0.146032
         616    -5.36886    -7.30545    0.145829
         617    -5.30753    -7.30221    0.145628
         618    -5.22727    -7.29885    0.145431
         619    -5.15596    -7.29539    0.145238
         620     -5.1201    -7.29188    0.145046
         621    -5.12479    -7.28839    0.144854
         622     -5.1522    -7.28496    0.144662
         623    -5.17994    -7.28158    0.144469
         624    -5.19379    -7.27823    0.144276
         625     -5.1873    -7.27489    0.144084
         626    -5.15786    -7.27151    0.143894
         627    -5.10659    -7.26805    0.143706
         628    -5.03823     -7.2645    0.143521
         629    -4.96274    -7.26084    0.143339
         630    -4.90289     -7.2571    0.143161
         631    -4.89791    -7.25336    0.142983
         632    -4.96746    -7.24975    0.142802
         633    -5.07331    -7.24631    0.142618
         634    -5.15403    -7.24301    0.142431
         635      -5.178    -7.23976    0.142244
         636     -5.1435    -7.23646    0.142058
         637    -5.05686    -7.23304    0.141877
         638    -4.92435    -7.22942      0.1417
         639    -4.77169    -7.22557    0.141531
         640    -4.67201    -7.22158    0.141366
         641    -4.70617    -7.21766      0.1412
         642    -4.85703    -7.21398    0.141028
         643    -5.02923    -7.21058    0.140849
         644    -5.16013     -7.2074    0.140667
         645    -5.24231    -7.20435    0.140482
         646    -5.28887    -7.20139    0.140295
         647    -5.31167    -7.19847    0.140109
         648    -5.31617    -7.19556    0.139923
         649    -5.30252    -7.19265    0.139738
         650    -5.26799    -7.18968    0.139554
         651    -5.20801    -7.18664    0.139373
         652    -5.11927    -7.18347    0.139195
         653     -5.0081    -7.18014    0.139022
         654    -4.89876    -7.17665    0.138853
         655    -4.82494    -7.17306    0.138687
         656     -4.8045    -7.16945    0.138523
         657    -4.83335    -7.16589    0.138358
         658    -4.90335    -7.16246     0.13819
         659    -5.00071    -7.15917    0.138019
         660    -5.09086    -7.15604    0.137846
         661    -5.13262    -7.15298    0.137671
         662    -5.10465    -7.14989    0.137498
         663     -5.0146    -7.14666    0.137329
         664    -4.89892    -7.14328    0.137163
         665    -4.81794    -7.13978    0.137002
         666    -4.82128     -7.1363     0.13684
         667     -4.9028    -7.13295    0.136676
         668      -5.012    -7.12978    0.136508
         669    -5.10508    -7.12675    0.136338
         670    -5.16606    -7.12383    0.136166
         671    -5.19634    -7.12095    0.135993
         672    -5.20178     -7.1181    0.135821
         673    -5.18669    -7.11523    0.135649
         674    -5.15211    -7.11231    0.135479
         675     -5.0959    -7.10933    0.135311
         676    -5.01469    -7.10623    0.135147
         677    -4.90699    -7.10298    0.134986
         678     -4.7794    -7.09955    0.134831
         679    -4.65129    -7.09595     0.13468
         680    -4.55395    -7.09221    0.134534
         681    -4.51238    -7.08842     0.13439
         682    -4.52012    -7.08465    0.134245
         683    -4.54098    -7.08093    0.134101
         684    -4.54177    -7.07722    0.133956
         685    -4.51598    -7.07348    0.133812
         686    -4.48028     -7.0697    0.133671
         687    -4.46037     -7.0659     0.13353
         688    -4.48105    -7.06214    0.133389
         689    -4.55959    -7.05851    0.133245
         690    -4.68747    -7.05508    0.133096
         691    -4.82447    -7.05185    0.132943
         692    -4.92949    -7.04878    0.132786
         693    -4.98595     -7.0458    0.132628
         694    -4.99728    -7.04285    0.132469
         695     -4.9726    -7.03987    0.132312
         696    -4.91928    -7.03683    0.132157
         697    -4.84089    -7.03368    0.132005
         698    -4.73999    -7.03039    0.131857
         699    -4.62409    -7.02695    0.131713
         700    -4.51196    -7.02335    0.131574
         701    -4.43112    -7.01966    0.131438
         702    -4.40265    -7.01593    0.131304
         703    -4.42551    -7.01224    0.131169
         704    -4.47873    -7.00865    0.131032
         705    -4.53266    -7.00513    0.130893
         706    -4.55974    -7.00167    0.130753
         707    -4.54402    -6.99819    0.130615
         708    -4.49409    -6.99466    0.130478
         709    -4.44761    -6.99106    0.130343
         710    -4.44554    -6.98748    0.130209
         711     -4.4898    -6.98397    0.130073
         712    -4.54524    -6.98054    0.129936
         713    -4.57891    -6.97717    0.129797
         714    -4.57757    -6.97381    0.129659
         715     -4.5379     -6.9704    0.129522
         716    -4.45565    -6.96689    0.129389
         717    -4.32646    -6.96321    0.129261
         718    -4.16542    -6.95931     0.12914
         719    -4.03995    -6.95525    0.129024
         720    -4.03533     -6.9512    0.128908
         721    -4.14135     -6.9473    0.128789
         722    -4.26104    -6.94358    0.128664
         723    -4.33168    -6.93997    0.128537
         724    -4.35453     -6.9364    0.128409
         725    -4.35568    -6.93284    0.128281
         726     -4.3561    -6.92929    0.128153
         727    -4.36111    -6.92575    0.128026
         728    -4.36272    -6.92223    0.127898
         729    -4.34922     -6.9187    0.127772
         730    -4.31097    -6.91513    0.127646
         731    -4.24182    -6.91147    0.127524
         732    -4.14545     -6.9077    0.127406
         733    -4.04967     -6.9038    0.127292
         734    -4.00104    -6.89984     0.12718
         735    -4.00728    -6.89591    0.127068
         736    -4.00488    -6.89198    0.126956
         737    -3.93329    -6.88796    0.126847
         738    -3.82724    -6.88382    0.126743
         739    -3.79069    -6.87963     0.12664
         740    -3.84733    -6.87553    0.126535
         741    -3.91773    -6.87154    0.126428
         742    -3.95143    -6.86761    0.126318
         743    -3.96223     -6.8637    0.126209
         744    -3.97702    -6.85982    0.126099
         745    -4.00334    -6.85598    0.125988
         746     -4.0312     -6.8522    0.125876
         747    -4.04786    -6.84844    0.125763
         748    -4.04642     -6.8447    0.125651
         749    -4.02762    -6.84093     0.12554
         750    -3.99739    -6.83714    0.125429
         751    -3.96493    -6.83332    0.125321
         752    -3.93848    -6.82947    0.125213
         753    -3.92183    -6.82561    0.125106
         754     -3.9122    -6.82174       0.125
         755    -3.90384    -6.81788    0.124894
         756    -3.89394    -6.81401    0.124789
         757    -3.88509    -6.81014    0.124684
         758    -3.88261    -6.80628    0.124579
         759    -3.88839    -6.80244    0.124475
         760    -3.89675    -6.79861     0.12437
         761    -3.89587     -6.7948    0.124265
         762     -3.8718    -6.79096    0.124161
         763    -3.81271    -6.78706    0.124059
         764    -3.71319    -6.78304    0.123962
         765     -3.5809    -6.77885    0.123871
         766    -3.44279    -6.77449    0.123786
         767    -3.34456    -6.77002    0.123705
         768    -3.33229    -6.76555    0.123625
         769    -3.41392    -6.76119    0.123541
         770    -3.54647    -6.75701    0.123451
         771    -3.67721    -6.75302    0.123355
         772    -3.77893    -6.74917    0.123256
         773    -3.84798    -6.74541    0.123153
         774    -3.89058    -6.74172     0.12305
         775    -3.91473    -6.73808    0.122945
         776    -3.92721    -6.73445     0.12284
         777    -3.93253    -6.73085    0.122735
         778    -3.93343    -6.72725     0.12263
         779     -3.9317    -6.72366    0.122525
         780    -3.92893    -6.72008     0.12242
         781    -3.92661     -6.7165    0.122315
         782    -3.92604    -6.71294    0.122211
         783    -3.92704    -6.70938    0.122107
         784    -3.92523    -6.70583    0.122003
         785    -3.90679    -6.70226    0.121899
         786    -3.84627    -6.69863    0.121798
         787    -3.72078    -6.69484    0.121702
         788    -3.56506    -6.69087    0.121613
         789    -3.50808    -6.68684    0.121525
         790    -3.61898    -6.68295    0.121434
         791    -3.77649    -6.67928    0.121336
         792    -3.84631     -6.6757    0.121235
         793    -3.80903    -6.67209    0.121136
         794     -3.7288    -6.66838     0.12104
         795    -3.70061    -6.66465    0.120946
         796    -3.77715    -6.66102    0.120848
         797    -3.92502    -6.65759    0.120745
         798    -4.07731    -6.65435    0.120637
         799    -4.19511    -6.65128    0.120525
         800    -4.27262     -6.6483    0.120411
         801    -4.31824    -6.64539    0.120296
         802    -4.34185    -6.64252    0.120181
         803     -4.3479    -6.63966    0.120065
         804    -4.33358     -6.6368     0.11995
         805     -4.2868    -6.63388    0.119836
         806    -4.19316    -6.63085    0.119726
         807    -4.06183    -6.62767     0.11962
         808    -3.96342    -6.62437    0.119517
         809    -3.98772    -6.62111    0.119414
         810     -4.1165    -6.61802    0.119307
         811    -4.24069    -6.61509    0.119195
         812    -4.29546    -6.61223    0.119083
         813     -4.2971    -6.60938     0.11897
         814    -4.29389    -6.60654    0.118858
         815    -4.30372    -6.60371    0.118746
         816    -4.30781     -6.6009    0.118634
         817    -4.30541    -6.59809    0.118522
         818    -4.31225    -6.59529     0.11841
         819    -4.30659     -6.5925    0.118298
         820    -4.25208    -6.58964    0.118188
         821    -4.16311    -6.58669    0.118081
         822    -4.09825    -6.58366    0.117977
         823    -4.10059    -6.58064    0.117872
         824    -4.16415    -6.57771    0.117765
         825    -4.25938     -6.5749    0.117656
         826    -4.36767    -6.57223    0.117544
         827    -4.47952     -6.5697    0.117429
         828    -4.57774    -6.56729    0.117312
         829    -4.64137    -6.56497    0.117193
         830     -4.6625    -6.56268    0.117075
         831    -4.65087    -6.56038    0.116956
         832    -4.62618    -6.55805    0.116839
         833    -4.60735    -6.55571    0.116722
         834    -4.60496    -6.55337    0.116606
         835    -4.61908    -6.55106    0.116489
         836    -4.64191    -6.54877    0.116372
         837    -4.66357    -6.54652    0.116255
         838    -4.67632    -6.54429    0.116137
         839    -4.67629    -6.54206     0.11602
         840    -4.66248    -6.53982    0.115904
         841    -4.63415    -6.53756    0.115788
         842    -4.59198    -6.53525    0.115674
         843    -4.54427    -6.53289     0.11556
         844    -4.51335    -6.53049    0.115448
         845      -4.522    -6.52812    0.115336
         846    -4.55934    -6.52579    0.115223
         847    -4.57393    -6.52348     0.11511
         848    -4.52199    -6.52112    0.114999
         849     -4.4364    -6.51867     0.11489
         850    -4.42729    -6.51621    0.114781
         851     -4.5392    -6.51388    0.114669
         852     -4.6764    -6.51173    0.114555
         853    -4.72907    -6.50964     0.11444
         854    -4.64555    -6.50746    0.114327
         855      -4.436    -6.50503    0.114219
         856    -4.22876    -6.50237    0.114116
         857    -4.19681    -6.49968    0.114015
         858    -4.30609    -6.49713     0.11391
         859    -4.40936     -6.4947    0.113804
         860    -4.46359    -6.49233    0.113696
         861    -4.48854    -6.49001    0.113588
         862    -4.49869     -6.4877    0.113479
         863    -4.49993    -6.48539    0.113371
         864    -4.49612    -6.48309    0.113263
         865    -4.48939    -6.48079    0.113156
         866    -4.47989    -6.47848    0.113049
         867    -4.46845    -6.47616    0.112942
         868    -4.45841    -6.47383    0.112836
         869    -4.45442    -6.47151     0.11273
         870    -4.45927     -6.4692    0.112624
         871    -4.47072     -6.4669    0.112518
         872    -4.48358    -6.46463    0.112412
         873      -4.493    -6.46237    0.112306
         874    -4.49747    -6.46012      0.1122
         875    -4.49764    -6.45788    0.112094
         876    -4.49566    -6.45564    0.111989
         877    -4.49276     -6.4534    0.111883
         878    -4.48819    -6.45116    0.111778
         879    -4.47859    -6.44892    0.111674
         880    -4.45933    -6.44666     0.11157
         881    -4.42752    -6.44436    0.111467
         882    -4.38624    -6.44203    0.111365
         883    -4.34597    -6.43966    0.111264
         884    -4.32052    -6.43726    0.111164
         885    -4.31703    -6.43486    0.111064
         886    -4.32954    -6.43249    0.110964
         887    -4.34611    -6.43014    0.110864
         888    -4.35751     -6.4278    0.110764
         889    -4.36172    -6.42548    0.110663
         890    -4.36223    -6.42316    0.110563
         891    -4.36344    -6.42085    0.110463
         892    -4.36668    -6.41854    0.110364
         893     -4.3691    -6.41625    0.110264
         894    -4.36899    -6.41396    0.110164
         895    -4.36909    -6.41167    0.110065
         896    -4.37392     -6.4094    0.109966
         897    -4.38531    -6.40714    0.109866
         898    -4.40212    -6.40491    0.109766
         899    -4.42295    -6.40271    0.109667
         900     -4.4462    -6.40053    0.109566
         901    -4.46774    -6.39839    0.109466
         902    -4.47934    -6.39626    0.109365
         903    -4.47081    -6.39413    0.109265
         904    -4.43485    -6.39196    0.109165
         905    -4.37611    -6.38973    0.109067
         906    -4.31926    -6.38745    0.108971
         907    -4.30151    -6.38515    0.108875
         908    -4.34047     -6.3829    0.108778
         909    -4.41707    -6.38073     0.10868
         910     -4.5008    -6.37867     0.10858
         911    -4.57396    -6.37669    0.108479
         912    -4.62665    -6.37477    0.108377
         913    -4.64583    -6.37287    0.108275
         914    -4.62044    -6.37096    0.108174
         915    -4.55307    -6.36897    0.108074
         916    -4.46426    -6.36689    0.107976
         917     -4.3835    -6.36473     0.10788
         918    -4.33788    -6.36252    0.107785
         919    -4.34126    -6.36032     0.10769
         920    -4.37797    -6.35817    0.107594
         921    -4.41469    -6.35606    0.107498
         922    -4.43562    -6.35397    0.107402
         923    -4.44572    -6.35191    0.107305
         924     -4.4523    -6.34985    0.107209
         925    -4.46276    -6.34781    0.107112
         926    -4.48874     -6.3458    0.107016
         927    -4.53412    -6.34385    0.106918
         928    -4.58139    -6.34195     0.10682
         929    -4.60198    -6.34007    0.106721
         930    -4.57301    -6.33817    0.106623
         931     -4.4853    -6.33618    0.106527
         932    -4.34897    -6.33405    0.106434
         933    -4.20459    -6.33177    0.106345
         934    -4.11939     -6.3294    0.106257
         935    -4.14294    -6.32706    0.106169
         936     -4.2587    -6.32485    0.106079
         937    -4.40488     -6.3228    0.105985
         938    -4.53211     -6.3209     0.10589
         939    -4.62308    -6.31909    0.105792
         940    -4.67959    -6.31734    0.105694
         941    -4.70748    -6.31563    0.105596
         942    -4.70947    -6.31393    0.105497
         943    -4.68307     -6.3122      0.1054
         944    -4.61985     -6.3104    0.105303
         945    -4.50679     -6.3085    0.105209
         946    -4.33693    -6.30641    0.105118
         947    -4.13768    -6.30412    0.105032
         948     -3.9948    -6.30169     0.10495
         949    -3.98937    -6.29925    0.104868
         950    -4.09372    -6.29693    0.104783
         951    -4.21863    -6.29474    0.104695
         952    -4.31772    -6.29267    0.104606
         953    -4.38925    -6.29067    0.104515
         954    -4.43995    -6.28873    0.104424
         955    -4.47254    -6.28683    0.104332
         956    -4.48899    -6.28495     0.10424
         957    -4.49423    -6.28307    0.104148
         958     -4.4969    -6.28121    0.104055
         959    -4.50644    -6.27936    0.103963
         960    -4.52713    -6.27753    0.103871
         961    -4.55526    -6.27574    0.103779
         962    -4.58046    -6.27398    0.103686
         963    -4.59148    -6.27223    0.103593
         964    -4.57984    -6.27048      0.1035
         965    -4.54265    -6.26869    0.103408
         966    -4.48518    -6.26684    0.103318
         967    -4.42326    -6.26493    0.103228
         968    -4.37939    -6.26299     0.10314
         969    -4.37225    -6.26103    0.103052
         970      -4.405    -6.25912    0.102964
         971     -4.4637    -6.25727    0.102874
         972    -4.52758    -6.25549    0.102784
         973    -4.58113    -6.25377    0.102693
         974    -4.61804    -6.25209    0.102601
         975     -4.6387    -6.25044    0.102509
         976    -4.64668    -6.24879    0.102417
         977     -4.6478    -6.24716    0.102325
         978    -4.65004    -6.24552    0.102234
         979    -4.66404    -6.24391    0.102142
         980    -4.70003    -6.24233     0.10205
         981    -4.75999    -6.24082    0.101957
         982      -4.833    -6.23939    0.101864
         983    -4.90262    -6.23803    0.101769
         984    -4.95721    -6.23673    0.101674
         985    -4.99497    -6.23547    0.101578
         986    -5.02119    -6.23423    0.101483
         987    -5.04356    -6.23303    0.101387
         988    -5.06815    -6.23185    0.101292
         989    -5.09681     -6.2307    0.101196
         990    -5.12666    -6.22959      0.1011
         991    -5.15008     -6.2285    0.101003
         992    -5.15633    -6.22742    0.100907
         993    -5.13317    -6.22631    0.100812
         994    -5.06908    -6.22515    0.100717
         995    -4.95619    -6.22387    0.100624
         996    -4.79912    -6.22244    0.100533
         997    -4.63495    -6.22085    0.100445
         998    -4.54445    -6.21917    0.100358
         999    -4.59987    -6.21755    0.100271
        1000    -4.77335    -6.21611    0.100181
        1001    -4.96015    -6.21485    0.100089
        1002    -5.08594    -6.21373   0.0999952
        1003    -5.13847    -6.21265   0.0999012
        1004    -5.13486    -6.21158   0.0998075
        1005     -5.0985    -6.21047   0.0997143
        1006    -5.05115    -6.20932   0.0996219
        1007    -5.01178    -6.20813   0.0995301
        1008    -4.99306    -6.20692   0.0994386
        1009    -4.99692    -6.20573   0.0993473
        1010    -5.01404    -6.20455   0.0992559
        1011     -5.0302    -6.20338   0.0991646
        1012    -5.03504    -6.20223   0.0990733
        1013    -5.02695    -6.20107   0.0989823
        1014    -5.01099     -6.1999   0.0988916
        1015    -4.99262    -6.19871   0.0988013
        1016    -4.97277     -6.1975   0.0987115
        1017    -4.94727    -6.19627   0.0986221
        1018    -4.91269    -6.19501   0.0985332
        1019    -4.86933    -6.19371   0.0984451
        1020    -4.82052    -6.19236   0.0983578
        1021    -4.76846    -6.19097   0.0982714
        1022    -4.71301    -6.18952   0.0981859
        1023    -4.65381    -6.18802   0.0981014
        1024    -4.59174    -6.18646   0.0980179
        1025    -4.53019    -6.18485   0.0979356
        1026    -4.47174    -6.18318   0.0978544
        1027    -4.41811    -6.18146   0.0977742
        1028    -4.37282     -6.1797   0.0976949
        1029     -4.3481    -6.17792   0.0976162
        1030    -4.36735    -6.17616   0.0975373
        1031    -4.44445    -6.17448   0.0974571
        1032    -4.56392    -6.17292   0.0973752
        1033    -4.69443    -6.17149   0.0972914
        1034    -4.81253    -6.17017   0.0972062
        1035    -4.90681    -6.16895     0.09712
        1036    -4.97232     -6.1678   0.0970331
        1037     -5.0067    -6.16668    0.096946
        1038    -5.00829    -6.16556    0.096859
        1039    -4.97634    -6.16442   0.0967725
        1040    -4.91351    -6.16322    0.096687
        1041    -4.82881    -6.16193   0.0966026
        1042    -4.74033    -6.16057   0.0965195
        1043    -4.67268    -6.15914   0.0964375
        1044    -4.64647    -6.15769    0.096356
        1045      -4.666    -6.15627   0.0962744
        1046    -4.71572    -6.15489   0.0961922
        1047    -4.76721    -6.15356   0.0961094
        1048    -4.78736    -6.15226   0.0960266
        1049    -4.74786    -6.15092   0.0959444
        1050    -4.64319    -6.14949   0.0958637
        1051    -4.51974    -6.14793   0.0957851
        1052    -4.46329    -6.14633   0.0957074
        1053     -4.5065    -6.14478   0.0956292
        1054    -4.59469    -6.14331   0.0955498
        1055    -4.67051    -6.14191   0.0954694
        1056    -4.71911    -6.14056   0.0953885
        1057    -4.73911    -6.13924   0.0953075
        1058    -4.71149    -6.13789   0.0952269
        1059    -4.61056    -6.13644   0.0951479
        1060    -4.48297    -6.13488    0.095071
        1061    -4.48687    -6.13333    0.094994
        1062    -4.67801    -6.13196   0.0949145
        1063    -4.90445    -6.13081   0.0948322
        1064    -5.04882    -6.12979   0.0947485
        1065    -5.10708    -6.12883   0.0946644
        1066    -5.11003    -6.12787   0.0945804
        1067     -5.0847     -6.1269   0.0944969
        1068    -5.05272    -6.12589   0.0944137
        1069    -5.03009    -6.12486    0.094331
        1070    -5.01987    -6.12383   0.0942485
        1071    -5.01197    -6.12279   0.0941662
        1072    -4.99362    -6.12174   0.0940842
        1073    -4.96206    -6.12066   0.0940028
        1074    -4.92709    -6.11955   0.0939218
        1075    -4.90682    -6.11842   0.0938412
        1076    -4.91774     -6.1173   0.0937606
        1077     -4.9638    -6.11623   0.0936797
        1078    -5.03424    -6.11523   0.0935982
        1079    -5.11421     -6.1143    0.093516
        1080    -5.19636    -6.11345   0.0934333
        1081    -5.27969    -6.11268     0.09335
        1082    -5.35835    -6.11198   0.0932664
        1083    -5.41409    -6.11134   0.0931825
        1084    -5.42166     -6.1107   0.0930987
        1085     -5.3652    -6.11002   0.0930154
        1086    -5.25572    -6.10923   0.0929331
        1087     -5.1357    -6.10833   0.0928519
        1088    -5.05418    -6.10736   0.0927716
        1089    -5.02889    -6.10637   0.0926917
        1090    -5.04357     -6.1054   0.0926118
        1091    -5.07521    -6.10446   0.0925317
        1092    -5.11257    -6.10355   0.0924515
        1093    -5.16223    -6.10269   0.0923709
        1094    -5.23757    -6.10189   0.0922898
        1095    -5.33271    -6.10119   0.0922082
        1096    -5.41626    -6.10057   0.0921262
        1097    -5.45328    -6.09998   0.0920441
        1098    -5.42393    -6.09936   0.0919624
        1099    -5.32826    -6.09866   0.0918814
        1100    -5.19193    -6.09784   0.0918015
        1101    -5.07426    -6.09691   0.0917229
        1102     -5.0472    -6.09595   0.0916446
        1103    -5.13502    -6.09508   0.0915656
        1104    -5.29015    -6.09435   0.0914856
        1105    -5.44777    -6.09377   0.0914047
        1106    -5.57038    -6.09329   0.0913232
        1107    -5.64473    -6.09289   0.0912416
        1108    -5.66827    -6.09251   0.0911601
        1109    -5.64444     -6.0921   0.0910788
        1110    -5.58237    -6.09164   0.0909979
        1111    -5.49748    -6.09111   0.0909176
        1112    -5.41073     -6.0905   0.0908379
        1113    -5.34291    -6.08982   0.0907587
        1114    -5.30042    -6.08912     0.09068
        1115    -5.26264    -6.08838   0.0906017
        1116    -5.18847    -6.08757   0.0905241
        1117    -5.06189    -6.08665   0.0904477
        1118    -4.96209    -6.08564   0.0903724
        1119    -5.01087    -6.08468   0.0902968
        1120    -5.18036    -6.08388   0.0902198
        1121    -5.33563    -6.08321   0.0901418
        1122    -5.41465    -6.08261   0.0900634
        1123    -5.43065    -6.08203   0.0899851
        1124    -5.41163    -6.08144    0.089907
        1125    -5.37542    -6.08081   0.0898293
        1126    -5.32949    -6.08014    0.089752
        1127    -5.27499    -6.07943   0.0896752
        1128    -5.21056    -6.07866    0.089599
        1129    -5.13631    -6.07782   0.0895235
        1130    -5.05694    -6.07692   0.0894488
        1131    -4.98342    -6.07595    0.089375
        1132     -4.9311    -6.07494   0.0893017
        1133     -4.9122    -6.07391   0.0892288
        1134    -4.92807     -6.0729   0.0891558
        1135    -4.96964    -6.07193   0.0890826
        1136    -5.02674    -6.07101   0.0890089
        1137    -5.09332    -6.07015   0.0889348
        1138    -5.16515    -6.06936   0.0888602
        1139    -5.23595    -6.06862   0.0887852
        1140    -5.29734    -6.06795   0.0887099
        1141    -5.33994    -6.06731   0.0886344
        1142    -5.35121    -6.06668    0.088559
        1143    -5.31235    -6.06602    0.088484
        1144    -5.20157    -6.06527   0.0884099
        1145    -5.02187    -6.06436   0.0883374
        1146    -4.85127     -6.0633   0.0882666
        1147     -4.8118    -6.06221   0.0881964
        1148    -4.91246    -6.06121   0.0881253
        1149    -5.04544    -6.06032    0.088053
        1150      -5.139    -6.05952   0.0879801
        1151    -5.19139    -6.05877   0.0879069
        1152    -5.22294    -6.05804   0.0878336
        1153    -5.24573    -6.05734   0.0877602
        1154    -5.25844    -6.05664   0.0876869
        1155    -5.25034    -6.05595   0.0876138
        1156    -5.20928    -6.05521    0.087541
        1157    -5.13155    -6.05441    0.087469
        1158    -5.03192    -6.05353   0.0873979
        1159    -4.94209    -6.05257   0.0873278
        1160    -4.88327    -6.05156   0.0872583
        1161    -4.84378    -6.05052   0.0871894
        1162     -4.7986    -6.04945    0.087121
        1163    -4.74452    -6.04832   0.0870533
        1164    -4.70433    -6.04717   0.0869862
        1165    -4.70335    -6.04602   0.0869192
        1166     -4.7463     -6.0449   0.0868518
        1167    -4.81575    -6.04385   0.0867837
        1168    -4.88732    -6.04286   0.0867151
        1169    -4.94194    -6.04192    0.086646
        1170    -4.96721      -6.041   0.0865768
        1171    -4.95396    -6.04007   0.0865079
        1172    -4.89222    -6.03909   0.0864396
        1173     -4.7682    -6.03801   0.0863727
        1174    -4.57321    -6.03676   0.0863081
        1175     -4.3464    -6.03532   0.0862467
        1176    -4.21657    -6.03377   0.0861872
        1177    -4.28242    -6.03229   0.0861268
        1178    -4.45433    -6.03095   0.0860641
        1179    -4.59146    -6.02973   0.0859998
        1180    -4.64844    -6.02856   0.0859349
        1181    -4.64196    -6.02738   0.0858701
        1182    -4.59902    -6.02617    0.085806
        1183    -4.54215    -6.02492   0.0857426
        1184    -4.48711    -6.02362     0.08568
        1185    -4.44234    -6.02229   0.0856181
        1186    -4.40912    -6.02092   0.0855567
        1187     -4.3832    -6.01955   0.0854958
        1188    -4.35852    -6.01815   0.0854352
        1189    -4.32997    -6.01673   0.0853752
        1190    -4.29586    -6.01528   0.0853157
        1191    -4.25746    -6.01381   0.0852568
        1192    -4.21818     -6.0123   0.0851986
        1193    -4.18135    -6.01076    0.085141
        1194    -4.14951    -6.00921    0.085084
        1195    -4.12438    -6.00763   0.0850274
        1196    -4.10609    -6.00604   0.0849712
        1197     -4.0955    -6.00444   0.0849152
        1198     -4.0936    -6.00285   0.0848593
        1199    -4.10071    -6.00126   0.0848033
        1200    -4.11619    -5.99969   0.0847472
        1201    -4.13824    -5.99814   0.0846908
        1202    -4.16351    -5.99661   0.0846341
        1203     -4.1886    -5.99511   0.0845771
        1204    -4.21013    -5.99363   0.0845198
        1205     -4.2247    -5.99216   0.0844624
        1206    -4.22818     -5.9907   0.0844051
        1207    -4.21536    -5.98923    0.084348
        1208    -4.17923    -5.98773   0.0842914
        1209    -4.11301    -5.98618    0.084236
        1210    -4.01629    -5.98455   0.0841821
        1211    -3.90302    -5.98283   0.0841301
        1212    -3.79988    -5.98103     0.08408
        1213    -3.72977    -5.97917   0.0840312
        1214    -3.70347     -5.9773   0.0839828
        1215    -3.72581    -5.97545   0.0839342
        1216    -3.79459    -5.97365   0.0838843
        1217    -3.89782    -5.97195   0.0838327
        1218    -4.01181    -5.97034   0.0837793
        1219    -4.09958     -5.9688   0.0837247
        1220    -4.12465    -5.96729   0.0836697
        1221    -4.06939    -5.96574   0.0836156
        1222    -3.95026    -5.96409   0.0835634
        1223    -3.82806    -5.96234   0.0835133
        1224    -3.77454    -5.96055   0.0834642
        1225    -3.80146    -5.95879   0.0834147
        1226    -3.86154    -5.95708   0.0833642
        1227    -3.91454    -5.95542   0.0833129
        1228    -3.95072    -5.95378    0.083261
        1229    -3.97412    -5.95217   0.0832089
        1230    -3.98998    -5.95058   0.0831565
        1231    -4.00192    -5.94899    0.083104
        1232    -4.01207    -5.94742   0.0830514
        1233    -4.02143    -5.94586   0.0829988
        1234    -4.02979    -5.94431    0.082946
        1235    -4.03597    -5.94276   0.0828933
        1236    -4.03968    -5.94122   0.0828405
        1237    -4.04277    -5.93969   0.0827877
        1238    -4.04949    -5.93816    0.082735
        1239    -4.06266    -5.93665    0.082682
        1240      -4.077    -5.93515   0.0826289
        1241    -4.07314    -5.93365    0.082576
        1242    -4.02023    -5.93211   0.0825239
        1243    -3.89831    -5.93047   0.0824737
        1244    -3.75519    -5.92872   0.0824259
        1245    -3.72097    -5.92695   0.0823788
        1246    -3.85277    -5.92528   0.0823295
        1247    -4.04602    -5.92378   0.0822773
        1248    -4.19819    -5.92239    0.082223
        1249    -4.29277    -5.92109   0.0821675
        1250    -4.34964    -5.91983   0.0821114
        1251    -4.38683    -5.91861   0.0820549
        1252    -4.41373     -5.9174   0.0819981
        1253    -4.43323    -5.91622   0.0819413
        1254    -4.44552    -5.91505   0.0818843
        1255    -4.44965    -5.91388   0.0818274
        1256    -4.44563    -5.91271   0.0817706
        1257    -4.43662    -5.91154    0.081714
        1258     -4.4304    -5.91036   0.0816575
        1259    -4.43664    -5.90919    0.081601
        1260    -4.45785    -5.90804   0.0815444
        1261    -4.48042     -5.9069   0.0814876
        1262    -4.47303    -5.90577   0.0814309
        1263    -4.39976    -5.90458   0.0813752
        1264    -4.25859    -5.90327   0.0813212
        1265    -4.13615    -5.90188   0.0812689
        1266    -4.15409     -5.9005   0.0812165
        1267    -4.29168    -5.89923   0.0811623
        1268    -4.41946    -5.89806   0.0811067
        1269    -4.46729    -5.89693   0.0810506
        1270     -4.4422    -5.89579   0.0809949
        1271    -4.38473     -5.8946   0.0809399
        1272    -4.34546    -5.89338   0.0808854
        1273    -4.35553    -5.89217   0.0808309
        1274    -4.40469      -5.891   0.0807759
        1275    -4.45759    -5.88988   0.0807203
        1276    -4.48457    -5.88878   0.0806646
        1277    -4.47205    -5.88767    0.080609
        1278    -4.42001    -5.88652   0.0805541
        1279    -4.34013    -5.88531   0.0805002
        1280    -4.25498    -5.88404   0.0804474
        1281    -4.19197    -5.88272   0.0803955
        1282    -4.16942    -5.88138   0.0803439
        1283    -4.18542    -5.88006   0.0802921
        1284    -4.22333    -5.87877     0.08024
        1285    -4.26727    -5.87751   0.0801873
        1286    -4.31111     -5.8763   0.0801342
        1287    -4.35538    -5.87511   0.0800807
        1288    -4.39923    -5.87397   0.0800267
        1289    -4.43628    -5.87285   0.0799724
        1290    -4.45424    -5.87175   0.0799179
        1291    -4.43499    -5.87064   0.0798638
        1292    -4.35763    -5.86947   0.0798105
        1293    -4.21319    -5.86819   0.0797591
        1294    -4.04251    -5.86678   0.0797099
        1295    -3.94203    -5.86529   0.0796622
        1296    -3.95429    -5.86382   0.0796144
        1297    -4.00225    -5.86238    0.079566
        1298     -4.0082    -5.86095   0.0795175
        1299    -3.97545     -5.8595   0.0794695
        1300     -3.9517    -5.85803   0.0794219
        1301    -3.97181    -5.85658   0.0793741
        1302    -4.02885    -5.85518   0.0793256
        1303    -4.08876    -5.85382   0.0792763
        1304    -4.12271     -5.8525   0.0792266
        1305    -4.12315    -5.85117    0.079177
        1306    -4.10146    -5.84983   0.0791277
        1307    -4.07777    -5.84848   0.0790788
        1308    -4.06763    -5.84711     0.07903
        1309    -4.07281    -5.84576   0.0789813
        1310    -4.08385    -5.84441   0.0789324
        1311    -4.08984    -5.84308   0.0788836
        1312    -4.08413    -5.84174   0.0788348
        1313    -4.06066    -5.84038   0.0787865
        1314    -4.00728    -5.83898   0.0787389
        1315    -3.90764    -5.83752   0.0786927
        1316    -3.75323    -5.83593   0.0786488
        1317    -3.56349    -5.83421    0.078608
        1318    -3.39375    -5.83235   0.0785702
        1319    -3.30601    -5.83044    0.078534
        1320    -3.32074    -5.82854   0.0784975
        1321    -3.40725     -5.8267   0.0784594
        1322    -3.51656    -5.82496   0.0784196
        1323    -3.61189    -5.82328   0.0783781
        1324    -3.67747    -5.82166   0.0783357
        1325     -3.7132    -5.82007   0.0782927
        1326    -3.72794    -5.81849   0.0782496
        1327    -3.73099    -5.81692   0.0782064
        1328    -3.72685    -5.81535   0.0781634
        1329    -3.71442    -5.81377   0.0781205
        1330    -3.69185    -5.81217   0.0780781
        1331    -3.66219    -5.81056   0.0780361
        1332    -3.63405    -5.80892   0.0779946
        1333     -3.6166    -5.80728   0.0779535
        1334    -3.61276    -5.80563   0.0779124
        1335    -3.61891    -5.80399   0.0778712
        1336     -3.6297    -5.80237     0.07783
        1337    -3.64214    -5.80075   0.0777885
        1338    -3.65539    -5.79915   0.0777469
        1339    -3.66806    -5.79756   0.0777051
        1340    -3.67777    -5.79597   0.0776632
        1341    -3.68163     -5.7944   0.0776213
        1342    -3.67648    -5.79282   0.0775795
        1343    -3.65994    -5.79123    0.077538
        1344    -3.63089    -5.78962    0.077497
        1345    -3.58998    -5.78799   0.0774566
        1346    -3.54127    -5.78632   0.0774171
        1347    -3.49169    -5.78462   0.0773783
        1348    -3.45007    -5.78288   0.0773403
        1349    -3.42387    -5.78114   0.0773027
        1350    -3.41605    -5.77938   0.0772653
        1351    -3.42406    -5.77764   0.0772278
        1352    -3.44138    -5.77591     0.07719
        1353      -3.459     -5.7742    0.077152
        1354    -3.46806     -5.7725   0.0771138
        1355    -3.46323    -5.77079   0.0770757
        1356    -3.44868    -5.76908   0.0770379
        1357    -3.43856    -5.76736   0.0770002
        1358    -3.44964    -5.76566   0.0769625
        1359    -3.48858    -5.76398   0.0769241
        1360    -3.54762    -5.76235   0.0768848
        1361    -3.61248    -5.76077   0.0768445
        1362    -3.67171    -5.75924   0.0768034
        1363    -3.71993    -5.75774   0.0767616
        1364    -3.75663    -5.75627   0.0767193
        1365    -3.78315    -5.75483   0.0766768
        1366    -3.80153     -5.7534    0.076634
        1367    -3.81433    -5.75198    0.076591
        1368    -3.82388    -5.75057    0.076548
        1369    -3.83351    -5.74917   0.0765049
        1370     -3.8476    -5.74778   0.0764616
        1371    -3.86975    -5.74641   0.0764181
        1372    -3.90055    -5.74507   0.0763743
        1373     -3.9356    -5.74375     0.07633
        1374    -3.96547    -5.74245   0.0762854
        1375    -3.97951    -5.74117   0.0762407
        1376    -3.97034    -5.73989   0.0761962
        1377    -3.93794    -5.73858   0.0761521
        1378    -3.89377    -5.73724   0.0761086
        1379    -3.86062    -5.73588   0.0760656
        1380    -3.86259    -5.73452   0.0760226
        1381    -3.90331    -5.73319   0.0759791
        1382    -3.95501    -5.73191    0.075935
        1383    -3.97833    -5.73064   0.0758907
        1384    -3.94859    -5.72935   0.0758468
        1385    -3.86667    -5.72801   0.0758039
        1386    -3.76084    -5.72659   0.0757625
        1387    -3.68311    -5.72511   0.0757222
        1388    -3.67632    -5.72364    0.075682
        1389    -3.73097     -5.7222   0.0756412
        1390    -3.79929    -5.72082   0.0755994
        1391    -3.84636    -5.71947    0.075557
        1392    -3.86887    -5.71814   0.0755145
        1393    -3.88278    -5.71683   0.0754717
        1394    -3.90458    -5.71553   0.0754288
        1395    -3.93741    -5.71425   0.0753855
        1396    -3.97234      -5.713   0.0753418
        1397    -3.99856    -5.71178   0.0752979
        1398    -4.01073    -5.71056   0.0752539
        1399    -4.00854    -5.70934   0.0752099
        1400    -3.99362    -5.70812   0.0751662
        1401    -3.96771    -5.70687   0.0751228
        1402    -3.93323    -5.70561   0.0750798
        1403    -3.89303    -5.70432   0.0750374
        1404    -3.85113      -5.703   0.0749956
        1405     -3.8115    -5.70165   0.0749543
        1406    -3.77758    -5.70028   0.0749135
        1407    -3.75111     -5.6989   0.0748731
        1408    -3.73212     -5.6975   0.0748329
        1409    -3.71933     -5.6961    0.074793
        1410     -3.7102    -5.69469   0.0747532
        1411    -3.70148    -5.69328   0.0747136
        1412     -3.6891    -5.69186   0.0746741
        1413    -3.66781    -5.69042    0.074635
        1414     -3.6312    -5.68897   0.0745964
        1415    -3.57443    -5.68747   0.0745587
        1416    -3.49915    -5.68593    0.074522
        1417    -3.41988    -5.68433   0.0744866
        1418    -3.36127    -5.68269   0.0744521
        1419    -3.34203    -5.68104   0.0744179
        1420    -3.35824     -5.6794   0.0743835
        1421    -3.39101    -5.67779   0.0743485
        1422    -3.42478    -5.67621   0.0743131
        1423    -3.45584    -5.67465   0.0742773
        1424    -3.48814    -5.67311    0.074241
        1425    -3.52199     -5.6716   0.0742043
        1426    -3.54277    -5.67011   0.0741672
        1427    -3.51744     -5.6686   0.0741306
        1428    -3.41371    -5.66702   0.0740955
        1429    -3.26053    -5.66534   0.0740628
        1430    -3.17157     -5.6636   0.0740315
        1431    -3.20238    -5.66188   0.0739998
        1432    -3.28039    -5.66021   0.0739668
        1433      -3.363    -5.65861   0.0739325
        1434    -3.45386    -5.65707    0.073897
        1435     -3.5235    -5.65559   0.0738604
        1436    -3.54161    -5.65411   0.0738236
        1437    -3.52057    -5.65263   0.0737872
        1438    -3.50066    -5.65113   0.0737511
        1439    -3.51298    -5.64965   0.0737148
        1440    -3.55814    -5.64819   0.0736779
        1441     -3.6159    -5.64678   0.0736403
        1442    -3.66662    -5.64541    0.073602
        1443    -3.70053    -5.64406   0.0735633
        1444    -3.71409    -5.64273   0.0735245
        1445    -3.70752    -5.64139   0.0734858
        1446    -3.68615    -5.64004   0.0734475
        1447    -3.65864    -5.63867   0.0734095
        1448    -3.63243    -5.63728   0.0733718
        1449    -3.61106    -5.63588   0.0733345
        1450    -3.59565    -5.63447   0.0732975
        1451    -3.58815    -5.63306   0.0732605
        1452    -3.59027    -5.63166   0.0732236
        1453    -3.59967    -5.63026   0.0731865
        1454     -3.6099    -5.62887   0.0731494
        1455    -3.61275    -5.62748   0.0731122
        1456    -3.60135    -5.62609   0.0730752
        1457    -3.57415    -5.62468   0.0730387
        1458    -3.54233    -5.62326   0.0730025
        1459    -3.53433    -5.62182   0.0729665
        1460    -3.57867    -5.62042     0.07293
        1461    -3.67472    -5.61909   0.0728922
        1462    -3.79101    -5.61784   0.0728531
        1463    -3.89491    -5.61666   0.0728128
        1464     -3.9717    -5.61554   0.0727717
        1465     -4.0201    -5.61445   0.0727302
        1466    -4.04329    -5.61338   0.0726885
        1467     -4.0433    -5.61231   0.0726468
        1468    -4.02147    -5.61123   0.0726054
        1469    -3.98151    -5.61012   0.0725645
        1470    -3.93361    -5.60898   0.0725241
        1471    -3.89495    -5.60781   0.0724841
        1472    -3.88296    -5.60664   0.0724444
        1473    -3.90171    -5.60548   0.0724044
        1474    -3.93782    -5.60435   0.0723641
        1475    -3.97344    -5.60325   0.0723235
        1476    -4.00396    -5.60216   0.0722826
        1477    -4.03978     -5.6011   0.0722414
        1478    -4.08581    -5.60008   0.0721998
        1479    -4.12322    -5.59908   0.0721579
        1480    -4.12016    -5.59808   0.0721161
        1481    -4.06849    -5.59705   0.0720748
        1482    -4.01788    -5.59598    0.072034
        1483    -4.03999    -5.59493   0.0719931
        1484    -4.13089    -5.59395   0.0719513
        1485    -4.22167    -5.59302   0.0719088
        1486    -4.27037    -5.59213   0.0718659
        1487    -4.27901    -5.59125    0.071823
        1488    -4.26525    -5.59036   0.0717803
        1489    -4.24811    -5.58946   0.0717378
        1490    -4.24661    -5.58856   0.0716953
        1491    -4.27537    -5.58767   0.0716526
        1492    -4.33897    -5.58684   0.0716095
        1493    -4.43048    -5.58606   0.0715657
        1494    -4.53638    -5.58536   0.0715212
        1495    -4.64266    -5.58473   0.0714762
        1496    -4.73686    -5.58416   0.0714306
        1497    -4.80736    -5.58364   0.0713848
        1498    -4.84014    -5.58315   0.0713389
        1499    -4.81771    -5.58264   0.0712931
        1500    -4.72275    -5.58206   0.0712479
        1501    -4.54891    -5.58138   0.0712037
        1502    -4.31965    -5.58054   0.0711613
        1503    -4.09526    -5.57955   0.0711208
        1504    -3.93608    -5.57846   0.0710819
        1505    -3.86257    -5.57731   0.0710438
        1506    -3.89623     -5.5762   0.0710054
        1507    -4.07011     -5.5752   0.0709653
        1508    -4.32106    -5.57437   0.0709232
        1509    -4.52621    -5.57367   0.0708796
        1510    -4.63478    -5.57305   0.0708353
        1511    -4.66592    -5.57245    0.070791
        1512    -4.65371    -5.57184   0.0707468
        1513    -4.62365    -5.57122   0.0707028
        1514     -4.5891    -5.57057   0.0706591
        1515    -4.55027    -5.56989   0.0706157
        1516     -4.5015    -5.56919   0.0705726
        1517    -4.44268    -5.56845     0.07053
        1518     -4.3864    -5.56767   0.0704878
        1519    -4.35446    -5.56687   0.0704459
        1520    -4.36291    -5.56608    0.070404
        1521    -4.40866    -5.56532   0.0703619
        1522    -4.46722     -5.5646   0.0703193
        1523    -4.50437     -5.5639   0.0702766
        1524     -4.4909    -5.56319    0.070234
        1525    -4.41262    -5.56244    0.070192
        1526     -4.2806     -5.5616    0.070151
        1527    -4.14809    -5.56067   0.0701112
        1528    -4.10112    -5.55972   0.0700718
        1529    -4.17373    -5.55881   0.0700319
        1530    -4.28893    -5.55798    0.069991
        1531    -4.34582    -5.55719   0.0699498
        1532    -4.31571    -5.55638   0.0699088
        1533    -4.24307    -5.55552   0.0698685
        1534    -4.19801    -5.55464   0.0698285
        1535    -4.21408    -5.55377   0.0697885
        1536    -4.26038    -5.55292   0.0697481
        1537    -4.27387    -5.55209   0.0697077
        1538    -4.20354    -5.55121   0.0696679
        1539    -4.03131    -5.55023   0.0696296
        1540    -3.78657    -5.54908   0.0695938
        1541    -3.54912    -5.54778   0.0695608
        1542    -3.40291    -5.54639   0.0695296
        1543    -3.39095      -5.545   0.0694985
        1544    -3.51292    -5.54368    0.069466
        1545    -3.72589     -5.5425    0.069431
        1546    -3.95996    -5.54148   0.0693936
        1547    -4.15111    -5.54058   0.0693546
        1548    -4.26611    -5.53976   0.0693147
        1549    -4.30082    -5.53896   0.0692745
        1550    -4.26587    -5.53814   0.0692347
        1551    -4.17952    -5.53726   0.0691956
        1552    -4.07071    -5.53632   0.0691575
        1553    -3.97914    -5.53531   0.0691202
        1554     -3.9365    -5.53428   0.0690834
        1555    -3.94342    -5.53326   0.0690466
        1556    -3.97578    -5.53226   0.0690094
        1557    -4.01065    -5.53128    0.068972
        1558    -4.03633    -5.53032   0.0689344
        1559    -4.04584    -5.52937   0.0688968
        1560    -4.03231    -5.52841   0.0688593
        1561    -3.99688    -5.52743   0.0688222
        1562     -3.9652    -5.52643   0.0687854
        1563     -3.9841    -5.52544   0.0687485
        1564    -4.07227    -5.52451   0.0687108
        1565    -4.19313    -5.52366   0.0686722
        1566    -4.29622    -5.52288   0.0686328
        1567    -4.35545    -5.52214    0.068593
        1568    -4.36431     -5.5214   0.0685532
        1569    -4.31905    -5.52063   0.0685138
        1570    -4.21179     -5.5198   0.0684753
        1571    -4.03569    -5.51885   0.0684382
        1572    -3.80839    -5.51776   0.0684033
        1573    -3.60949    -5.51655   0.0683706
        1574    -3.55996    -5.51531   0.0683384
        1575    -3.67937    -5.51414    0.068305
        1576    -3.84511    -5.51308   0.0682699
        1577    -3.95415    -5.51209   0.0682337
        1578     -3.9996    -5.51114   0.0681972
        1579    -4.01003    -5.51019   0.0681607
        1580    -3.99143    -5.50922   0.0681243
        1581    -3.94273    -5.50823   0.0680884
        1582    -3.89912    -5.50722    0.068053
        1583     -3.9147    -5.50621   0.0680174
        1584    -3.99438    -5.50526   0.0679812
        1585    -4.08377    -5.50436   0.0679442
        1586    -4.12903    -5.50349   0.0679069
        1587    -4.11411    -5.50262   0.0678697
        1588    -4.05172     -5.5017   0.0678332
        1589    -3.96833    -5.50074   0.0677973
        1590    -3.90475    -5.49973   0.0677621
        1591    -3.90662    -5.49873   0.0677269
        1592    -3.98016    -5.49778   0.0676911
        1593     -4.0745    -5.49689   0.0676545
        1594    -4.12808    -5.49603   0.0676175
        1595     -4.1072    -5.49516   0.0675807
        1596    -4.00955    -5.49422   0.0675448
        1597     -3.8597     -5.4932   0.0675102
        1598    -3.70489    -5.49208   0.0674773
        1599    -3.60397     -5.4909   0.0674454
        1600    -3.60097    -5.48972   0.0674136
        1601    -3.69331     -5.4886   0.0673808
        1602    -3.83277    -5.48756   0.0673467
        1603    -3.96874    -5.48662   0.0673113
        1604    -4.07286    -5.48574   0.0672751
        1605    -4.12615    -5.48489   0.0672386
        1606    -4.10993    -5.48403   0.0672021
        1607    -4.01686    -5.48312   0.0671665
        1608    -3.86791    -5.48211   0.0671323
        1609    -3.72044    -5.48102   0.0670995
        1610    -3.63928    -5.47988   0.0670676
        1611    -3.63773    -5.47873   0.0670357
        1612    -3.67113    -5.47761   0.0670035
        1613    -3.70048    -5.47651    0.066971
        1614    -3.72856    -5.47543   0.0669382
        1615    -3.77116    -5.47437   0.0669051
        1616    -3.82553    -5.47335   0.0668715
        1617    -3.88186    -5.47237   0.0668374
        1618    -3.93747    -5.47142   0.0668028
        1619    -3.99013     -5.4705   0.0667678
        1620    -4.03216    -5.46962   0.0667325
        1621     -4.0554    -5.46874    0.066697
        1622    -4.05712    -5.46787   0.0666616
        1623     -4.0394    -5.46699   0.0666263
        1624    -4.00714    -5.46609   0.0665914
        1625    -3.96548    -5.46517   0.0665568
        1626    -3.91944    -5.46422   0.0665226
        1627    -3.87283    -5.46324   0.0664889
        1628    -3.82794    -5.46224   0.0664557
        1629    -3.78454    -5.46121   0.0664229
        1630    -3.73945    -5.46015   0.0663905
        1631    -3.68743    -5.45906   0.0663587
        1632    -3.62447    -5.45794   0.0663276
        1633    -3.55096    -5.45677   0.0662972
        1634    -3.47452    -5.45556   0.0662678
        1635    -3.40775    -5.45431   0.0662391
        1636    -3.36127    -5.45303   0.0662109
        1637    -3.33856    -5.45174   0.0661831
        1638    -3.34378    -5.45045   0.0661552
        1639    -3.39514    -5.44919   0.0661267
        1640    -3.50682    -5.44801    0.066097
        1641    -3.65673    -5.44692   0.0660657
        1642    -3.79787    -5.44591   0.0660331
        1643    -3.89525    -5.44497   0.0659997
        1644    -3.93645    -5.44405   0.0659659
        1645    -3.92255    -5.44313   0.0659323
        1646    -3.86254    -5.44217   0.0658992
        1647     -3.7783    -5.44116    0.065867
        1648    -3.70862    -5.44011   0.0658354
        1649    -3.69441    -5.43905    0.065804
        1650    -3.74741    -5.43802   0.0657721
        1651    -3.84044    -5.43705   0.0657394
        1652    -3.93425    -5.43614   0.0657059
        1653    -4.00315    -5.43528   0.0656718
        1654    -4.03738    -5.43443   0.0656376
        1655    -4.03682    -5.43359   0.0656033
        1656    -4.00694    -5.43273   0.0655694
        1657    -3.95724    -5.43184   0.0655358
        1658    -3.90024    -5.43091   0.0655028
        1659    -3.84798    -5.42996   0.0654703
        1660     -3.8077    -5.42898   0.0654381
        1661    -3.77895    -5.42799   0.0654063
        1662    -3.75518    -5.42698   0.0653747
        1663    -3.73254    -5.42596   0.0653433
        1664    -3.72212    -5.42494   0.0653121
        1665    -3.74397    -5.42393   0.0652806
        1666    -3.80179    -5.42295   0.0652487
        1667    -3.87135    -5.42202   0.0652162
        1668    -3.92328    -5.42113   0.0651833
        1669    -3.94481    -5.42024   0.0651502
        1670    -3.94095    -5.41936   0.0651173
        1671    -3.92739    -5.41846   0.0650844
        1672    -3.92428    -5.41757   0.0650516
        1673    -3.94682    -5.41669   0.0650187
        1674    -3.99609    -5.41584   0.0649854
        1675    -4.06003    -5.41503   0.0649516
        1676    -4.12369    -5.41426   0.0649174
        1677    -4.17753    -5.41352   0.0648829
        1678    -4.21841    -5.41281   0.0648482
        1679    -4.24632    -5.41212   0.0648132
        1680    -4.26089    -5.41143   0.0647783
        1681    -4.26006    -5.41075   0.0647434
        1682    -4.23952    -5.41005   0.0647086
        1683    -4.19252    -5.40933   0.0646742
        1684    -4.11467    -5.40856   0.0646404
        1685    -4.01431    -5.40773   0.0646073
        1686    -3.92618    -5.40685    0.064575
        1687    -3.89964    -5.40596   0.0645429
        1688    -3.94925     -5.4051   0.0645104
        1689    -4.03357    -5.40428   0.0644773
        1690    -4.09922    -5.40351   0.0644438
        1691    -4.12191    -5.40275   0.0644101
        1692    -4.10948    -5.40199   0.0643766
        1693    -4.09076    -5.40121   0.0643433
        1694    -4.09484    -5.40044   0.0643099
        1695    -4.12864    -5.39969   0.0642763
        1696    -4.17471    -5.39897   0.0642425
        1697    -4.21312    -5.39827   0.0642084
        1698    -4.23745    -5.39759   0.0641743
        1699     -4.2505    -5.39691     0.06414
        1700    -4.25379    -5.39624   0.0641058
        1701    -4.23939    -5.39556   0.0640717
        1702    -4.18736    -5.39485    0.064038
        1703     -4.0747    -5.39408   0.0640051
        1704     -3.9036     -5.3932   0.0639735
        1705    -3.74083    -5.39223   0.0639434
        1706    -3.70811    -5.39124   0.0639135
        1707    -3.86989    -5.39035   0.0638823
        1708    -4.14652    -5.38962    0.063849
        1709    -4.39972    -5.38905   0.0638143
        1710    -4.55121    -5.38856   0.0637788
        1711     -4.5945    -5.38809   0.0637433
        1712    -4.55777    -5.38761   0.0637079
        1713    -4.47998    -5.38708   0.0636729
        1714    -4.40166     -5.3865   0.0636383
        1715    -4.35508     -5.3859   0.0636041
        1716     -4.3525     -5.3853   0.0635699
        1717    -4.38258    -5.38471   0.0635355
        1718    -4.41941    -5.38415    0.063501
        1719    -4.43456     -5.3836   0.0634665
        1720    -4.40512    -5.38303   0.0634321
        1721    -4.32282    -5.38242   0.0633983
        1722    -4.21705    -5.38174   0.0633651
        1723    -4.16234    -5.38103   0.0633322
        1724    -4.20591    -5.38035   0.0632992
        1725    -4.29597    -5.37972   0.0632656
        1726    -4.34771    -5.37912   0.0632318
        1727    -4.32495    -5.37851   0.0631981
        1728    -4.23783    -5.37785    0.063165
        1729    -4.11609    -5.37712   0.0631326
        1730    -3.99618    -5.37632   0.0631012
        1731    -3.91855    -5.37548   0.0630704
        1732    -3.91609    -5.37464   0.0630396
        1733    -3.98974    -5.37384   0.0630083
        1734    -4.10306    -5.37311   0.0629762
        1735    -4.21189    -5.37244   0.0629435
        1736    -4.29087    -5.37181   0.0629103
        1737    -4.33453    -5.37122   0.0628769
        1738    -4.34786    -5.37063   0.0628435
        1739    -4.33843    -5.37004   0.0628101
        1740    -4.31344    -5.36943    0.062777
        1741    -4.27872     -5.3688    0.062744
        1742    -4.23991    -5.36815   0.0627114
        1743     -4.2031    -5.36749    0.062679
        1744    -4.17493     -5.3668   0.0626467
        1745    -4.16087    -5.36611   0.0626147
        1746    -4.16193    -5.36542   0.0625826
        1747    -4.17141    -5.36474   0.0625505
        1748    -4.17696    -5.36406   0.0625184
        1749    -4.16445    -5.36337   0.0624864
        1750    -4.12271    -5.36266   0.0624547
        1751    -4.04816    -5.36191   0.0624236
        1752    -3.94711     -5.3611   0.0623932
        1753    -3.82858    -5.36023   0.0623637
        1754    -3.68403    -5.35927   0.0623355
        1755    -3.51303    -5.35822   0.0623088
        1756     -3.4126    -5.35711   0.0622832
        1757    -3.49363    -5.35605   0.0622568
        1758    -3.66741    -5.35509   0.0622288
        1759    -3.78641     -5.3542   0.0621998
        1760     -3.8227    -5.35333   0.0621705
        1761    -3.80945    -5.35245   0.0621414
        1762    -3.77171    -5.35156   0.0621126
        1763    -3.72018    -5.35063   0.0620843
        1764    -3.66707    -5.34968   0.0620564
        1765    -3.63158     -5.3487   0.0620289
        1766    -3.62737    -5.34773   0.0620014
        1767    -3.64979    -5.34677   0.0619738
        1768     -3.6822    -5.34583   0.0619459
        1769    -3.70985     -5.3449   0.0619178
        1770    -3.72647    -5.34399   0.0618895
        1771    -3.73218    -5.34308   0.0618613
        1772    -3.73053    -5.34217   0.0618331
        1773    -3.72512    -5.34126   0.0618049
        1774    -3.71916    -5.34034   0.0617768
        1775     -3.7147    -5.33943   0.0617488
        1776    -3.71265    -5.33851   0.0617209
        1777    -3.71308     -5.3376   0.0616929
        1778    -3.71497    -5.33668    0.061665
        1779    -3.71636    -5.33577    0.061637
        1780     -3.7144    -5.33486   0.0616091
        1781    -3.70605    -5.33395   0.0615813
        1782    -3.68892    -5.33302   0.0615537
        1783    -3.66277    -5.33209   0.0615263
        1784    -3.63208    -5.33113   0.0614992
        1785    -3.60671    -5.33017   0.0614723
        1786    -3.59984     -5.3292   0.0614455
        1787    -3.62217    -5.32824   0.0614186
        1788    -3.67394    -5.32732   0.0613912
        1789    -3.74158    -5.32643   0.0613633
        1790    -3.80356    -5.32558   0.0613349
        1791    -3.83996    -5.32475   0.0613062
        1792    -3.83963    -5.32392   0.0612776
        1793    -3.80234    -5.32307   0.0612493
        1794    -3.74218    -5.32219   0.0612215
        1795    -3.68775    -5.32128   0.0611942
        1796    -3.66798    -5.32036    0.061167
        1797     -3.6879    -5.31945   0.0611397
        1798    -3.72295    -5.31857   0.0611122
        1799    -3.73934    -5.31769   0.0610845
        1800    -3.71442     -5.3168   0.0610571
        1801    -3.64561    -5.31587   0.0610302
        1802    -3.55553    -5.31489   0.0610042
        1803    -3.49157    -5.31388   0.0609787
        1804    -3.50057    -5.31288   0.0609532
        1805    -3.58247    -5.31192    0.060927
        1806    -3.68622    -5.31102   0.0608999
        1807    -3.76094    -5.31016   0.0608722
        1808    -3.79138    -5.30932   0.0608444
        1809      -3.795    -5.30848   0.0608165
        1810    -3.79948    -5.30765   0.0607886
        1811     -3.8164    -5.30682   0.0607606
        1812    -3.83161    -5.30601   0.0607325
        1813    -3.82326    -5.30519   0.0607045
        1814    -3.78523    -5.30435   0.0606769
        1815     -3.7343    -5.30349   0.0606496
        1816     -3.6982    -5.30261   0.0606226
        1817    -3.69259    -5.30172   0.0605957
        1818    -3.70895    -5.30084   0.0605688
        1819    -3.72523    -5.29998   0.0605416
        1820    -3.72279    -5.29911   0.0605146
        1821    -3.69612    -5.29823   0.0604878
        1822    -3.65547    -5.29733   0.0604613
        1823    -3.62434    -5.29641   0.0604351
        1824    -3.62319    -5.29549   0.0604089
        1825    -3.64916    -5.29459   0.0603825
        1826    -3.67849    -5.29371    0.060356
        1827    -3.68483    -5.29283   0.0603293
        1828    -3.64832    -5.29193    0.060303
        1829    -3.55024    -5.29097   0.0602776
        1830    -3.37512    -5.28993   0.0602537
        1831    -3.15259    -5.28876   0.0602321
        1832    -3.01815    -5.28752    0.060212
        1833    -3.10662    -5.28633   0.0601909
        1834     -3.3488    -5.28527   0.0601674
        1835    -3.58537    -5.28435   0.0601417
        1836    -3.74911    -5.28351   0.0601148
        1837    -3.84346    -5.28273   0.0600872
        1838    -3.88539    -5.28197   0.0600593
        1839    -3.88653    -5.28121   0.0600314
        1840    -3.85224    -5.28043   0.0600038
        1841    -3.78699    -5.27962   0.0599767
        1842    -3.70295    -5.27876   0.0599502
        1843    -3.62256    -5.27787   0.0599245
        1844    -3.56666    -5.27694   0.0598991
        1845    -3.53552    -5.27599   0.0598741
        1846    -3.51442    -5.27504   0.0598493
        1847    -3.49753    -5.27408   0.0598246
        1848    -3.49673    -5.27312      0.0598
        1849    -3.52524    -5.27217   0.0597751
        1850    -3.57879    -5.27126   0.0597498
        1851    -3.63439    -5.27037   0.0597241
        1852    -3.66692    -5.26951   0.0596981
        1853    -3.66271    -5.26864   0.0596722
        1854    -3.62365    -5.26775   0.0596466
        1855    -3.56497    -5.26683   0.0596215
        1856    -3.50779    -5.26589   0.0595969
        1857     -3.4695    -5.26492   0.0595727
        1858    -3.45338    -5.26394   0.0595486
        1859    -3.44803    -5.26297   0.0595245
        1860    -3.44467    -5.26199   0.0595006
        1861    -3.45617    -5.26102   0.0594765
        1862    -3.50251    -5.26007   0.0594521
        1863     -3.5757    -5.25917    0.059427
        1864    -3.64012     -5.2583   0.0594015
        1865    -3.66509    -5.25745   0.0593758
        1866    -3.64049    -5.25658   0.0593503
        1867    -3.57265    -5.25568   0.0593254
        1868    -3.47915    -5.25473   0.0593012
        1869    -3.38753    -5.25373   0.0592779
        1870    -3.32774     -5.2527   0.0592552
        1871    -3.31791    -5.25166   0.0592325
        1872    -3.35412    -5.25065   0.0592095
        1873    -3.41533    -5.24967    0.059186
        1874    -3.47956    -5.24873    0.059162
        1875    -3.53363    -5.24781   0.0591375
        1876    -3.57332    -5.24692   0.0591127
        1877    -3.59967    -5.24604   0.0590877
        1878    -3.61609    -5.24517   0.0590626
        1879     -3.6271    -5.24431   0.0590375
        1880    -3.63705    -5.24346   0.0590123
        1881    -3.64858    -5.24261    0.058987
        1882     -3.6611    -5.24177   0.0589616
        1883    -3.67069    -5.24093   0.0589362
        1884    -3.67112     -5.2401   0.0589108
        1885    -3.65502    -5.23926   0.0588856
        1886    -3.61623     -5.2384   0.0588606
        1887    -3.55616    -5.23751   0.0588362
        1888    -3.49364    -5.23658   0.0588123
        1889      -3.464    -5.23565   0.0587886
        1890    -3.49073    -5.23472   0.0587648
        1891    -3.55627    -5.23384   0.0587404
        1892    -3.61746    -5.23298   0.0587156
        1893    -3.64144    -5.23214   0.0586906
        1894    -3.61826    -5.23129   0.0586658
        1895    -3.55988    -5.23041   0.0586415
        1896    -3.49809    -5.22949   0.0586176
        1897    -3.47289    -5.22857   0.0585941
        1898     -3.5018    -5.22766   0.0585702
        1899    -3.55904    -5.22678    0.058546
        1900    -3.59913    -5.22592   0.0585214
        1901    -3.60736    -5.22507   0.0584969
        1902    -3.62305    -5.22423   0.0584722
        1903    -3.69547    -5.22342    0.058447
        1904    -3.81937    -5.22269   0.0584209
        1905    -3.94647    -5.22202   0.0583941
        1906    -4.04318     -5.2214   0.0583667
        1907    -4.10619    -5.22081    0.058339
        1908    -4.14512    -5.22025   0.0583112
        1909    -4.16928     -5.2197   0.0582832
        1910    -4.18371    -5.21916   0.0582553
        1911     -4.1899    -5.21862   0.0582273
        1912    -4.18845    -5.21808   0.0581993
        1913    -4.18123    -5.21754   0.0581714
        1914    -4.17278    -5.21699   0.0581436
        1915    -4.16834    -5.21644   0.0581158
        1916    -4.17161     -5.2159    0.058088
        1917    -4.18344    -5.21536   0.0580602
        1918    -4.20451    -5.21483   0.0580323
        1919    -4.23709    -5.21432   0.0580043
        1920    -4.28366    -5.21384   0.0579761
        1921    -4.34295    -5.21339   0.0579477
        1922      -4.406    -5.21297   0.0579191
        1923    -4.45844    -5.21257   0.0578903
        1924     -4.4872     -5.2122   0.0578615
        1925    -4.48643    -5.21182   0.0578326
        1926    -4.45952    -5.21143   0.0578039
        1927    -4.41568    -5.21102   0.0577754
        1928    -4.36222    -5.21058   0.0577471
        1929    -4.29967     -5.2101   0.0577191
        1930    -4.22647    -5.20959   0.0576914
        1931    -4.15315    -5.20905   0.0576642
        1932    -4.10978    -5.20848   0.0576371
        1933    -4.12885    -5.20792     0.05761
        1934    -4.21363     -5.2074   0.0575825
        1935    -4.32895    -5.20695   0.0575545
        1936    -4.43125    -5.20655   0.0575262
        1937    -4.49702    -5.20618   0.0574977
        1938    -4.52847    -5.20583   0.0574691
        1939    -4.54279    -5.20549   0.0574405
        1940    -4.55887    -5.20516   0.0574118
        1941    -4.58465    -5.20484   0.0573831
        1942    -4.61243    -5.20453   0.0573544
        1943    -4.62391    -5.20424   0.0573256
        1944    -4.59199    -5.20392    0.057297
        1945    -4.47569    -5.20355   0.0572688
        1946     -4.2353    -5.20305   0.0572415
        1947    -3.92514    -5.20239   0.0572159
        1948    -3.77614    -5.20166   0.0571912
        1949    -3.90868      -5.201   0.0571657
        1950    -4.11778    -5.20044   0.0571391
        1951    -4.22957    -5.19994    0.057112
        1952    -4.24103    -5.19945   0.0570848
        1953    -4.20706    -5.19894   0.0570578
        1954     -4.1757    -5.19842   0.0570311
        1955    -4.17116     -5.1979   0.0570043
        1956     -4.1919    -5.19738   0.0569775
        1957    -4.21779    -5.19688   0.0569506
        1958    -4.22414    -5.19638   0.0569236
        1959    -4.19844    -5.19587   0.0568969
        1960    -4.15298    -5.19534   0.0568703
        1961    -4.12291    -5.19479    0.056844
        1962    -4.13661    -5.19426   0.0568175
        1963    -4.18522    -5.19374   0.0567909
        1964    -4.23593    -5.19325   0.0567641
        1965    -4.26541    -5.19278   0.0567372
        1966     -4.2687    -5.19231   0.0567103
        1967    -4.25007    -5.19183   0.0566835
        1968    -4.21346    -5.19134   0.0566568
        1969     -4.1597    -5.19081   0.0566305
        1970    -4.08787    -5.19025   0.0566045
        1971    -4.00213    -5.18965    0.056579
        1972    -3.92077    -5.18901    0.056554
        1973    -3.87159    -5.18834   0.0565292
        1974    -3.86598    -5.18767   0.0565046
        1975    -3.87941    -5.18701   0.0564798
        1976    -3.87087    -5.18634   0.0564552
        1977    -3.81536    -5.18565   0.0564309
        1978      -3.724    -5.18491   0.0564072
        1979    -3.65184    -5.18413    0.056384
        1980     -3.6639    -5.18336   0.0563608
        1981    -3.76043    -5.18265   0.0563369
        1982    -3.87295    -5.18199   0.0563123
        1983     -3.9371    -5.18136   0.0562874
        1984    -3.92717    -5.18073   0.0562626
        1985    -3.84593    -5.18005   0.0562383
        1986    -3.72809    -5.17932   0.0562147
        1987    -3.64584    -5.17855   0.0561917
        1988    -3.65813    -5.17779   0.0561687
        1989    -3.74496    -5.17707   0.0561451
        1990    -3.84234    -5.17639   0.0561208
        1991    -3.91273    -5.17576   0.0560962
        1992    -3.95348    -5.17515   0.0560714
        1993    -3.97558    -5.17454   0.0560465
        1994    -3.99063    -5.17395   0.0560216
        1995    -4.00633    -5.17337   0.0559966
        1996    -4.02506    -5.17279   0.0559715
        1997    -4.04485    -5.17223   0.0559463
        1998    -4.06181    -5.17167    0.055921
        1999    -4.06983    -5.17112   0.0558958
        2000    -4.05693    -5.17056   0.0558706
        2001    -3.99951    -5.16998   0.0558458
        2002    -3.85904    -5.16932   0.0558217
        2003    -3.60366    -5.16854   0.0557993
        2004    -3.32047    -5.16762   0.0557791
        2005    -3.28827    -5.16668   0.0557591
        2006    -3.57495    -5.16589    0.055737
        2007    -3.89113    -5.16525   0.0557128
        2008    -4.07264    -5.16471   0.0556877
        2009    -4.14184     -5.1642   0.0556623
        2010    -4.15029    -5.16369   0.0556369
        2011    -4.12963    -5.16318   0.0556116
        2012    -4.09722    -5.16265   0.0555865
        2013    -4.06681    -5.16211   0.0555616
        2014    -4.04988    -5.16155   0.0555367
        2015    -4.04793      -5.161   0.0555119
        2016    -4.04169    -5.16044   0.0554872
        2017    -3.99936    -5.15987   0.0554626
        2018    -3.91146    -5.15925   0.0554386
        2019    -3.83233    -5.15859    0.055415
        2020    -3.84554    -5.15794   0.0553914
        2021    -3.95152    -5.15735   0.0553672
        2022    -4.07034    -5.15681   0.0553425
        2023    -4.14824    -5.15631   0.0553174
        2024    -4.18362    -5.15583   0.0552921
        2025    -4.19793    -5.15536   0.0552668
        2026    -4.21451    -5.15489   0.0552415
        2027    -4.24544    -5.15444   0.0552161
        2028    -4.27972    -5.15401   0.0551905
        2029    -4.28771    -5.15359    0.055165
        2030    -4.24387    -5.15314   0.0551396
        2031    -4.14824    -5.15264   0.0551147
        2032    -4.03114    -5.15209   0.0550903
        2033    -3.93364    -5.15149   0.0550665
        2034    -3.87821    -5.15087    0.055043
        2035    -3.86054    -5.15023   0.0550196
        2036    -3.87938    -5.14961   0.0549961
        2037    -3.95548    -5.14902   0.0549722
        2038    -4.08698     -5.1485   0.0549477
        2039    -4.22565    -5.14805   0.0549226
        2040    -4.32725    -5.14764   0.0548972
        2041    -4.38242    -5.14727   0.0548716
        2042    -4.40184     -5.1469   0.0548459
        2043    -4.39663    -5.14654   0.0548203
        2044    -4.37072    -5.14616   0.0547948
        2045    -4.31766    -5.14575   0.0547695
        2046    -4.21964     -5.1453   0.0547446
        2047    -4.05772    -5.14477   0.0547204
        2048    -3.85206    -5.14414   0.0546974
        2049    -3.70909    -5.14344   0.0546751
        2050    -3.74295    -5.14275   0.0546527
        2051    -3.90474    -5.14215   0.0546294
        2052    -4.04416    -5.14162   0.0546054
        2053    -4.07815     -5.1411   0.0545813
        2054    -4.02677    -5.14055   0.0545574
        2055     -3.9833    -5.13999   0.0545338
        2056    -4.02244    -5.13945   0.0545099
        2057    -4.11335    -5.13895   0.0544857
        2058    -4.18513    -5.13849   0.0544612
        2059    -4.21644    -5.13804   0.0544366
        2060    -4.22558     -5.1376    0.054412
        2061    -4.23228    -5.13716   0.0543874
        2062    -4.24028    -5.13672   0.0543627
        2063    -4.24253    -5.13629   0.0543381
        2064    -4.23351    -5.13585   0.0543135
        2065    -4.21685     -5.1354   0.0542891
        2066    -4.20349    -5.13495   0.0542647
        2067    -4.20115     -5.1345   0.0542403
        2068    -4.20169    -5.13405   0.0542159
        2069    -4.18013    -5.13359   0.0541917
        2070    -4.10906     -5.1331   0.0541678
        2071    -3.98247    -5.13254   0.0541445
        2072    -3.83534    -5.13191    0.054122
        2073    -3.73715    -5.13124      0.0541
        2074    -3.75504    -5.13058    0.054078
        2075    -3.90194    -5.12998   0.0540552
        2076    -4.10992    -5.12949   0.0540314
        2077    -4.29157    -5.12909   0.0540069
        2078    -4.40816    -5.12874    0.053982
        2079     -4.4644    -5.12842    0.053957
        2080    -4.47708    -5.12811   0.0539319
        2081     -4.4588    -5.12779    0.053907
        2082    -4.41649    -5.12745   0.0538822
        2083     -4.3568    -5.12708   0.0538576
        2084    -4.29208    -5.12668   0.0538332
        2085    -4.24094    -5.12625   0.0538091
        2086    -4.21572    -5.12582   0.0537851
        2087    -4.20932    -5.12538   0.0537611
        2088    -4.20218    -5.12493   0.0537372
        2089     -4.1795    -5.12448   0.0537133
        2090    -4.13824    -5.12401   0.0536897
        2091    -4.08265    -5.12351   0.0536663
        2092     -4.0265    -5.12299   0.0536433
        2093    -4.01007    -5.12246   0.0536203
        2094    -4.08262    -5.12196    0.053597
        2095    -4.23176    -5.12153   0.0535731
        2096    -4.38455    -5.12118   0.0535486
        2097    -4.48667    -5.12088    0.053524
        2098    -4.52961     -5.1206   0.0534992
        2099    -4.52783    -5.12032   0.0534745
        2100    -4.50014    -5.12002   0.0534498
        2101    -4.46483    -5.11971   0.0534253
        2102    -4.43665    -5.11938   0.0534008
        2103    -4.42318    -5.11905   0.0533765
        2104    -4.42203    -5.11872   0.0533521
        2105     -4.4233    -5.11839   0.0533278
        2106    -4.41582    -5.11806   0.0533035
        2107    -4.39343    -5.11771   0.0532793
        2108    -4.35811    -5.11735   0.0532553
        2109    -4.32057    -5.11697   0.0532314
        2110    -4.29792    -5.11659   0.0532076
        2111    -4.30762     -5.1162   0.0531837
        2112    -4.35848    -5.11584   0.0531598
        2113    -4.44265    -5.11553   0.0531356
        2114    -4.53593    -5.11525   0.0531111
        2115    -4.60989    -5.11501   0.0530866
        2116    -4.64234    -5.11479   0.0530619
        2117    -4.62224    -5.11456   0.0530374
        2118    -4.55271    -5.11429    0.053013
        2119    -4.45455    -5.11398   0.0529889
        2120     -4.3587    -5.11362   0.0529651
        2121    -4.28641    -5.11323   0.0529416
        2122    -4.24506    -5.11283   0.0529182
        2123    -4.24718    -5.11242   0.0528949
        2124    -4.31119    -5.11204   0.0528713
        2125    -4.42802    -5.11172   0.0528474
        2126    -4.54735    -5.11145   0.0528232
        2127    -4.61299    -5.11122   0.0527989
        2128    -4.59399    -5.11098   0.0527746
        2129    -4.48304    -5.11068   0.0527507
        2130    -4.29664     -5.1103   0.0527273
        2131    -4.09276    -5.10982   0.0527047
        2132    -3.96578    -5.10928   0.0526827
        2133    -3.97927    -5.10875   0.0526607
        2134    -4.11039    -5.10829   0.0526381
        2135    -4.28422     -5.1079   0.0526148
        2136    -4.43481    -5.10759   0.0525912
        2137    -4.53073    -5.10732   0.0525672
        2138    -4.57001    -5.10706   0.0525433
        2139     -4.5637    -5.10681   0.0525193
        2140     -4.5241    -5.10654   0.0524955
        2141     -4.4602    -5.10624   0.0524718
        2142    -4.37799     -5.1059   0.0524484
        2143     -4.2821    -5.10551   0.0524254
        2144    -4.17875    -5.10508   0.0524027
        2145    -4.07736     -5.1046   0.0523804
        2146    -3.99008    -5.10408   0.0523586
        2147    -3.92777    -5.10353   0.0523371
        2148     -3.8948    -5.10297   0.0523158
        2149     -3.8875     -5.1024   0.0522945
        2150    -3.89897    -5.10184   0.0522731
        2151    -3.92463     -5.1013   0.0522517
        2152    -3.96311    -5.10077   0.0522301
        2153    -4.01206    -5.10026   0.0522083
        2154    -4.06512    -5.09978   0.0521863
        2155    -4.11426    -5.09933    0.052164
        2156    -4.15221    -5.09889   0.0521417
        2157    -4.17435    -5.09846   0.0521193
        2158    -4.17908    -5.09803   0.0520969
        2159    -4.16635     -5.0976   0.0520745
        2160     -4.1374    -5.09716   0.0520523
        2161    -4.09492    -5.09669   0.0520303
        2162    -4.04355     -5.0962   0.0520085
        2163    -3.99114    -5.09569    0.051987
        2164    -3.94702    -5.09516   0.0519657
        2165    -3.91688    -5.09462   0.0519445
        2166    -3.89983    -5.09407   0.0519235
        2167    -3.89081    -5.09351   0.0519025
        2168    -3.88739    -5.09296   0.0518815
        2169    -3.89215     -5.0924   0.0518605
        2170    -3.90796    -5.09186   0.0518395
        2171    -3.93205    -5.09132   0.0518184
        2172    -3.95531     -5.0908   0.0517972
        2173    -3.96815    -5.09028   0.0517759
        2174    -3.96548    -5.08976   0.0517547
        2175     -3.9504    -5.08924   0.0517335
        2176    -3.93246    -5.08871   0.0517125
        2177    -3.92247    -5.08817   0.0516915
        2178    -3.92493    -5.08764   0.0516705
        2179     -3.9355    -5.08711   0.0516495
        2180    -3.94394    -5.08659   0.0516285
        2181    -3.94088    -5.08606   0.0516075
        2182    -3.92148    -5.08553   0.0515866
        2183     -3.8844    -5.08498   0.0515659
        2184    -3.82939     -5.0844   0.0515455
        2185    -3.75639    -5.08379   0.0515255
        2186    -3.67399    -5.08315    0.051506
        2187    -3.61472    -5.08248   0.0514868
        2188    -3.62369    -5.08181   0.0514676
        2189    -3.70113    -5.08118   0.0514479
        2190    -3.77939    -5.08059   0.0514279
        2191    -3.77917    -5.07999   0.0514078
        2192    -3.66729    -5.07935   0.0513884
        2193    -3.49569    -5.07863   0.0513701
        2194    -3.41742    -5.07787   0.0513522
        2195    -3.55114    -5.07717   0.0513335
        2196    -3.80763    -5.07659   0.0513134
        2197     -4.0234    -5.07611   0.0512923
        2198    -4.13984    -5.07569   0.0512707
        2199    -4.17584    -5.07528   0.0512491
        2200    -4.16175    -5.07486   0.0512274
        2201    -4.11849    -5.07443    0.051206
        2202     -4.0575    -5.07397   0.0511848
        2203    -3.98625    -5.07347    0.051164
        2204    -3.91229    -5.07295   0.0511435
        2205    -3.84726    -5.07239   0.0511233
        2206    -3.80946    -5.07182   0.0511033
        2207    -3.81936    -5.07125   0.0510833
        2208    -3.88241    -5.07071    0.051063
        2209     -3.9769    -5.07022   0.0510423
        2210    -4.06721    -5.06976   0.0510212
        2211    -4.12765    -5.06934   0.0509999
        2212    -4.15073    -5.06892   0.0509786
        2213    -4.14284     -5.0685   0.0509573
        2214    -4.11922    -5.06808   0.0509361
        2215    -4.09857    -5.06764   0.0509149
        2216    -4.09461     -5.0672   0.0508939
        2217    -4.10844    -5.06677   0.0508727
        2218    -4.12964    -5.06634   0.0508516
        2219    -4.14729    -5.06593   0.0508303
        2220    -4.15773    -5.06552   0.0508091
        2221    -4.16112    -5.06511   0.0507878
        2222    -4.15407     -5.0647   0.0507666
        2223    -4.13444    -5.06428   0.0507455
        2224    -4.11371    -5.06386   0.0507245
        2225    -4.11484    -5.06343   0.0507035
        2226    -4.14734    -5.06302   0.0506824
        2227     -4.1923    -5.06263   0.0506611
        2228    -4.21574    -5.06225   0.0506398
        2229    -4.19294    -5.06186   0.0506186
        2230    -4.12984    -5.06144   0.0505976
        2231    -4.07671      -5.061   0.0505769
        2232    -4.09421    -5.06057   0.0505561
        2233    -4.18131    -5.06017    0.050535
        2234    -4.28055    -5.05982   0.0505136
        2235    -4.35034    -5.05951   0.0504919
        2236    -4.38663     -5.0592   0.0504703
        2237    -4.40231    -5.05891   0.0504486
        2238    -4.40923    -5.05862   0.0504268
        2239    -4.41306    -5.05833   0.0504052
        2240    -4.41433    -5.05805   0.0503835
        2241     -4.4112    -5.05776   0.0503618
        2242    -4.40157    -5.05746   0.0503402
        2243    -4.38466    -5.05716   0.0503187
        2244    -4.36075    -5.05685   0.0502972
        2245    -4.33083    -5.05653   0.0502758
        2246    -4.29729    -5.05619   0.0502546
        2247    -4.26584    -5.05584   0.0502334
        2248    -4.24531    -5.05548   0.0502124
        2249    -4.23977    -5.05512   0.0501914
        2250    -4.24266    -5.05476   0.0501704
        2251    -4.24659     -5.0544   0.0501494
        2252    -4.25863    -5.05404   0.0501283
        2253    -4.29852    -5.05371   0.0501072
        2254    -4.37763    -5.05341   0.0500859
        2255    -4.48346    -5.05316   0.0500643
        2256    -4.58536    -5.05295   0.0500425
        2257    -4.65502    -5.05277   0.0500207
        2258    -4.68534    -5.05261   0.0499988
        2259    -4.69388    -5.05245   0.0499769
        2260    -4.70142    -5.05229    0.049955
        2261    -4.70232    -5.05214   0.0499332
        2262    -4.66899    -5.05197   0.0499114
        2263    -4.58614    -5.05176   0.0498898
        2264    -4.47135    -5.05151   0.0498684
        2265    -4.36748    -5.05121   0.0498473
        2266    -4.32049    -5.05088   0.0498263
        2267    -4.35177    -5.05058   0.0498053
        2268    -4.44479    -5.05031   0.0497841
        2269    -4.56769     -5.0501   0.0497626
        2270    -4.69544    -5.04994   0.0497409
        2271    -4.80548    -5.04983   0.0497191
        2272    -4.87265    -5.04975   0.0496973
        2273    -4.87675    -5.04968   0.0496755
        2274    -4.80866    -5.04957   0.0496537
        2275    -4.67299    -5.04941   0.0496322
        2276    -4.49504    -5.04916    0.049611
        2277    -4.32504    -5.04884   0.0495902
        2278    -4.21628    -5.04848   0.0495698
        2279    -4.19219     -5.0481   0.0495495
        2280    -4.24233    -5.04775    0.049529
        2281    -4.34087    -5.04744   0.0495083
        2282    -4.45871    -5.04718   0.0494872
        2283    -4.57314    -5.04697    0.049466
        2284    -4.67152    -5.04681   0.0494446
        2285    -4.74908    -5.04668   0.0494231
        2286     -4.8047    -5.04657   0.0494016
        2287    -4.83763    -5.04648   0.0493801
        2288     -4.8466     -5.0464   0.0493586
        2289    -4.82972     -5.0463   0.0493371
        2290    -4.78509    -5.04619   0.0493157
        2291     -4.7136    -5.04604   0.0492944
        2292    -4.62257    -5.04586   0.0492733
        2293    -4.52742    -5.04563   0.0492523
        2294    -4.44024    -5.04537   0.0492315
        2295    -4.35417    -5.04507    0.049211
        2296    -4.25144    -5.04472   0.0491908
        2297    -4.13375    -5.04432    0.049171
        2298    -4.03521    -5.04388   0.0491515
        2299    -4.00187    -5.04343   0.0491322
        2300    -4.05958      -5.043   0.0491127
        2301     -4.1921    -5.04263   0.0490928
        2302    -4.35073    -5.04233   0.0490724
        2303    -4.48975    -5.04209   0.0490516
        2304    -4.58728     -5.0419   0.0490308
        2305    -4.63976    -5.04172   0.0490098
        2306     -4.6515    -5.04155   0.0489888
        2307    -4.62678    -5.04137   0.0489679
        2308    -4.56767    -5.04117   0.0489471
        2309    -4.47504    -5.04092   0.0489266
        2310     -4.3568    -5.04063   0.0489063
        2311    -4.24192    -5.04028   0.0488863
        2312    -4.17619    -5.03991   0.0488666
        2313    -4.16981    -5.03953   0.0488469
        2314    -4.15405    -5.03915   0.0488273
        2315    -4.01973    -5.03871   0.0488082
        2316    -3.70053    -5.03813   0.0487906
        2317    -3.29456    -5.03738   0.0487753
        2318     -3.1106    -5.03655   0.0487614
        2319    -3.30462     -5.0358    0.048746
        2320    -3.65838     -5.0352   0.0487286
        2321    -3.95492    -5.03474   0.0487099
        2322    -4.14199    -5.03435   0.0486904
        2323    -4.23474    -5.03401   0.0486707
        2324    -4.25602    -5.03368   0.0486509
        2325    -4.22349    -5.03333   0.0486312
        2326    -4.14914    -5.03295   0.0486118
        2327    -4.04266    -5.03252   0.0485928
        2328    -3.91896    -5.03204   0.0485742
        2329    -3.80619    -5.03152   0.0485562
        2330    -3.74155    -5.03096   0.0485385
        2331    -3.74923    -5.03041   0.0485208
        2332    -3.82037    -5.02989   0.0485028
        2333    -3.92015    -5.02942   0.0484844
        2334    -4.01361    -5.02898   0.0484655
        2335    -4.08183    -5.02858   0.0484465
        2336    -4.12139    -5.02819   0.0484273
        2337    -4.13746    -5.02781   0.0484081
        2338    -4.13785    -5.02743   0.0483889
        2339    -4.13044    -5.02704   0.0483697
        2340    -4.12216    -5.02666   0.0483506
        2341    -4.11861    -5.02627   0.0483315
        2342    -4.12412    -5.02588   0.0483124
        2343    -4.14082    -5.02551   0.0482932
        2344    -4.16832    -5.02514    0.048274
        2345     -4.2031    -5.02479   0.0482547
        2346    -4.23981    -5.02446   0.0482353
        2347    -4.27041    -5.02413   0.0482158
        2348    -4.28439    -5.02382   0.0481963
        2349    -4.26825     -5.0235   0.0481769
        2350    -4.21061    -5.02315   0.0481576
        2351    -4.11713    -5.02277   0.0481387
        2352    -4.02267    -5.02234   0.0481201
        2353    -3.96673    -5.02189   0.0481017
        2354    -3.94764    -5.02144   0.0480834
        2355    -3.93217    -5.02097   0.0480652
        2356    -3.89762     -5.0205   0.0480472
        2357    -3.84593       -5.02   0.0480294
        2358    -3.81953    -5.01949   0.0480117
        2359    -3.89226    -5.01901   0.0479938
        2360    -4.08735    -5.01862    0.047975
        2361    -4.33696    -5.01833   0.0479556
        2362    -4.55705    -5.01813   0.0479357
        2363    -4.71062      -5.018   0.0479156
        2364    -4.79715    -5.01791   0.0478954
        2365     -4.8258    -5.01783   0.0478752
        2366    -4.80691    -5.01774   0.0478551
        2367    -4.75974    -5.01763    0.047835
        2368    -4.72053     -5.0175   0.0478149
        2369    -4.72353    -5.01738   0.0477949
        2370    -4.76541    -5.01727   0.0477749
        2371     -4.8074    -5.01719   0.0477548
        2372    -4.81304     -5.0171   0.0477347
        2373    -4.76782    -5.01699   0.0477147
        2374    -4.67561    -5.01685   0.0476949
        2375    -4.55224    -5.01666   0.0476752
        2376    -4.42507    -5.01641   0.0476558
        2377    -4.33174    -5.01612   0.0476366
        2378    -4.30884    -5.01582   0.0476175
        2379     -4.3678    -5.01555   0.0475982
        2380    -4.47923    -5.01532   0.0475788
        2381    -4.59049    -5.01514   0.0475591
        2382    -4.66093      -5.015   0.0475394
        2383    -4.68279    -5.01486   0.0475197
        2384    -4.67748    -5.01472   0.0474999
        2385    -4.67366    -5.01457   0.0474802
        2386    -4.68212    -5.01443   0.0474605
        2387    -4.69055     -5.0143   0.0474408
        2388    -4.68531    -5.01416   0.0474212
        2389     -4.6729    -5.01402   0.0474015
        2390    -4.67174    -5.01387   0.0473819
        2391    -4.68743    -5.01374   0.0473623
        2392    -4.70849    -5.01361   0.0473427
        2393    -4.72758    -5.01349    0.047323
        2394    -4.74928    -5.01338   0.0473034
        2395    -4.77415    -5.01328   0.0472838
        2396     -4.7871    -5.01319   0.0472641
        2397    -4.76395    -5.01308   0.0472445
        2398    -4.68272    -5.01294    0.047225
        2399    -4.53638    -5.01274   0.0472058
        2400    -4.36084    -5.01247   0.0471869
        2401    -4.25141    -5.01216   0.0471683
        2402    -4.28775    -5.01185   0.0471496
        2403    -4.43901    -5.01162   0.0471306
        2404    -4.60672    -5.01145   0.0471113
        2405    -4.71688    -5.01133   0.0470918
        2406    -4.74552    -5.01121   0.0470724
        2407    -4.70387    -5.01109    0.047053
        2408    -4.62461    -5.01093   0.0470338
        2409    -4.55909    -5.01074   0.0470146
        2410    -4.55513    -5.01055   0.0469955
        2411    -4.61053    -5.01038   0.0469763
        2412    -4.67192    -5.01024    0.046957
        2413    -4.68498    -5.01011   0.0469377
        2414    -4.61902    -5.00995   0.0469186
        2415    -4.46535    -5.00972   0.0468997
        2416    -4.24939    -5.00941   0.0468813
        2417    -4.05487    -5.00901   0.0468636
        2418    -4.00656     -5.0086   0.0468461
        2419    -4.15456    -5.00824    0.046828
        2420    -4.39716    -5.00799   0.0468094
        2421    -4.59708    -5.00782   0.0467903
        2422    -4.69324    -5.00769   0.0467712
        2423    -4.69069    -5.00756   0.0467521
        2424    -4.62094     -5.0074   0.0467331
        2425    -4.52188     -5.0072   0.0467142
        2426    -4.43312    -5.00696   0.0466956
        2427    -4.39173    -5.00671    0.046677
        2428    -4.41363    -5.00647   0.0466584
        2429    -4.47492    -5.00625   0.0466397
        2430     -4.5254    -5.00605   0.0466209
        2431    -4.51849    -5.00585   0.0466022
        2432    -4.43458    -5.00561   0.0465836
        2433    -4.29248    -5.00532   0.0465654
        2434    -4.12719    -5.00496   0.0465477
        2435    -3.94181    -5.00452   0.0465306
        2436    -3.73412      -5.004   0.0465144
        2437    -3.58692    -5.00342    0.046499
        2438    -3.60639    -5.00285   0.0464834
        2439    -3.76059    -5.00234   0.0464672
        2440    -3.93256     -5.0019   0.0464502
        2441    -4.05869    -5.00151   0.0464328
        2442    -4.14097    -5.00116   0.0464151
        2443    -4.19596    -5.00083   0.0463973
        2444     -4.2266    -5.00052   0.0463794
        2445    -4.22912     -5.0002   0.0463615
        2446    -4.20605    -4.99988   0.0463436
        2447    -4.17029    -4.99954   0.0463259
        2448    -4.13941    -4.99918   0.0463084
        2449    -4.12621    -4.99883   0.0462908
        2450    -4.13201    -4.99847   0.0462733
        2451    -4.14809    -4.99813   0.0462557
        2452    -4.16404    -4.99779   0.0462381
        2453    -4.17438    -4.99745   0.0462205
        2454    -4.17796    -4.99712   0.0462028
        2455    -4.17603    -4.99678   0.0461852
        2456    -4.16971    -4.99645   0.0461676
        2457    -4.15786    -4.99611   0.0461501
        2458    -4.13604    -4.99576   0.0461327
        2459    -4.09645    -4.99539   0.0461153
        2460    -4.03087      -4.995   0.0460983
        2461    -3.93482    -4.99457   0.0460815
        2462    -3.81614    -4.99409   0.0460653
        2463    -3.70319    -4.99356   0.0460496
        2464    -3.63913    -4.99301   0.0460342
        2465    -3.65463    -4.99247   0.0460187
        2466    -3.73463    -4.99196   0.0460029
        2467    -3.82416    -4.99149   0.0459867
        2468    -3.87306    -4.99103   0.0459703
        2469    -3.86355    -4.99058   0.0459539
        2470    -3.80567     -4.9901   0.0459378
        2471    -3.72704    -4.98959   0.0459221
        2472     -3.6647    -4.98905   0.0459066
        2473    -3.64772    -4.98851   0.0458913
        2474     -3.6739    -4.98798   0.0458758
        2475    -3.71567    -4.98746   0.0458601
        2476     -3.7485    -4.98696   0.0458443
        2477    -3.76433    -4.98647   0.0458285
        2478    -3.76536    -4.98598   0.0458126
        2479    -3.75452    -4.98548   0.0457969
        2480    -3.73233    -4.98497   0.0457812
        2481    -3.69814    -4.98446   0.0457657
        2482    -3.65279    -4.98392   0.0457504
        2483    -3.60182    -4.98336   0.0457353
        2484    -3.55756    -4.98279   0.0457205
        2485    -3.53531    -4.98221   0.0457058
        2486    -3.54101    -4.98163   0.0456911
        2487     -3.5624    -4.98106   0.0456763
        2488    -3.57771    -4.98049   0.0456614
        2489    -3.57211    -4.97993   0.0456466
        2490     -3.5469    -4.97935   0.0456319
        2491     -3.5191    -4.97876   0.0456173
        2492    -3.51031    -4.97818   0.0456028
        2493     -3.5308    -4.97759   0.0455882
        2494    -3.57244    -4.97703   0.0455734
        2495     -3.6186    -4.97649   0.0455584
        2496    -3.65733    -4.97596   0.0455432
        2497    -3.68454    -4.97544   0.0455279
        2498    -3.70062    -4.97493   0.0455126
        2499     -3.7051    -4.97442   0.0454972
        2500    -3.69279    -4.97391   0.0454819
        2501    -3.65109    -4.97338   0.0454668
        2502    -3.56245    -4.97282   0.0454521
        2503    -3.42498     -4.9722   0.0454382
        2504    -3.28986    -4.97153    0.045425
        2505    -3.24246    -4.97084   0.0454121
        2506     -3.2856    -4.97016   0.0453989
        2507    -3.32702    -4.96951   0.0453856
        2508    -3.30537    -4.96884   0.0453723
        2509    -3.23484    -4.96815   0.0453595
        2510    -3.16252    -4.96743   0.0453471
        2511    -3.13413     -4.9667   0.0453349
        2512      -3.185      -4.966   0.0453224
        2513    -3.31955    -4.96534   0.0453091
        2514     -3.4923    -4.96475   0.0452949
        2515    -3.64356    -4.96423     0.04528
        2516    -3.74433    -4.96374   0.0452645
        2517    -3.79732    -4.96328   0.0452489
        2518    -3.81658    -4.96283   0.0452333
        2519    -3.81567    -4.96237   0.0452176
        2520    -3.80443    -4.96191    0.045202
        2521    -3.78943    -4.96145   0.0451864
        2522    -3.77548    -4.96097    0.045171
        2523    -3.76625     -4.9605   0.0451556
        2524    -3.76515    -4.96003   0.0451401
        2525    -3.77418    -4.95956   0.0451247
        2526    -3.79387     -4.9591   0.0451092
        2527    -3.82156    -4.95865   0.0450936
        2528    -3.85189    -4.95821   0.0450779
        2529    -3.87746    -4.95778   0.0450621
        2530    -3.89168    -4.95736   0.0450463
        2531    -3.89094    -4.95694   0.0450304
        2532     -3.8778    -4.95651   0.0450147
        2533    -3.86115    -4.95608    0.044999
        2534    -3.85142    -4.95564   0.0449833
        2535    -3.85353    -4.95521   0.0449677
        2536     -3.8638    -4.95478    0.044952
        2537    -3.87629    -4.95435   0.0449363
        2538    -3.88917    -4.95393   0.0449205
        2539    -3.90484    -4.95352   0.0449048
        2540    -3.92535    -4.95312   0.0448889
        2541    -3.94933    -4.95272    0.044873
        2542    -3.97194    -4.95234    0.044857
        2543     -3.9863    -4.95196   0.0448409
        2544    -3.98645    -4.95158   0.0448249
        2545     -3.9719    -4.95119    0.044809
        2546    -3.95089     -4.9508   0.0447931
        2547    -3.93681     -4.9504   0.0447773
        2548    -3.94008       -4.95   0.0447615
        2549    -3.96224    -4.94962   0.0447456
        2550    -3.99741    -4.94924   0.0447296
        2551    -4.03803    -4.94889   0.0447135
        2552    -4.07847    -4.94854   0.0446973
        2553    -4.11461    -4.94822   0.0446809
        2554    -4.14312     -4.9479   0.0446646
        2555    -4.16076    -4.94759   0.0446481
        2556    -4.16515    -4.94729   0.0446317
        2557     -4.1566    -4.94698   0.0446153
        2558    -4.13971    -4.94666    0.044599
        2559    -4.12617    -4.94634   0.0445827
        2560    -4.13207    -4.94602   0.0445665
        2561    -4.16451    -4.94572   0.0445501
        2562    -4.20205    -4.94543   0.0445337
        2563    -4.18712    -4.94513   0.0445173
        2564    -4.05024    -4.94478   0.0445013
        2565    -3.81763    -4.94434   0.0444861
        2566    -3.71355    -4.94387   0.0444713
        2567    -3.84737    -4.94344   0.0444561
        2568    -3.98713    -4.94307   0.0444403
        2569     -3.9666    -4.94269   0.0444246
        2570     -3.8229    -4.94225   0.0444095
        2571    -3.70252    -4.94177   0.0443948
        2572    -3.75623    -4.94131     0.04438
        2573    -3.94196    -4.94092   0.0443644
        2574    -4.09807    -4.94059   0.0443484
        2575    -4.16456    -4.94029   0.0443322
        2576    -4.17477    -4.93999    0.044316
        2577     -4.1701    -4.93969   0.0442998
        2578    -4.16671    -4.93939   0.0442836
        2579    -4.16129    -4.93909   0.0442675
        2580    -4.15015    -4.93879   0.0442514
        2581    -4.14208    -4.93848   0.0442353
        2582    -4.15206    -4.93817   0.0442192
        2583    -4.18326    -4.93788   0.0442031
        2584    -4.22149     -4.9376   0.0441868
        2585    -4.24618    -4.93734   0.0441705
        2586    -4.23841    -4.93707   0.0441543
        2587    -4.18188    -4.93677   0.0441382
        2588     -4.0651    -4.93644   0.0441224
        2589    -3.89197    -4.93603   0.0441072
        2590    -3.70003    -4.93556   0.0440928
        2591    -3.56118    -4.93503   0.0440789
        2592    -3.53191    -4.93448   0.0440653
        2593    -3.60029    -4.93397   0.0440513
        2594    -3.71141     -4.9335   0.0440368
        2595    -3.82112    -4.93307   0.0440219
        2596    -3.90962    -4.93268   0.0440067
        2597    -3.97155    -4.93231   0.0439914
        2598    -4.00785    -4.93195   0.0439759
        2599    -4.02202     -4.9316   0.0439603
        2600    -4.01846    -4.93125   0.0439448
        2601    -4.00077    -4.93089   0.0439294
        2602    -3.97115    -4.93052   0.0439141
        2603    -3.93023    -4.93014   0.0438989
        2604    -3.87677    -4.92973   0.0438839
        2605     -3.8089     -4.9293   0.0438691
        2606    -3.72538    -4.92884   0.0438547
        2607     -3.6267    -4.92834   0.0438408
        2608    -3.51489     -4.9278   0.0438273
        2609    -3.39613    -4.92721   0.0438144
        2610    -3.29197    -4.92659   0.0438021
        2611     -3.2441    -4.92594   0.0437901
        2612       -3.28    -4.92531   0.0437779
        2613    -3.37467    -4.92472   0.0437651
        2614    -3.47771    -4.92416   0.0437519
        2615    -3.55964    -4.92364   0.0437383
        2616    -3.61643    -4.92314   0.0437244
        2617    -3.65451    -4.92266   0.0437104
        2618     -3.6813    -4.92218   0.0436962
        2619    -3.70228    -4.92172    0.043682
        2620    -3.72008    -4.92126   0.0436678
        2621    -3.73161    -4.92081   0.0436535
        2622    -3.72524    -4.92035   0.0436392
        2623    -3.68033    -4.91988   0.0436251
        2624    -3.57745    -4.91937   0.0436115
        2625    -3.44162     -4.9188   0.0435985
        2626    -3.38034    -4.91822   0.0435859
        2627    -3.48106    -4.91767   0.0435727
        2628    -3.67354     -4.9172   0.0435587
        2629    -3.83798    -4.91679   0.0435441
        2630    -3.93215    -4.91641   0.0435291
        2631    -3.96773    -4.91605   0.0435141
        2632    -3.96559    -4.91569    0.043499
        2633    -3.94365    -4.91532   0.0434841
        2634    -3.91701    -4.91494   0.0434692
        2635    -3.89765    -4.91456   0.0434544
        2636      -3.895    -4.91417   0.0434397
        2637    -3.91624    -4.91379   0.0434248
        2638    -3.95833    -4.91343   0.0434099
        2639    -4.00341    -4.91308   0.0433948
        2640    -4.03172    -4.91275   0.0433797
        2641    -4.04003    -4.91242   0.0433645
        2642    -4.04132    -4.91209   0.0433493
        2643    -4.04646    -4.91176   0.0433342
        2644    -4.04821    -4.91143    0.043319
        2645    -4.02783     -4.9111   0.0433039
        2646     -3.9818    -4.91075    0.043289
        2647    -3.93755    -4.91038   0.0432742
        2648    -3.93241    -4.91001   0.0432594
        2649    -3.97455    -4.90966   0.0432445
        2650    -4.04305    -4.90933   0.0432294
        2651    -4.11991    -4.90903   0.0432142
        2652    -4.19846    -4.90877   0.0431987
        2653      -4.274    -4.90853   0.0431831
        2654     -4.3388    -4.90831   0.0431673
        2655    -4.38574    -4.90812   0.0431515
        2656    -4.41252    -4.90793   0.0431357
        2657    -4.42165    -4.90775   0.0431198
        2658    -4.41688    -4.90756    0.043104
        2659    -4.39761    -4.90737   0.0430882
        2660    -4.35549    -4.90716   0.0430725
        2661    -4.27655    -4.90693    0.043057
        2662    -4.15385    -4.90664   0.0430418
        2663    -4.02276    -4.90631   0.0430269
        2664     -3.9782    -4.90596   0.0430121
        2665    -4.07589    -4.90565   0.0429971
        2666    -4.24305     -4.9054   0.0429817
        2667    -4.37837     -4.9052    0.042966
        2668    -4.44109    -4.90503   0.0429503
        2669    -4.42571    -4.90485   0.0429346
        2670    -4.33525    -4.90464    0.042919
        2671    -4.20237    -4.90437   0.0429038
        2672    -4.11693    -4.90408   0.0428887
        2673    -4.15161     -4.9038   0.0428736
        2674    -4.24931    -4.90355   0.0428583
        2675    -4.28863    -4.90332   0.0428429
        2676    -4.20068    -4.90306   0.0428277
        2677    -3.99341    -4.90272    0.042813
        2678    -3.77186     -4.9023   0.0427991
        2679    -3.71739    -4.90186   0.0427854
        2680    -3.88737    -4.90148   0.0427711
        2681     -4.1227    -4.90119   0.0427562
        2682    -4.27853    -4.90096   0.0427408
        2683    -4.33667    -4.90075   0.0427254
        2684    -4.33422    -4.90053     0.04271
        2685    -4.30644    -4.90031   0.0426947
        2686    -4.27411    -4.90008   0.0426794
        2687    -4.24743    -4.89984   0.0426642
        2688    -4.22785    -4.89959   0.0426491
        2689    -4.20667    -4.89933    0.042634
        2690    -4.16807    -4.89906    0.042619
        2691    -4.09448    -4.89876   0.0426043
        2692    -3.97527    -4.89842   0.0425898
        2693    -3.82677    -4.89802   0.0425759
        2694    -3.71261    -4.89758   0.0425623
        2695    -3.71545    -4.89714   0.0425488
        2696    -3.85776    -4.89675   0.0425348
        2697    -4.07302    -4.89645   0.0425201
        2698    -4.26963    -4.89622    0.042505
        2699    -4.39427    -4.89603   0.0424896
        2700    -4.43622    -4.89586   0.0424742
        2701    -4.40854    -4.89568   0.0424589
        2702    -4.33532    -4.89547   0.0424437
        2703    -4.24626    -4.89523   0.0424286
        2704    -4.17005    -4.89496   0.0424138
        2705    -4.12918    -4.89468   0.0423991
        2706    -4.13918     -4.8944   0.0423843
        2707    -4.19406    -4.89414   0.0423694
        2708    -4.25658    -4.89391   0.0423545
        2709    -4.28968    -4.89368   0.0423394
        2710    -4.28948    -4.89346   0.0423244
        2711    -4.27417    -4.89323   0.0423094
        2712     -4.2546      -4.893   0.0422944
        2713    -4.22444    -4.89275   0.0422796
        2714    -4.17153    -4.89248   0.0422648
        2715    -4.10099    -4.89219   0.0422503
        2716    -4.04668    -4.89188   0.0422358
        2717      -4.042    -4.89157   0.0422215
        2718    -4.07924    -4.89127    0.042207
        2719     -4.1192    -4.89099   0.0421924
        2720    -4.13283    -4.89071   0.0421778
        2721    -4.11631    -4.89042   0.0421633
        2722     -4.0887    -4.89013   0.0421488
        2723    -4.08443    -4.88983   0.0421344
        2724    -4.12467    -4.88955   0.0421198
        2725    -4.19332     -4.8893   0.0421052
        2726    -4.25908    -4.88906   0.0420904
        2727    -4.30745    -4.88885   0.0420755
        2728    -4.34098    -4.88865   0.0420605
        2729    -4.36569    -4.88846   0.0420455
        2730    -4.38468    -4.88827   0.0420305
        2731    -4.39823     -4.8881   0.0420155
        2732    -4.40576    -4.88792   0.0420005
        2733    -4.40623    -4.88774   0.0419855
        2734     -4.3982    -4.88756   0.0419706
        2735    -4.37895    -4.88738   0.0419556
        2736    -4.34496    -4.88718   0.0419408
        2737    -4.29186    -4.88696    0.041926
        2738    -4.21636    -4.88672   0.0419114
        2739    -4.11835    -4.88644    0.041897
        2740    -4.00554    -4.88611    0.041883
        2741    -3.89765    -4.88575   0.0418693
        2742     -3.8225    -4.88537   0.0418558
        2743    -3.80152    -4.88497   0.0418424
        2744    -3.83301    -4.88459   0.0418289
        2745    -3.89005    -4.88423   0.0418152
        2746     -3.9399    -4.88388   0.0418014
        2747    -3.96543    -4.88355   0.0417875
        2748    -3.97374    -4.88322   0.0417736
        2749    -3.98765    -4.88289   0.0417597
        2750    -4.02602    -4.88258   0.0417457
        2751     -4.0915    -4.88229   0.0417315
        2752    -4.17117    -4.88203   0.0417171
        2753    -4.24261     -4.8818   0.0417026
        2754    -4.27562    -4.88158   0.0416881
        2755    -4.23465    -4.88135   0.0416736
        2756    -4.09167    -4.88106   0.0416595
        2757    -3.85732    -4.88069    0.041646
        2758      -3.611    -4.88023   0.0416335
        2759    -3.43917     -4.8797   0.0416216
        2760    -3.32645    -4.87914   0.0416104
        2761    -3.23779    -4.87855   0.0415995
        2762    -3.24364    -4.87796   0.0415887
        2763    -3.40639    -4.87742    0.041577
        2764    -3.65638    -4.87698   0.0415643
        2765    -3.89138    -4.87662   0.0415508
        2766    -4.07196    -4.87633   0.0415368
        2767    -4.19643    -4.87609   0.0415226
        2768     -4.2635    -4.87587   0.0415081
        2769    -4.26539    -4.87565   0.0414937
        2770    -4.18886     -4.8754   0.0414795
        2771    -4.01946    -4.87509   0.0414657
        2772    -3.76799    -4.87469   0.0414526
        2773     -3.5195     -4.8742   0.0414406
        2774    -3.40792    -4.87367    0.041429
        2775     -3.4585    -4.87316   0.0414172
        2776     -3.5682    -4.87269    0.041405
        2777     -3.6561    -4.87225   0.0413924
        2778    -3.70354    -4.87183   0.0413796
        2779    -3.71688    -4.87142   0.0413668
        2780    -3.71235      -4.871    0.041354
        2781    -3.71197    -4.87058   0.0413413
        2782    -3.73318    -4.87018   0.0413284
        2783    -3.77722    -4.86978   0.0413154
        2784    -3.83115    -4.86941   0.0413023
        2785    -3.88069    -4.86906    0.041289
        2786     -3.9187    -4.86871   0.0412756
        2787    -3.94454    -4.86838   0.0412621
        2788    -3.95975    -4.86806   0.0412486
        2789    -3.96328    -4.86773   0.0412351
        2790    -3.94961     -4.8674   0.0412216
        2791    -3.90853    -4.86706   0.0412083
        2792    -3.83281    -4.86669   0.0411952
        2793    -3.74063    -4.86629   0.0411824
        2794    -3.69221    -4.86587   0.0411698
        2795    -3.73921    -4.86546    0.041157
        2796    -3.84331     -4.8651   0.0411439
        2797    -3.91674    -4.86476   0.0411306
        2798    -3.91833    -4.86442   0.0411173
        2799    -3.86826    -4.86406   0.0411042
        2800    -3.80619    -4.86369   0.0410912
        2801    -3.75656    -4.86329   0.0410785
        2802    -3.73325    -4.86289   0.0410658
        2803    -3.75493    -4.86249    0.041053
        2804    -3.82762    -4.86212     0.04104
        2805    -3.92694    -4.86179   0.0410268
        2806    -4.01674    -4.86149   0.0410133
        2807    -4.07727    -4.86121   0.0409996
        2808    -4.11078    -4.86094   0.0409859
        2809    -4.13146    -4.86068   0.0409721
        2810    -4.15231    -4.86043   0.0409583
        2811    -4.17871    -4.86019   0.0409444
        2812     -4.2087    -4.85996   0.0409305
        2813    -4.23753    -4.85973   0.0409166
        2814    -4.26129    -4.85952   0.0409026
        2815    -4.27945    -4.85932   0.0408886
        2816    -4.29291    -4.85911   0.0408746
        2817    -4.30086    -4.85892   0.0408605
        2818    -4.29744    -4.85872   0.0408465
        2819    -4.27153    -4.85851   0.0408326
        2820    -4.21031    -4.85828   0.0408187
        2821    -4.10529    -4.85801   0.0408051
        2822    -3.95906    -4.85769   0.0407919
        2823    -3.79053    -4.85732   0.0407792
        2824    -3.64115    -4.85689    0.040767
        2825    -3.57467    -4.85643   0.0407551
        2826    -3.63973      -4.856    0.040743
        2827    -3.80839    -4.85563   0.0407303
        2828    -3.99254    -4.85532    0.040717
        2829    -4.12172    -4.85507   0.0407034
        2830    -4.17564    -4.85483   0.0406898
        2831    -4.16626    -4.85458   0.0406761
        2832    -4.11592    -4.85432   0.0406626
        2833    -4.04754    -4.85404   0.0406492
        2834    -3.98054    -4.85373   0.0406361
        2835    -3.92604     -4.8534    0.040623
        2836    -3.88374    -4.85306   0.0406102
        2837    -3.84179     -4.8527   0.0405974
        2838    -3.78038    -4.85233   0.0405849
        2839    -3.67903    -4.85191   0.0405727
        2840    -3.53173    -4.85145    0.040561
        2841    -3.37366    -4.85093   0.0405501
        2842    -3.28271    -4.85037   0.0405396
        2843     -3.2951    -4.84983    0.040529
        2844    -3.34245     -4.8493   0.0405182
        2845    -3.34119    -4.84877   0.0405075
        2846    -3.29502    -4.84822   0.0404969
        2847    -3.27977    -4.84767   0.0404864
        2848    -3.34487    -4.84714   0.0404757
        2849    -3.46291    -4.84666   0.0404644
        2850    -3.57929    -4.84621   0.0404526
        2851    -3.66206     -4.8458   0.0404405
        2852    -3.70563     -4.8454   0.0404283
        2853    -3.71778      -4.845   0.0404161
        2854    -3.71007     -4.8446   0.0404039
        2855    -3.69365     -4.8442   0.0403918
        2856    -3.67851    -4.84379   0.0403797
        2857    -3.67286    -4.84338   0.0403676
        2858    -3.68112    -4.84298   0.0403556
        2859    -3.70359    -4.84258   0.0403434
        2860     -3.7366    -4.84219   0.0403312
        2861    -3.77507    -4.84182   0.0403188
        2862      -3.815    -4.84146   0.0403063
        2863    -3.85385    -4.84111   0.0402937
        2864    -3.88979    -4.84078    0.040281
        2865    -3.92113    -4.84046   0.0402682
        2866    -3.94516    -4.84015   0.0402554
        2867    -3.95785    -4.83984   0.0402425
        2868    -3.95425    -4.83953   0.0402297
        2869    -3.92953    -4.83922   0.0402169
        2870    -3.88113    -4.83888   0.0402043
        2871    -3.81129    -4.83852   0.0401918
        2872    -3.72866    -4.83814   0.0401797
        2873     -3.6461    -4.83772   0.0401679
        2874     -3.5841    -4.83729   0.0401563
        2875    -3.58759    -4.83685   0.0401446
        2876    -3.70721    -4.83646   0.0401326
        2877    -3.91799    -4.83614   0.0401199
        2878    -4.12266    -4.83589   0.0401068
        2879    -4.24786    -4.83569   0.0400933
        2880    -4.27312    -4.83549   0.0400799
        2881    -4.21264    -4.83528   0.0400666
        2882    -4.11382    -4.83503   0.0400534
        2883    -4.05073    -4.83475   0.0400405
        2884    -4.06711    -4.83449   0.0400275
        2885    -4.14148    -4.83425   0.0400143
        2886    -4.23592    -4.83404    0.040001
        2887    -4.33679    -4.83387   0.0399875
        2888    -4.44212    -4.83373   0.0399739
        2889    -4.54351    -4.83363   0.0399602
        2890    -4.62691    -4.83356   0.0399464
        2891    -4.67928    -4.83351   0.0399326
        2892    -4.69364    -4.83346   0.0399189
        2893    -4.67012     -4.8334   0.0399051
        2894    -4.61784    -4.83333   0.0398914
        2895    -4.55558    -4.83323   0.0398777
        2896     -4.5067    -4.83312   0.0398641
        2897     -4.4895      -4.833   0.0398505
        2898    -4.50909    -4.83289   0.0398369
        2899    -4.55803    -4.83279   0.0398233
        2900    -4.62433    -4.83272   0.0398096
        2901    -4.69695    -4.83267   0.0397959
        2902    -4.76668    -4.83265   0.0397822
        2903    -4.82133    -4.83265   0.0397685
        2904    -4.84183    -4.83265   0.0397548
        2905    -4.80474    -4.83264   0.0397412
        2906    -4.68931    -4.83259   0.0397275
        2907    -4.48973    -4.83247    0.039714
        2908     -4.2317    -4.83227   0.0397009
        2909    -3.99399    -4.83198   0.0396883
        2910    -3.89556    -4.83166    0.039676
        2911    -3.98787    -4.83137   0.0396634
        2912    -4.18898    -4.83115   0.0396504
        2913    -4.39206      -4.831   0.0396371
        2914    -4.54374     -4.8309   0.0396236
        2915    -4.62809    -4.83083     0.03961
        2916     -4.6497    -4.83077   0.0395965
        2917    -4.62744     -4.8307    0.039583
        2918    -4.58804    -4.83061   0.0395695
        2919    -4.55364    -4.83052   0.0395561
        2920    -4.53366    -4.83042   0.0395427
        2921    -4.52707    -4.83031   0.0395293
        2922    -4.53075    -4.83021   0.0395159
        2923    -4.54128    -4.83011   0.0395025
        2924    -4.55503    -4.83002   0.0394891
        2925    -4.56784    -4.82993   0.0394757
        2926    -4.57543    -4.82984   0.0394623
        2927    -4.57384    -4.82975   0.0394489
        2928    -4.56035    -4.82966   0.0394355
        2929    -4.53462    -4.82956   0.0394222
        2930    -4.50099    -4.82945   0.0394089
        2931    -4.46807    -4.82933   0.0393956
        2932    -4.44518    -4.82919   0.0393824
        2933    -4.43659    -4.82906   0.0393692
        2934     -4.4372    -4.82893    0.039356
        2935    -4.43462    -4.82879   0.0393429
        2936    -4.41363    -4.82865   0.0393297
        2937    -4.35657    -4.82849   0.0393166
        2938    -4.24449    -4.82829   0.0393038
        2939    -4.07325    -4.82803   0.0392912
        2940    -3.89605    -4.82772   0.0392791
        2941    -3.82189    -4.82738   0.0392673
        2942    -3.89007    -4.82706   0.0392552
        2943    -4.01586    -4.82678   0.0392429
        2944    -4.11777    -4.82654   0.0392303
        2945    -4.17833    -4.82632   0.0392176
        2946    -4.20783    -4.82611   0.0392048
        2947    -4.21788     -4.8259    0.039192
        2948     -4.2181     -4.8257   0.0391793
        2949     -4.2177    -4.82549   0.0391666
        2950    -4.22394    -4.82529   0.0391538
        2951    -4.23872    -4.82509    0.039141
        2952    -4.25808     -4.8249   0.0391283
        2953    -4.27395    -4.82471   0.0391155
        2954      -4.277    -4.82453   0.0391026
        2955     -4.2572    -4.82433   0.0390899
        2956    -4.20312    -4.82412   0.0390772
        2957    -4.10993    -4.82388   0.0390648
        2958    -4.00164     -4.8236   0.0390525
        2959    -3.94217    -4.82331   0.0390405
        2960    -3.98041    -4.82302   0.0390283
        2961    -4.08396    -4.82277   0.0390159
        2962    -4.18009    -4.82255   0.0390034
        2963    -4.22829    -4.82235   0.0389907
        2964     -4.2275    -4.82215   0.0389781
        2965    -4.19496    -4.82194   0.0389655
        2966    -4.14973    -4.82171    0.038953
        2967    -4.10386    -4.82147   0.0389407
        2968    -4.06045    -4.82122   0.0389284
        2969    -4.01874    -4.82095   0.0389162
        2970    -3.98017    -4.82066   0.0389041
        2971    -3.95076    -4.82037   0.0388921
        2972    -3.93871    -4.82007   0.0388802
        2973    -3.94933    -4.81978   0.0388682
        2974    -3.98107     -4.8195   0.0388562
        2975    -4.02589    -4.81923    0.038844
        2976    -4.07269    -4.81898   0.0388318
        2977    -4.11088    -4.81874   0.0388195
        2978    -4.13431    -4.81851   0.0388071
        2979    -4.14253    -4.81829   0.0387948
        2980    -4.14058    -4.81806   0.0387824
        2981    -4.13859    -4.81783   0.0387701
        2982    -4.14729    -4.81761   0.0387577
        2983    -4.17194    -4.81739   0.0387453
        2984    -4.20925    -4.81719   0.0387329
        2985    -4.25004      -4.817   0.0387204
        2986    -4.28501    -4.81682   0.0387078
        2987     -4.3078    -4.81665   0.0386952
        2988    -4.31313    -4.81648   0.0386826
        2989     -4.2924     -4.8163   0.0386701
        2990    -4.23042    -4.81611   0.0386577
        2991    -4.10464    -4.81587   0.0386455
        2992    -3.89409    -4.81556   0.0386338
        2993    -3.60296    -4.81516    0.038623
        2994    -3.29739    -4.81465   0.0386134
        2995    -3.11402    -4.81408   0.0386047
        2996    -3.17313    -4.81353   0.0385957
        2997    -3.44564    -4.81308   0.0385855
        2998    -3.78153    -4.81273   0.0385742
        2999    -4.06304    -4.81248   0.0385621
        3000    -4.25236     -4.8123   0.0385497
        3001    -4.35308    -4.81214   0.0385372
        3002    -4.37884      -4.812   0.0385246
        3003    -4.34679    -4.81184   0.0385121
        3004    -4.28178    -4.81167   0.0384997
        3005    -4.21702    -4.81147   0.0384874
        3006     -4.1795    -4.81126   0.0384752
        3007    -4.17055    -4.81105    0.038463
        3008    -4.16755    -4.81083   0.0384508
        3009     -4.1457    -4.81061   0.0384386
        3010    -4.09276    -4.81037   0.0384266
        3011    -4.01629    -4.81011   0.0384147
        3012    -3.94873    -4.80982    0.038403
        3013     -3.9366    -4.80953   0.0383914
        3014    -4.00009    -4.80927   0.0383796
        3015    -4.10964    -4.80903   0.0383676
        3016    -4.21804    -4.80884   0.0383553
        3017    -4.29839    -4.80867    0.038343
        3018    -4.34623    -4.80852   0.0383306
        3019    -4.36673    -4.80837   0.0383182
        3020    -4.36731    -4.80822   0.0383058
        3021    -4.35614    -4.80807   0.0382934
        3022    -4.34046    -4.80792    0.038281
        3023    -4.32475    -4.80776   0.0382687
        3024    -4.31009    -4.80759   0.0382564
        3025    -4.29514    -4.80742   0.0382441
        3026    -4.27841    -4.80725   0.0382319
        3027    -4.25753    -4.80707   0.0382197
        3028    -4.22767    -4.80688   0.0382075
        3029     -4.1831    -4.80667   0.0381955
        3030    -4.12478    -4.80645   0.0381835
        3031    -4.07027     -4.8062   0.0381717
        3032    -4.04789    -4.80595   0.0381599
        3033    -4.06866    -4.80571   0.0381481
        3034    -4.11458    -4.80548   0.0381362
        3035     -4.1595    -4.80527   0.0381243
        3036    -4.19172    -4.80507   0.0381123
        3037    -4.21276    -4.80487   0.0381002
        3038    -4.22912    -4.80468   0.0380881
        3039    -4.24712     -4.8045    0.038076
        3040    -4.27117    -4.80432   0.0380639
        3041    -4.30283    -4.80416   0.0380518
        3042     -4.3399    -4.80401   0.0380396
        3043    -4.37687    -4.80387   0.0380273
        3044    -4.40562    -4.80373    0.038015
        3045    -4.41713    -4.80361   0.0380028
        3046    -4.40358    -4.80348   0.0379905
        3047     -4.3603    -4.80333   0.0379783
        3048    -4.28847    -4.80316   0.0379663
        3049    -4.19602    -4.80296   0.0379543
        3050    -4.09447    -4.80273   0.0379426
        3051    -3.99946    -4.80247   0.0379311
        3052    -3.93771    -4.80218   0.0379197
        3053     -3.9372     -4.8019   0.0379083
        3054    -3.99283    -4.80164   0.0378968
        3055    -4.06485    -4.80139   0.0378852
        3056     -4.1173    -4.80117   0.0378735
        3057    -4.13937    -4.80095   0.0378617
        3058    -4.14023    -4.80074   0.0378499
        3059    -4.13677    -4.80052   0.0378382
        3060    -4.14252    -4.80031   0.0378264
        3061    -4.16057     -4.8001   0.0378147
        3062    -4.18443     -4.7999   0.0378028
        3063    -4.20581     -4.7997    0.037791
        3064    -4.21889    -4.79951   0.0377791
        3065    -4.22168    -4.79932   0.0377673
        3066    -4.21351    -4.79913   0.0377554
        3067    -4.19352    -4.79894   0.0377437
        3068    -4.16009    -4.79873   0.0377319
        3069    -4.11154     -4.7985   0.0377203
        3070    -4.04914    -4.79826   0.0377088
        3071    -3.98054    -4.79799   0.0376975
        3072    -3.92165    -4.79771   0.0376863
        3073    -3.89043    -4.79741   0.0376752
        3074    -3.89463    -4.79712    0.037664
        3075    -3.92557    -4.79684   0.0376529
        3076    -3.96675    -4.79657   0.0376416
        3077    -4.00416    -4.79631   0.0376302
        3078    -4.02945    -4.79606   0.0376188
        3079    -4.03845    -4.79581   0.0376074
        3080    -4.02998    -4.79556    0.037596
        3081    -4.00884    -4.79531   0.0375847
        3082    -3.98891    -4.79505   0.0375734
        3083    -3.98968    -4.79479   0.0375621
        3084    -4.02298    -4.79454   0.0375508
        3085    -4.08269    -4.79431   0.0375393
        3086    -4.15099     -4.7941   0.0375277
        3087    -4.21254    -4.79391   0.0375161
        3088    -4.26051    -4.79374   0.0375043
        3089    -4.29373    -4.79357   0.0374925
        3090    -4.31167    -4.79342   0.0374807
        3091    -4.31021    -4.79326   0.0374689
        3092    -4.28063     -4.7931   0.0374572
        3093    -4.21279    -4.79291   0.0374455
        3094    -4.10488    -4.79269   0.0374341
        3095    -3.97332    -4.79242   0.0374229
        3096     -3.8514    -4.79212   0.0374121
        3097    -3.76548    -4.79179   0.0374015
        3098      -3.723    -4.79144    0.037391
        3099    -3.73338     -4.7911   0.0373805
        3100    -3.80569    -4.79078   0.0373698
        3101    -3.91636     -4.7905   0.0373588
        3102    -4.02396    -4.79025   0.0373475
        3103    -4.10595    -4.79003   0.0373362
        3104    -4.16134    -4.78983   0.0373247
        3105    -4.19391    -4.78964   0.0373132
        3106    -4.20504    -4.78945   0.0373016
        3107    -4.19444    -4.78926   0.0372901
        3108    -4.16355    -4.78906   0.0372786
        3109     -4.1155    -4.78884   0.0372673
        3110    -4.05142     -4.7886   0.0372561
        3111    -3.96883    -4.78834    0.037245
        3112    -3.86743    -4.78804   0.0372342
        3113    -3.76033    -4.78771   0.0372237
        3114     -3.6776    -4.78736   0.0372135
        3115     -3.6549    -4.78699   0.0372033
        3116    -3.71386    -4.78665    0.037193
        3117    -3.84172    -4.78634   0.0371823
        3118    -3.99047    -4.78609   0.0371712
        3119    -4.10949    -4.78587   0.0371599
        3120    -4.17476    -4.78568   0.0371485
        3121    -4.18637    -4.78548   0.0371371
        3122    -4.15353    -4.78528   0.0371258
        3123    -4.08661    -4.78506   0.0371146
        3124    -3.99491    -4.78481   0.0371036
        3125    -3.88626    -4.78452   0.0370928
        3126    -3.76797    -4.78419   0.0370824
        3127    -3.65195    -4.78383   0.0370723
        3128    -3.56157    -4.78344   0.0370625
        3129    -3.52689    -4.78304   0.0370528
        3130    -3.56148    -4.78265    0.037043
        3131    -3.64591    -4.78229    0.037033
        3132    -3.74326    -4.78195   0.0370226
        3133    -3.82618    -4.78165   0.0370121
        3134    -3.87609    -4.78136   0.0370014
        3135    -3.86071    -4.78107   0.0369907
        3136    -3.74036    -4.78073   0.0369804
        3137    -3.53355    -4.78034   0.0369708
        3138    -3.36541    -4.77989   0.0369618
        3139     -3.3597    -4.77943   0.0369527
        3140    -3.50243    -4.77903   0.0369432
        3141    -3.67953    -4.77868   0.0369331
        3142    -3.78594    -4.77836   0.0369227
        3143    -3.79055    -4.77805   0.0369123
        3144    -3.72999    -4.77771   0.0369021
        3145    -3.67243    -4.77736    0.036892
        3146    -3.67006    -4.77701    0.036882
        3147    -3.72586    -4.77668   0.0368718
        3148    -3.80965    -4.77637   0.0368613
        3149    -3.89176    -4.77609   0.0368507
        3150      -3.954    -4.77583   0.0368399
        3151    -3.98782    -4.77558   0.0368291
        3152    -3.99336    -4.77533   0.0368182
        3153    -3.97944    -4.77508   0.0368074
        3154    -3.95914    -4.77482   0.0367966
        3155    -3.94224    -4.77455   0.0367859
        3156    -3.93054    -4.77429   0.0367752
        3157    -3.92114    -4.77402   0.0367646
        3158    -3.91196    -4.77374    0.036754
        3159    -3.90296    -4.77347   0.0367434
        3160     -3.8938    -4.77319   0.0367328
        3161    -3.88437    -4.77291   0.0367222
        3162     -3.8765    -4.77262   0.0367117
        3163    -3.87315    -4.77234   0.0367012
        3164    -3.87212    -4.77205   0.0366907
        3165    -3.86142    -4.77177   0.0366803
        3166    -3.81842    -4.77147   0.0366699
        3167    -3.71224    -4.77113   0.0366599
        3168    -3.51516    -4.77074   0.0366504
        3169    -3.25064    -4.77026    0.036642
        3170     -3.0655    -4.76972   0.0366344
        3171    -3.13283     -4.7692   0.0366265
        3172    -3.38838    -4.76877   0.0366175
        3173    -3.63111    -4.76841   0.0366077
        3174      -3.778     -4.7681   0.0365975
        3175    -3.85033    -4.76781   0.0365871
        3176     -3.8864    -4.76753   0.0365767
        3177    -3.90808    -4.76726   0.0365662
        3178    -3.91814    -4.76699   0.0365556
        3179    -3.90233    -4.76672   0.0365451
        3180     -3.8306    -4.76642   0.0365348
        3181    -3.67559    -4.76608    0.036525
        3182    -3.46842    -4.76567   0.0365158
        3183    -3.32957    -4.76522   0.0365071
        3184    -3.33592    -4.76477   0.0364984
        3185    -3.41223    -4.76435   0.0364894
        3186    -3.47509    -4.76394   0.0364802
        3187    -3.51721    -4.76355   0.0364708
        3188    -3.54962    -4.76317   0.0364614
        3189    -3.57193     -4.7628   0.0364518
        3190    -3.58474    -4.76243   0.0364423
        3191    -3.59716    -4.76206   0.0364327
        3192    -3.61952    -4.76171    0.036423
        3193    -3.65281    -4.76136   0.0364133
        3194    -3.68765    -4.76102   0.0364034
        3195    -3.71204     -4.7607   0.0363935
        3196    -3.71891    -4.76037   0.0363836
        3197    -3.70919    -4.76004   0.0363737
        3198    -3.69378    -4.75971   0.0363639
        3199    -3.69152    -4.75937    0.036354
        3200    -3.71922    -4.75905   0.0363441
        3201     -3.7782    -4.75874   0.0363341
        3202    -3.85252    -4.75846   0.0363238
        3203    -3.92056     -4.7582   0.0363134
        3204    -3.96421    -4.75795   0.0363029
        3205    -3.96731     -4.7577   0.0362924
        3206    -3.91047    -4.75744   0.0362821
        3207    -3.77686    -4.75713   0.0362721
        3208     -3.5902    -4.75677   0.0362626
        3209     -3.4546    -4.75636   0.0362535
        3210    -3.46571    -4.75596   0.0362445
        3211    -3.57293    -4.75559   0.0362351
        3212    -3.67106    -4.75525   0.0362254
        3213    -3.72975    -4.75494   0.0362155
        3214    -3.77333    -4.75463   0.0362055
        3215    -3.82696    -4.75434   0.0361954
        3216    -3.89612    -4.75407   0.0361851
        3217    -3.97036    -4.75383   0.0361747
        3218    -4.03633    -4.75361   0.0361641
        3219    -4.08728     -4.7534   0.0361535
        3220    -4.12158     -4.7532   0.0361428
        3221    -4.13824    -4.75301   0.0361321
        3222    -4.13136    -4.75282   0.0361214
        3223    -4.09099    -4.75262   0.0361108
        3224    -4.00967    -4.75239   0.0361003
        3225    -3.89404    -4.75212   0.0360901
        3226     -3.7789    -4.75182   0.0360802
        3227    -3.72067     -4.7515   0.0360704
        3228    -3.75451    -4.75119   0.0360605
        3229    -3.86206    -4.75091   0.0360504
        3230     -3.9965    -4.75068     0.03604
        3231    -4.12133    -4.75049   0.0360294
        3232    -4.21876    -4.75032   0.0360186
        3233    -4.28387    -4.75018   0.0360078
        3234    -4.31909    -4.75004   0.0359969
        3235    -4.33139    -4.74991    0.035986
        3236    -4.32985    -4.74978   0.0359751
        3237    -4.32256    -4.74965   0.0359642
        3238    -4.31451    -4.74952   0.0359534
        3239    -4.30581    -4.74938   0.0359425
        3240    -4.29447    -4.74924   0.0359317
        3241    -4.28146     -4.7491   0.0359209
        3242    -4.27305    -4.74895   0.0359101
        3243    -4.27867     -4.7488   0.0358994
        3244    -4.30254    -4.74867   0.0358886
        3245    -4.34074    -4.74854   0.0358777
        3246    -4.38398    -4.74843   0.0358668
        3247    -4.42369    -4.74833   0.0358559
        3248      -4.454    -4.74824    0.035845
        3249    -4.47025    -4.74815   0.0358341
        3250    -4.46695    -4.74807   0.0358232
        3251    -4.43907    -4.74797   0.0358123
        3252    -4.38576    -4.74786   0.0358014
        3253    -4.31067    -4.74772   0.0357907
        3254    -4.21719    -4.74756     0.03578
        3255    -4.10637    -4.74736   0.0357696
        3256    -3.98498    -4.74713   0.0357594
        3257    -3.87286    -4.74686   0.0357494
        3258    -3.79901    -4.74657   0.0357396
        3259    -3.78591    -4.74628   0.0357299
        3260    -3.83328      -4.746     0.03572
        3261    -3.91716    -4.74574   0.0357099
        3262    -4.00684    -4.74552   0.0356997
        3263    -4.08152    -4.74531   0.0356894
        3264    -4.13362    -4.74512   0.0356789
        3265    -4.16496    -4.74495   0.0356684
        3266     -4.1825    -4.74477   0.0356579
        3267    -4.19239    -4.74461   0.0356474
        3268    -4.19742    -4.74444   0.0356369
        3269    -4.19495    -4.74427   0.0356264
        3270    -4.17724     -4.7441   0.0356159
        3271     -4.1314    -4.74391   0.0356055
        3272    -4.04376     -4.7437   0.0355953
        3273    -3.91278    -4.74344   0.0355853
        3274    -3.77386    -4.74315   0.0355757
        3275     -3.6988    -4.74283   0.0355662
        3276    -3.72418    -4.74252   0.0355567
        3277    -3.80436    -4.74223    0.035547
        3278    -3.87528    -4.74197   0.0355372
        3279    -3.91038    -4.74171   0.0355273
        3280    -3.91089    -4.74146   0.0355173
        3281     -3.8863     -4.7412   0.0355075
        3282    -3.84981    -4.74093   0.0354977
        3283    -3.81852    -4.74064    0.035488
        3284    -3.80731    -4.74036   0.0354783
        3285    -3.81954    -4.74008   0.0354686
        3286     -3.8467    -4.73981   0.0354589
        3287    -3.87795    -4.73955    0.035449
        3288    -3.90766    -4.73929   0.0354392
        3289    -3.93522    -4.73905   0.0354292
        3290    -3.95982    -4.73881   0.0354193
        3291     -3.9765    -4.73858   0.0354092
        3292    -3.97505    -4.73835   0.0353993
        3293     -3.9423    -4.73811   0.0353893
        3294    -3.86963    -4.73784   0.0353796
        3295    -3.77054    -4.73755     0.03537
        3296    -3.69758    -4.73723   0.0353607
        3297    -3.71207    -4.73692   0.0353514
        3298    -3.81044    -4.73664   0.0353418
        3299    -3.92158     -4.7364   0.0353319
        3300    -3.97892    -4.73617    0.035322
        3301    -3.95904    -4.73593    0.035312
        3302    -3.88223    -4.73567   0.0353023
        3303    -3.80273    -4.73539   0.0352927
        3304    -3.77253     -4.7351   0.0352833
        3305    -3.79903    -4.73481   0.0352737
        3306    -3.85791    -4.73455    0.035264
        3307    -3.92636     -4.7343   0.0352542
        3308     -3.9869    -4.73408   0.0352443
        3309    -4.02737    -4.73387   0.0352343
        3310    -4.04411    -4.73366   0.0352243
        3311    -4.03609    -4.73345   0.0352143
        3312    -4.00823    -4.73323   0.0352043
        3313    -3.98882      -4.733   0.0351944
        3314     -4.0152    -4.73279   0.0351844
        3315    -4.08196    -4.73259   0.0351744
        3316    -4.13809    -4.73241   0.0351642
        3317    -4.14221    -4.73223   0.0351541
        3318    -4.09031    -4.73204    0.035144
        3319    -4.00806    -4.73182   0.0351341
        3320    -3.93522    -4.73158   0.0351243
        3321    -3.90116    -4.73133   0.0351146
        3322    -3.90656    -4.73108    0.035105
        3323    -3.93407    -4.73084   0.0350952
        3324    -3.96738    -4.73061   0.0350854
        3325    -3.99517    -4.73039   0.0350755
        3326    -4.00769    -4.73017   0.0350657
        3327    -3.99946    -4.72995   0.0350558
        3328     -3.9714    -4.72973    0.035046
        3329    -3.92673    -4.72949   0.0350363
        3330    -3.87332    -4.72923   0.0350268
        3331    -3.83057    -4.72896   0.0350173
        3332    -3.82272    -4.72869   0.0350078
        3333    -3.85752    -4.72843   0.0349983
        3334    -3.91777    -4.72818   0.0349886
        3335    -3.97636    -4.72796   0.0349789
        3336    -4.01642    -4.72774    0.034969
        3337    -4.03813    -4.72754   0.0349592
        3338    -4.05095    -4.72733   0.0349493
        3339      -4.063    -4.72714   0.0349394
        3340    -4.07509    -4.72694   0.0349295
        3341    -4.08185    -4.72675   0.0349196
        3342    -4.07658    -4.72655   0.0349096
        3343    -4.05431    -4.72635   0.0348998
        3344    -4.01664    -4.72614     0.03489
        3345    -3.97265    -4.72591   0.0348803
        3346     -3.9259    -4.72567   0.0348707
        3347    -3.84642    -4.72541   0.0348613
        3348    -3.66891     -4.7251   0.0348523
        3349    -3.39474     -4.7247   0.0348441
        3350    -3.24426    -4.72426   0.0348365
        3351    -3.39546    -4.72386   0.0348284
        3352    -3.64923    -4.72354   0.0348195
        3353    -3.81409    -4.72327   0.0348101
        3354    -3.89056    -4.72302   0.0348007
        3355    -3.92363    -4.72278   0.0347911
        3356    -3.93754    -4.72255   0.0347815
        3357    -3.94082    -4.72232   0.0347719
        3358     -3.9386    -4.72208   0.0347624
        3359    -3.93669    -4.72185   0.0347528
        3360    -3.94157    -4.72162   0.0347432
        3361    -3.95741    -4.72139   0.0347336
        3362    -3.98407    -4.72117    0.034724
        3363    -4.01783    -4.72096   0.0347143
        3364    -4.05422    -4.72076   0.0347045
        3365    -4.08963    -4.72057   0.0346947
        3366    -4.12205     -4.7204   0.0346849
        3367    -4.15027    -4.72023    0.034675
        3368    -4.17373    -4.72007   0.0346651
        3369    -4.19161    -4.71991   0.0346552
        3370    -4.20272    -4.71975   0.0346452
        3371    -4.20517     -4.7196   0.0346353
        3372    -4.19635    -4.71945   0.0346253
        3373    -4.17198    -4.71928   0.0346155
        3374    -4.12342    -4.71911   0.0346057
        3375     -4.0337    -4.71891    0.034596
        3376    -3.87776    -4.71866   0.0345866
        3377    -3.65217    -4.71834   0.0345778
        3378    -3.45394    -4.71797   0.0345696
        3379    -3.45808    -4.71759   0.0345614
        3380    -3.66716    -4.71728   0.0345526
        3381     -3.9073    -4.71704   0.0345432
        3382    -4.07987    -4.71685   0.0345335
        3383    -4.18777     -4.7167   0.0345236
        3384    -4.25713    -4.71656   0.0345137
        3385    -4.30595    -4.71644   0.0345037
        3386    -4.34146    -4.71633   0.0344937
        3387    -4.36281    -4.71623   0.0344837
        3388    -4.36389    -4.71612   0.0344737
        3389    -4.33719    -4.71601   0.0344637
        3390    -4.28065    -4.71588   0.0344537
        3391    -4.20859    -4.71573   0.0344439
        3392    -4.15319    -4.71557   0.0344342
        3393    -4.14075     -4.7154   0.0344244
        3394    -4.16362    -4.71523   0.0344147
        3395    -4.19002    -4.71508   0.0344049
        3396    -4.19519    -4.71493   0.0343951
        3397    -4.17311    -4.71477   0.0343853
        3398    -4.12853    -4.71459   0.0343756
        3399    -4.06906     -4.7144   0.0343661
        3400     -4.0017    -4.71419   0.0343566
        3401    -3.93193    -4.71396   0.0343473
        3402     -3.8646    -4.71371   0.0343381
        3403    -3.80612    -4.71345    0.034329
        3404    -3.76524    -4.71317   0.0343201
        3405    -3.74682    -4.71289   0.0343111
        3406    -3.74659     -4.7126   0.0343022
        3407    -3.75318    -4.71232   0.0342933
        3408    -3.74836    -4.71204   0.0342844
        3409    -3.70501    -4.71174   0.0342757
        3410    -3.59737    -4.71142   0.0342672
        3411    -3.42111    -4.71104   0.0342592
        3412    -3.20823     -4.7106    0.034252
        3413    -3.03332    -4.71011   0.0342455
        3414    -3.00678    -4.70961   0.0342391
        3415    -3.17422    -4.70916    0.034232
        3416    -3.42416    -4.70878   0.0342241
        3417    -3.62121    -4.70846   0.0342155
        3418    -3.72645    -4.70818   0.0342067
        3419    -3.76148     -4.7079   0.0341978
        3420    -3.75655    -4.70762    0.034189
        3421    -3.73315    -4.70734   0.0341802
        3422    -3.70396    -4.70704   0.0341714
        3423    -3.67599    -4.70674   0.0341628
        3424    -3.65296    -4.70643   0.0341542
        3425     -3.6364    -4.70612   0.0341456
        3426    -3.62604    -4.70581   0.0341371
        3427    -3.62062    -4.70549   0.0341286
        3428    -3.61748    -4.70517   0.0341202
        3429    -3.61286    -4.70485   0.0341117
        3430    -3.60267    -4.70453   0.0341033
        3431    -3.58401     -4.7042   0.0340949
        3432    -3.55998    -4.70387   0.0340866
        3433     -3.5425    -4.70353   0.0340783
        3434     -3.5486     -4.7032   0.0340701
        3435    -3.58467    -4.70287   0.0340617
        3436    -3.63334    -4.70256   0.0340532
        3437    -3.66275    -4.70226   0.0340446
        3438    -3.64932    -4.70195   0.0340361
        3439     -3.5981    -4.70163   0.0340277
        3440    -3.54949     -4.7013   0.0340195
        3441    -3.55453    -4.70096   0.0340112
        3442    -3.62415    -4.70065   0.0340028
        3443    -3.71848    -4.70036   0.0339941
        3444     -3.7989     -4.7001   0.0339853
        3445    -3.86534    -4.69986   0.0339763
        3446    -3.92835    -4.69964   0.0339671
        3447    -3.96629    -4.69942   0.0339579
        3448     -3.9472     -4.6992   0.0339488
        3449    -3.90567    -4.69897   0.0339397
        3450     -3.9406    -4.69875   0.0339306
        3451    -4.06575    -4.69857   0.0339213
        3452    -4.17214    -4.69842   0.0339118
        3453    -4.16848    -4.69827   0.0339023
        3454    -4.03296    -4.69807    0.033893
        3455    -3.79951    -4.69781   0.0338842
        3456    -3.57991    -4.69749    0.033876
        3457    -3.53533    -4.69715   0.0338678
        3458    -3.70806    -4.69687   0.0338593
        3459    -3.97015    -4.69666   0.0338501
        3460     -4.1939    -4.69651   0.0338406
        3461    -4.33974    -4.69641    0.033831
        3462    -4.41543    -4.69633   0.0338214
        3463    -4.43166    -4.69625   0.0338117
        3464    -4.38654    -4.69616    0.033802
        3465    -4.27095    -4.69604   0.0337925
        3466    -4.08984    -4.69586   0.0337832
        3467    -3.89157    -4.69563   0.0337743
        3468    -3.75972    -4.69536   0.0337656
        3469    -3.74978    -4.69509    0.033757
        3470    -3.84766    -4.69485   0.0337481
        3471    -3.98607    -4.69464    0.033739
        3472     -4.0947    -4.69447   0.0337297
        3473    -4.14004    -4.69431   0.0337204
        3474    -4.12016    -4.69414   0.0337111
        3475    -4.04511    -4.69396   0.0337019
        3476    -3.93347    -4.69374   0.0336929
        3477    -3.81675    -4.69349   0.0336842
        3478    -3.72992    -4.69321   0.0336756
        3479    -3.68959    -4.69292   0.0336672
        3480    -3.68612    -4.69263   0.0336588
        3481    -3.69457    -4.69234   0.0336503
        3482    -3.68629    -4.69206   0.0336419
        3483    -3.64079    -4.69175   0.0336336
        3484    -3.56235    -4.69143   0.0336255
        3485    -3.49185    -4.69109   0.0336176
        3486    -3.48168    -4.69074   0.0336098
        3487    -3.54025    -4.69041   0.0336017
        3488     -3.6241     -4.6901   0.0335935
        3489    -3.69039    -4.68982   0.0335851
        3490    -3.72435    -4.68954   0.0335766
        3491    -3.72985    -4.68926   0.0335681
        3492    -3.71531    -4.68899   0.0335597
        3493    -3.68835     -4.6887   0.0335513
        3494    -3.65595     -4.6884    0.033543
        3495    -3.62541     -4.6881   0.0335347
        3496    -3.60264    -4.68779   0.0335266
        3497    -3.58926    -4.68747   0.0335185
        3498    -3.58091    -4.68716   0.0335104
        3499    -3.56698    -4.68684   0.0335023
        3500    -3.53512    -4.68651   0.0334944
        3501    -3.47713    -4.68616   0.0334866
        3502    -3.39792     -4.6858   0.0334791
        3503     -3.3218    -4.68541   0.0334718
        3504    -3.27179      -4.685   0.0334646
        3505    -3.21584    -4.68458   0.0334577
        3506    -3.04734    -4.68412   0.0334514
        3507     -2.6857    -4.68355   0.0334468
        3508    -2.22515    -4.68285   0.0334446
        3509    -2.00376    -4.68208   0.0334437
        3510    -2.41037    -4.68144   0.0334405
        3511     -3.0931    -4.68098    0.033434
        3512    -3.51636    -4.68065   0.0334261
        3513    -3.67283    -4.68036   0.0334178
        3514    -3.70248    -4.68009   0.0334095
        3515    -3.68754     -4.6798   0.0334012
        3516    -3.65942    -4.67951   0.0333929
        3517    -3.62803    -4.67921   0.0333848
        3518    -3.59702    -4.67891   0.0333767
        3519    -3.56782    -4.67859   0.0333687
        3520    -3.53696    -4.67827   0.0333608
        3521    -3.49465    -4.67793    0.033353
        3522    -3.42989    -4.67758   0.0333455
        3523    -3.34543     -4.6772   0.0333381
        3524     -3.2731     -4.6768   0.0333311
        3525    -3.26007     -4.6764    0.033324
        3526    -3.31825    -4.67601   0.0333168
        3527    -3.41057    -4.67565   0.0333093
        3528    -3.49585    -4.67532   0.0333015
        3529    -3.55934      -4.675   0.0332936
        3530    -3.60517     -4.6747   0.0332855
        3531    -3.64179    -4.67441   0.0332774
        3532    -3.67473    -4.67412   0.0332692
        3533    -3.70507    -4.67385   0.0332609
        3534    -3.72937    -4.67358   0.0332525
        3535    -3.73963    -4.67332   0.0332442
        3536    -3.72307    -4.67305   0.0332359
        3537     -3.6649    -4.67277   0.0332277
        3538     -3.5588    -4.67245   0.0332198
        3539    -3.42557     -4.6721   0.0332123
        3540    -3.31492    -4.67171   0.0332051
        3541    -3.26506    -4.67132   0.0331981
        3542    -3.27301    -4.67092   0.0331911
        3543    -3.32145    -4.67054   0.0331839
        3544    -3.39444    -4.67018   0.0331765
        3545     -3.4671    -4.66984   0.0331689
        3546    -3.51698    -4.66952   0.0331611
        3547    -3.53898     -4.6692   0.0331533
        3548    -3.54409    -4.66888   0.0331455
        3549    -3.55001    -4.66857   0.0331376
        3550    -3.57172    -4.66826   0.0331297
        3551    -3.61461    -4.66796   0.0331217
        3552    -3.67602    -4.66768   0.0331136
        3553    -3.74725    -4.66742   0.0331053
        3554    -3.81273    -4.66718   0.0330968
        3555    -3.85422    -4.66695   0.0330883
        3556    -3.86499    -4.66673   0.0330798
        3557    -3.85609     -4.6665   0.0330713
        3558    -3.84358    -4.66627   0.0330628
        3559    -3.82888    -4.66603   0.0330543
        3560    -3.79446    -4.66579   0.0330459
        3561    -3.72513    -4.66552   0.0330377
        3562    -3.64073    -4.66524   0.0330297
        3563    -3.60699    -4.66494   0.0330218
        3564    -3.67463    -4.66466   0.0330137
        3565    -3.81077    -4.66442   0.0330053
        3566    -3.94259    -4.66422   0.0329966
        3567    -4.03028    -4.66404   0.0329879
        3568    -4.06814    -4.66387    0.032979
        3569    -4.05629     -4.6637   0.0329702
        3570    -3.98638    -4.66351   0.0329616
        3571    -3.84936    -4.66329   0.0329531
        3572    -3.66247    -4.66301   0.0329451
        3573    -3.48205    -4.66268   0.0329375
        3574    -3.35484    -4.66231   0.0329303
        3575    -3.28142    -4.66192   0.0329234
        3576    -3.25725    -4.66153   0.0329165
        3577    -3.29339    -4.66115   0.0329095
        3578    -3.39744     -4.6608   0.0329022
        3579     -3.5518    -4.66049   0.0328945
        3580    -3.71701    -4.66022   0.0328864
        3581    -3.85389       -4.66    0.032878
        3582    -3.93572    -4.65979   0.0328694
        3583    -3.95517     -4.6596   0.0328608
        3584    -3.92323    -4.65939   0.0328523
        3585    -3.86323    -4.65917   0.0328439
        3586    -3.80207    -4.65893   0.0328356
        3587    -3.76035    -4.65868   0.0328274
        3588    -3.74348    -4.65843   0.0328192
        3589    -3.74158    -4.65817   0.0328111
        3590    -3.73597    -4.65791    0.032803
        3591    -3.69925    -4.65765   0.0327949
        3592     -3.5899    -4.65735   0.0327871
        3593     -3.3671    -4.65699     0.03278
        3594    -3.07841    -4.65655   0.0327738
        3595     -2.9429    -4.65607   0.0327681
        3596    -3.09805    -4.65564   0.0327619
        3597     -3.3707    -4.65528   0.0327547
        3598    -3.57731    -4.65498    0.032747
        3599    -3.67755    -4.65471    0.032739
        3600    -3.68786    -4.65444    0.032731
        3601    -3.63034    -4.65416   0.0327232
        3602    -3.52959    -4.65385   0.0327156
        3603    -3.42074    -4.65351   0.0327083
        3604    -3.34427    -4.65314   0.0327012
        3605    -3.32163    -4.65277   0.0326942
        3606    -3.34197    -4.65241   0.0326872
        3607    -3.38587    -4.65206     0.03268
        3608     -3.4474    -4.65172   0.0326727
        3609    -3.52373    -4.65141   0.0326651
        3610    -3.60253    -4.65112   0.0326574
        3611    -3.66716    -4.65085   0.0326494
        3612    -3.70738    -4.65059   0.0326415
        3613    -3.72062    -4.65033   0.0326334
        3614    -3.70954    -4.65007   0.0326254
        3615    -3.68173     -4.6498   0.0326175
        3616     -3.6537    -4.64953   0.0326097
        3617    -3.64865    -4.64925   0.0326018
        3618    -3.67959    -4.64898   0.0325939
        3619    -3.73608    -4.64873   0.0325859
        3620    -3.79337    -4.64849   0.0325777
        3621    -3.83171    -4.64827   0.0325695
        3622    -3.84379    -4.64805   0.0325613
        3623    -3.83019    -4.64782   0.0325531
        3624    -3.79463    -4.64758   0.0325449
        3625    -3.74147    -4.64733   0.0325369
        3626    -3.67675    -4.64707   0.0325291
        3627    -3.60793    -4.64678   0.0325213
        3628    -3.54112    -4.64648   0.0325138
        3629    -3.47786    -4.64615   0.0325064
        3630    -3.41527    -4.64581   0.0324993
        3631    -3.35446    -4.64546   0.0324923
        3632    -3.31148    -4.64509   0.0324854
        3633    -3.31537    -4.64473   0.0324785
        3634    -3.38557    -4.64438   0.0324714
        3635    -3.51035    -4.64407    0.032464
        3636    -3.65316    -4.64379   0.0324562
        3637    -3.77952    -4.64356   0.0324481
        3638    -3.87514    -4.64335   0.0324399
        3639    -3.94454    -4.64315   0.0324316
        3640    -3.99789    -4.64298   0.0324231
        3641    -4.03779    -4.64281   0.0324147
        3642    -4.05675    -4.64265   0.0324062
        3643    -4.04741    -4.64249   0.0323977
        3644     -4.0159    -4.64231   0.0323892
        3645    -3.98633    -4.64213   0.0323809
        3646    -3.98322    -4.64195   0.0323725
        3647    -4.00617    -4.64178   0.0323641
        3648    -4.03094    -4.64161   0.0323556
        3649    -4.03571    -4.64145   0.0323472
        3650      -4.019    -4.64127   0.0323388
        3651    -3.99738     -4.6411   0.0323304
        3652     -3.9898    -4.64092    0.032322
        3653    -4.00225    -4.64075   0.0323137
        3654     -4.0242    -4.64058   0.0323053
        3655    -4.03809    -4.64041   0.0322968
        3656    -4.02884    -4.64024   0.0322884
        3657     -3.9862    -4.64007   0.0322801
        3658    -3.90288    -4.63986   0.0322719
        3659     -3.7791    -4.63963    0.032264
        3660    -3.63109    -4.63935   0.0322563
        3661    -3.50137    -4.63904    0.032249
        3662    -3.45253    -4.63872   0.0322418
        3663    -3.52227    -4.63841   0.0322345
        3664    -3.66226    -4.63815   0.0322268
        3665    -3.75097     -4.6379   0.0322189
        3666    -3.69802    -4.63765   0.0322111
        3667    -3.57771    -4.63736   0.0322036
        3668    -3.60843    -4.63708   0.0321961
        3669    -3.81278    -4.63685   0.0321881
        3670    -3.99265    -4.63668   0.0321798
        3671    -4.04791    -4.63652   0.0321714
        3672    -4.00093    -4.63635   0.0321631
        3673     -3.9016    -4.63615    0.032155
        3674    -3.79743    -4.63592    0.032147
        3675    -3.72705    -4.63567   0.0321393
        3676       -3.71    -4.63542   0.0321315
        3677     -3.7355    -4.63517   0.0321237
        3678    -3.76971    -4.63494   0.0321158
        3679    -3.77759     -4.6347   0.0321079
        3680    -3.74628    -4.63446   0.0321001
        3681    -3.69585    -4.63421   0.0320924
        3682    -3.66648    -4.63395   0.0320848
        3683    -3.67791    -4.63369   0.0320771
        3684    -3.71056    -4.63344   0.0320694
        3685     -3.7326    -4.63319   0.0320616
        3686    -3.71959    -4.63294   0.0320539
        3687    -3.65518    -4.63268   0.0320463
        3688    -3.55567    -4.63239   0.0320389
        3689    -3.50095    -4.63208   0.0320317
        3690    -3.56787    -4.63179   0.0320243
        3691    -3.71618    -4.63154   0.0320166
        3692    -3.84447    -4.63133   0.0320086
        3693    -3.90137    -4.63113   0.0320006
        3694    -3.88555    -4.63093   0.0319926
        3695    -3.81234    -4.63071   0.0319847
        3696    -3.70352    -4.63046    0.031977
        3697    -3.58888    -4.63018   0.0319696
        3698    -3.50089    -4.62987   0.0319624
        3699    -3.45997    -4.62955   0.0319553
        3700     -3.4665    -4.62924   0.0319482
        3701    -3.50333    -4.62894    0.031941
        3702    -3.54735    -4.62864   0.0319338
        3703    -3.58157    -4.62836   0.0319264
        3704    -3.59989    -4.62808    0.031919
        3705    -3.60388    -4.62781   0.0319115
        3706    -3.59797    -4.62753   0.0319041
        3707    -3.58593    -4.62725   0.0318968
        3708    -3.57051    -4.62696   0.0318895
        3709    -3.55319    -4.62667   0.0318822
        3710    -3.53489    -4.62638   0.0318749
        3711    -3.51559    -4.62608   0.0318677
        3712    -3.49496    -4.62577   0.0318606
        3713    -3.47265    -4.62546   0.0318536
        3714    -3.44846    -4.62515   0.0318466
        3715    -3.42247    -4.62482   0.0318396
        3716    -3.39447    -4.62449   0.0318328
        3717    -3.36504    -4.62415    0.031826
        3718    -3.33625    -4.62381   0.0318193
        3719    -3.31197    -4.62345   0.0318127
        3720    -3.29658     -4.6231   0.0318062
        3721     -3.2933    -4.62274   0.0317996
        3722    -3.30161    -4.62239   0.0317931
        3723    -3.31824    -4.62204   0.0317865
        3724    -3.33837    -4.62169   0.0317798
        3725    -3.35653    -4.62135   0.0317731
        3726    -3.36484    -4.62101   0.0317664
        3727     -3.3509    -4.62067   0.0317597
        3728    -3.30122    -4.62032   0.0317531
        3729    -3.21277    -4.61994   0.0317468
        3730    -3.11465    -4.61954   0.0317409
        3731    -3.06134    -4.61912   0.0317351
        3732    -3.07348    -4.61871   0.0317293
        3733    -3.11076     -4.6183   0.0317234
        3734    -3.13251     -4.6179   0.0317174
        3735      -3.145    -4.61751   0.0317114
        3736    -3.17881    -4.61712   0.0317052
        3737    -3.24773    -4.61676   0.0316988
        3738    -3.33822    -4.61642   0.0316922
        3739    -3.42785     -4.6161   0.0316853
        3740    -3.50039     -4.6158   0.0316783
        3741    -3.54987    -4.61552   0.0316711
        3742    -3.57744    -4.61524   0.0316638
        3743    -3.58877    -4.61496   0.0316566
        3744    -3.59232    -4.61469   0.0316493
        3745    -3.59772    -4.61442    0.031642
        3746     -3.6114    -4.61415   0.0316347
        3747    -3.63224    -4.61389   0.0316273
        3748    -3.64935    -4.61363   0.0316199
        3749    -3.64527    -4.61337   0.0316126
        3750    -3.60586     -4.6131   0.0316053
        3751    -3.53351    -4.61282   0.0315981
        3752    -3.45192    -4.61251   0.0315912
        3753     -3.3944    -4.61218   0.0315845
        3754    -3.38294    -4.61186   0.0315778
        3755    -3.40978    -4.61154    0.031571
        3756    -3.43893    -4.61122   0.0315641
        3757    -3.44722    -4.61091   0.0315572
        3758     -3.4508     -4.6106   0.0315504
        3759    -3.47511     -4.6103   0.0315434
        3760    -3.52077    -4.61001   0.0315364
        3761    -3.56813    -4.60974   0.0315292
        3762    -3.59598    -4.60947    0.031522
        3763    -3.59385     -4.6092   0.0315147
        3764    -3.57093    -4.60892   0.0315076
        3765    -3.54942    -4.60864   0.0315005
        3766     -3.5427    -4.60836   0.0314934
        3767    -3.54759    -4.60807   0.0314863
        3768     -3.5567     -4.6078   0.0314791
        3769    -3.56832    -4.60752    0.031472
        3770     -3.5947    -4.60725   0.0314648
        3771    -3.64752      -4.607   0.0314575
        3772    -3.70321    -4.60676   0.0314501
        3773      -3.708    -4.60652   0.0314426
        3774    -3.61718    -4.60626   0.0314354
        3775    -3.42239    -4.60594   0.0314286
        3776    -3.17783    -4.60556   0.0314226
        3777    -3.00049    -4.60514   0.0314171
        3778    -2.98411    -4.60471   0.0314117
        3779    -3.11448    -4.60432   0.0314059
        3780    -3.30516    -4.60397   0.0313995
        3781     -3.4745    -4.60367   0.0313926
        3782    -3.58218     -4.6034   0.0313855
        3783     -3.6234    -4.60314   0.0313782
        3784    -3.60974    -4.60288    0.031371
        3785    -3.55931    -4.60261    0.031364
        3786    -3.49932    -4.60232    0.031357
        3787     -3.4645    -4.60201   0.0313502
        3788    -3.47661    -4.60172   0.0313433
        3789    -3.52354    -4.60143   0.0313363
        3790    -3.56811    -4.60116   0.0313293
        3791    -3.57191    -4.60089   0.0313222
        3792    -3.49655     -4.6006   0.0313153
        3793    -3.29137    -4.60025   0.0313089
        3794    -2.92267    -4.59981   0.0313038
        3795    -2.54825    -4.59927   0.0313002
        3796    -2.51544    -4.59872   0.0312968
        3797    -2.76594    -4.59824   0.0312922
        3798    -2.98013    -4.59781   0.0312869
        3799    -3.10185    -4.59742   0.0312811
        3800    -3.18768    -4.59705   0.0312751
        3801    -3.24942    -4.59669   0.0312689
        3802     -3.2699    -4.59634   0.0312626
        3803    -3.24117    -4.59599   0.0312564
        3804     -3.1777    -4.59561   0.0312504
        3805    -3.11384    -4.59523   0.0312446
        3806    -3.08337    -4.59483    0.031239
        3807    -3.09305    -4.59443   0.0312332
        3808    -3.12205    -4.59405   0.0312274
        3809    -3.14575    -4.59367   0.0312216
        3810     -3.1527    -4.59329   0.0312157
        3811    -3.14305    -4.59291   0.0312098
        3812    -3.12218    -4.59252    0.031204
        3813    -3.09639    -4.59213   0.0311983
        3814    -3.07109    -4.59173   0.0311926
        3815    -3.05071    -4.59133   0.0311871
        3816     -3.0386    -4.59092   0.0311815
        3817     -3.0362    -4.59051    0.031176
        3818    -3.04096    -4.59011   0.0311705
        3819    -3.04224     -4.5897    0.031165
        3820    -3.01797    -4.58929   0.0311595
        3821    -2.93644    -4.58886   0.0311544
        3822    -2.77411    -4.58838   0.0311499
        3823    -2.56038    -4.58785   0.0311462
        3824    -2.40648    -4.58728   0.0311433
        3825    -2.42231    -4.58672   0.0311403
        3826    -2.59227    -4.58619   0.0311365
        3827    -2.79794    -4.58573   0.0311319
        3828    -2.94054     -4.5853   0.0311267
        3829    -2.99531    -4.58488   0.0311214
        3830    -2.98383    -4.58446   0.0311161
        3831    -2.94123    -4.58404   0.0311109
        3832    -2.89876     -4.5836   0.0311059
        3833    -2.87154    -4.58315    0.031101
        3834    -2.85142     -4.5827   0.0310961
        3835    -2.81778    -4.58224   0.0310914
        3836    -2.75675    -4.58176    0.031087
        3837    -2.67358    -4.58126   0.0310829
        3838    -2.59337    -4.58075   0.0310791
        3839    -2.55008    -4.58022   0.0310755
        3840    -2.56682    -4.57969   0.0310718
        3841    -2.63942    -4.57919   0.0310678
        3842     -2.7394    -4.57871   0.0310634
        3843    -2.83549    -4.57825   0.0310587
        3844    -2.91031    -4.57782   0.0310536
        3845    -2.96139     -4.5774   0.0310484
        3846    -2.99441    -4.57699    0.031043
        3847    -3.01634    -4.57658   0.0310376
        3848    -3.03296    -4.57618   0.0310321
        3849    -3.04795    -4.57579   0.0310266
        3850    -3.06308    -4.57539    0.031021
        3851    -3.07875      -4.575   0.0310154
        3852    -3.09427    -4.57462   0.0310098
        3853    -3.10725    -4.57424    0.031004
        3854    -3.11281    -4.57386   0.0309983
        3855     -3.1025    -4.57348   0.0309926
        3856    -3.06538    -4.57309   0.0309871
        3857    -2.99603    -4.57268   0.0309817
        3858    -2.90808    -4.57225   0.0309767
        3859     -2.8319     -4.5718   0.0309719
        3860    -2.78226    -4.57133   0.0309674
        3861    -2.75458    -4.57086   0.0309629
        3862    -2.77128    -4.57039   0.0309584
        3863    -2.86484    -4.56995   0.0309536
        3864    -2.99092    -4.56954   0.0309483
        3865    -3.03977    -4.56915   0.0309428
        3866    -2.94532    -4.56873   0.0309376
        3867    -2.78579    -4.56827   0.0309331
        3868    -2.76028     -4.5678   0.0309286
        3869    -2.92293    -4.56738   0.0309235
        3870    -3.11781      -4.567   0.0309178
        3871    -3.21744    -4.56665   0.0309118
        3872    -3.17933    -4.56629   0.0309059
        3873    -3.00937    -4.56589   0.0309005
        3874    -2.79183    -4.56543   0.0308959
        3875    -2.68649    -4.56495   0.0308918
        3876    -2.79242    -4.56449   0.0308872
        3877    -3.03967     -4.5641   0.0308817
        3878    -3.28045    -4.56377   0.0308755
        3879    -3.43202    -4.56348   0.0308689
        3880    -3.49531     -4.5632   0.0308622
        3881    -3.49633    -4.56293   0.0308555
        3882    -3.44953    -4.56264   0.0308489
        3883    -3.36534    -4.56233   0.0308425
        3884    -3.27685      -4.562   0.0308363
        3885    -3.24047    -4.56166   0.0308302
        3886    -3.28678    -4.56133    0.030824
        3887    -3.38573    -4.56103   0.0308176
        3888    -3.48546    -4.56075   0.0308109
        3889     -3.5576    -4.56049   0.0308041
        3890    -3.59718    -4.56025   0.0307971
        3891    -3.60533       -4.56   0.0307902
        3892    -3.57815    -4.55975   0.0307833
        3893    -3.50393    -4.55948   0.0307766
        3894    -3.37833    -4.55917   0.0307702
        3895    -3.24101    -4.55884   0.0307642
        3896    -3.18616    -4.55848   0.0307583
        3897    -3.26254    -4.55815   0.0307522
        3898    -3.39982    -4.55785   0.0307457
        3899     -3.5094    -4.55758    0.030739
        3900    -3.56398    -4.55733   0.0307322
        3901     -3.5739    -4.55708   0.0307254
        3902    -3.55388    -4.55682   0.0307186
        3903    -3.51365    -4.55655   0.0307119
        3904    -3.45912    -4.55627   0.0307053
        3905     -3.3981    -4.55598   0.0306988
        3906    -3.34258    -4.55567   0.0306926
        3907    -3.30479    -4.55535   0.0306864
        3908    -3.29035    -4.55502   0.0306802
        3909    -3.29661     -4.5547   0.0306741
        3910    -3.31751    -4.55438   0.0306679
        3911    -3.34723    -4.55407   0.0306616
        3912    -3.38017    -4.55377   0.0306552
        3913    -3.41079    -4.55348   0.0306488
        3914     -3.4352     -4.5532   0.0306423
        3915    -3.45257    -4.55292   0.0306357
        3916     -3.4646    -4.55264   0.0306292
        3917     -3.4748    -4.55236   0.0306226
        3918    -3.48585    -4.55209    0.030616
        3919    -3.49917    -4.55182   0.0306093
        3920    -3.51405    -4.55156   0.0306027
        3921    -3.52814     -4.5513    0.030596
        3922    -3.53887    -4.55104   0.0305893
        3923     -3.5434    -4.55078   0.0305825
        3924    -3.53974    -4.55052   0.0305758
        3925    -3.52614    -4.55026   0.0305692
        3926    -3.50182    -4.54999   0.0305625
        3927    -3.46622    -4.54972    0.030556
        3928    -3.41945    -4.54943   0.0305496
        3929    -3.36286    -4.54913   0.0305433
        3930    -3.29964    -4.54881   0.0305372
        3931    -3.23634    -4.54848   0.0305312
        3932    -3.18273    -4.54813   0.0305255
        3933    -3.15027    -4.54777   0.0305198
        3934    -3.14684    -4.54742   0.0305141
        3935    -3.17278    -4.54707   0.0305083
        3936    -3.22001    -4.54673   0.0305024
        3937    -3.27672    -4.54641   0.0304964
        3938    -3.33239     -4.5461   0.0304902
        3939    -3.38028    -4.54581   0.0304839
        3940    -3.41742    -4.54552   0.0304775
        3941    -3.44277    -4.54524   0.0304711
        3942    -3.45551    -4.54496   0.0304646
        3943    -3.45414    -4.54469   0.0304581
        3944    -3.43562     -4.5444   0.0304517
        3945    -3.39599    -4.54411   0.0304454
        3946     -3.3317    -4.54381   0.0304392
        3947    -3.24259    -4.54348   0.0304333
        3948    -3.13526    -4.54312   0.0304277
        3949    -3.02767    -4.54274   0.0304224
        3950    -2.94908    -4.54233   0.0304173
        3951    -2.93151    -4.54193   0.0304124
        3952    -2.98886    -4.54153   0.0304072
        3953    -3.09877    -4.54117   0.0304017
        3954    -3.20975    -4.54083   0.0303959
        3955    -3.26769    -4.54051   0.0303899
        3956    -3.23901    -4.54018    0.030384
        3957    -3.13802    -4.53983   0.0303784
        3958    -3.05852    -4.53945    0.030373
        3959    -3.10499    -4.53909   0.0303675
        3960    -3.25141    -4.53876   0.0303616
        3961    -3.39146    -4.53847   0.0303553
        3962    -3.47154     -4.5382   0.0303488
        3963    -3.49287    -4.53794   0.0303423
        3964    -3.46672    -4.53767   0.0303359
        3965    -3.39766    -4.53738   0.0303296
        3966    -3.28977    -4.53707   0.0303236
        3967    -3.16433    -4.53672   0.0303179
        3968    -3.07604    -4.53635   0.0303125
        3969    -3.08619    -4.53599   0.0303071
        3970    -3.19194    -4.53565   0.0303013
        3971    -3.32393    -4.53535   0.0302952
        3972    -3.42088    -4.53506   0.0302889
        3973    -3.46536     -4.5348   0.0302825
        3974    -3.46702    -4.53453    0.030276
        3975    -3.44209    -4.53425   0.0302697
        3976    -3.40175    -4.53397   0.0302634
        3977    -3.34954    -4.53367   0.0302573
        3978    -3.28563    -4.53336   0.0302513
        3979    -3.21527    -4.53302   0.0302455
        3980    -3.15657    -4.53268   0.0302399
        3981    -3.13659    -4.53233   0.0302343
        3982    -3.17153    -4.53199   0.0302286
        3983    -3.25276    -4.53166   0.0302228
        3984    -3.35277    -4.53137   0.0302166
        3985    -3.44007    -4.53109   0.0302103
        3986    -3.49287    -4.53083   0.0302038
        3987    -3.50261    -4.53058   0.0301973
        3988    -3.47127    -4.53031   0.0301909
        3989    -3.40859    -4.53003   0.0301847
        3990    -3.33327    -4.52973   0.0301786
        3991    -3.27208    -4.52941   0.0301727
        3992    -3.24859    -4.52909   0.0301668
        3993    -3.26985    -4.52878   0.0301609
        3994    -3.32261    -4.52848   0.0301549
        3995    -3.38498    -4.52819   0.0301487
        3996    -3.44014    -4.52792   0.0301424
        3997    -3.48062    -4.52766    0.030136
        3998    -3.50588     -4.5274   0.0301295
        3999    -3.51873    -4.52715   0.0301231
        4000    -3.52311     -4.5269   0.0301166
        4001      -3.523    -4.52665   0.0301101
        4002    -3.52149     -4.5264   0.0301036
        4003     -3.5196    -4.52614   0.0300971
        4004    -3.51227    -4.52589   0.0300907
        4005    -3.48242    -4.52563   0.0300843
        4006    -3.39834    -4.52535   0.0300781
        4007    -3.23354    -4.52503   0.0300723
        4008    -3.04084    -4.52466   0.0300671
        4009    -2.98246    -4.52427   0.0300621
        4010    -3.11622    -4.52392   0.0300566
        4011    -3.29498    -4.52361   0.0300507
        4012    -3.40609    -4.52333   0.0300445
        4013    -3.45015    -4.52307   0.0300382
        4014    -3.46058     -4.5228   0.0300319
        4015    -3.46154    -4.52254   0.0300256
        4016    -3.46617    -4.52228   0.0300192
        4017    -3.48176    -4.52202   0.0300129
        4018    -3.50911    -4.52176   0.0300065
        4019    -3.53862    -4.52152        0.03
        4020    -3.55203    -4.52128   0.0299935
        4021    -3.53303    -4.52103   0.0299871
        4022    -3.48465    -4.52078   0.0299807
        4023    -3.43957    -4.52051   0.0299745
        4024    -3.43687    -4.52024   0.0299682
        4025     -3.4792    -4.51998   0.0299619
        4026     -3.5328    -4.51973   0.0299555
        4027    -3.56872     -4.5195   0.0299489
        4028    -3.58251    -4.51926   0.0299424
        4029    -3.58573    -4.51903   0.0299359
        4030    -3.59283     -4.5188   0.0299293
        4031     -3.6144    -4.51858   0.0299227
        4032    -3.65438    -4.51836   0.0299161
        4033    -3.71094    -4.51816   0.0299093
        4034    -3.77747    -4.51798   0.0299025
        4035    -3.84524    -4.51781   0.0298955
        4036    -3.90464    -4.51766   0.0298885
        4037    -3.94605    -4.51752   0.0298815
        4038    -3.95923    -4.51738   0.0298744
        4039    -3.93415    -4.51724   0.0298673
        4040    -3.86865    -4.51708   0.0298604
        4041    -3.78225     -4.5169   0.0298535
        4042    -3.72192     -4.5167   0.0298468
        4043    -3.73266     -4.5165     0.02984
        4044    -3.81175    -4.51633   0.0298332
        4045    -3.91645    -4.51618   0.0298262
        4046    -4.00554    -4.51606   0.0298191
        4047     -4.0556    -4.51594   0.0298119
        4048    -4.05944    -4.51583   0.0298048
        4049    -4.02453    -4.51571   0.0297976
        4050    -3.97506    -4.51557   0.0297906
        4051    -3.94306    -4.51543   0.0297836
        4052    -3.94694    -4.51529   0.0297765
        4053    -3.97691    -4.51516   0.0297695
        4054    -4.00497    -4.51503   0.0297624
        4055    -4.00365    -4.51491   0.0297553
        4056    -3.96105    -4.51477   0.0297483
        4057    -3.88954    -4.51462   0.0297414
        4058    -3.82345    -4.51445   0.0297346
        4059    -3.79804    -4.51427   0.0297278
        4060    -3.83002     -4.5141   0.0297209
        4061    -3.91844    -4.51396   0.0297139
        4062    -4.04485    -4.51384   0.0297069
        4063    -4.17429    -4.51376   0.0296997
        4064    -4.27212     -4.5137   0.0296924
        4065    -4.31616    -4.51365   0.0296852
        4066    -4.29406    -4.51359   0.0296779
        4067    -4.19868    -4.51352   0.0296707
        4068     -4.0377     -4.5134   0.0296636
        4069    -3.85328    -4.51324   0.0296568
        4070    -3.72212    -4.51304   0.0296501
        4071    -3.70572    -4.51284   0.0296435
        4072    -3.79589    -4.51267   0.0296368
        4073    -3.93061    -4.51253   0.0296298
        4074    -4.05437    -4.51241   0.0296228
        4075    -4.14355    -4.51232   0.0296156
        4076    -4.19505    -4.51224   0.0296085
        4077    -4.21179    -4.51217   0.0296013
        4078    -4.19631    -4.51209   0.0295942
        4079    -4.15044    -4.51201    0.029587
        4080    -4.07812     -4.5119     0.02958
        4081    -3.99011    -4.51177    0.029573
        4082    -3.90346    -4.51162   0.0295661
        4083    -3.83452    -4.51146   0.0295594
        4084    -3.78701    -4.51128   0.0295526
        4085    -3.75237    -4.51109    0.029546
        4086    -3.72443     -4.5109   0.0295394
        4087    -3.71209     -4.5107   0.0295328
        4088    -3.73067    -4.51051   0.0295262
        4089    -3.77883    -4.51034   0.0295195
        4090    -3.83906    -4.51017   0.0295128
        4091    -3.89517    -4.51002   0.0295059
        4092    -3.94458    -4.50988    0.029499
        4093    -3.99708    -4.50976   0.0294921
        4094    -4.06144    -4.50965   0.0294851
        4095    -4.13444    -4.50956    0.029478
        4096    -4.20489    -4.50948   0.0294709
        4097    -4.26368    -4.50942   0.0294638
        4098    -4.30632    -4.50937   0.0294567
        4099    -4.33096    -4.50933   0.0294495
        4100    -4.33652    -4.50929   0.0294424
        4101    -4.32246    -4.50924   0.0294352
        4102     -4.2894    -4.50919   0.0294281
        4103    -4.24117    -4.50912    0.029421
        4104    -4.18626    -4.50904   0.0294139
        4105    -4.13867    -4.50895   0.0294069
        4106     -4.1127    -4.50886   0.0293999
        4107    -4.11443    -4.50876   0.0293929
        4108     -4.1379    -4.50867   0.0293859
        4109    -4.17047    -4.50859   0.0293788
        4110    -4.20117    -4.50851   0.0293718
        4111    -4.22523    -4.50844   0.0293647
        4112    -4.24117    -4.50838   0.0293577
        4113    -4.24503    -4.50832   0.0293506
        4114    -4.22603    -4.50825   0.0293435
        4115    -4.17232    -4.50817   0.0293365
        4116    -4.09747    -4.50807   0.0293296
        4117    -4.06396    -4.50796   0.0293226
        4118    -4.12704    -4.50786   0.0293157
        4119    -4.23912     -4.5078   0.0293086
        4120    -4.29588    -4.50775   0.0293015
        4121    -4.24612    -4.50768   0.0292945
        4122    -4.11839    -4.50759   0.0292875
        4123    -3.99347    -4.50747   0.0292807
        4124    -3.93999    -4.50733   0.0292739
        4125    -3.96211     -4.5072   0.0292671
        4126    -4.02858    -4.50708   0.0292603
        4127    -4.11724    -4.50699   0.0292533
        4128    -4.21495    -4.50691   0.0292463
        4129    -4.30397    -4.50687   0.0292393
        4130    -4.36564    -4.50683   0.0292322
        4131    -4.39113     -4.5068   0.0292252
        4132    -4.38617    -4.50677   0.0292181
        4133    -4.37099    -4.50674   0.0292111
        4134    -4.36955    -4.50671    0.029204
        4135    -4.39206    -4.50668    0.029197
        4136    -4.42434    -4.50666   0.0291899
        4137    -4.43834    -4.50664   0.0291829
        4138    -4.41432    -4.50662   0.0291758
        4139    -4.35668    -4.50659   0.0291688
        4140    -4.29634    -4.50653   0.0291618
        4141     -4.2698    -4.50648   0.0291548
        4142    -4.27601    -4.50642   0.0291478
        4143    -4.26812    -4.50636   0.0291408
        4144    -4.21124    -4.50629   0.0291339
        4145     -4.1264     -4.5062    0.029127
        4146    -4.07726     -4.5061   0.0291202
        4147    -4.12307    -4.50601   0.0291133
        4148      -4.248    -4.50594   0.0291063
        4149    -4.36696    -4.50591   0.0290993
        4150    -4.41646    -4.50589   0.0290923
        4151    -4.38515    -4.50586   0.0290853
        4152    -4.28397    -4.50581   0.0290784
        4153    -4.12722    -4.50571   0.0290715
        4154    -3.93648    -4.50558   0.0290648
        4155     -3.7564     -4.5054   0.0290584
        4156    -3.65362    -4.50519   0.0290521
        4157    -3.67847    -4.50499   0.0290458
        4158    -3.81846    -4.50483   0.0290393
        4159    -4.00544    -4.50471   0.0290326
        4160    -4.16963    -4.50463   0.0290257
        4161    -4.27426    -4.50457   0.0290188
        4162    -4.31389    -4.50453   0.0290119
        4163    -4.29958    -4.50448   0.0290049
        4164    -4.24768    -4.50442    0.028998
        4165    -4.17373    -4.50434   0.0289912
        4166    -4.08934    -4.50424   0.0289844
        4167    -4.00146    -4.50412   0.0289777
        4168    -3.91602    -4.50397   0.0289711
        4169    -3.84147    -4.50382   0.0289646
        4170    -3.78676    -4.50364   0.0289581
        4171     -3.7555    -4.50346   0.0289517
        4172    -3.74291    -4.50328   0.0289454
        4173    -3.73902     -4.5031    0.028939
        4174    -3.73492    -4.50292   0.0289327
        4175      -3.725    -4.50273   0.0289263
        4176    -3.70755    -4.50254     0.02892
        4177    -3.68348    -4.50234   0.0289138
        4178    -3.65523    -4.50214   0.0289076
        4179    -3.62455    -4.50193   0.0289014
        4180    -3.59128    -4.50171   0.0288953
        4181    -3.55389    -4.50149   0.0288893
        4182    -3.51342    -4.50125   0.0288834
        4183    -3.47715      -4.501   0.0288775
        4184    -3.45793    -4.50075   0.0288717
        4185    -3.46387    -4.50051   0.0288658
        4186    -3.48892    -4.50027   0.0288599
        4187    -3.51688    -4.50003    0.028854
        4188    -3.53377     -4.4998    0.028848
        4189    -3.53618    -4.49957   0.0288421
        4190    -3.52877    -4.49934   0.0288361
        4191    -3.51637     -4.4991   0.0288302
        4192    -3.49822    -4.49886   0.0288243
        4193    -3.47144    -4.49862   0.0288185
        4194    -3.44225    -4.49837   0.0288127
        4195    -3.43215    -4.49811    0.028807
        4196    -3.45995    -4.49787   0.0288012
        4197    -3.51793    -4.49763   0.0287952
        4198    -3.57612    -4.49741   0.0287892
        4199    -3.60665     -4.4972   0.0287831
        4200    -3.59836    -4.49699   0.0287771
        4201    -3.55357    -4.49676   0.0287711
        4202    -3.48311    -4.49652   0.0287653
        4203    -3.40159    -4.49626   0.0287596
        4204    -3.31675    -4.49598   0.0287541
        4205    -3.21023    -4.49567   0.0287489
        4206    -3.03292    -4.49533   0.0287442
        4207    -2.79617    -4.49492   0.0287402
        4208    -2.70241     -4.4945   0.0287365
        4209    -2.89019    -4.49412   0.0287322
        4210    -3.16843     -4.4938   0.0287271
        4211    -3.36607    -4.49353   0.0287215
        4212    -3.47248    -4.49329   0.0287158
        4213    -3.51644    -4.49306   0.0287099
        4214    -3.52259    -4.49283    0.028704
        4215    -3.51487     -4.4926   0.0286981
        4216    -3.51328    -4.49236   0.0286922
        4217    -3.52586    -4.49213   0.0286864
        4218    -3.54859    -4.49191   0.0286804
        4219    -3.57337    -4.49169   0.0286745
        4220    -3.59528    -4.49148   0.0286684
        4221      -3.613    -4.49127   0.0286624
        4222     -3.6262    -4.49107   0.0286564
        4223    -3.63376    -4.49086   0.0286503
        4224      -3.634    -4.49066   0.0286442
        4225    -3.62426    -4.49046   0.0286382
        4226    -3.60039    -4.49025   0.0286322
        4227    -3.55577    -4.49003   0.0286263
        4228    -3.48372    -4.48979   0.0286205
        4229    -3.38571    -4.48953   0.0286149
        4230    -3.28375    -4.48924   0.0286096
        4231     -3.2184    -4.48894   0.0286044
        4232    -3.21557    -4.48864   0.0285992
        4233    -3.25738    -4.48835   0.0285939
        4234    -3.30355    -4.48807   0.0285885
        4235    -3.33371     -4.4878   0.0285831
        4236    -3.36011    -4.48753   0.0285776
        4237    -3.40909    -4.48728    0.028572
        4238    -3.48954    -4.48704   0.0285662
        4239    -3.58242    -4.48683   0.0285602
        4240    -3.65668    -4.48663   0.0285542
        4241    -3.69165    -4.48644   0.0285481
        4242    -3.68711    -4.48626    0.028542
        4243    -3.66066    -4.48606   0.0285359
        4244    -3.63351    -4.48586   0.0285299
        4245    -3.61463    -4.48565   0.0285239
        4246    -3.60185    -4.48545   0.0285179
        4247    -3.59639    -4.48524    0.028512
        4248    -3.60416    -4.48503    0.028506
        4249    -3.62138    -4.48483      0.0285
        4250    -3.63309    -4.48463    0.028494
        4251    -3.62821    -4.48442   0.0284881
        4252    -3.60818    -4.48422   0.0284821
        4253    -3.58268    -4.48401   0.0284762
        4254    -3.55994    -4.48379   0.0284703
        4255    -3.54005    -4.48357   0.0284645
        4256    -3.51178    -4.48334   0.0284587
        4257    -3.45531     -4.4831   0.0284531
        4258    -3.35884    -4.48283   0.0284476
        4259    -3.25008    -4.48254   0.0284424
        4260    -3.20636    -4.48224   0.0284373
        4261    -3.28207    -4.48196    0.028432
        4262     -3.4323    -4.48172   0.0284264
        4263    -3.57092     -4.4815   0.0284206
        4264     -3.6542    -4.48131   0.0284146
        4265    -3.67693    -4.48112   0.0284085
        4266    -3.63678    -4.48092   0.0284025
        4267    -3.51889     -4.4807   0.0283968
        4268    -3.32454    -4.48043   0.0283914
        4269     -3.1459    -4.48011   0.0283865
        4270    -3.14011     -4.4798   0.0283816
        4271    -3.30433    -4.47952   0.0283763
        4272    -3.48519    -4.47929   0.0283706
        4273    -3.60042    -4.47909   0.0283647
        4274    -3.65702    -4.47889   0.0283587
        4275    -3.67951    -4.47871   0.0283527
        4276    -3.68265    -4.47852   0.0283467
        4277     -3.6727    -4.47833   0.0283407
        4278    -3.65334    -4.47814   0.0283347
        4279    -3.62841    -4.47794   0.0283288
        4280    -3.60219    -4.47774   0.0283229
        4281    -3.57762    -4.47753   0.0283171
        4282    -3.55401    -4.47731   0.0283113
        4283    -3.52729    -4.47709   0.0283055
        4284    -3.49172    -4.47686   0.0282998
        4285    -3.44374    -4.47662   0.0282943
        4286    -3.38524    -4.47636   0.0282888
        4287    -3.32606    -4.47609   0.0282835
        4288    -3.28148    -4.47582   0.0282783
        4289    -3.26605    -4.47553   0.0282731
        4290    -3.28627    -4.47526   0.0282678
        4291    -3.33842    -4.47499   0.0282625
        4292    -3.41093    -4.47474    0.028257
        4293    -3.49033    -4.47451   0.0282514
        4294    -3.56583     -4.4743   0.0282456
        4295    -3.63128    -4.47411   0.0282397
        4296    -3.68532    -4.47392   0.0282337
        4297     -3.7303    -4.47375   0.0282277
        4298    -3.76993    -4.47359   0.0282216
        4299    -3.80684    -4.47343   0.0282154
        4300    -3.84118    -4.47328   0.0282092
        4301    -3.87024    -4.47314    0.028203
        4302    -3.88957    -4.47301   0.0281968
        4303    -3.89485    -4.47287   0.0281906
        4304    -3.88255    -4.47274   0.0281844
        4305    -3.85177    -4.47259   0.0281782
        4306    -3.80489    -4.47244   0.0281721
        4307    -3.74863    -4.47227    0.028166
        4308    -3.69484    -4.47209   0.0281601
        4309    -3.65892     -4.4719   0.0281542
        4310    -3.65424    -4.47171   0.0281483
        4311    -3.68541    -4.47153   0.0281423
        4312    -3.74516    -4.47136   0.0281363
        4313    -3.81632    -4.47121   0.0281302
        4314    -3.87874    -4.47107    0.028124
        4315    -3.91994    -4.47094   0.0281178
        4316    -3.94139    -4.47082   0.0281115
        4317    -3.96186     -4.4707   0.0281053
        4318    -4.01304     -4.4706    0.028099
        4319    -4.11687    -4.47051   0.0280926
        4320    -4.25444    -4.47046   0.0280861
        4321    -4.37886    -4.47044   0.0280796
        4322    -4.45683    -4.47044   0.0280731
        4323    -4.48224    -4.47044   0.0280666
        4324    -4.46295    -4.47044   0.0280601
        4325     -4.4077    -4.47043   0.0280537
        4326    -4.32612    -4.47039   0.0280472
        4327    -4.23638    -4.47034   0.0280408
        4328    -4.15567    -4.47027   0.0280344
        4329    -4.06413    -4.47017   0.0280281
        4330     -3.9171    -4.47004   0.0280219
        4331    -3.76478    -4.46988   0.0280159
        4332    -3.79365    -4.46973   0.0280098
        4333    -4.05503    -4.46963   0.0280035
        4334    -4.35812     -4.4696   0.0279971
        4335    -4.55438    -4.46962   0.0279906
        4336    -4.62387    -4.46966   0.0279842
        4337    -4.58915    -4.46969   0.0279778
        4338    -4.47955    -4.46969   0.0279713
        4339    -4.34499    -4.46966   0.0279649
        4340     -4.2616    -4.46961   0.0279585
        4341    -4.27978    -4.46957   0.0279521
        4342    -4.37191    -4.46955   0.0279457
        4343    -4.46985    -4.46955   0.0279392
        4344    -4.52646    -4.46956   0.0279328
        4345    -4.52653    -4.46957   0.0279264
        4346    -4.47093    -4.46957   0.0279199
        4347    -4.36835    -4.46955   0.0279135
        4348    -4.24138     -4.4695   0.0279072
        4349    -4.13605    -4.46942   0.0279008
        4350    -4.10538    -4.46934   0.0278946
        4351    -4.16115    -4.46927   0.0278882
        4352    -4.25879    -4.46922   0.0278819
        4353    -4.34558    -4.46919   0.0278755
        4354     -4.3985    -4.46917   0.0278691
        4355    -4.41951    -4.46916   0.0278627
        4356    -4.41875    -4.46915   0.0278563
        4357    -4.40518    -4.46914   0.0278499
        4358    -4.38442    -4.46912   0.0278435
        4359    -4.35878    -4.46909   0.0278371
        4360    -4.32782    -4.46906   0.0278308
        4361    -4.28953    -4.46902   0.0278244
        4362    -4.24165    -4.46896   0.0278181
        4363    -4.18454     -4.4689   0.0278118
        4364    -4.12502    -4.46882   0.0278055
        4365    -4.07697    -4.46873   0.0277993
        4366    -4.05333    -4.46864   0.0277931
        4367    -4.05305    -4.46854   0.0277869
        4368    -4.06013    -4.46845   0.0277807
        4369    -4.05889    -4.46835   0.0277745
        4370    -4.04763    -4.46826   0.0277683
        4371    -4.03331    -4.46816   0.0277621
        4372    -4.01401    -4.46805    0.027756
        4373    -3.97013    -4.46794   0.0277499
        4374    -3.89544    -4.46781   0.0277438
        4375    -3.84583    -4.46767   0.0277378
        4376    -3.90156    -4.46754   0.0277318
        4377    -4.04326    -4.46744   0.0277256
        4378    -4.17425    -4.46737   0.0277194
        4379    -4.24142    -4.46732   0.0277131
        4380    -4.25407    -4.46727   0.0277068
        4381    -4.24681    -4.46722   0.0277005
        4382     -4.2516    -4.46717   0.0276943
        4383    -4.28141    -4.46713    0.027688
        4384    -4.32863     -4.4671   0.0276817
        4385    -4.37821    -4.46708   0.0276754
        4386    -4.41565    -4.46707   0.0276691
        4387    -4.42126    -4.46706   0.0276628
        4388    -4.36262    -4.46703   0.0276565
        4389     -4.2156    -4.46698   0.0276502
        4390    -4.04378    -4.46688   0.0276441
        4391    -4.03035    -4.46678    0.027638
        4392    -4.23355    -4.46673   0.0276317
        4393    -4.46271    -4.46673   0.0276255
        4394    -4.56299    -4.46675   0.0276192
        4395    -4.52786    -4.46676   0.0276129
        4396    -4.42243    -4.46675   0.0276066
        4397    -4.32699    -4.46672   0.0276004
        4398    -4.30237    -4.46668   0.0275941
        4399    -4.36688    -4.46666   0.0275878
        4400    -4.49119    -4.46667   0.0275816
        4401    -4.61712     -4.4667   0.0275753
        4402    -4.69616    -4.46675   0.0275691
        4403    -4.71131    -4.46681   0.0275629
        4404    -4.66704    -4.46685   0.0275567
        4405    -4.57383    -4.46688   0.0275504
        4406     -4.4474    -4.46687   0.0275442
        4407    -4.32465    -4.46684    0.027538
        4408     -4.2678     -4.4668   0.0275317
        4409    -4.31889    -4.46676   0.0275255
        4410    -4.44779    -4.46676   0.0275193
        4411     -4.5857    -4.46678   0.0275131
        4412    -4.68853    -4.46683   0.0275069
        4413     -4.7475     -4.4669   0.0275007
        4414    -4.76809    -4.46697   0.0274946
        4415    -4.75683    -4.46703   0.0274884
        4416    -4.71848    -4.46709   0.0274822
        4417    -4.65786    -4.46713   0.0274761
        4418    -4.58253    -4.46716   0.0274698
        4419    -4.50517    -4.46717   0.0274636
        4420    -4.44364    -4.46716   0.0274574
        4421    -4.41642    -4.46715   0.0274512
        4422    -4.43292    -4.46714    0.027445
        4423    -4.48511    -4.46715   0.0274388
        4424    -4.55068    -4.46717   0.0274326
        4425    -4.60509     -4.4672   0.0274264
        4426    -4.63248    -4.46723   0.0274203
        4427    -4.62784    -4.46727   0.0274141
        4428    -4.59473     -4.4673   0.0274079
        4429    -4.54446    -4.46732   0.0274017
        4430    -4.49281    -4.46732   0.0273955
        4431    -4.45153    -4.46732   0.0273894
        4432    -4.42031    -4.46731   0.0273832
        4433    -4.39495    -4.46729    0.027377
        4434    -4.38038    -4.46727   0.0273708
        4435    -4.38408    -4.46725   0.0273647
        4436    -4.40106    -4.46724   0.0273585
        4437    -4.41908    -4.46723   0.0273523
        4438    -4.43373    -4.46722   0.0273462
        4439     -4.4494    -4.46722     0.02734
        4440    -4.46967    -4.46722   0.0273339
        4441    -4.49273    -4.46722   0.0273277
        4442    -4.51272    -4.46723   0.0273216
        4443    -4.52149    -4.46724   0.0273154
        4444    -4.50863    -4.46725   0.0273093
        4445    -4.46773    -4.46725   0.0273031
        4446    -4.40366    -4.46724    0.027297
        4447    -4.33146    -4.46721   0.0272909
        4448    -4.26531    -4.46716   0.0272848
        4449    -4.21259    -4.46711   0.0272787
        4450     -4.1766    -4.46704   0.0272726
        4451    -4.14891    -4.46697   0.0272666
        4452    -4.10166    -4.46689   0.0272606
        4453    -4.01407    -4.46679   0.0272547
        4454    -3.92991    -4.46667   0.0272488
        4455    -3.94828    -4.46655    0.027243
        4456    -4.08384    -4.46646    0.027237
        4457    -4.22592    -4.46641   0.0272309
        4458    -4.27898    -4.46637   0.0272248
        4459    -4.22336    -4.46631   0.0272188
        4460    -4.09116    -4.46623   0.0272128
        4461    -3.96336    -4.46612    0.027207
        4462    -3.94151      -4.466   0.0272011
        4463    -4.03746     -4.4659   0.0271952
        4464    -4.15859    -4.46583   0.0271892
        4465    -4.23037    -4.46578   0.0271831
        4466    -4.24179    -4.46573   0.0271771
        4467    -4.21108    -4.46567   0.0271711
        4468    -4.15828    -4.46561   0.0271651
        4469    -4.09886    -4.46552   0.0271591
        4470    -4.04465    -4.46543   0.0271532
        4471    -4.00306    -4.46533   0.0271473
        4472    -3.97744    -4.46522   0.0271415
        4473    -3.96773    -4.46511   0.0271356
        4474    -3.97189    -4.46499   0.0271298
        4475    -3.98566    -4.46489    0.027124
        4476    -4.00232    -4.46478   0.0271181
        4477    -4.01527    -4.46468   0.0271122
        4478    -4.02068    -4.46458   0.0271063
        4479    -4.01971    -4.46449   0.0271005
        4480    -4.01671    -4.46439   0.0270946
        4481    -4.01529    -4.46429   0.0270888
        4482    -4.01311    -4.46418   0.0270829
        4483    -3.99883    -4.46408   0.0270771
        4484    -3.95407    -4.46397   0.0270713
        4485    -3.86979    -4.46383   0.0270655
        4486    -3.78038    -4.46368   0.0270599
        4487    -3.76824    -4.46353   0.0270544
        4488    -3.87204     -4.4634   0.0270486
        4489    -4.02668     -4.4633   0.0270428
        4490    -4.15169    -4.46323   0.0270369
        4491    -4.21641    -4.46317   0.0270309
        4492    -4.21649    -4.46312   0.0270249
        4493    -4.14622    -4.46305    0.027019
        4494    -4.00035    -4.46295   0.0270132
        4495    -3.80365     -4.4628   0.0270076
        4496     -3.6423    -4.46262   0.0270022
        4497    -3.60986    -4.46243   0.0269969
        4498    -3.68111    -4.46225   0.0269914
        4499    -3.73752    -4.46209   0.0269859
        4500    -3.70137    -4.46192   0.0269804
        4501    -3.56461    -4.46172   0.0269752
        4502    -3.38875    -4.46149   0.0269702
        4503    -3.35033    -4.46124   0.0269654
        4504    -3.58532    -4.46104   0.0269601
        4505    -3.94457    -4.46093   0.0269543
        4506    -4.22664    -4.46088   0.0269484
        4507    -4.39638    -4.46086   0.0269424
        4508    -4.48325    -4.46087   0.0269365
        4509    -4.49299    -4.46088   0.0269305
        4510    -4.41158    -4.46086   0.0269245
        4511    -4.23614    -4.46081   0.0269186
        4512    -4.00781    -4.46071   0.0269128
        4513    -3.82163    -4.46057   0.0269072
        4514    -3.77242    -4.46042   0.0269017
        4515    -3.87244    -4.46029   0.0268961
        4516    -4.04506     -4.4602   0.0268903
        4517    -4.19651    -4.46014   0.0268844
        4518    -4.27455     -4.4601   0.0268784
        4519    -4.27473    -4.46006   0.0268725
        4520    -4.21788       -4.46   0.0268666
        4521    -4.13094    -4.45993   0.0268608
        4522    -4.03713    -4.45984    0.026855
        4523    -3.95326    -4.45973   0.0268493
        4524    -3.89293     -4.4596   0.0268437
        4525    -3.86939    -4.45947   0.0268381
        4526     -3.8884    -4.45934   0.0268324
        4527    -3.93767    -4.45923   0.0268267
        4528    -3.99561    -4.45913    0.026821
        4529    -4.04557    -4.45903   0.0268152
        4530    -4.07868    -4.45895   0.0268095
        4531    -4.08834    -4.45887   0.0268037
        4532    -4.06893    -4.45878   0.0267979
        4533    -4.01726    -4.45869   0.0267922
        4534    -3.93455    -4.45857   0.0267865
        4535    -3.82983    -4.45843   0.0267809
        4536    -3.72634    -4.45827   0.0267755
        4537     -3.6582    -4.45809   0.0267702
        4538     -3.6477    -4.45791   0.0267649
        4539    -3.68261    -4.45774   0.0267596
        4540    -3.72718    -4.45758   0.0267541
        4541    -3.75627    -4.45743   0.0267487
        4542    -3.77099    -4.45728   0.0267432
        4543    -3.78941    -4.45713   0.0267377
        4544    -3.82522    -4.45699   0.0267322
        4545    -3.87635    -4.45686   0.0267267
        4546    -3.93063    -4.45675    0.026721
        4547    -3.97663    -4.45664   0.0267154
        4548    -4.00862    -4.45654   0.0267097
        4549    -4.02576    -4.45645    0.026704
        4550    -4.02897    -4.45636   0.0266983
        4551    -4.01945    -4.45626   0.0266926
        4552    -3.99804    -4.45616   0.0266869
        4553    -3.96615    -4.45605   0.0266812
        4554    -3.92745    -4.45593   0.0266756
        4555    -3.89063    -4.45581   0.0266701
        4556    -3.86922    -4.45568   0.0266645
        4557    -3.87376    -4.45555    0.026659
        4558    -3.90093    -4.45543   0.0266534
        4559    -3.93044    -4.45532   0.0266478
        4560    -3.93379     -4.4552   0.0266422
        4561    -3.88968    -4.45508   0.0266367
        4562    -3.80465    -4.45494   0.0266312
        4563    -3.72732    -4.45478   0.0266258
        4564    -3.71632    -4.45462   0.0266205
        4565    -3.77258    -4.45447   0.0266151
        4566    -3.84966    -4.45433   0.0266096
        4567    -3.91466    -4.45422    0.026604
        4568    -3.95646    -4.45411   0.0265984
        4569    -3.96854      -4.454   0.0265928
        4570     -3.9521    -4.45389   0.0265872
        4571    -3.92534    -4.45377   0.0265817
        4572    -3.91715    -4.45366   0.0265761
        4573    -3.94677    -4.45355   0.0265705
        4574    -4.00525    -4.45345   0.0265649
        4575    -4.06338    -4.45336   0.0265592
        4576     -4.1013    -4.45329   0.0265535
        4577    -4.12232    -4.45321   0.0265478
        4578    -4.13907    -4.45315   0.0265421
        4579    -4.15489    -4.45308   0.0265364
        4580    -4.16372    -4.45302   0.0265307
        4581    -4.16073    -4.45295    0.026525
        4582    -4.14874    -4.45289   0.0265193
        4583    -4.13498    -4.45282   0.0265136
        4584    -4.12514    -4.45275   0.0265079
        4585     -4.1221    -4.45267   0.0265022
        4586    -4.12675     -4.4526   0.0264965
        4587    -4.13989    -4.45253   0.0264908
        4588     -4.1598    -4.45247   0.0264851
        4589    -4.18016    -4.45241   0.0264794
        4590    -4.19171    -4.45235   0.0264737
        4591    -4.18712     -4.4523    0.026468
        4592    -4.16906    -4.45224   0.0264623
        4593     -4.1526    -4.45217   0.0264566
        4594    -4.15505    -4.45211    0.026451
        4595    -4.18046    -4.45205   0.0264453
        4596    -4.21882      -4.452   0.0264396
        4597    -4.25507    -4.45195   0.0264338
        4598    -4.26734    -4.45191   0.0264281
        4599    -4.21514    -4.45186   0.0264224
        4600    -4.05685    -4.45177   0.0264168
        4601    -3.83771    -4.45164   0.0264114
        4602    -3.75268    -4.45149   0.0264061
        4603    -3.90934    -4.45137   0.0264006
        4604     -4.1471    -4.45131    0.026395
        4605    -4.30258    -4.45127   0.0263893
        4606    -4.33681    -4.45125   0.0263836
        4607    -4.26536    -4.45121   0.0263779
        4608    -4.13317    -4.45114   0.0263722
        4609    -4.02168    -4.45105   0.0263667
        4610    -4.01118    -4.45095   0.0263611
        4611    -4.11183    -4.45088   0.0263555
        4612    -4.25809    -4.45084   0.0263498
        4613    -4.37582    -4.45082   0.0263441
        4614    -4.43228    -4.45081   0.0263384
        4615    -4.42973    -4.45081   0.0263327
        4616    -4.38397     -4.4508    0.026327
        4617    -4.31405    -4.45077   0.0263213
        4618    -4.23833    -4.45072   0.0263157
        4619    -4.17287    -4.45066     0.02631
        4620    -4.13213    -4.45059   0.0263044
        4621    -4.13012    -4.45052   0.0262988
        4622    -4.17178    -4.45046   0.0262932
        4623    -4.24655    -4.45042   0.0262876
        4624    -4.33087    -4.45039   0.0262819
        4625    -4.39748    -4.45038   0.0262762
        4626    -4.42081    -4.45037   0.0262705
        4627     -4.3824    -4.45036   0.0262649
        4628    -4.28889    -4.45032   0.0262592
        4629    -4.19905    -4.45027   0.0262536
        4630     -4.1949    -4.45021    0.026248
        4631    -4.27997    -4.45018   0.0262423
        4632     -4.3696    -4.45016   0.0262367
        4633    -4.38652    -4.45015    0.026231
        4634    -4.29936    -4.45011   0.0262254
        4635    -4.11578    -4.45004   0.0262198
        4636    -3.89424    -4.44992   0.0262144
        4637    -3.73469    -4.44977   0.0262092
        4638    -3.70696    -4.44961   0.0262041
        4639    -3.80168    -4.44947   0.0261988
        4640    -3.95259    -4.44936   0.0261934
        4641    -4.06695    -4.44928   0.0261879
        4642    -4.05663    -4.44919   0.0261823
        4643    -3.88532    -4.44907    0.026177
        4644    -3.63025     -4.4489   0.0261719
        4645    -3.46337    -4.44868   0.0261672
        4646    -3.45697    -4.44847   0.0261624
        4647    -3.50187    -4.44827   0.0261576
        4648    -3.51532    -4.44807   0.0261527
        4649    -3.57662    -4.44788   0.0261478
        4650    -3.74626    -4.44773   0.0261426
        4651    -3.93248    -4.44762   0.0261372
        4652    -4.04868    -4.44753   0.0261317
        4653    -4.09273    -4.44746   0.0261262
        4654    -4.09336    -4.44738   0.0261207
        4655    -4.07347     -4.4473   0.0261152
        4656    -4.04573    -4.44721   0.0261097
        4657    -4.01612    -4.44712   0.0261043
        4658    -3.98712    -4.44702   0.0260989
        4659    -3.95964    -4.44692   0.0260935
        4660    -3.93339    -4.44681   0.0260881
        4661    -3.90728    -4.44669   0.0260828
        4662    -3.87901    -4.44657   0.0260775
        4663    -3.84488    -4.44644   0.0260722
        4664    -3.80105     -4.4463    0.026067
        4665    -3.74375    -4.44615   0.0260618
        4666    -3.67268    -4.44599   0.0260568
        4667    -3.59382     -4.4458   0.0260518
        4668    -3.52028     -4.4456    0.026047
        4669    -3.46743    -4.44539   0.0260423
        4670    -3.44406    -4.44518   0.0260376
        4671    -3.44918    -4.44497   0.0260329
        4672    -3.47648    -4.44476   0.0260281
        4673    -3.51822    -4.44456   0.0260233
        4674    -3.56625    -4.44437   0.0260184
        4675    -3.61113     -4.4442   0.0260135
        4676    -3.64233    -4.44402   0.0260085
        4677    -3.64918    -4.44385   0.0260035
        4678    -3.62109    -4.44368   0.0259985
        4679    -3.54689    -4.44349   0.0259936
        4680    -3.42204    -4.44327    0.025989
        4681    -3.26728    -4.44302   0.0259847
        4682    -3.14402    -4.44274   0.0259806
        4683    -3.12145    -4.44246   0.0259766
        4684    -3.20237    -4.44219   0.0259724
        4685    -3.31879    -4.44195    0.025968
        4686    -3.40721    -4.44173   0.0259634
        4687    -3.45095    -4.44152   0.0259587
        4688    -3.46487    -4.44131    0.025954
        4689    -3.46998    -4.44111   0.0259493
        4690    -3.47941     -4.4409   0.0259445
        4691    -3.49735     -4.4407   0.0259398
        4692    -3.52323     -4.4405    0.025935
        4693    -3.55501    -4.44031   0.0259302
        4694    -3.58952    -4.44013   0.0259253
        4695    -3.62218    -4.43996   0.0259203
        4696    -3.64823    -4.43979   0.0259154
        4697    -3.66454    -4.43963   0.0259104
        4698    -3.66923    -4.43946   0.0259054
        4699    -3.66168     -4.4393   0.0259004
        4700    -3.64006    -4.43913   0.0258954
        4701     -3.6004    -4.43895   0.0258905
        4702    -3.53762    -4.43876   0.0258857
        4703     -3.4497    -4.43855   0.0258811
        4704    -3.34595    -4.43831   0.0258766
        4705    -3.25422    -4.43806   0.0258724
        4706    -3.21046     -4.4378   0.0258682
        4707     -3.2313    -4.43754   0.0258639
        4708    -3.29529     -4.4373   0.0258596
        4709    -3.36214    -4.43707   0.0258551
        4710    -3.40599    -4.43685   0.0258505
        4711    -3.42759    -4.43664   0.0258459
        4712     -3.4415    -4.43643   0.0258413
        4713    -3.45668    -4.43622   0.0258367
        4714    -3.47037    -4.43602    0.025832
        4715    -3.47896    -4.43581   0.0258273
        4716    -3.48889    -4.43561   0.0258226
        4717    -3.51252    -4.43542   0.0258179
        4718    -3.55441    -4.43523   0.0258131
        4719    -3.60598    -4.43505   0.0258082
        4720     -3.6545    -4.43489   0.0258033
        4721    -3.69176    -4.43473   0.0257983
        4722     -3.7156    -4.43458   0.0257933
        4723    -3.72393    -4.43443   0.0257883
        4724    -3.71028    -4.43428   0.0257833
        4725    -3.66319    -4.43411   0.0257783
        4726    -3.57514    -4.43393   0.0257735
        4727    -3.45747    -4.43372   0.0257689
        4728    -3.35822     -4.4335   0.0257644
        4729    -3.35535    -4.43327     0.02576
        4730    -3.47471    -4.43307   0.0257554
        4731    -3.64083     -4.4329   0.0257505
        4732    -3.76989    -4.43276   0.0257454
        4733    -3.83872    -4.43263   0.0257403
        4734    -3.86161    -4.43251   0.0257351
        4735    -3.85759    -4.43239     0.02573
        4736    -3.84114    -4.43227   0.0257248
        4737    -3.82275    -4.43214   0.0257197
        4738    -3.81035    -4.43201   0.0257146
        4739    -3.80612    -4.43187   0.0257095
        4740    -3.80366    -4.43174   0.0257045
        4741    -3.79094    -4.43161   0.0256994
        4742    -3.75945    -4.43146   0.0256944
        4743    -3.71365    -4.43131   0.0256894
        4744    -3.67176    -4.43115   0.0256845
        4745    -3.65302    -4.43099   0.0256796
        4746    -3.65468    -4.43083   0.0256747
        4747    -3.64592    -4.43066   0.0256698
        4748     -3.5997    -4.43049    0.025665
        4749    -3.54211     -4.4303   0.0256603
        4750    -3.54939    -4.43011   0.0256556
        4751     -3.6398    -4.42995   0.0256507
        4752    -3.69799    -4.42979   0.0256458
        4753    -3.57987    -4.42961    0.025641
        4754    -3.31383    -4.42938   0.0256367
        4755    -3.20043    -4.42912   0.0256326
        4756    -3.40553    -4.42891   0.0256281
        4757    -3.70427    -4.42875   0.0256232
        4758    -3.91408    -4.42864    0.025618
        4759    -4.02595    -4.42856   0.0256128
        4760    -4.08384    -4.42849   0.0256075
        4761    -4.12221    -4.42842   0.0256022
        4762    -4.15332    -4.42837   0.0255969
        4763    -4.17241    -4.42831   0.0255915
        4764    -4.16747    -4.42826   0.0255862
        4765    -4.12709    -4.42819   0.0255809
        4766     -4.0482    -4.42811   0.0255757
        4767    -3.94347    -4.42801   0.0255705
        4768    -3.83921    -4.42789   0.0255655
        4769    -3.75381    -4.42775   0.0255605
        4770    -3.67841    -4.42759   0.0255556
        4771    -3.59977    -4.42742   0.0255509
        4772    -3.53609    -4.42723   0.0255462
        4773    -3.52536    -4.42704   0.0255415
        4774    -3.58066    -4.42686   0.0255368
        4775    -3.67534    -4.42671   0.0255319
        4776    -3.77119    -4.42657    0.025527
        4777    -3.84421    -4.42645   0.0255219
        4778    -3.88951    -4.42634   0.0255168
        4779     -3.9137    -4.42623   0.0255117
        4780    -3.92456    -4.42612   0.0255066
        4781    -3.92637    -4.42602   0.0255015
        4782    -3.92013    -4.42591   0.0254963
        4783    -3.90629     -4.4258   0.0254912
        4784    -3.88711    -4.42569   0.0254862
        4785    -3.86591    -4.42557   0.0254811
        4786    -3.84615    -4.42545   0.0254761
        4787    -3.83015    -4.42533   0.0254711
        4788    -3.81648     -4.4252   0.0254661
        4789    -3.79806    -4.42507   0.0254611
        4790    -3.76009    -4.42493   0.0254561
        4791    -3.68264    -4.42478   0.0254513
        4792    -3.56107     -4.4246   0.0254466
        4793    -3.44575    -4.42439   0.0254421
        4794    -3.43323    -4.42419   0.0254377
        4795    -3.54718      -4.424    0.025433
        4796    -3.70017    -4.42385   0.0254282
        4797    -3.81309    -4.42372   0.0254232
        4798    -3.86938    -4.42361   0.0254181
        4799    -3.88206     -4.4235   0.0254131
        4800    -3.86489    -4.42338   0.0254081
        4801    -3.82654    -4.42326   0.0254031
        4802    -3.77317    -4.42312   0.0253981
        4803    -3.71122    -4.42297   0.0253933
        4804    -3.64839    -4.42281   0.0253885
        4805    -3.59318    -4.42264   0.0253838
        4806     -3.5562    -4.42246   0.0253792
        4807    -3.55223    -4.42228   0.0253745
        4808    -3.59267     -4.4221   0.0253699
        4809    -3.66936    -4.42195   0.0253651
        4810      -3.754    -4.42181   0.0253602
        4811    -3.82129    -4.42168   0.0253552
        4812    -3.86622    -4.42157   0.0253502
        4813    -3.89866    -4.42146   0.0253452
        4814    -3.92967    -4.42136   0.0253401
        4815     -3.9619    -4.42126    0.025335
        4816    -3.98666    -4.42117   0.0253299
        4817    -3.98724    -4.42108   0.0253248
        4818     -3.9548    -4.42099   0.0253198
        4819    -3.91315    -4.42088   0.0253147
        4820    -3.91796    -4.42078   0.0253097
        4821    -3.99693    -4.42069   0.0253046
        4822    -4.11097    -4.42062   0.0252994
        4823    -4.20499    -4.42058   0.0252942
        4824    -4.25608    -4.42054    0.025289
        4825    -4.26708    -4.42051   0.0252838
        4826    -4.24705    -4.42048   0.0252786
        4827    -4.20199    -4.42043   0.0252734
        4828    -4.13556    -4.42037   0.0252682
        4829    -4.05451     -4.4203   0.0252631
        4830    -3.97529     -4.4202    0.025258
        4831    -3.92186     -4.4201    0.025253
        4832    -3.90773       -4.42    0.025248
        4833     -3.9212    -4.41989    0.025243
        4834    -3.93523    -4.41979    0.025238
        4835    -3.92753    -4.41969   0.0252329
        4836    -3.88925    -4.41958    0.025228
        4837    -3.82755    -4.41946    0.025223
        4838    -3.77061    -4.41932   0.0252182
        4839     -3.7597    -4.41919   0.0252133
        4840    -3.81486    -4.41906   0.0252084
        4841    -3.91149    -4.41896   0.0252035
        4842    -4.00692    -4.41887   0.0251984
        4843    -4.07664     -4.4188   0.0251933
        4844     -4.1196    -4.41874   0.0251882
        4845    -4.14538    -4.41868    0.025183
        4846    -4.16361    -4.41863   0.0251779
        4847    -4.17876    -4.41858   0.0251727
        4848    -4.18665    -4.41853   0.0251676
        4849    -4.16973    -4.41848   0.0251625
        4850    -4.08838    -4.41841   0.0251574
        4851    -3.88082     -4.4183   0.0251524
        4852    -3.54147    -4.41812   0.0251479
        4853    -3.28508    -4.41789   0.0251438
        4854    -3.31953    -4.41766   0.0251396
        4855    -3.44117    -4.41746   0.0251352
        4856    -3.46321    -4.41727   0.0251308
        4857       -3.47    -4.41707   0.0251264
        4858    -3.56579     -4.4169   0.0251219
        4859    -3.72898    -4.41675   0.0251171
        4860    -3.88783    -4.41665   0.0251122
        4861    -4.00536    -4.41656   0.0251071
        4862     -4.0794    -4.41649   0.0251021
        4863    -4.11961    -4.41643    0.025097
        4864    -4.13519    -4.41637   0.0250919
        4865    -4.13205    -4.41631   0.0250868
        4866    -4.11247    -4.41625   0.0250817
        4867    -4.07636    -4.41618   0.0250767
        4868    -4.02311     -4.4161   0.0250716
        4869     -3.9519    -4.41601   0.0250667
        4870    -3.86901    -4.41589   0.0250618
        4871     -3.8056    -4.41577   0.0250569
        4872    -3.81345    -4.41564   0.0250521
        4873    -3.89708    -4.41554   0.0250472
        4874    -3.97069    -4.41545   0.0250422
        4875    -3.92237    -4.41535   0.0250373
        4876    -3.70343     -4.4152   0.0250326
        4877    -3.43295      -4.415   0.0250283
        4878    -3.38225    -4.41479    0.025024
        4879    -3.60648    -4.41462   0.0250194
        4880    -3.86675    -4.41451   0.0250146
        4881    -3.97507    -4.41442   0.0250096
        4882    -3.88676    -4.41431   0.0250047
        4883    -3.68361    -4.41416       0.025
        4884    -3.58841    -4.41399   0.0249955
        4885     -3.7252    -4.41385   0.0249908
        4886    -3.94172    -4.41375   0.0249858
        4887    -4.09019    -4.41369   0.0249808
        4888    -4.15222    -4.41363   0.0249758
        4889    -4.14792    -4.41358   0.0249707
        4890    -4.08821    -4.41351   0.0249657
        4891    -3.98086    -4.41342   0.0249608
        4892    -3.85668    -4.41331   0.0249559
        4893    -3.78063    -4.41318   0.0249511
        4894    -3.80276    -4.41306   0.0249464
        4895    -3.89983    -4.41295   0.0249415
        4896    -4.00955    -4.41287   0.0249365
        4897    -4.09445     -4.4128   0.0249315
        4898    -4.14916    -4.41275   0.0249265
        4899    -4.18161     -4.4127   0.0249214
        4900    -4.20076    -4.41266   0.0249164
        4901    -4.21334    -4.41262   0.0249113
        4902     -4.2228    -4.41258   0.0249063
        4903    -4.22991    -4.41254   0.0249012
        4904    -4.23286    -4.41251   0.0248962
        4905    -4.22783    -4.41247   0.0248911
        4906    -4.20961    -4.41243   0.0248861
        4907    -4.17486    -4.41238   0.0248811
        4908    -4.12671    -4.41232   0.0248761
        4909    -4.07744    -4.41225   0.0248711
        4910    -4.03985    -4.41218   0.0248662
        4911    -4.01271     -4.4121   0.0248612
        4912    -3.98514    -4.41201   0.0248563
        4913    -3.96649    -4.41192   0.0248514
        4914    -3.99136    -4.41183   0.0248465
        4915    -4.07236    -4.41176   0.0248415
        4916    -4.17167    -4.41172   0.0248365
        4917    -4.24417    -4.41168   0.0248315
        4918    -4.27579    -4.41165   0.0248265
        4919    -4.27495    -4.41163   0.0248215
        4920    -4.25341    -4.41159   0.0248164
        4921     -4.2188    -4.41155   0.0248114
        4922    -4.17509    -4.41151   0.0248064
        4923    -4.12313    -4.41145   0.0248015
        4924    -4.06238    -4.41138   0.0247965
        4925     -3.9999    -4.41129   0.0247916
        4926    -3.96607     -4.4112   0.0247868
        4927      -4.008    -4.41112   0.0247819
        4928    -4.14329    -4.41107   0.0247769
        4929    -4.33388    -4.41105   0.0247719
        4930    -4.52441    -4.41107   0.0247669
        4931    -4.68072    -4.41113   0.0247619
        4932    -4.78863    -4.41121    0.024757
        4933    -4.83798    -4.41129   0.0247521
        4934    -4.81532    -4.41137   0.0247472
        4935    -4.70553    -4.41143   0.0247423
        4936    -4.50292    -4.41145   0.0247373
        4937    -4.23603    -4.41142   0.0247323
        4938    -3.99121    -4.41133   0.0247274
        4939    -3.88061    -4.41122   0.0247227
        4940    -3.95948    -4.41113   0.0247178
        4941     -4.1881    -4.41109   0.0247129
        4942    -4.45726     -4.4111   0.0247079
        4943    -4.66579    -4.41115   0.0247029
        4944     -4.7809    -4.41122    0.024698
        4945    -4.82245    -4.41131   0.0246932
        4946    -4.82093    -4.41139   0.0246883
        4947    -4.79581    -4.41147   0.0246835
        4948     -4.7537    -4.41154   0.0246786
        4949    -4.69576    -4.41159   0.0246737
        4950    -4.62753    -4.41164   0.0246687
        4951    -4.56652    -4.41167   0.0246637
        4952    -4.53805    -4.41169   0.0246588
        4953    -4.55579    -4.41172   0.0246538
        4954    -4.60678    -4.41176   0.0246489
        4955    -4.66332    -4.41181    0.024644
        4956      -4.705    -4.41187   0.0246391
        4957    -4.72517    -4.41193   0.0246342
        4958     -4.7256      -4.412   0.0246293
        4959    -4.70997    -4.41206   0.0246244
        4960    -4.68155    -4.41211   0.0246195
        4961    -4.64378    -4.41216   0.0246146
        4962    -4.60148     -4.4122   0.0246096
        4963    -4.56116    -4.41223   0.0246047
        4964    -4.52874    -4.41225   0.0245997
        4965    -4.50739    -4.41227   0.0245948
        4966    -4.49647    -4.41229   0.0245898
        4967    -4.49198     -4.4123   0.0245849
        4968    -4.48973    -4.41232     0.02458
        4969    -4.48646    -4.41233    0.024575
        4970    -4.48181    -4.41235   0.0245701
        4971    -4.47848    -4.41236   0.0245651
        4972    -4.47937    -4.41237   0.0245602
        4973    -4.48349    -4.41239   0.0245553
        4974    -4.48532     -4.4124   0.0245503
        4975    -4.47692    -4.41242   0.0245454
        4976    -4.45148    -4.41242   0.0245405
        4977    -4.40558    -4.41242   0.0245355
        4978    -4.34394    -4.41241   0.0245306
        4979     -4.2863    -4.41238   0.0245257
        4980    -4.26371    -4.41235   0.0245208
        4981    -4.29399    -4.41233   0.0245159
        4982    -4.36307    -4.41232    0.024511
        4983    -4.44101    -4.41233    0.024506
        4984    -4.50823    -4.41235   0.0245011
        4985    -4.55887    -4.41237   0.0244962
        4986     -4.5928    -4.41241   0.0244914
        4987    -4.61122    -4.41245   0.0244865
        4988    -4.61515    -4.41249   0.0244816
        4989    -4.60612    -4.41253   0.0244767
        4990     -4.5851    -4.41256   0.0244718
        4991    -4.55157    -4.41259    0.024467
        4992    -4.50207    -4.41261   0.0244621
        4993    -4.43064    -4.41261   0.0244572
        4994     -4.3299     -4.4126   0.0244523
        4995    -4.19787    -4.41255   0.0244474
        4996    -4.05229    -4.41248   0.0244426
        4997    -3.94091    -4.41239   0.0244379
        4998    -3.91259    -4.41229   0.0244332
        4999    -3.96738     -4.4122   0.0244285
        5000    -4.06519    -4.41213   0.0244237
