#     BLOCK:   ACTUAL_T:     T_AVE:       ERROR:
           1       13.35       13.35           0
           2     13.2863     13.3181   0.0224925
           3     13.2544     13.2969   0.0229416
           4     13.2795     13.2925   0.0176145
           5     13.3577     13.3056   0.0182912
           6      13.455     13.3305   0.0273726
           7     13.5412     13.3606   0.0364275
           8     13.6061     13.3913   0.0428999
           9     13.6521     13.4202   0.0469091
          10     13.6838     13.4466   0.0490682
          11     13.7053     13.4701   0.0499281
          12     13.7186     13.4908   0.0498751
          13     13.7238     13.5087   0.0491516
          14     13.7202     13.5239   0.0479057
          15      13.707     13.5361   0.0462413
          16     13.6832     13.5453   0.0442564
          17     13.6483     13.5513   0.0420664
          18     13.6025     13.5542   0.0398254
          19     13.5504      13.554   0.0377298
          20     13.5061     13.5516   0.0359192
          21     13.4894     13.5486   0.0343307
          22     13.5077     13.5467   0.0328205
          23     13.5473     13.5468   0.0313936
          24     13.5877     13.5485   0.0301318
          25     13.6169     13.5512   0.0290506
          26     13.6326     13.5543   0.0281015
          27     13.6374     13.5574   0.0272284
          28     13.6358     13.5602   0.0263993
          29     13.6331     13.5627   0.0256083
          30     13.6328     13.5651   0.0248611
          31     13.6352     13.5673    0.024162
          32     13.6383     13.5695   0.0235084
          33     13.6404     13.5717   0.0228938
          34     13.6419     13.5738   0.0223134
          35     13.6451     13.5758   0.0217688
          36      13.653     13.5779   0.0212695
          37      13.668     13.5804   0.0208334
          38     13.6903     13.5833   0.0204849
          39     13.7175     13.5867   0.0202466
          40     13.7455     13.5907   0.0201258
          41     13.7701     13.5951   0.0201052
          42     13.7883     13.5997   0.0201462
          43     13.7978     13.6043   0.0201978
          44     13.7963     13.6086   0.0202047
          45     13.7814     13.6125   0.0201171
          46     13.7522     13.6155   0.0199079
          47     13.7141     13.6176   0.0195945
          48     13.6815     13.6189   0.0192315
          49     13.6727       13.62   0.0188702
          50     13.6944     13.6215   0.0185514
          51     13.7363     13.6238   0.0183236
          52     13.7814     13.6268   0.0182203
          53      13.819     13.6304   0.0182338
          54      13.846     13.6344   0.0183278
          55     13.8614     13.6385   0.0184534
          56     13.8603     13.6425   0.0185437
          57     13.8287     13.6458   0.0185038
          58     13.7459     13.6475   0.0182652
          59      13.601     13.6467   0.0179726
          60     13.4207     13.6429   0.0180634
          61     13.2755     13.6369   0.0187447
          62     13.2354     13.6304   0.0195292
          63     13.3207     13.6255   0.0198283
          64     13.4889     13.6234    0.019633
          65     13.6644      13.624   0.0193411
          66     13.7935     13.6266   0.0192179
          67     13.8606     13.6301   0.0192457
          68     13.8704     13.6336   0.0192844
          69     13.8332     13.6365   0.0192206
          70     13.7578     13.6382    0.019024
          71     13.6507     13.6384   0.0187568
          72     13.5224     13.6368   0.0185654
          73     13.3973     13.6335   0.0185988
          74     13.3127     13.6292   0.0188459
          75      13.291     13.6247   0.0191266
          76     13.3168     13.6206   0.0192991
          77      13.359     13.6172   0.0193454
          78     13.3989     13.6144   0.0192988
          79      13.433     13.6121   0.0191906
          80     13.4616     13.6103   0.0190428
          81     13.4839     13.6087   0.0188714
          82     13.4972     13.6073   0.0186902
          83      13.496      13.606   0.0185131
          84     13.4722     13.6044   0.0183611
          85     13.4212     13.6022   0.0182711
          86     13.3547     13.5994    0.018284
          87     13.3037      13.596    0.018387
          88     13.2909     13.5925    0.018502
          89     13.3047     13.5893   0.0185745
          90     13.3229     13.5863   0.0186025
          91     13.3413     13.5836   0.0185918
          92     13.3674     13.5813   0.0185377
          93     13.4007     13.5793   0.0184398
          94     13.4322     13.5778     0.01831
          95     13.4542     13.5765   0.0181634
          96     13.4653     13.5753    0.018011
          97     13.4681     13.5742   0.0178592
          98     13.4658     13.5731   0.0177112
          99     13.4609      13.572   0.0175686
         100     13.4545     13.5708   0.0174321
         101     13.4458     13.5695   0.0173034
         102     13.4323     13.5682    0.017186
         103     13.4094     13.5667   0.0170882
         104      13.371     13.5648   0.0170271
         105     13.3123     13.5624   0.0170338
         106     13.2384     13.5593   0.0171451
         107     13.1768     13.5557   0.0173536
         108     13.1687     13.5522   0.0175591
         109     13.2246     13.5491   0.0176532
         110     13.3079      13.547   0.0176284
         111     13.3768     13.5454   0.0175361
         112     13.4131     13.5442   0.0174194
         113     13.4119     13.5431   0.0173045
         114     13.3654     13.5415   0.0172227
         115     13.2604     13.5391   0.0172456
         116     13.1154     13.5354   0.0174795
         117     13.0373     13.5312   0.0178411
         118     13.1148     13.5276   0.0180354
         119     13.2481     13.5253   0.0180361
         120     13.2947     13.5234   0.0179879
         121     13.2097     13.5208    0.018025
         122     13.0313     13.5168   0.0183184
         123     12.8944     13.5117   0.0188553
         124      12.949     13.5072   0.0192415
         125     13.1336     13.5042   0.0193183
         126     13.2693     13.5023   0.0192547
         127     13.2908     13.5006    0.019175
         128     13.2376     13.4986    0.019135
         129     13.1851     13.4962   0.0191403
         130     13.1857     13.4938   0.0191414
         131     13.2308     13.4918   0.0191002
         132     13.2858     13.4902   0.0190191
         133     13.3321      13.489   0.0189132
         134     13.3664     13.4881   0.0187942
         135     13.3893     13.4874   0.0186692
         136     13.4013     13.4867   0.0185427
         137     13.4023     13.4861   0.0184176
         138     13.3904     13.4854   0.0182972
         139     13.3616     13.4845   0.0181872
         140     13.3096     13.4833   0.0181002
         141     13.2282     13.4815    0.018062
         142     13.1204     13.4789   0.0181128
         143      13.014     13.4757   0.0182757
         144     12.9568     13.4721   0.0185006
         145     12.9555     13.4685   0.0187129
         146     12.9347     13.4649   0.0189386
         147     12.8506     13.4607   0.0192653
         148     12.8448     13.4565   0.0195793
         149     13.0308     13.4537   0.0196553
         150     13.2518     13.4523   0.0195703
         151     13.3801     13.4518   0.0194465
         152     13.4284     13.4517   0.0193192
         153     13.4371     13.4516   0.0191931
         154     13.4311     13.4515    0.019069
         155     13.4208     13.4513    0.018947
         156     13.4084      13.451   0.0188275
         157     13.3904     13.4506   0.0187115
         158     13.3601       13.45   0.0186019
         159     13.3117     13.4492   0.0185052
         160      13.247     13.4479   0.0184326
         161      13.184     13.4462   0.0183909
         162     13.1514     13.4444   0.0183672
         163     13.1627     13.4427   0.0183356
         164     13.2023     13.4412   0.0182824
         165     13.2426       13.44   0.0182112
         166     13.2662      13.439   0.0181316
         167     13.2694      13.438   0.0180514
         168     13.2593     13.4369   0.0179752
         169     13.2515     13.4358   0.0179023
         170     13.2635     13.4348   0.0178257
         171     13.3015      13.434   0.0177385
         172     13.3551     13.4336   0.0176413
         173     13.4084     13.4334   0.0175399
         174     13.4514     13.4335   0.0174394
         175     13.4799     13.4338   0.0173418
         176     13.4914     13.4341   0.0172463
         177     13.4816     13.4344    0.017151
         178     13.4446     13.4344   0.0170547
         179     13.3795     13.4341   0.0169622
         180     13.3039     13.4334   0.0168834
         181     13.2557     13.4324   0.0168187
         182     13.2572     13.4315   0.0167538
         183     13.2858     13.4307   0.0166811
         184     13.3054       13.43   0.0166044
         185     13.3029     13.4293   0.0165288
         186     13.2855     13.4285    0.016458
         187      13.264     13.4276   0.0163935
         188     13.2434     13.4267   0.0163356
         189     13.2214     13.4256   0.0162852
         190     13.1901     13.4243   0.0162466
         191     13.1437     13.4229   0.0162278
         192     13.0869     13.4211   0.0162374
         193     13.0375     13.4191   0.0162745
         194     13.0135      13.417   0.0163244
         195     13.0188      13.415   0.0163679
         196      13.045     13.4131   0.0163929
         197     13.0826     13.4114   0.0163953
         198     13.1247       13.41   0.0163763
         199     13.1656     13.4088     0.01634
         200     13.2003     13.4077   0.0162915
         201     13.2247     13.4068   0.0162359
         202     13.2345     13.4059   0.0161779
         203     13.2236      13.405   0.0161231
         204     13.1826      13.404   0.0160809
         205     13.1036     13.4025   0.0160691
         206     13.0011     13.4005   0.0161088
         207     12.9317     13.3983   0.0161894
         208     12.9491     13.3961   0.0162549
         209     13.0292     13.3944   0.0162717
         210      13.108      13.393   0.0162513
         211     13.1564     13.3919   0.0162129
         212     13.1799     13.3909   0.0161672
         213     13.1915     13.3899   0.0161184
         214     13.2007     13.3891   0.0160673
         215     13.2117     13.3882   0.0160137
         216      13.225     13.3875   0.0159574
         217     13.2391     13.3868   0.0158985
         218     13.2516     13.3862   0.0158377
         219     13.2603     13.3856   0.0157758
         220      13.264      13.385   0.0157138
         221     13.2623     13.3845   0.0156525
         222     13.2543     13.3839   0.0155929
         223     13.2371     13.3832   0.0155369
         224     13.2051     13.3825   0.0154879
         225     13.1546     13.3814   0.0154521
         226     13.0898     13.3801   0.0154375
         227     13.0281     13.3786   0.0154472
         228     12.9952     13.3769   0.0154708
         229     13.0067     13.3753   0.0154874
         230     13.0513     13.3739    0.015484
         231     13.1036     13.3727   0.0154611
         232     13.1539     13.3718   0.0154232
         233     13.2121     13.3711   0.0153722
         234     13.2825     13.3707   0.0153112
         235     13.3514     13.3706   0.0152463
         236     13.4016     13.3708   0.0151822
         237     13.4258      13.371     0.01512
         238     13.4272     13.3712   0.0150583
         239     13.4133     13.3714   0.0149963
         240     13.3921     13.3715   0.0149341
         241     13.3659     13.3715   0.0148721
         242     13.3249     13.3713   0.0148119
         243      13.245     13.3708   0.0147601
         244     13.0977     13.3696   0.0147419
         245     12.8969     13.3677   0.0148075
         246     12.7773     13.3653   0.0149405
         247     12.8728     13.3633   0.0150125
         248     13.0468      13.362   0.0150061
         249     13.1116      13.361   0.0149795
         250     13.0658     13.3599   0.0149661
         251      13.009     13.3585   0.0149716
         252     13.0104     13.3571   0.0149757
         253     13.0502     13.3559   0.0149656
         254     13.0785     13.3548   0.0149465
         255     13.0826     13.3537   0.0149259
         256     13.0821     13.3526   0.0149053
         257     13.0964     13.3516   0.0148806
         258     13.1253     13.3508   0.0148487
         259     13.1554       13.35   0.0148105
         260      13.175     13.3493   0.0147689
         261     13.1825     13.3487   0.0147261
         262     13.1839     13.3481   0.0146833
         263     13.1872     13.3475   0.0146402
         264      13.196     13.3469    0.014596
         265     13.2084     13.3464   0.0145503
         266     13.2189     13.3459   0.0145035
         267     13.2203     13.3454   0.0144568
         268     13.2026     13.3449   0.0144127
         269     13.1528     13.3442   0.0143768
         270      13.063     13.3431   0.0143612
         271     12.9522     13.3417   0.0143804
         272     12.8794       13.34   0.0144276
         273     12.8896     13.3383   0.0144688
         274     12.9592     13.3369    0.014482
         275     13.0367     13.3359   0.0144704
         276     13.0926      13.335   0.0144448
         277     13.1215     13.3342   0.0144132
         278     13.1289     13.3335   0.0143803
         279     13.1221     13.3327   0.0143487
         280     13.1052     13.3319   0.0143204
         281     13.0795      13.331   0.0142976
         282     13.0466       13.33   0.0142824
         283     13.0124     13.3289   0.0142759
         284     12.9856     13.3277   0.0142767
         285     12.9711     13.3264   0.0142814
         286     12.9649     13.3251   0.0142873
         287     12.9589     13.3239   0.0142944
         288     12.9495     13.3226   0.0143037
         289     12.9395     13.3212   0.0143155
         290     12.9301     13.3199   0.0143295
         291     12.9146     13.3185   0.0143478
         292     12.8836      13.317   0.0143758
         293     12.8381     13.3154   0.0144193
         294     12.7972     13.3136   0.0144776
         295     12.7874     13.3118    0.014538
         296     12.8205     13.3102   0.0145833
         297     12.8836     13.3087   0.0146048
         298     12.9523     13.3075   0.0146046
         299     13.0094     13.3065   0.0145898
         300     13.0496     13.3057   0.0145663
         301     13.0747     13.3049   0.0145381
         302     13.0881     13.3042   0.0145077
         303     13.0922     13.3035   0.0144767
         304     13.0882     13.3028   0.0144464
         305     13.0767     13.3021    0.014418
         306     13.0587     13.3013   0.0143928
         307     13.0367     13.3004   0.0143717
         308     13.0136     13.2995   0.0143552
         309     12.9927     13.2985    0.014343
         310     12.9759     13.2974   0.0143344
         311     12.9646     13.2964   0.0143282
         312     12.9588     13.2953   0.0143231
         313     12.9552     13.2942   0.0143185
         314     12.9445     13.2931   0.0143161
         315     12.9127     13.2919   0.0143215
         316     12.8509     13.2905    0.014344
         317     12.7733     13.2888   0.0143912
         318     12.7247     13.2871   0.0144549
         319     12.7475     13.2854   0.0145082
         320     12.8341      13.284   0.0145313
         321     12.9366     13.2829   0.0145262
         322     13.0167     13.2821   0.0145046
         323     13.0628     13.2814   0.0144756
         324     13.0788     13.2808   0.0144444
         325     13.0723     13.2801   0.0144142
         326     13.0503     13.2794   0.0143872
         327     13.0198     13.2786   0.0143651
         328     12.9878     13.2777   0.0143486
         329     12.9607     13.2768   0.0143373
         330     12.9438     13.2758   0.0143294
         331     12.9421     13.2747   0.0143215
         332     12.9598     13.2738   0.0143097
         333     12.9968      13.273   0.0142909
         334     13.0466     13.2723   0.0142642
         335      13.099     13.2718    0.014231
         336     13.1455     13.2714   0.0141936
         337     13.1827     13.2711   0.0141539
         338     13.2112      13.271   0.0141131
         339     13.2333     13.2708    0.014072
         340      13.252     13.2708   0.0140307
         341     13.2693     13.2708   0.0139895
         342     13.2869     13.2708   0.0139487
         343     13.3053     13.2709   0.0139084
         344     13.3247     13.2711   0.0138688
         345     13.3445     13.2713   0.0138303
         346     13.3627     13.2716   0.0137928
         347     13.3751     13.2719   0.0137563
         348     13.3726     13.2722   0.0137198
         349     13.3392     13.2723   0.0136819
         350     13.2563     13.2723   0.0136428
         351     13.1297     13.2719     0.01361
         352     13.0224     13.2712   0.0135898
         353     12.9882     13.2704   0.0135749
         354      12.978     13.2696   0.0135617
         355     12.9473     13.2686   0.0135538
         356     12.9604     13.2678   0.0135434
         357     13.0819     13.2673   0.0135155
         358     13.2512     13.2672   0.0134778
         359     13.3555     13.2675   0.0134425
         360     13.3521     13.2677   0.0134072
         361     13.2706     13.2677   0.0133701
         362     13.1712     13.2674   0.0133358
         363     13.1147      13.267   0.0133057
         364     13.1425     13.2667   0.0132735
         365     13.2558     13.2666   0.0132372
         366     13.4037      13.267   0.0132063
         367     13.5208     13.2677   0.0131884
         368     13.5717     13.2685   0.0131784
         369     13.5542     13.2693   0.0131654
         370      13.492     13.2699   0.0131436
         371     13.4391     13.2704   0.0131161
         372      13.449     13.2709   0.0130896
         373     13.5118     13.2715   0.0130705
         374     13.5716     13.2723   0.0130601
         375     13.5929     13.2732   0.0130532
         376     13.5737      13.274    0.013043
         377     13.5274     13.2746   0.0130257
         378      13.471     13.2751   0.0130016
         379     13.4228     13.2755   0.0129731
         380     13.3978     13.2759    0.012943
         381      13.402     13.2762   0.0129132
         382     13.4312     13.2766   0.0128858
         383      13.476     13.2771   0.0128627
         384     13.5266     13.2778   0.0128456
         385     13.5722     13.2785   0.0128349
         386     13.6004     13.2794   0.0128287
         387     13.5985     13.2802   0.0128221
         388     13.5566     13.2809   0.0128088
         389     13.4747     13.2814   0.0127856
         390     13.3779     13.2816   0.0127552
         391     13.3168     13.2817   0.0127229
         392     13.3319     13.2819   0.0126911
         393     13.4103     13.2822    0.012663
         394     13.4963     13.2827   0.0126425
         395     13.5379     13.2834    0.012627
         396     13.5071     13.2839   0.0126077
         397     13.3957     13.2842   0.0125791
         398     13.2364     13.2841   0.0125481
         399     13.1454     13.2838   0.0125214
         400     13.2173     13.2836   0.0124912
         401     13.3638     13.2838   0.0124617
         402      13.462     13.2842   0.0124386
         403      13.491     13.2847   0.0124183
         404     13.4803     13.2852    0.012397
         405     13.4554     13.2857   0.0123735
         406     13.4303      13.286   0.0123481
         407     13.4147     13.2863   0.0123218
         408     13.4146     13.2866   0.0122957
         409     13.4263      13.287   0.0122703
         410     13.4378     13.2873   0.0122459
         411     13.4397     13.2877   0.0122217
         412     13.4311     13.2881    0.012197
         413     13.4172     13.2884   0.0121715
         414     13.4043     13.2887   0.0121453
         415     13.3962     13.2889   0.0121188
         416     13.3936     13.2892   0.0120923
         417     13.3962     13.2894    0.012066
         418     13.4031     13.2897   0.0120402
         419     13.4123       13.29    0.012015
         420     13.4198     13.2903   0.0119904
         421      13.421     13.2906   0.0119659
         422     13.4145     13.2909   0.0119412
         423     13.4038     13.2912   0.0119159
         424     13.3926     13.2914   0.0118902
         425     13.3778     13.2916    0.011864
         426     13.3511     13.2918    0.011837
         427     13.3115     13.2918   0.0118093
         428     13.2737     13.2918   0.0117818
         429     13.2566     13.2917   0.0117546
         430     13.2641     13.2916   0.0117275
         431     13.2821     13.2916   0.0117003
         432     13.2915     13.2916   0.0116732
         433     13.2814     13.2916   0.0116463
         434     13.2518     13.2915   0.0116198
         435     13.2072     13.2913   0.0115947
         436      13.156      13.291   0.0115723
         437     13.1218     13.2906   0.0115523
         438     13.1344     13.2902   0.0115314
         439     13.1884       13.29   0.0115074
         440     13.2434     13.2899   0.0114818
         441     13.2694     13.2898   0.0114558
         442     13.2647     13.2898   0.0114301
         443     13.2444     13.2897   0.0114047
         444     13.2273     13.2895   0.0113799
         445     13.2261     13.2894   0.0113552
         446     13.2418     13.2893   0.0113303
         447     13.2668     13.2892    0.011305
         448     13.2924     13.2892   0.0112798
         449     13.3131     13.2893   0.0112548
         450     13.3266     13.2894   0.0112301
         451     13.3321     13.2895   0.0112056
         452     13.3291     13.2896   0.0111811
         453     13.3167     13.2896   0.0111566
         454     13.2944     13.2896   0.0111321
         455     13.2631     13.2896   0.0111077
         456     13.2267     13.2894   0.0110842
         457     13.1933     13.2892    0.011062
         458     13.1707      13.289   0.0110408
         459     13.1593     13.2887   0.0110204
         460     13.1489     13.2884   0.0110006
         461     13.1282      13.288   0.0109823
         462     13.0981     13.2876   0.0109662
         463      13.077     13.2872   0.0109519
         464     13.0878     13.2867   0.0109368
         465     13.1365     13.2864    0.010918
         466     13.2065     13.2862   0.0108959
         467     13.2753     13.2862   0.0108726
         468     13.3285     13.2863   0.0108498
         469     13.3608     13.2865   0.0108278
         470     13.3717     13.2867   0.0108063
         471     13.3636     13.2868   0.0107846
         472     13.3402     13.2869   0.0107623
         473      13.306      13.287   0.0107396
         474     13.2673     13.2869   0.0107171
         475     13.2358     13.2868    0.010695
         476     13.2258     13.2867   0.0106733
         477     13.2443     13.2866   0.0106513
         478     13.2866     13.2866    0.010629
         479     13.3437     13.2867   0.0106075
         480     13.4063      13.287   0.0105884
         481      13.463     13.2873   0.0105727
         482     13.4979     13.2878   0.0105597
         483      13.493     13.2882   0.0105464
         484     13.4355     13.2885    0.010529
         485      13.331     13.2886   0.0105077
         486     13.2176     13.2884   0.0104871
         487     13.1593     13.2882   0.0104689
         488     13.2028      13.288   0.0104489
         489     13.3332     13.2881   0.0104279
         490     13.4842     13.2885   0.0104143
         491     13.5955     13.2891   0.0104119
         492     13.6433     13.2898   0.0104156
         493     13.6314     13.2905   0.0104175
         494     13.5685     13.2911   0.0104116
         495     13.4487     13.2914   0.0103954
         496     13.2529     13.2913   0.0103747
         497     13.0142     13.2908   0.0103688
         498     12.8743     13.2899   0.0103817
         499     12.9155     13.2892    0.010388
         500     13.0341     13.2887   0.0103797
         501     13.1195     13.2884   0.0103645
         502     13.1365      13.288   0.0103482
         503     13.0946     13.2877   0.0103348
         504     13.0508     13.2872    0.010325
         505      13.082     13.2868   0.0103125
         506     13.1953     13.2866   0.0102937
         507     13.3249     13.2867   0.0102737
         508     13.4174     13.2869   0.0102567
         509     13.4593     13.2873   0.0102421
         510     13.4549     13.2876   0.0102273
         511     13.4075     13.2878     0.01021
         512     13.3207     13.2879   0.0101903
         513     13.2182     13.2878   0.0101713
         514     13.1556     13.2875   0.0101548
         515     13.1711     13.2873   0.0101376
         516     13.2326     13.2872   0.0101185
         517     13.2865     13.2872   0.0100989
         518     13.3137     13.2872   0.0100795
         519      13.322     13.2873   0.0100603
         520     13.3231     13.2874   0.0100412
         521     13.3241     13.2874   0.0100222
         522     13.3261     13.2875   0.0100033
         523     13.3265     13.2876  0.00998443
         524     13.3224     13.2877  0.00996559
         525     13.3134     13.2877  0.00994673
         526     13.3023     13.2877  0.00992786
         527     13.2936     13.2877  0.00990903
         528     13.2916     13.2877  0.00989026
         529      13.299     13.2878  0.00987159
         530     13.3172     13.2878  0.00985312
         531     13.3459     13.2879  0.00983517
         532     13.3826     13.2881  0.00981829
         533     13.4221     13.2884  0.00980309
         534     13.4564     13.2887  0.00978978
         535     13.4747      13.289  0.00977766
         536     13.4634     13.2893  0.00976483
         537     13.4114     13.2896  0.00974929
         538     13.3293     13.2897  0.00973145
         539     13.2711     13.2896  0.00971345
         540     13.2946     13.2896  0.00969547
         541     13.3833     13.2898   0.0096791
         542     13.4681     13.2901  0.00966683
         543     13.4985     13.2905  0.00965664
         544     13.4559     13.2908  0.00964367
         545     13.3578     13.2909  0.00962676
         546     13.2728     13.2909  0.00960918
         547     13.2696     13.2909   0.0095917
         548     13.3288     13.2909  0.00957444
         549     13.3848     13.2911  0.00955853
         550     13.4141     13.2913  0.00954377
         551     13.4324     13.2916  0.00952988
         552     13.4574     13.2919  0.00951735
         553     13.4936     13.2923  0.00950713
         554     13.5384     13.2927  0.00950034
         555     13.5864     13.2932  0.00949795
         556      13.628     13.2938  0.00949993
         557     13.6534     13.2945  0.00950479
         558     13.6603     13.2951  0.00951033
         559     13.6534     13.2958  0.00951489
         560     13.6396     13.2964  0.00951769
         561     13.6243      13.297  0.00951866
         562     13.6111     13.2975  0.00951812
         563     13.6008     13.2981  0.00951644
         564     13.5909     13.2986  0.00951373
         565     13.5788     13.2991   0.0095098
         566     13.5679     13.2996  0.00950486
         567     13.5667        13.3  0.00949977
         568     13.5775     13.3005  0.00949559
         569     13.5948      13.301  0.00949298
         570     13.6161     13.3016  0.00949241
         571     13.6445     13.3022  0.00949476
         572     13.6792     13.3028  0.00950101
         573     13.7121     13.3036  0.00951124
         574     13.7325     13.3043  0.00952397
         575     13.7334     13.3051   0.0095366
         576     13.7131     13.3058  0.00954632
         577     13.6755     13.3064  0.00955126
         578     13.6319      13.307  0.00955132
         579     13.5989     13.3075  0.00954813
         580     13.5908      13.308  0.00954415
         581     13.6116     13.3085  0.00954202
         582     13.6542     13.3091  0.00954409
         583     13.7061     13.3098  0.00955199
         584     13.7557     13.3105   0.0095661
         585     13.7948     13.3113  0.00958551
         586     13.8187     13.3122  0.00960818
         587     13.8243     13.3131  0.00963132
         588     13.8081     13.3139  0.00965167
         589      13.766     13.3147  0.00966575
         590     13.6945     13.3153  0.00967078
         591     13.6015     13.3158  0.00966653
         592     13.5187     13.3162  0.00965627
         593     13.4917     13.3165  0.00964453
         594     13.5358     13.3168  0.00963536
         595     13.6196     13.3173  0.00963259
         596     13.7025      13.318  0.00963808
         597     13.7617     13.3187  0.00965055
         598     13.7876     13.3195  0.00966621
         599     13.7733     13.3203  0.00967972
         600     13.7166     13.3209   0.0096861
         601     13.6311     13.3214  0.00968372
         602     13.5506     13.3218  0.00967511
         603     13.5131     13.3221  0.00966427
         604     13.5354     13.3225  0.00965471
         605     13.6018      13.323  0.00964979
         606     13.6698     13.3235  0.00965083
         607     13.6857     13.3241  0.00965335
         608     13.6088     13.3246  0.00964882
         609     13.4515     13.3248  0.00963523
         610     13.3264     13.3248  0.00961943
         611     13.3508     13.3249  0.00960378
         612     13.4685     13.3251  0.00959096
         613      13.561     13.3255  0.00958303
         614     13.5948     13.3259  0.00957745
         615     13.5881     13.3263  0.00957136
         616     13.5618     13.3267  0.00956345
         617     13.5285      13.327  0.00955354
         618     13.4977     13.3273  0.00954207
         619     13.4795     13.3276  0.00952982
         620     13.4777     13.3278  0.00951753
         621     13.4823     13.3281  0.00950546
         622     13.4711     13.3283  0.00949296
         623     13.4219     13.3284  0.00947891
         624     13.3314     13.3284  0.00946372
         625     13.2398     13.3283  0.00944964
         626     13.2106     13.3281  0.00943641
         627     13.2481      13.328  0.00942222
         628     13.2966     13.3279  0.00940735
         629     13.3236     13.3279   0.0093924
         630     13.3358     13.3279   0.0093775
         631     13.3452      13.328  0.00936268
         632     13.3523      13.328  0.00934794
         633     13.3523      13.328  0.00933325
         634     13.3476     13.3281  0.00931858
         635      13.349     13.3281  0.00930397
         636     13.3665     13.3282  0.00928953
         637     13.3997     13.3283  0.00927563
         638     13.4395     13.3285  0.00926273
         639     13.4771     13.3287  0.00925115
         640     13.5083      13.329  0.00924095
         641     13.5333     13.3293  0.00923203
         642     13.5536     13.3296  0.00922426
         643     13.5704       13.33  0.00921751
         644     13.5838     13.3304  0.00921162
         645     13.5922     13.3308  0.00920628
         646     13.5916     13.3312  0.00920088
         647     13.5757     13.3316  0.00919441
         648     13.5381     13.3319  0.00918575
         649     13.4786     13.3321  0.00917437
         650     13.4145     13.3323  0.00916113
         651     13.3822     13.3323  0.00914738
         652     13.4087     13.3325   0.0091341
         653     13.4821     13.3327  0.00912299
         654     13.5662      13.333  0.00911602
         655     13.6319     13.3335  0.00911352
         656     13.6654      13.334  0.00911366
         657     13.6614     13.3345   0.0091134
         658     13.6202     13.3349  0.00910989
         659     13.5535     13.3353   0.0091021
         660      13.495     13.3355  0.00909153
         661     13.4897     13.3357  0.00908077
         662     13.5509     13.3361  0.00907287
         663      13.641     13.3365  0.00907083
         664     13.7102     13.3371  0.00907462
         665     13.7272     13.3377  0.00907992
         666     13.6731     13.3382  0.00908024
         667     13.5335     13.3385  0.00907134
         668     13.3282     13.3385  0.00905778
         669     13.1652     13.3382  0.00904794
         670     13.1628     13.3379  0.00903822
         671     13.2689     13.3378  0.00902534
         672     13.3629     13.3379  0.00901198
         673     13.4217      13.338  0.00899946
         674     13.4761     13.3382  0.00898843
         675      13.536     13.3385   0.0089799
         676      13.589     13.3389  0.00897425
         677     13.6236     13.3393  0.00897085
         678     13.6339     13.3397  0.00896813
         679     13.6136     13.3401  0.00896399
         680     13.5581     13.3404  0.00895654
         681      13.473     13.3406   0.0089455
         682     13.3821     13.3407  0.00893259
         683     13.3163     13.3407  0.00891958
         684     13.2851     13.3406  0.00890691
         685     13.2722     13.3405  0.00889447
         686     13.2569     13.3404  0.00888234
         687      13.228     13.3402  0.00887091
         688     13.1853       13.34  0.00886088
         689      13.138     13.3397  0.00885286
         690     13.0997     13.3393  0.00884686
         691     13.0812      13.339  0.00884194
         692     13.0867     13.3386  0.00883667
         693     13.1123     13.3383  0.00882995
         694     13.1488      13.338  0.00882145
         695      13.186     13.3378  0.00881146
         696     13.2164     13.3376  0.00880053
         697     13.2357     13.3375  0.00878912
         698     13.2426     13.3373  0.00877758
         699      13.238     13.3372  0.00876617
         700     13.2243      13.337  0.00875513
         701     13.2045     13.3368  0.00874468
         702     13.1815     13.3366  0.00873502
         703     13.1567     13.3364  0.00872634
         704     13.1301     13.3361  0.00871886
         705     13.0996     13.3357  0.00871294
         706     13.0629     13.3353  0.00870917
         707     13.0185     13.3349  0.00870838
         708     12.9676     13.3344  0.00871152
         709     12.9147     13.3338  0.00871932
         710     12.8673     13.3331  0.00873176
         711     12.8344     13.3324   0.0087476
         712     12.8233     13.3317  0.00876449
         713     12.8359      13.331  0.00877974
         714     12.8671     13.3304  0.00879146
         715     12.9069     13.3298  0.00879909
         716     12.9454     13.3292  0.00880317
         717     12.9765     13.3287  0.00880462
         718     12.9995     13.3283   0.0088043
         719     13.0169     13.3278   0.0088027
         720     13.0326     13.3274  0.00880001
         721     13.0492     13.3271  0.00879627
         722     13.0667     13.3267  0.00879147
         723     13.0831     13.3264  0.00878576
         724     13.0955      13.326  0.00877941
         725     13.1014     13.3257  0.00877277
         726     13.0983     13.3254  0.00876627
         727     13.0817     13.3251  0.00876063
         728     13.0408     13.3247  0.00875729
         729     12.9592     13.3242  0.00875962
         730     12.8359     13.3235  0.00877312
         731     12.7335     13.3227  0.00879816
         732     12.7516     13.3219  0.00882067
         733     12.8767     13.3213  0.00882953
         734     13.0024     13.3209  0.00882818
         735     13.0754     13.3206  0.00882249
         736     13.0977     13.3202  0.00881569
         737     13.0786     13.3199  0.00880983
         738     13.0189     13.3195  0.00880732
         739     12.9238      13.319  0.00881166
         740      12.826     13.3183   0.0088249
         741     12.7833     13.3176  0.00884248
         742     12.8192     13.3169  0.00885603
         743     12.8927     13.3163   0.0088625
         744     12.9546     13.3159  0.00886391
         745     12.9898     13.3154  0.00886282
         746     13.0075      13.315  0.00886054
         747     13.0207     13.3146  0.00885743
         748     13.0362     13.3142  0.00885341
         749     13.0531     13.3139  0.00884845
         750     13.0656     13.3136  0.00884285
         751     13.0676     13.3132  0.00883713
         752     13.0589     13.3129  0.00883185
         753     13.0476     13.3125  0.00882714
         754     13.0433     13.3122  0.00882266
         755     13.0476     13.3118  0.00881793
         756     13.0565     13.3115  0.00881273
         757     13.0695     13.3112  0.00880689
         758      13.088     13.3109  0.00880019
         759     13.1049     13.3106  0.00879277
         760     13.1057     13.3103  0.00878534
         761     13.0795       13.31  0.00877903
         762      13.028     13.3097  0.00877531
         763     12.9661     13.3092  0.00877535
         764     12.9142     13.3087  0.00877909
         765     12.8836     13.3082  0.00878518
         766     12.8666     13.3076   0.0087926
         767     12.8456      13.307  0.00880174
         768     12.8141     13.3063  0.00881365
         769      12.788     13.3057  0.00882792
         770      12.794      13.305  0.00884143
         771     12.8412     13.3044   0.0088504
         772     12.9101     13.3039  0.00885366
         773     12.9741     13.3035  0.00885248
         774     13.0202     13.3031   0.0088486
         775     13.0483     13.3028  0.00884329
         776     13.0631     13.3024  0.00883728
         777     13.0688     13.3021  0.00883102
         778     13.0681     13.3018  0.00882479
         779     13.0626     13.3015   0.0088188
         780     13.0536     13.3012  0.00881322
         781     13.0415     13.3009  0.00880821
         782     13.0266     13.3005  0.00880393
         783       13.01     13.3002   0.0088005
         784     12.9953     13.2998  0.00879787
         785     12.9878     13.2994  0.00879563
         786     12.9897      13.299  0.00879327
         787     12.9946     13.2986   0.0087906
         788     12.9887     13.2982  0.00878824
         789      12.956     13.2978  0.00878779
         790     12.8798     13.2972  0.00879258
         791     12.7412     13.2965  0.00880952
         792     12.5544     13.2956  0.00884808
         793     12.4449     13.2945  0.00890172
         794     12.5245     13.2936  0.00894319
         795     12.6823     13.2928  0.00896493
         796     12.7945     13.2922  0.00897549
         797     12.8628     13.2916  0.00898038
         798      12.919     13.2912  0.00898126
         799     12.9732     13.2908  0.00897883
         800     13.0189     13.2904  0.00897404
         801     13.0466     13.2901    0.008968
         802     13.0495     13.2898  0.00896184
         803     13.0268     13.2895  0.00895666
         804     12.9872     13.2891  0.00895341
         805     12.9498     13.2887  0.00895221
         806     12.9339     13.2883  0.00895191
         807     12.9427     13.2878  0.00895106
         808     12.9624     13.2874  0.00894904
         809     12.9797      13.287  0.00894605
         810     12.9913     13.2867  0.00894246
         811     12.9992     13.2863  0.00893845
         812     13.0035      13.286  0.00893423
         813      13.001     13.2856  0.00893011
         814     12.9888     13.2853  0.00892659
         815     12.9698     13.2849  0.00892402
         816     12.9539     13.2845  0.00892229
         817     12.9516     13.2841  0.00892067
         818     12.9659     13.2837  0.00891824
         819     12.9907     13.2833  0.00891452
         820     13.0176      13.283  0.00890953
         821     13.0423     13.2827  0.00890351
         822     13.0643     13.2824  0.00889664
         823     13.0847     13.2822  0.00888907
         824     13.1033      13.282  0.00888094
         825     13.1189     13.2818  0.00887237
         826     13.1301     13.2816  0.00886353
         827     13.1362     13.2814  0.00885456
         828     13.1388     13.2812  0.00884554
         829     13.1416     13.2811  0.00883647
         830     13.1511     13.2809  0.00882721
         831     13.1734     13.2808  0.00881754
         832     13.2113     13.2807  0.00880734
         833      13.262     13.2807  0.00879679
         834     13.3194     13.2807  0.00878637
         835     13.3779     13.2808  0.00877661
         836     13.4337      13.281  0.00876802
         837      13.482     13.2813  0.00876083
         838     13.5145     13.2815   0.0087548
         839     13.5209     13.2818  0.00874901
         840     13.4903     13.2821  0.00874211
         841     13.4161     13.2822  0.00873317
         842     13.3037     13.2823  0.00872283
         843     13.1798     13.2821  0.00871333
         844     13.0925     13.2819  0.00870591
         845     13.0849     13.2817  0.00869873
         846     13.1604     13.2815  0.00868962
         847     13.2831     13.2815  0.00867937
         848      13.409     13.2817  0.00867043
         849     13.5102      13.282   0.0086644
         850     13.5734     13.2823  0.00866098
         851     13.5892     13.2827  0.00865831
         852     13.5508      13.283  0.00865386
         853     13.4686     13.2832  0.00864645
         854     13.3883     13.2833   0.0086372
         855     13.3647     13.2834  0.00862763
         856      13.402     13.2836  0.00861866
         857     13.4582     13.2838  0.00861101
         858     13.4929      13.284  0.00860442
         859     13.4957     13.2842  0.00859794
         860     13.4927     13.2845  0.00859135
         861     13.5133     13.2848  0.00858549
         862     13.5547     13.2851  0.00858123
         863     13.5916     13.2854  0.00857864
         864      13.605     13.2858  0.00857668
         865     13.5936     13.2862  0.00857414
         866      13.572     13.2865   0.0085706
         867     13.5585     13.2868  0.00856645
         868      13.561     13.2871   0.0085624
         869     13.5712     13.2874  0.00855879
         870     13.5729     13.2878  0.00855524
         871     13.5536     13.2881  0.00855086
         872     13.5102     13.2883  0.00854485
         873     13.4498     13.2885  0.00853706
         874     13.3849     13.2886  0.00852801
         875     13.3269     13.2887  0.00851837
         876     13.2847     13.2887  0.00850865
         877     13.2741     13.2886  0.00849896
         878     13.3154     13.2887  0.00848934
         879     13.4014     13.2888  0.00848065
         880     13.4833      13.289  0.00847389
         881     13.5094     13.2893  0.00846796
         882     13.4654     13.2895  0.00846072
         883     13.3908     13.2896  0.00845191
         884      13.355     13.2897  0.00844268
         885     13.3824     13.2898  0.00843379
         886     13.4323     13.2899   0.0084258
         887     13.4658     13.2901  0.00841864
         888     13.4766     13.2903  0.00841177
         889      13.473     13.2905  0.00840482
         890     13.4618     13.2907  0.00839758
         891     13.4453     13.2909  0.00838994
         892     13.4245     13.2911  0.00838187
         893     13.4031     13.2912  0.00837343
         894     13.3885     13.2913  0.00836477
         895     13.3891     13.2914  0.00835614
         896     13.4082     13.2915  0.00834783
         897     13.4409     13.2917  0.00834018
         898     13.4774     13.2919  0.00833346
         899     13.5089     13.2921  0.00832768
         900     13.5298     13.2924  0.00832261
         901     13.5379     13.2927  0.00831783
         902     13.5329     13.2929  0.00831287
         903     13.5153     13.2932  0.00830731
         904     13.4858     13.2934  0.00830086
         905     13.4457     13.2936  0.00829339
         906     13.3982     13.2937  0.00828504
         907     13.3497     13.2938  0.00827614
         908     13.3076     13.2938  0.00826704
         909     13.2731     13.2937  0.00825797
         910     13.2399     13.2937  0.00824911
         911     13.2019     13.2936  0.00824067
         912      13.162     13.2934   0.0082329
         913     13.1314     13.2933  0.00822579
         914     13.1213     13.2931  0.00821894
         915      13.131     13.2929  0.00821187
         916     13.1502     13.2927  0.00820438
         917     13.1738     13.2926  0.00819646
         918     13.2067     13.2925  0.00818807
         919     13.2541     13.2925  0.00817926
         920     13.3125     13.2925   0.0081704
         921     13.3707     13.2926  0.00816197
         922     13.4173     13.2927  0.00815424
         923     13.4459     13.2929  0.00814709
         924     13.4542     13.2931  0.00814015
         925     13.4409     13.2932  0.00813292
         926     13.4042     13.2933  0.00812502
         927     13.3422     13.2934  0.00811642
         928     13.2579     13.2934  0.00810777
         929     13.1691     13.2932  0.00810014
         930     13.1145      13.293  0.00809371
         931     13.1336     13.2929  0.00808683
         932      13.227     13.2928  0.00807846
         933     13.3504     13.2928  0.00807004
         934     13.4541      13.293  0.00806325
         935     13.5128     13.2933  0.00805805
         936     13.5228     13.2935  0.00805317
         937     13.4893     13.2937  0.00804729
         938     13.4213     13.2938  0.00803986
         939      13.334     13.2939  0.00803141
         940     13.2513     13.2938  0.00802299
         941     13.1958     13.2937  0.00801514
         942     13.1785     13.2936  0.00800757
         943     13.1989     13.2935  0.00799971
         944     13.2445     13.2935   0.0079914
         945     13.2911     13.2935  0.00798294
         946     13.3168     13.2935  0.00797454
         947     13.3151     13.2935  0.00796616
         948     13.2954     13.2935  0.00795775
         949     13.2764     13.2935  0.00794939
         950     13.2763     13.2935  0.00794104
         951     13.2997     13.2935  0.00793269
         952     13.3327     13.2935  0.00792447
         953     13.3539     13.2936  0.00791641
         954     13.3483     13.2936  0.00790832
         955     13.3119     13.2937  0.00790006
         956     13.2506     13.2936  0.00789192
         957     13.1811     13.2935  0.00788455
         958     13.1319     13.2933  0.00787813
         959     13.1301     13.2932  0.00787175
         960     13.1736      13.293  0.00786453
         961      13.231      13.293  0.00785662
         962     13.2722      13.293  0.00784848
         963     13.2862     13.2929  0.00784033
         964     13.2752     13.2929  0.00783222
         965     13.2461     13.2929  0.00782425
         966     13.2056     13.2928  0.00781668
         967     13.1603     13.2927  0.00780979
         968     13.1164     13.2925  0.00780385
         969     13.0795     13.2922  0.00779889
         970      13.054      13.292  0.00779471
         971     13.0408     13.2917  0.00779098
         972     13.0366     13.2915  0.00778738
         973     13.0342     13.2912  0.00778387
         974     13.0238     13.2909  0.00778072
         975     12.9983     13.2906  0.00777852
         976     12.9623     13.2903  0.00777782
         977     12.9364     13.2899   0.0077783
         978     12.9417     13.2896  0.00777849
         979     12.9732     13.2893  0.00777726
         980     13.0042      13.289  0.00777476
         981     13.0145     13.2887  0.00777186
         982     13.0039     13.2884  0.00776936
         983     12.9839     13.2881  0.00776763
         984     12.9663     13.2878  0.00776662
         985     12.9568     13.2874    0.007766
         986     12.9542     13.2871  0.00776547
         987     12.9534     13.2868  0.00776496
         988     12.9451     13.2864   0.0077648
         989     12.9123      13.286  0.00776615
         990     12.8329     13.2856  0.00777179
         991     12.7119      13.285  0.00778548
         992     12.6324     13.2843  0.00780537
         993     12.6847     13.2837  0.00782083
         994     12.8155     13.2833  0.00782714
         995     12.9201     13.2829  0.00782778
         996     12.9715     13.2826  0.00782616
         997     12.9891     13.2823  0.00782384
         998     12.9933      13.282  0.00782136
         999     12.9945     13.2817  0.00781883
        1000     12.9955     13.2814  0.00781625
        1001     12.9954     13.2811  0.00781366
        1002      12.992     13.2809  0.00781119
        1003     12.9826     13.2806  0.00780906
        1004     12.9647     13.2802  0.00780761
        1005     12.9366     13.2799  0.00780732
        1006     12.8989     13.2795  0.00780874
        1007     12.8574     13.2791  0.00781223
        1008     12.8238     13.2786  0.00781753
        1009     12.8126     13.2782  0.00782341
        1010     12.8313     13.2777  0.00782817
        1011     12.8739     13.2773  0.00783061
        1012      12.924      13.277  0.00783066
        1013     12.9641     13.2767  0.00782902
        1014     12.9823     13.2764  0.00782667
        1015     12.9728     13.2761  0.00782468
        1016     12.9348     13.2758  0.00782418
        1017      12.875     13.2754  0.00782641
        1018     12.8087     13.2749  0.00783213
        1019     12.7571     13.2744  0.00784092
        1020     12.7376     13.2739  0.00785087
        1021     12.7542     13.2734  0.00785967
        1022     12.7949     13.2729  0.00786591
        1023     12.8416     13.2725  0.00786951
        1024     12.8833     13.2721    0.007871
        1025     12.9172     13.2717  0.00787093
        1026     12.9433     13.2714  0.00786977
        1027     12.9588     13.2711  0.00786799
        1028     12.9556     13.2708  0.00786632
        1029      12.923     13.2705  0.00786594
        1030     12.8554     13.2701  0.00786861
        1031      12.767     13.2696   0.0078761
        1032     12.7007      13.269  0.00788773
        1033     12.7006     13.2685  0.00789927
        1034     12.7636      13.268  0.00790671
        1035     12.8475     13.2676   0.0079095
        1036     12.9175     13.2673  0.00790908
        1037      12.961      13.267  0.00790696
        1038     12.9755     13.2667  0.00790433
        1039     12.9576     13.2664  0.00790232
        1040     12.8998      13.266  0.00790258
        1041     12.8033     13.2656  0.00790747
        1042     12.7091     13.2651   0.0079179
        1043     12.6876     13.2645  0.00792964
        1044     12.7459      13.264  0.00793759
        1045     12.8104     13.2636  0.00794186
        1046     12.8236     13.2631   0.0079454
        1047     12.7802     13.2627  0.00795119
        1048     12.7047     13.2622  0.00796141
        1049     12.6336     13.2616  0.00797634
        1050        12.6     13.2609  0.00799358
        1051     12.6165     13.2603  0.00800946
        1052     12.6717     13.2597  0.00802136
        1053     12.7441     13.2593  0.00802868
        1054     12.8148     13.2588  0.00803213
        1055     12.8726     13.2585  0.00803285
        1056     12.9137     13.2581  0.00803188
        1057     12.9385     13.2578  0.00802997
        1058     12.9496     13.2576  0.00802767
        1059     12.9496     13.2573  0.00802535
        1060     12.9402      13.257  0.00802335
        1061     12.9225     13.2566  0.00802198
        1062      12.897     13.2563  0.00802157
        1063     12.8644     13.2559  0.00802249
        1064      12.827     13.2555  0.00802508
        1065     12.7895     13.2551  0.00802946
        1066     12.7591     13.2546   0.0080354
        1067     12.7437     13.2542  0.00804213
        1068      12.748     13.2537  0.00804855
        1069     12.7714     13.2532  0.00805365
        1070     12.8081     13.2528  0.00805686
        1071     12.8505     13.2524  0.00805809
        1072     12.8923     13.2521  0.00805758
        1073     12.9293     13.2518  0.00805568
        1074     12.9597     13.2515  0.00805277
        1075     12.9826     13.2513  0.00804916
        1076     12.9981      13.251  0.00804512
        1077     13.0065     13.2508  0.00804085
        1078     13.0083     13.2506  0.00803654
        1079     13.0048     13.2504  0.00803232
        1080     12.9974     13.2501   0.0080283
        1081     12.9878     13.2499  0.00802454
        1082     12.9781     13.2496  0.00802105
        1083     12.9696     13.2494  0.00801781
        1084     12.9626     13.2491  0.00801478
        1085     12.9561     13.2488  0.00801194
        1086     12.9482     13.2486  0.00800934
        1087     12.9364     13.2483  0.00800712
        1088     12.9197      13.248  0.00800545
        1089     12.8988     13.2477  0.00800452
        1090     12.8764     13.2473  0.00800442
        1091     12.8564      13.247   0.0080051
        1092     12.8429     13.2466  0.00800632
        1093     12.8399     13.2462  0.00800763
        1094     12.8512     13.2459  0.00800845
        1095     12.8782     13.2455  0.00800817
        1096     12.9164     13.2452  0.00800649
        1097     12.9571      13.245   0.0080035
        1098     12.9928     13.2447   0.0079995
        1099     13.0185     13.2445  0.00799487
        1100       13.03     13.2443  0.00798999
        1101     13.0207     13.2441  0.00798531
        1102     12.9805     13.2439  0.00798165
        1103     12.9039     13.2436  0.00798036
        1104     12.8133     13.2432  0.00798264
        1105       12.77     13.2428   0.0079869
        1106     12.8147     13.2424  0.00798905
        1107     12.9077     13.2421  0.00798755
        1108     12.9883     13.2418  0.00798362
        1109     13.0341     13.2417  0.00797862
        1110     13.0494     13.2415  0.00797331
        1111     13.0416     13.2413  0.00796816
        1112     13.0129     13.2411  0.00796365
        1113     12.9625     13.2408  0.00796043
        1114      12.895     13.2405  0.00795933
        1115     12.8315     13.2402  0.00796064
        1116      12.807     13.2398  0.00796297
        1117     12.8375     13.2394  0.00796398
        1118     12.8983     13.2391   0.0079627
        1119     12.9523     13.2389  0.00795971
        1120     12.9801     13.2386  0.00795595
        1121     12.9752     13.2384  0.00795233
        1122     12.9273     13.2381  0.00795007
        1123     12.8199     13.2377  0.00795171
        1124     12.6565     13.2372  0.00796143
        1125     12.4979     13.2366  0.00798143
        1126     12.4404     13.2359   0.0080056
        1127       12.52     13.2352  0.00802366
        1128     12.6649     13.2347  0.00803246
        1129     12.7723     13.2343  0.00803578
        1130     12.7921     13.2339  0.00803819
        1131     12.7232     13.2335  0.00804376
        1132     12.5942     13.2329  0.00805645
        1133     12.4884     13.2322   0.0080761
        1134     12.5062     13.2316  0.00809431
        1135     12.6087     13.2311  0.00810577
        1136     12.6653     13.2306  0.00811392
        1137     12.6286       13.23  0.00812404
        1138     12.5474     13.2294  0.00813902
        1139     12.4932     13.2288  0.00815749
        1140     12.4883     13.2281  0.00817615
        1141     12.5085     13.2275  0.00819328
        1142     12.5419     13.2269  0.00820807
        1143     12.5925     13.2263  0.00821963
        1144     12.6494     13.2258  0.00822791
        1145     12.6929     13.2254  0.00823388
        1146     12.7153     13.2249  0.00823871
        1147     12.7206     13.2245  0.00824326
        1148      12.716      13.224  0.00824797
        1149      12.707     13.2236  0.00825305
        1150     12.6967     13.2231  0.00825858
        1151     12.6865     13.2227  0.00826456
        1152     12.6767     13.2222  0.00827097
        1153      12.667     13.2217   0.0082778
        1154     12.6562     13.2212  0.00828512
        1155     12.6416     13.2207  0.00829313
        1156     12.6193     13.2202  0.00830226
        1157     12.5844     13.2197  0.00831325
        1158     12.5334     13.2191  0.00832716
        1159     12.4686     13.2184  0.00834512
        1160     12.4026     13.2177  0.00836751
        1161     12.3567      13.217   0.0083931
        1162     12.3489     13.2162  0.00841906
        1163     12.3803     13.2155  0.00844245
        1164     12.4341     13.2148  0.00846184
        1165      12.488     13.2142  0.00847755
        1166     12.5265     13.2136  0.00849077
        1167     12.5474      13.213  0.00850267
        1168     12.5612     13.2125  0.00851368
        1169     12.5812     13.2119  0.00852351
        1170      12.611     13.2114  0.00853168
        1171     12.6387     13.2109  0.00853841
        1172     12.6427     13.2105  0.00854487
        1173     12.6003     13.2099  0.00855341
        1174     12.4996     13.2093  0.00856749
        1175     12.3625     13.2086  0.00859046
        1176      12.258     13.2078   0.0086211
        1177     12.2595      13.207  0.00865134
        1178     12.3683     13.2063  0.00867324
        1179     12.5091     13.2057  0.00868602
        1180     12.6124     13.2052   0.0086932
        1181     12.6626     13.2047  0.00869797
        1182     12.6764     13.2043  0.00870209
        1183     12.6745     13.2038  0.00870626
        1184     12.6709     13.2034  0.00871053
        1185     12.6724     13.2029   0.0087147
        1186     12.6803     13.2025  0.00871848
        1187     12.6937     13.2021  0.00872167
        1188     12.7104     13.2017  0.00872414
        1189     12.7275     13.2013  0.00872591
        1190     12.7412     13.2009  0.00872714
        1191      12.747     13.2005  0.00872813
        1192     12.7416     13.2001  0.00872929
        1193     12.7256     13.1997  0.00873103
        1194     12.7078     13.1993  0.00873343
        1195     12.7053     13.1989   0.0087359
        1196     12.7301     13.1985  0.00873739
        1197     12.7744     13.1981  0.00873727
        1198     12.8145     13.1978  0.00873584
        1199     12.8288     13.1975  0.00873398
        1200     12.8097     13.1972  0.00873268
        1201     12.7648     13.1968  0.00873282
        1202     12.7059     13.1964   0.0087351
        1203     12.6214     13.1959  0.00874091
        1204     12.4727     13.1953  0.00875427
        1205     12.3135     13.1946  0.00877754
        1206     12.3622     13.1939  0.00879736
        1207     12.6225     13.1934   0.0088028
        1208     12.8603     13.1932  0.00879983
        1209     12.9874      13.193   0.0087942
        1210     13.0307     13.1929  0.00878795
        1211     13.0235     13.1927  0.00878181
        1212     12.9914     13.1926  0.00877613
        1213      12.961     13.1924  0.00877097
        1214     12.9559     13.1922  0.00876591
        1215     12.9818      13.192  0.00876041
        1216     13.0222     13.1919  0.00875432
        1217     13.0542     13.1917  0.00874785
        1218     13.0605     13.1916  0.00874133
        1219     13.0298     13.1915  0.00873517
        1220     12.9551     13.1913  0.00873016
        1221     12.8411      13.191  0.00872772
        1222     12.7168     13.1906   0.0087292
        1223     12.6372     13.1902  0.00873378
        1224     12.6573     13.1898  0.00873749
        1225      12.781     13.1894  0.00873673
        1226     12.9432     13.1892  0.00873191
        1227     13.0683     13.1891  0.00872535
        1228     13.1247     13.1891   0.0087184
        1229     13.1211      13.189  0.00871149
        1230      13.089     13.1889  0.00870478
        1231     13.0609     13.1888  0.00869833
        1232     13.0445     13.1887  0.00869206
        1233     13.0261     13.1886  0.00868601
        1234     13.0015     13.1884   0.0086803
        1235     12.9852     13.1883  0.00867483
        1236     12.9921     13.1881  0.00866926
        1237     13.0192      13.188  0.00866333
        1238     13.0456     13.1878  0.00865709
        1239     13.0516     13.1877   0.0086508
        1240      13.033     13.1876  0.00864473
        1241     12.9995     13.1875  0.00863909
        1242     12.9673     13.1873  0.00863395
        1243     12.9501     13.1871  0.00862912
        1244     12.9461     13.1869  0.00862435
        1245     12.9393     13.1867  0.00861972
        1246     12.9244     13.1865  0.00861537
        1247     12.9168     13.1863  0.00861118
        1248     12.9293     13.1861  0.00860674
        1249     12.9599     13.1859  0.00860175
        1250     12.9994     13.1857  0.00859616
        1251     13.0349     13.1856  0.00859014
        1252     13.0559     13.1855   0.0085839
        1253     13.0619     13.1854  0.00857762
        1254     13.0604     13.1853  0.00857136
        1255      13.059     13.1852  0.00856512
        1256     13.0603     13.1851  0.00855888
        1257     13.0619      13.185  0.00855263
        1258     13.0591     13.1849  0.00854641
        1259     13.0467     13.1848  0.00854033
        1260     13.0208     13.1847  0.00853455
        1261      12.979     13.1845  0.00852934
        1262      12.922     13.1843  0.00852511
        1263     12.8565      13.184  0.00852231
        1264     12.7964     13.1837  0.00852109
        1265     12.7584     13.1834  0.00852098
        1266     12.7467     13.1831  0.00852123
        1267     12.7446     13.1827  0.00852153
        1268     12.7302     13.1824  0.00852228
        1269      12.705      13.182  0.00852386
        1270     12.7011     13.1816  0.00852555
        1271     12.7423     13.1813  0.00852585
        1272      12.809      13.181  0.00852416
        1273     12.8652     13.1807  0.00852108
        1274      12.895     13.1805  0.00851734
        1275      12.902     13.1803  0.00851346
        1276     12.8954     13.1801  0.00850971
        1277     12.8831     13.1798  0.00850623
        1278     12.8699     13.1796  0.00850303
        1279     12.8592     13.1793  0.00850007
        1280     12.8538     13.1791  0.00849723
        1281     12.8561     13.1788  0.00849433
        1282     12.8665     13.1786   0.0084912
        1283      12.883     13.1783  0.00848771
        1284     12.9025     13.1781  0.00848381
        1285     12.9224     13.1779  0.00847955
        1286     12.9413     13.1777  0.00847495
        1287     12.9586     13.1776  0.00847007
        1288     12.9741     13.1774  0.00846497
        1289     12.9881     13.1773  0.00845968
        1290     13.0005     13.1771  0.00845423
        1291     13.0116      13.177  0.00844865
        1292     13.0219     13.1769  0.00844297
        1293     13.0315     13.1768  0.00843719
        1294     13.0405     13.1767  0.00843132
        1295     13.0477     13.1766   0.0084254
        1296     13.0511     13.1765  0.00841946
        1297     13.0477     13.1764  0.00841355
        1298     13.0352     13.1763  0.00840777
        1299     13.0147     13.1761  0.00840222
        1300     12.9931      13.176  0.00839694
        1301     12.9822     13.1759   0.0083918
        1302     12.9921     13.1757  0.00838654
        1303     13.0263     13.1756  0.00838089
        1304     13.0801     13.1755  0.00837478
        1305     13.1414     13.1755  0.00836841
        1306     13.1928     13.1755  0.00836201
        1307     13.2179     13.1755  0.00835568
        1308     13.2041     13.1756  0.00834932
        1309     13.1444     13.1755  0.00834297
        1310     13.0481     13.1754  0.00833717
        1311     12.9632     13.1753  0.00833238
        1312      12.957     13.1751  0.00832769
        1313     13.0333      13.175  0.00832205
        1314     13.1261      13.175   0.0083158
        1315     13.1813      13.175  0.00830948
        1316     13.1848      13.175  0.00830317
        1317     13.1464      13.175  0.00829689
        1318     13.0928     13.1749  0.00829083
        1319     13.0603     13.1748    0.008285
        1320     13.0673     13.1747  0.00827912
        1321     13.0982     13.1747  0.00827306
        1322      13.126     13.1746  0.00826688
        1323     13.1393     13.1746  0.00826068
        1324     13.1467     13.1746  0.00825446
        1325     13.1659     13.1746  0.00824824
        1326     13.2076     13.1746  0.00824205
        1327      13.265     13.1747  0.00823613
        1328     13.3163     13.1748  0.00823061
        1329     13.3329     13.1749  0.00822528
        1330     13.2836      13.175   0.0082195
        1331     13.1566      13.175  0.00821334
        1332     13.0258     13.1749  0.00820793
        1333     13.0282     13.1747  0.00820251
        1334     13.1431     13.1747   0.0081964
        1335     13.2172     13.1748  0.00819032
        1336     13.1807     13.1748  0.00818419
        1337      13.058     13.1747  0.00817854
        1338     12.9189     13.1745  0.00817466
        1339     12.8474     13.1742   0.0081722
        1340     12.8863      13.174  0.00816893
        1341     13.0065     13.1739  0.00816379
        1342     13.1453     13.1739  0.00815774
        1343     13.2564     13.1739  0.00815189
        1344     13.3236      13.174  0.00814659
        1345     13.3493     13.1742  0.00814157
        1346     13.3422     13.1743  0.00813648
        1347     13.3131     13.1744  0.00813109
        1348     13.2747     13.1745   0.0081254
        1349     13.2402     13.1745  0.00811953
        1350     13.2171     13.1746  0.00811357
        1351      13.205     13.1746   0.0081076
        1352     13.2039     13.1746  0.00810163
        1353     13.2195     13.1746  0.00809571
        1354     13.2549     13.1747  0.00808995
        1355     13.3016     13.1748  0.00808452
        1356     13.3447     13.1749  0.00807953
        1357     13.3729     13.1751  0.00807489
        1358     13.3815     13.1752  0.00807038
        1359     13.3687     13.1754  0.00806569
        1360      13.334     13.1755  0.00806061
        1361     13.2784     13.1755  0.00805504
        1362     13.2061     13.1756  0.00804916
        1363     13.1257     13.1755  0.00804333
        1364     13.0479     13.1754  0.00803798
        1365     12.9807     13.1753  0.00803336
        1366      12.929     13.1751   0.0080295
        1367     12.8983     13.1749  0.00802618
        1368     12.8961     13.1747   0.0080229
        1369     12.9249     13.1745  0.00801911
        1370     12.9781     13.1744  0.00801454
        1371     13.0423     13.1743  0.00800927
        1372     13.1041     13.1742   0.0080036
        1373     13.1551     13.1742  0.00799778
        1374     13.1928     13.1742  0.00799197
        1375     13.2192     13.1743  0.00798623
        1376      13.238     13.1743  0.00798056
        1377     13.2516     13.1744  0.00797496
        1378     13.2591     13.1744  0.00796941
        1379     13.2576     13.1745  0.00796386
        1380     13.2444     13.1745  0.00795825
        1381     13.2192     13.1746  0.00795255
        1382     13.1861     13.1746   0.0079468
        1383     13.1541     13.1746  0.00794107
        1384     13.1349     13.1745  0.00793538
        1385     13.1363     13.1745   0.0079297
        1386     13.1568     13.1745  0.00792399
        1387     13.1869     13.1745  0.00791828
        1388     13.2156     13.1745  0.00791263
        1389     13.2347     13.1746  0.00790706
        1390     13.2398     13.1746  0.00790151
        1391      13.229     13.1747  0.00789592
        1392     13.2038     13.1747  0.00789028
        1393     13.1689     13.1747  0.00788462
        1394     13.1309     13.1747  0.00787902
        1395     13.0942     13.1746  0.00787358
        1396     13.0621     13.1745  0.00786836
        1397     13.0432     13.1744  0.00786329
        1398     13.0511     13.1743  0.00785816
        1399      13.088     13.1743  0.00785278
        1400     13.1343     13.1742  0.00784722
        1401     13.1628     13.1742  0.00784163
        1402      13.156     13.1742  0.00783604
        1403     13.1146     13.1742  0.00783058
        1404     13.0582     13.1741  0.00782543
        1405     13.0184      13.174  0.00782065
        1406     13.0183     13.1739  0.00781587
        1407     13.0548     13.1738  0.00781077
        1408     13.1074     13.1737  0.00780537
        1409     13.1588     13.1737  0.00779984
        1410     13.2031     13.1738  0.00779433
        1411     13.2383     13.1738  0.00778894
        1412     13.2611     13.1739  0.00778367
        1413     13.2713     13.1739  0.00777847
        1414     13.2768      13.174  0.00777331
        1415     13.2893     13.1741  0.00776824
        1416     13.3126     13.1742  0.00776337
        1417     13.3387     13.1743  0.00775876
        1418     13.3569     13.1744  0.00775436
        1419     13.3607     13.1746     0.00775
        1420     13.3484     13.1747  0.00774551
        1421     13.3195     13.1748  0.00774073
        1422      13.272     13.1749  0.00773559
        1423     13.2013     13.1749  0.00773018
        1424     13.1026     13.1748  0.00772491
        1425     12.9771     13.1747  0.00772074
        1426     12.8413     13.1744  0.00771886
        1427     12.7274     13.1741  0.00771981
        1428     12.6765     13.1738  0.00772226
        1429      12.722     13.1735  0.00772333
        1430     12.8572     13.1732  0.00772109
        1431      13.024     13.1731   0.0077164
        1432     13.1595     13.1731  0.00771102
        1433     13.2389     13.1732  0.00770578
        1434     13.2691     13.1732  0.00770069
        1435     13.2681     13.1733  0.00769561
        1436      13.254     13.1734  0.00769046
        1437     13.2411     13.1734  0.00768525
        1438      13.238     13.1735  0.00768003
        1439     13.2458     13.1735  0.00767486
        1440       13.26     13.1736  0.00766977
        1441     13.2732     13.1736  0.00766476
        1442      13.279     13.1737  0.00765979
        1443     13.2721     13.1738  0.00765478
        1444     13.2493     13.1738  0.00764966
        1445     13.2099     13.1739  0.00764441
        1446     13.1552     13.1738  0.00763913
        1447     13.0874     13.1738  0.00763409
        1448     13.0111     13.1737  0.00762964
        1449     12.9405     13.1735  0.00762607
        1450     12.9014     13.1733  0.00762312
        1451     12.9131     13.1731  0.00761998
        1452     12.9667      13.173  0.00761606
        1453     13.0316     13.1729  0.00761144
        1454     13.0824     13.1728  0.00760646
        1455     13.1114     13.1728  0.00760135
        1456     13.1236     13.1728   0.0075962
        1457     13.1309     13.1727  0.00759104
        1458     13.1459     13.1727  0.00758586
        1459     13.1726     13.1727  0.00758066
        1460     13.2021     13.1727  0.00757549
        1461     13.2183     13.1728  0.00757037
        1462     13.2064     13.1728  0.00756523
        1463     13.1564     13.1728  0.00756007
        1464     13.0649     13.1727  0.00755526
        1465     12.9436     13.1726  0.00755172
        1466     12.8313     13.1723  0.00755016
        1467     12.7809     13.1721  0.00754973
        1468      12.803     13.1718  0.00754877
        1469     12.8535     13.1716  0.00754674
        1470     12.8954     13.1714  0.00754394
        1471     12.9292     13.1712  0.00754061
        1472     12.9673     13.1711  0.00753676
        1473     13.0108      13.171  0.00753243
        1474     13.0522     13.1709  0.00752775
        1475     13.0863     13.1708  0.00752286
        1476     13.1128     13.1708  0.00751787
        1477     13.1332     13.1708  0.00751282
        1478     13.1471     13.1708  0.00750776
        1479     13.1501     13.1708  0.00750269
        1480     13.1305     13.1707  0.00749767
        1481     13.0644     13.1707  0.00749295
        1482     12.9235     13.1705  0.00748975
        1483     12.7306     13.1702  0.00749057
        1484     12.6275     13.1698  0.00749445
        1485     12.7037     13.1695  0.00749597
        1486     12.8322     13.1693  0.00749436
        1487     12.8994     13.1691  0.00749152
        1488     12.9064     13.1689  0.00748857
        1489     12.8873     13.1687  0.00748592
        1490     12.8683     13.1685  0.00748361
        1491     12.8634     13.1683  0.00748139
        1492     12.8746     13.1681  0.00747897
        1493     12.8927     13.1679  0.00747623
        1494     12.9019     13.1678  0.00747335
        1495      12.887     13.1676  0.00747071
        1496     12.8425     13.1674  0.00746888
        1497     12.7817     13.1671  0.00746833
        1498     12.7377     13.1668  0.00746884
        1499     12.7382     13.1665  0.00746933
        1500     12.7778     13.1663  0.00746885
        1501     12.8305     13.1661  0.00746722
        1502     12.8788     13.1659   0.0074647
        1503     12.9177     13.1657  0.00746156
        1504     12.9452     13.1655  0.00745804
        1505      12.956     13.1654  0.00745438
        1506     12.9405     13.1653  0.00745093
        1507     12.8881     13.1651  0.00744825
        1508     12.8008     13.1648  0.00744723
        1509     12.7161     13.1645  0.00744823
        1510     12.6919     13.1642  0.00744987
        1511     12.7317     13.1639  0.00745044
        1512     12.7759     13.1637  0.00744993
        1513     12.7803     13.1634  0.00744931
        1514     12.7496     13.1632   0.0074494
        1515     12.7174     13.1629   0.0074503
        1516     12.7144     13.1626  0.00745125
        1517     12.7436     13.1623  0.00745146
        1518     12.7861      13.162  0.00745067
        1519     12.8242     13.1618  0.00744908
        1520     12.8521     13.1616  0.00744697
        1521     12.8709     13.1614  0.00744452
        1522     12.8823     13.1612  0.00744189
        1523     12.8853     13.1611  0.00743921
        1524     12.8769     13.1609  0.00743666
        1525     12.8533     13.1607  0.00743452
        1526     12.8148     13.1604   0.0074331
        1527     12.7701     13.1602  0.00743263
        1528     12.7364     13.1599  0.00743294
        1529     12.7279     13.1596  0.00743345
        1530     12.7423     13.1594  0.00743359
        1531     12.7639     13.1591  0.00743322
        1532     12.7791     13.1589  0.00743251
        1533     12.7852     13.1586  0.00743165
        1534     12.7864     13.1584  0.00743077
        1535     12.7879     13.1581  0.00742985
        1536     12.7924     13.1579  0.00742882
        1537     12.8005     13.1577  0.00742763
        1538     12.8115     13.1574  0.00742621
        1539      12.825     13.1572  0.00742452
        1540     12.8405      13.157  0.00742255
        1541     12.8569     13.1568  0.00742029
        1542     12.8719     13.1566  0.00741778
        1543     12.8827     13.1564  0.00741509
        1544     12.8864     13.1563  0.00741235
        1545     12.8819     13.1561  0.00740968
        1546     12.8705     13.1559  0.00740719
        1547     12.8573     13.1557  0.00740492
        1548     12.8481     13.1555   0.0074028
        1549     12.8447     13.1553  0.00740074
        1550     12.8421     13.1551  0.00739872
        1551     12.8323     13.1549  0.00739688
        1552     12.8126     13.1547   0.0073954
        1553     12.7921     13.1545  0.00739432
        1554     12.7885     13.1542  0.00739331
        1555     12.8126      13.154  0.00739182
        1556     12.8561     13.1538  0.00738955
        1557     12.9002     13.1536   0.0073866
        1558     12.9307     13.1535  0.00738324
        1559     12.9435     13.1534  0.00737974
        1560     12.9414     13.1532  0.00737626
        1561     12.9306     13.1531  0.00737291
        1562     12.9161     13.1529  0.00736975
        1563     12.8997     13.1528  0.00736682
        1564      12.879     13.1526  0.00736419
        1565      12.851     13.1524    0.007362
        1566      12.819     13.1522  0.00736038
        1567     12.7964      13.152  0.00735918
        1568     12.7962     13.1517  0.00735799
        1569     12.8129     13.1515  0.00735647
        1570     12.8233     13.1513  0.00735475
        1571      12.807     13.1511  0.00735333
        1572     12.7632     13.1508  0.00735279
        1573     12.7093     13.1506  0.00735348
        1574     12.6672     13.1503  0.00735522
        1575     12.6499     13.1499   0.0073574
        1576     12.6556     13.1496  0.00735942
        1577     12.6723     13.1493  0.00736097
        1578     12.6899      13.149  0.00736206
        1579     12.7074     13.1488  0.00736271
        1580     12.7273     13.1485  0.00736288
        1581     12.7484     13.1482  0.00736257
        1582     12.7658      13.148  0.00736189
        1583     12.7752     13.1478    0.007361
        1584     12.7771     13.1475  0.00736007
        1585     12.7748     13.1473  0.00735919
        1586     12.7715     13.1471  0.00735836
        1587     12.7665     13.1468  0.00735763
        1588     12.7556     13.1466  0.00735712
        1589     12.7338     13.1463  0.00735707
        1590     12.6993      13.146  0.00735782
        1591     12.6567     13.1457  0.00735962
        1592     12.6175     13.1454  0.00736247
        1593      12.593      13.145  0.00736601
        1594     12.5821     13.1447  0.00736985
        1595     12.5642     13.1443  0.00737421
        1596     12.5076     13.1439  0.00738038
        1597     12.3895     13.1435  0.00739086
        1598     12.2311     13.1429  0.00740825
        1599     12.1273     13.1422   0.0074308
        1600     12.1816     13.1416  0.00745037
        1601     12.3593     13.1412  0.00746173
        1602     12.5319     13.1408  0.00746675
        1603     12.6356     13.1405  0.00746874
        1604     12.6773     13.1402  0.00746966
        1605     12.6803     13.1399   0.0074705
        1606     12.6611     13.1396   0.0074718
        1607     12.6301     13.1393  0.00747387
        1608     12.5953     13.1389  0.00747688
        1609     12.5647     13.1386  0.00748074
        1610      12.545     13.1382  0.00748517
        1611     12.5399     13.1378  0.00748974
        1612     12.5491     13.1375  0.00749399
        1613     12.5703     13.1371  0.00749759
        1614     12.5986     13.1368  0.00750036
        1615      12.628     13.1365  0.00750233
        1616     12.6522     13.1362  0.00750367
        1617     12.6667     13.1359  0.00750465
        1618     12.6696     13.1356  0.00750554
        1619     12.6613     13.1353  0.00750662
        1620     12.6444      13.135   0.0075081
        1621     12.6234     13.1347   0.0075101
        1622     12.6048     13.1344  0.00751257
        1623     12.5948      13.134  0.00751529
        1624     12.5973     13.1337  0.00751793
        1625     12.6124     13.1334  0.00752015
        1626     12.6379     13.1331  0.00752169
        1627      12.672     13.1328  0.00752241
        1628     12.7147     13.1325  0.00752217
        1629      12.766     13.1323  0.00752091
        1630     12.8233     13.1321  0.00751869
        1631     12.8811      13.132  0.00751565
        1632     12.9335     13.1318  0.00751203
        1633     12.9753     13.1317  0.00750804
        1634     13.0029     13.1317  0.00750386
        1635     13.0124     13.1316  0.00749963
        1636     12.9978     13.1315  0.00749549
        1637     12.9498     13.1314  0.00749173
        1638      12.856     13.1312  0.00748904
        1639     12.7126      13.131  0.00748883
        1640     12.5487     13.1306  0.00749267
        1641     12.4354     13.1302  0.00750008
        1642     12.4407     13.1298  0.00750725
        1643     12.5678     13.1294  0.00751047
        1644     12.7544     13.1292  0.00750937
        1645      12.929     13.1291  0.00750579
        1646     13.0568      13.129  0.00750136
        1647     13.1378      13.129   0.0074968
        1648     13.1862     13.1291  0.00749233
        1649      13.216     13.1291  0.00748798
        1650     13.2369     13.1292  0.00748372
        1651     13.2542     13.1293  0.00747957
        1652     13.2685     13.1294  0.00747552
        1653     13.2762     13.1294  0.00747153
        1654     13.2687     13.1295  0.00746748
        1655     13.2333     13.1296  0.00746323
        1656     13.1615     13.1296  0.00745875
        1657      13.065     13.1296  0.00745435
        1658     12.9835     13.1295  0.00745038
        1659     12.9479     13.1294  0.00744669
        1660     12.9425     13.1293  0.00744306
        1661      12.943     13.1291  0.00743942
        1662     12.9674     13.1291  0.00743558
        1663     13.0349      13.129  0.00743132
        1664     13.1185      13.129  0.00742686
        1665     13.1849      13.129  0.00742248
        1666     13.2267     13.1291  0.00741825
        1667     13.2523     13.1292  0.00741417
        1668     13.2752     13.1292  0.00741024
        1669     13.3063     13.1293  0.00740656
        1670     13.3437     13.1295  0.00740324
        1671     13.3753     13.1296  0.00740027
        1672     13.3935     13.1298  0.00739753
        1673     13.4049     13.1299  0.00739493
        1674     13.4232     13.1301  0.00739259
        1675     13.4528     13.1303  0.00739069
        1676     13.4835     13.1305  0.00738928
        1677      13.503     13.1307  0.00738821
        1678     13.5093      13.131  0.00738725
        1679      13.511     13.1312  0.00738632
        1680     13.5174     13.1314   0.0073855
        1681     13.5312     13.1317  0.00738493
        1682      13.547     13.1319  0.00738467
        1683     13.5563     13.1322  0.00738459
        1684     13.5522     13.1324  0.00738441
        1685     13.5321     13.1327  0.00738384
        1686     13.4965     13.1329  0.00738261
        1687     13.4478     13.1331   0.0073806
        1688     13.3914     13.1332  0.00737781
        1689     13.3435     13.1333  0.00737449
        1690      13.328     13.1334  0.00737103
        1691     13.3551     13.1336  0.00736784
        1692     13.4041     13.1337  0.00736522
        1693     13.4423     13.1339  0.00736312
        1694     13.4564     13.1341  0.00736123
        1695     13.4586     13.1343  0.00735938
        1696     13.4657     13.1345  0.00735763
        1697     13.4799     13.1347  0.00735611
        1698     13.4933     13.1349  0.00735481
        1699     13.4998     13.1351  0.00735362
        1700     13.5006     13.1353  0.00735243
        1701     13.4998     13.1356  0.00735123
        1702     13.4995     13.1358  0.00735002
        1703     13.4975      13.136  0.00734878
        1704     13.4906     13.1362  0.00734741
        1705     13.4766     13.1364  0.00734581
        1706      13.455     13.1366  0.00734388
        1707     13.4262     13.1367  0.00734154
        1708     13.3894     13.1369  0.00733873
        1709      13.344      13.137  0.00733544
        1710     13.2926     13.1371  0.00733171
        1711     13.2439     13.1372  0.00732769
        1712     13.2106     13.1372  0.00732354
        1713     13.2013     13.1372  0.00731936
        1714     13.2142     13.1373  0.00731522
        1715     13.2346     13.1374  0.00731118
        1716     13.2291     13.1374  0.00730711
        1717     13.1426     13.1374  0.00730286
        1718     12.9555     13.1373  0.00729938
        1719     12.8329     13.1371  0.00729728
        1720     12.9676      13.137   0.0072937
        1721     13.1961     13.1371  0.00728954
        1722     13.3259     13.1372  0.00728613
        1723     13.3557     13.1373  0.00728301
        1724     13.3346     13.1374  0.00727968
        1725     13.2988     13.1375  0.00727606
        1726     13.2701     13.1376  0.00727225
        1727     13.2572     13.1377  0.00726837
        1728     13.2561     13.1377  0.00726449
        1729      13.256     13.1378  0.00726061
        1730     13.2505     13.1379  0.00725671
        1731     13.2435     13.1379  0.00725277
        1732     13.2411      13.138  0.00724883
        1733       13.24      13.138  0.00724488
        1734      13.227     13.1381  0.00724089
        1735     13.1924     13.1381  0.00723678
        1736     13.1386     13.1381  0.00723261
        1737     13.0794     13.1381  0.00722853
        1738     13.0318      13.138  0.00722463
        1739     13.0037     13.1379  0.00722089
        1740     12.9862     13.1379  0.00721726
        1741     12.9567     13.1378  0.00721387
        1742     12.9077     13.1376  0.00721094
        1743     12.8802     13.1375  0.00720831
        1744      12.934     13.1374  0.00720512
        1745     13.0564     13.1373  0.00720114
        1746     13.1769     13.1373  0.00719705
        1747     13.2533     13.1374  0.00719324
        1748     13.2853     13.1375  0.00718962
        1749     13.2871     13.1376  0.00718602
        1750     13.2718     13.1376  0.00718232
        1751     13.2481     13.1377   0.0071785
        1752     13.2209     13.1378  0.00717456
        1753     13.1923     13.1378  0.00717053
        1754     13.1627     13.1378  0.00716646
        1755     13.1332     13.1378  0.00716238
        1756     13.1077     13.1378  0.00715832
        1757     13.0926     13.1378  0.00715429
        1758     13.0933     13.1377  0.00715027
        1759     13.1084     13.1377  0.00714622
        1760     13.1308     13.1377  0.00714216
        1761     13.1517     13.1377  0.00713811
        1762     13.1651     13.1377  0.00713408
        1763     13.1678     13.1377  0.00713005
        1764      13.158     13.1378  0.00712602
        1765     13.1325     13.1378  0.00712198
        1766      13.087     13.1377    0.007118
        1767     13.0171     13.1377   0.0071143
        1768     12.9224     13.1375  0.00711132
        1769     12.8113     13.1374  0.00710969
        1770      12.703     13.1371  0.00710991
        1771     12.6252     13.1368  0.00711177
        1772     12.6052     13.1365  0.00711408
        1773     12.6418     13.1362  0.00711554
        1774     12.6856      13.136  0.00711606
        1775     12.6747     13.1357   0.0071168
        1776     12.6088     13.1354  0.00711897
        1777     12.5818     13.1351  0.00712178
        1778     12.6636     13.1349  0.00712271
        1779     12.7963     13.1347  0.00712125
        1780     12.9026     13.1345  0.00711844
        1781     12.9616     13.1344  0.00711511
        1782     12.9769     13.1343  0.00711166
        1783     12.9488     13.1342  0.00710844
        1784     12.8688     13.1341  0.00710601
        1785     12.7336     13.1339  0.00710557
        1786     12.5821     13.1336   0.0071083
        1787     12.5014     13.1332  0.00711312
        1788     12.5273     13.1329  0.00711721
        1789     12.6012     13.1326  0.00711944
        1790     12.6672     13.1323   0.0071202
        1791     12.7101     13.1321  0.00712013
        1792     12.7283     13.1319  0.00711972
        1793     12.7224     13.1316  0.00711941
        1794     12.7007     13.1314  0.00711949
        1795     12.6815     13.1311  0.00711994
        1796     12.6824     13.1309  0.00712036
        1797     12.7046     13.1306  0.00712034
        1798     12.7346     13.1304  0.00711979
        1799     12.7587     13.1302  0.00711883
        1800     12.7711       13.13  0.00711767
        1801     12.7714     13.1298   0.0071165
        1802       12.76     13.1296  0.00711551
        1803     12.7373     13.1294  0.00711489
        1804     12.7044     13.1292  0.00711485
        1805     12.6652     13.1289  0.00711555
        1806     12.6241     13.1286   0.0071171
        1807     12.5817     13.1283  0.00711959
        1808     12.5336      13.128  0.00712325
        1809      12.478     13.1276  0.00712837
        1810     12.4258     13.1272  0.00713497
        1811     12.3974     13.1268   0.0071424
        1812     12.4053     13.1264  0.00714955
        1813     12.4432     13.1261  0.00715553
        1814     12.4967     13.1257     0.00716
        1815     12.5552     13.1254  0.00716295
        1816      12.613     13.1251  0.00716456
        1817      12.666     13.1249  0.00716507
        1818      12.711     13.1246  0.00716475
        1819     12.7463     13.1244  0.00716382
        1820     12.7717     13.1242  0.00716251
        1821     12.7875     13.1241  0.00716096
        1822     12.7935     13.1239  0.00715933
        1823     12.7888     13.1237  0.00715776
        1824     12.7712     13.1235  0.00715645
        1825     12.7383     13.1233  0.00715564
        1826      12.689      13.123  0.00715567
        1827     12.6284     13.1228  0.00715687
        1828     12.5724     13.1225  0.00715929
        1829     12.5447     13.1222  0.00716234
        1830     12.5617     13.1219  0.00716497
        1831     12.6179     13.1216  0.00716634
        1832     12.6926     13.1213  0.00716626
        1833      12.767     13.1212  0.00716495
        1834     12.8327      13.121  0.00716277
        1835     12.8896     13.1209  0.00715998
        1836     12.9402     13.1208  0.00715675
        1837     12.9865     13.1207  0.00715323
        1838     13.0286     13.1206  0.00714952
        1839     13.0649     13.1206  0.00714569
        1840     13.0926     13.1206  0.00714183
        1841     13.1085     13.1206  0.00713795
        1842     13.1081     13.1206  0.00713408
        1843     13.0836     13.1206  0.00713023
        1844     13.0212     13.1205  0.00712657
        1845     12.9093     13.1204  0.00712363
        1846      12.773     13.1202  0.00712225
        1847     12.7073       13.12  0.00712191
        1848     12.7871     13.1198  0.00712033
        1849     12.9557     13.1197  0.00711703
        1850     13.1168     13.1197  0.00711319
        1851     13.2279     13.1198  0.00710958
        1852     13.2835     13.1199  0.00710629
        1853     13.2914       13.12  0.00710306
        1854     13.2661       13.12  0.00709967
        1855      13.228     13.1201  0.00709608
        1856     13.1957     13.1201  0.00709237
        1857      13.176     13.1202  0.00708862
        1858     13.1627     13.1202  0.00708484
        1859     13.1511     13.1202  0.00708105
        1860     13.1507     13.1202  0.00707726
        1861     13.1744     13.1203  0.00707352
        1862     13.2154     13.1203   0.0070699
        1863     13.2467     13.1204  0.00706643
        1864     13.2441     13.1204  0.00706295
        1865     13.2023     13.1205   0.0070593
        1866     13.1389     13.1205  0.00705553
        1867     13.0897     13.1205  0.00705177
        1868     13.0885     13.1205  0.00704801
        1869     13.1379     13.1205  0.00704425
        1870     13.2059     13.1205  0.00704063
        1871     13.2571     13.1206  0.00703725
        1872     13.2776     13.1207  0.00703399
        1873     13.2721     13.1207  0.00703069
        1874      13.251     13.1208  0.00702729
        1875     13.2207     13.1209  0.00702374
        1876     13.1814     13.1209  0.00702007
        1877     13.1316     13.1209  0.00701633
        1878     13.0762     13.1209  0.00701264
        1879      13.032     13.1208  0.00700906
        1880     13.0207     13.1208  0.00700554
        1881     13.0488     13.1207  0.00700192
        1882     13.0981     13.1207  0.00699821
        1883     13.1434     13.1207   0.0069945
        1884     13.1703     13.1208  0.00699084
        1885     13.1766     13.1208  0.00698719
        1886     13.1659     13.1208  0.00698353
        1887     13.1431     13.1208  0.00697984
        1888     13.1131     13.1208  0.00697614
        1889     13.0808     13.1208  0.00697248
        1890     13.0507     13.1208  0.00696889
        1891     13.0266     13.1207  0.00696538
        1892     13.0113     13.1207  0.00696194
        1893     13.0063     13.1206  0.00695853
        1894     13.0109     13.1205  0.00695509
        1895     13.0227     13.1205  0.00695162
        1896     13.0379     13.1205  0.00694809
        1897     13.0529     13.1204  0.00694451
        1898     13.0649     13.1204  0.00694092
        1899     13.0726     13.1204  0.00693731
        1900     13.0761     13.1203   0.0069337
        1901     13.0763     13.1203  0.00693009
        1902     13.0743     13.1203  0.00692649
        1903     13.0719     13.1203  0.00692289
        1904     13.0702     13.1202  0.00691931
        1905     13.0699     13.1202  0.00691572
        1906     13.0709     13.1202  0.00691214
        1907     13.0723     13.1202  0.00690857
        1908     13.0723     13.1201  0.00690499
        1909      13.069     13.1201  0.00690143
        1910     13.0609     13.1201  0.00689788
        1911     13.0479       13.12  0.00689438
        1912     13.0326       13.12  0.00689092
        1913     13.0206     13.1199  0.00688752
        1914      13.019     13.1199  0.00688412
        1915     13.0321     13.1198  0.00688068
        1916     13.0578     13.1198  0.00687716
        1917     13.0894     13.1198  0.00687359
        1918     13.1202     13.1198  0.00687001
        1919     13.1467     13.1198  0.00686644
        1920     13.1674     13.1198  0.00686291
        1921     13.1803     13.1199  0.00685941
        1922     13.1811     13.1199  0.00685592
        1923      13.163     13.1199  0.00685239
        1924     13.1205     13.1199  0.00684883
        1925      13.058     13.1199  0.00684534
        1926     13.0013     13.1198  0.00684207
        1927     12.9865     13.1198  0.00683887
        1928     13.0228     13.1197   0.0068355
        1929     13.0809     13.1197  0.00683199
        1930     13.1265     13.1197  0.00682845
        1931     13.1441     13.1197  0.00682493
        1932     13.1329     13.1197   0.0068214
        1933     13.1002     13.1197  0.00681788
        1934     13.0581     13.1197  0.00681443
        1935     13.0191     13.1196   0.0068111
        1936     12.9856     13.1196  0.00680794
        1937     12.9455     13.1195  0.00680501
        1938     12.8929     13.1193  0.00680251
        1939     12.8611     13.1192   0.0068003
        1940      12.899     13.1191  0.00679774
        1941     12.9906      13.119  0.00679456
        1942     13.0688      13.119  0.00679112
        1943     13.1001      13.119  0.00678763
        1944     13.1067      13.119  0.00678414
        1945     13.1245      13.119  0.00678065
        1946     13.1534      13.119  0.00677719
        1947     13.1602      13.119  0.00677374
        1948     13.1269      13.119  0.00677027
        1949     13.0759      13.119  0.00676683
        1950     13.0514      13.119  0.00676345
        1951     13.0748      13.119  0.00676002
        1952     13.1306      13.119  0.00675656
        1953      13.193      13.119   0.0067532
        1954     13.2463     13.1191  0.00675006
        1955     13.2856     13.1191  0.00674715
        1956     13.3115     13.1192  0.00674442
        1957     13.3268     13.1194   0.0067418
        1958      13.334     13.1195  0.00673925
        1959     13.3346     13.1196   0.0067367
        1960     13.3289     13.1197  0.00673411
        1961     13.3164     13.1198  0.00673143
        1962     13.2959     13.1199  0.00672859
        1963     13.2666     13.1199  0.00672558
        1964     13.2308       13.12  0.00672239
        1965     13.1957       13.12  0.00671908
        1966     13.1734     13.1201  0.00671572
        1967     13.1743     13.1201  0.00671236
        1968     13.1986     13.1201  0.00670907
        1969     13.2341     13.1202  0.00670591
        1970     13.2659     13.1203  0.00670292
        1971     13.2847     13.1203  0.00670004
        1972     13.2887     13.1204  0.00669718
        1973     13.2803     13.1205  0.00669428
        1974     13.2676     13.1206   0.0066913
        1975     13.2672     13.1207  0.00668833
        1976     13.2941     13.1208  0.00668552
        1977     13.3398     13.1209  0.00668305
        1978     13.3716      13.121  0.00668088
        1979     13.3661     13.1211  0.00667865
        1980     13.3374     13.1212  0.00667617
        1981     13.3178     13.1213  0.00667354
        1982      13.305     13.1214  0.00667081
        1983       13.27     13.1215  0.00666787
        1984     13.2311     13.1215  0.00666474
        1985     13.2466     13.1216  0.00666168
        1986     13.3151     13.1217  0.00665904
        1987     13.3775     13.1218  0.00665693
        1988     13.4002      13.122  0.00665505
        1989      13.389     13.1221  0.00665306
        1990     13.3641     13.1222  0.00665083
        1991     13.3437     13.1223  0.00664842
        1992     13.3356     13.1224  0.00664594
        1993     13.3358     13.1226  0.00664347
        1994     13.3347     13.1227  0.00664099
        1995     13.3254     13.1228  0.00663844
        1996     13.3068     13.1229  0.00663575
        1997     13.2834     13.1229  0.00663292
        1998     13.2642      13.123  0.00662997
        1999     13.2609     13.1231  0.00662702
        2000     13.2815     13.1232  0.00662418
        2001     13.3227     13.1233  0.00662162
        2002     13.3705     13.1234  0.00661946
        2003     13.4074     13.1235  0.00661767
        2004     13.4184     13.1237  0.00661601
        2005     13.3903     13.1238  0.00661405
        2006     13.3149     13.1239  0.00661143
        2007     13.2024     13.1239  0.00660826
        2008     13.0963     13.1239  0.00660498
        2009     13.0437     13.1239  0.00660181
        2010     13.0465     13.1238  0.00659864
        2011     13.0776     13.1238   0.0065954
        2012     13.1182     13.1238  0.00659212
        2013     13.1535     13.1238  0.00658886
        2014     13.1697     13.1239  0.00658563
        2015     13.1619     13.1239  0.00658239
        2016     13.1335     13.1239  0.00657913
        2017     13.0871     13.1239  0.00657589
        2018     13.0268     13.1238  0.00657281
        2019      12.973     13.1237  0.00656998
        2020     12.9621     13.1237  0.00656721
        2021     13.0058     13.1236  0.00656422
        2022     13.0718     13.1236  0.00656102
        2023     13.1239     13.1236  0.00655778
        2024     13.1506     13.1236  0.00655455
        2025     13.1562     13.1236  0.00655134
        2026     13.1464     13.1236  0.00654811
        2027     13.1253     13.1236  0.00654488
        2028     13.0969     13.1236  0.00654167
        2029     13.0692     13.1236   0.0065385
        2030      13.052     13.1235  0.00653537
        2031     13.0514     13.1235  0.00653225
        2032     13.0648     13.1235   0.0065291
        2033     13.0833     13.1235  0.00652592
        2034     13.1002     13.1234  0.00652272
        2035     13.1143     13.1234  0.00651952
        2036     13.1269     13.1234  0.00651632
        2037     13.1367     13.1234  0.00651312
        2038     13.1368     13.1235  0.00650993
        2039     13.1169     13.1235  0.00650674
        2040     13.0687     13.1234   0.0065036
        2041     12.9924     13.1234  0.00650073
        2042     12.9033     13.1233  0.00649844
        2043     12.8285     13.1231  0.00649686
        2044     12.7929     13.1229  0.00649569
        2045     12.8073     13.1228  0.00649435
        2046     12.8587     13.1227  0.00649246
        2047     12.9045     13.1226  0.00649016
        2048     12.8873     13.1224  0.00648801
        2049     12.7622     13.1223  0.00648722
        2050     12.5451      13.122  0.00649017
        2051     12.3729     13.1216  0.00649727
        2052     12.3962     13.1213  0.00650371
        2053     12.5712      13.121  0.00650606
        2054     12.7672     13.1208  0.00650517
        2055     12.9202     13.1207  0.00650274
        2056     13.0139     13.1207  0.00649979
        2057     13.0496     13.1206  0.00649672
        2058     13.0384     13.1206  0.00649368
        2059     12.9936     13.1205  0.00649082
        2060     12.9283     13.1204  0.00648834
        2061      12.862     13.1203  0.00648641
        2062     12.8221     13.1202  0.00648487
        2063     12.8311       13.12  0.00648324
        2064     12.8918     13.1199  0.00648105
        2065     12.9815     13.1199  0.00647825
        2066      13.067     13.1198  0.00647517
        2067     13.1271     13.1198  0.00647204
        2068     13.1591     13.1199  0.00646893
        2069     13.1686     13.1199  0.00646585
        2070     13.1618     13.1199  0.00646276
        2071     13.1418     13.1199  0.00645965
        2072     13.1087     13.1199  0.00645653
        2073     13.0599     13.1199  0.00645348
        2074     12.9903     13.1198  0.00645067
        2075     12.8952     13.1197  0.00644847
        2076     12.7857     13.1195  0.00644737
        2077      12.716     13.1193  0.00644719
        2078     12.7549     13.1192  0.00644648
        2079     12.8892     13.1191  0.00644433
        2080      13.039      13.119  0.00644134
        2081     13.1558      13.119  0.00643827
        2082     13.2359     13.1191  0.00643542
        2083     13.2894     13.1192  0.00643285
        2084     13.3241     13.1193  0.00643052
        2085     13.3426     13.1194  0.00642833
        2086     13.3424     13.1195  0.00642613
        2087     13.3192     13.1196  0.00642377
        2088     13.2731     13.1197  0.00642111
        2089     13.2125     13.1197  0.00641819
        2090     13.1522     13.1197  0.00641514
        2091      13.109     13.1197  0.00641207
        2092     13.0967     13.1197  0.00640902
        2093     13.1189     13.1197  0.00640596
        2094     13.1639     13.1197  0.00640293
        2095     13.2101     13.1198  0.00640002
        2096       13.24     13.1198  0.00639722
        2097     13.2514     13.1199  0.00639448
        2098     13.2551       13.12  0.00639176
        2099     13.2602       13.12  0.00638906
        2100     13.2635     13.1201  0.00638638
        2101     13.2496     13.1202  0.00638364
        2102     13.2035     13.1202  0.00638073
        2103     13.1239     13.1202   0.0063777
        2104     13.0306     13.1201  0.00637481
        2105     12.9597     13.1201  0.00637223
        2106     12.9446       13.12  0.00636975
        2107      12.993     13.1199  0.00636701
        2108     13.0805     13.1199  0.00636402
        2109     13.1723     13.1199  0.00636105
        2110     13.2487       13.12  0.00635833
        2111     13.3076     13.1201  0.00635594
        2112     13.3537     13.1202  0.00635389
        2113     13.3902     13.1203  0.00635217
        2114     13.4195     13.1205  0.00635074
        2115     13.4437     13.1206  0.00634958
        2116     13.4646     13.1208  0.00634866
        2117     13.4826      13.121  0.00634796
        2118     13.4959     13.1211  0.00634743
        2119     13.5021     13.1213  0.00634698
        2120     13.4976     13.1215  0.00634647
        2121     13.4794     13.1217  0.00634572
        2122     13.4455     13.1218  0.00634456
        2123     13.3959     13.1219  0.00634289
        2124     13.3338      13.122  0.00634069
        2125     13.2657     13.1221  0.00633806
        2126     13.2021     13.1221  0.00633519
        2127     13.1578     13.1222  0.00633224
        2128     13.1483     13.1222  0.00632927
        2129     13.1775     13.1222  0.00632635
        2130      13.231     13.1222  0.00632359
        2131     13.2858     13.1223  0.00632109
        2132     13.3262     13.1224  0.00631885
        2133     13.3488     13.1225  0.00631677
        2134     13.3571     13.1226  0.00631477
        2135     13.3569     13.1227  0.00631277
        2136     13.3531     13.1229  0.00631073
        2137      13.349      13.123  0.00630867
        2138     13.3462     13.1231  0.00630658
        2139     13.3444     13.1232  0.00630448
        2140     13.3426     13.1233  0.00630237
        2141     13.3389     13.1234  0.00630023
        2142     13.3308     13.1235  0.00629803
        2143     13.3147     13.1236  0.00629573
        2144     13.2869     13.1236  0.00629325
        2145     13.2458     13.1237  0.00629057
        2146     13.2001     13.1237  0.00628774
        2147     13.1733     13.1237  0.00628486
        2148     13.1876     13.1238    0.006282
        2149      13.237     13.1238   0.0062793
        2150     13.2911     13.1239  0.00627686
        2151     13.3257      13.124  0.00627464
        2152     13.3365     13.1241   0.0062725
        2153      13.334     13.1242  0.00627035
        2154     13.3324     13.1243  0.00626818
        2155      13.342     13.1244  0.00626609
        2156     13.3644     13.1245  0.00626417
        2157     13.3952     13.1246  0.00626252
        2158     13.4282     13.1248   0.0062612
        2159     13.4584     13.1249  0.00626021
        2160     13.4809     13.1251  0.00625948
        2161     13.4905     13.1253  0.00625886
        2162     13.4817     13.1254  0.00625814
        2163     13.4498     13.1256  0.00625704
        2164     13.3939     13.1257  0.00625538
        2165     13.3281     13.1258  0.00625319
        2166     13.2908     13.1259  0.00625077
        2167     13.3172      13.126  0.00624851
        2168     13.3913     13.1261  0.00624682
        2169     13.4601     13.1262  0.00624584
        2170     13.4838     13.1264  0.00624513
        2171     13.4578     13.1266  0.00624412
        2172     13.4166     13.1267  0.00624268
        2173     13.4178     13.1268  0.00624124
        2174     13.4832      13.127  0.00624052
        2175     13.5746     13.1272  0.00624105
        2176     13.6475     13.1274  0.00624276
        2177     13.6853     13.1277  0.00624515
        2178     13.6895     13.1279  0.00624761
        2179     13.6661     13.1282  0.00624962
        2180     13.6208     13.1284  0.00625083
        2181     13.5595     13.1286  0.00625109
        2182     13.4891     13.1288  0.00625041
        2183      13.417     13.1289  0.00624894
        2184     13.3499      13.129   0.0062469
        2185     13.2913     13.1291  0.00624448
        2186     13.2417     13.1291  0.00624184
        2187     13.1997     13.1292  0.00623907
        2188      13.165     13.1292  0.00623624
        2189     13.1402     13.1292  0.00623339
        2190     13.1334     13.1292  0.00623054
        2191     13.1574     13.1292  0.00622771
        2192     13.2163     13.1292    0.006225
        2193     13.2944     13.1293  0.00622261
        2194      13.368     13.1294  0.00622073
        2195     13.4213     13.1296  0.00621932
        2196     13.4489     13.1297  0.00621818
        2197     13.4505     13.1299  0.00621707
        2198     13.4255       13.13  0.00621569
        2199     13.3713     13.1301  0.00621384
        2200     13.2852     13.1302  0.00621141
        2201      13.173     13.1302  0.00620862
        2202     13.0641     13.1302  0.00620587
        2203      13.005     13.1301  0.00620332
        2204     13.0148     13.1301  0.00620072
        2205     13.0651       13.13  0.00619798
        2206     13.1202       13.13  0.00619517
        2207      13.166       13.13  0.00619239
        2208     13.2016     13.1301  0.00618967
        2209     13.2277     13.1301  0.00618702
        2210     13.2433     13.1302  0.00618443
        2211     13.2467     13.1302  0.00618186
        2212     13.2374     13.1303  0.00617926
        2213     13.2171     13.1303  0.00617659
        2214     13.1906     13.1303  0.00617386
        2215      13.165     13.1303  0.00617109
        2216      13.146     13.1304  0.00616831
        2217      13.135     13.1304  0.00616553
        2218     13.1299     13.1304  0.00616275
        2219     13.1266     13.1304  0.00615997
        2220     13.1204     13.1303   0.0061572
        2221     13.1051     13.1303  0.00615444
        2222     13.0772     13.1303  0.00615171
        2223     13.0483     13.1303  0.00614906
        2224     13.0489     13.1302   0.0061464
        2225     13.0963     13.1302  0.00614366
        2226     13.1653     13.1302  0.00614092
        2227     13.2154     13.1303  0.00613828
        2228     13.2268     13.1303  0.00613568
        2229     13.1995     13.1304    0.006133
        2230     13.1413     13.1304  0.00613026
        2231     13.0668     13.1303  0.00612757
        2232     13.0039     13.1303  0.00612509
        2233     12.9842     13.1302   0.0061227
        2234      13.015     13.1302  0.00612017
        2235     13.0745     13.1301  0.00611749
        2236      13.135     13.1301  0.00611475
        2237     13.1785     13.1302  0.00611205
        2238     13.1948     13.1302  0.00610939
        2239     13.1757     13.1302   0.0061067
        2240     13.1134     13.1302  0.00610398
        2241     12.9997     13.1301  0.00610153
        2242     12.8433       13.13  0.00610015
        2243     12.7204     13.1298  0.00610016
        2244      12.748     13.1297  0.00609982
        2245      12.906     13.1296  0.00609791
        2246     13.0633     13.1295  0.00609527
        2247      13.157     13.1295  0.00609257
        2248     13.1952     13.1296  0.00608993
        2249     13.2003     13.1296   0.0060873
        2250     13.1883     13.1296  0.00608465
        2251     13.1679     13.1296  0.00608197
        2252     13.1427     13.1296  0.00607928
        2253     13.1143     13.1296  0.00607658
        2254     13.0844     13.1296  0.00607392
        2255     13.0565     13.1296  0.00607131
        2256     13.0359     13.1295  0.00606876
        2257     13.0285     13.1295  0.00606624
        2258     13.0372     13.1295  0.00606369
        2259     13.0595     13.1294  0.00606108
        2260     13.0876     13.1294  0.00605843
        2261     13.1118     13.1294  0.00605576
        2262     13.1239     13.1294  0.00605308
        2263     13.1188     13.1294  0.00605041
        2264     13.0963     13.1294  0.00604775
        2265      13.062     13.1294  0.00604516
        2266     13.0259     13.1293  0.00604266
        2267      12.999     13.1292  0.00604027
        2268     12.9881     13.1292  0.00603792
        2269     12.9941     13.1291  0.00603556
        2270     13.0055     13.1291  0.00603314
        2271     12.9846      13.129  0.00603082
        2272     12.8727     13.1289  0.00602922
        2273     12.6733     13.1287   0.0060299
        2274     12.5499     13.1284  0.00603262
        2275      12.619     13.1282  0.00603412
        2276     12.7667     13.1281  0.00603356
        2277     12.8918      13.128   0.0060318
        2278     12.9755     13.1279  0.00602953
        2279     13.0177     13.1278  0.00602708
        2280     13.0238     13.1278   0.0060246
        2281     13.0051     13.1277   0.0060222
        2282     12.9765     13.1277  0.00601993
        2283     12.9513     13.1276  0.00601779
        2284     12.9361     13.1275  0.00601574
        2285     12.9313     13.1274  0.00601372
        2286     12.9348     13.1273  0.00601168
        2287     12.9426     13.1273  0.00600959
        2288      12.949     13.1272  0.00600747
        2289     12.9483     13.1271  0.00600535
        2290     12.9382      13.127   0.0060033
        2291     12.9204     13.1269  0.00600135
        2292     12.8995     13.1268  0.00599956
        2293     12.8795     13.1267  0.00599791
        2294      12.863     13.1266   0.0059964
        2295     12.8506     13.1265  0.00599499
        2296     12.8424     13.1264  0.00599366
        2297     12.8386     13.1262  0.00599235
        2298     12.8396     13.1261  0.00599105
        2299     12.8456      13.126  0.00598968
        2300     12.8567     13.1259  0.00598822
        2301     12.8724     13.1258  0.00598663
        2302     12.8917     13.1257   0.0059849
        2303      12.913     13.1256  0.00598301
        2304     12.9335     13.1255  0.00598099
        2305     12.9486     13.1254  0.00597889
        2306     12.9515     13.1253  0.00597677
        2307     12.9339     13.1253  0.00597476
        2308     12.8919     13.1252  0.00597303
        2309      12.833      13.125  0.00597178
        2310     12.7678     13.1249  0.00597119
        2311     12.6804     13.1247  0.00597171
        2312     12.5356     13.1244  0.00597456
        2313     12.3678     13.1241  0.00598092
        2314      12.316     13.1238  0.00598853
        2315     12.4453     13.1235  0.00599311
        2316     12.6521     13.1233  0.00599397
        2317     12.8237     13.1231  0.00599278
        2318      12.926      13.123   0.0059908
        2319     12.9689      13.123  0.00598858
        2320     12.9677     13.1229  0.00598638
        2321     12.9316     13.1228  0.00598437
        2322     12.8669     13.1227   0.0059828
        2323     12.7912     13.1226  0.00598193
        2324     12.7423     13.1224  0.00598159
        2325     12.7522     13.1222  0.00598114
        2326     12.8087     13.1221  0.00598009
        2327     12.8719      13.122  0.00597848
        2328     12.9159     13.1219  0.00597657
        2329      12.937     13.1218  0.00597453
        2330     12.9404     13.1218  0.00597248
        2331     12.9323     13.1217  0.00597047
        2332     12.9181     13.1216  0.00596854
        2333     12.9029     13.1215  0.00596672
        2334     12.8908     13.1214  0.00596498
        2335     12.8849     13.1213  0.00596329
        2336     12.8867     13.1212  0.00596158
        2337     12.8969     13.1211   0.0059598
        2338     12.9148      13.121  0.00595791
        2339     12.9358     13.1209  0.00595589
        2340     12.9522     13.1209  0.00595378
        2341     12.9558     13.1208  0.00595165
        2342     12.9427     13.1207   0.0059496
        2343     12.9178     13.1206  0.00594769
        2344     12.8955     13.1205  0.00594593
        2345     12.8933     13.1204  0.00594418
        2346     12.9171     13.1203  0.00594228
        2347     12.9561     13.1203  0.00594016
        2348     12.9937     13.1202  0.00593787
        2349     13.0194     13.1202   0.0059355
        2350     13.0299     13.1201   0.0059331
        2351     13.0258     13.1201  0.00593071
        2352     13.0094     13.1201  0.00592838
        2353     12.9841       13.12  0.00592614
        2354     12.9553     13.1199  0.00592403
        2355     12.9305     13.1198  0.00592206
        2356     12.9164     13.1198  0.00592018
        2357     12.9167     13.1197   0.0059183
        2358     12.9291     13.1196  0.00591634
        2359     12.9432     13.1195   0.0059143
        2360     12.9412     13.1194  0.00591228
        2361     12.9053     13.1194  0.00591047
        2362     12.8407     13.1192  0.00590914
        2363     12.7971     13.1191  0.00590822
        2364     12.8311      13.119  0.00590697
        2365     12.9282     13.1189  0.00590503
        2366     13.0257     13.1189  0.00590266
        2367     13.0885     13.1188  0.00590018
        2368     13.1163     13.1188  0.00589769
        2369     13.1199     13.1188   0.0058952
        2370     13.1121     13.1188  0.00589271
        2371     13.1059     13.1188  0.00589023
        2372     13.1113     13.1188  0.00588775
        2373     13.1303     13.1188  0.00588527
        2374     13.1567     13.1189  0.00588281
        2375     13.1813     13.1189  0.00588039
        2376     13.1983     13.1189  0.00587801
        2377     13.2061     13.1189  0.00587566
        2378     13.2061      13.119   0.0058733
        2379     13.2008      13.119  0.00587093
        2380     13.1923     13.1191  0.00586855
        2381     13.1823     13.1191  0.00586614
        2382     13.1712     13.1191  0.00586372
        2383      13.159     13.1191  0.00586128
        2384     13.1451     13.1191  0.00585883
        2385     13.1292     13.1191  0.00585638
        2386     13.1108     13.1191  0.00585393
        2387     13.0903     13.1191  0.00585149
        2388     13.0692     13.1191  0.00584907
        2389     13.0513     13.1191  0.00584669
        2390     13.0434      13.119  0.00584433
        2391     13.0523      13.119  0.00584195
        2392     13.0797      13.119  0.00583954
        2393     13.1201      13.119  0.00583709
        2394     13.1631      13.119  0.00583469
        2395     13.1985      13.119  0.00583234
        2396      13.218     13.1191  0.00583006
        2397     13.2159     13.1191  0.00582776
        2398     13.1882     13.1192   0.0058254
        2399     13.1365     13.1192  0.00582298
        2400     13.0743     13.1191  0.00582058
        2401     13.0285     13.1191  0.00581828
        2402     13.0227     13.1191    0.005816
        2403     13.0538      13.119  0.00581364
        2404     13.0978      13.119  0.00581123
        2405     13.1331      13.119  0.00580882
        2406     13.1519      13.119  0.00580642
        2407     13.1564     13.1191  0.00580403
        2408     13.1531     13.1191  0.00580163
        2409     13.1486     13.1191  0.00579924
        2410     13.1459     13.1191  0.00579684
        2411     13.1419     13.1191  0.00579445
        2412     13.1285     13.1191  0.00579205
        2413     13.0972     13.1191  0.00578965
        2414     13.0474     13.1191  0.00578733
        2415     12.9944      13.119  0.00578516
        2416     12.9661      13.119  0.00578312
        2417     12.9785     13.1189  0.00578102
        2418     13.0179     13.1189  0.00577878
        2419     13.0589     13.1188  0.00577644
        2420     13.0889     13.1188  0.00577407
        2421     13.1112     13.1188  0.00577168
        2422     13.1341     13.1188   0.0057693
        2423     13.1621     13.1188  0.00576695
        2424     13.1936     13.1189  0.00576465
        2425     13.2239     13.1189  0.00576244
        2426     13.2487      13.119  0.00576031
        2427      13.266      13.119  0.00575826
        2428     13.2764     13.1191  0.00575625
        2429     13.2814     13.1192  0.00575427
        2430     13.2819     13.1192  0.00575229
        2431     13.2771     13.1193  0.00575029
        2432     13.2644     13.1194  0.00574823
        2433     13.2423     13.1194  0.00574609
        2434     13.2127     13.1194  0.00574386
        2435     13.1796     13.1195  0.00574155
        2436      13.144     13.1195  0.00573921
        2437     13.0992     13.1195  0.00573686
        2438     13.0361     13.1194  0.00573461
        2439     12.9542     13.1194  0.00573266
        2440     12.8746     13.1193  0.00573118
        2441     12.8521     13.1192  0.00572988
        2442     12.9388     13.1191  0.00572801
        2443     13.1085     13.1191  0.00572567
        2444     13.2796     13.1191   0.0057237
        2445     13.4023     13.1193  0.00572253
        2446     13.4732     13.1194  0.00572202
        2447      13.505     13.1196  0.00572185
        2448     13.5103     13.1197  0.00572174
        2449      13.497     13.1199  0.00572148
        2450     13.4698       13.12  0.00572092
        2451     13.4319     13.1201  0.00572001
        2452     13.3874     13.1203  0.00571871
        2453     13.3423     13.1203   0.0057171
        2454      13.305     13.1204  0.00571526
        2455     13.2827     13.1205  0.00571332
        2456     13.2768     13.1206  0.00571134
        2457     13.2805     13.1206  0.00570939
        2458     13.2818     13.1207  0.00570744
        2459     13.2703     13.1207  0.00570545
        2460     13.2448     13.1208  0.00570335
        2461     13.2159     13.1208  0.00570116
        2462     13.1979     13.1209  0.00569894
        2463     13.1929     13.1209   0.0056967
        2464     13.1846     13.1209  0.00569444
        2465     13.1478     13.1209  0.00569214
        2466     13.0655     13.1209  0.00568988
        2467     12.9533     13.1208  0.00568798
        2468     12.8705     13.1207  0.00568658
        2469     12.8746     13.1206  0.00568515
        2470     12.9468     13.1206  0.00568328
        2471     13.0191     13.1205  0.00568113
        2472      13.061     13.1205  0.00567888
        2473     13.0889     13.1205   0.0056766
        2474      13.116     13.1205  0.00567431
        2475     13.1335     13.1205  0.00567202
        2476     13.1339     13.1205  0.00566973
        2477     13.1235     13.1205  0.00566744
        2478      13.113     13.1205  0.00566515
        2479     13.1068     13.1205  0.00566287
        2480     13.1013     13.1205  0.00566059
        2481     13.0908     13.1205  0.00565832
        2482     13.0726     13.1205  0.00565608
        2483     13.0481     13.1204  0.00565387
        2484     13.0218     13.1204  0.00565174
        2485     12.9994     13.1203  0.00564967
        2486     12.9864     13.1203  0.00564766
        2487     12.9865     13.1202  0.00564564
        2488     12.9983     13.1202  0.00564359
        2489     13.0152     13.1201  0.00564148
        2490     13.0288     13.1201  0.00563933
        2491     13.0351     13.1201  0.00563717
        2492     13.0343       13.12  0.00563501
        2493     13.0288       13.12  0.00563287
        2494     13.0227       13.12  0.00563075
        2495     13.0243     13.1199  0.00562862
        2496      13.043     13.1199  0.00562645
        2497     13.0791     13.1199  0.00562422
        2498     13.1206     13.1199  0.00562197
        2499     13.1524     13.1199  0.00561974
        2500     13.1657     13.1199  0.00561752
        2501      13.159     13.1199  0.00561529
        2502     13.1358     13.1199  0.00561305
        2503     13.1031     13.1199  0.00561081
        2504       13.07     13.1199  0.00560861
        2505     13.0447     13.1199  0.00560645
        2506      13.032     13.1198  0.00560432
        2507     13.0342     13.1198  0.00560219
        2508     13.0526     13.1198  0.00560002
        2509     13.0852     13.1198  0.00559781
        2510     13.1248     13.1198  0.00559558
        2511     13.1626     13.1198  0.00559337
        2512     13.1925     13.1198  0.00559122
        2513     13.2134     13.1198  0.00558912
        2514     13.2274     13.1199  0.00558706
        2515     13.2377     13.1199  0.00558504
        2516     13.2453       13.12  0.00558304
        2517     13.2451       13.12  0.00558104
        2518     13.2191     13.1201  0.00557896
        2519     13.1304     13.1201  0.00557675
        2520     12.9419       13.12  0.00557499
        2521     12.7316     13.1199   0.0055749
        2522     12.7328     13.1197   0.0055748
        2523     12.9515     13.1196  0.00557299
        2524     13.1625     13.1196  0.00557081
        2525     13.2862     13.1197    0.005569
        2526       13.35     13.1198  0.00556754
        2527     13.3835     13.1199  0.00556631
        2528     13.4029       13.12  0.00556524
        2529     13.4153     13.1201  0.00556426
        2530      13.419     13.1203  0.00556331
        2531     13.4063     13.1204  0.00556226
        2532     13.3708     13.1205  0.00556095
        2533     13.3183     13.1205   0.0055593
        2534     13.2684     13.1206  0.00555741
        2535     13.2381     13.1207  0.00555541
        2536     13.2299     13.1207  0.00555339
        2537     13.2392     13.1207   0.0055514
        2538     13.2576     13.1208  0.00554947
        2539     13.2734     13.1209  0.00554761
        2540     13.2796     13.1209  0.00554578
        2541     13.2783      13.121  0.00554394
        2542     13.2755      13.121  0.00554209
        2543     13.2788     13.1211  0.00554026
        2544     13.2918     13.1212  0.00553849
        2545       13.31     13.1212  0.00553681
        2546     13.3244     13.1213  0.00553521
        2547     13.3305     13.1214  0.00553365
        2548     13.3311     13.1215  0.00553209
        2549     13.3396     13.1216  0.00553058
        2550     13.3732     13.1217  0.00552929
        2551     13.4328     13.1218  0.00552847
        2552     13.4991     13.1219  0.00552828
        2553      13.553     13.1221  0.00552869
        2554     13.5882     13.1223  0.00552954
        2555     13.6045     13.1225  0.00553059
        2556     13.6007     13.1227  0.00553159
        2557     13.5726     13.1228  0.00553223
        2558     13.5163      13.123   0.0055322
        2559     13.4322     13.1231  0.00553136
        2560     13.3289     13.1232  0.00552978
        2561     13.2256     13.1232  0.00552777
        2562     13.1491     13.1232  0.00552562
        2563     13.1215     13.1232  0.00552346
        2564     13.1447     13.1233  0.00552132
        2565     13.1995     13.1233  0.00551924
        2566     13.2606     13.1233  0.00551735
        2567     13.3111     13.1234  0.00551569
        2568     13.3453     13.1235  0.00551422
        2569     13.3642     13.1236  0.00551287
        2570     13.3721     13.1237  0.00551157
        2571     13.3739     13.1238  0.00551028
        2572     13.3726     13.1239  0.00550899
        2573     13.3686      13.124  0.00550767
        2574     13.3585     13.1241  0.00550628
        2575     13.3381     13.1242  0.00550477
        2576     13.3065     13.1242  0.00550309
        2577     13.2709     13.1243  0.00550125
        2578     13.2455     13.1243  0.00549932
        2579     13.2412     13.1244  0.00549737
        2580     13.2528     13.1244  0.00549547
        2581     13.2624     13.1245   0.0054936
        2582     13.2513     13.1245  0.00549169
        2583     13.2051     13.1246  0.00548965
        2584     13.1129     13.1246  0.00548753
        2585      12.981     13.1245  0.00548569
        2586     12.8699     13.1244  0.00548445
        2587     12.8766     13.1243  0.00548316
        2588     13.0019     13.1243  0.00548125
        2589     13.1444     13.1243  0.00547914
        2590     13.2388     13.1243   0.0054772
        2591     13.2807     13.1244  0.00547542
        2592     13.2849     13.1244  0.00547366
        2593     13.2635     13.1245  0.00547181
        2594     13.2234     13.1245  0.00546983
        2595     13.1679     13.1245  0.00546775
        2596     13.1001     13.1245  0.00546565
        2597     13.0272     13.1245  0.00546368
        2598     12.9649     13.1244  0.00546192
        2599     12.9341     13.1244  0.00546031
        2600     12.9464     13.1243  0.00545864
        2601     12.9924     13.1242  0.00545677
        2602     13.0474     13.1242  0.00545476
        2603     13.0893     13.1242  0.00545268
        2604     13.1097     13.1242  0.00545059
        2605     13.1117     13.1242   0.0054485
        2606     13.1028     13.1242  0.00544641
        2607     13.0895     13.1242  0.00544434
        2608     13.0749     13.1241  0.00544228
        2609     13.0596     13.1241  0.00544025
        2610     13.0437     13.1241  0.00543826
        2611     13.0284     13.1241   0.0054363
        2612     13.0157      13.124  0.00543438
        2613     13.0066      13.124  0.00543248
        2614     12.9989     13.1239  0.00543061
        2615     12.9869     13.1239  0.00542879
        2616     12.9627     13.1238  0.00542706
        2617      12.919     13.1237  0.00542555
        2618     12.8516     13.1236  0.00542448
        2619     12.7658     13.1235  0.00542413
        2620     12.6841     13.1233  0.00542465
        2621      12.644     13.1231  0.00542566
        2622      12.667      13.123  0.00542638
        2623     12.7322     13.1228  0.00542635
        2624     12.7989     13.1227  0.00542569
        2625     12.8424     13.1226  0.00542468
        2626     12.8588     13.1225  0.00542354
        2627     12.8533     13.1224  0.00542244
        2628     12.8312     13.1223  0.00542151
        2629     12.7945     13.1221  0.00542088
        2630     12.7413      13.122  0.00542075
        2631     12.6693     13.1218  0.00542142
        2632      12.586     13.1216  0.00542319
        2633     12.5218     13.1214  0.00542591
        2634     12.5151     13.1212  0.00542873
        2635     12.5681      13.121  0.00543073
        2636     12.6422     13.1208   0.0054317
        2637     12.7036     13.1206  0.00543194
        2638     12.7434     13.1205  0.00543177
        2639     12.7666     13.1203  0.00543136
        2640     12.7801     13.1202  0.00543084
        2641     12.7883     13.1201  0.00543023
        2642      12.793       13.12  0.00542959
        2643     12.7929     13.1198  0.00542894
        2644     12.7837     13.1197  0.00542838
        2645     12.7585     13.1196  0.00542804
        2646     12.7104     13.1194   0.0054282
        2647     12.6439     13.1192  0.00542912
        2648     12.5897      13.119  0.00543075
        2649     12.5908     13.1188  0.00543236
        2650     12.6525     13.1187  0.00543316
        2651     12.7353     13.1185  0.00543303
        2652     12.8038     13.1184  0.00543228
        2653     12.8496     13.1183  0.00543118
        2654     12.8787     13.1182  0.00542988
        2655      12.899     13.1181  0.00542846
        2656     12.9159      13.118  0.00542695
        2657     12.9321      13.118  0.00542536
        2658     12.9487     13.1179  0.00542369
        2659      12.965     13.1179  0.00542196
        2660     12.9799     13.1178  0.00542017
        2661      12.992     13.1178  0.00541834
        2662     12.9995     13.1177  0.00541649
        2663     13.0003     13.1177  0.00541463
        2664       12.99     13.1176  0.00541281
        2665     12.9616     13.1176   0.0054111
        2666     12.9064     13.1175  0.00540965
        2667     12.8208     13.1174  0.00540876
        2668     12.7192     13.1172  0.00540879
        2669     12.6421      13.117  0.00540969
        2670      12.634     13.1169  0.00541069
        2671     12.7001     13.1167  0.00541091
        2672     12.8013     13.1166  0.00541018
        2673     12.8952     13.1165  0.00540879
        2674     12.9623     13.1165  0.00540707
        2675     13.0007     13.1164  0.00540522
        2676     13.0143     13.1164  0.00540334
        2677     13.0076     13.1163  0.00540147
        2678     12.9867     13.1163  0.00539967
        2679     12.9587     13.1162  0.00539798
        2680     12.9304     13.1162  0.00539641
        2681     12.9051     13.1161  0.00539497
        2682     12.8849      13.116  0.00539365
        2683     12.8729     13.1159   0.0053924
        2684     12.8736     13.1158  0.00539114
        2685     12.8894     13.1157   0.0053898
        2686     12.9188     13.1156  0.00538829
        2687     12.9558     13.1156  0.00538661
        2688     12.9929     13.1155   0.0053848
        2689     13.0237     13.1155  0.00538291
        2690     13.0451     13.1155  0.00538097
        2691     13.0566     13.1155  0.00537901
        2692     13.0588     13.1154  0.00537706
        2693     13.0527     13.1154  0.00537511
        2694     13.0394     13.1154  0.00537319
        2695     13.0202     13.1154  0.00537131
        2696     12.9979     13.1153   0.0053695
        2697      12.976     13.1153  0.00536775
        2698     12.9578     13.1152  0.00536608
        2699     12.9442     13.1151  0.00536447
        2700     12.9335     13.1151   0.0053629
        2701     12.9237      13.115  0.00536138
        2702     12.9165     13.1149   0.0053599
        2703     12.9144     13.1149  0.00535843
        2704     12.9113     13.1148  0.00535698
        2705     12.8871     13.1147  0.00535566
        2706     12.8227     13.1146  0.00535477
        2707     12.7404     13.1144  0.00535458
        2708     12.7224     13.1143  0.00535456
        2709     12.8148     13.1142  0.00535372
        2710     12.9539     13.1141  0.00535207
        2711     13.0654     13.1141  0.00535013
        2712     13.1308     13.1141  0.00534816
        2713      13.159     13.1141  0.00534621
        2714     13.1614     13.1142  0.00534427
        2715     13.1482     13.1142  0.00534232
        2716     13.1314     13.1142  0.00534035
        2717     13.1235     13.1142  0.00533839
        2718     13.1298     13.1142  0.00533643
        2719     13.1419     13.1142  0.00533447
        2720     13.1433     13.1142  0.00533252
        2721     13.1297     13.1142  0.00533057
        2722     13.1273     13.1142  0.00532861
        2723     13.1715     13.1142   0.0053267
        2724     13.2574     13.1143    0.005325
        2725     13.3446     13.1144  0.00532372
        2726     13.4023     13.1145  0.00532281
        2727     13.4217     13.1146  0.00532205
        2728     13.4001     13.1147  0.00532113
        2729     13.3309     13.1148  0.00531977
        2730     13.2071     13.1148  0.00531793
        2731      13.048     13.1148  0.00531604
        2732      12.926     13.1147  0.00531454
        2733     12.9149     13.1146   0.0053131
        2734     12.9873     13.1146  0.00531136
        2735      13.056     13.1146  0.00530946
        2736     13.1003     13.1146  0.00530752
        2737     13.1557     13.1146   0.0053056
        2738     13.2319     13.1146  0.00530384
        2739     13.3046     13.1147  0.00530236
        2740     13.3552     13.1148  0.00530115
        2741     13.3829     13.1149  0.00530012
        2742     13.3956      13.115  0.00529917
        2743     13.3996     13.1151  0.00529826
        2744     13.3939     13.1152   0.0052973
        2745     13.3705     13.1153  0.00529619
        2746     13.3223     13.1154  0.00529479
        2747     13.2522     13.1154   0.0052931
        2748     13.1788     13.1154  0.00529123
        2749     13.1293     13.1154   0.0052893
        2750     13.1233     13.1154  0.00528738
        2751     13.1584     13.1155  0.00528548
        2752     13.2139     13.1155  0.00528368
        2753     13.2669     13.1155  0.00528205
        2754     13.3039     13.1156  0.00528057
        2755     13.3206     13.1157  0.00527918
        2756     13.3161     13.1158  0.00527777
        2757     13.2898     13.1158  0.00527623
        2758     13.2435     13.1159  0.00527452
        2759     13.1868     13.1159  0.00527267
        2760     13.1382     13.1159  0.00527077
        2761     13.1162     13.1159  0.00526886
        2762     13.1242     13.1159  0.00526695
        2763     13.1505     13.1159  0.00526506
        2764     13.1812     13.1159  0.00526321
        2765     13.2087      13.116  0.00526141
        2766     13.2307      13.116  0.00525967
        2767     13.2475     13.1161  0.00525799
        2768     13.2603     13.1161  0.00525635
        2769     13.2702     13.1162  0.00525474
        2770     13.2783     13.1162  0.00525317
        2771     13.2855     13.1163  0.00525163
        2772     13.2929     13.1164  0.00525012
        2773     13.3014     13.1164  0.00524865
        2774     13.3114     13.1165  0.00524723
        2775     13.3212     13.1166  0.00524586
        2776     13.3239     13.1166   0.0052445
        2777     13.3044     13.1167  0.00524305
        2778     13.2394     13.1168  0.00524135
        2779     13.1101     13.1167  0.00523946
        2780      12.937     13.1167  0.00523797
        2781     12.8016     13.1166  0.00523732
        2782     12.7745     13.1164  0.00523688
        2783     12.8354     13.1163  0.00523597
        2784      12.928     13.1163  0.00523453
        2785     13.0071     13.1162  0.00523279
        2786     13.0263     13.1162  0.00523101
        2787     12.9634     13.1162  0.00522942
        2788     12.8607     13.1161  0.00522835
        2789     12.8122      13.116  0.00522761
        2790     12.8774     13.1159  0.00522644
        2791     13.0222     13.1158  0.00522467
        2792     13.1764     13.1159  0.00522285
        2793     13.2989     13.1159  0.00522139
        2794     13.3821      13.116  0.00522039
        2795     13.4317     13.1161  0.00521974
        2796     13.4557     13.1163  0.00521929
        2797     13.4607     13.1164  0.00521887
        2798      13.452     13.1165  0.00521839
        2799     13.4353     13.1166  0.00521777
        2800     13.4178     13.1167  0.00521701
        2801     13.4064     13.1168  0.00521617
        2802     13.4041     13.1169  0.00521532
        2803     13.4085      13.117   0.0052145
        2804     13.4123     13.1171   0.0052137
        2805     13.4078     13.1172  0.00521287
        2806     13.3887     13.1173  0.00521191
        2807     13.3504     13.1174  0.00521071
        2808     13.2899     13.1175  0.00520922
        2809     13.2075     13.1175  0.00520747
        2810     13.1105     13.1175  0.00520561
        2811     13.0167     13.1175  0.00520388
        2812     12.9535     13.1174  0.00520236
        2813      12.949     13.1174  0.00520086
        2814     13.0105     13.1173  0.00519915
        2815     13.1133     13.1173   0.0051973
        2816     13.2162     13.1173  0.00519557
        2817     13.2906     13.1174  0.00519409
        2818     13.3321     13.1175  0.00519281
        2819     13.3529     13.1176  0.00519164
        2820     13.3678     13.1177  0.00519055
        2821     13.3826     13.1177  0.00518956
        2822     13.3944     13.1178  0.00518865
        2823     13.3972     13.1179  0.00518776
        2824     13.3876      13.118   0.0051868
        2825     13.3656     13.1181   0.0051857
        2826     13.3349     13.1182  0.00518444
        2827     13.3013     13.1183  0.00518301
        2828     13.2726     13.1183  0.00518146
        2829     13.2552     13.1184  0.00517985
        2830     13.2509     13.1184  0.00517824
        2831     13.2543     13.1185  0.00517663
        2832     13.2543     13.1185  0.00517502
        2833     13.2369     13.1186  0.00517337
        2834     13.1914     13.1186   0.0051716
        2835     13.1201     13.1186  0.00516978
        2836     13.0508     13.1186  0.00516801
        2837     13.0325     13.1185  0.00516628
        2838     13.0924     13.1185  0.00516447
        2839     13.2015     13.1186  0.00516273
        2840     13.3086     13.1186  0.00516135
        2841     13.3864     13.1187  0.00516039
        2842      13.433     13.1188  0.00515976
        2843     13.4549     13.1189   0.0051593
        2844     13.4569     13.1191  0.00515885
        2845     13.4397     13.1192  0.00515827
        2846     13.4011     13.1193  0.00515741
        2847     13.3406     13.1193  0.00515618
        2848     13.2695     13.1194  0.00515464
        2849     13.2175     13.1194  0.00515295
        2850     13.2183     13.1195  0.00515126
        2851     13.2748     13.1195  0.00514974
        2852     13.3535     13.1196  0.00514859
        2853     13.4124     13.1197   0.0051478
        2854     13.4229     13.1198   0.0051471
        2855     13.3735     13.1199  0.00514606
        2856     13.2813       13.12  0.00514457
        2857     13.2066       13.12  0.00514286
        2858     13.2161       13.12  0.00514117
        2859     13.3062     13.1201  0.00513978
        2860     13.4203     13.1202  0.00513906
        2861     13.5176     13.1203  0.00513914
        2862     13.5868     13.1205  0.00513993
        2863     13.6278     13.1207  0.00514119
        2864      13.643     13.1209  0.00514262
        2865     13.6355      13.121  0.00514396
        2866     13.6098     13.1212    0.005145
        2867     13.5713     13.1214   0.0051456
        2868     13.5277     13.1215  0.00514575
        2869      13.491     13.1216  0.00514557
        2870     13.4738     13.1218  0.00514524
        2871     13.4802     13.1219  0.00514496
        2872     13.5032      13.122  0.00514488
        2873     13.5338     13.1222  0.00514509
        2874     13.5677     13.1223  0.00514563
        2875     13.6016     13.1225  0.00514654
        2876     13.6269     13.1227  0.00514774
        2877      13.628     13.1228  0.00514895
        2878     13.5898      13.123  0.00514971
        2879     13.5168     13.1231  0.00514974
        2880     13.4538     13.1232  0.00514923
        2881      13.455     13.1234  0.00514873
        2882     13.5112     13.1235   0.0051487
        2883     13.5673     13.1236  0.00514922
        2884     13.5957     13.1238  0.00515004
        2885     13.6028      13.124  0.00515093
        2886     13.6013     13.1241   0.0051518
        2887     13.5972     13.1243  0.00515262
        2888     13.5922     13.1245  0.00515338
        2889     13.5903     13.1246  0.00515412
        2890     13.5982     13.1248  0.00515494
        2891     13.6186      13.125  0.00515598
        2892     13.6421     13.1251   0.0051573
        2893     13.6494     13.1253   0.0051587
        2894      13.618     13.1255  0.00515973
        2895     13.5316     13.1256  0.00515985
        2896     13.3987     13.1257  0.00515893
        2897     13.2699     13.1258  0.00515739
        2898      13.207     13.1258  0.00515569
        2899     13.2153     13.1258    0.005154
        2900     13.2504     13.1259   0.0051524
        2901     13.2778     13.1259  0.00515089
        2902     13.2931      13.126  0.00514944
        2903     13.3087     13.1261  0.00514805
        2904     13.3352     13.1261  0.00514678
        2905     13.3746     13.1262  0.00514572
        2906     13.4215     13.1263  0.00514495
        2907     13.4666     13.1264  0.00514451
        2908     13.5009     13.1266  0.00514436
        2909     13.5204     13.1267  0.00514437
        2910     13.5257     13.1268  0.00514443
        2911     13.5181      13.127  0.00514442
        2912      13.496     13.1271  0.00514421
        2913     13.4519     13.1272  0.00514365
        2914     13.3772     13.1273   0.0051426
        2915     13.2814     13.1273  0.00514111
        2916     13.2167     13.1274  0.00513944
        2917     13.2424     13.1274  0.00513783
        2918      13.342     13.1275  0.00513659
        2919     13.4483     13.1276  0.00513601
        2920     13.5249     13.1277  0.00513605
        2921     13.5724     13.1279  0.00513655
        2922      13.602      13.128  0.00513735
        2923      13.622     13.1282  0.00513838
        2924     13.6362     13.1284  0.00513955
        2925     13.6448     13.1286  0.00514083
        2926     13.6456     13.1287  0.00514211
        2927      13.636     13.1289  0.00514327
        2928     13.6155     13.1291   0.0051442
        2929     13.5905     13.1292  0.00514485
        2930     13.5732     13.1294  0.00514533
        2931     13.5723     13.1295  0.00514579
        2932     13.5817     13.1297  0.00514635
        2933     13.5859     13.1299  0.00514694
        2934     13.5784       13.13  0.00514746
        2935     13.5708     13.1302  0.00514789
        2936     13.5833     13.1303  0.00514845
        2937     13.6243     13.1305  0.00514945
        2938     13.6805     13.1307   0.0051511
        2939     13.7277     13.1309  0.00515335
        2940       13.75     13.1311   0.0051559
        2941     13.7492     13.1313  0.00515842
        2942     13.7406     13.1315  0.00516083
        2943     13.7359     13.1317  0.00516316
        2944     13.7302     13.1319  0.00516541
        2945     13.7091     13.1321  0.00516737
        2946     13.6709     13.1323  0.00516885
        2947     13.6385     13.1325  0.00516995
        2948     13.6434     13.1326   0.0051711
        2949     13.6911     13.1328  0.00517281
        2950     13.7569      13.133  0.00517538
        2951     13.8173     13.1333  0.00517882
        2952     13.8664     13.1335  0.00518302
        2953     13.9073     13.1338  0.00518788
        2954     13.9419      13.134  0.00519333
        2955      13.967     13.1343  0.00519922
        2956     13.9771     13.1346  0.00520527
        2957     13.9668     13.1349  0.00521112
        2958     13.9311     13.1352   0.0052163
        2959     13.8679     13.1354  0.00522041
        2960     13.7888     13.1356  0.00522331
        2961      13.728     13.1358  0.00522538
        2962     13.7179      13.136  0.00522731
        2963     13.7459     13.1362   0.0052296
        2964     13.7725     13.1364  0.00523224
        2965     13.7855     13.1367  0.00523505
        2966     13.7998     13.1369  0.00523806
        2967      13.825     13.1371  0.00524142
        2968     13.8575     13.1374  0.00524527
        2969     13.8926     13.1376  0.00524967
        2970      13.927     13.1379  0.00525463
        2971     13.9555     13.1382  0.00526006
        2972     13.9739     13.1384   0.0052658
        2973      13.983     13.1387  0.00527169
        2974     13.9881      13.139  0.00527764
        2975      13.995     13.1393  0.00528371
        2976     14.0074     13.1396  0.00528998
        2977     14.0227     13.1399  0.00529651
        2978     14.0341     13.1402  0.00530324
        2979     14.0362     13.1405  0.00530998
        2980     14.0295     13.1408  0.00531657
        2981     14.0177     13.1411  0.00532292
        2982     13.9967     13.1414  0.00532887
        2983     13.9346     13.1416  0.00533371
        2984     13.7355     13.1418  0.00533563
        2985     13.2914     13.1419  0.00533408
        2986     12.9713     13.1418   0.0053326
        2987     13.2644     13.1419  0.00533097
        2988     13.6376      13.142  0.00533177
        2989     13.8181     13.1423  0.00533478
        2990     13.9017     13.1425  0.00533904
        2991     13.9428     13.1428  0.00534396
        2992     13.9601     13.1431  0.00534915
        2993      13.968     13.1433  0.00535446
        2994     13.9741     13.1436  0.00535985
        2995     13.9756     13.1439  0.00536526
        2996     13.9662     13.1442  0.00537048
        2997     13.9442     13.1444  0.00537532
        2998      13.917     13.1447   0.0053797
        2999     13.9003     13.1449  0.00538381
        3000     13.9088     13.1452  0.00538803
        3001     13.9402     13.1455  0.00539274
        3002     13.9758     13.1457  0.00539803
        3003     13.9974      13.146  0.00540368
        3004     13.9969     13.1463   0.0054093
        3005     13.9755     13.1466  0.00541454
        3006     13.9382     13.1468  0.00541914
        3007      13.891     13.1471  0.00542298
        3008     13.8377     13.1473  0.00542604
        3009     13.7817     13.1475  0.00542833
        3010      13.731     13.1477  0.00542998
        3011     13.7002     13.1479  0.00543128
        3012     13.7019     13.1481  0.00543259
        3013     13.7339     13.1483  0.00543427
        3014     13.7815     13.1485  0.00543652
        3015     13.8306     13.1487  0.00543943
        3016     13.8735      13.149  0.00544293
        3017      13.906     13.1492  0.00544691
        3018     13.9243     13.1495  0.00545115
        3019     13.9249     13.1497  0.00545539
        3020     13.9062       13.15  0.00545933
        3021     13.8691     13.1502  0.00546271
        3022     13.8154     13.1504  0.00546534
        3023     13.7445     13.1506  0.00546706
        3024     13.6534     13.1508  0.00546778
        3025     13.5495     13.1509  0.00546756
        3026     13.4669      13.151  0.00546675
        3027     13.4465     13.1511  0.00546582
        3028     13.4829     13.1512  0.00546511
        3029     13.5324     13.1514  0.00546476
        3030     13.5648     13.1515  0.00546466
        3031     13.5753     13.1516  0.00546464
        3032     13.5676     13.1518  0.00546456
        3033     13.5453     13.1519   0.0054643
        3034     13.5172      13.152  0.00546382
        3035     13.4983     13.1521  0.00546321
        3036     13.4984     13.1523  0.00546261
        3037     13.5118     13.1524  0.00546209
        3038     13.5244     13.1525  0.00546166
        3039     13.5285     13.1526  0.00546127
        3040     13.5244     13.1527  0.00546084
        3041     13.5096     13.1529  0.00546031
        3042     13.4727      13.153  0.00545952
        3043     13.4001      13.153  0.00545833
        3044     13.2912     13.1531  0.00545673
        3045     13.1805     13.1531  0.00545494
        3046     13.1353     13.1531  0.00545316
        3047     13.1849     13.1531  0.00545138
        3048     13.2782     13.1531  0.00544974
        3049     13.3549     13.1532  0.00544836
        3050     13.3962     13.1533  0.00544715
        3051       13.41     13.1534  0.00544602
        3052     13.4093     13.1535  0.00544488
        3053     13.4037     13.1535  0.00544371
        3054     13.3989     13.1536  0.00544252
        3055     13.3971     13.1537  0.00544132
        3056     13.3967     13.1538  0.00544012
        3057     13.3909     13.1539   0.0054389
        3058     13.3663     13.1539  0.00543756
        3059     13.3112      13.154  0.00543603
        3060     13.2351      13.154  0.00543432
        3061     13.1792      13.154  0.00543255
        3062     13.1789      13.154  0.00543078
        3063      13.223      13.154  0.00542905
        3064     13.2793     13.1541  0.00542743
        3065     13.3283     13.1541  0.00542596
        3066     13.3664     13.1542  0.00542463
        3067     13.3996     13.1543  0.00542345
        3068     13.4346     13.1544  0.00542246
        3069     13.4707     13.1545  0.00542167
        3070     13.5018     13.1546  0.00542108
        3071     13.5215     13.1547  0.00542063
        3072     13.5262     13.1548  0.00542022
        3073      13.515      13.155  0.00541972
        3074     13.4885     13.1551  0.00541904
        3075      13.449     13.1552  0.00541812
        3076     13.4023     13.1552  0.00541696
        3077      13.358     13.1553   0.0054156
        3078     13.3248     13.1554  0.00541412
        3079     13.3045     13.1554  0.00541258
        3080     13.2894     13.1555    0.005411
        3081     13.2656     13.1555  0.00540936
        3082     13.2256     13.1555  0.00540765
        3083     13.1849     13.1555   0.0054059
        3084     13.1792     13.1555  0.00540416
        3085     13.2228     13.1556  0.00540245
        3086     13.2872     13.1556  0.00540087
        3087     13.3346     13.1557  0.00539943
        3088     13.3469     13.1557  0.00539803
        3089     13.3265     13.1558  0.00539657
        3090     13.2935     13.1558  0.00539501
        3091     13.2801     13.1559  0.00539341
        3092     13.3044     13.1559  0.00539188
        3093     13.3513      13.156  0.00539051
        3094     13.3911      13.156   0.0053893
        3095     13.4064     13.1561  0.00538817
        3096     13.3959     13.1562  0.00538698
        3097     13.3672     13.1563  0.00538568
        3098     13.3319     13.1563  0.00538424
        3099     13.3027     13.1564  0.00538271
        3100     13.2877     13.1564  0.00538114
        3101     13.2842     13.1565  0.00537956
        3102     13.2796     13.1565  0.00537797
        3103     13.2633     13.1565  0.00537635
        3104     13.2389     13.1566  0.00537468
        3105     13.2227     13.1566  0.00537299
        3106     13.2275     13.1566  0.00537131
        3107     13.2482     13.1566  0.00536966
        3108     13.2681     13.1567  0.00536806
        3109     13.2757     13.1567  0.00536647
        3110     13.2712     13.1567  0.00536487
        3111     13.2636     13.1568  0.00536325
        3112     13.2636     13.1568  0.00536164
        3113     13.2762     13.1568  0.00536005
        3114     13.2977     13.1569  0.00535852
        3115     13.3193     13.1569  0.00535706
        3116     13.3325      13.157  0.00535563
        3117     13.3323     13.1571  0.00535421
        3118     13.3184     13.1571  0.00535274
        3119      13.295     13.1572  0.00535121
        3120     13.2693     13.1572  0.00534961
        3121     13.2491     13.1572  0.00534798
        3122     13.2419     13.1572  0.00534634
        3123     13.2522     13.1573  0.00534471
        3124     13.2803     13.1573  0.00534315
        3125     13.3208     13.1574  0.00534169
        3126     13.3654     13.1574   0.0053404
        3127     13.4064     13.1575  0.00533928
        3128     13.4391     13.1576  0.00533833
        3129      13.463     13.1577  0.00533752
        3130     13.4799     13.1578  0.00533681
        3131     13.4918     13.1579  0.00533617
        3132     13.4983      13.158  0.00533557
        3133     13.4968     13.1581  0.00533497
        3134     13.4834     13.1582  0.00533427
        3135     13.4542     13.1583  0.00533341
        3136      13.408     13.1584   0.0053323
        3137     13.3481     13.1585  0.00533094
        3138     13.2855     13.1585   0.0053294
        3139     13.2389     13.1585  0.00532776
        3140     13.2251     13.1586  0.00532611
        3141     13.2471     13.1586  0.00532449
        3142     13.2936     13.1586  0.00532296
        3143     13.3504     13.1587  0.00532162
        3144     13.4068     13.1588  0.00532051
        3145     13.4569     13.1589  0.00531967
        3146     13.4971      13.159  0.00531906
        3147     13.5249     13.1591  0.00531864
        3148     13.5372     13.1592  0.00531831
        3149     13.5306     13.1593  0.00531793
        3150     13.5044     13.1594  0.00531737
        3151     13.4632     13.1595  0.00531655
        3152     13.4143     13.1596  0.00531548
        3153     13.3608     13.1597  0.00531418
        3154     13.3087     13.1597   0.0053127
        3155     13.2868     13.1598  0.00531117
        3156      13.322     13.1598  0.00530974
        3157     13.3916     13.1599  0.00530856
        3158     13.4494       13.16  0.00530767
        3159     13.4759     13.1601  0.00530694
        3160     13.4784     13.1602  0.00530621
        3161     13.4702     13.1603  0.00530544
        3162     13.4613     13.1604  0.00530462
        3163     13.4583     13.1605  0.00530378
        3164     13.4647     13.1606  0.00530297
        3165     13.4814     13.1607  0.00530226
        3166     13.5055     13.1608  0.00530171
        3167     13.5306     13.1609  0.00530132
        3168     13.5498      13.161  0.00530107
        3169      13.558     13.1611  0.00530087
        3170     13.5538     13.1613  0.00530065
        3171     13.5395     13.1614  0.00530032
        3172     13.5205     13.1615  0.00529986
        3173     13.5038     13.1616  0.00529929
        3174     13.4943     13.1617  0.00529865
        3175     13.4916     13.1618    0.005298
        3176     13.4894     13.1619  0.00529734
        3177     13.4775      13.162   0.0052966
        3178     13.4456     13.1621  0.00529569
        3179     13.3906     13.1622  0.00529451
        3180     13.3249     13.1622  0.00529309
        3181     13.2788     13.1623  0.00529155
        3182      13.279     13.1623  0.00529002
        3183     13.3157     13.1623  0.00528858
        3184     13.3492     13.1624  0.00528724
        3185      13.351     13.1625  0.00528591
        3186     13.3235     13.1625   0.0052845
        3187      13.287     13.1626  0.00528298
        3188     13.2635     13.1626  0.00528142
        3189     13.2691     13.1626  0.00527987
        3190     13.2951     13.1627  0.00527838
        3191     13.3014     13.1627   0.0052769
        3192     13.2429     13.1627  0.00527531
        3193     13.1276     13.1627  0.00527367
        3194     13.0874     13.1627  0.00527207
        3195     13.2229     13.1627  0.00527045
        3196     13.4054     13.1628  0.00526935
        3197     13.5024     13.1629  0.00526877
        3198     13.5091      13.163  0.00526824
        3199      13.464     13.1631  0.00526743
        3200     13.4029     13.1632  0.00526632
        3201     13.3526     13.1632  0.00526501
        3202     13.3263     13.1633  0.00526361
        3203     13.3201     13.1633  0.00526219
        3204     13.3206     13.1634  0.00526078
        3205     13.3184     13.1634  0.00525936
        3206     13.3121     13.1635  0.00525792
        3207     13.3034     13.1635  0.00525647
        3208     13.2957     13.1636  0.00525499
        3209     13.2961     13.1636  0.00525351
        3210     13.3119     13.1636  0.00525208
        3211     13.3415     13.1637  0.00525074
        3212     13.3715     13.1638   0.0052495
        3213     13.3845     13.1638  0.00524832
        3214     13.3696     13.1639  0.00524707
        3215     13.3285      13.164  0.00524569
        3216     13.2759      13.164  0.00524418
        3217     13.2348      13.164  0.00524259
        3218      13.223      13.164  0.00524099
        3219     13.2414     13.1641  0.00523942
        3220     13.2767     13.1641  0.00523791
        3221     13.3132     13.1641  0.00523649
        3222      13.342     13.1642  0.00523515
        3223     13.3595     13.1642  0.00523388
        3224     13.3633     13.1643  0.00523262
        3225     13.3523     13.1644  0.00523132
        3226     13.3297     13.1644  0.00522995
        3227      13.305     13.1645  0.00522851
        3228     13.2901     13.1645  0.00522704
        3229     13.2894     13.1645  0.00522556
        3230     13.2952     13.1646   0.0052241
        3231     13.2963     13.1646  0.00522264
        3232     13.2884     13.1647  0.00522117
        3233     13.2781     13.1647  0.00521967
        3234     13.2758     13.1647  0.00521817
        3235     13.2848     13.1648  0.00521669
        3236     13.2976     13.1648  0.00521524
        3237      13.303     13.1649   0.0052138
        3238     13.2942     13.1649  0.00521235
        3239     13.2704     13.1649  0.00521084
        3240     13.2347     13.1649  0.00520927
        3241     13.1916      13.165  0.00520767
        3242     13.1457     13.1649  0.00520607
        3243     13.1006     13.1649   0.0052045
        3244     13.0622     13.1649    0.005203
        3245     13.0407     13.1649  0.00520153
        3246     13.0473     13.1648  0.00520006
        3247      13.083     13.1648  0.00519852
        3248     13.1318     13.1648  0.00519693
        3249     13.1687     13.1648  0.00519533
        3250     13.1743     13.1648  0.00519373
        3251     13.1455     13.1648  0.00519213
        3252     13.1037     13.1648  0.00519057
        3253     13.0881     13.1647  0.00518903
        3254     13.1196     13.1647  0.00518745
        3255      13.175     13.1647  0.00518586
        3256     13.2148     13.1647  0.00518429
        3257     13.2148     13.1648  0.00518272
        3258     13.1707     13.1648  0.00518113
        3259     13.0969     13.1647  0.00517958
        3260     13.0279     13.1647  0.00517816
        3261     12.9972     13.1646  0.00517683
        3262     13.0015     13.1646  0.00517549
        3263     13.0099     13.1646  0.00517412
        3264     13.0004     13.1645  0.00517278
        3265     12.9695     13.1644  0.00517154
        3266     12.9217     13.1644  0.00517049
        3267     12.8631     13.1643  0.00516973
        3268      12.806     13.1642  0.00516931
        3269     12.7713      13.164  0.00516912
        3270     12.7802     13.1639  0.00516887
        3271     12.8365     13.1638  0.00516826
        3272     12.9211     13.1638  0.00516722
        3273     13.0072     13.1637  0.00516586
        3274      13.077     13.1637  0.00516435
        3275     13.1253     13.1637  0.00516279
        3276     13.1544     13.1637  0.00516121
        3277     13.1693     13.1637  0.00515964
        3278     13.1734     13.1637  0.00515806
        3279     13.1672     13.1637  0.00515649
        3280     13.1472     13.1637  0.00515492
        3281     13.1068     13.1636  0.00515338
        3282     13.0399     13.1636  0.00515195
        3283     12.9514     13.1635  0.00515078
        3284     12.8676     13.1635     0.00515
        3285     12.8267     13.1634  0.00514945
        3286     12.8481     13.1633  0.00514878
        3287     12.9165     13.1632  0.00514776
        3288     12.9977     13.1631  0.00514644
        3289     13.0639     13.1631  0.00514497
        3290     13.1043     13.1631  0.00514343
        3291     13.1219     13.1631  0.00514189
        3292     13.1239     13.1631  0.00514034
        3293     13.1155      13.163   0.0051388
        3294     13.0986      13.163  0.00513727
        3295     13.0722      13.163  0.00513579
        3296     13.0348      13.163  0.00513438
        3297     12.9859     13.1629   0.0051331
        3298     12.9283     13.1628  0.00513204
        3299     12.8692     13.1627  0.00513125
        3300     12.8195     13.1626  0.00513075
        3301     12.7919     13.1625  0.00513043
        3302      12.796     13.1624  0.00513007
        3303     12.8329     13.1623  0.00512949
        3304     12.8927     13.1622  0.00512859
        3305     12.9584     13.1622  0.00512741
        3306     13.0147     13.1621  0.00512605
        3307     13.0529     13.1621  0.00512461
        3308     13.0706     13.1621  0.00512313
        3309     13.0693      13.162  0.00512166
        3310     13.0518      13.162  0.00512022
        3311     13.0212      13.162  0.00511885
        3312     12.9793     13.1619   0.0051176
        3313     12.9273     13.1618  0.00511655
        3314     12.8663     13.1618  0.00511578
        3315     12.8034     13.1616  0.00511538
        3316     12.7588     13.1615  0.00511528
        3317     12.7613     13.1614  0.00511516
        3318     12.8217     13.1613  0.00511464
        3319     12.9161     13.1612  0.00511364
        3320     13.0083     13.1612   0.0051123
        3321     13.0774     13.1612  0.00511083
        3322      13.119     13.1611   0.0051093
        3323     13.1365     13.1611  0.00510777
        3324     13.1335     13.1611  0.00510624
        3325     13.1121     13.1611  0.00510473
        3326     13.0735     13.1611  0.00510326
        3327     13.0204      13.161   0.0051019
        3328     12.9586      13.161  0.00510073
        3329      12.898     13.1609  0.00509981
        3330     12.8547     13.1608  0.00509911
        3331     12.8521     13.1607  0.00509842
        3332     12.9056     13.1606  0.00509746
        3333     12.9977     13.1606  0.00509617
        3334     13.0894     13.1606  0.00509468
        3335      13.154     13.1606  0.00509316
        3336     13.1861     13.1606  0.00509164
        3337     13.1925     13.1606  0.00509012
        3338     13.1839     13.1606   0.0050886
        3339     13.1727     13.1606  0.00508708
        3340     13.1711     13.1606  0.00508555
        3341     13.1859     13.1606  0.00508404
        3342     13.2155     13.1606  0.00508254
        3343     13.2513     13.1607   0.0050811
        3344     13.2832     13.1607  0.00507971
        3345     13.3024     13.1607  0.00507837
        3346     13.3006     13.1608  0.00507702
        3347      13.269     13.1608  0.00507561
        3348      13.203     13.1608  0.00507411
        3349     13.1141     13.1608  0.00507261
        3350     13.0389     13.1608  0.00507123
        3351     13.0134     13.1607   0.0050699
        3352      13.035     13.1607  0.00506853
        3353     13.0781     13.1607  0.00506708
        3354     13.1265     13.1606  0.00506558
        3355     13.1741     13.1607  0.00506407
        3356     13.2151     13.1607  0.00506259
        3357     13.2452     13.1607  0.00506114
        3358     13.2644     13.1607  0.00505973
        3359     13.2751     13.1608  0.00505834
        3360     13.2806     13.1608  0.00505696
        3361     13.2832     13.1608  0.00505558
        3362     13.2837     13.1609  0.00505421
        3363     13.2805     13.1609  0.00505283
        3364     13.2711     13.1609  0.00505144
        3365      13.253      13.161  0.00505001
        3366     13.2256      13.161  0.00504855
        3367       13.19      13.161  0.00504706
        3368     13.1485      13.161  0.00504556
        3369     13.1025      13.161  0.00504409
        3370     13.0546     13.1609  0.00504269
        3371     13.0142     13.1609  0.00504138
        3372      13.001     13.1608  0.00504011
        3373     13.0329     13.1608  0.00503876
        3374     13.1063     13.1608  0.00503729
        3375     13.1952     13.1608  0.00503581
        3376     13.2734     13.1608  0.00503443
        3377     13.3281     13.1609  0.00503318
        3378     13.3577     13.1609  0.00503203
        3379     13.3662      13.161  0.00503091
        3380     13.3592     13.1611  0.00502976
        3381     13.3429     13.1611  0.00502856
        3382     13.3222     13.1612   0.0050273
        3383     13.2962     13.1612  0.00502597
        3384     13.2516     13.1612  0.00502456
        3385     13.1699     13.1612  0.00502307
        3386     13.0654     13.1612  0.00502167
        3387     13.0168     13.1612  0.00502037
        3388     13.0765     13.1611  0.00501895
        3389      13.185     13.1611  0.00501747
        3390     13.2748     13.1612   0.0050161
        3391     13.3345     13.1612  0.00501489
        3392     13.3714     13.1613  0.00501379
        3393     13.3905     13.1614  0.00501277
        3394     13.3951     13.1614  0.00501176
        3395      13.389     13.1615  0.00501074
        3396     13.3745     13.1616  0.00500965
        3397     13.3512     13.1616  0.00500849
        3398     13.3155     13.1617  0.00500722
        3399     13.2623     13.1617  0.00500583
        3400      13.188     13.1617  0.00500437
        3401     13.0963     13.1617  0.00500293
        3402     13.0084     13.1616  0.00500167
        3403     12.9693     13.1616  0.00500051
        3404     13.0203     13.1615  0.00499922
        3405      13.147     13.1615  0.00499775
        3406     13.2919     13.1616  0.00499643
        3407     13.4107     13.1616   0.0049955
        3408     13.4893     13.1617  0.00499496
        3409     13.5296     13.1618  0.00499466
        3410     13.5357      13.162   0.0049944
        3411       13.51     13.1621  0.00499398
        3412     13.4542     13.1621  0.00499325
        3413     13.3777     13.1622  0.00499218
        3414     13.3102     13.1623  0.00499091
        3415     13.2935     13.1623  0.00498959
        3416     13.3374     13.1623   0.0049884
        3417     13.4028     13.1624  0.00498743
        3418     13.4472     13.1625  0.00498667
        3419     13.4578     13.1626  0.00498596
        3420     13.4461     13.1627  0.00498519
        3421     13.4308     13.1627  0.00498435
        3422     13.4248     13.1628  0.00498348
        3423     13.4293     13.1629  0.00498263
        3424     13.4355      13.163  0.00498181
        3425     13.4319     13.1631  0.00498098
        3426     13.4101     13.1631  0.00498005
        3427      13.368     13.1632  0.00497895
        3428     13.3154     13.1632   0.0049777
        3429     13.2752     13.1633  0.00497635
        3430     13.2724     13.1633    0.004975
        3431     13.3126     13.1633  0.00497375
        3432     13.3725     13.1634  0.00497267
        3433     13.4147     13.1635  0.00497176
        3434     13.4086     13.1635  0.00497082
        3435     13.3457     13.1636  0.00496966
        3436     13.2551     13.1636  0.00496829
        3437     13.1997     13.1636  0.00496685
        3438     13.2172     13.1637  0.00496543
        3439     13.2796     13.1637   0.0049641
        3440     13.3434     13.1637  0.00496293
        3441     13.3945     13.1638  0.00496194
        3442     13.4371     13.1639  0.00496114
        3443     13.4742      13.164  0.00496051
        3444     13.5032     13.1641  0.00496005
        3445     13.5196     13.1642  0.00495969
        3446     13.5213     13.1643  0.00495933
        3447     13.5102     13.1644  0.00495891
        3448      13.491     13.1645  0.00495837
        3449     13.4693     13.1646  0.00495772
        3450     13.4495     13.1646  0.00495697
        3451     13.4339     13.1647  0.00495615
        3452     13.4241     13.1648  0.00495528
        3453     13.4212     13.1649  0.00495441
        3454     13.4247     13.1649  0.00495354
        3455     13.4321      13.165  0.00495271
        3456     13.4404     13.1651  0.00495192
        3457     13.4502     13.1652  0.00495117
        3458     13.4648     13.1653   0.0049505
        3459     13.4856     13.1654  0.00494994
        3460      13.509     13.1655   0.0049495
        3461     13.5294     13.1656  0.00494919
        3462     13.5433     13.1657  0.00494896
        3463     13.5495     13.1658  0.00494877
        3464     13.5449     13.1659  0.00494855
        3465     13.5218      13.166  0.00494819
        3466     13.4677     13.1661  0.00494753
        3467     13.3752     13.1661  0.00494647
        3468     13.2557     13.1662  0.00494511
        3469     13.1373     13.1662  0.00494369
        3470     13.0515     13.1661  0.00494238
        3471     13.0411     13.1661  0.00494109
        3472      13.155     13.1661  0.00493966
        3473     13.3618     13.1662  0.00493856
        3474     13.5492     13.1663  0.00493837
        3475     13.6475     13.1664  0.00493889
        3476     13.6572     13.1665  0.00493949
        3477     13.6033     13.1667  0.00493967
        3478     13.5146     13.1668  0.00493926
        3479     13.4257     13.1668   0.0049384
        3480     13.3725     13.1669  0.00493733
        3481     13.3691      13.167  0.00493626
        3482     13.4015      13.167   0.0049353
        3483     13.4492     13.1671  0.00493455
        3484     13.4987     13.1672  0.00493405
        3485     13.5403     13.1673  0.00493379
        3486     13.5668     13.1674  0.00493371
        3487     13.5758     13.1675  0.00493368
        3488     13.5694     13.1677  0.00493361
        3489      13.552     13.1678  0.00493343
        3490     13.5289     13.1679   0.0049331
        3491     13.5046      13.168  0.00493263
        3492     13.4823     13.1681  0.00493204
        3493     13.4631     13.1681  0.00493135
        3494     13.4444     13.1682  0.00493057
        3495     13.4197     13.1683  0.00492969
        3496     13.3786     13.1684  0.00492864
        3497     13.3104     13.1684   0.0049274
        3498     13.2153     13.1684  0.00492601
        3499     13.1217     13.1684  0.00492462
        3500     13.0803     13.1684  0.00492328
        3501     13.1126     13.1684   0.0049219
        3502     13.1812     13.1684   0.0049205
        3503     13.2338     13.1684  0.00491913
        3504     13.2484     13.1684  0.00491778
        3505     13.2371     13.1684  0.00491641
        3506     13.2294     13.1684  0.00491504
        3507     13.2484     13.1685  0.00491369
        3508     13.2944     13.1685  0.00491242
        3509     13.3492     13.1685  0.00491129
        3510     13.3938     13.1686  0.00491031
        3511     13.4192     13.1687  0.00490943
        3512     13.4248     13.1688  0.00490858
        3513     13.4143     13.1688  0.00490768
        3514     13.3925     13.1689  0.00490669
        3515     13.3632     13.1689  0.00490561
        3516     13.3282      13.169  0.00490442
        3517     13.2867      13.169  0.00490314
        3518     13.2367      13.169  0.00490179
        3519     13.1783      13.169  0.00490039
        3520     13.1181      13.169  0.00489902
        3521     13.0704      13.169  0.00489771
        3522     13.0519      13.169  0.00489643
        3523     13.0712     13.1689  0.00489512
        3524      13.122     13.1689  0.00489375
        3525     13.1853     13.1689  0.00489237
        3526     13.2412     13.1689  0.00489102
        3527     13.2794      13.169  0.00488973
        3528     13.3007      13.169  0.00488849
        3529     13.3117     13.1691  0.00488727
        3530     13.3185     13.1691  0.00488607
        3531     13.3227     13.1691  0.00488488
        3532     13.3232     13.1692  0.00488369
        3533     13.3184     13.1692  0.00488249
        3534      13.309     13.1693  0.00488127
        3535     13.2983     13.1693  0.00488003
        3536     13.2903     13.1693  0.00487877
        3537     13.2877     13.1694   0.0048775
        3538     13.2902     13.1694  0.00487624
        3539     13.2961     13.1694    0.004875
        3540     13.3035     13.1695  0.00487377
        3541     13.3111     13.1695  0.00487256
        3542     13.3177     13.1696  0.00487136
        3543      13.321     13.1696  0.00487017
        3544     13.3172     13.1696  0.00486898
        3545     13.3014     13.1697  0.00486774
        3546     13.2694     13.1697  0.00486645
        3547     13.2212     13.1697   0.0048651
        3548     13.1637     13.1697  0.00486373
        3549     13.1108     13.1697  0.00486239
        3550     13.0763     13.1697  0.00486109
        3551     13.0651     13.1697  0.00485981
        3552     13.0732     13.1696  0.00485852
        3553     13.0936     13.1696   0.0048572
        3554     13.1208     13.1696  0.00485585
        3555     13.1511     13.1696  0.00485449
        3556     13.1811     13.1696  0.00485312
        3557     13.2075     13.1696  0.00485177
        3558     13.2273     13.1696  0.00485043
        3559      13.239     13.1696  0.00484911
        3560      13.242     13.1697  0.00484779
        3561     13.2374     13.1697  0.00484647
        3562     13.2272     13.1697  0.00484513
        3563     13.2137     13.1697  0.00484379
        3564     13.1991     13.1697  0.00484244
        3565     13.1841     13.1697  0.00484108
        3566     13.1689     13.1697  0.00483972
        3567     13.1536     13.1697  0.00483837
        3568     13.1396     13.1697  0.00483702
        3569     13.1279     13.1697  0.00483568
        3570     13.1191     13.1697  0.00483434
        3571     13.1124     13.1697  0.00483302
        3572     13.1071     13.1696   0.0048317
        3573     13.1036     13.1696  0.00483038
        3574      13.104     13.1696  0.00482906
        3575       13.11     13.1696  0.00482774
        3576     13.1212     13.1696  0.00482641
        3577     13.1354     13.1696  0.00482507
        3578     13.1502     13.1696  0.00482372
        3579     13.1648     13.1696  0.00482238
        3580     13.1801     13.1696  0.00482103
        3581     13.1972     13.1696  0.00481969
        3582     13.2171     13.1696  0.00481836
        3583     13.2397     13.1696  0.00481706
        3584     13.2645     13.1696  0.00481579
        3585     13.2908     13.1697  0.00481456
        3586     13.3178     13.1697   0.0048134
        3587     13.3447     13.1698   0.0048123
        3588     13.3707     13.1698  0.00481129
        3589     13.3944     13.1699  0.00481035
        3590     13.4133     13.1699  0.00480949
        3591      13.424       13.17  0.00480867
        3592     13.4214     13.1701  0.00480784
        3593     13.3998     13.1701  0.00480693
        3594     13.3559     13.1702  0.00480587
        3595     13.2939     13.1702  0.00480466
        3596     13.2312     13.1702  0.00480335
        3597     13.1942     13.1703  0.00480202
        3598     13.1991     13.1703  0.00480069
        3599     13.2299     13.1703  0.00479939
        3600     13.2404     13.1703  0.00479809
        3601     13.1855     13.1703  0.00479676
        3602      13.072     13.1703  0.00479551
        3603     12.9969     13.1702  0.00479442
        3604     13.0584     13.1702  0.00479319
        3605     13.2183     13.1702  0.00479188
        3606     13.3829     13.1703  0.00479091
        3607     13.5073     13.1704  0.00479049
        3608     13.5814     13.1705  0.00479052
        3609     13.6059     13.1706  0.00479071
        3610     13.5854     13.1707  0.00479076
        3611     13.5288     13.1708  0.00479046
        3612     13.4488     13.1709  0.00478975
        3613     13.3597     13.1709  0.00478871
        3614     13.2731      13.171  0.00478747
        3615     13.1969      13.171  0.00478615
        3616     13.1362      13.171  0.00478484
        3617     13.0943     13.1709  0.00478356
        3618     13.0707     13.1709  0.00478232
        3619     13.0635     13.1709  0.00478109
        3620     13.0706     13.1709  0.00477985
        3621     13.0886     13.1708  0.00477859
        3622     13.1111     13.1708   0.0047773
        3623     13.1326     13.1708  0.00477599
        3624      13.152     13.1708  0.00477467
        3625     13.1717     13.1708  0.00477336
        3626     13.1947     13.1708  0.00477204
        3627     13.2208     13.1708  0.00477075
        3628     13.2464     13.1708  0.00476948
        3629     13.2658     13.1709  0.00476824
        3630      13.272     13.1709    0.004767
        3631     13.2577     13.1709  0.00476575
        3632     13.2161     13.1709  0.00476446
        3633     13.1472     13.1709  0.00476315
        3634     13.0684     13.1709  0.00476192
        3635     13.0114     13.1709  0.00476081
        3636     12.9914     13.1708  0.00475976
        3637      12.987     13.1708  0.00475872
        3638     12.9689     13.1707  0.00475773
        3639     12.9247     13.1706  0.00475691
        3640     12.8539     13.1705   0.0047564
        3641      12.763     13.1704  0.00475641
        3642      12.674     13.1703  0.00475705
        3643     12.6219     13.1701  0.00475813
        3644     12.6323       13.17  0.00475911
        3645     12.7067     13.1699   0.0047595
        3646     12.8227     13.1698  0.00475915
        3647     12.9426     13.1697  0.00475825
        3648      13.036     13.1697  0.00475709
        3649     13.0925     13.1697  0.00475583
        3650     13.1144     13.1696  0.00475455
        3651     13.1061     13.1696  0.00475328
        3652     13.0698     13.1696  0.00475206
        3653     13.0081     13.1696  0.00475097
        3654     12.9306     13.1695  0.00475011
        3655     12.8584     13.1694  0.00474958
        3656     12.8199     13.1693  0.00474924
        3657     12.8337     13.1692  0.00474883
        3658     12.8935     13.1691  0.00474813
        3659     12.9724     13.1691  0.00474713
        3660     13.0437     13.1691  0.00474596
        3661      13.095      13.169  0.00474471
        3662     13.1272      13.169  0.00474343
        3663     13.1456      13.169  0.00474214
        3664     13.1522      13.169  0.00474084
        3665     13.1431      13.169  0.00473956
        3666     13.1126      13.169  0.00473829
        3667     13.0617      13.169  0.00473709
        3668     13.0061     13.1689    0.004736
        3669     12.9755     13.1689    0.004735
        3670     12.9933     13.1688  0.00473396
        3671     13.0534     13.1688  0.00473277
        3672     13.1256     13.1688   0.0047315
        3673     13.1832     13.1688  0.00473021
        3674     13.2164     13.1688  0.00472894
        3675     13.2259     13.1688  0.00472768
        3676     13.2125     13.1688  0.00472641
        3677     13.1725     13.1688  0.00472512
        3678     13.0998     13.1688  0.00472388
        3679     12.9943     13.1688  0.00472283
        3680     12.8719     13.1687  0.00472223
        3681     12.7638     13.1686  0.00472223
        3682     12.7098     13.1684  0.00472259
        3683     12.7391     13.1683  0.00472275
        3684     12.8334     13.1682  0.00472234
        3685     12.9386     13.1682  0.00472147
        3686     13.0208     13.1681  0.00472036
        3687     13.0768     13.1681  0.00471915
        3688      13.115     13.1681  0.00471789
        3689     13.1434     13.1681  0.00471661
        3690     13.1671     13.1681  0.00471534
        3691     13.1881     13.1681  0.00471406
        3692     13.2063     13.1681   0.0047128
        3693     13.2208     13.1681  0.00471154
        3694     13.2302     13.1681   0.0047103
        3695     13.2319     13.1681  0.00470905
        3696     13.2207     13.1682   0.0047078
        3697     13.1875     13.1682  0.00470653
        3698     13.1205     13.1682  0.00470527
        3699     13.0176     13.1681  0.00470418
        3700     12.9134      13.168  0.00470341
        3701     12.8757      13.168   0.0047028
        3702     12.9275     13.1679  0.00470198
        3703     13.0148     13.1679  0.00470089
        3704     13.0852     13.1678  0.00469968
        3705     13.1294     13.1678  0.00469842
        3706      13.159     13.1678  0.00469715
        3707     13.1845     13.1678  0.00469589
        3708     13.2079     13.1678  0.00469463
        3709     13.2233     13.1679  0.00469339
        3710     13.2244     13.1679  0.00469215
        3711     13.2109     13.1679   0.0046909
        3712     13.1932     13.1679  0.00468964
        3713     13.1876     13.1679  0.00468838
        3714     13.2014     13.1679  0.00468713
        3715     13.2223     13.1679  0.00468589
        3716      13.229     13.1679  0.00468466
        3717     13.2095     13.1679  0.00468341
        3718     13.1699     13.1679  0.00468215
        3719     13.1334     13.1679   0.0046809
        3720     13.1259     13.1679  0.00467966
        3721     13.1531     13.1679   0.0046784
        3722     13.1935     13.1679  0.00467715
        3723     13.2173     13.1679  0.00467591
        3724     13.2117     13.1679  0.00467467
        3725     13.1933      13.168  0.00467342
        3726     13.1932      13.168  0.00467217
        3727     13.2193      13.168  0.00467094
        3728      13.248      13.168  0.00466973
        3729     13.2591      13.168  0.00466855
        3730      13.257      13.168  0.00466736
        3731     13.2607     13.1681  0.00466617
        3732     13.2841     13.1681  0.00466502
        3733     13.3235     13.1681  0.00466396
        3734     13.3631     13.1682    0.004663
        3735     13.3891     13.1683  0.00466213
        3736     13.3962     13.1683  0.00466128
        3737     13.3862     13.1684   0.0046604
        3738     13.3649     13.1684  0.00465945
        3739     13.3407     13.1685  0.00465843
        3740     13.3223     13.1685  0.00465737
        3741      13.316     13.1686  0.00465629
        3742     13.3206     13.1686  0.00465522
        3743     13.3289     13.1686  0.00465417
        3744     13.3345     13.1687  0.00465314
        3745     13.3373     13.1687  0.00465212
        3746     13.3433     13.1688  0.00465111
        3747     13.3597     13.1688  0.00465015
        3748     13.3902     13.1689  0.00464928
        3749     13.4332      13.169  0.00464857
        3750     13.4829      13.169  0.00464809
        3751     13.5308     13.1691  0.00464785
        3752     13.5664     13.1692  0.00464782
        3753     13.5771     13.1693  0.00464785
        3754     13.5497     13.1694  0.00464772
        3755     13.4762     13.1695   0.0046472
        3756      13.363     13.1696  0.00464624
        3757     13.2354     13.1696  0.00464504
        3758     13.1262     13.1696  0.00464382
        3759     13.0596     13.1696  0.00464268
        3760     13.0544     13.1695  0.00464154
        3761     13.1176     13.1695  0.00464033
        3762     13.2149     13.1695  0.00463911
        3763      13.299     13.1696    0.004638
        3764     13.3515     13.1696  0.00463702
        3765     13.3751     13.1697  0.00463611
        3766     13.3801     13.1697  0.00463522
        3767     13.3825     13.1698  0.00463433
        3768     13.3982     13.1698   0.0046335
        3769     13.4334     13.1699   0.0046328
        3770     13.4814       13.17  0.00463231
        3771     13.5267     13.1701  0.00463204
        3772      13.551     13.1702  0.00463192
        3773     13.5377     13.1703  0.00463171
        3774     13.4789     13.1704  0.00463121
        3775     13.3935     13.1704  0.00463036
        3776     13.3284     13.1705  0.00462932
        3777     13.3035     13.1705  0.00462823
        3778     13.2719     13.1705  0.00462708
        3779     13.1995     13.1705  0.00462586
        3780     13.1456     13.1705  0.00462464
        3781     13.1883     13.1705  0.00462342
        3782     13.3004     13.1706  0.00462233
        3783       13.41     13.1706  0.00462154
        3784     13.4889     13.1707  0.00462108
        3785     13.5382     13.1708  0.00462088
        3786     13.5614     13.1709  0.00462081
        3787     13.5598      13.171  0.00462073
        3788     13.5344     13.1711  0.00462051
        3789     13.4901     13.1712  0.00462006
        3790     13.4393     13.1713  0.00461938
        3791     13.3982     13.1713  0.00461855
        3792      13.371     13.1714  0.00461763
        3793     13.3389     13.1714  0.00461662
        3794     13.2752     13.1715  0.00461549
        3795     13.1775     13.1715  0.00461427
        3796     13.0863     13.1714  0.00461311
        3797     13.0522     13.1714    0.004612
        3798     13.0763     13.1714  0.00461086
        3799     13.1187     13.1714  0.00460966
        3800     13.1528     13.1714  0.00460845
        3801     13.1808     13.1714  0.00460724
        3802     13.2116     13.1714  0.00460604
        3803     13.2438     13.1714  0.00460487
        3804      13.269     13.1714  0.00460373
        3805     13.2836     13.1714  0.00460262
        3806     13.2909     13.1715  0.00460151
        3807     13.2945     13.1715  0.00460042
        3808     13.2947     13.1715  0.00459932
        3809     13.2895     13.1716  0.00459822
        3810     13.2768     13.1716   0.0045971
        3811     13.2568     13.1716  0.00459595
        3812     13.2322     13.1716  0.00459477
        3813      13.206     13.1716  0.00459357
        3814     13.1793     13.1716  0.00459237
        3815     13.1512     13.1716  0.00459117
        3816     13.1234     13.1716  0.00458998
        3817     13.1041     13.1716  0.00458881
        3818      13.103     13.1716  0.00458765
        3819     13.1216     13.1716  0.00458646
        3820      13.151     13.1716  0.00458527
        3821     13.1791     13.1716  0.00458407
        3822     13.1969     13.1716  0.00458287
        3823     13.2002     13.1716  0.00458168
        3824     13.1887     13.1716  0.00458048
        3825     13.1666     13.1716  0.00457929
        3826     13.1435     13.1716  0.00457809
        3827     13.1331     13.1716  0.00457691
        3828     13.1468     13.1716  0.00457572
        3829     13.1844     13.1716  0.00457452
        3830      13.234     13.1716  0.00457336
        3831     13.2797     13.1716  0.00457225
        3832     13.3098     13.1717   0.0045712
        3833     13.3195     13.1717  0.00457017
        3834     13.3095     13.1717  0.00456912
        3835     13.2856     13.1718  0.00456803
        3836     13.2602     13.1718  0.00456689
        3837     13.2501     13.1718  0.00456575
        3838     13.2674     13.1718  0.00456463
        3839      13.307     13.1719  0.00456357
        3840     13.3535     13.1719  0.00456263
        3841     13.3954      13.172  0.00456181
        3842     13.4311      13.172  0.00456112
        3843     13.4627     13.1721  0.00456057
        3844     13.4906     13.1722  0.00456013
        3845     13.5123     13.1723   0.0045598
        3846     13.5244     13.1724  0.00455954
        3847     13.5246     13.1725  0.00455927
        3848     13.5126     13.1726  0.00455894
        3849       13.49     13.1726   0.0045585
        3850      13.461     13.1727  0.00455793
        3851     13.4316     13.1728  0.00455725
        3852     13.4076     13.1728  0.00455647
        3853     13.3907     13.1729  0.00455564
        3854     13.3789     13.1729  0.00455477
        3855     13.3737      13.173  0.00455389
        3856     13.3863     13.1731  0.00455304
        3857     13.4272     13.1731  0.00455234
        3858     13.4898     13.1732   0.0045519
        3859     13.5516     13.1733  0.00455178
        3860     13.5894     13.1734  0.00455187
        3861     13.5875     13.1735  0.00455196
        3862      13.542     13.1736  0.00455178
        3863     13.4709     13.1737  0.00455125
        3864     13.4166     13.1738  0.00455051
        3865     13.4117     13.1738  0.00454975
        3866     13.4447     13.1739  0.00454911
        3867      13.483      13.174  0.00454863
        3868     13.5097     13.1741  0.00454829
        3869     13.5237     13.1741  0.00454801
        3870     13.5276     13.1742  0.00454775
        3871     13.5251     13.1743  0.00454748
        3872     13.5223     13.1744  0.00454719
        3873     13.5251     13.1745  0.00454692
        3874     13.5299     13.1746  0.00454667
        3875     13.5238     13.1747  0.00454639
        3876     13.4956     13.1748  0.00454597
        3877     13.4476     13.1748  0.00454534
        3878     13.3996     13.1749  0.00454454
        3879     13.3785     13.1749  0.00454367
        3880     13.3971      13.175  0.00454286
        3881     13.4408     13.1751  0.00454221
        3882     13.4817     13.1752  0.00454172
        3883     13.5008     13.1752  0.00454133
        3884     13.4931     13.1753   0.0045409
        3885     13.4631     13.1754  0.00454033
        3886     13.4187     13.1755   0.0045396
        3887     13.3662     13.1755  0.00453869
        3888     13.3097     13.1755  0.00453766
        3889     13.2511     13.1756  0.00453653
        3890     13.1931     13.1756  0.00453537
        3891     13.1421     13.1756  0.00453421
        3892     13.1098     13.1755  0.00453308
        3893     13.1106     13.1755  0.00453194
        3894     13.1512     13.1755  0.00453078
        3895     13.2226     13.1755  0.00452964
        3896     13.3033     13.1756  0.00452859
        3897      13.373     13.1756  0.00452771
        3898     13.4214     13.1757  0.00452699
        3899     13.4476     13.1757  0.00452637
        3900     13.4561     13.1758  0.00452578
        3901     13.4526     13.1759  0.00452517
        3902     13.4414      13.176  0.00452452
        3903     13.4252      13.176  0.00452382
        3904     13.4032     13.1761  0.00452303
        3905     13.3697     13.1761  0.00452215
        3906     13.3105     13.1762  0.00452112
        3907     13.2031     13.1762  0.00451997
        3908      13.041     13.1761  0.00451894
        3909     12.8935     13.1761  0.00451836
        3910     12.8748      13.176  0.00451787
        3911     12.9623     13.1759  0.00451704
        3912     13.0364     13.1759  0.00451603
        3913     13.0567     13.1759  0.00451498
        3914     13.0523     13.1758  0.00451393
        3915     13.0536     13.1758  0.00451289
        3916     13.0676     13.1758  0.00451182
        3917     13.0867     13.1758  0.00451072
        3918     13.1035     13.1757  0.00450961
        3919     13.1159     13.1757  0.00450849
        3920     13.1247     13.1757  0.00450736
        3921     13.1305     13.1757  0.00450622
        3922     13.1329     13.1757  0.00450508
        3923      13.131     13.1757  0.00450395
        3924     13.1249     13.1757  0.00450282
        3925     13.1171     13.1756   0.0045017
        3926     13.1114     13.1756  0.00450058
        3927     13.1109     13.1756  0.00449947
        3928     13.1156     13.1756  0.00449835
        3929     13.1227     13.1756  0.00449722
        3930     13.1297     13.1756  0.00449609
        3931     13.1357     13.1756  0.00449496
        3932     13.1411     13.1755  0.00449383
        3933     13.1452     13.1755  0.00449269
        3934     13.1452     13.1755  0.00449155
        3935     13.1388     13.1755  0.00449042
        3936     13.1281     13.1755   0.0044893
        3937     13.1215     13.1755  0.00448818
        3938     13.1286     13.1755  0.00448705
        3939     13.1506     13.1755  0.00448592
        3940     13.1767     13.1755  0.00448478
        3941     13.1902     13.1755  0.00448364
        3942     13.1768     13.1755  0.00448251
        3943     13.1309     13.1755  0.00448138
        3944     13.0646     13.1754  0.00448034
        3945     13.0127     13.1754  0.00447939
        3946     13.0081     13.1754  0.00447846
        3947     13.0439     13.1753  0.00447745
        3948     13.0853     13.1753  0.00447637
        3949     13.1104     13.1753  0.00447527
        3950     13.1207     13.1753  0.00447415
        3951     13.1278     13.1753  0.00447304
        3952     13.1399     13.1753  0.00447192
        3953     13.1587     13.1753  0.00447079
        3954     13.1814     13.1753  0.00446966
        3955      13.205     13.1753  0.00446853
        3956     13.2273     13.1753  0.00446742
        3957     13.2472     13.1753  0.00446633
        3958     13.2638     13.1753  0.00446526
        3959     13.2768     13.1753   0.0044642
        3960     13.2865     13.1754  0.00446316
        3961     13.2939     13.1754  0.00446214
        3962     13.3005     13.1754  0.00446112
        3963     13.3084     13.1755  0.00446012
        3964     13.3198     13.1755  0.00445915
        3965     13.3364     13.1755  0.00445821
        3966     13.3581     13.1756  0.00445732
        3967     13.3833     13.1756   0.0044565
        3968     13.4086     13.1757  0.00445577
        3969     13.4299     13.1758  0.00445511
        3970     13.4428     13.1758  0.00445449
        3971     13.4425     13.1759  0.00445388
        3972     13.4239      13.176  0.00445319
        3973     13.3838      13.176  0.00445238
        3974     13.3273      13.176  0.00445142
        3975     13.2754     13.1761  0.00445037
        3976     13.2562     13.1761   0.0044493
        3977      13.284     13.1761  0.00444826
        3978     13.3494     13.1762  0.00444736
        3979     13.4276     13.1762  0.00444669
        3980     13.4936     13.1763  0.00444629
        3981      13.536     13.1764  0.00444609
        3982     13.5599     13.1765  0.00444601
        3983     13.5779     13.1766  0.00444604
        3984     13.5976     13.1767  0.00444618
        3985     13.6174     13.1768  0.00444644
        3986     13.6305     13.1769  0.00444678
        3987     13.6316      13.177  0.00444713
        3988     13.6196     13.1771  0.00444739
        3989      13.599     13.1773  0.00444754
        3990     13.5786     13.1774  0.00444756
        3991     13.5684     13.1775  0.00444752
        3992     13.5732     13.1776  0.00444751
        3993     13.5906     13.1777   0.0044476
        3994     13.6146     13.1778  0.00444784
        3995     13.6412     13.1779  0.00444823
        3996     13.6683      13.178  0.00444881
        3997     13.6945     13.1781  0.00444958
        3998     13.7175     13.1783  0.00445051
        3999     13.7347     13.1784  0.00445157
        4000     13.7429     13.1785  0.00445269
        4001     13.7389     13.1787  0.00445378
        4002     13.7186     13.1788  0.00445471
        4003     13.6768     13.1789  0.00445534
        4004     13.6097     13.1791  0.00445552
        4005     13.5188     13.1791  0.00445522
        4006     13.4164     13.1792   0.0044545
        4007     13.3248     13.1792  0.00445354
        4008      13.272     13.1793  0.00445249
        4009     13.2773     13.1793  0.00445144
        4010     13.3328     13.1793   0.0044505
        4011     13.4077     13.1794  0.00444975
        4012     13.4747     13.1795  0.00444925
        4013     13.5202     13.1795  0.00444895
        4014     13.5333     13.1796  0.00444872
        4015     13.5034     13.1797  0.00444834
        4016     13.4297     13.1798  0.00444767
        4017      13.336     13.1798  0.00444673
        4018     13.2705     13.1798  0.00444568
        4019     13.2729     13.1799  0.00444463
        4020     13.3367     13.1799   0.0044437
        4021     13.4225       13.18  0.00444301
        4022     13.4943       13.18  0.00444259
        4023     13.5319     13.1801  0.00444234
        4024     13.5286     13.1802  0.00444208
        4025     13.4866     13.1803  0.00444163
        4026     13.4159     13.1803  0.00444092
        4027     13.3343     13.1804  0.00443998
        4028     13.2626     13.1804  0.00443892
        4029     13.2131     13.1804  0.00443783
        4030     13.1858     13.1804  0.00443673
        4031     13.1778     13.1804  0.00443563
        4032     13.1925     13.1804  0.00443453
        4033     13.2304     13.1804  0.00443344
        4034     13.2774     13.1804  0.00443241
        4035      13.313     13.1805  0.00443143
        4036     13.3262     13.1805  0.00443048
        4037     13.3205     13.1805  0.00442952
        4038     13.3086     13.1806  0.00442854
        4039     13.3036     13.1806  0.00442755
        4040     13.3124     13.1806  0.00442657
        4041     13.3326     13.1807  0.00442563
        4042     13.3506     13.1807  0.00442474
        4043     13.3406     13.1808  0.00442382
        4044     13.2745     13.1808  0.00442279
        4045     13.1566     13.1808   0.0044217
        4046     13.0624     13.1808   0.0044207
        4047     13.0682     13.1807   0.0044197
        4048     13.1312     13.1807  0.00441862
        4049     13.1701     13.1807  0.00441753
        4050     13.1715     13.1807  0.00441644
        4051     13.1611     13.1807  0.00441536
        4052     13.1592     13.1807  0.00441427
        4053      13.172     13.1807  0.00441318
        4054     13.1971     13.1807  0.00441209
        4055     13.2278     13.1807  0.00441102
        4056     13.2541     13.1807  0.00440997
        4057     13.2656     13.1807  0.00440893
        4058      13.254     13.1808  0.00440788
        4059     13.2183     13.1808  0.00440681
        4060     13.1707     13.1808  0.00440572
        4061     13.1371     13.1808  0.00440465
        4062     13.1412     13.1808  0.00440358
        4063     13.1839     13.1808  0.00440249
        4064     13.2424     13.1808  0.00440144
        4065     13.2916     13.1808  0.00440044
        4066     13.3181     13.1808  0.00439949
        4067     13.3193     13.1809  0.00439854
        4068     13.2963     13.1809  0.00439755
        4069     13.2495     13.1809   0.0043965
        4070     13.1759     13.1809  0.00439542
        4071     13.0709     13.1809  0.00439442
        4072     12.9415     13.1808  0.00439373
        4073     12.8313     13.1807  0.00439349
        4074     12.8069     13.1806  0.00439337
        4075     12.8764     13.1806  0.00439293
        4076     12.9763     13.1805  0.00439214
        4077     13.0543     13.1805  0.00439117
        4078     13.0992     13.1805  0.00439014
        4079     13.1184     13.1805  0.00438909
        4080     13.1211     13.1804  0.00438804
        4081     13.1151     13.1804  0.00438699
        4082     13.1059     13.1804  0.00438595
        4083     13.0966     13.1804  0.00438493
        4084     13.0867     13.1804  0.00438391
        4085     13.0724     13.1803  0.00438292
        4086     13.0488     13.1803  0.00438197
        4087     13.0128     13.1803  0.00438109
        4088     12.9668     13.1802  0.00438032
        4089     12.9205     13.1801  0.00437971
        4090     12.8891     13.1801  0.00437922
        4091     12.8872       13.18  0.00437874
        4092       12.92     13.1799  0.00437813
        4093     12.9794     13.1799  0.00437733
        4094     13.0484     13.1799  0.00437638
        4095     13.1104     13.1798  0.00437534
        4096     13.1549     13.1798  0.00437428
        4097     13.1773     13.1798  0.00437321
        4098     13.1764     13.1798  0.00437215
        4099     13.1521     13.1798  0.00437108
        4100     13.1063     13.1798  0.00437005
        4101     13.0497     13.1798   0.0043691
        4102     13.0049     13.1797  0.00436825
        4103     12.9915     13.1797  0.00436742
        4104     12.9969     13.1796  0.00436659
        4105     12.9845     13.1796  0.00436578
        4106     12.9363     13.1795  0.00436512
        4107     12.8752     13.1795  0.00436469
        4108     12.8455     13.1794  0.00436438
        4109      12.862     13.1793    0.004364
        4110     12.8987     13.1792  0.00436347
        4111     12.9317     13.1792  0.00436283
        4112     12.9572     13.1791   0.0043621
        4113     12.9671     13.1791  0.00436135
        4114     12.9486      13.179  0.00436064
        4115     12.9083     13.1789  0.00436008
        4116     12.8821     13.1789  0.00435962
        4117     12.9094     13.1788  0.00435905
        4118     12.9903     13.1788  0.00435823
        4119     13.0838     13.1787  0.00435724
        4120     13.1507     13.1787  0.00435618
        4121     13.1777     13.1787  0.00435513
        4122       13.17     13.1787  0.00435407
        4123     13.1389     13.1787  0.00435302
        4124     13.0949     13.1787  0.00435202
        4125     13.0459     13.1787  0.00435108
        4126     12.9969     13.1786  0.00435025
        4127     12.9501     13.1786  0.00434955
        4128     12.9081     13.1785  0.00434899
        4129     12.8764     13.1784  0.00434855
        4130     12.8626     13.1784  0.00434817
        4131     12.8704     13.1783  0.00434776
        4132     12.8948     13.1782  0.00434724
        4133     12.9262     13.1782  0.00434662
        4134     12.9559     13.1781   0.0043459
        4135     12.9786     13.1781  0.00434512
        4136     12.9904      13.178   0.0043443
        4137     12.9857      13.178   0.0043435
        4138     12.9547     13.1779  0.00434279
        4139     12.8857     13.1778  0.00434231
        4140     12.7807     13.1777  0.00434232
        4141     12.6857     13.1776   0.0043429
        4142     12.6751     13.1775  0.00434355
        4143     12.7537     13.1774   0.0043437
        4144     12.8483     13.1773  0.00434338
        4145      12.906     13.1773  0.00434282
        4146      12.922     13.1772  0.00434221
        4147     12.9124     13.1771  0.00434164
        4148     12.8953     13.1771  0.00434112
        4149     12.8822      13.177  0.00434066
        4150     12.8757     13.1769  0.00434022
        4151     12.8724     13.1768  0.00433979
        4152     12.8704     13.1768  0.00433937
        4153      12.872     13.1767  0.00433895
        4154       12.88     13.1766  0.00433849
        4155     12.8951     13.1766  0.00433798
        4156     12.9155     13.1765  0.00433739
        4157     12.9388     13.1764  0.00433672
        4158     12.9633     13.1764  0.00433598
        4159     12.9883     13.1763  0.00433518
        4160     13.0131     13.1763  0.00433431
        4161     13.0366     13.1763   0.0043334
        4162     13.0569     13.1762  0.00433245
        4163     13.0715     13.1762  0.00433149
        4164     13.0775     13.1762  0.00433051
        4165     13.0721     13.1762  0.00432954
        4166     13.0538     13.1761   0.0043286
        4167      13.024     13.1761  0.00432772
        4168     12.9874     13.1761  0.00432692
        4169     12.9507      13.176  0.00432622
        4170     12.9198     13.1759  0.00432561
        4171      12.899     13.1759  0.00432509
        4172     12.8938     13.1758  0.00432458
        4173     12.9113     13.1757  0.00432401
        4174     12.9513     13.1757  0.00432331
        4175     12.9993     13.1756  0.00432248
        4176     13.0314     13.1756  0.00432158
        4177     13.0297     13.1756  0.00432069
        4178      12.993     13.1755  0.00431987
        4179      12.939     13.1755  0.00431921
        4180     12.8965     13.1754  0.00431869
        4181     12.8904     13.1753   0.0043182
        4182     12.9255     13.1753  0.00431758
        4183     12.9814     13.1752  0.00431679
        4184     13.0277     13.1752  0.00431591
        4185     13.0527     13.1752  0.00431497
        4186     13.0733     13.1751  0.00431401
        4187     13.1128     13.1751  0.00431301
        4188     13.1711     13.1751  0.00431198
        4189     13.2263     13.1751  0.00431097
        4190     13.2569     13.1752  0.00430998
        4191     13.2518     13.1752  0.00430899
        4192     13.2063     13.1752  0.00430797
        4193     13.1206     13.1752  0.00430696
        4194     13.0099     13.1751  0.00430612
        4195     12.9169     13.1751  0.00430553
        4196      12.888      13.175  0.00430505
        4197      12.924     13.1749  0.00430444
        4198     12.9886     13.1749  0.00430364
        4199     13.0558     13.1749  0.00430271
        4200     13.1189     13.1749   0.0043017
        4201     13.1757     13.1749  0.00430068
        4202     13.2219     13.1749  0.00429967
        4203     13.2533     13.1749  0.00429869
        4204     13.2677     13.1749  0.00429772
        4205     13.2639     13.1749  0.00429675
        4206     13.2399     13.1749  0.00429576
        4207     13.1916     13.1749  0.00429474
        4208     13.1154     13.1749  0.00429374
        4209     13.0183     13.1749  0.00429288
        4210     12.9391     13.1748  0.00429223
        4211     12.9407     13.1748  0.00429157
        4212      13.031     13.1748  0.00429069
        4213     13.1426     13.1747  0.00428967
        4214      13.223     13.1748  0.00428867
        4215     13.2696     13.1748  0.00428771
        4216     13.2975     13.1748   0.0042868
        4217     13.3183     13.1748  0.00428591
        4218     13.3396     13.1749  0.00428508
        4219     13.3679     13.1749   0.0042843
        4220     13.4038      13.175  0.00428363
        4221      13.437      13.175  0.00428307
        4222     13.4493     13.1751  0.00428255
        4223      13.427     13.1752  0.00428195
        4224     13.3757     13.1752   0.0042812
        4225     13.3304     13.1753  0.00428034
        4226     13.3317     13.1753  0.00427949
        4227     13.3796     13.1753  0.00427875
        4228     13.4362     13.1754  0.00427818
        4229     13.4726     13.1755  0.00427775
        4230     13.4837     13.1755  0.00427736
        4231     13.4772     13.1756  0.00427694
        4232     13.4639     13.1757  0.00427647
        4233     13.4546     13.1757  0.00427597
        4234     13.4572     13.1758  0.00427548
        4235     13.4723     13.1759  0.00427504
        4236     13.4919      13.176  0.00427468
        4237     13.5046      13.176  0.00427438
        4238     13.5034     13.1761  0.00427406
        4239     13.4893     13.1762   0.0042737
        4240     13.4676     13.1763  0.00427324
        4241     13.4407     13.1763  0.00427269
        4242      13.401     13.1764  0.00427201
        4243     13.3301     13.1764  0.00427116
        4244      13.207     13.1764  0.00427015
        4245     13.0337     13.1764  0.00426928
        4246      12.881     13.1763  0.00426884
        4247     12.8682     13.1762  0.00426845
        4248     13.0102     13.1762  0.00426763
        4249     13.1981     13.1762  0.00426663
        4250      13.348     13.1762  0.00426581
        4251     13.4374     13.1763  0.00426525
        4252     13.4713     13.1764  0.00426481
        4253     13.4645     13.1764  0.00426435
        4254     13.4385     13.1765  0.00426379
        4255     13.4166     13.1766  0.00426316
        4256     13.4132     13.1766  0.00426252
        4257     13.4279     13.1767  0.00426193
        4258     13.4494     13.1767  0.00426141
        4259     13.4627     13.1768  0.00426094
        4260     13.4547     13.1769  0.00426044
        4261     13.4172     13.1769  0.00425981
        4262     13.3527      13.177  0.00425901
        4263     13.2819      13.177  0.00425808
        4264     13.2402      13.177  0.00425711
        4265     13.2503      13.177  0.00425615
        4266     13.2995     13.1771  0.00425525
        4267     13.3554     13.1771  0.00425446
        4268     13.3955     13.1771  0.00425377
        4269     13.4137     13.1772  0.00425313
        4270     13.4133     13.1773  0.00425249
        4271     13.3997     13.1773  0.00425182
        4272     13.3783     13.1774  0.00425108
        4273     13.3537     13.1774  0.00425029
        4274     13.3297     13.1774  0.00424944
        4275      13.309     13.1775  0.00424856
        4276     13.2928     13.1775  0.00424765
        4277     13.2808     13.1775  0.00424673
        4278     13.2694     13.1775  0.00424579
        4279     13.2479     13.1776  0.00424483
        4280     13.1963     13.1776  0.00424384
        4281     13.1003     13.1775  0.00424289
        4282     12.9995     13.1775   0.0042421
        4283      12.996     13.1775  0.00424132
        4284      13.113     13.1774  0.00424036
        4285     13.2511     13.1775   0.0042394
        4286     13.3379     13.1775  0.00423858
        4287     13.3693     13.1775  0.00423783
        4288     13.3616     13.1776  0.00423706
        4289     13.3293     13.1776  0.00423622
        4290     13.2852     13.1776   0.0042353
        4291      13.241     13.1777  0.00423434
        4292     13.2036     13.1777  0.00423336
        4293     13.1727     13.1777  0.00423237
        4294     13.1474     13.1777  0.00423139
        4295     13.1314     13.1776  0.00423042
        4296     13.1284     13.1776  0.00422945
        4297     13.1364     13.1776  0.00422848
        4298     13.1511     13.1776   0.0042275
        4299     13.1697     13.1776  0.00422652
        4300     13.1859     13.1776  0.00422553
        4301      13.188     13.1776  0.00422455
        4302     13.1696     13.1776  0.00422357
        4303     13.1445     13.1776   0.0042226
        4304     13.1422     13.1776  0.00422162
        4305     13.1734     13.1776  0.00422064
        4306     13.2162     13.1776  0.00421967
        4307      13.246     13.1776  0.00421872
        4308     13.2573     13.1776  0.00421778
        4309     13.2588     13.1777  0.00421685
        4310     13.2612     13.1777  0.00421591
        4311     13.2709     13.1777  0.00421499
        4312     13.2885     13.1777  0.00421409
        4313     13.3107     13.1778  0.00421323
        4314     13.3324     13.1778   0.0042124
        4315     13.3482     13.1778  0.00421161
        4316     13.3542     13.1779  0.00421083
        4317      13.349     13.1779  0.00421004
        4318     13.3356      13.178  0.00420923
        4319     13.3212      13.178  0.00420838
        4320     13.3137      13.178  0.00420753
        4321     13.3156     13.1781  0.00420667
        4322     13.3205     13.1781  0.00420583
        4323      13.317     13.1781  0.00420498
        4324     13.2955     13.1781  0.00420409
        4325     13.2547     13.1782  0.00420316
        4326     13.2078     13.1782  0.00420219
        4327     13.1782     13.1782  0.00420122
        4328     13.1806     13.1782  0.00420025
        4329      13.207     13.1782  0.00419929
        4330     13.2383     13.1782  0.00419834
        4331      13.266     13.1782  0.00419742
        4332     13.2945     13.1782  0.00419654
        4333     13.3277     13.1783  0.00419571
        4334     13.3606     13.1783  0.00419495
        4335     13.3813     13.1784  0.00419425
        4336     13.3783     13.1784  0.00419353
        4337     13.3457     13.1784  0.00419274
        4338     13.2852     13.1785  0.00419185
        4339     13.2072     13.1785  0.00419089
        4340     13.1306     13.1785  0.00418994
        4341     13.0767     13.1784  0.00418904
        4342     13.0575     13.1784  0.00418817
        4343     13.0658     13.1784  0.00418728
        4344     13.0816     13.1784  0.00418638
        4345      13.087     13.1783  0.00418547
        4346     13.0747     13.1783  0.00418457
        4347     13.0543     13.1783  0.00418371
        4348     13.0547     13.1783  0.00418284
        4349     13.0975     13.1782  0.00418192
        4350     13.1646     13.1782  0.00418096
        4351     13.2175     13.1783  0.00418001
        4352     13.2362     13.1783  0.00417907
        4353     13.2247     13.1783  0.00417812
        4354     13.1981     13.1783  0.00417717
        4355     13.1738     13.1783  0.00417621
        4356     13.1661     13.1783  0.00417525
        4357     13.1767     13.1783  0.00417429
        4358     13.1913     13.1783  0.00417333
        4359     13.1915     13.1783  0.00417238
        4360     13.1722     13.1783  0.00417142
        4361     13.1431     13.1783  0.00417047
        4362      13.109     13.1783  0.00416955
        4363     13.0533     13.1782  0.00416869
        4364      12.955     13.1782  0.00416805
        4365     12.8295     13.1781  0.00416786
        4366     12.7497      13.178  0.00416806
        4367     12.7861     13.1779  0.00416807
        4368     12.9231     13.1779  0.00416752
        4369     13.0829     13.1778  0.00416663
        4370     13.2025     13.1778  0.00416568
        4371     13.2569     13.1779  0.00416476
        4372     13.2343     13.1779  0.00416383
        4373     13.1128     13.1779   0.0041629
        4374     12.8896     13.1778  0.00416247
        4375     12.6834     13.1777  0.00416306
        4376     12.6698     13.1776  0.00416372
        4377     12.7886     13.1775  0.00416372
        4378     12.8857     13.1774   0.0041633
        4379     12.9362     13.1773  0.00416272
        4380     12.9676     13.1773  0.00416204
        4381     12.9927     13.1773   0.0041613
        4382     13.0135     13.1772  0.00416052
        4383      13.031     13.1772  0.00415971
        4384     13.0473     13.1772  0.00415886
        4385     13.0629     13.1771    0.004158
        4386      13.078     13.1771  0.00415711
        4387     13.0919     13.1771  0.00415621
        4388     13.1023     13.1771   0.0041553
        4389     13.1044     13.1771  0.00415438
        4390     13.0935      13.177  0.00415348
        4391     13.0687      13.177  0.00415261
        4392     13.0367      13.177  0.00415178
        4393     13.0101     13.1769  0.00415101
        4394     12.9991     13.1769  0.00415026
        4395     13.0016     13.1769  0.00414951
        4396     13.0046     13.1768  0.00414875
        4397      12.997     13.1768  0.00414801
        4398     12.9772     13.1767  0.00414732
        4399     12.9399     13.1767  0.00414672
        4400     12.8547     13.1766  0.00414643
        4401     12.7007     13.1765  0.00414689
        4402     12.5961     13.1764  0.00414805
        4403     12.7128     13.1763  0.00414844
        4404      12.938     13.1762  0.00414785
        4405     13.0832     13.1762  0.00414696
        4406     13.1233     13.1762  0.00414604
        4407     13.0965     13.1762  0.00414514
        4408     13.0333     13.1761  0.00414432
        4409     12.9527     13.1761  0.00414369
        4410     12.8669      13.176  0.00414335
        4411     12.7837     13.1759  0.00414336
        4412     12.7098     13.1758  0.00414377
        4413      12.657     13.1757   0.0041445
        4414      12.644     13.1756  0.00414531
        4415     12.6767     13.1755  0.00414591
        4416     12.7348     13.1754  0.00414617
        4417     12.7942     13.1753  0.00414613
        4418     12.8487     13.1752  0.00414585
        4419     12.9002     13.1751  0.00414538
        4420     12.9448     13.1751  0.00414477
        4421     12.9762      13.175  0.00414408
        4422      12.992      13.175  0.00414335
        4423     12.9941      13.175  0.00414261
        4424     12.9846     13.1749   0.0041419
        4425     12.9644     13.1749  0.00414124
        4426     12.9336     13.1748  0.00414066
        4427     12.8954     13.1747   0.0041402
        4428     12.8605     13.1747  0.00413988
        4429     12.8439     13.1746  0.00413962
        4430     12.8534     13.1745  0.00413932
        4431     12.8812     13.1745  0.00413891
        4432     12.9123     13.1744   0.0041384
        4433     12.9369     13.1744  0.00413781
        4434     12.9542     13.1743  0.00413718
        4435      12.968     13.1743  0.00413651
        4436     12.9827     13.1742   0.0041358
        4437     12.9999     13.1742  0.00413506
        4438     13.0189     13.1741  0.00413427
        4439     13.0376     13.1741  0.00413345
        4440     13.0537     13.1741  0.00413261
        4441     13.0654     13.1741  0.00413175
        4442     13.0709      13.174  0.00413089
        4443     13.0687      13.174  0.00413003
        4444      13.058      13.174  0.00412918
        4445     13.0407      13.174  0.00412836
        4446     13.0236     13.1739  0.00412757
        4447     13.0185     13.1739  0.00412679
        4448     13.0346     13.1739  0.00412598
        4449     13.0705     13.1738  0.00412512
        4450     13.1136     13.1738  0.00412421
        4451     13.1494     13.1738  0.00412329
        4452     13.1686     13.1738  0.00412237
        4453     13.1684     13.1738  0.00412144
        4454     13.1512     13.1738  0.00412052
        4455     13.1241     13.1738  0.00411961
        4456     13.0982     13.1738  0.00411872
        4457     13.0841     13.1738  0.00411784
        4458     13.0864     13.1737  0.00411697
        4459     13.1004     13.1737  0.00411608
        4460     13.1167     13.1737  0.00411517
        4461     13.1288     13.1737  0.00411426
        4462      13.138     13.1737  0.00411335
        4463     13.1512     13.1737  0.00411243
        4464     13.1744     13.1737  0.00411151
        4465     13.2079     13.1737   0.0041106
        4466      13.245     13.1737  0.00410971
        4467     13.2765     13.1737  0.00410885
        4468     13.2978     13.1738  0.00410802
        4469     13.3123     13.1738  0.00410722
        4470     13.3274     13.1738  0.00410645
        4471     13.3476     13.1739  0.00410571
        4472     13.3729     13.1739  0.00410504
        4473     13.4008      13.174  0.00410443
        4474     13.4274      13.174   0.0041039
        4475     13.4469     13.1741  0.00410344
        4476     13.4528     13.1741    0.004103
        4477     13.4399     13.1742  0.00410251
        4478     13.4058     13.1742  0.00410192
        4479      13.353     13.1743   0.0041012
        4480     13.2901     13.1743  0.00410036
        4481      13.233     13.1743  0.00409947
        4482     13.2001     13.1743  0.00409856
        4483     13.2018     13.1743  0.00409765
        4484     13.2333     13.1744  0.00409676
        4485     13.2782     13.1744  0.00409591
        4486     13.3196     13.1744  0.00409512
        4487     13.3481     13.1744  0.00409439
        4488      13.362     13.1745  0.00409369
        4489     13.3641     13.1745    0.004093
        4490     13.3577     13.1746  0.00409229
        4491     13.3443     13.1746  0.00409156
        4492     13.3221     13.1746  0.00409078
        4493     13.2865     13.1747  0.00408994
        4494     13.2318     13.1747  0.00408905
        4495     13.1531     13.1747  0.00408814
        4496     13.0483     13.1746  0.00408733
        4497     12.9327     13.1746  0.00408678
        4498     12.8558     13.1745  0.00408648
        4499     12.8599     13.1745  0.00408617
        4500     12.9256     13.1744  0.00408564
        4501     13.0097     13.1744   0.0040849
        4502     13.0896     13.1743  0.00408403
        4503     13.1595     13.1743  0.00408313
        4504       13.22     13.1743  0.00408223
        4505     13.2701     13.1744  0.00408138
        4506     13.3052     13.1744  0.00408058
        4507     13.3213     13.1744   0.0040798
        4508     13.3185     13.1745  0.00407902
        4509     13.3009     13.1745  0.00407822
        4510     13.2745     13.1745  0.00407737
        4511     13.2455     13.1745   0.0040765
        4512     13.2193     13.1745  0.00407561
        4513     13.1989     13.1745  0.00407471
        4514     13.1845     13.1745   0.0040738
        4515     13.1737     13.1745   0.0040729
        4516     13.1634     13.1745    0.004072
        4517     13.1509     13.1745   0.0040711
        4518     13.1347     13.1745  0.00407021
        4519     13.1157     13.1745  0.00406933
        4520     13.0986     13.1745  0.00406847
        4521     13.0912     13.1745  0.00406761
        4522     13.0981     13.1745  0.00406674
        4523     13.1127     13.1744  0.00406587
        4524     13.1157     13.1744  0.00406499
        4525     13.0794     13.1744  0.00406415
        4526     12.9778     13.1744  0.00406348
        4527     12.8168     13.1743  0.00406335
        4528      12.677     13.1742  0.00406394
        4529     12.6394     13.1741  0.00406475
        4530     12.6602      13.174  0.00406544
        4531     12.6691     13.1738  0.00406607
        4532     12.6624     13.1737  0.00406674
        4533     12.6758     13.1736  0.00406732
        4534     12.7532     13.1735  0.00406748
        4535     12.8887     13.1735  0.00406707
        4536     13.0198     13.1734  0.00406632
        4537     13.1022     13.1734  0.00406545
        4538     13.1362     13.1734  0.00406456
        4539     13.1408     13.1734  0.00406367
        4540     13.1341     13.1734  0.00406279
        4541     13.1281     13.1734   0.0040619
        4542     13.1283     13.1734  0.00406102
        4543     13.1362     13.1734  0.00406014
        4544     13.1504     13.1734  0.00405925
        4545     13.1681     13.1734  0.00405835
        4546     13.1866     13.1734  0.00405746
        4547     13.2028     13.1734  0.00405657
        4548     13.2141     13.1734  0.00405569
        4549     13.2177     13.1734  0.00405481
        4550     13.2109     13.1734  0.00405393
        4551      13.192     13.1734  0.00405304
        4552     13.1619     13.1734  0.00405215
        4553      13.127     13.1734  0.00405127
        4554     13.0984     13.1734  0.00405042
        4555     13.0862     13.1733  0.00404957
        4556     13.0925     13.1733  0.00404872
        4557     13.1114     13.1733  0.00404786
        4558     13.1345     13.1733  0.00404698
        4559     13.1547     13.1733  0.00404609
        4560     13.1679     13.1733  0.00404521
        4561     13.1756     13.1733  0.00404432
        4562     13.1855     13.1733  0.00404343
        4563      13.204     13.1733  0.00404255
        4564     13.2277     13.1733  0.00404169
        4565     13.2425     13.1733  0.00404083
        4566     13.2343     13.1734  0.00403997
        4567     13.1991     13.1734  0.00403908
        4568     13.1504     13.1734   0.0040382
        4569     13.1146     13.1733  0.00403734
        4570     13.1109     13.1733  0.00403648
        4571     13.1328     13.1733  0.00403561
        4572     13.1578     13.1733  0.00403473
        4573     13.1698     13.1733  0.00403384
        4574      13.165     13.1733  0.00403296
        4575     13.1443     13.1733  0.00403209
        4576     13.1076     13.1733  0.00403123
        4577      13.059     13.1733  0.00403043
        4578      13.012     13.1732   0.0040297
        4579     12.9872     13.1732  0.00402902
        4580     12.9996     13.1732  0.00402832
        4581     13.0468     13.1731  0.00402754
        4582     13.1097     13.1731  0.00402668
        4583     13.1662     13.1731   0.0040258
        4584     13.2041     13.1731  0.00402493
        4585     13.2228     13.1731  0.00402407
        4586     13.2281     13.1731  0.00402321
        4587     13.2277     13.1731  0.00402235
        4588      13.227     13.1732  0.00402149
        4589     13.2277     13.1732  0.00402063
        4590     13.2275     13.1732  0.00401977
        4591     13.2212     13.1732  0.00401891
        4592     13.2039     13.1732  0.00401804
        4593     13.1729     13.1732  0.00401717
        4594     13.1316     13.1732   0.0040163
        4595      13.089     13.1732  0.00401547
        4596     13.0531     13.1731  0.00401468
        4597     13.0221     13.1731  0.00401394
        4598     12.9933     13.1731  0.00401326
        4599      12.988      13.173  0.00401259
        4600     13.0275      13.173  0.00401184
        4601     13.0738      13.173  0.00401103
        4602     13.0667      13.173  0.00401022
        4603     13.0054     13.1729  0.00400952
        4604     12.9445     13.1729  0.00400895
        4605     12.9169     13.1728  0.00400847
        4606     12.8957     13.1728  0.00400805
        4607     12.8676     13.1727  0.00400773
        4608     12.8905     13.1726  0.00400732
        4609     12.9966     13.1726  0.00400664
        4610      13.126     13.1726  0.00400578
        4611     13.2206     13.1726  0.00400492
        4612     13.2737     13.1726  0.00400412
        4613     13.2988     13.1726  0.00400334
        4614     13.3053     13.1727  0.00400258
        4615     13.2955     13.1727   0.0040018
        4616     13.2698     13.1727  0.00400099
        4617     13.2319     13.1727  0.00400014
        4618     13.1919     13.1727  0.00399928
        4619     13.1634     13.1727  0.00399841
        4620     13.1525     13.1727  0.00399755
        4621     13.1502     13.1727  0.00399669
        4622     13.1414     13.1727  0.00399583
        4623      13.122     13.1727  0.00399498
        4624     13.1037     13.1727  0.00399414
        4625     13.1023     13.1727  0.00399331
        4626      13.121     13.1727  0.00399246
        4627     13.1488     13.1727   0.0039916
        4628     13.1707     13.1727  0.00399074
        4629     13.1757     13.1727  0.00398988
        4630     13.1584     13.1727  0.00398902
        4631     13.1218     13.1726  0.00398817
        4632     13.0802     13.1726  0.00398736
        4633     13.0572     13.1726  0.00398658
        4634     13.0709     13.1726  0.00398578
        4635     13.1153     13.1726  0.00398493
        4636     13.1681     13.1726  0.00398407
        4637     13.2105     13.1726  0.00398322
        4638     13.2367     13.1726  0.00398239
        4639     13.2483     13.1726  0.00398156
        4640     13.2485     13.1726  0.00398074
        4641     13.2387     13.1726  0.00397991
        4642     13.2182     13.1726  0.00397906
        4643     13.1838     13.1726  0.00397821
        4644     13.1323     13.1726  0.00397736
        4645     13.0653     13.1726  0.00397657
        4646     12.9944     13.1726   0.0039759
        4647     12.9416     13.1725  0.00397535
        4648      12.925     13.1725  0.00397486
        4649     12.9415     13.1724  0.00397431
        4650     12.9689     13.1724   0.0039737
        4651     12.9823     13.1723  0.00397305
        4652     12.9676     13.1723  0.00397244
        4653     12.9285     13.1722  0.00397193
        4654     12.8857     13.1722  0.00397156
        4655     12.8652     13.1721  0.00397125
        4656     12.8791     13.1721   0.0039709
        4657     12.9185      13.172  0.00397042
        4658     12.9643      13.172  0.00396982
        4659     12.9999     13.1719  0.00396914
        4660     13.0145     13.1719  0.00396843
        4661     13.0024     13.1718  0.00396774
        4662     12.9657     13.1718  0.00396714
        4663     12.9214     13.1717  0.00396665
        4664     12.8997     13.1717  0.00396623
        4665     12.9205     13.1716  0.00396575
        4666     12.9736     13.1716  0.00396512
        4667     13.0328     13.1716  0.00396438
        4668     13.0797     13.1715  0.00396358
        4669     13.1078     13.1715  0.00396276
        4670     13.1154     13.1715  0.00396193
        4671     13.1007     13.1715  0.00396111
        4672     13.0595     13.1715  0.00396033
        4673     12.9867     13.1714  0.00395968
        4674     12.8847     13.1714  0.00395931
        4675     12.7851     13.1713  0.00395933
        4676     12.7411     13.1712  0.00395955
        4677     12.7521     13.1711  0.00395972
        4678       12.76      13.171  0.00395984
        4679      12.756     13.1709  0.00395999
        4680     12.7849     13.1709     0.00396
        4681     12.8365     13.1708   0.0039598
        4682     12.8506     13.1707  0.00395955
        4683      12.809     13.1706  0.00395946
        4684      12.756     13.1706   0.0039596
        4685     12.7486     13.1705  0.00395978
        4686        12.8     13.1704  0.00395972
        4687     12.8774     13.1703  0.00395937
        4688     12.9441     13.1703  0.00395882
        4689     12.9842     13.1702  0.00395818
        4690     13.0005     13.1702   0.0039575
        4691     13.0029     13.1702  0.00395681
        4692     12.9995     13.1701  0.00395614
        4693     12.9932     13.1701  0.00395547
        4694     12.9848       13.17  0.00395483
        4695     12.9772       13.17   0.0039542
        4696     12.9785       13.17  0.00395357
        4697     12.9986     13.1699  0.00395289
        4698     13.0379     13.1699  0.00395215
        4699     13.0813     13.1699  0.00395136
        4700     13.1038     13.1699  0.00395054
        4701     13.0808     13.1698  0.00394975
        4702     12.9958     13.1698  0.00394908
        4703     12.8522     13.1697  0.00394882
        4704     12.6958     13.1696  0.00394926
        4705     12.6143     13.1695  0.00395019
        4706     12.6678     13.1694  0.00395079
        4707     12.8111     13.1693  0.00395068
        4708     12.9474     13.1693  0.00395012
        4709     13.0276     13.1693   0.0039494
        4710     13.0565     13.1692  0.00394863
        4711     13.0571     13.1692  0.00394787
        4712     13.0486     13.1692  0.00394711
        4713     13.0414     13.1692  0.00394637
        4714     13.0374     13.1691  0.00394563
        4715     13.0345     13.1691   0.0039449
        4716     13.0305     13.1691  0.00394417
        4717     13.0269      13.169  0.00394345
        4718     13.0282      13.169  0.00394272
        4719      13.038      13.169  0.00394199
        4720     13.0553      13.169  0.00394123
        4721     13.0751     13.1689  0.00394044
        4722     13.0926     13.1689  0.00393964
        4723     13.1064     13.1689  0.00393883
        4724      13.119     13.1689  0.00393801
        4725     13.1344     13.1689  0.00393718
        4726     13.1535     13.1689  0.00393635
        4727     13.1699     13.1689  0.00393552
        4728     13.1702     13.1689  0.00393468
        4729     13.1402     13.1689  0.00393386
        4730     13.0781     13.1689  0.00393307
        4731     13.0115     13.1688  0.00393238
        4732     12.9845     13.1688  0.00393174
        4733     13.0025     13.1688  0.00393107
        4734     13.0223     13.1687  0.00393036
        4735     13.0084     13.1687  0.00392968
        4736     12.9629     13.1687  0.00392909
        4737     12.9098     13.1686  0.00392864
        4738     12.8695     13.1685  0.00392832
        4739      12.846     13.1685  0.00392808
        4740     12.8338     13.1684  0.00392788
        4741     12.8313     13.1683   0.0039277
        4742     12.8462     13.1683  0.00392746
        4743      12.891     13.1682  0.00392706
        4744     12.9693     13.1682  0.00392646
        4745     13.0667     13.1681  0.00392569
        4746     13.1596     13.1681  0.00392486
        4747     13.2311     13.1681  0.00392406
        4748     13.2767     13.1682   0.0039233
        4749     13.2999     13.1682  0.00392257
        4750     13.3057     13.1682  0.00392185
        4751     13.2983     13.1683  0.00392112
        4752     13.2799     13.1683  0.00392037
        4753     13.2525     13.1683  0.00391958
        4754     13.2193     13.1683  0.00391877
        4755     13.1851     13.1683  0.00391795
        4756     13.1564     13.1683  0.00391713
        4757     13.1375     13.1683  0.00391631
        4758     13.1286     13.1683   0.0039155
        4759     13.1261     13.1683  0.00391468
        4760     13.1261     13.1683  0.00391387
        4761      13.127     13.1683  0.00391306
        4762      13.128     13.1683  0.00391224
        4763     13.1251     13.1683  0.00391143
        4764     13.1105     13.1682  0.00391063
        4765     13.0793     13.1682  0.00390986
        4766     13.0396     13.1682  0.00390913
        4767     13.0142     13.1682  0.00390844
        4768     13.0235     13.1681  0.00390774
        4769     13.0633     13.1681  0.00390698
        4770     13.1099     13.1681  0.00390618
        4771     13.1438     13.1681  0.00390537
        4772     13.1631     13.1681  0.00390455
        4773      13.178     13.1681  0.00390373
        4774     13.1969     13.1681  0.00390292
        4775       13.22     13.1681  0.00390212
        4776     13.2421     13.1681  0.00390133
        4777     13.2592     13.1681  0.00390056
        4778     13.2705     13.1682   0.0038998
        4779      13.277     13.1682  0.00389905
        4780     13.2794     13.1682  0.00389831
        4781     13.2751     13.1682  0.00389755
        4782     13.2585     13.1683  0.00389679
        4783     13.2254     13.1683  0.00389599
        4784     13.1808     13.1683  0.00389518
        4785     13.1378     13.1683  0.00389437
        4786     13.1071     13.1682  0.00389357
        4787     13.0879     13.1682   0.0038928
        4788     13.0736     13.1682  0.00389203
        4789     13.0597     13.1682  0.00389129
        4790     13.0464     13.1682  0.00389056
        4791     13.0381     13.1681  0.00388984
        4792      13.043     13.1681  0.00388912
        4793     13.0653     13.1681  0.00388836
        4794     13.0956     13.1681  0.00388758
        4795     13.1125     13.1681  0.00388679
        4796     13.0993      13.168  0.00388601
        4797     13.0632      13.168  0.00388526
        4798     13.0376      13.168  0.00388454
        4799       13.05      13.168  0.00388381
        4800      13.091      13.168  0.00388303
        4801     13.1319     13.1679  0.00388223
        4802     13.1563     13.1679  0.00388142
        4803     13.1638     13.1679  0.00388062
        4804       13.16     13.1679  0.00387981
        4805     13.1503     13.1679    0.003879
        4806     13.1371     13.1679   0.0038782
        4807     13.1197     13.1679  0.00387741
        4808      13.095     13.1679  0.00387663
        4809     13.0605     13.1679  0.00387589
        4810     13.0155     13.1679  0.00387521
        4811     12.9618     13.1678  0.00387464
        4812     12.9037     13.1678  0.00387423
        4813      12.849     13.1677  0.00387399
        4814     12.8121     13.1676  0.00387389
        4815     12.8086     13.1675   0.0038738
        4816     12.8379     13.1675   0.0038736
        4817     12.8783     13.1674  0.00387326
        4818     12.9026     13.1674  0.00387285
        4819     12.8923     13.1673  0.00387247
        4820     12.8368     13.1672  0.00387227
        4821     12.7435     13.1671  0.00387246
        4822     12.6592      13.167  0.00387309
        4823     12.6486     13.1669  0.00387378
        4824     12.7115     13.1668  0.00387413
        4825     12.7892     13.1668  0.00387412
        4826     12.8491     13.1667  0.00387387
        4827     12.8906     13.1666  0.00387349
        4828     12.9066     13.1666  0.00387306
        4829     12.8764     13.1665  0.00387273
        4830     12.7841     13.1664  0.00387274
        4831     12.6385     13.1663  0.00387348
        4832     12.4999     13.1662  0.00387513
        4833     12.4653     13.1661  0.00387704
        4834       12.55     13.1659  0.00387833
        4835     12.6655     13.1658  0.00387891
        4836     12.7526     13.1657  0.00387905
        4837     12.8132     13.1657  0.00387893
        4838     12.8612     13.1656  0.00387864
        4839      12.901     13.1655  0.00387822
        4840     12.9281     13.1655  0.00387773
        4841     12.9386     13.1654  0.00387722
        4842     12.9345     13.1654  0.00387671
        4843     12.9236     13.1654  0.00387623
        4844       12.91     13.1653  0.00387579
        4845     12.8853     13.1652  0.00387542
        4846     12.8349     13.1652  0.00387522
        4847     12.7533     13.1651  0.00387535
        4848      12.652      13.165    0.003876
        4849     12.5571     13.1649  0.00387722
        4850     12.5032     13.1647  0.00387882
        4851     12.5121     13.1646  0.00388036
        4852     12.5729     13.1645  0.00388147
        4853     12.6572     13.1644  0.00388208
        4854     12.7441     13.1643  0.00388224
        4855      12.821     13.1642  0.00388209
        4856     12.8812     13.1641  0.00388173
        4857     12.9234     13.1641  0.00388124
        4858     12.9502     13.1641  0.00388069
        4859     12.9653      13.164  0.00388011
        4860     12.9715      13.164  0.00387952
        4861       12.97     13.1639  0.00387892
        4862     12.9609     13.1639  0.00387835
        4863     12.9434     13.1638  0.00387782
        4864      12.916     13.1638  0.00387735
        4865     12.8769     13.1637  0.00387701
        4866     12.8252     13.1637  0.00387683
        4867     12.7643     13.1636  0.00387691
        4868     12.7081     13.1635  0.00387724
        4869     12.6802     13.1634  0.00387771
        4870     12.6974     13.1633   0.0038781
        4871     12.7531     13.1632  0.00387821
        4872     12.8276     13.1631  0.00387803
        4873     12.9049     13.1631   0.0038776
        4874     12.9776      13.163  0.00387699
        4875     13.0418      13.163  0.00387627
        4876     13.0945      13.163   0.0038755
        4877      13.132      13.163  0.00387471
        4878     13.1516      13.163  0.00387392
        4879     13.1529      13.163  0.00387313
        4880     13.1393      13.163  0.00387234
        4881     13.1159      13.163  0.00387155
        4882     13.0862      13.163  0.00387079
        4883     13.0526     13.1629  0.00387007
        4884     13.0227     13.1629  0.00386938
        4885     13.0148     13.1629  0.00386871
        4886     13.0463     13.1629  0.00386799
        4887     13.1115     13.1629  0.00386721
        4888     13.1835     13.1629  0.00386642
        4889     13.2379     13.1629  0.00386566
        4890     13.2668     13.1629  0.00386493
        4891     13.2749     13.1629  0.00386421
        4892     13.2716     13.1629  0.00386348
        4893     13.2634      13.163  0.00386275
        4894     13.2524      13.163    0.003862
        4895     13.2383      13.163  0.00386124
        4896     13.2228      13.163  0.00386047
        4897     13.2115      13.163   0.0038597
        4898     13.2114      13.163  0.00385892
        4899     13.2274      13.163  0.00385816
        4900     13.2594     13.1631  0.00385742
        4901     13.3034     13.1631  0.00385674
        4902     13.3532     13.1631  0.00385615
        4903     13.4018     13.1632  0.00385567
        4904     13.4425     13.1632   0.0038553
        4905     13.4698     13.1633  0.00385502
        4906     13.4811     13.1634  0.00385478
        4907     13.4761     13.1634  0.00385452
        4908     13.4544     13.1635  0.00385419
        4909     13.4109     13.1635  0.00385374
        4910     13.3351     13.1636  0.00385311
        4911     13.2208     13.1636  0.00385234
        4912     13.0904     13.1636  0.00385159
        4913     13.0092     13.1635  0.00385093
        4914     13.0358     13.1635  0.00385024
        4915     13.1477     13.1635  0.00384945
        4916     13.2717     13.1635  0.00384873
        4917     13.3591     13.1636  0.00384816
        4918      13.402     13.1636  0.00384768
        4919     13.4167     13.1637  0.00384724
        4920     13.4242     13.1637  0.00384682
        4921      13.435     13.1638  0.00384644
        4922     13.4444     13.1638  0.00384608
        4923     13.4412     13.1639  0.00384571
        4924     13.4178     13.1639  0.00384527
        4925      13.376      13.164  0.00384474
        4926     13.3267      13.164   0.0038441
        4927     13.2842      13.164  0.00384339
        4928     13.2584     13.1641  0.00384266
        4929     13.2498     13.1641  0.00384192
        4930     13.2525     13.1641  0.00384118
        4931     13.2595     13.1641  0.00384045
        4932     13.2651     13.1641  0.00383973
        4933     13.2656     13.1642  0.00383901
        4934     13.2588     13.1642  0.00383828
        4935     13.2432     13.1642  0.00383753
        4936     13.2183     13.1642  0.00383677
        4937     13.1842     13.1642  0.00383599
        4938     13.1422     13.1642  0.00383522
        4939     13.0949     13.1642  0.00383447
        4940     13.0459     13.1642  0.00383377
        4941     12.9983     13.1641  0.00383314
        4942     12.9527     13.1641   0.0038326
        4943     12.9085      13.164  0.00383218
        4944     12.8676      13.164  0.00383187
        4945     12.8369     13.1639  0.00383167
        4946     12.8195     13.1638  0.00383152
        4947     12.8078     13.1638  0.00383143
        4948     12.7936     13.1637  0.00383138
        4949     12.7793     13.1636  0.00383139
        4950     12.7742     13.1635  0.00383143
        4951     12.7839     13.1635  0.00383142
        4952     12.8082     13.1634  0.00383132
        4953     12.8454     13.1633  0.00383108
        4954     12.8916     13.1633   0.0038307
        4955     12.9349     13.1632  0.00383021
        4956     12.9599     13.1632  0.00382965
        4957     12.9595     13.1631   0.0038291
        4958      12.942     13.1631  0.00382859
        4959     12.9258      13.163  0.00382812
        4960     12.9242      13.163  0.00382765
        4961     12.9365      13.163  0.00382715
        4962     12.9529     13.1629  0.00382661
        4963     12.9658     13.1629  0.00382605
        4964     12.9729     13.1628  0.00382547
        4965     12.9752     13.1628  0.00382488
        4966     12.9742     13.1628   0.0038243
        4967     12.9713     13.1627  0.00382372
        4968     12.9672     13.1627  0.00382316
        4969     12.9629     13.1626   0.0038226
        4970     12.9598     13.1626  0.00382205
        4971       12.96     13.1626   0.0038215
        4972      12.966     13.1625  0.00382093
        4973     12.9794     13.1625  0.00382034
        4974     12.9993     13.1624  0.00381971
        4975     13.0215     13.1624  0.00381905
        4976     13.0393     13.1624  0.00381836
        4977     13.0454     13.1624  0.00381767
        4978     13.0355     13.1623  0.00381699
        4979     13.0136     13.1623  0.00381634
        4980     12.9946     13.1623  0.00381572
        4981      12.995     13.1622   0.0038151
        4982     13.0161     13.1622  0.00381445
        4983     13.0419     13.1622  0.00381376
        4984      13.053     13.1622  0.00381306
        4985     13.0358     13.1621  0.00381238
        4986     12.9828     13.1621  0.00381178
        4987     12.9007     13.1621  0.00381138
        4988     12.8285      13.162   0.0038112
        4989     12.8245     13.1619  0.00381104
        4990     12.9017     13.1619  0.00381063
        4991     13.0119     13.1618  0.00380999
        4992     13.1044     13.1618  0.00380924
        4993     13.1555     13.1618  0.00380848
        4994      13.159     13.1618  0.00380771
        4995     13.1154     13.1618  0.00380696
        4996     13.0337     13.1618  0.00380629
        4997     12.9377     13.1617  0.00380579
        4998     12.8655     13.1617  0.00380549
        4999     12.8534     13.1616  0.00380523
        5000     12.9066     13.1616  0.00380481
