#     BLOCK:   ACTUAL_TE:    TE_AVE:      ERROR:
           1     15.9808     15.9808           0
           2      15.978     15.9794 0.000985172
           3     15.9708     15.9765  0.00242337
           4     15.9616     15.9728   0.0037116
           5      15.956     15.9694  0.00421891
           6     15.9562     15.9672   0.0040538
           7     15.9591      15.966  0.00363757
           8     15.9622     15.9656  0.00321505
           9     15.9646     15.9655  0.00285972
          10     15.9664     15.9655  0.00257516
          11     15.9678     15.9657  0.00234896
          12     15.9689      15.966  0.00216812
          13     15.9702     15.9663  0.00202481
          14     15.9716     15.9667  0.00191494
          15     15.9732     15.9671  0.00183506
          16     15.9747     15.9676  0.00178022
          17     15.9764     15.9681  0.00174967
          18     15.9779     15.9687  0.00173402
          19     15.9779     15.9692  0.00170948
          20     15.9752     15.9695   0.0016502
          21     15.9699     15.9695  0.00157175
          22     15.9655     15.9693  0.00151063
          23     15.9641     15.9691  0.00146162
          24     15.9652     15.9689  0.00140964
          25     15.9672     15.9688  0.00135491
          26     15.9692     15.9689  0.00130285
          27     15.9705     15.9689  0.00125606
          28      15.971      15.969  0.00121345
          29     15.9708     15.9691  0.00117322
          30     15.9704     15.9691  0.00113496
          31     15.9701     15.9691  0.00109883
          32     15.9701     15.9692  0.00106495
          33     15.9703     15.9692  0.00103328
          34     15.9703     15.9692  0.00100338
          35     15.9697     15.9692 0.000974794
          36     15.9688     15.9692 0.000947799
          37     15.9676     15.9692 0.000923226
          38     15.9666     15.9691 0.000901342
          39     15.9662      15.969 0.000881299
          40     15.9663      15.969 0.000861877
          41     15.9671     15.9689  0.00084208
          42     15.9683     15.9689 0.000822183
          43     15.9698     15.9689 0.000803307
          44     15.9716      15.969 0.000787323
          45     15.9737     15.9691 0.000776755
          46     15.9756     15.9692 0.000772614
          47     15.9759     15.9694 0.000769064
          48     15.9735     15.9695 0.000757727
          49     15.9689     15.9695 0.000742367
          50     15.9647     15.9694 0.000733514
          51     15.9631     15.9692 0.000729417
          52     15.9636     15.9691 0.000723346
          53     15.9651     15.9691 0.000713753
          54     15.9667      15.969 0.000701873
          55     15.9686      15.969 0.000689154
          56     15.9719     15.9691 0.000678808
          57     15.9782     15.9692 0.000685724
          58     15.9873     15.9695 0.000741637
          59     15.9956       15.97 0.000850954
          60     15.9959     15.9704 0.000940066
          61     15.9841     15.9706 0.000951207
          62     15.9651     15.9705 0.000940045
          63     15.9484     15.9702 0.000988638
          64     15.9421     15.9697  0.00106619
          65     15.9463     15.9694    0.001109
          66     15.9553     15.9692  0.00111254
          67     15.9645     15.9691  0.00109815
          68     15.9722     15.9691  0.00108293
          69     15.9785     15.9693   0.0010756
          70     15.9836     15.9695  0.00107963
          71     15.9877     15.9697  0.00109459
          72     15.9894       15.97  0.00111287
          73     15.9859     15.9702  0.00111874
          74     15.9772     15.9703  0.00110762
          75     15.9682     15.9703  0.00109321
          76     15.9637     15.9702  0.00108222
          77     15.9633     15.9701   0.0010719
          78     15.9642     15.9701  0.00106087
          79      15.965       15.97  0.00104935
          80     15.9659     15.9699  0.00103748
          81      15.967     15.9699  0.00102532
          82     15.9687     15.9699  0.00101292
          83     15.9715     15.9699   0.0010009
          84     15.9753       15.97 0.000991061
          85     15.9789     15.9701 0.000985014
          86     15.9791     15.9702 0.000979103
          87     15.9741     15.9702 0.000968862
          88     15.9684     15.9702  0.00095808
          89     15.9663     15.9702 0.000948295
          90     15.9664     15.9701 0.000938675
          91     15.9658     15.9701 0.000929578
          92     15.9644       15.97 0.000921519
          93     15.9641     15.9699 0.000913826
          94     15.9652     15.9699  0.00090552
          95     15.9668     15.9699 0.000896573
          96     15.9683     15.9698  0.00088739
          97     15.9693     15.9698 0.000878258
          98     15.9699     15.9698 0.000869297
          99     15.9703     15.9698 0.000860526
         100     15.9705     15.9699 0.000851949
         101      15.971     15.9699 0.000843595
         102      15.972     15.9699 0.000835575
         103     15.9738     15.9699 0.000828336
         104     15.9765       15.97 0.000822811
         105     15.9795     15.9701 0.000819986
         106     15.9801     15.9702 0.000817636
         107     15.9747     15.9702 0.000811071
         108     15.9644     15.9702 0.000805368
         109     15.9569       15.97 0.000807079
         110     15.9566     15.9699 0.000808923
         111     15.9608     15.9698 0.000805769
         112     15.9662     15.9698 0.000799234
         113     15.9722     15.9698 0.000792444
         114     15.9802     15.9699 0.000790684
         115     15.9892     15.9701 0.000801371
         116     15.9886     15.9702 0.000810234
         117     15.9676     15.9702  0.00080362
         118     15.9483       15.97 0.000817904
         119     15.9537     15.9699 0.000822465
         120     15.9727     15.9699 0.000815952
         121     15.9913     15.9701  0.00082821
         122     15.9969     15.9703 0.000850161
         123     15.9756     15.9704 0.000844329
         124     15.9455     15.9702    0.000861
         125     15.9419     15.9699 0.000883361
         126     15.9582     15.9698  0.00088128
         127     15.9737     15.9699 0.000874869
         128     15.9789     15.9699 0.000870904
         129     15.9731       15.97 0.000864505
         130     15.9645     15.9699 0.000858881
         131     15.9607     15.9699 0.000855181
         132     15.9612     15.9698 0.000851183
         133      15.963     15.9697 0.000846322
         134     15.9647     15.9697 0.000840842
         135     15.9663     15.9697 0.000834992
         136      15.968     15.9697 0.000828941
         137     15.9697     15.9697 0.000822891
         138     15.9718     15.9697  0.00081707
         139     15.9748     15.9697 0.000812023
         140     15.9789     15.9698 0.000808856
         141     15.9835     15.9699 0.000808947
         142      15.986       15.97 0.000811165
         143      15.982     15.9701 0.000809824
         144      15.972     15.9701  0.00080431
         145     15.9684     15.9701 0.000798849
         146     15.9784     15.9701 0.000795406
         147     15.9809     15.9702 0.000793367
         148      15.953     15.9701 0.000796454
         149      15.933     15.9698 0.000829091
         150     15.9427     15.9697 0.000843018
         151     15.9575     15.9696 0.000841259
         152      15.966     15.9696 0.000836059
         153     15.9694     15.9696 0.000830595
         154     15.9706     15.9696 0.000825231
         155      15.971     15.9696  0.00081996
         156     15.9715     15.9696 0.000814795
         157     15.9728     15.9696 0.000809863
         158     15.9752     15.9696 0.000805506
         159      15.978     15.9697 0.000802153
         160     15.9794     15.9698 0.000799452
         161     15.9768     15.9698 0.000795697
         162     15.9705     15.9698 0.000790797
         163     15.9645     15.9698 0.000786611
         164     15.9627     15.9697    0.000783
         165     15.9645     15.9697 0.000778885
         166     15.9678     15.9697 0.000774276
         167     15.9705     15.9697 0.000769656
         168     15.9714     15.9697 0.000765145
         169     15.9696     15.9697 0.000760618
         170     15.9657     15.9697  0.00075651
         171     15.9623     15.9696 0.000753297
         172     15.9613     15.9696 0.000750467
         173     15.9623     15.9695 0.000747301
         174     15.9643     15.9695 0.000743623
         175     15.9666     15.9695 0.000739561
         176     15.9694     15.9695 0.000735359
         177     15.9731     15.9695 0.000731482
         178     15.9775     15.9696 0.000728751
         179     15.9808     15.9696 0.000727398
         180     15.9795     15.9697 0.000725416
         181     15.9726     15.9697 0.000721584
         182     15.9661     15.9697  0.00071789
         183     15.9653     15.9696 0.000714373
         184     15.9683     15.9696  0.00071053
         185     15.9712     15.9696 0.000706742
         186     15.9726     15.9697 0.000703126
         187     15.9727     15.9697  0.00069955
         188     15.9726     15.9697 0.000695999
         189     15.9734     15.9697 0.000692599
         190     15.9754     15.9697 0.000689607
         191     15.9776     15.9698 0.000687224
         192      15.978     15.9698 0.000684959
         193     15.9751     15.9699 0.000681959
         194     15.9706     15.9699 0.000678453
         195     15.9667     15.9698 0.000675167
         196     15.9644     15.9698 0.000672296
         197     15.9633     15.9698 0.000669697
         198      15.963     15.9697 0.000667181
         199     15.9636     15.9697 0.000664536
         200     15.9649     15.9697 0.000661658
         201     15.9668     15.9697  0.00065852
         202     15.9695     15.9697 0.000655261
         203     15.9733     15.9697 0.000652279
         204     15.9787     15.9697 0.000650564
         205     15.9842     15.9698 0.000651177
         206     15.9839     15.9699 0.000651622
         207     15.9732     15.9699 0.000648675
         208     15.9601     15.9698 0.000647263
         209     15.9562     15.9698 0.000647453
         210     15.9599     15.9697 0.000646077
         211     15.9644     15.9697   0.0006435
         212     15.9672     15.9697 0.000640578
         213      15.968     15.9697 0.000637619
         214      15.968     15.9697  0.00063469
         215     15.9677     15.9697 0.000631807
         216     15.9674     15.9697 0.000628974
         217     15.9674     15.9697 0.000626159
         218     15.9678     15.9696 0.000623342
         219     15.9684     15.9696  0.00062052
         220     15.9694     15.9696   0.0006177
         221     15.9702     15.9696 0.000614911
         222     15.9714     15.9696 0.000612192
         223     15.9732     15.9697 0.000609652
         224     15.9758     15.9697 0.000607539
         225     15.9785     15.9697 0.000606093
         226     15.9795     15.9698 0.000604959
         227     15.9769     15.9698 0.000603117
         228     15.9708     15.9698 0.000600487
         229     15.9643     15.9698  0.00059834
         230     15.9616     15.9698 0.000596802
         231     15.9618     15.9697 0.000595223
         232     15.9614     15.9697 0.000593725
         233     15.9594     15.9696 0.000592802
         234     15.9584     15.9696 0.000592197
         235     15.9604     15.9695 0.000590973
         236      15.964     15.9695 0.000588934
         237     15.9678     15.9695 0.000586496
         238     15.9707     15.9695 0.000584051
         239     15.9722     15.9695 0.000581718
         240      15.973     15.9695 0.000579471
         241     15.9742     15.9696 0.000577388
         242     15.9781     15.9696 0.000576065
         243     15.9864     15.9697 0.000577842
         244     15.9975     15.9698 0.000586632
         245     15.9979     15.9699 0.000595365
         246       15.97     15.9699 0.000592945
         247     15.9423     15.9698 0.000600984
         248     15.9498     15.9697 0.000603954
         249     15.9705     15.9697 0.000601537
         250     15.9796     15.9698 0.000600438
         251     15.9736     15.9698 0.000598243
         252     15.9647     15.9697 0.000596209
         253     15.9635     15.9697 0.000594357
         254     15.9675     15.9697 0.000592084
         255     15.9699     15.9697 0.000589763
         256     15.9686     15.9697 0.000587475
         257     15.9659     15.9697 0.000585375
         258     15.9648     15.9697 0.000583417
         259     15.9658     15.9697 0.000581354
         260     15.9677     15.9697 0.000579168
         261     15.9691     15.9697 0.000576953
         262     15.9694     15.9697 0.000574751
         263     15.9687     15.9696 0.000572578
         264     15.9678     15.9696 0.000570453
         265     15.9677     15.9696  0.00056835
         266     15.9686     15.9696 0.000566226
         267     15.9708     15.9696 0.000564121
         268     15.9746     15.9697 0.000562316
         269     15.9803     15.9697  0.00056161
         270     15.9857     15.9698 0.000562664
         271     15.9846     15.9698 0.000563264
         272     15.9738     15.9698 0.000561382
         273     15.9617     15.9698 0.000560122
         274     15.9571     15.9697 0.000559978
         275     15.9591     15.9697 0.000559276
         276     15.9632     15.9697 0.000557753
         277      15.967     15.9697 0.000555825
         278     15.9696     15.9697 0.000553825
         279     15.9712     15.9697 0.000551866
         280     15.9725     15.9697 0.000549987
         281     15.9737     15.9697 0.000548216
         282     15.9744     15.9697 0.000546527
         283     15.9738     15.9697  0.00054479
         284     15.9722     15.9697 0.000542938
         285     15.9704     15.9697 0.000541039
         286     15.9698     15.9697 0.000539147
         287     15.9703     15.9697 0.000537272
         288     15.9707     15.9697 0.000535417
         289     15.9705     15.9698 0.000533571
         290     15.9708     15.9698 0.000531744
         291     15.9725     15.9698 0.000530003
         292     15.9752     15.9698 0.000528509
         293     15.9762     15.9698 0.000527157
         294     15.9733     15.9698 0.000525497
         295      15.967     15.9698 0.000523801
         296      15.961     15.9698 0.000522874
         297     15.9586     15.9697 0.000522472
         298     15.9594     15.9697 0.000521864
         299     15.9619     15.9697 0.000520773
         300     15.9643     15.9697 0.000519342
         301     15.9663     15.9697 0.000517734
         302     15.9679     15.9696 0.000516053
         303      15.969     15.9696 0.000514353
         304     15.9701     15.9696 0.000512664
         305     15.9713     15.9696 0.000511011
         306     15.9721     15.9697 0.000509402
         307     15.9724     15.9697 0.000507821
         308     15.9721     15.9697 0.000506234
         309     15.9715     15.9697 0.000504632
         310     15.9708     15.9697 0.000503018
         311       15.97     15.9697 0.000501401
         312     15.9693     15.9697 0.000499796
         313     15.9694     15.9697   0.0004982
         314     15.9715     15.9697 0.000496648
         315     15.9758     15.9697 0.000495452
         316       15.98     15.9697 0.000494946
         317     15.9793     15.9698 0.000494295
         318     15.9706     15.9698 0.000492747
         319      15.959     15.9697 0.000492364
         320     15.9529     15.9697 0.000493633
         321     15.9543     15.9696 0.000494419
         322     15.9592     15.9696 0.000493948
         323     15.9641     15.9696 0.000492715
         324      15.968     15.9696 0.000491219
         325     15.9707     15.9696 0.000489721
         326     15.9725     15.9696 0.000488302
         327     15.9731     15.9696 0.000486926
         328     15.9726     15.9696 0.000485528
         329     15.9715     15.9696 0.000484086
         330     15.9696     15.9696 0.000482619
         331     15.9668     15.9696 0.000481235
         332     15.9639     15.9696 0.000480097
         333     15.9614     15.9696 0.000479282
         334     15.9603     15.9695 0.000478654
         335     15.9607     15.9695 0.000477954
         336     15.9619     15.9695 0.000477065
         337     15.9633     15.9695 0.000476004
         338     15.9644     15.9695 0.000474834
         339      15.965     15.9694 0.000473615
         340     15.9654     15.9694 0.000472371
         341     15.9654     15.9694 0.000471132
         342     15.9653     15.9694 0.000469911
         343     15.9651     15.9694 0.000468708
         344     15.9651     15.9694 0.000467513
         345     15.9652     15.9694 0.000466314
         346     15.9657     15.9694 0.000465084
         347     15.9671     15.9694 0.000463788
         348     15.9705     15.9694 0.000462467
         349     15.9768     15.9694  0.00046164
         350      15.985     15.9694 0.000462467
         351     15.9877     15.9695 0.000464083
         352     15.9784     15.9695 0.000463458
         353     15.9693     15.9695 0.000462146
         354     15.9718     15.9695 0.000460886
         355     15.9717     15.9695 0.000459631
         356     15.9575     15.9695 0.000459578
         357      15.943     15.9694 0.000464226
         358      15.946     15.9693 0.000467528
         359     15.9616     15.9693 0.000466724
         360     15.9766     15.9693  0.00046586
         361     15.9837     15.9694 0.000466268
         362     15.9812     15.9694 0.000466119
         363     15.9707     15.9694 0.000464848
         364     15.9565     15.9694 0.000464914
         365     15.9467     15.9693 0.000467776
         366     15.9474     15.9693 0.000470333
         367     15.9558     15.9692 0.000470476
         368     15.9666     15.9692 0.000469253
         369     15.9756     15.9692 0.000468304
         370     15.9785     15.9693 0.000467713
         371     15.9717     15.9693 0.000466498
         372     15.9612     15.9692 0.000465753
         373     15.9577     15.9692 0.000465539
         374      15.962     15.9692 0.000464688
         375     15.9686     15.9692 0.000463452
         376     15.9738     15.9692 0.000462379
         377     15.9765     15.9692  0.00046156
         378     15.9766     15.9692 0.000460747
         379      15.974     15.9693 0.000459701
         380     15.9697     15.9693 0.000458493
         381     15.9654     15.9692 0.000457402
         382     15.9623     15.9692 0.000456563
         383     15.9609     15.9692 0.000455889
         384     15.9608     15.9692 0.000455224
         385     15.9626     15.9692 0.000454359
         386     15.9663     15.9692 0.000453244
         387     15.9717     15.9692  0.00045212
         388     15.9781     15.9692 0.000451539
         389     15.9829     15.9692 0.000451753
         390     15.9815     15.9693 0.000451687
         391     15.9718     15.9693  0.00045058
         392       15.96     15.9692 0.000450056
         393     15.9544     15.9692 0.000450487
         394      15.958     15.9692 0.000450235
         395     15.9675     15.9692 0.000449115
         396     15.9795     15.9692 0.000448731
         397     15.9906     15.9693 0.000450839
         398     15.9903     15.9693  0.00045281
         399     15.9687     15.9693 0.000451678
         400     15.9476     15.9692 0.000453807
         401     15.9486     15.9692 0.000455577
         402     15.9598     15.9692 0.000455046
         403     15.9681     15.9692 0.000453925
         404     15.9716     15.9692 0.000452841
         405     15.9723     15.9692 0.000451788
         406     15.9715     15.9692 0.000450712
         407     15.9694     15.9692 0.000449605
         408     15.9671     15.9692 0.000448533
         409     15.9663     15.9692 0.000447492
         410     15.9673     15.9692 0.000446424
         411      15.969     15.9692 0.000445338
         412     15.9702     15.9692 0.000444264
         413     15.9703     15.9692 0.000443197
         414     15.9699     15.9692  0.00044213
         415     15.9691     15.9692 0.000441065
         416     15.9683     15.9692  0.00044001
         417     15.9676     15.9692  0.00043897
         418     15.9671     15.9692 0.000437949
         419      15.967     15.9692 0.000436935
         420     15.9675     15.9692 0.000435912
         421     15.9687     15.9692 0.000434878
         422     15.9697     15.9692  0.00043385
         423     15.9699     15.9692 0.000432828
         424     15.9701     15.9692 0.000431813
         425     15.9713     15.9692 0.000430827
         426     15.9736     15.9692  0.00042994
         427     15.9747     15.9692 0.000429129
         428     15.9728     15.9692 0.000428209
         429     15.9689     15.9692 0.000427212
         430     15.9659     15.9692 0.000426286
         431     15.9661     15.9692 0.000425358
         432     15.9686     15.9692 0.000424376
         433     15.9718     15.9692 0.000423439
         434     15.9744     15.9692 0.000422635
         435     15.9763     15.9692 0.000421974
         436     15.9759     15.9692 0.000421281
         437     15.9706     15.9692 0.000420329
         438     15.9628     15.9692 0.000419627
         439     15.9595     15.9692 0.000419258
         440     15.9625     15.9692  0.00041858
         441     15.9676     15.9692 0.000417646
         442     15.9713     15.9692 0.000416729
         443     15.9721     15.9692 0.000415841
         444     15.9702     15.9692 0.000414911
         445     15.9675     15.9692 0.000413997
         446     15.9655     15.9692 0.000413154
         447     15.9648     15.9692 0.000412344
         448     15.9654     15.9692 0.000411511
         449     15.9664     15.9692  0.00041064
         450     15.9675     15.9692 0.000409744
         451     15.9688     15.9692 0.000408837
         452     15.9702     15.9692 0.000407939
         453     15.9717     15.9692 0.000407076
         454     15.9732     15.9692 0.000406277
         455     15.9745     15.9692  0.00040555
         456     15.9746     15.9692 0.000404837
         457     15.9734     15.9692 0.000404056
         458     15.9715     15.9692 0.000403205
         459     15.9705     15.9692 0.000402337
         460     15.9714     15.9692 0.000401489
         461     15.9733     15.9692 0.000400715
         462     15.9735     15.9692 0.000399955
         463     15.9702     15.9692 0.000399096
         464     15.9642     15.9692 0.000398384
         465     15.9594     15.9692 0.000398087
         466     15.9581     15.9692 0.000397945
         467     15.9597     15.9692 0.000397615
         468     15.9626     15.9691 0.000397012
         469     15.9658     15.9691 0.000396228
         470      15.969     15.9691 0.000395385
         471     15.9717     15.9691 0.000394582
         472     15.9736     15.9692 0.000393861
         473     15.9747     15.9692 0.000393204
         474     15.9745     15.9692 0.000392536
         475     15.9721     15.9692  0.00039176
         476     15.9681     15.9692 0.000390943
         477      15.964     15.9692 0.000390274
         478     15.9614     15.9692   0.0003898
         479       15.96     15.9691 0.000389453
         480       15.96     15.9691 0.000389109
         481      15.962     15.9691  0.00038858
         482     15.9668     15.9691 0.000387804
         483      15.974     15.9691 0.000387134
         484      15.982     15.9691 0.000387252
         485     15.9868     15.9692 0.000388165
         486     15.9831     15.9692 0.000388419
         487     15.9698     15.9692 0.000387623
         488     15.9541     15.9692 0.000388062
         489      15.946     15.9691  0.00039014
         490     15.9486     15.9691 0.000391577
         491     15.9574     15.9691 0.000391497
         492     15.9672     15.9691  0.00039072
         493     15.9753     15.9691 0.000390132
         494     15.9829     15.9691  0.00039035
         495     15.9931     15.9691 0.000392573
         496     16.0045     15.9692 0.000398197
         497     16.0012     15.9693 0.000402563
         498     15.9746     15.9693 0.000401895
         499     15.9531     15.9693 0.000402393
         500     15.9527     15.9692 0.000402948
         501     15.9621     15.9692 0.000402395
         502     15.9724     15.9692 0.000401645
         503     15.9778     15.9692 0.000401209
         504     15.9711     15.9692  0.00040043
         505     15.9567     15.9692 0.000400402
         506     15.9491     15.9692 0.000401573
         507     15.9522     15.9691 0.000402171
         508     15.9597     15.9691 0.000401806
         509     15.9671     15.9691 0.000401035
         510     15.9737     15.9691 0.000400349
         511       15.98     15.9691 0.000400132
         512     15.9848     15.9692 0.000400524
         513     15.9832     15.9692 0.000400677
         514     15.9725     15.9692 0.000399947
         515     15.9618     15.9692 0.000399432
         516     15.9598     15.9692 0.000399074
         517     15.9635     15.9692 0.000398455
         518     15.9671     15.9692 0.000397706
         519     15.9689     15.9692  0.00039694
         520     15.9692     15.9692 0.000396177
         521     15.9689     15.9692 0.000395417
         522      15.969     15.9692 0.000394659
         523     15.9695     15.9692 0.000393905
         524     15.9703     15.9692  0.00039316
         525      15.971     15.9692 0.000392427
         526      15.971     15.9692 0.000391696
         527     15.9703     15.9692 0.000390958
         528     15.9689     15.9692 0.000390218
         529     15.9673     15.9692 0.000389497
         530     15.9656     15.9692  0.00038882
         531     15.9642     15.9692   0.0003882
         532     15.9633     15.9691 0.000387625
         533     15.9634     15.9691 0.000387048
         534      15.965     15.9691 0.000386399
         535     15.9684     15.9691 0.000385679
         536      15.974     15.9691 0.000385065
         537     15.9801     15.9691 0.000384893
         538     15.9812     15.9692 0.000384834
         539     15.9719     15.9692 0.000384152
         540     15.9588     15.9692 0.000383925
         541     15.9544     15.9691 0.000384188
         542       15.96     15.9691 0.000383852
         543     15.9704     15.9691 0.000383152
         544      15.981     15.9691 0.000383074
         545     15.9848     15.9692 0.000383452
         546     15.9758     15.9692 0.000382945
         547     15.9627     15.9692 0.000382426
         548     15.9592     15.9691 0.000382161
         549      15.963     15.9691 0.000381627
         550     15.9662     15.9691 0.000380971
         551      15.966     15.9691 0.000380321
         552     15.9643     15.9691 0.000379732
         553     15.9627     15.9691 0.000379222
         554     15.9618     15.9691 0.000378766
         555      15.962     15.9691 0.000378302
         556     15.9638     15.9691 0.000377739
         557     15.9668     15.9691 0.000377084
         558     15.9693     15.9691 0.000376408
         559     15.9708     15.9691 0.000375747
         560     15.9713     15.9691 0.000375097
         561     15.9712     15.9691 0.000374448
         562     15.9707     15.9691 0.000373792
         563     15.9703     15.9691 0.000373135
         564     15.9706     15.9691 0.000372483
         565     15.9709     15.9691 0.000371838
         566       15.97     15.9691 0.000371184
         567     15.9681     15.9691 0.000370534
         568     15.9668     15.9691 0.000369904
         569     15.9662     15.9691 0.000369289
         570     15.9654     15.9691 0.000368698
         571     15.9642     15.9691 0.000368151
         572     15.9637     15.9691 0.000367626
         573     15.9649      15.969 0.000367055
         574     15.9674      15.969 0.000366427
         575     15.9706      15.969   0.0003658
         576     15.9736     15.9691  0.00036525
         577     15.9755     15.9691 0.000364786
         578     15.9751     15.9691 0.000364305
         579     15.9722     15.9691 0.000363715
         580     15.9678     15.9691 0.000363095
         581     15.9636     15.9691 0.000362593
         582     15.9612     15.9691 0.000362219
         583     15.9609      15.969 0.000361869
         584     15.9621      15.969 0.000361446
         585     15.9641      15.969 0.000360925
         586     15.9667      15.969 0.000360331
         587     15.9697      15.969 0.000359718
         588     15.9732      15.969 0.000359176
         589     15.9774      15.969 0.000358849
         590     15.9817     15.9691 0.000358877
         591     15.9831     15.9691 0.000359049
         592     15.9775     15.9691 0.000358727
         593     15.9666     15.9691 0.000358146
         594     15.9577     15.9691 0.000358058
         595     15.9554     15.9691 0.000358193
         596     15.9579      15.969 0.000358083
         597     15.9624      15.969 0.000357656
         598     15.9681      15.969 0.000357061
         599     15.9746      15.969 0.000356585
         600     15.9804     15.9691 0.000356492
         601     15.9824     15.9691 0.000356595
         602     15.9783     15.9691 0.000356331
         603     15.9697     15.9691 0.000355742
         604     15.9612     15.9691 0.000355393
         605     15.9576     15.9691 0.000355315
         606     15.9617      15.969 0.000354938
         607     15.9734     15.9691 0.000354427
         608     15.9885     15.9691 0.000355284
         609      15.994     15.9691 0.000357041
         610     15.9766     15.9691 0.000356666
         611     15.9543     15.9691 0.000356906
         612     15.9516     15.9691 0.000357473
         613     15.9603     15.9691 0.000357178
         614      15.968     15.9691   0.0003566
         615     15.9722     15.9691 0.000356056
         616     15.9739     15.9691 0.000355564
         617     15.9742     15.9691 0.000355084
         618      15.973     15.9691 0.000354566
         619     15.9705     15.9691    0.000354
         620     15.9685     15.9691 0.000353431
         621     15.9691     15.9691 0.000352862
         622     15.9735     15.9691 0.000352364
         623     15.9802     15.9691  0.00035225
         624     15.9843     15.9691 0.000352527
         625     15.9788     15.9692   0.0003523
         626     15.9668     15.9692 0.000351758
         627      15.961     15.9691 0.000351439
         628     15.9632     15.9691 0.000351009
         629     15.9664     15.9691 0.000350478
         630     15.9674     15.9691 0.000349932
         631     15.9675     15.9691 0.000349387
         632     15.9683     15.9691 0.000348836
         633     15.9694     15.9691 0.000348285
         634     15.9695     15.9691 0.000347736
         635     15.9676     15.9691 0.000347197
         636     15.9649     15.9691 0.000346716
         637     15.9631     15.9691 0.000346302
         638     15.9628     15.9691 0.000345899
         639     15.9636     15.9691 0.000345466
         640     15.9646     15.9691 0.000344999
         641     15.9654     15.9691 0.000344508
         642     15.9661     15.9691 0.000344003
         643     15.9666     15.9691 0.000343489
         644     15.9672     15.9691 0.000342968
         645     15.9682     15.9691 0.000342439
         646       15.97     15.9691 0.000341912
         647     15.9729     15.9691 0.000341434
         648     15.9765     15.9691 0.000341102
         649     15.9791     15.9691 0.000340922
         650     15.9771     15.9691 0.000340619
         651     15.9693     15.9691 0.000340096
         652     15.9604     15.9691 0.000339835
         653     15.9562     15.9691 0.000339884
         654     15.9575     15.9691 0.000339827
         655     15.9617      15.969 0.000339494
         656      15.967      15.969 0.000338992
         657     15.9726     15.9691 0.000338519
         658     15.9778     15.9691 0.000338263
         659     15.9794     15.9691 0.000338112
         660     15.9743     15.9691 0.000337691
         661     15.9639     15.9691 0.000337273
         662      15.956     15.9691 0.000337342
         663      15.956      15.969 0.000337408
         664     15.9622      15.969 0.000337057
         665     15.9717      15.969 0.000336574
         666     15.9839     15.9691 0.000336805
         667     15.9967     15.9691 0.000338835
         668     16.0002     15.9691 0.000341513
         669     15.9815     15.9692   0.0003415
         670      15.957     15.9691  0.00034147
         671     15.9522     15.9691 0.000341892
         672     15.9585     15.9691 0.000341751
         673     15.9613     15.9691  0.00034144
         674     15.9603     15.9691 0.000341183
         675     15.9602     15.9691  0.00034093
         676     15.9622     15.9691 0.000340576
         677     15.9655     15.9691 0.000340113
         678     15.9698     15.9691 0.000339613
         679     15.9748     15.9691 0.000339219
         680       15.98     15.9691 0.000339104
         681      15.983     15.9691 0.000339221
         682     15.9811     15.9691 0.000339177
         683     15.9756     15.9691 0.000338813
         684     15.9712     15.9691 0.000338332
         685     15.9703     15.9691 0.000337843
         686     15.9718     15.9691 0.000337373
         687     15.9742     15.9691 0.000336962
         688     15.9757     15.9691 0.000336609
         689     15.9754     15.9692 0.000336243
         690     15.9731     15.9692 0.000335804
         691     15.9695     15.9692 0.000335318
         692     15.9661     15.9692 0.000334862
         693     15.9638     15.9692 0.000334468
         694     15.9631     15.9691 0.000334099
         695     15.9637     15.9691 0.000333709
         696     15.9652     15.9691 0.000333276
         697      15.967     15.9691 0.000332812
         698     15.9688     15.9691 0.000332336
         699     15.9704     15.9691 0.000331865
         700     15.9714     15.9691 0.000331407
         701     15.9721     15.9691 0.000330961
         702     15.9726     15.9691 0.000330526
         703     15.9728     15.9691 0.000330098
         704     15.9733     15.9692 0.000329682
         705     15.9741     15.9692 0.000329289
         706     15.9752     15.9692 0.000328933
         707     15.9763     15.9692  0.00032862
         708     15.9769     15.9692 0.000328337
         709     15.9766     15.9692 0.000328039
         710      15.975     15.9692 0.000327679
         711     15.9722     15.9692 0.000327245
         712     15.9686     15.9692 0.000326786
         713     15.9654     15.9692 0.000326372
         714     15.9633     15.9692 0.000326019
         715     15.9629     15.9692 0.000325682
         716     15.9637     15.9692 0.000325317
         717      15.965     15.9692 0.000324916
         718      15.966     15.9692 0.000324492
         719     15.9665     15.9692 0.000324062
         720     15.9665     15.9692 0.000323633
         721     15.9665     15.9692 0.000323205
         722     15.9665     15.9692 0.000322779
         723     15.9669     15.9692 0.000322348
         724     15.9677     15.9692 0.000321909
         725     15.9689     15.9691 0.000321465
         726     15.9706     15.9692 0.000321029
         727     15.9734     15.9692  0.00032064
         728     15.9782     15.9692 0.000320442
         729     15.9854     15.9692 0.000320776
         730     15.9886     15.9692 0.000321439
         731     15.9763     15.9692 0.000321147
         732     15.9554     15.9692 0.000321268
         733      15.948     15.9692 0.000322127
         734     15.9543     15.9692 0.000322329
         735     15.9626     15.9692 0.000322014
         736     15.9694     15.9692 0.000321576
         737     15.9754     15.9692 0.000321252
         738     15.9814     15.9692 0.000321245
         739      15.985     15.9692 0.000321523
         740     15.9809     15.9692 0.000321476
         741     15.9689     15.9692 0.000321043
         742     15.9593     15.9692 0.000320888
         743     15.9583     15.9692 0.000320793
         744     15.9621     15.9692 0.000320505
         745     15.9657     15.9692  0.00032011
         746     15.9671     15.9692 0.000319692
         747     15.9669     15.9692 0.000319278
         748     15.9665     15.9692 0.000318871
         749     15.9667     15.9692 0.000318462
         750     15.9678     15.9692 0.000318043
         751     15.9695     15.9692  0.00031762
         752     15.9706     15.9692 0.000317203
         753     15.9699     15.9692 0.000316783
         754     15.9684     15.9692 0.000316365
         755     15.9674     15.9692 0.000315954
         756     15.9669     15.9692  0.00031555
         757     15.9659     15.9691 0.000315162
         758     15.9654     15.9691 0.000314784
         759     15.9669     15.9691 0.000314383
         760     15.9704     15.9691 0.000313974
         761     15.9747     15.9692 0.000313647
         762     15.9777     15.9692 0.000313435
         763     15.9776     15.9692 0.000313219
         764     15.9747     15.9692 0.000312891
         765     15.9717     15.9692 0.000312499
         766     15.9711     15.9692 0.000312101
         767     15.9729     15.9692 0.000311732
         768     15.9737     15.9692 0.000311382
         769     15.9707     15.9692 0.000310983
         770     15.9643     15.9692 0.000310644
         771     15.9592     15.9692 0.000310509
         772     15.9584     15.9692 0.000310419
         773     15.9607     15.9692  0.00031021
         774     15.9636     15.9691 0.000309893
         775     15.9659     15.9691 0.000309522
         776     15.9675     15.9691  0.00030913
         777     15.9686     15.9691 0.000308733
         778     15.9694     15.9691 0.000308336
         779       15.97     15.9691 0.000307942
         780     15.9706     15.9691 0.000307553
         781      15.971     15.9691 0.000307168
         782     15.9713     15.9691 0.000306788
         783     15.9713     15.9692 0.000306409
         784     15.9706     15.9692 0.000306024
         785     15.9692     15.9692 0.000305634
         786     15.9681     15.9692 0.000305248
         787     15.9686     15.9692 0.000304861
         788     15.9716     15.9692 0.000304489
         789     15.9769     15.9692 0.000304262
         790     15.9851     15.9692 0.000304542
         791     15.9951     15.9692  0.00030591
         792      15.995     15.9692 0.000307249
         793     15.9696     15.9693 0.000306862
         794     15.9457     15.9692 0.000307904
         795     15.9476     15.9692 0.000308721
         796     15.9563     15.9692 0.000308756
         797     15.9599     15.9692 0.000308588
         798     15.9604     15.9692 0.000308397
         799     15.9612     15.9691 0.000308172
         800     15.9633     15.9691 0.000307874
         801     15.9667     15.9691 0.000307505
         802     15.9707     15.9691 0.000307127
         803     15.9742     15.9691 0.000306809
         804     15.9755     15.9692 0.000306531
         805     15.9734     15.9692 0.000306194
         806     15.9694     15.9692 0.000305815
         807     15.9666     15.9692 0.000305452
         808     15.9662     15.9691 0.000305096
         809     15.9671     15.9691 0.000304729
         810     15.9677     15.9691 0.000304358
         811      15.968     15.9691 0.000303986
         812     15.9686     15.9691 0.000303612
         813     15.9699     15.9691  0.00030324
         814     15.9713     15.9691 0.000302879
         815     15.9716     15.9691 0.000302523
         816     15.9702     15.9692 0.000302155
         817     15.9676     15.9691 0.000301791
         818     15.9654     15.9691 0.000301456
         819     15.9645     15.9691 0.000301141
         820     15.9647     15.9691 0.000300822
         821     15.9652     15.9691 0.000300495
         822     15.9656     15.9691 0.000300159
         823     15.9659     15.9691 0.000299821
         824     15.9662     15.9691 0.000299478
         825     15.9667     15.9691 0.000299128
         826     15.9676     15.9691 0.000298772
         827     15.9683     15.9691 0.000298413
         828     15.9686     15.9691 0.000298053
         829      15.968     15.9691 0.000297696
         830     15.9666     15.9691 0.000297353
         831     15.9642     15.9691 0.000297053
         832     15.9619     15.9691 0.000296821
         833     15.9605     15.9691 0.000296643
         834       15.96     15.9691 0.000296486
         835     15.9602     15.9691 0.000296322
         836      15.961      15.969 0.000296127
         837     15.9627      15.969 0.000295871
         838     15.9658      15.969 0.000295542
         839     15.9705      15.969 0.000295196
         840     15.9767      15.969 0.000294985
         841     15.9833     15.9691 0.000295118
         842     15.9874     15.9691 0.000295574
         843     15.9856     15.9691 0.000295869
         844      15.976     15.9691  0.00029563
         845     15.9624     15.9691 0.000295386
         846     15.9522     15.9691  0.00029571
         847      15.949     15.9691 0.000296311
         848     15.9512      15.969 0.000296705
         849     15.9562      15.969 0.000296739
         850     15.9627      15.969 0.000296484
         851     15.9705      15.969 0.000296141
         852     15.9786      15.969 0.000296006
         853     15.9823      15.969 0.000296068
         854     15.9769     15.9691 0.000295864
         855     15.9663     15.9691 0.000295535
         856     15.9601      15.969 0.000295377
         857      15.961      15.969 0.000295182
         858     15.9661      15.969 0.000294858
         859     15.9694      15.969 0.000294515
         860     15.9673      15.969 0.000294179
         861     15.9633      15.969 0.000293913
         862     15.9623      15.969 0.000293676
         863      15.965      15.969 0.000293373
         864     15.9692      15.969 0.000293034
         865      15.972      15.969 0.000292715
         866      15.972      15.969 0.000292398
         867     15.9699      15.969 0.000292062
         868     15.9678      15.969 0.000291729
         869      15.968      15.969 0.000291395
         870     15.9706      15.969 0.000291066
         871     15.9744      15.969 0.000290798
         872     15.9776      15.969 0.000290631
         873     15.9793      15.969 0.000290534
         874     15.9789     15.9691  0.00029042
         875     15.9771     15.9691 0.000290235
         876     15.9738     15.9691 0.000289954
         877     15.9671     15.9691 0.000289632
         878     15.9587     15.9691 0.000289541
         879     15.9553      15.969 0.000289631
         880     15.9607      15.969 0.000289458
         881     15.9714      15.969 0.000289142
         882       15.98      15.969 0.000289081
         883     15.9788     15.9691 0.000288966
         884     15.9689     15.9691 0.000288639
         885      15.962     15.9691 0.000288423
         886     15.9627      15.969 0.000288186
         887     15.9664      15.969 0.000287876
         888     15.9693      15.969 0.000287552
         889     15.9708      15.969 0.000287235
         890     15.9716      15.969 0.000286927
         891     15.9724      15.969 0.000286629
         892     15.9728     15.9691 0.000286339
         893     15.9724     15.9691 0.000286043
         894     15.9705     15.9691 0.000285727
         895     15.9678     15.9691 0.000285411
         896     15.9653     15.9691 0.000285124
         897      15.964      15.969 0.000284861
         898     15.9644      15.969 0.000284591
         899     15.9659      15.969 0.000284297
         900     15.9677      15.969 0.000283985
         901     15.9698      15.969 0.000283671
         902     15.9718      15.969 0.000283372
         903     15.9737      15.969 0.000283106
         904     15.9756     15.9691 0.000282885
         905      15.977     15.9691 0.000282709
         906     15.9776     15.9691 0.000282553
         907     15.9769     15.9691 0.000282373
         908     15.9755     15.9691  0.00028215
         909     15.9748     15.9691 0.000281909
         910     15.9751     15.9691 0.000281678
         911     15.9759     15.9691 0.000281467
         912     15.9754     15.9691 0.000281243
         913     15.9729     15.9691 0.000280966
         914     15.9695     15.9691 0.000280659
         915     15.9672     15.9691  0.00028036
         916     15.9665     15.9691 0.000280068
         917     15.9656     15.9691  0.00027979
         918     15.9636     15.9691  0.00027955
         919     15.9615     15.9691 0.000279369
         920     15.9607     15.9691 0.000279213
         921     15.9619     15.9691  0.00027902
         922     15.9641     15.9691  0.00027877
         923      15.967     15.9691 0.000278477
         924     15.9702     15.9691 0.000278178
         925     15.9737     15.9691 0.000277922
         926     15.9774     15.9691 0.000277768
         927     15.9811     15.9691 0.000277772
         928     15.9835     15.9691 0.000277907
         929     15.9814     15.9691 0.000277922
         930     15.9725     15.9691 0.000277647
         931     15.9601     15.9691 0.000277519
         932     15.9519     15.9691 0.000277839
         933     15.9518     15.9691 0.000278159
         934     15.9575     15.9691 0.000278136
         935      15.965     15.9691 0.000277873
         936     15.9719     15.9691 0.000277592
         937     15.9777     15.9691 0.000277449
         938     15.9821     15.9691 0.000277498
         939     15.9831     15.9691 0.000277605
         940     15.9803     15.9691 0.000277565
         941     15.9749     15.9691 0.000277339
         942      15.969     15.9691 0.000277045
         943      15.964     15.9691 0.000276804
         944     15.9619     15.9691 0.000276615
         945     15.9639     15.9691 0.000276377
         946     15.9681     15.9691 0.000276087
         947     15.9717     15.9691  0.00027581
         948      15.973     15.9691  0.00027555
         949     15.9712     15.9691 0.000275268
         950     15.9677     15.9691 0.000274983
         951     15.9649     15.9691 0.000274729
         952     15.9653     15.9691 0.000274469
         953     15.9686     15.9691 0.000274181
         954     15.9732     15.9691 0.000273928
         955     15.9775     15.9691 0.000273783
         956     15.9803     15.9691 0.000273746
         957     15.9794     15.9691 0.000273669
         958     15.9738     15.9691 0.000273427
         959     15.9659     15.9691 0.000273162
         960     15.9613     15.9691 0.000273001
         961     15.9622     15.9691 0.000272813
         962     15.9659     15.9691  0.00027255
         963       15.97     15.9691 0.000272268
         964     15.9733     15.9691  0.00027202
         965     15.9754     15.9691 0.000271815
         966     15.9765     15.9691  0.00027164
         967     15.9768     15.9692 0.000271473
         968     15.9761     15.9692 0.000271287
         969     15.9745     15.9692 0.000271062
         970     15.9725     15.9692 0.000270804
         971     15.9708     15.9692  0.00027053
         972     15.9699     15.9692 0.000270253
         973     15.9704     15.9692 0.000269978
         974     15.9724     15.9692 0.000269721
         975     15.9747     15.9692 0.000269504
         976      15.975     15.9692 0.000269294
         977     15.9715     15.9692 0.000269029
         978     15.9665     15.9692 0.000268768
         979     15.9646     15.9692 0.000268535
         980     15.9668     15.9692 0.000268272
         981     15.9704     15.9692 0.000268002
         982     15.9727     15.9692 0.000267753
         983      15.973     15.9692  0.00026751
         984     15.9721     15.9692 0.000267254
         985     15.9709     15.9692 0.000266988
         986     15.9702     15.9692 0.000266719
         987     15.9706     15.9692 0.000266453
         988     15.9729     15.9692 0.000266209
         989     15.9784     15.9692 0.000266103
         990     15.9865     15.9692 0.000266405
         991      15.988     15.9692 0.000266806
         992     15.9721     15.9692 0.000266552
         993      15.953     15.9692 0.000266788
         994     15.9511     15.9692 0.000267142
         995     15.9592     15.9692 0.000267062
         996      15.966     15.9692 0.000266813
         997     15.9691     15.9692 0.000266546
         998       15.97     15.9692  0.00026628
         999     15.9701     15.9692 0.000266015
        1000     15.9702     15.9692 0.000265751
        1001     15.9707     15.9692 0.000265489
        1002     15.9714     15.9692 0.000265233
        1003     15.9724     15.9692 0.000264987
        1004     15.9738     15.9692 0.000264763
        1005     15.9754     15.9692 0.000264571
        1006     15.9765     15.9692 0.000264405
        1007     15.9762     15.9692 0.000264233
        1008     15.9739     15.9692 0.000264012
        1009     15.9696     15.9692  0.00026375
        1010     15.9652     15.9692 0.000263519
        1011     15.9629     15.9692 0.000263333
        1012     15.9632     15.9692  0.00026314
        1013     15.9659     15.9692 0.000262901
        1014     15.9697     15.9692 0.000262642
        1015     15.9739     15.9692 0.000262424
        1016     15.9778     15.9692 0.000262302
        1017       15.98     15.9692 0.000262259
        1018     15.9793     15.9693 0.000262187
        1019     15.9754     15.9693    0.000262
        1020     15.9699     15.9693 0.000261744
        1021     15.9651     15.9693  0.00026152
        1022     15.9631     15.9693 0.000261333
        1023     15.9634     15.9692  0.00026114
        1024     15.9645     15.9692 0.000260926
        1025     15.9657     15.9692 0.000260695
        1026      15.967     15.9692  0.00026045
        1027     15.9692     15.9692 0.000260196
        1028     15.9729     15.9692 0.000259967
        1029      15.978     15.9692 0.000259855
        1030     15.9827     15.9693 0.000259932
        1031      15.983     15.9693 0.000260021
        1032     15.9754     15.9693 0.000259837
        1033     15.9642     15.9693 0.000259631
        1034     15.9578     15.9693 0.000259616
        1035     15.9581     15.9693 0.000259587
        1036     15.9617     15.9692  0.00025944
        1037     15.9659     15.9692  0.00025921
        1038     15.9703     15.9692 0.000258962
        1039     15.9757     15.9692 0.000258788
        1040     15.9822     15.9693 0.000258837
        1041     15.9859     15.9693 0.000259082
        1042     15.9795     15.9693 0.000259019
        1043     15.9653     15.9693 0.000258799
        1044     15.9585     15.9693 0.000258758
        1045     15.9636     15.9693 0.000258567
        1046     15.9728     15.9693 0.000258341
        1047     15.9796     15.9693 0.000258284
        1048     15.9816     15.9693 0.000258307
        1049     15.9779     15.9693 0.000258191
        1050     15.9705     15.9693 0.000257948
        1051     15.9635     15.9693  0.00025776
        1052     15.9594     15.9693 0.000257686
        1053     15.9585     15.9693 0.000257644
        1054     15.9598     15.9693 0.000257558
        1055     15.9621     15.9693 0.000257403
        1056     15.9646     15.9693 0.000257198
        1057     15.9668     15.9693 0.000256965
        1058     15.9686     15.9693 0.000256723
        1059     15.9702     15.9693 0.000256482
        1060     15.9715     15.9693 0.000256249
        1061     15.9727     15.9693 0.000256028
        1062     15.9739     15.9693 0.000255824
        1063     15.9748     15.9693 0.000255637
        1064     15.9752     15.9693 0.000255457
        1065     15.9746     15.9693 0.000255267
        1066     15.9728     15.9693 0.000255048
        1067       15.97     15.9693  0.00025481
        1068     15.9669     15.9693 0.000254582
        1069     15.9644     15.9693 0.000254384
        1070      15.963     15.9693 0.000254214
        1071     15.9627     15.9693  0.00025405
        1072     15.9632     15.9693 0.000253877
        1073      15.964     15.9693 0.000253687
        1074     15.9651     15.9693  0.00025348
        1075     15.9663     15.9692 0.000253259
        1076     15.9675     15.9692 0.000253029
        1077     15.9687     15.9692 0.000252794
        1078     15.9697     15.9692  0.00025256
        1079     15.9704     15.9692 0.000252328
        1080      15.971     15.9692   0.0002521
        1081     15.9711     15.9693 0.000251872
        1082     15.9711     15.9693 0.000251645
        1083     15.9708     15.9693 0.000251417
        1084     15.9706     15.9693 0.000251188
        1085     15.9708     15.9693 0.000250961
        1086     15.9712     15.9693 0.000250736
        1087      15.972     15.9693 0.000250518
        1088     15.9728     15.9693 0.000250309
        1089     15.9733     15.9693 0.000250106
        1090     15.9732     15.9693 0.000249903
        1091     15.9725     15.9693 0.000249691
        1092     15.9712     15.9693 0.000249469
        1093     15.9693     15.9693 0.000249241
        1094     15.9669     15.9693 0.000249022
        1095     15.9648     15.9693 0.000248828
        1096     15.9638     15.9693 0.000248651
        1097     15.9641     15.9693 0.000248469
        1098     15.9654     15.9693 0.000248268
        1099     15.9673     15.9693 0.000248049
        1100     15.9697     15.9693 0.000247824
        1101     15.9737     15.9693 0.000247631
        1102      15.979     15.9693 0.000247564
        1103     15.9838     15.9693 0.000247689
        1104     15.9815     15.9693 0.000247713
        1105     15.9694     15.9693 0.000247489
        1106     15.9577     15.9693 0.000247488
        1107      15.956     15.9693 0.000247553
        1108     15.9607     15.9693 0.000247451
        1109     15.9658     15.9693 0.000247248
        1110     15.9698     15.9693 0.000247025
        1111     15.9729     15.9693 0.000246825
        1112     15.9761     15.9693 0.000246679
        1113     15.9792     15.9693 0.000246619
        1114     15.9806     15.9693 0.000246606
        1115     15.9772     15.9693 0.000246486
        1116      15.969     15.9693 0.000246265
        1117      15.962     15.9693 0.000246131
        1118     15.9607     15.9693 0.000246032
        1119     15.9637     15.9693 0.000245862
        1120     15.9683     15.9693 0.000245643
        1121     15.9738     15.9693 0.000245458
        1122     15.9816     15.9693 0.000245483
        1123     15.9912     15.9693 0.000246041
        1124     15.9962     15.9693 0.000246984
        1125     15.9875     15.9693 0.000247294
        1126     15.9667     15.9693 0.000247085
        1127     15.9498     15.9693 0.000247475
        1128     15.9491     15.9693 0.000247903
        1129     15.9605     15.9693 0.000247807
        1130     15.9745     15.9693  0.00024763
        1131     15.9863     15.9693 0.000247866
        1132     15.9902     15.9693 0.000248334
        1133     15.9769     15.9693 0.000248206
        1134     15.9571     15.9693 0.000248223
        1135     15.9556     15.9693   0.0002483
        1136     15.9692     15.9693 0.000248081
        1137     15.9805     15.9693 0.000248059
        1138     15.9808     15.9693 0.000248046
        1139     15.9732     15.9693 0.000247851
        1140     15.9674     15.9693  0.00024764
        1141     15.9654     15.9693 0.000247447
        1142      15.963     15.9693 0.000247293
        1143     15.9609     15.9693 0.000247187
        1144     15.9616     15.9693 0.000247064
        1145     15.9646     15.9693 0.000246883
        1146     15.9676     15.9693 0.000246672
        1147     15.9695     15.9693 0.000246457
        1148     15.9704     15.9693 0.000246244
        1149     15.9708     15.9693 0.000246033
        1150      15.971     15.9693 0.000245823
        1151      15.971     15.9693 0.000245614
        1152     15.9711     15.9693 0.000245406
        1153     15.9713     15.9693 0.000245199
        1154     15.9716     15.9693 0.000244994
        1155     15.9725     15.9693 0.000244797
        1156     15.9741     15.9693  0.00024462
        1157     15.9763     15.9693 0.000244483
        1158     15.9788     15.9694 0.000244409
        1159     15.9801     15.9694 0.000244375
        1160     15.9786     15.9694 0.000244295
        1161     15.9738     15.9694 0.000244115
        1162     15.9675     15.9694  0.00024391
        1163     15.9627     15.9694 0.000243768
        1164     15.9612     15.9694 0.000243661
        1165     15.9627     15.9694 0.000243517
        1166     15.9657     15.9693 0.000243328
        1167     15.9678     15.9693 0.000243123
        1168     15.9678     15.9693 0.000242919
        1169     15.9662     15.9693 0.000242727
        1170     15.9653     15.9693 0.000242543
        1171     15.9674     15.9693 0.000242342
        1172     15.9729     15.9693 0.000242154
        1173     15.9813     15.9694 0.000242162
        1174     15.9893     15.9694 0.000242553
        1175     15.9901     15.9694 0.000242987
        1176     15.9783     15.9694 0.000242898
        1177     15.9598     15.9694 0.000242827
        1178     15.9489     15.9694 0.000243242
        1179      15.951     15.9694 0.000243534
        1180     15.9591     15.9693 0.000243481
        1181     15.9661     15.9693 0.000243291
        1182     15.9698     15.9693 0.000243085
        1183     15.9708     15.9693 0.000242883
        1184     15.9704     15.9693 0.000242679
        1185     15.9695     15.9693 0.000242474
        1186     15.9686     15.9693 0.000242271
        1187     15.9678     15.9693  0.00024207
        1188     15.9674     15.9693 0.000241872
        1189     15.9676     15.9693 0.000241673
        1190     15.9685     15.9693 0.000241471
        1191     15.9699     15.9693 0.000241269
        1192     15.9717     15.9693 0.000241075
        1193     15.9728     15.9693  0.00024089
        1194     15.9719     15.9693 0.000240698
        1195     15.9683     15.9693 0.000240498
        1196     15.9644     15.9693 0.000240332
        1197     15.9633     15.9693 0.000240185
        1198      15.966     15.9693 0.000240001
        1199      15.971     15.9693 0.000239804
        1200     15.9757     15.9693 0.000239663
        1201     15.9785     15.9693 0.000239585
        1202     15.9805     15.9694 0.000239566
        1203     15.9876     15.9694 0.000239845
        1204     15.9977     15.9694 0.000240797
        1205     15.9824     15.9694 0.000240837
        1206     15.9402     15.9694  0.00024185
        1207     15.9283     15.9693 0.000244027
        1208      15.944     15.9693 0.000244728
        1209     15.9592     15.9693 0.000244669
        1210     15.9688     15.9693 0.000244468
        1211     15.9743     15.9693   0.0002443
        1212     15.9758     15.9693 0.000244157
        1213     15.9735     15.9693  0.00024398
        1214     15.9685     15.9693  0.00024378
        1215     15.9649     15.9693 0.000243606
        1216     15.9647     15.9693 0.000243436
        1217     15.9675     15.9693 0.000243241
        1218     15.9723     15.9693 0.000243053
        1219     15.9784     15.9693 0.000242967
        1220      15.985     15.9693 0.000243107
        1221     15.9891     15.9694 0.000243446
        1222     15.9866     15.9694 0.000243654
        1223     15.9747     15.9694 0.000243494
        1224     15.9575     15.9694 0.000243487
        1225     15.9463     15.9693 0.000244016
        1226     15.9477     15.9693 0.000244458
        1227     15.9571     15.9693 0.000244463
        1228     15.9674     15.9693 0.000244269
        1229     15.9741     15.9693 0.000244102
        1230     15.9754     15.9693 0.000243954
        1231     15.9733     15.9693 0.000243777
        1232     15.9725     15.9693 0.000243593
        1233     15.9737     15.9693 0.000243422
        1234     15.9738     15.9693 0.000243251
        1235     15.9711     15.9693 0.000243058
        1236     15.9673     15.9693 0.000242868
        1237     15.9656     15.9693  0.00024269
        1238     15.9677     15.9693 0.000242497
        1239     15.9714     15.9693 0.000242307
        1240     15.9746     15.9693 0.000242148
        1241     15.9754     15.9693 0.000242003
        1242     15.9738     15.9694 0.000241834
        1243     15.9711     15.9694 0.000241644
        1244     15.9703     15.9694  0.00024145
        1245     15.9716     15.9694 0.000241264
        1246     15.9719     15.9694 0.000241079
        1247     15.9694     15.9694 0.000240885
        1248     15.9662     15.9694 0.000240706
        1249     15.9641     15.9694  0.00024055
        1250     15.9638     15.9693 0.000240399
        1251     15.9654     15.9693 0.000240227
        1252      15.968     15.9693 0.000240038
        1253     15.9697     15.9693 0.000239847
        1254     15.9702     15.9693 0.000239656
        1255     15.9698     15.9693 0.000239466
        1256     15.9695     15.9693 0.000239275
        1257     15.9699     15.9693 0.000239085
        1258     15.9709     15.9693 0.000238898
        1259     15.9727     15.9693 0.000238724
        1260     15.9749     15.9694 0.000238575
        1261     15.9774     15.9694 0.000238472
        1262     15.9795     15.9694 0.000238419
        1263       15.98     15.9694 0.000238379
        1264     15.9777     15.9694 0.000238281
        1265     15.9736     15.9694 0.000238117
        1266     15.9705     15.9694  0.00023793
        1267     15.9711     15.9694 0.000237746
        1268     15.9736     15.9694 0.000237582
        1269     15.9731     15.9694 0.000237413
        1270      15.967     15.9694 0.000237234
        1271     15.9608     15.9694 0.000237142
        1272     15.9602     15.9694 0.000237066
        1273     15.9637     15.9694 0.000236922
        1274     15.9677     15.9694  0.00023674
        1275     15.9704     15.9694 0.000236556
        1276     15.9718     15.9694 0.000236378
        1277     15.9722     15.9694 0.000236203
        1278     15.9721     15.9694 0.000236028
        1279     15.9715     15.9694 0.000235849
        1280     15.9704     15.9694 0.000235666
        1281     15.9691     15.9694 0.000235483
        1282     15.9681     15.9694 0.000235301
        1283     15.9676     15.9694 0.000235122
        1284     15.9674     15.9694 0.000234944
        1285     15.9675     15.9694 0.000234765
        1286     15.9678     15.9694 0.000234586
        1287     15.9681     15.9694 0.000234406
        1288     15.9684     15.9694 0.000234225
        1289     15.9686     15.9694 0.000234044
        1290     15.9688     15.9694 0.000233863
        1291     15.9689     15.9694 0.000233682
        1292      15.969     15.9694 0.000233501
        1293      15.969     15.9694 0.000233321
        1294     15.9691     15.9694  0.00023314
        1295     15.9695     15.9694  0.00023296
        1296     15.9704     15.9694 0.000232782
        1297     15.9717     15.9694 0.000232609
        1298     15.9731     15.9694 0.000232448
        1299     15.9739     15.9694 0.000232295
        1300     15.9732     15.9694 0.000232135
        1301     15.9706     15.9694 0.000231958
        1302     15.9671     15.9694 0.000231787
        1303     15.9636     15.9694 0.000231651
        1304     15.9615     15.9694 0.000231553
        1305     15.9617     15.9694 0.000231449
        1306     15.9647     15.9694   0.0002313
        1307     15.9696     15.9694 0.000231123
        1308     15.9763     15.9694 0.000231007
        1309     15.9832     15.9694 0.000231071
        1310     15.9859     15.9694 0.000231239
        1311     15.9782     15.9694 0.000231161
        1312     15.9637     15.9694 0.000231026
        1313      15.956     15.9694 0.000231075
        1314      15.959     15.9694 0.000231033
        1315     15.9666     15.9694 0.000230867
        1316     15.9739     15.9694 0.000230717
        1317     15.9784     15.9694 0.000230643
        1318     15.9777     15.9694 0.000230554
        1319     15.9722     15.9694 0.000230389
        1320     15.9669     15.9694 0.000230223
        1321     15.9656     15.9694 0.000230066
        1322     15.9676     15.9694 0.000229896
        1323     15.9694     15.9694 0.000229723
        1324      15.969     15.9694 0.000229549
        1325      15.966     15.9694  0.00022939
        1326     15.9627     15.9694 0.000229272
        1327     15.9619     15.9694 0.000229169
        1328      15.965     15.9694 0.000229019
        1329     15.9727     15.9694 0.000228861
        1330     15.9847     15.9694 0.000228978
        1331     15.9935     15.9694  0.00022952
        1332     15.9819     15.9694 0.000229541
        1333     15.9576     15.9694  0.00022954
        1334     15.9537     15.9694  0.00022967
        1335     15.9687     15.9694 0.000229498
        1336     15.9848     15.9694 0.000229616
        1337     15.9929     15.9694 0.000230114
        1338     15.9882     15.9694 0.000230369
        1339     15.9727     15.9694  0.00023021
        1340     15.9569     15.9694 0.000230227
        1341     15.9499     15.9694 0.000230518
        1342     15.9517     15.9694 0.000230724
        1343     15.9579     15.9694 0.000230711
        1344     15.9646     15.9694 0.000230567
        1345     15.9703     15.9694 0.000230396
        1346     15.9743     15.9694 0.000230254
        1347     15.9765     15.9694 0.000230144
        1348     15.9767     15.9694 0.000230038
        1349     15.9753     15.9694 0.000229909
        1350     15.9735     15.9694 0.000229759
        1351      15.972     15.9694 0.000229596
        1352       15.97     15.9694 0.000229427
        1353     15.9669     15.9694 0.000229265
        1354     15.9643     15.9694 0.000229126
        1355     15.9637     15.9694 0.000228995
        1356     15.9654     15.9694 0.000228846
        1357     15.9681     15.9694 0.000228679
        1358     15.9712     15.9694 0.000228515
        1359     15.9745     15.9694 0.000228378
        1360     15.9778     15.9694 0.000228294
        1361     15.9807     15.9694 0.000228277
        1362     15.9825     15.9694 0.000228312
        1363     15.9829     15.9694 0.000228359
        1364     15.9819     15.9694 0.000228375
        1365     15.9798     15.9695 0.000228333
        1366     15.9771     15.9695 0.000228234
        1367     15.9735     15.9695 0.000228086
        1368     15.9689     15.9695  0.00022792
        1369     15.9646     15.9695 0.000227781
        1370     15.9619     15.9695 0.000227681
        1371     15.9614     15.9694 0.000227591
        1372     15.9626     15.9694  0.00022748
        1373     15.9645     15.9694 0.000227342
        1374     15.9664     15.9694 0.000227188
        1375     15.9677     15.9694 0.000227026
        1376     15.9685     15.9694 0.000226862
        1377     15.9691     15.9694 0.000226697
        1378     15.9702     15.9694 0.000226534
        1379     15.9718     15.9694 0.000226376
        1380     15.9737     15.9694 0.000226233
        1381     15.9753     15.9694 0.000226109
        1382     15.9758     15.9694 0.000225992
        1383     15.9746     15.9695 0.000225859
        1384     15.9719     15.9695 0.000225703
        1385     15.9687     15.9695  0.00022554
        1386     15.9665     15.9694 0.000225388
        1387      15.966     15.9694 0.000225239
        1388      15.967     15.9694 0.000225084
        1389     15.9688     15.9694 0.000224923
        1390     15.9711     15.9694 0.000224764
        1391     15.9734     15.9694 0.000224621
        1392     15.9752     15.9695 0.000224498
        1393     15.9762     15.9695 0.000224388
        1394     15.9763     15.9695 0.000224281
        1395     15.9758     15.9695 0.000224166
        1396     15.9746     15.9695 0.000224036
        1397     15.9715     15.9695 0.000223881
        1398     15.9669     15.9695 0.000223728
        1399     15.9637     15.9695 0.000223606
        1400     15.9645     15.9695 0.000223474
        1401      15.969     15.9695 0.000223315
        1402     15.9746     15.9695 0.000223186
        1403     15.9787     15.9695 0.000223125
        1404     15.9785     15.9695 0.000223058
        1405     15.9736     15.9695 0.000222919
        1406     15.9673     15.9695 0.000222766
        1407     15.9633     15.9695 0.000222651
        1408     15.9626     15.9695 0.000222546
        1409     15.9634     15.9695  0.00022243
        1410     15.9646     15.9695 0.000222299
        1411     15.9662     15.9695 0.000222153
        1412     15.9683     15.9695 0.000221997
        1413     15.9697     15.9695  0.00022184
        1414     15.9694     15.9695 0.000221683
        1415     15.9678     15.9695  0.00022153
        1416     15.9665     15.9695 0.000221383
        1417      15.967     15.9695 0.000221233
        1418     15.9689     15.9695 0.000221078
        1419     15.9712     15.9695 0.000220925
        1420     15.9736     15.9695 0.000220789
        1421     15.9762     15.9695 0.000220684
        1422     15.9792     15.9695 0.000220636
        1423      15.983     15.9695 0.000220687
        1424     15.9873     15.9695 0.000220887
        1425     15.9903     15.9695 0.000221216
        1426     15.9895     15.9695 0.000221506
        1427     15.9829     15.9695 0.000221548
        1428       15.97     15.9695 0.000221393
        1429     15.9546     15.9695 0.000221484
        1430      15.945     15.9695  0.00022199
        1431     15.9461     15.9695 0.000222435
        1432     15.9539     15.9695 0.000222547
        1433     15.9622     15.9695  0.00022245
        1434     15.9681     15.9695 0.000222297
        1435     15.9712     15.9695 0.000222145
        1436     15.9719     15.9695 0.000221997
        1437     15.9709     15.9695 0.000221845
        1438     15.9692     15.9695 0.000221691
        1439     15.9678     15.9695  0.00022154
        1440     15.9674     15.9695 0.000221391
        1441     15.9681     15.9695 0.000221239
        1442     15.9697     15.9695 0.000221086
        1443     15.9719     15.9695 0.000220939
        1444     15.9745     15.9695 0.000220814
        1445     15.9769     15.9695 0.000220721
        1446      15.979     15.9695 0.000220667
        1447     15.9808     15.9695 0.000220653
        1448     15.9814     15.9695 0.000220655
        1449     15.9786     15.9695 0.000220591
        1450     15.9717     15.9695 0.000220444
        1451      15.964     15.9695 0.000220325
        1452       15.96     15.9695  0.00022027
        1453     15.9608     15.9695 0.000220199
        1454     15.9639     15.9695 0.000220081
        1455     15.9671     15.9695 0.000219936
        1456     15.9687     15.9695 0.000219786
        1457     15.9683     15.9695 0.000219636
        1458     15.9665     15.9695 0.000219496
        1459     15.9653     15.9695 0.000219364
        1460     15.9661     15.9695 0.000219226
        1461     15.9695     15.9695 0.000219076
        1462     15.9747     15.9695 0.000218955
        1463     15.9809     15.9695 0.000218945
        1464     15.9868     15.9695 0.000219113
        1465     15.9888     15.9695 0.000219361
        1466      15.983     15.9695 0.000219404
        1467      15.971     15.9695 0.000219257
        1468      15.963     15.9695 0.000219153
        1469     15.9626     15.9695 0.000219055
        1470     15.9645     15.9695 0.000218933
        1471     15.9645     15.9695 0.000218811
        1472     15.9634     15.9695 0.000218702
        1473     15.9631     15.9695 0.000218597
        1474      15.964     15.9695  0.00021848
        1475     15.9653     15.9695 0.000218351
        1476     15.9663     15.9695 0.000218214
        1477     15.9672     15.9695 0.000218072
        1478     15.9684     15.9695 0.000217926
        1479     15.9708     15.9695  0.00021778
        1480     15.9759     15.9695 0.000217676
        1481     15.9854     15.9695 0.000217792
        1482     15.9972     15.9695 0.000218447
        1483     15.9958     15.9695 0.000219016
        1484     15.9694     15.9695 0.000218869
        1485     15.9496     15.9695 0.000219134
        1486     15.9544     15.9695 0.000219222
        1487     15.9654     15.9695 0.000219092
        1488     15.9717     15.9695 0.000218949
        1489     15.9732     15.9695 0.000218816
        1490     15.9717     15.9695 0.000218674
        1491     15.9692     15.9695 0.000218528
        1492     15.9672     15.9695 0.000218387
        1493     15.9673     15.9695 0.000218246
        1494     15.9699     15.9695   0.0002181
        1495     15.9741     15.9695 0.000217976
        1496     15.9781     15.9695 0.000217905
        1497     15.9782     15.9695 0.000217837
        1498     15.9728     15.9695 0.000217702
        1499     15.9657     15.9695 0.000217572
        1500     15.9619     15.9695 0.000217486
        1501     15.9617     15.9695 0.000217404
        1502     15.9629     15.9695 0.000217305
        1503     15.9645     15.9695 0.000217186
        1504     15.9665     15.9695 0.000217051
        1505     15.9696     15.9695 0.000216907
        1506     15.9745     15.9695 0.000216788
        1507     15.9805     15.9695 0.000216767
        1508     15.9838     15.9695  0.00021683
        1509     15.9783     15.9695 0.000216765
        1510     15.9668     15.9695 0.000216629
        1511     15.9615     15.9695 0.000216552
        1512     15.9656     15.9695 0.000216424
        1513     15.9722     15.9695 0.000216288
        1514      15.975     15.9695 0.000216176
        1515     15.9722     15.9695 0.000216041
        1516     15.9668     15.9695 0.000215906
        1517     15.9633     15.9695 0.000215803
        1518     15.9628     15.9695 0.000215706
        1519     15.9642     15.9695 0.000215593
        1520     15.9657     15.9695 0.000215465
        1521     15.9668     15.9695 0.000215331
        1522     15.9678     15.9695 0.000215193
        1523     15.9692     15.9695 0.000215052
        1524     15.9713     15.9695 0.000214914
        1525     15.9738     15.9695 0.000214791
        1526     15.9756     15.9695 0.000214687
        1527     15.9752     15.9695 0.000214579
        1528     15.9721     15.9695 0.000214445
        1529     15.9681     15.9695 0.000214307
        1530     15.9658     15.9695 0.000214181
        1531     15.9661     15.9695 0.000214053
        1532     15.9675     15.9695 0.000213917
        1533     15.9686     15.9695 0.000213779
        1534     15.9689     15.9695  0.00021364
        1535     15.9684     15.9695 0.000213502
        1536     15.9677     15.9695 0.000213366
        1537     15.9672     15.9695 0.000213232
        1538     15.9668     15.9695 0.000213101
        1539     15.9666     15.9695 0.000212971
        1540     15.9663     15.9695 0.000212843
        1541     15.9664     15.9695 0.000212714
        1542     15.9667     15.9695 0.000212584
        1543     15.9676     15.9695  0.00021245
        1544     15.9689     15.9695 0.000212313
        1545     15.9701     15.9695 0.000212176
        1546     15.9709     15.9695  0.00021204
        1547     15.9707     15.9695 0.000211905
        1548     15.9699     15.9695 0.000211768
        1549     15.9692     15.9695 0.000211631
        1550     15.9697     15.9695 0.000211495
        1551     15.9713     15.9695 0.000211362
        1552     15.9723     15.9695 0.000211233
        1553     15.9711     15.9695   0.0002111
        1554     15.9673     15.9695 0.000210968
        1555     15.9634     15.9695  0.00021087
        1556      15.962     15.9695  0.00021079
        1557     15.9633     15.9695 0.000210692
        1558     15.9659     15.9695 0.000210569
        1559     15.9683     15.9695 0.000210435
        1560     15.9701     15.9695 0.000210301
        1561      15.971     15.9695 0.000210168
        1562     15.9713     15.9695 0.000210037
        1563     15.9719     15.9695 0.000209908
        1564     15.9729     15.9695 0.000209785
        1565     15.9739     15.9695  0.00020967
        1566     15.9736     15.9695 0.000209553
        1567     15.9708     15.9695 0.000209421
        1568     15.9672     15.9695 0.000209292
        1569     15.9664     15.9695 0.000209168
        1570     15.9693     15.9695 0.000209035
        1571     15.9739     15.9695 0.000208921
        1572     15.9769     15.9695 0.000208841
        1573     15.9765     15.9695 0.000208755
        1574     15.9734     15.9695 0.000208638
        1575     15.9694     15.9695 0.000208505
        1576     15.9669     15.9695 0.000208379
        1577     15.9663     15.9695 0.000208257
        1578     15.9665     15.9695 0.000208134
        1579     15.9663     15.9695 0.000208012
        1580     15.9658     15.9695 0.000207894
        1581     15.9659     15.9695 0.000207775
        1582     15.9669     15.9695  0.00020765
        1583     15.9681     15.9695 0.000207521
        1584      15.969     15.9695  0.00020739
        1585     15.9694     15.9695 0.000207259
        1586     15.9695     15.9695 0.000207128
        1587       15.97     15.9695 0.000206998
        1588     15.9713     15.9695 0.000206871
        1589     15.9731     15.9695 0.000206753
        1590     15.9749     15.9695 0.000206651
        1591     15.9753     15.9695 0.000206553
        1592     15.9736     15.9695 0.000206439
        1593      15.971     15.9695 0.000206311
        1594     15.9702     15.9695 0.000206182
        1595     15.9737     15.9695  0.00020607
        1596      15.982     15.9695 0.000206089
        1597     15.9911     15.9695 0.000206401
        1598     15.9911     15.9696 0.000206713
        1599     15.9727     15.9696 0.000206593
        1600     15.9475     15.9695 0.000206922
        1601     15.9398     15.9695 0.000207624
        1602     15.9483     15.9695 0.000207919
        1603     15.9588     15.9695 0.000207896
        1604     15.9662     15.9695 0.000207777
        1605     15.9705     15.9695 0.000207648
        1606      15.973     15.9695  0.00020753
        1607     15.9741     15.9695 0.000207421
        1608     15.9741     15.9695 0.000207311
        1609     15.9729     15.9695 0.000207193
        1610     15.9708     15.9695 0.000207066
        1611     15.9686     15.9695 0.000206938
        1612     15.9666     15.9695 0.000206818
        1613      15.965     15.9695 0.000206708
        1614     15.9644     15.9695 0.000206605
        1615     15.9648     15.9695 0.000206497
        1616     15.9661     15.9695  0.00020638
        1617     15.9678     15.9695 0.000206255
        1618     15.9696     15.9695 0.000206127
        1619     15.9712     15.9695 0.000206002
        1620     15.9722     15.9695 0.000205882
        1621     15.9723     15.9695 0.000205762
        1622     15.9714     15.9695 0.000205639
        1623     15.9698     15.9695 0.000205512
        1624     15.9678     15.9695 0.000205388
        1625     15.9661     15.9695 0.000205272
        1626     15.9648     15.9695 0.000205166
        1627     15.9635     15.9695 0.000205073
        1628     15.9621     15.9695 0.000204997
        1629     15.9611     15.9695 0.000204937
        1630     15.9606     15.9695 0.000204884
        1631     15.9611     15.9695 0.000204823
        1632     15.9623     15.9695 0.000204745
        1633     15.9641     15.9695 0.000204646
        1634     15.9665     15.9695 0.000204529
        1635     15.9697     15.9695 0.000204404
        1636      15.974     15.9695 0.000204297
        1637       15.98     15.9695 0.000204273
        1638     15.9877     15.9695 0.000204452
        1639      15.994     15.9695 0.000204873
        1640     15.9921     15.9695 0.000205211
        1641     15.9778     15.9695 0.000205147
        1642     15.9577     15.9695 0.000205149
        1643     15.9435     15.9695 0.000205634
        1644     15.9411     15.9695 0.000206236
        1645     15.9468     15.9695 0.000206572
        1646     15.9543     15.9695 0.000206651
        1647     15.9603     15.9695 0.000206601
        1648     15.9639     15.9695 0.000206503
        1649     15.9657     15.9694  0.00020639
        1650     15.9665     15.9694 0.000206273
        1651     15.9667     15.9694 0.000206154
        1652     15.9674     15.9694 0.000206033
        1653     15.9689     15.9694 0.000205909
        1654     15.9721     15.9694 0.000205791
        1655     15.9771     15.9695 0.000205719
        1656     15.9824     15.9695 0.000205744
        1657     15.9833     15.9695  0.00020579
        1658     15.9776     15.9695 0.000205724
        1659      15.971     15.9695 0.000205602
        1660     15.9693     15.9695 0.000205479
        1661     15.9679     15.9695 0.000205357
        1662     15.9617     15.9695 0.000205287
        1663     15.9566     15.9695  0.00020531
        1664     15.9575     15.9695 0.000205313
        1665     15.9612     15.9694  0.00020525
        1666     15.9645     15.9694 0.000205148
        1667     15.9659     15.9694 0.000205036
        1668     15.9652     15.9694 0.000204929
        1669     15.9639     15.9694 0.000204833
        1670     15.9639     15.9694 0.000204737
        1671     15.9658     15.9694 0.000204627
        1672     15.9676     15.9694 0.000204507
        1673     15.9676     15.9694 0.000204388
        1674     15.9658     15.9694 0.000204277
        1675     15.9647     15.9694 0.000204174
        1676     15.9657     15.9694 0.000204065
        1677     15.9679     15.9694 0.000203945
        1678     15.9693     15.9694 0.000203823
        1679     15.9691     15.9694 0.000203702
        1680     15.9682     15.9694 0.000203582
        1681     15.9675     15.9694 0.000203464
        1682     15.9678     15.9694 0.000203346
        1683     15.9694     15.9694 0.000203225
        1684     15.9717     15.9694 0.000203108
        1685      15.974     15.9694 0.000203006
        1686     15.9762     15.9694 0.000202926
        1687     15.9779     15.9694 0.000202868
        1688     15.9781     15.9694 0.000202813
        1689     15.9749     15.9694 0.000202718
        1690     15.9685     15.9694 0.000202599
        1691     15.9631     15.9694 0.000202514
        1692     15.9627     15.9694 0.000202433
        1693     15.9662     15.9694 0.000202323
        1694     15.9693     15.9694 0.000202203
        1695     15.9695     15.9694 0.000202084
        1696      15.968     15.9694 0.000201967
        1697     15.9675     15.9694 0.000201851
        1698     15.9683     15.9694 0.000201733
        1699     15.9694     15.9694 0.000201614
        1700     15.9699     15.9694 0.000201496
        1701     15.9699     15.9694 0.000201377
        1702       15.97     15.9694 0.000201259
        1703     15.9706     15.9694 0.000201143
        1704     15.9715     15.9694 0.000201028
        1705     15.9725     15.9694 0.000200918
        1706     15.9735     15.9694 0.000200815
        1707     15.9746     15.9694  0.00020072
        1708      15.976     15.9694 0.000200639
        1709     15.9772     15.9694 0.000200573
        1710     15.9775     15.9694 0.000200511
        1711     15.9761     15.9695 0.000200432
        1712     15.9729     15.9695 0.000200325
        1713      15.969     15.9695 0.000200208
        1714     15.9664     15.9695 0.000200099
        1715     15.9675     15.9695 0.000199986
        1716     15.9755     15.9695   0.0001999
        1717     15.9919     15.9695 0.000200213
        1718     15.9994     15.9695 0.000200853
        1719     15.9673     15.9695  0.00020074
        1720     15.9344     15.9695 0.000201657
        1721     15.9415     15.9694 0.000202191
        1722     15.9594     15.9694 0.000202157
        1723     15.9702     15.9694  0.00020204
        1724     15.9744     15.9694 0.000201944
        1725     15.9745     15.9694 0.000201848
        1726     15.9724     15.9694 0.000201738
        1727     15.9701     15.9695 0.000201621
        1728     15.9693     15.9694 0.000201505
        1729     15.9698     15.9695 0.000201388
        1730     15.9704     15.9695 0.000201273
        1731     15.9701     15.9695 0.000201157
        1732     15.9694     15.9695 0.000201041
        1733     15.9702     15.9695 0.000200925
        1734     15.9729     15.9695 0.000200819
        1735     15.9762     15.9695 0.000200741
        1736     15.9783     15.9695 0.000200689
        1737     15.9776     15.9695 0.000200628
        1738     15.9748     15.9695 0.000200537
        1739     15.9722     15.9695 0.000200427
        1740     15.9723     15.9695 0.000200319
        1741     15.9756     15.9695 0.000200234
        1742     15.9764     15.9695 0.000200159
        1743     15.9675     15.9695 0.000200047
        1744     15.9538     15.9695 0.000200134
        1745     15.9492     15.9695 0.000200357
        1746     15.9542     15.9695 0.000200432
        1747     15.9615     15.9694 0.000200369
        1748     15.9671     15.9694 0.000200259
        1749     15.9704     15.9694 0.000200146
        1750     15.9722     15.9694 0.000200037
        1751      15.973     15.9694 0.000199933
        1752     15.9731     15.9695  0.00019983
        1753     15.9733     15.9695 0.000199728
        1754     15.9734     15.9695 0.000199627
        1755     15.9731     15.9695 0.000199523
        1756     15.9719     15.9695 0.000199415
        1757     15.9698     15.9695 0.000199301
        1758     15.9674     15.9695 0.000199191
        1759     15.9657     15.9695 0.000199089
        1760     15.9654     15.9695  0.00019899
        1761     15.9662     15.9695 0.000198885
        1762     15.9676     15.9695 0.000198775
        1763     15.9692     15.9695 0.000198662
        1764     15.9713     15.9695 0.000198552
        1765      15.974     15.9695 0.000198457
        1766     15.9774     15.9695 0.000198395
        1767     15.9812     15.9695 0.000198394
        1768     15.9845     15.9695 0.000198464
        1769     15.9854     15.9695 0.000198557
        1770     15.9829     15.9695 0.000198588
        1771     15.9758     15.9695 0.000198508
        1772      15.966     15.9695 0.000198406
        1773     15.9606     15.9695 0.000198358
        1774     15.9653     15.9695  0.00019826
        1775     15.9761     15.9695 0.000198183
        1776     15.9784     15.9695 0.000198136
        1777      15.964     15.9695 0.000198049
        1778     15.9499     15.9695 0.000198243
        1779     15.9499     15.9695 0.000198437
        1780     15.9567     15.9695 0.000198455
        1781     15.9635     15.9695 0.000198372
        1782     15.9698     15.9695 0.000198261
        1783     15.9769     15.9695 0.000198194
        1784     15.9856     15.9695 0.000198289
        1785     15.9924     15.9695 0.000198594
        1786     15.9881     15.9695 0.000198756
        1787     15.9717     15.9695 0.000198649
        1788     15.9591     15.9695 0.000198623
        1789     15.9576     15.9695 0.000198622
        1790     15.9607     15.9695 0.000198572
        1791     15.9644     15.9695 0.000198482
        1792      15.968     15.9695 0.000198372
        1793     15.9712     15.9695 0.000198264
        1794     15.9723     15.9695  0.00019816
        1795     15.9703     15.9695  0.00019805
        1796     15.9667     15.9695 0.000197946
        1797     15.9644     15.9695 0.000197856
        1798     15.9645     15.9695 0.000197765
        1799      15.966     15.9695 0.000197664
        1800     15.9678     15.9695 0.000197556
        1801     15.9695     15.9695 0.000197447
        1802     15.9712     15.9695  0.00019734
        1803     15.9729     15.9695 0.000197239
        1804     15.9742     15.9695 0.000197147
        1805     15.9747     15.9695 0.000197059
        1806     15.9747     15.9695 0.000196972
        1807     15.9752     15.9695 0.000196888
        1808     15.9765     15.9695 0.000196817
        1809     15.9771     15.9695 0.000196753
        1810      15.975     15.9695 0.000196668
        1811     15.9698     15.9695 0.000196559
        1812     15.9646     15.9695  0.00019647
        1813     15.9612     15.9695 0.000196414
        1814     15.9599     15.9695 0.000196377
        1815     15.9598     15.9695  0.00019634
        1816     15.9603     15.9695 0.000196297
        1817     15.9614     15.9695  0.00019624
        1818     15.9627     15.9695 0.000196166
        1819     15.9642     15.9695  0.00019608
        1820     15.9657     15.9695 0.000195983
        1821     15.9673     15.9695 0.000195879
        1822     15.9689     15.9695 0.000195772
        1823     15.9706     15.9695 0.000195665
        1824     15.9727     15.9695 0.000195566
        1825      15.975     15.9695 0.000195483
        1826      15.977     15.9695  0.00019542
        1827     15.9778     15.9695 0.000195365
        1828     15.9752     15.9695 0.000195284
        1829     15.9692     15.9695 0.000195177
        1830     15.9624     15.9695 0.000195108
        1831     15.9581     15.9695   0.0001951
        1832     15.9572     15.9695 0.000195109
        1833     15.9582     15.9694 0.000195099
        1834     15.9598     15.9694 0.000195064
        1835      15.961     15.9694 0.000195011
        1836     15.9617     15.9694 0.000194951
        1837     15.9623     15.9694 0.000194883
        1838      15.963     15.9694 0.000194809
        1839     15.9642     15.9694 0.000194723
        1840     15.9659     15.9694 0.000194627
        1841      15.968     15.9694 0.000194523
        1842     15.9708     15.9694 0.000194419
        1843     15.9755     15.9694 0.000194341
        1844     15.9824     15.9694 0.000194363
        1845     15.9893     15.9694 0.000194556
        1846     15.9868     15.9695 0.000194676
        1847     15.9673     15.9695 0.000194575
        1848      15.947     15.9694 0.000194847
        1849     15.9425     15.9694 0.000195285
        1850     15.9485     15.9694 0.000195506
        1851      15.957     15.9694 0.000195515
        1852     15.9649     15.9694 0.000195425
        1853     15.9712     15.9694 0.000195321
        1854     15.9747     15.9694 0.000195237
        1855     15.9749     15.9694 0.000195154
        1856      15.973     15.9694 0.000195058
        1857     15.9714     15.9694 0.000194956
        1858      15.971     15.9694 0.000194853
        1859     15.9703     15.9694 0.000194749
        1860     15.9673     15.9694 0.000194647
        1861     15.9635     15.9694 0.000194569
        1862     15.9628     15.9694 0.000194497
        1863     15.9665     15.9694 0.000194399
        1864     15.9726     15.9694 0.000194302
        1865     15.9775     15.9694 0.000194247
        1866     15.9782     15.9694 0.000194199
        1867     15.9729     15.9694 0.000194104
        1868     15.9644     15.9694 0.000194019
        1869      15.959     15.9694 0.000193996
        1870     15.9595     15.9694 0.000193964
        1871     15.9637     15.9694 0.000193884
        1872     15.9682     15.9694 0.000193782
        1873     15.9712     15.9694 0.000193681
        1874     15.9729     15.9694 0.000193586
        1875     15.9741     15.9694 0.000193499
        1876     15.9757     15.9694 0.000193426
        1877     15.9772     15.9694 0.000193367
        1878     15.9769     15.9694 0.000193305
        1879     15.9732     15.9694 0.000193213
        1880     15.9672     15.9694 0.000193114
        1881     15.9623     15.9694 0.000193049
        1882     15.9614     15.9694 0.000192994
        1883     15.9635     15.9694 0.000192916
        1884     15.9667     15.9694 0.000192819
        1885     15.9694     15.9694 0.000192717
        1886     15.9717     15.9694 0.000192618
        1887     15.9731     15.9694 0.000192526
        1888     15.9739     15.9694 0.000192439
        1889     15.9739     15.9694 0.000192352
        1890     15.9733     15.9694 0.000192261
        1891     15.9721     15.9694 0.000192164
        1892     15.9705     15.9694 0.000192063
        1893     15.9689     15.9694 0.000191962
        1894     15.9676     15.9694 0.000191863
        1895     15.9668     15.9694 0.000191767
        1896     15.9667     15.9694 0.000191671
        1897      15.967     15.9694 0.000191574
        1898     15.9677     15.9694 0.000191476
        1899     15.9684     15.9694 0.000191375
        1900     15.9688     15.9694 0.000191275
        1901     15.9693     15.9694 0.000191174
        1902     15.9695     15.9694 0.000191074
        1903     15.9695     15.9694 0.000190973
        1904     15.9694     15.9694 0.000190873
        1905     15.9692     15.9694 0.000190773
        1906     15.9691     15.9694 0.000190673
        1907     15.9691     15.9694 0.000190573
        1908     15.9696     15.9694 0.000190473
        1909     15.9702     15.9694 0.000190374
        1910      15.971     15.9694 0.000190276
        1911     15.9716     15.9694  0.00019018
        1912     15.9715     15.9694 0.000190083
        1913     15.9704     15.9694 0.000189985
        1914     15.9684     15.9694 0.000189886
        1915     15.9662     15.9694 0.000189795
        1916     15.9648     15.9694 0.000189711
        1917     15.9644     15.9694  0.00018963
        1918     15.9649     15.9694 0.000189546
        1919     15.9657     15.9694 0.000189457
        1920     15.9666     15.9694 0.000189364
        1921     15.9681     15.9694 0.000189266
        1922     15.9706     15.9694 0.000189169
        1923     15.9739     15.9694 0.000189085
        1924     15.9776     15.9694 0.000189035
        1925      15.979     15.9694 0.000189003
        1926     15.9751     15.9694 0.000188928
        1927      15.967     15.9694 0.000188834
        1928     15.9613     15.9694 0.000188783
        1929     15.9612     15.9694 0.000188733
        1930     15.9649     15.9694  0.00018865
        1931     15.9693     15.9694 0.000188552
        1932     15.9731     15.9694 0.000188465
        1933     15.9755     15.9694 0.000188393
        1934     15.9758     15.9694 0.000188325
        1935     15.9749     15.9694 0.000188249
        1936     15.9747     15.9694 0.000188172
        1937     15.9768     15.9694 0.000188113
        1938     15.9771     15.9694 0.000188058
        1939     15.9693     15.9694 0.000187961
        1940     15.9579     15.9694 0.000187957
        1941     15.9553     15.9694 0.000188001
        1942     15.9617     15.9694 0.000187946
        1943     15.9679     15.9694 0.000187851
        1944     15.9682     15.9694 0.000187755
        1945     15.9653     15.9694 0.000187671
        1946      15.966     15.9694 0.000187582
        1947     15.9717     15.9694  0.00018749
        1948     15.9769     15.9694 0.000187434
        1949     15.9759     15.9694 0.000187367
        1950     15.9692     15.9694 0.000187271
        1951     15.9626     15.9694 0.000187208
        1952       15.96     15.9694 0.000187174
        1953     15.9606     15.9694 0.000187133
        1954     15.9625     15.9694 0.000187071
        1955     15.9645     15.9694 0.000186992
        1956     15.9662     15.9694 0.000186903
        1957     15.9674     15.9694  0.00018681
        1958     15.9684     15.9694 0.000186716
        1959     15.9694     15.9694  0.00018662
        1960     15.9703     15.9694 0.000186526
        1961     15.9714     15.9694 0.000186433
        1962     15.9728     15.9694 0.000186346
        1963      15.974     15.9694 0.000186267
        1964     15.9746     15.9694  0.00018619
        1965     15.9734     15.9694 0.000186107
        1966     15.9704     15.9694 0.000186013
        1967     15.9666     15.9694 0.000185924
        1968     15.9638     15.9694 0.000185851
        1969     15.9633     15.9694 0.000185782
        1970     15.9647     15.9694 0.000185703
        1971     15.9669     15.9694 0.000185613
        1972      15.969     15.9694 0.000185519
        1973     15.9704     15.9694 0.000185426
        1974     15.9697     15.9694 0.000185332
        1975     15.9663     15.9694 0.000185244
        1976     15.9621     15.9694 0.000185187
        1977     15.9617     15.9694 0.000185134
        1978     15.9664     15.9694 0.000185047
        1979     15.9717     15.9694 0.000184957
        1980     15.9723     15.9694 0.000184869
        1981     15.9698     15.9694 0.000184776
        1982     15.9715     15.9694 0.000184686
        1983     15.9752     15.9694 0.000184616
        1984     15.9708     15.9694 0.000184524
        1985     15.9604     15.9694 0.000184486
        1986     15.9572     15.9694 0.000184495
        1987     15.9621     15.9694 0.000184438
        1988     15.9683     15.9694 0.000184347
        1989     15.9717     15.9694 0.000184258
        1990     15.9721     15.9694  0.00018417
        1991     15.9705     15.9694 0.000184079
        1992     15.9688     15.9694 0.000183986
        1993     15.9682     15.9694 0.000183895
        1994     15.9691     15.9694 0.000183803
        1995     15.9705     15.9694 0.000183712
        1996     15.9717     15.9694 0.000183623
        1997     15.9719     15.9694 0.000183536
        1998     15.9704     15.9694 0.000183445
        1999     15.9672     15.9694 0.000183356
        2000     15.9634     15.9694 0.000183289
        2001     15.9611     15.9694 0.000183244
        2002     15.9616     15.9694 0.000183194
        2003     15.9645     15.9694 0.000183119
        2004     15.9694     15.9694 0.000183027
        2005     15.9763     15.9694 0.000182969
        2006     15.9833     15.9694 0.000183009
        2007     15.9861     15.9694 0.000183108
        2008     15.9806     15.9694 0.000183102
        2009     15.9712     15.9694 0.000183013
        2010     15.9652     15.9694 0.000182934
        2011     15.9626     15.9694 0.000182874
        2012     15.9624     15.9694 0.000182817
        2013     15.9644     15.9694 0.000182743
        2014     15.9679     15.9694 0.000182653
        2015     15.9712     15.9694 0.000182565
        2016     15.9739     15.9694 0.000182488
        2017     15.9763     15.9694  0.00018243
        2018     15.9773     15.9694 0.000182382
        2019     15.9734     15.9694 0.000182303
        2020     15.9648     15.9694 0.000182227
        2021     15.9585     15.9694 0.000182216
        2022     15.9585     15.9694 0.000182205
        2023     15.9623     15.9694 0.000182149
        2024     15.9659     15.9694 0.000182067
        2025     15.9685     15.9694 0.000181977
        2026     15.9705     15.9694 0.000181888
        2027     15.9719     15.9694 0.000181803
        2028     15.9724     15.9694  0.00018172
        2029     15.9714     15.9694 0.000181633
        2030     15.9692     15.9694 0.000181543
        2031     15.9666     15.9694 0.000181459
        2032     15.9652     15.9694 0.000181382
        2033      15.965     15.9694 0.000181305
        2034     15.9655     15.9694 0.000181226
        2035     15.9659     15.9694 0.000181145
        2036     15.9661     15.9694 0.000181063
        2037     15.9669     15.9694 0.000180979
        2038     15.9691     15.9694  0.00018089
        2039     15.9728     15.9694 0.000180809
        2040     15.9772     15.9694 0.000180761
        2041     15.9805     15.9694 0.000180755
        2042     15.9803     15.9694 0.000180745
        2043     15.9758     15.9694 0.000180684
        2044     15.9686     15.9694 0.000180596
        2045     15.9614     15.9694  0.00018055
        2046     15.9587     15.9694 0.000180537
        2047     15.9642     15.9694 0.000180467
        2048      15.978     15.9694 0.000180428
        2049     15.9953     15.9694 0.000180784
        2050      16.001     15.9694 0.000181353
        2051     15.9787     15.9694 0.000181321
        2052     15.9478     15.9694 0.000181538
        2053     15.9367     15.9694 0.000182144
        2054     15.9406     15.9694 0.000182595
        2055      15.949     15.9694 0.000182775
        2056     15.9581     15.9694 0.000182768
        2057      15.966     15.9694 0.000182686
        2058     15.9719     15.9694 0.000182602
        2059      15.976     15.9694 0.000182542
        2060     15.9777     15.9694 0.000182498
        2061     15.9757     15.9694 0.000182436
        2062     15.9697     15.9694 0.000182348
        2063     15.9615     15.9694 0.000182299
        2064     15.9551     15.9694 0.000182342
        2065     15.9535     15.9693 0.000182415
        2066     15.9563     15.9693 0.000182435
        2067     15.9608     15.9693 0.000182394
        2068     15.9646     15.9693  0.00018232
        2069     15.9675     15.9693 0.000182234
        2070     15.9696     15.9693 0.000182146
        2071     15.9714     15.9693 0.000182061
        2072     15.9735     15.9693 0.000181984
        2073     15.9762     15.9693 0.000181927
        2074     15.9798     15.9693 0.000181909
        2075     15.9835     15.9693 0.000181949
        2076     15.9823     15.9694 0.000181969
        2077     15.9699     15.9694 0.000181882
        2078     15.9519     15.9693 0.000181987
        2079     15.9441     15.9693 0.000182306
        2080     15.9471     15.9693 0.000182531
        2081     15.9531     15.9693  0.00018261
        2082      15.958     15.9693 0.000182603
        2083     15.9612     15.9693 0.000182557
        2084     15.9637     15.9693 0.000182489
        2085     15.9663     15.9693 0.000182407
        2086     15.9695     15.9693  0.00018232
        2087     15.9732     15.9693 0.000182242
        2088     15.9761     15.9693 0.000182184
        2089     15.9771     15.9693 0.000182135
        2090     15.9757     15.9693 0.000182074
        2091     15.9719     15.9693 0.000181991
        2092     15.9665     15.9693 0.000181909
        2093     15.9619     15.9693 0.000181856
        2094       15.96     15.9693 0.000181823
        2095     15.9617     15.9693 0.000181773
        2096     15.9648     15.9693 0.000181699
        2097     15.9668     15.9693 0.000181616
        2098     15.9669     15.9693 0.000181533
        2099     15.9666     15.9693 0.000181451
        2100     15.9681     15.9693 0.000181366
        2101     15.9722     15.9693 0.000181284
        2102     15.9776     15.9693 0.000181241
        2103     15.9814     15.9693 0.000181246
        2104     15.9807     15.9693 0.000181241
        2105     15.9743     15.9693  0.00018117
        2106     15.9645     15.9693 0.000181099
        2107     15.9563     15.9693 0.000181118
        2108     15.9534     15.9693  0.00018119
        2109     15.9548     15.9693 0.000181234
        2110     15.9577     15.9693 0.000181232
        2111     15.9599     15.9693 0.000181201
        2112     15.9615     15.9693 0.000181152
        2113     15.9628     15.9693 0.000181092
        2114     15.9637     15.9693 0.000181026
        2115     15.9643     15.9693 0.000180955
        2116     15.9648     15.9693 0.000180882
        2117     15.9653     15.9693 0.000180807
        2118     15.9662     15.9693 0.000180727
        2119     15.9675     15.9693 0.000180644
        2120     15.9693     15.9693 0.000180558
        2121     15.9715     15.9693 0.000180477
        2122      15.974     15.9693 0.000180405
        2123     15.9762     15.9693  0.00018035
        2124     15.9775     15.9693 0.000180307
        2125     15.9777     15.9693 0.000180266
        2126      15.976     15.9693 0.000180209
        2127     15.9718     15.9693 0.000180128
        2128     15.9658     15.9693  0.00018005
        2129     15.9607     15.9693 0.000180011
        2130     15.9591     15.9693  0.00017999
        2131     15.9605     15.9693 0.000179953
        2132     15.9632     15.9693 0.000179891
        2133     15.9656     15.9693 0.000179815
        2134     15.9673     15.9693 0.000179733
        2135     15.9682     15.9693  0.00017965
        2136     15.9684     15.9693 0.000179566
        2137     15.9683     15.9693 0.000179483
        2138     15.9681     15.9693   0.0001794
        2139      15.968     15.9693 0.000179317
        2140     15.9682     15.9693 0.000179233
        2141     15.9687     15.9693  0.00017915
        2142     15.9696     15.9693 0.000179066
        2143      15.971     15.9693 0.000178985
        2144     15.9729     15.9693 0.000178909
        2145     15.9746     15.9693 0.000178843
        2146     15.9737     15.9693 0.000178772
        2147     15.9686     15.9693 0.000178689
        2148     15.9621     15.9693 0.000178637
        2149     15.9591     15.9693 0.000178616
        2150     15.9609     15.9693 0.000178575
        2151     15.9649     15.9693 0.000178504
        2152     15.9679     15.9693 0.000178422
        2153     15.9688     15.9693 0.000178339
        2154     15.9676     15.9693 0.000178258
        2155     15.9657     15.9692 0.000178183
        2156      15.964     15.9692 0.000178117
        2157     15.9633     15.9692 0.000178056
        2158     15.9634     15.9692 0.000177994
        2159     15.9641     15.9692 0.000177928
        2160     15.9655     15.9692 0.000177854
        2161      15.968     15.9692 0.000177772
        2162     15.9712     15.9692 0.000177692
        2163     15.9748     15.9692 0.000177629
        2164     15.9779     15.9692 0.000177592
        2165     15.9767     15.9692 0.000177543
        2166     15.9688     15.9692 0.000177461
        2167      15.959     15.9692 0.000177443
        2168     15.9559     15.9692 0.000177468
        2169     15.9606     15.9692 0.000177431
        2170     15.9686     15.9692 0.000177349
        2171     15.9743     15.9692 0.000177283
        2172     15.9718     15.9692 0.000177205
        2173     15.9619     15.9692 0.000177155
        2174     15.9545     15.9692 0.000177203
        2175     15.9549     15.9692 0.000177244
        2176     15.9597     15.9692 0.000177217
        2177     15.9649     15.9692 0.000177147
        2178     15.9694     15.9692 0.000177065
        2179      15.973     15.9692 0.000176993
        2180     15.9759     15.9692 0.000176938
        2181     15.9778     15.9692 0.000176901
        2182     15.9786     15.9692 0.000176872
        2183     15.9782     15.9692 0.000176839
        2184     15.9771     15.9692 0.000176795
        2185     15.9758     15.9692 0.000176739
        2186     15.9746     15.9692 0.000176675
        2187     15.9736     15.9692 0.000176606
        2188     15.9724     15.9692 0.000176531
        2189     15.9704     15.9692 0.000176451
        2190     15.9666     15.9692 0.000176374
        2191     15.9612     15.9692 0.000176333
        2192     15.9567     15.9692 0.000176345
        2193     15.9557     15.9692 0.000176372
        2194     15.9582     15.9692 0.000176363
        2195     15.9619     15.9692 0.000176315
        2196     15.9657     15.9692 0.000176242
        2197     15.9696     15.9692 0.000176162
        2198     15.9737     15.9692 0.000176094
        2199     15.9784     15.9692 0.000176063
        2200     15.9831     15.9692 0.000176096
        2201     15.9853     15.9692 0.000176167
        2202      15.981     15.9692 0.000176168
        2203     15.9706     15.9692 0.000176089
        2204     15.9618     15.9692 0.000176041
        2205     15.9591     15.9692 0.000176021
        2206     15.9601     15.9692  0.00017599
        2207     15.9618     15.9692 0.000175942
        2208     15.9633     15.9692 0.000175883
        2209     15.9648     15.9692 0.000175815
        2210     15.9665     15.9692  0.00017574
        2211     15.9684     15.9692 0.000175661
        2212     15.9702     15.9692 0.000175582
        2213     15.9715     15.9692 0.000175506
        2214     15.9719     15.9692 0.000175431
        2215     15.9712     15.9692 0.000175354
        2216     15.9699     15.9692 0.000175275
        2217     15.9689     15.9692 0.000175196
        2218     15.9682     15.9692 0.000175117
        2219     15.9683     15.9692 0.000175039
        2220     15.9692     15.9692  0.00017496
        2221     15.9711     15.9692 0.000174883
        2222     15.9726     15.9692 0.000174811
        2223     15.9704     15.9692 0.000174733
        2224     15.9637     15.9692 0.000174673
        2225     15.9577     15.9692 0.000174671
        2226      15.958     15.9692 0.000174666
        2227     15.9631     15.9692 0.000174609
        2228     15.9692     15.9692  0.00017453
        2229     15.9745     15.9692 0.000174468
        2230     15.9782     15.9692 0.000174437
        2231     15.9787     15.9692 0.000174411
        2232     15.9741     15.9692 0.000174347
        2233     15.9662     15.9692 0.000174274
        2234       15.96     15.9692 0.000174245
        2235     15.9581     15.9692 0.000174238
        2236     15.9597     15.9692 0.000174211
        2237     15.9633     15.9692 0.000174153
        2238      15.968     15.9692 0.000174076
        2239     15.9738     15.9692 0.000174011
        2240     15.9809     15.9692 0.000174011
        2241     15.9888     15.9692 0.000174154
        2242     15.9913     15.9692 0.000174355
        2243     15.9755     15.9692   0.0001743
        2244     15.9495     15.9692 0.000174443
        2245     15.9409     15.9692 0.000174821
        2246     15.9488     15.9692 0.000174979
        2247     15.9586     15.9692 0.000174966
        2248      15.965     15.9692 0.000174898
        2249     15.9684     15.9692  0.00017482
        2250     15.9702     15.9692 0.000174743
        2251     15.9711     15.9692 0.000174668
        2252     15.9718     15.9692 0.000174594
        2253     15.9722     15.9692 0.000174521
        2254     15.9722     15.9692 0.000174449
        2255     15.9715     15.9692 0.000174375
        2256       15.97     15.9692 0.000174298
        2257     15.9678     15.9692 0.000174222
        2258     15.9655     15.9692 0.000174152
        2259     15.9639     15.9692 0.000174091
        2260     15.9638     15.9692  0.00017403
        2261     15.9651     15.9692 0.000173963
        2262     15.9674     15.9692 0.000173888
        2263       15.97     15.9692 0.000173811
        2264     15.9723     15.9692  0.00017374
        2265     15.9733     15.9692 0.000173672
        2266     15.9725     15.9692 0.000173602
        2267     15.9704     15.9692 0.000173526
        2268     15.9677     15.9692 0.000173451
        2269     15.9656     15.9692 0.000173382
        2270     15.9671     15.9692 0.000173308
        2271     15.9766     15.9692 0.000173262
        2272     15.9933     15.9692  0.00017351
        2273     15.9965     15.9692 0.000173848
        2274     15.9693     15.9692 0.000173772
        2275     15.9466     15.9692 0.000173979
        2276      15.946     15.9692 0.000174201
        2277     15.9519     15.9692  0.00017429
        2278     15.9583     15.9692 0.000174279
        2279     15.9642     15.9692 0.000174216
        2280     15.9688     15.9692  0.00017414
        2281     15.9713     15.9692 0.000174066
        2282     15.9716     15.9692 0.000173993
        2283     15.9702     15.9692 0.000173917
        2284     15.9687     15.9692 0.000173841
        2285     15.9673     15.9692 0.000173767
        2286     15.9663     15.9692 0.000173696
        2287      15.966     15.9692 0.000173626
        2288     15.9667     15.9692 0.000173553
        2289     15.9681     15.9692 0.000173478
        2290     15.9694     15.9692 0.000173402
        2291     15.9701     15.9692 0.000173327
        2292     15.9702     15.9692 0.000173252
        2293     15.9699     15.9692 0.000173177
        2294     15.9693     15.9692 0.000173101
        2295     15.9688     15.9692 0.000173026
        2296     15.9684     15.9692 0.000172951
        2297     15.9677     15.9692 0.000172877
        2298      15.967     15.9692 0.000172804
        2299     15.9661     15.9692 0.000172734
        2300     15.9654     15.9692 0.000172667
        2301     15.9649     15.9692 0.000172602
        2302     15.9645     15.9692 0.000172539
        2303     15.9643     15.9692 0.000172477
        2304     15.9647     15.9692 0.000172413
        2305     15.9661     15.9692 0.000172343
        2306     15.9685     15.9692 0.000172269
        2307     15.9722     15.9692 0.000172199
        2308     15.9756     15.9692 0.000172147
        2309     15.9771     15.9692 0.000172106
        2310     15.9784     15.9692 0.000172078
        2311     15.9849     15.9692 0.000172138
        2312     15.9939     15.9692 0.000172396
        2313     15.9872     15.9692 0.000172497
        2314     15.9597     15.9692 0.000172472
        2315     15.9384     15.9692 0.000172911
        2316     15.9377     15.9692 0.000173369
        2317     15.9475     15.9692 0.000173547
        2318     15.9576     15.9692 0.000173545
        2319     15.9652     15.9692 0.000173478
        2320     15.9709     15.9692 0.000173405
        2321     15.9757     15.9692 0.000173353
        2322     15.9791     15.9692 0.000173332
        2323     15.9781     15.9692   0.0001733
        2324     15.9707     15.9692 0.000173226
        2325     15.9617     15.9692 0.000173182
        2326     15.9579     15.9692 0.000173175
        2327     15.9596     15.9692 0.000173149
        2328     15.9632     15.9692 0.000173094
        2329     15.9663     15.9692 0.000173024
        2330     15.9684     15.9692  0.00017295
        2331     15.9696     15.9692 0.000172876
        2332     15.9702     15.9692 0.000172803
        2333     15.9701     15.9692 0.000172729
        2334     15.9693     15.9692 0.000172655
        2335     15.9682     15.9692 0.000172582
        2336     15.9669     15.9692 0.000172511
        2337     15.9656     15.9692 0.000172444
        2338     15.9648     15.9692  0.00017238
        2339     15.9651     15.9692 0.000172315
        2340     15.9666     15.9692 0.000172245
        2341     15.9691     15.9692 0.000172171
        2342     15.9716     15.9692 0.000172101
        2343     15.9724     15.9692 0.000172033
        2344     15.9705     15.9692  0.00017196
        2345     15.9665     15.9692 0.000171891
        2346     15.9632     15.9691 0.000171836
        2347     15.9623     15.9691 0.000171788
        2348     15.9637     15.9691  0.00017173
        2349      15.966     15.9691 0.000171662
        2350     15.9682     15.9691  0.00017159
        2351     15.9702     15.9691 0.000171517
        2352     15.9718     15.9691 0.000171448
        2353     15.9729     15.9691 0.000171383
        2354     15.9728     15.9691 0.000171317
        2355     15.9717     15.9691 0.000171248
        2356     15.9697     15.9691 0.000171175
        2357     15.9675     15.9691 0.000171104
        2358     15.9664     15.9691 0.000171035
        2359     15.9674     15.9691 0.000170965
        2360     15.9715     15.9691 0.000170895
        2361     15.9771     15.9692 0.000170856
        2362     15.9784     15.9692 0.000170828
        2363     15.9696     15.9692 0.000170756
        2364     15.9571     15.9691 0.000170761
        2365     15.9529     15.9691 0.000170826
        2366     15.9568     15.9691 0.000170833
        2367     15.9625     15.9691 0.000170784
        2368      15.967     15.9691 0.000170714
        2369     15.9695     15.9691 0.000170642
        2370     15.9702     15.9691 0.000170571
        2371      15.969     15.9691 0.000170499
        2372     15.9669     15.9691  0.00017043
        2373     15.9651     15.9691 0.000170366
        2374     15.9649     15.9691 0.000170304
        2375     15.9657     15.9691 0.000170238
        2376      15.967     15.9691 0.000170169
        2377     15.9684     15.9691 0.000170098
        2378     15.9693     15.9691 0.000170026
        2379     15.9698     15.9691 0.000169955
        2380       15.97     15.9691 0.000169884
        2381     15.9703     15.9691 0.000169814
        2382     15.9705     15.9691 0.000169743
        2383     15.9707     15.9691 0.000169673
        2384      15.971     15.9691 0.000169604
        2385     15.9713     15.9691 0.000169535
        2386     15.9718     15.9691 0.000169468
        2387     15.9722     15.9691 0.000169402
        2388      15.972     15.9691 0.000169335
        2389     15.9711     15.9691 0.000169266
        2390     15.9689     15.9691 0.000169195
        2391     15.9661     15.9691 0.000169129
        2392     15.9636     15.9691 0.000169074
        2393     15.9625     15.9691 0.000169027
        2394     15.9629     15.9691 0.000168976
        2395     15.9648     15.9691 0.000168915
        2396     15.9677     15.9691 0.000168846
        2397     15.9713     15.9691 0.000168778
        2398     15.9752     15.9691 0.000168727
        2399     15.9781     15.9691 0.000168698
        2400     15.9776     15.9691 0.000168664
        2401     15.9729     15.9691 0.000168601
        2402     15.9663     15.9691 0.000168535
        2403     15.9627     15.9691 0.000168486
        2404     15.9629     15.9691 0.000168436
        2405     15.9651     15.9691 0.000168374
        2406     15.9675     15.9691 0.000168306
        2407     15.9691     15.9691 0.000168236
        2408     15.9698     15.9691 0.000168166
        2409     15.9697     15.9691 0.000168097
        2410     15.9696     15.9691 0.000168027
        2411     15.9704     15.9691 0.000167958
        2412     15.9724     15.9691 0.000167894
        2413     15.9755     15.9691 0.000167845
        2414     15.9775     15.9691 0.000167812
        2415     15.9759     15.9691 0.000167766
        2416     15.9702     15.9691 0.000167697
        2417     15.9644     15.9691 0.000167638
        2418     15.9626     15.9691 0.000167591
        2419     15.9639     15.9691 0.000167535
        2420     15.9656     15.9691 0.000167472
        2421      15.966     15.9691 0.000167408
        2422     15.9655     15.9691 0.000167346
        2423     15.9648     15.9691 0.000167286
        2424     15.9646     15.9691 0.000167228
        2425     15.9651     15.9691 0.000167167
        2426     15.9661     15.9691 0.000167103
        2427     15.9672     15.9691 0.000167036
        2428     15.9681     15.9691 0.000166967
        2429     15.9688     15.9691 0.000166899
        2430     15.9695     15.9691  0.00016683
        2431     15.9705     15.9691 0.000166763
        2432     15.9719     15.9691 0.000166698
        2433     15.9733     15.9691 0.000166638
        2434     15.9741     15.9691 0.000166582
        2435     15.9745     15.9691 0.000166528
        2436     15.9752     15.9691 0.000166479
        2437     15.9772     15.9691 0.000166443
        2438     15.9803     15.9691 0.000166439
        2439     15.9822     15.9691 0.000166457
        2440     15.9781     15.9691 0.000166429
        2441     15.9641     15.9691 0.000166374
        2442     15.9474     15.9691 0.000166544
        2443     15.9415     15.9691 0.000166859
        2444     15.9467     15.9691 0.000167043
        2445      15.955     15.9691 0.000167074
        2446     15.9619     15.9691 0.000167032
        2447     15.9666     15.9691 0.000166967
        2448       15.97     15.9691 0.000166899
        2449     15.9723     15.9691 0.000166836
        2450     15.9741     15.9691 0.000166781
        2451     15.9754     15.9691 0.000166732
        2452      15.976     15.9691 0.000166688
        2453     15.9753     15.9691 0.000166639
        2454     15.9734     15.9691  0.00016658
        2455     15.9708     15.9691 0.000166514
        2456     15.9687     15.9691 0.000166446
        2457     15.9682     15.9691 0.000166379
        2458     15.9696     15.9691 0.000166311
        2459     15.9719     15.9691 0.000166248
        2460     15.9734     15.9691 0.000166189
        2461     15.9727     15.9691 0.000166128
        2462     15.9704     15.9691 0.000166061
        2463     15.9695     15.9691 0.000165994
        2464     15.9719     15.9691  0.00016593
        2465      15.978     15.9691 0.000165902
        2466     15.9846     15.9691 0.000165954
        2467     15.9851     15.9691 0.000166013
        2468     15.9748     15.9691 0.000165962
        2469     15.9611     15.9691 0.000165927
        2470     15.9565     15.9691 0.000165938
        2471     15.9606     15.9691 0.000165907
        2472     15.9644     15.9691 0.000165851
        2473     15.9649     15.9691 0.000165793
        2474     15.9653     15.9691 0.000165734
        2475     15.9676     15.9691 0.000165668
        2476     15.9699     15.9691 0.000165601
        2477     15.9707     15.9691 0.000165536
        2478     15.9701     15.9691 0.000165469
        2479     15.9696     15.9691 0.000165403
        2480       15.97     15.9691 0.000165336
        2481      15.971     15.9691 0.000165272
        2482     15.9722     15.9691  0.00016521
        2483     15.9729     15.9691  0.00016515
        2484     15.9727     15.9691  0.00016509
        2485     15.9717     15.9691 0.000165026
        2486     15.9699     15.9691  0.00016496
        2487     15.9678     15.9691 0.000164895
        2488     15.9664     15.9691 0.000164832
        2489     15.9662     15.9691  0.00016477
        2490     15.9671     15.9691 0.000164706
        2491     15.9683     15.9691  0.00016464
        2492     15.9692     15.9691 0.000164574
        2493     15.9696     15.9691 0.000164508
        2494     15.9691     15.9691 0.000164442
        2495     15.9672     15.9691 0.000164378
        2496     15.9642     15.9691 0.000164324
        2497     15.9624     15.9691 0.000164281
        2498     15.9628     15.9691 0.000164234
        2499     15.9653     15.9691 0.000164176
        2500     15.9683     15.9691 0.000164111
        2501      15.971     15.9691 0.000164047
        2502     15.9729     15.9691 0.000163988
        2503     15.9737     15.9691 0.000163933
        2504     15.9731     15.9691 0.000163875
        2505     15.9714     15.9691 0.000163812
        2506     15.9693     15.9691 0.000163747
        2507      15.967     15.9691 0.000163684
        2508     15.9645     15.9691 0.000163629
        2509     15.9629     15.9691 0.000163582
        2510     15.9627     15.9691 0.000163537
        2511     15.9636     15.9691 0.000163487
        2512      15.965     15.9691  0.00016343
        2513     15.9662     15.9691 0.000163369
        2514     15.9671     15.9691 0.000163306
        2515     15.9674     15.9691 0.000163243
        2516      15.968     15.9691 0.000163179
        2517     15.9703     15.9691 0.000163115
        2518     15.9766     15.9691 0.000163077
        2519     15.9899     15.9691 0.000163222
        2520     16.0037     15.9691 0.000163734
        2521     15.9885     15.9691 0.000163849
        2522     15.9457     15.9691 0.000164048
        2523     15.9322     15.9691 0.000164634
        2524     15.9446     15.9691 0.000164855
        2525     15.9561     15.9691 0.000164871
        2526     15.9623     15.9691 0.000164827
        2527     15.9652     15.9691 0.000164769
        2528     15.9666     15.9691 0.000164707
        2529     15.9676     15.9691 0.000164643
        2530     15.9695     15.9691 0.000164578
        2531     15.9727     15.9691 0.000164519
        2532     15.9761     15.9691 0.000164477
        2533     15.9772     15.9691 0.000164443
        2534     15.9751     15.9691 0.000164396
        2535     15.9717     15.9691 0.000164334
        2536     15.9687     15.9691 0.000164269
        2537     15.9666     15.9691 0.000164207
        2538     15.9662     15.9691 0.000164147
        2539     15.9674     15.9691 0.000164083
        2540     15.9688     15.9691 0.000164019
        2541     15.9694     15.9691 0.000163954
        2542     15.9691     15.9691  0.00016389
        2543     15.9677     15.9691 0.000163826
        2544     15.9664     15.9691 0.000163765
        2545     15.9664     15.9691 0.000163704
        2546     15.9676     15.9691 0.000163641
        2547     15.9687     15.9691 0.000163577
        2548     15.9686     15.9691 0.000163513
        2549     15.9659     15.9691 0.000163454
        2550     15.9614     15.9691 0.000163418
        2551     15.9587     15.9691 0.000163405
        2552     15.9595     15.9691 0.000163384
        2553     15.9623     15.9691 0.000163342
        2554     15.9651     15.9691 0.000163285
        2555     15.9679     15.9691 0.000163222
        2556     15.9713     15.9691  0.00016316
        2557     15.9754     15.9691 0.000163115
        2558     15.9797     15.9691 0.000163104
        2559     15.9835     15.9691 0.000163137
        2560     15.9851     15.9691 0.000163193
        2561      15.983     15.9691 0.000163219
        2562     15.9768     15.9691 0.000163183
        2563     15.9687     15.9691 0.000163119
        2564     15.9623     15.9691 0.000163077
        2565     15.9596     15.9691 0.000163056
        2566     15.9604     15.9691 0.000163028
        2567     15.9627     15.9691 0.000162983
        2568     15.9653     15.9691 0.000162927
        2569     15.9672     15.9691 0.000162865
        2570     15.9684     15.9691 0.000162802
        2571      15.969     15.9691 0.000162739
        2572     15.9694     15.9691 0.000162675
        2573       15.97     15.9691 0.000162612
        2574     15.9712     15.9691 0.000162551
        2575     15.9729     15.9691 0.000162495
        2576     15.9742     15.9691 0.000162444
        2577     15.9737     15.9691 0.000162391
        2578     15.9711     15.9691  0.00016233
        2579     15.9679     15.9691 0.000162267
        2580     15.9667     15.9691 0.000162207
        2581     15.9686     15.9691 0.000162144
        2582     15.9729     15.9691 0.000162088
        2583     15.9792     15.9691 0.000162072
        2584     15.9864     15.9691 0.000162148
        2585     15.9893     15.9691 0.000162272
        2586     15.9777     15.9691 0.000162243
        2587     15.9562     15.9691 0.000162258
        2588     15.9462     15.9691 0.000162437
        2589      15.951     15.9691 0.000162526
        2590     15.9594     15.9691 0.000162506
        2591     15.9663     15.9691 0.000162447
        2592     15.9709     15.9691 0.000162386
        2593      15.974     15.9691 0.000162334
        2594     15.9763     15.9691 0.000162295
        2595     15.9785     15.9691 0.000162273
        2596     15.9801     15.9691 0.000162265
        2597     15.9799     15.9691 0.000162256
        2598     15.9765     15.9691 0.000162218
        2599     15.9704     15.9691 0.000162156
        2600     15.9642     15.9691 0.000162105
        2601      15.961     15.9691 0.000162073
        2602     15.9617     15.9691 0.000162036
        2603     15.9646     15.9691 0.000161983
        2604     15.9676     15.9691 0.000161922
        2605     15.9698     15.9691  0.00016186
        2606      15.971     15.9691 0.000161799
        2607     15.9713     15.9691 0.000161739
        2608     15.9714     15.9691  0.00016168
        2609     15.9715     15.9691  0.00016162
        2610     15.9715     15.9691 0.000161561
        2611     15.9713     15.9691 0.000161501
        2612     15.9707     15.9691 0.000161441
        2613     15.9702     15.9691 0.000161379
        2614     15.9704     15.9691 0.000161318
        2615     15.9716     15.9691  0.00016126
        2616     15.9741     15.9691 0.000161209
        2617     15.9774     15.9691 0.000161178
        2618     15.9808     15.9691 0.000161178
        2619     15.9822     15.9691 0.000161194
        2620     15.9787     15.9691 0.000161173
        2621       15.97     15.9691 0.000161112
        2622     15.9613     15.9691 0.000161079
        2623     15.9584     15.9691 0.000161069
        2624     15.9607     15.9691  0.00016104
        2625     15.9647     15.9691 0.000160987
        2626     15.9684     15.9691 0.000160926
        2627     15.9711     15.9691 0.000160867
        2628     15.9733     15.9691 0.000160813
        2629     15.9754     15.9691  0.00016077
        2630     15.9782     15.9691 0.000160745
        2631     15.9808     15.9691 0.000160745
        2632     15.9806     15.9691 0.000160744
        2633     15.9743     15.9691 0.000160695
        2634     15.9642     15.9691 0.000160644
        2635     15.9579     15.9691  0.00016064
        2636     15.9581     15.9691 0.000160634
        2637     15.9614     15.9691 0.000160599
        2638     15.9644     15.9691 0.000160549
        2639     15.9662     15.9691 0.000160492
        2640     15.9671     15.9691 0.000160433
        2641     15.9676     15.9691 0.000160373
        2642     15.9682     15.9691 0.000160312
        2643     15.9693     15.9691 0.000160252
        2644     15.9712     15.9691 0.000160193
        2645     15.9742     15.9691 0.000160144
        2646     15.9777     15.9691 0.000160116
        2647     15.9787     15.9691 0.000160096
        2648     15.9731     15.9691 0.000160043
        2649     15.9629     15.9691 0.000159999
        2650     15.9565     15.9691  0.00016001
        2651     15.9571     15.9691 0.000160014
        2652     15.9605     15.9691 0.000159986
        2653     15.9636     15.9691  0.00015994
        2654     15.9654     15.9691 0.000159886
        2655     15.9661     15.9691  0.00015983
        2656     15.9663     15.9691 0.000159773
        2657     15.9663     15.9691 0.000159716
        2658     15.9663     15.9691  0.00015966
        2659     15.9665     15.9691 0.000159603
        2660     15.9668     15.9691 0.000159545
        2661     15.9673     15.9691 0.000159486
        2662     15.9682     15.9691 0.000159427
        2663     15.9694     15.9691 0.000159367
        2664     15.9716     15.9691  0.00015931
        2665      15.975     15.9691 0.000159265
        2666     15.9795     15.9691 0.000159253
        2667     15.9835     15.9691 0.000159284
        2668     15.9831     15.9691 0.000159311
        2669     15.9753     15.9691 0.000159268
        2670     15.9631     15.9691 0.000159224
        2671     15.9545     15.9691 0.000159259
        2672     15.9532     15.9691 0.000159312
        2673     15.9564     15.9691 0.000159323
        2674     15.9608     15.9691 0.000159294
        2675     15.9648     15.9691 0.000159243
        2676     15.9682     15.9691 0.000159184
        2677     15.9708     15.9691 0.000159126
        2678     15.9724     15.9691 0.000159071
        2679     15.9729     15.9691 0.000159018
        2680     15.9725     15.9691 0.000158964
        2681     15.9719     15.9691 0.000158908
        2682     15.9711     15.9691  0.00015885
        2683     15.9695     15.9691 0.000158791
        2684     15.9672     15.9691 0.000158734
        2685     15.9649     15.9691 0.000158682
        2686     15.9632     15.9691 0.000158638
        2687     15.9628     15.9691 0.000158597
        2688     15.9635     15.9691 0.000158552
        2689     15.9647     15.9691 0.000158501
        2690     15.9662     15.9691 0.000158446
        2691     15.9677     15.9691 0.000158388
        2692      15.969     15.9691 0.000158329
        2693     15.9701     15.9691  0.00015827
        2694     15.9711     15.9691 0.000158213
        2695     15.9717     15.9691 0.000158158
        2696     15.9718     15.9691 0.000158102
        2697     15.9715     15.9691 0.000158046
        2698     15.9707     15.9691 0.000157989
        2699     15.9701     15.9691 0.000157931
        2700     15.9698     15.9691 0.000157872
        2701     15.9696     15.9691 0.000157814
        2702     15.9689     15.9691 0.000157756
        2703     15.9682     15.9691 0.000157698
        2704     15.9697     15.9691 0.000157639
        2705      15.975     15.9691 0.000157596
        2706     15.9809     15.9691 0.000157598
        2707     15.9777     15.9691 0.000157571
        2708     15.9615     15.9691 0.000157538
        2709     15.9483     15.9691 0.000157668
        2710     15.9487     15.9691  0.00015779
        2711     15.9555     15.9691 0.000157812
        2712     15.9618     15.9691 0.000157776
        2713     15.9664     15.9691 0.000157721
        2714     15.9695     15.9691 0.000157663
        2715      15.971     15.9691 0.000157607
        2716     15.9705     15.9691 0.000157549
        2717     15.9685     15.9691 0.000157492
        2718     15.9667     15.9691 0.000157436
        2719     15.9672     15.9691  0.00015738
        2720     15.9697     15.9691 0.000157322
        2721     15.9705     15.9691 0.000157265
        2722     15.9655     15.9691 0.000157213
        2723     15.9576     15.9691 0.000157212
        2724     15.9543     15.9691 0.000157249
        2725     15.9573     15.9691  0.00015725
        2726     15.9628     15.9691  0.00015721
        2727     15.9687     15.9691 0.000157152
        2728     15.9752     15.9691 0.000157111
        2729     15.9831     15.9691 0.000157137
        2730     15.9909     15.9691 0.000157283
        2731     15.9915     15.9691  0.00015744
        2732     15.9785     15.9691  0.00015742
        2733      15.961     15.9691 0.000157391
        2734     15.9561     15.9691 0.000157405
        2735     15.9608     15.9691 0.000157377
        2736     15.9616     15.9691 0.000157343
        2737      15.958     15.9691 0.000157338
        2738     15.9566     15.9691 0.000157347
        2739     15.9591     15.9691 0.000157332
        2740     15.9628     15.9691 0.000157291
        2741     15.9656     15.9691 0.000157239
        2742     15.9673     15.9691 0.000157183
        2743     15.9684     15.9691 0.000157125
        2744     15.9705     15.9691 0.000157069
        2745     15.9739     15.9691 0.000157022
        2746     15.9777     15.9691 0.000156996
        2747     15.9798     15.9691 0.000156987
        2748     15.9781     15.9691 0.000156964
        2749     15.9725     15.9691 0.000156912
        2750     15.9656     15.9691  0.00015686
        2751     15.9609     15.9691 0.000156831
        2752     15.9598     15.9691  0.00015681
        2753     15.9616     15.9691 0.000156777
        2754     15.9644     15.9691  0.00015673
        2755     15.9674     15.9691 0.000156674
        2756     15.9707     15.9691 0.000156618
        2757     15.9739     15.9691 0.000156571
        2758     15.9763     15.9691 0.000156536
        2759     15.9765     15.9691 0.000156503
        2760     15.9737     15.9691 0.000156455
        2761      15.969     15.9691 0.000156398
        2762     15.9652     15.9691 0.000156348
        2763     15.9637     15.9691 0.000156304
        2764     15.9639     15.9691 0.000156258
        2765     15.9647     15.9691  0.00015621
        2766     15.9656     15.9691 0.000156158
        2767     15.9663     15.9691 0.000156105
        2768     15.9668     15.9691 0.000156051
        2769     15.9671     15.9691 0.000155996
        2770     15.9674     15.9691 0.000155941
        2771     15.9674     15.9691 0.000155886
        2772     15.9672     15.9691 0.000155831
        2773      15.967     15.9691 0.000155777
        2774     15.9669     15.9691 0.000155722
        2775     15.9674     15.9691 0.000155667
        2776     15.9694     15.9691 0.000155611
        2777     15.9744     15.9691 0.000155567
        2778     15.9831     15.9691 0.000155593
        2779     15.9926     15.9691 0.000155767
        2780     15.9936     15.9691  0.00015596
        2781     15.9802     15.9691 0.000155955
        2782     15.9634     15.9691 0.000155912
        2783     15.9551     15.9691 0.000155938
        2784     15.9541     15.9691 0.000155975
        2785       15.96     15.9691 0.000155953
        2786      15.972     15.9691   0.0001559
        2787     15.9827     15.9691 0.000155921
        2788     15.9815     15.9691 0.000155929
        2789     15.9664     15.9691 0.000155876
        2790     15.9502     15.9691 0.000155967
        2791     15.9444     15.9691 0.000156162
        2792     15.9473     15.9691 0.000156301
        2793     15.9533     15.9691 0.000156347
        2794     15.9589     15.9691 0.000156334
        2795     15.9633     15.9691 0.000156292
        2796     15.9666     15.9691 0.000156238
        2797     15.9691     15.9691 0.000156182
        2798     15.9708     15.9691 0.000156128
        2799     15.9715     15.9691 0.000156074
        2800      15.971     15.9691  0.00015602
        2801     15.9697     15.9691 0.000155965
        2802     15.9683     15.9691 0.000155909
        2803     15.9679     15.9691 0.000155854
        2804     15.9685     15.9691 0.000155799
        2805     15.9702     15.9691 0.000155744
        2806     15.9728     15.9691 0.000155694
        2807      15.976     15.9691 0.000155658
        2808     15.9794     15.9691 0.000155646
        2809     15.9824     15.9691 0.000155663
        2810     15.9834     15.9691 0.000155691
        2811     15.9808     15.9691 0.000155692
        2812     15.9737     15.9691 0.000155645
        2813     15.9635     15.9691 0.000155602
        2814     15.9548     15.9691  0.00015563
        2815     15.9519     15.9691 0.000155694
        2816     15.9549     15.9691  0.00015572
        2817       15.96     15.9691 0.000155699
        2818     15.9641     15.9691 0.000155653
        2819     15.9658     15.9691 0.000155602
        2820     15.9659     15.9691 0.000155551
        2821      15.966     15.9691   0.0001555
        2822     15.9668     15.9691 0.000155447
        2823     15.9686     15.9691 0.000155392
        2824     15.9704     15.9691 0.000155337
        2825      15.972     15.9691 0.000155286
        2826     15.9728     15.9691 0.000155237
        2827     15.9727     15.9691 0.000155187
        2828     15.9713     15.9691 0.000155134
        2829     15.9692     15.9691 0.000155079
        2830     15.9676     15.9691 0.000155026
        2831     15.9672     15.9691 0.000154972
        2832      15.969     15.9691 0.000154917
        2833     15.9726     15.9691 0.000154868
        2834     15.9772     15.9691  0.00015484
        2835     15.9796     15.9691 0.000154829
        2836     15.9754     15.9691 0.000154791
        2837     15.9643     15.9691 0.000154746
        2838     15.9536     15.9691 0.000154787
        2839     15.9508     15.9691 0.000154865
        2840     15.9542     15.9691 0.000154899
        2841     15.9593      15.969 0.000154883
        2842     15.9635      15.969 0.000154841
        2843     15.9668      15.969 0.000154788
        2844     15.9696      15.969 0.000154734
        2845     15.9725      15.969 0.000154684
        2846     15.9759      15.969 0.000154649
        2847     15.9787     15.9691 0.000154631
        2848     15.9783     15.9691 0.000154611
        2849     15.9723     15.9691 0.000154561
        2850      15.963     15.9691 0.000154521
        2851     15.9569      15.969 0.000154526
        2852     15.9571      15.969 0.000154529
        2853     15.9629      15.969 0.000154489
        2854     15.9715      15.969 0.000154438
        2855     15.9801      15.969 0.000154433
        2856     15.9828     15.9691 0.000154453
        2857     15.9737     15.9691 0.000154408
        2858     15.9593     15.9691 0.000154391
        2859     15.9516      15.969 0.000154457
        2860     15.9522      15.969 0.000154515
        2861     15.9562      15.969 0.000154526
        2862     15.9606      15.969 0.000154501
        2863     15.9646      15.969 0.000154455
        2864     15.9683      15.969 0.000154401
        2865     15.9714      15.969 0.000154349
        2866     15.9737      15.969 0.000154304
        2867     15.9751      15.969 0.000154265
        2868     15.9751      15.969 0.000154225
        2869      15.973      15.969 0.000154177
        2870     15.9694      15.969 0.000154124
        2871     15.9662      15.969 0.000154073
        2872     15.9646      15.969 0.000154027
        2873      15.964      15.969 0.000153984
        2874     15.9636      15.969 0.000153942
        2875     15.9641      15.969 0.000153898
        2876     15.9666      15.969 0.000153847
        2877     15.9717      15.969 0.000153796
        2878      15.978      15.969 0.000153774
        2879     15.9806      15.969 0.000153774
        2880     15.9739      15.969  0.00015373
        2881      15.963      15.969  0.00015369
        2882     15.9593      15.969 0.000153674
        2883     15.9627      15.969 0.000153637
        2884      15.967      15.969 0.000153585
        2885     15.9691      15.969 0.000153532
        2886     15.9697      15.969 0.000153479
        2887     15.9699      15.969 0.000153426
        2888       15.97      15.969 0.000153373
        2889      15.969      15.969  0.00015332
        2890     15.9671      15.969 0.000153268
        2891     15.9656      15.969  0.00015322
        2892     15.9665      15.969 0.000153169
        2893     15.9708      15.969 0.000153118
        2894     15.9783      15.969 0.000153098
        2895     15.9869      15.969  0.00015317
        2896     15.9909      15.969 0.000153303
        2897     15.9846     15.9691 0.000153343
        2898     15.9723     15.9691 0.000153295
        2899      15.965     15.9691 0.000153248
        2900     15.9645      15.969 0.000153203
        2901     15.9667      15.969 0.000153153
        2902     15.9675      15.969 0.000153101
        2903     15.9664      15.969 0.000153051
        2904     15.9645      15.969 0.000153006
        2905     15.9628      15.969 0.000152969
        2906     15.9624      15.969 0.000152933
        2907     15.9635      15.969 0.000152893
        2908     15.9656      15.969 0.000152845
        2909     15.9679      15.969 0.000152793
        2910     15.9698      15.969  0.00015274
        2911     15.9719      15.969 0.000152691
        2912     15.9746      15.969  0.00015265
        2913     15.9787      15.969 0.000152634
        2914     15.9835      15.969 0.000152662
        2915     15.9835     15.9691  0.00015269
        2916      15.973     15.9691 0.000152643
        2917     15.9585     15.9691 0.000152634
        2918      15.953      15.969 0.000152682
        2919     15.9562      15.969 0.000152693
        2920     15.9613      15.969 0.000152664
        2921     15.9647      15.969 0.000152619
        2922     15.9665      15.969 0.000152569
        2923     15.9675      15.969 0.000152518
        2924     15.9683      15.969 0.000152466
        2925     15.9693      15.969 0.000152414
        2926     15.9707      15.969 0.000152363
        2927     15.9725      15.969 0.000152315
        2928     15.9739      15.969 0.000152272
        2929     15.9737      15.969 0.000152229
        2930     15.9715      15.969 0.000152179
        2931     15.9691      15.969 0.000152127
        2932     15.9687      15.969 0.000152075
        2933     15.9705      15.969 0.000152024
        2934     15.9717      15.969 0.000151975
        2935       15.97      15.969 0.000151924
        2936     15.9658      15.969 0.000151876
        2937     15.9621      15.969 0.000151842
        2938     15.9618      15.969 0.000151811
        2939     15.9647      15.969 0.000151766
        2940     15.9687      15.969 0.000151715
        2941      15.971      15.969 0.000151665
        2942     15.9708      15.969 0.000151614
        2943     15.9701      15.969 0.000151563
        2944     15.9715      15.969 0.000151514
        2945     15.9745      15.969 0.000151474
        2946     15.9758      15.969  0.00015144
        2947     15.9721      15.969 0.000151392
        2948     15.9651      15.969 0.000151347
        2949     15.9603      15.969 0.000151324
        2950     15.9599      15.969 0.000151305
        2951     15.9617      15.969 0.000151274
        2952     15.9633      15.969 0.000151235
        2953     15.9643      15.969 0.000151193
        2954     15.9653      15.969 0.000151147
        2955     15.9671      15.969 0.000151097
        2956     15.9697      15.969 0.000151046
        2957     15.9731      15.969 0.000151001
        2958     15.9772      15.969 0.000150975
        2959      15.981      15.969 0.000150979
        2960      15.981      15.969 0.000150982
        2961     15.9749      15.969 0.000150944
        2962      15.967      15.969 0.000150895
        2963     15.9646      15.969 0.000150851
        2964     15.9668      15.969 0.000150802
        2965      15.968      15.969 0.000150752
        2966     15.9666      15.969 0.000150703
        2967      15.965      15.969 0.000150659
        2968     15.9643      15.969 0.000150616
        2969     15.9641      15.969 0.000150575
        2970     15.9645      15.969 0.000150532
        2971     15.9659      15.969 0.000150485
        2972     15.9675      15.969 0.000150435
        2973     15.9685      15.969 0.000150385
        2974     15.9686      15.969 0.000150334
        2975     15.9678      15.969 0.000150284
        2976     15.9671      15.969 0.000150235
        2977     15.9672      15.969 0.000150186
        2978     15.9684      15.969 0.000150136
        2979     15.9699      15.969 0.000150086
        2980     15.9709      15.969 0.000150037
        2981     15.9716      15.969 0.000149989
        2982     15.9746      15.969  0.00014995
        2983     15.9865      15.969 0.000150013
        2984      16.019     15.9691 0.000150895
        2985     16.0455     15.9691 0.000153001
        2986     15.9638     15.9691 0.000152961
        2987     15.9024     15.9691 0.000154529
        2988     15.9306      15.969 0.000155011
        2989     15.9524      15.969  0.00015506
        2990     15.9609      15.969 0.000155032
        2991     15.9656      15.969 0.000154984
        2992     15.9679      15.969 0.000154933
        2993     15.9684      15.969 0.000154881
        2994     15.9688      15.969 0.000154829
        2995       15.97      15.969 0.000154778
        2996     15.9718      15.969 0.000154729
        2997     15.9733      15.969 0.000154684
        2998     15.9728      15.969 0.000154638
        2999     15.9698      15.969 0.000154586
        3000     15.9657      15.969 0.000154539
        3001     15.9637      15.969 0.000154498
        3002     15.9648      15.969 0.000154453
        3003     15.9678      15.969 0.000154402
        3004     15.9713      15.969 0.000154352
        3005      15.974      15.969  0.00015431
        3006     15.9757      15.969 0.000154274
        3007     15.9768      15.969 0.000154244
        3008     15.9775      15.969 0.000154218
        3009     15.9774      15.969 0.000154192
        3010     15.9755      15.969 0.000154155
        3011     15.9712      15.969 0.000154106
        3012      15.966      15.969 0.000154058
        3013     15.9625      15.969 0.000154022
        3014     15.9616      15.969 0.000153991
        3015     15.9622      15.969 0.000153957
        3016     15.9634      15.969 0.000153917
        3017     15.9653      15.969 0.000153871
        3018     15.9678      15.969 0.000153821
        3019     15.9706      15.969 0.000153771
        3020     15.9735      15.969 0.000153727
        3021     15.9761      15.969 0.000153694
        3022     15.9785      15.969 0.000153675
        3023     15.9814      15.969 0.000153678
        3024     15.9843     15.9691  0.00015371
        3025     15.9841     15.9691 0.000153739
        3026      15.977     15.9691 0.000153711
        3027     15.9665     15.9691 0.000153662
        3028     15.9614     15.9691 0.000153632
        3029     15.9628     15.9691 0.000153596
        3030     15.9661     15.9691 0.000153548
        3031     15.9691     15.9691 0.000153498
        3032     15.9716     15.9691 0.000153449
        3033     15.9731     15.9691 0.000153404
        3034     15.9728     15.9691 0.000153359
        3035     15.9703     15.9691 0.000153309
        3036     15.9675     15.9691 0.000153259
        3037     15.9666     15.9691 0.000153211
        3038     15.9676     15.9691 0.000153161
        3039     15.9689     15.9691 0.000153111
        3040     15.9702     15.9691 0.000153061
        3041     15.9725     15.9691 0.000153015
        3042     15.9769     15.9691 0.000152986
        3043     15.9829     15.9691 0.000153003
        3044     15.9866     15.9691 0.000153061
        3045     15.9816     15.9691 0.000153067
        3046     15.9674     15.9691 0.000153017
        3047      15.956     15.9691 0.000153027
        3048     15.9553     15.9691 0.000153043
        3049     15.9604     15.9691  0.00015302
        3050     15.9652     15.9691 0.000152975
        3051     15.9682     15.9691 0.000152925
        3052     15.9696     15.9691 0.000152875
        3053     15.9699     15.9691 0.000152825
        3054     15.9695     15.9691 0.000152775
        3055      15.969     15.9691 0.000152725
        3056     15.9692     15.9691 0.000152675
        3057      15.971     15.9691 0.000152627
        3058     15.9751     15.9691 0.000152589
        3059     15.9798     15.9691  0.00015258
        3060     15.9802     15.9691 0.000152574
        3061     15.9734     15.9691  0.00015253
        3062     15.9648     15.9691 0.000152487
        3063     15.9608     15.9691 0.000152461
        3064      15.961     15.9691 0.000152434
        3065     15.9628     15.9691 0.000152398
        3066     15.9641     15.9691 0.000152357
        3067     15.9642     15.9691 0.000152316
        3068     15.9638     15.9691 0.000152276
        3069     15.9641     15.9691 0.000152235
        3070     15.9654     15.9691  0.00015219
        3071     15.9675     15.9691 0.000152141
        3072     15.9698     15.9691 0.000152092
        3073     15.9722     15.9691 0.000152046
        3074     15.9744     15.9691 0.000152006
        3075     15.9759     15.9691 0.000151973
        3076     15.9763     15.9691 0.000151942
        3077     15.9751     15.9691 0.000151906
        3078      15.973     15.9691 0.000151862
        3079     15.9714     15.9691 0.000151814
        3080     15.9717     15.9691 0.000151768
        3081      15.974     15.9691 0.000151727
        3082      15.976     15.9691 0.000151694
        3083     15.9733     15.9691 0.000151651
        3084     15.9658     15.9691 0.000151606
        3085     15.9598     15.9691 0.000151586
        3086       15.96     15.9691 0.000151565
        3087     15.9646     15.9691 0.000151523
        3088       15.97     15.9691 0.000151474
        3089     15.9737     15.9691 0.000151433
        3090      15.973     15.9691 0.000151389
        3091     15.9678     15.9691  0.00015134
        3092     15.9627     15.9691 0.000151306
        3093     15.9617     15.9691 0.000151275
        3094     15.9647     15.9691 0.000151233
        3095     15.9687     15.9691 0.000151184
        3096      15.972     15.9691 0.000151139
        3097     15.9739     15.9691 0.000151098
        3098     15.9739     15.9691 0.000151057
        3099     15.9721     15.9691 0.000151011
        3100     15.9699     15.9691 0.000150963
        3101      15.969     15.9691 0.000150914
        3102     15.9703     15.9691 0.000150866
        3103     15.9722     15.9691 0.000150821
        3104     15.9723     15.9691 0.000150776
        3105     15.9696     15.9691 0.000150727
        3106     15.9664     15.9691 0.000150681
        3107     15.9654     15.9691 0.000150638
        3108     15.9668     15.9691 0.000150591
        3109     15.9689     15.9691 0.000150542
        3110     15.9701     15.9691 0.000150494
        3111     15.9697     15.9691 0.000150446
        3112      15.968     15.9691 0.000150398
        3113     15.9663     15.9691 0.000150353
        3114     15.9655     15.9691 0.000150309
        3115     15.9662     15.9691 0.000150263
        3116      15.968     15.9691 0.000150215
        3117     15.9701     15.9691 0.000150168
        3118      15.972     15.9691 0.000150122
        3119     15.9728     15.9691 0.000150079
        3120     15.9725     15.9691 0.000150035
        3121      15.971     15.9691 0.000149988
        3122     15.9686     15.9691  0.00014994
        3123     15.9658     15.9691 0.000149896
        3124     15.9633     15.9691 0.000149859
        3125      15.962     15.9691 0.000149828
        3126     15.9621     15.9691 0.000149797
        3127     15.9632     15.9691  0.00014976
        3128     15.9646     15.9691 0.000149719
        3129     15.9657     15.9691 0.000149675
        3130     15.9666     15.9691  0.00014963
        3131     15.9674     15.9691 0.000149583
        3132     15.9684     15.9691 0.000149535
        3133       15.97     15.9691 0.000149488
        3134     15.9721     15.9691 0.000149443
        3135     15.9746     15.9691 0.000149406
        3136     15.9772     15.9691 0.000149381
        3137     15.9786     15.9691 0.000149364
        3138     15.9777     15.9691 0.000149342
        3139     15.9738     15.9691 0.000149302
        3140     15.9681     15.9691 0.000149255
        3141     15.9635     15.9691 0.000149218
        3142      15.961     15.9691 0.000149193
        3143     15.9604     15.9691 0.000149171
        3144     15.9609     15.9691 0.000149146
        3145     15.9622     15.9691 0.000149114
        3146     15.9639     15.9691 0.000149076
        3147      15.966     15.9691 0.000149032
        3148     15.9687     15.9691 0.000148985
        3149     15.9718     15.9691  0.00014894
        3150     15.9745     15.9691 0.000148903
        3151     15.9762     15.9691 0.000148873
        3152     15.9771     15.9691 0.000148847
        3153     15.9776     15.9691 0.000148825
        3154     15.9757     15.9691 0.000148792
        3155      15.968     15.9691 0.000148746
        3156     15.9599     15.9691 0.000148727
        3157     15.9588     15.9691 0.000148715
        3158     15.9629     15.9691 0.000148681
        3159     15.9674     15.9691 0.000148634
        3160     15.9699     15.9691 0.000148588
        3161     15.9705     15.9691 0.000148541
        3162       15.97     15.9691 0.000148495
        3163     15.9689     15.9691 0.000148448
        3164     15.9673     15.9691 0.000148402
        3165     15.9659     15.9691 0.000148358
        3166     15.9652     15.9691 0.000148317
        3167     15.9657     15.9691 0.000148274
        3168     15.9672     15.9691 0.000148228
        3169     15.9691     15.9691 0.000148181
        3170     15.9708     15.9691 0.000148135
        3171     15.9719     15.9691 0.000148091
        3172      15.972     15.9691 0.000148048
        3173     15.9711     15.9691 0.000148002
        3174       15.97     15.9691 0.000147956
        3175     15.9694     15.9691 0.000147909
        3176     15.9702     15.9691 0.000147863
        3177     15.9726     15.9691 0.000147821
        3178     15.9761     15.9691 0.000147791
        3179      15.979     15.9691 0.000147778
        3180     15.9784     15.9691 0.000147761
        3181     15.9727     15.9691 0.000147718
        3182     15.9654     15.9691 0.000147677
        3183     15.9628     15.9691 0.000147643
        3184     15.9664     15.9691 0.000147599
        3185     15.9717     15.9691 0.000147555
        3186     15.9747     15.9691  0.00014752
        3187     15.9742     15.9691 0.000147482
        3188     15.9706     15.9691 0.000147437
        3189      15.966     15.9691 0.000147394
        3190     15.9655     15.9691 0.000147352
        3191     15.9725     15.9691  0.00014731
        3192      15.984     15.9691 0.000147338
        3193     15.9848     15.9691 0.000147373
        3194     15.9601     15.9691 0.000147354
        3195     15.9402     15.9691 0.000147584
        3196     15.9476     15.9691 0.000147692
        3197      15.963     15.9691 0.000147658
        3198     15.9735     15.9691 0.000147618
        3199     15.9782     15.9691 0.000147599
        3200     15.9782     15.9691 0.000147581
        3201     15.9751     15.9691 0.000147547
        3202     15.9715     15.9691 0.000147503
        3203     15.9696     15.9691 0.000147457
        3204     15.9695     15.9691 0.000147411
        3205     15.9702     15.9691 0.000147366
        3206     15.9709     15.9691 0.000147321
        3207      15.971     15.9691 0.000147276
        3208     15.9704     15.9691 0.000147231
        3209     15.9685     15.9691 0.000147185
        3210      15.966     15.9691 0.000147142
        3211     15.9648     15.9691 0.000147102
        3212     15.9661     15.9691  0.00014706
        3213     15.9698     15.9691 0.000147014
        3214     15.9742     15.9691 0.000146977
        3215     15.9773     15.9691 0.000146953
        3216     15.9772     15.9691 0.000146929
        3217     15.9737     15.9691 0.000146891
        3218     15.9688     15.9691 0.000146845
        3219     15.9652     15.9691 0.000146804
        3220     15.9641     15.9691 0.000146767
        3221     15.9648     15.9691 0.000146727
        3222     15.9664     15.9691 0.000146684
        3223     15.9682     15.9691 0.000146639
        3224     15.9704     15.9691 0.000146594
        3225     15.9726     15.9691 0.000146553
        3226     15.9737     15.9691 0.000146514
        3227     15.9729     15.9691 0.000146474
        3228     15.9708     15.9691 0.000146429
        3229     15.9691     15.9691 0.000146384
        3230      15.969     15.9691 0.000146339
        3231     15.9704     15.9691 0.000146294
        3232     15.9714     15.9691  0.00014625
        3233     15.9709     15.9691 0.000146206
        3234     15.9692     15.9691 0.000146161
        3235     15.9679     15.9691 0.000146116
        3236     15.9683     15.9691 0.000146071
        3237       15.97     15.9691 0.000146026
        3238     15.9723     15.9691 0.000145985
        3239     15.9743     15.9691 0.000145948
        3240     15.9757     15.9691 0.000145918
        3241     15.9764     15.9691  0.00014589
        3242     15.9764     15.9691 0.000145862
        3243     15.9759     15.9691 0.000145833
        3244     15.9742     15.9691 0.000145796
        3245     15.9708     15.9691 0.000145752
        3246      15.966     15.9691  0.00014571
        3247     15.9626     15.9691 0.000145679
        3248     15.9627     15.9691 0.000145648
        3249     15.9663     15.9691 0.000145605
        3250     15.9718     15.9691 0.000145563
        3251     15.9759     15.9691 0.000145533
        3252     15.9748     15.9691 0.000145499
        3253     15.9682     15.9691 0.000145455
        3254     15.9621     15.9691 0.000145426
        3255     15.9619     15.9691 0.000145398
        3256     15.9668     15.9691 0.000145355
        3257     15.9736     15.9691 0.000145317
        3258     15.9796     15.9691 0.000145308
        3259     15.9816     15.9691 0.000145314
        3260     15.9775     15.9691 0.000145293
        3261     15.9709     15.9691 0.000145249
        3262     15.9679     15.9691 0.000145205
        3263     15.9698     15.9691 0.000145161
        3264     15.9731     15.9691 0.000145121
        3265     15.9762     15.9691 0.000145093
        3266     15.9783     15.9691 0.000145076
        3267     15.9791     15.9691 0.000145064
        3268     15.9773     15.9691 0.000145041
        3269      15.972     15.9691 0.000144999
        3270     15.9644     15.9691 0.000144962
        3271     15.9585     15.9691 0.000144954
        3272     15.9565     15.9691  0.00014496
        3273      15.958     15.9691 0.000144956
        3274     15.9611     15.9691 0.000144932
        3275     15.9642     15.9691 0.000144896
        3276     15.9668     15.9691 0.000144853
        3277     15.9686     15.9691 0.000144809
        3278     15.9701     15.9691 0.000144765
        3279     15.9717     15.9691 0.000144723
        3280     15.9742     15.9691 0.000144688
        3281     15.9781     15.9691 0.000144669
        3282     15.9821     15.9691  0.00014468
        3283     15.9838     15.9691 0.000144705
        3284     15.9799     15.9691 0.000144698
        3285     15.9709     15.9691 0.000144655
        3286     15.9619     15.9691 0.000144628
        3287     15.9576     15.9691 0.000144626
        3288     15.9582     15.9691  0.00014462
        3289     15.9618     15.9691 0.000144593
        3290     15.9657     15.9691 0.000144553
        3291     15.9686     15.9691 0.000144509
        3292     15.9704     15.9691 0.000144466
        3293     15.9716     15.9691 0.000144424
        3294     15.9728     15.9691 0.000144385
        3295     15.9744     15.9691  0.00014435
        3296     15.9761     15.9691 0.000144322
        3297     15.9777     15.9691 0.000144301
        3298     15.9786     15.9691 0.000144286
        3299      15.978     15.9691 0.000144268
        3300     15.9756     15.9691 0.000144238
        3301     15.9713     15.9691 0.000144195
        3302      15.966     15.9691 0.000144155
        3303     15.9616     15.9691 0.000144129
        3304     15.9594     15.9691 0.000144116
        3305     15.9598     15.9691   0.0001441
        3306     15.9621     15.9691 0.000144071
        3307     15.9653     15.9691 0.000144033
        3308     15.9683     15.9691 0.000143989
        3309      15.971     15.9691 0.000143947
        3310     15.9732     15.9691 0.000143909
        3311      15.975     15.9691 0.000143876
        3312     15.9766     15.9691 0.000143851
        3313      15.978     15.9691 0.000143832
        3314      15.979     15.9691  0.00014382
        3315      15.978     15.9691 0.000143801
        3316     15.9728     15.9691 0.000143762
        3317      15.964     15.9691 0.000143727
        3318     15.9565     15.9691 0.000143734
        3319     15.9544     15.9691 0.000143759
        3320     15.9569     15.9691 0.000143763
        3321      15.961     15.9691  0.00014374
        3322     15.9649     15.9691 0.000143703
        3323     15.9683     15.9691 0.000143659
        3324     15.9712     15.9691 0.000143618
        3325     15.9739     15.9691 0.000143582
        3326     15.9763     15.9691 0.000143555
        3327      15.978     15.9691 0.000143537
        3328     15.9786     15.9691 0.000143522
        3329     15.9774     15.9691   0.0001435
        3330      15.973     15.9691 0.000143462
        3331     15.9651     15.9691 0.000143424
        3332     15.9572     15.9691 0.000143425
        3333     15.9546     15.9691 0.000143448
        3334     15.9575     15.9691 0.000143448
        3335     15.9624     15.9691 0.000143419
        3336     15.9668     15.9691 0.000143378
        3337     15.9699     15.9691 0.000143335
        3338     15.9711     15.9691 0.000143293
        3339     15.9704     15.9691 0.000143251
        3340     15.9683     15.9691 0.000143208
        3341     15.9658     15.9691 0.000143169
        3342     15.9641     15.9691 0.000143133
        3343      15.964     15.9691 0.000143099
        3344     15.9654     15.9691  0.00014306
        3345     15.9679     15.9691 0.000143018
        3346     15.9718     15.9691 0.000142977
        3347     15.9769     15.9691 0.000142954
        3348     15.9818     15.9691 0.000142961
        3349     15.9828     15.9691 0.000142976
        3350     15.9771     15.9691 0.000142954
        3351     15.9687     15.9691 0.000142911
        3352     15.9638     15.9691 0.000142877
        3353     15.9623     15.9691 0.000142849
        3354     15.9621     15.9691 0.000142821
        3355     15.9627     15.9691 0.000142791
        3356     15.9641     15.9691 0.000142757
        3357     15.9658     15.9691 0.000142718
        3358     15.9673     15.9691 0.000142676
        3359     15.9683     15.9691 0.000142634
        3360     15.9687     15.9691 0.000142591
        3361      15.969     15.9691 0.000142549
        3362     15.9694     15.9691 0.000142507
        3363     15.9701     15.9691 0.000142465
        3364     15.9711     15.9691 0.000142424
        3365     15.9725     15.9691 0.000142385
        3366     15.9738     15.9691 0.000142349
        3367     15.9748     15.9691 0.000142317
        3368     15.9756     15.9691 0.000142288
        3369     15.9761     15.9691 0.000142261
        3370     15.9759     15.9691 0.000142233
        3371     15.9733     15.9691 0.000142196
        3372     15.9674     15.9691 0.000142155
        3373     15.9602     15.9691 0.000142137
        3374     15.9559     15.9691 0.000142149
        3375      15.956     15.9691  0.00014216
        3376     15.9589     15.9691  0.00014215
        3377     15.9627     15.9691  0.00014212
        3378     15.9663     15.9691 0.000142081
        3379      15.969     15.9691 0.000142039
        3380      15.971     15.9691 0.000141998
        3381     15.9718     15.9691 0.000141958
        3382     15.9723     15.9691 0.000141919
        3383     15.9739     15.9691 0.000141884
        3384     15.9784     15.9691 0.000141869
        3385     15.9844     15.9691 0.000141899
        3386     15.9826     15.9691 0.000141913
        3387     15.9671     15.9691 0.000141872
        3388     15.9538     15.9691 0.000141901
        3389     15.9535     15.9691 0.000141934
        3390     15.9583     15.9691 0.000141928
        3391     15.9622     15.9691 0.000141901
        3392     15.9652     15.9691 0.000141864
        3393     15.9676     15.9691 0.000141823
        3394     15.9695     15.9691 0.000141781
        3395     15.9707     15.9691  0.00014174
        3396     15.9719     15.9691 0.000141701
        3397     15.9736     15.9691 0.000141665
        3398     15.9759     15.9691 0.000141638
        3399     15.9789     15.9691 0.000141626
        3400     15.9822     15.9691 0.000141636
        3401     15.9837     15.9691  0.00014166
        3402       15.98     15.9691 0.000141654
        3403     15.9684     15.9691 0.000141613
        3404     15.9544     15.9691 0.000141637
        3405     15.9475     15.9691 0.000141738
        3406     15.9492     15.9691 0.000141817
        3407     15.9549     15.9691 0.000141836
        3408      15.961     15.9691 0.000141814
        3409     15.9663     15.9691 0.000141775
        3410     15.9711     15.9691 0.000141735
        3411     15.9758     15.9691 0.000141707
        3412     15.9799     15.9691   0.0001417
        3413     15.9811     15.9691 0.000141703
        3414     15.9762     15.9691 0.000141677
        3415     15.9665     15.9691 0.000141637
        3416     15.9597     15.9691 0.000141622
        3417     15.9606     15.9691 0.000141603
        3418     15.9656     15.9691 0.000141565
        3419     15.9701     15.9691 0.000141524
        3420     15.9719     15.9691 0.000141485
        3421     15.9712     15.9691 0.000141445
        3422     15.9694     15.9691 0.000141404
        3423     15.9685     15.9691 0.000141363
        3424     15.9692     15.9691 0.000141321
        3425     15.9715     15.9691 0.000141282
        3426     15.9747     15.9691  0.00014125
        3427     15.9772     15.9691 0.000141229
        3428     15.9772     15.9691 0.000141207
        3429      15.973     15.9691  0.00014117
        3430     15.9661     15.9691 0.000141132
        3431     15.9611     15.9691  0.00014111
        3432     15.9611     15.9691 0.000141089
        3433     15.9665     15.9691 0.000141049
        3434     15.9752     15.9691  0.00014102
        3435     15.9826     15.9691 0.000141033
        3436     15.9819     15.9691 0.000141041
        3437      15.972     15.9691 0.000141003
        3438      15.962     15.9691 0.000140977
        3439     15.9593     15.9691 0.000140964
        3440      15.961     15.9691 0.000140943
        3441     15.9627     15.9691 0.000140914
        3442     15.9635     15.9691 0.000140882
        3443     15.9645     15.9691 0.000140848
        3444     15.9661     15.9691  0.00014081
        3445     15.9682     15.9691 0.000140769
        3446     15.9704     15.9691 0.000140729
        3447      15.972     15.9691  0.00014069
        3448     15.9727     15.9691 0.000140654
        3449     15.9727     15.9691 0.000140617
        3450     15.9722     15.9691 0.000140579
        3451     15.9714     15.9691  0.00014054
        3452     15.9704     15.9691 0.000140499
        3453     15.9694     15.9691 0.000140459
        3454     15.9687     15.9691 0.000140418
        3455     15.9685     15.9691 0.000140378
        3456     15.9684     15.9691 0.000140337
        3457     15.9679     15.9691 0.000140297
        3458     15.9669     15.9691 0.000140258
        3459      15.966     15.9691  0.00014022
        3460     15.9661     15.9691 0.000140182
        3461     15.9669     15.9691 0.000140143
        3462      15.968     15.9691 0.000140103
        3463     15.9692     15.9691 0.000140062
        3464     15.9713     15.9691 0.000140024
        3465     15.9751     15.9691 0.000139994
        3466     15.9807     15.9691 0.000139993
        3467      15.986     15.9691 0.000140038
        3468     15.9879     15.9691 0.000140103
        3469     15.9852     15.9691 0.000140139
        3470     15.9774     15.9691 0.000140119
        3471     15.9612     15.9691 0.000140097
        3472     15.9421     15.9691 0.000140273
        3473      15.937     15.9691 0.000140537
        3474     15.9479     15.9691 0.000140629
        3475     15.9623     15.9691 0.000140602
        3476     15.9737     15.9691 0.000140568
        3477      15.981     15.9691 0.000140569
        3478     15.9836     15.9691 0.000140591
        3479     15.9805     15.9691 0.000140589
        3480     15.9731     15.9691 0.000140553
        3481     15.9664     15.9691 0.000140515
        3482     15.9628     15.9691 0.000140486
        3483     15.9617     15.9691 0.000140462
        3484     15.9623     15.9691 0.000140435
        3485     15.9642     15.9691 0.000140402
        3486     15.9668     15.9691 0.000140363
        3487     15.9693     15.9691 0.000140323
        3488     15.9712     15.9691 0.000140284
        3489     15.9724     15.9691 0.000140247
        3490      15.973     15.9691 0.000140211
        3491     15.9729     15.9691 0.000140175
        3492     15.9725     15.9691 0.000140139
        3493     15.9722     15.9691 0.000140101
        3494     15.9724     15.9691 0.000140064
        3495      15.974     15.9691 0.000140031
        3496     15.9774     15.9691 0.000140012
        3497      15.982     15.9691  0.00014002
        3498     15.9847     15.9691 0.000140051
        3499     15.9803     15.9691 0.000140048
        3500     15.9693     15.9691 0.000140008
        3501     15.9602     15.9691 0.000139991
        3502     15.9594     15.9691 0.000139978
        3503     15.9647     15.9691 0.000139944
        3504       15.97     15.9691 0.000139904
        3505     15.9717     15.9691 0.000139866
        3506     15.9688     15.9691 0.000139827
        3507     15.9641     15.9691 0.000139794
        3508     15.9612     15.9691 0.000139772
        3509     15.9616     15.9691 0.000139749
        3510     15.9642     15.9691 0.000139716
        3511     15.9673     15.9691 0.000139677
        3512       15.97     15.9691 0.000139638
        3513     15.9721     15.9691 0.000139601
        3514     15.9735     15.9691 0.000139566
        3515     15.9743     15.9691 0.000139535
        3516     15.9752     15.9691 0.000139506
        3517     15.9762     15.9691 0.000139481
        3518     15.9776     15.9691 0.000139462
        3519     15.9785     15.9691 0.000139448
        3520     15.9778     15.9691  0.00013943
        3521     15.9745     15.9691 0.000139399
        3522     15.9691     15.9691 0.000139359
        3523     15.9634     15.9691 0.000139329
        3524       15.96     15.9691 0.000139314
        3525       15.96     15.9691 0.000139298
        3526     15.9624     15.9691 0.000139272
        3527     15.9652     15.9691 0.000139237
        3528     15.9673     15.9691 0.000139198
        3529     15.9684     15.9691 0.000139159
        3530     15.9688     15.9691  0.00013912
        3531     15.9693     15.9691  0.00013908
        3532       15.97     15.9691 0.000139041
        3533     15.9709     15.9691 0.000139003
        3534     15.9715     15.9691 0.000138965
        3535     15.9714     15.9691 0.000138927
        3536     15.9707     15.9691 0.000138889
        3537     15.9699     15.9691  0.00013885
        3538     15.9692     15.9691  0.00013881
        3539     15.9689     15.9691 0.000138771
        3540     15.9688     15.9691 0.000138732
        3541     15.9689     15.9691 0.000138693
        3542     15.9692     15.9691 0.000138654
        3543     15.9699     15.9691 0.000138615
        3544     15.9713     15.9691 0.000138577
        3545     15.9735     15.9691 0.000138543
        3546      15.976     15.9691 0.000138518
        3547     15.9781     15.9691 0.000138502
        3548     15.9785     15.9691 0.000138488
        3549     15.9765     15.9691 0.000138465
        3550      15.973     15.9691  0.00013843
        3551     15.9695     15.9691 0.000138391
        3552     15.9671     15.9691 0.000138353
        3553     15.9658     15.9691 0.000138317
        3554     15.9651     15.9691 0.000138283
        3555     15.9649     15.9691 0.000138249
        3556     15.9653     15.9691 0.000138214
        3557     15.9662     15.9691 0.000138178
        3558     15.9674     15.9691  0.00013814
        3559     15.9687     15.9691 0.000138101
        3560       15.97     15.9691 0.000138063
        3561      15.971     15.9691 0.000138025
        3562     15.9717     15.9691 0.000137988
        3563      15.972     15.9691 0.000137952
        3564     15.9722     15.9691 0.000137915
        3565     15.9723     15.9691  0.00013788
        3566     15.9723     15.9691 0.000137844
        3567     15.9722     15.9691 0.000137808
        3568      15.972     15.9691 0.000137772
        3569     15.9715     15.9691 0.000137735
        3570     15.9712     15.9691 0.000137697
        3571     15.9709     15.9691  0.00013766
        3572     15.9707     15.9691 0.000137622
        3573     15.9704     15.9691 0.000137584
        3574     15.9696     15.9691 0.000137545
        3575     15.9687     15.9691 0.000137507
        3576     15.9681     15.9691 0.000137469
        3577     15.9679     15.9691 0.000137431
        3578     15.9679     15.9691 0.000137393
        3579     15.9678     15.9691 0.000137355
        3580     15.9676     15.9691 0.000137317
        3581     15.9671     15.9691  0.00013728
        3582     15.9666     15.9691 0.000137244
        3583     15.9663     15.9691 0.000137207
        3584      15.966     15.9691 0.000137172
        3585     15.9659     15.9691 0.000137137
        3586     15.9658     15.9691 0.000137101
        3587     15.9659     15.9691 0.000137066
        3588     15.9661     15.9691 0.000137031
        3589     15.9665     15.9691 0.000136994
        3590     15.9675     15.9691 0.000136957
        3591     15.9691     15.9691 0.000136919
        3592     15.9716     15.9691 0.000136882
        3593     15.9748     15.9691 0.000136853
        3594     15.9781     15.9691 0.000136838
        3595     15.9797     15.9691 0.000136832
        3596     15.9777     15.9691 0.000136815
        3597     15.9718     15.9691 0.000136779
        3598     15.9658     15.9691 0.000136744
        3599     15.9652     15.9691  0.00013671
        3600     15.9724     15.9691 0.000136675
        3601     15.9837     15.9691 0.000136697
        3602     15.9866     15.9691 0.000136746
        3603     15.9704     15.9691 0.000136708
        3604     15.9496     15.9691 0.000136777
        3605     15.9432     15.9691 0.000136928
        3606     15.9475     15.9691 0.000137022
        3607     15.9548     15.9691 0.000137041
        3608     15.9625     15.9691 0.000137016
        3609     15.9697     15.9691 0.000136978
        3610     15.9758     15.9691 0.000136952
        3611     15.9802     15.9691 0.000136949
        3612     15.9824     15.9691 0.000136961
        3613     15.9828     15.9691 0.000136975
        3614     15.9817     15.9691 0.000136981
        3615     15.9797     15.9691 0.000136975
        3616      15.977     15.9691 0.000136954
        3617     15.9741     15.9691 0.000136923
        3618     15.9715     15.9691 0.000136887
        3619     15.9692     15.9691 0.000136849
        3620     15.9673     15.9691 0.000136812
        3621     15.9661     15.9691 0.000136777
        3622     15.9659     15.9691 0.000136742
        3623     15.9663     15.9691 0.000136706
        3624     15.9666     15.9691 0.000136671
        3625     15.9662     15.9691 0.000136635
        3626     15.9657     15.9691 0.000136601
        3627     15.9655     15.9691 0.000136567
        3628      15.966     15.9691 0.000136532
        3629     15.9675     15.9691 0.000136495
        3630     15.9701     15.9691 0.000136458
        3631     15.9739     15.9691 0.000136426
        3632     15.9784     15.9691 0.000136412
        3633     15.9816     15.9691 0.000136418
        3634     15.9805     15.9691 0.000136417
        3635     15.9751     15.9691 0.000136389
        3636     15.9705     15.9691 0.000136352
        3637     15.9709     15.9691 0.000136315
        3638     15.9745     15.9691 0.000136286
        3639     15.9786     15.9691 0.000136273
        3640     15.9824     15.9691 0.000136285
        3641     15.9842     15.9691  0.00013631
        3642     15.9812     15.9691 0.000136313
        3643      15.973     15.9692 0.000136279
        3644     15.9628     15.9691 0.000136253
        3645     15.9545     15.9691 0.000136276
        3646     15.9511     15.9691 0.000136328
        3647     15.9536     15.9691 0.000136357
        3648     15.9588     15.9691  0.00013635
        3649     15.9643     15.9691 0.000136319
        3650     15.9691     15.9691 0.000136281
        3651     15.9734     15.9691 0.000136249
        3652     15.9774     15.9691  0.00013623
        3653     15.9807     15.9691  0.00013623
        3654     15.9818     15.9691 0.000136237
        3655     15.9787     15.9691 0.000136225
        3656     15.9715     15.9691 0.000136189
        3657     15.9635     15.9691  0.00013616
        3658     15.9585     15.9691 0.000136154
        3659     15.9581     15.9691  0.00013615
        3660     15.9607     15.9691 0.000136132
        3661     15.9639     15.9691 0.000136102
        3662     15.9663     15.9691 0.000136067
        3663      15.968     15.9691 0.000136031
        3664     15.9698     15.9691 0.000135994
        3665     15.9728     15.9691  0.00013596
        3666     15.9762     15.9691 0.000135937
        3667     15.9784     15.9691 0.000135924
        3668     15.9769     15.9691 0.000135903
        3669     15.9706     15.9691 0.000135866
        3670      15.963     15.9691 0.000135839
        3671     15.9589     15.9691 0.000135831
        3672     15.9597     15.9691 0.000135819
        3673      15.963     15.9691 0.000135792
        3674     15.9666     15.9691 0.000135757
        3675     15.9699     15.9691  0.00013572
        3676     15.9736     15.9691 0.000135688
        3677      15.978     15.9691 0.000135673
        3678     15.9831     15.9691  0.00013569
        3679     15.9872     15.9691 0.000135742
        3680     15.9874     15.9691 0.000135796
        3681     15.9822     15.9692 0.000135805
        3682      15.971     15.9692 0.000135769
        3683     15.9585     15.9691 0.000135763
        3684     15.9532     15.9691 0.000135795
        3685     15.9554     15.9691  0.00013581
        3686     15.9596     15.9691 0.000135798
        3687      15.963     15.9691 0.000135771
        3688      15.965     15.9691 0.000135739
        3689     15.9659     15.9691 0.000135705
        3690     15.9664     15.9691  0.00013567
        3691     15.9669     15.9691 0.000135635
        3692     15.9674     15.9691 0.000135599
        3693     15.9681     15.9691 0.000135562
        3694      15.969     15.9691 0.000135526
        3695     15.9704     15.9691  0.00013549
        3696      15.973     15.9691 0.000135457
        3697     15.9773     15.9691 0.000135438
        3698     15.9831     15.9691 0.000135455
        3699     15.9869     15.9691 0.000135503
        3700     15.9815     15.9691 0.000135507
        3701     15.9674     15.9691 0.000135472
        3702     15.9573     15.9691 0.000135473
        3703     15.9572     15.9691 0.000135474
        3704     15.9614     15.9691 0.000135454
        3705     15.9645     15.9691 0.000135423
        3706     15.9656     15.9691  0.00013539
        3707     15.9658     15.9691 0.000135357
        3708     15.9664     15.9691 0.000135322
        3709     15.9682     15.9691 0.000135286
        3710     15.9705     15.9691  0.00013525
        3711     15.9721     15.9691 0.000135216
        3712     15.9714     15.9691 0.000135181
        3713     15.9685     15.9691 0.000135144
        3714     15.9662     15.9691  0.00013511
        3715     15.9669     15.9691 0.000135075
        3716     15.9704     15.9691 0.000135039
        3717     15.9743     15.9691  0.00013501
        3718     15.9758     15.9691 0.000134986
        3719      15.973     15.9691 0.000134953
        3720     15.9675     15.9691 0.000134918
        3721     15.9635     15.9691  0.00013489
        3722     15.9641     15.9691 0.000134861
        3723     15.9682     15.9691 0.000134825
        3724      15.972     15.9691 0.000134791
        3725     15.9712     15.9691 0.000134756
        3726     15.9668     15.9691 0.000134721
        3727     15.9644     15.9691 0.000134691
        3728     15.9661     15.9691 0.000134657
        3729     15.9689     15.9691 0.000134621
        3730     15.9694     15.9691 0.000134585
        3731      15.967     15.9691  0.00013455
        3732     15.9639     15.9691 0.000134521
        3733     15.9627     15.9691 0.000134496
        3734     15.9639     15.9691 0.000134468
        3735     15.9666     15.9691 0.000134433
        3736     15.9694     15.9691 0.000134397
        3737     15.9716     15.9691 0.000134363
        3738     15.9728     15.9691 0.000134331
        3739     15.9725     15.9691 0.000134298
        3740     15.9709     15.9691 0.000134263
        3741      15.969     15.9691 0.000134227
        3742     15.9678     15.9691 0.000134191
        3743     15.9678     15.9691 0.000134156
        3744     15.9684     15.9691  0.00013412
        3745     15.9684     15.9691 0.000134084
        3746     15.9673     15.9691  0.00013405
        3747     15.9653     15.9691 0.000134018
        3748     15.9632     15.9691 0.000133991
        3749     15.9616     15.9691 0.000133971
        3750     15.9612     15.9691 0.000133951
        3751     15.9623     15.9691 0.000133928
        3752     15.9651     15.9691 0.000133897
        3753       15.97     15.9691 0.000133861
        3754     15.9766     15.9691  0.00013384
        3755     15.9835     15.9691 0.000133859
        3756     15.9878     15.9691 0.000133915
        3757     15.9871     15.9691 0.000133965
        3758      15.982     15.9691 0.000133973
        3759      15.974     15.9691 0.000133944
        3760     15.9635     15.9691 0.000133916
        3761     15.9551     15.9691 0.000133933
        3762     15.9544     15.9691 0.000133954
        3763     15.9587     15.9691 0.000133948
        3764     15.9635     15.9691  0.00013392
        3765     15.9672     15.9691 0.000133886
        3766     15.9688     15.9691  0.00013385
        3767     15.9678     15.9691 0.000133815
        3768     15.9649     15.9691 0.000133784
        3769     15.9623     15.9691 0.000133761
        3770     15.9615     15.9691 0.000133741
        3771     15.9634     15.9691 0.000133714
        3772     15.9681     15.9691 0.000133679
        3773     15.9748     15.9691 0.000133652
        3774     15.9809     15.9691 0.000133653
        3775     15.9814     15.9691 0.000133657
        3776      15.975     15.9691 0.000133631
        3777     15.9716     15.9691 0.000133597
        3778     15.9773     15.9691 0.000133579
        3779     15.9808     15.9691  0.00013358
        3780     15.9698     15.9691 0.000133544
        3781     15.9548     15.9691 0.000133563
        3782      15.951     15.9691 0.000133613
        3783     15.9549     15.9691 0.000133631
        3784     15.9598     15.9691 0.000133618
        3785     15.9639     15.9691  0.00013359
        3786     15.9677     15.9691 0.000133555
        3787     15.9715     15.9691 0.000133522
        3788     15.9749     15.9691 0.000133495
        3789      15.977     15.9691 0.000133476
        3790     15.9765     15.9691 0.000133455
        3791     15.9742     15.9691 0.000133426
        3792     15.9731     15.9691 0.000133395
        3793     15.9763     15.9691 0.000133374
        3794     15.9822     15.9691 0.000133383
        3795      15.985     15.9691 0.000133413
        3796     15.9791     15.9691 0.000133404
        3797     15.9688     15.9691 0.000133369
        3798     15.9631     15.9691 0.000133343
        3799     15.9631     15.9691 0.000133317
        3800     15.9647     15.9691 0.000133288
        3801     15.9647     15.9691 0.000133258
        3802      15.964     15.9691 0.000133229
        3803     15.9644     15.9691   0.0001332
        3804     15.9659     15.9691 0.000133168
        3805     15.9673     15.9691 0.000133134
        3806     15.9682     15.9691 0.000133099
        3807     15.9687     15.9691 0.000133064
        3808     15.9693     15.9691 0.000133029
        3809     15.9703     15.9691 0.000132995
        3810     15.9715     15.9691 0.000132961
        3811     15.9724     15.9691 0.000132929
        3812     15.9729     15.9691 0.000132898
        3813      15.973     15.9691 0.000132867
        3814     15.9731     15.9691 0.000132836
        3815     15.9733     15.9691 0.000132806
        3816     15.9727     15.9691 0.000132774
        3817     15.9704     15.9691  0.00013274
        3818     15.9672     15.9691 0.000132706
        3819     15.9647     15.9691 0.000132676
        3820     15.9641     15.9691 0.000132648
        3821     15.9652     15.9691 0.000132618
        3822      15.967     15.9691 0.000132584
        3823     15.9694     15.9691 0.000132549
        3824     15.9715     15.9691 0.000132516
        3825     15.9725     15.9691 0.000132484
        3826     15.9716     15.9691 0.000132451
        3827     15.9686     15.9691 0.000132417
        3828     15.9646     15.9691 0.000132388
        3829     15.9618     15.9691 0.000132367
        3830     15.9614     15.9691 0.000132348
        3831      15.963     15.9691 0.000132323
        3832     15.9659     15.9691 0.000132291
        3833     15.9689     15.9691 0.000132257
        3834     15.9715     15.9691 0.000132224
        3835     15.9727     15.9691 0.000132193
        3836     15.9716     15.9691  0.00013216
        3837      15.968     15.9691 0.000132126
        3838     15.9639     15.9691 0.000132098
        3839     15.9618     15.9691 0.000132078
        3840      15.962     15.9691 0.000132056
        3841     15.9629     15.9691 0.000132032
        3842     15.9637     15.9691 0.000132005
        3843      15.964     15.9691 0.000131977
        3844     15.9648     15.9691 0.000131948
        3845     15.9659     15.9691 0.000131916
        3846     15.9676     15.9691 0.000131883
        3847     15.9694     15.9691 0.000131848
        3848     15.9712     15.9691 0.000131815
        3849     15.9725     15.9691 0.000131784
        3850      15.973     15.9691 0.000131753
        3851     15.9724     15.9691 0.000131722
        3852     15.9713     15.9691 0.000131689
        3853     15.9704     15.9691 0.000131655
        3854     15.9697     15.9691 0.000131621
        3855     15.9681     15.9691 0.000131587
        3856     15.9643     15.9691 0.000131559
        3857     15.9602     15.9691 0.000131545
        3858     15.9586     15.9691  0.00013154
        3859     15.9607     15.9691 0.000131523
        3860     15.9658     15.9691 0.000131492
        3861     15.9725     15.9691 0.000131461
        3862     15.9783     15.9691 0.000131448
        3863     15.9791     15.9691  0.00013144
        3864      15.973     15.9691 0.000131409
        3865     15.9654     15.9691 0.000131379
        3866     15.9625     15.9691 0.000131356
        3867     15.9636     15.9691  0.00013133
        3868     15.9656     15.9691 0.000131299
        3869     15.9672     15.9691 0.000131266
        3870     15.9686     15.9691 0.000131232
        3871     15.9692     15.9691 0.000131198
        3872     15.9686     15.9691 0.000131164
        3873     15.9676     15.9691 0.000131131
        3874     15.9682     15.9691 0.000131097
        3875     15.9711     15.9691 0.000131065
        3876     15.9746     15.9691 0.000131039
        3877     15.9764     15.9691 0.000131018
        3878     15.9741     15.9691 0.000130991
        3879     15.9684     15.9691 0.000130957
        3880      15.963     15.9691 0.000130933
        3881     15.9614     15.9691 0.000130914
        3882     15.9637     15.9691 0.000130888
        3883     15.9676     15.9691 0.000130855
        3884     15.9713     15.9691 0.000130822
        3885      15.974     15.9691 0.000130794
        3886     15.9756     15.9691 0.000130771
        3887     15.9763     15.9691 0.000130751
        3888     15.9768     15.9691 0.000130732
        3889     15.9769     15.9691 0.000130714
        3890     15.9765     15.9691 0.000130694
        3891     15.9746     15.9691 0.000130668
        3892     15.9707     15.9691 0.000130635
        3893     15.9648     15.9691 0.000130606
        3894     15.9592     15.9691 0.000130598
        3895     15.9562     15.9691 0.000130606
        3896     15.9566     15.9691 0.000130612
        3897     15.9595     15.9691 0.000130602
        3898     15.9631     15.9691 0.000130577
        3899     15.9661     15.9691 0.000130546
        3900     15.9683     15.9691 0.000130513
        3901     15.9696     15.9691 0.000130479
        3902     15.9705     15.9691 0.000130447
        3903     15.9713     15.9691 0.000130414
        3904     15.9724     15.9691 0.000130384
        3905     15.9751     15.9691 0.000130359
        3906     15.9808     15.9691  0.00013036
        3907     15.9896     15.9691 0.000130432
        3908     15.9948     15.9691 0.000130563
        3909     15.9822     15.9691 0.000130573
        3910       15.96     15.9691  0.00013056
        3911     15.9545     15.9691 0.000130581
        3912     15.9625     15.9691 0.000130558
        3913     15.9689     15.9691 0.000130525
        3914     15.9695     15.9691 0.000130492
        3915     15.9676     15.9691 0.000130459
        3916     15.9661     15.9691 0.000130428
        3917     15.9661     15.9691 0.000130397
        3918     15.9667     15.9691 0.000130365
        3919     15.9675     15.9691 0.000130332
        3920     15.9681     15.9691   0.0001303
        3921     15.9685     15.9691 0.000130266
        3922      15.969     15.9691 0.000130233
        3923     15.9697     15.9691   0.0001302
        3924     15.9701     15.9691 0.000130167
        3925       15.97     15.9691 0.000130134
        3926     15.9695     15.9691 0.000130101
        3927     15.9688     15.9691 0.000130068
        3928     15.9682     15.9691 0.000130035
        3929     15.9682     15.9691 0.000130002
        3930     15.9683     15.9691 0.000129969
        3931     15.9685     15.9691 0.000129936
        3932     15.9686     15.9691 0.000129903
        3933     15.9692     15.9691  0.00012987
        3934       15.97     15.9691 0.000129837
        3935     15.9709     15.9691 0.000129805
        3936     15.9709     15.9691 0.000129773
        3937     15.9693     15.9691  0.00012974
        3938     15.9667     15.9691 0.000129708
        3939     15.9651     15.9691  0.00012968
        3940     15.9659     15.9691 0.000129649
        3941     15.9691     15.9691 0.000129616
        3942     15.9739     15.9691 0.000129589
        3943     15.9784     15.9691 0.000129578
        3944      15.979     15.9691 0.000129569
        3945     15.9735     15.9691 0.000129541
        3946     15.9657     15.9691 0.000129511
        3947     15.9625     15.9691 0.000129489
        3948     15.9641     15.9691 0.000129463
        3949     15.9669     15.9691 0.000129431
        3950     15.9681     15.9691 0.000129399
        3951     15.9678     15.9691 0.000129366
        3952     15.9669     15.9691 0.000129335
        3953     15.9661     15.9691 0.000129304
        3954     15.9658     15.9691 0.000129274
        3955     15.9658     15.9691 0.000129244
        3956     15.9662     15.9691 0.000129214
        3957     15.9667     15.9691 0.000129183
        3958     15.9672     15.9691 0.000129151
        3959     15.9676     15.9691 0.000129119
        3960      15.968     15.9691 0.000129087
        3961     15.9683     15.9691 0.000129054
        3962     15.9683     15.9691 0.000129022
        3963     15.9679     15.9691  0.00012899
        3964     15.9673     15.9691 0.000128958
        3965     15.9665     15.9691 0.000128927
        3966     15.9659     15.9691 0.000128897
        3967     15.9656     15.9691 0.000128868
        3968     15.9658     15.9691 0.000128838
        3969     15.9668     15.9691 0.000128807
        3970     15.9685     15.9691 0.000128774
        3971     15.9709     15.9691 0.000128743
        3972      15.974     15.9691 0.000128716
        3973     15.9771     15.9691   0.0001287
        3974     15.9782     15.9691 0.000128688
        3975     15.9751     15.9691 0.000128664
        3976     15.9684     15.9691 0.000128632
        3977     15.9615     15.9691 0.000128614
        3978     15.9576     15.9691 0.000128614
        3979      15.958     15.9691 0.000128612
        3980     15.9612     15.9691 0.000128595
        3981     15.9646     15.9691 0.000128568
        3982     15.9662     15.9691 0.000128537
        3983     15.9662     15.9691 0.000128507
        3984     15.9658     15.9691 0.000128478
        3985     15.9664     15.9691 0.000128447
        3986     15.9679     15.9691 0.000128415
        3987     15.9698     15.9691 0.000128383
        3988     15.9715     15.9691 0.000128352
        3989     15.9721     15.9691 0.000128322
        3990     15.9711     15.9691 0.000128291
        3991      15.969     15.9691 0.000128259
        3992     15.9668     15.9691 0.000128228
        3993     15.9655     15.9691 0.000128199
        3994     15.9649     15.9691 0.000128172
        3995     15.9647     15.9691 0.000128144
        3996     15.9646     15.9691 0.000128117
        3997      15.965     15.9691 0.000128089
        3998     15.9658     15.9691  0.00012806
        3999     15.9669     15.9691 0.000128029
        4000     15.9686     15.9691 0.000127997
        4001     15.9708     15.9691 0.000127966
        4002     15.9737     15.9691 0.000127939
        4003     15.9773     15.9691 0.000127924
        4004     15.9811     15.9691 0.000127927
        4005      15.984     15.9691 0.000127949
        4006     15.9841     15.9691 0.000127972
        4007     15.9801     15.9691 0.000127969
        4008     15.9722     15.9691  0.00012794
        4009     15.9633     15.9691 0.000127916
        4010      15.958     15.9691 0.000127914
        4011     15.9576     15.9691 0.000127914
        4012     15.9602     15.9691 0.000127902
        4013     15.9643     15.9691 0.000127876
        4014     15.9701     15.9691 0.000127844
        4015      15.977     15.9691 0.000127827
        4016     15.9823     15.9691 0.000127838
        4017     15.9818     15.9691 0.000127845
        4018     15.9735     15.9691 0.000127817
        4019     15.9626     15.9691 0.000127796
        4020     15.9563     15.9691 0.000127804
        4021     15.9565     15.9691 0.000127811
        4022     15.9608     15.9691 0.000127796
        4023     15.9667     15.9691 0.000127765
        4024     15.9729     15.9691 0.000127737
        4025     15.9782     15.9691 0.000127725
        4026     15.9811     15.9691 0.000127728
        4027     15.9809     15.9691  0.00012773
        4028     15.9781     15.9691 0.000127717
        4029     15.9744     15.9691 0.000127692
        4030     15.9713     15.9691 0.000127662
        4031     15.9682     15.9691  0.00012763
        4032     15.9644     15.9691 0.000127604
        4033     15.9618     15.9691 0.000127585
        4034     15.9622     15.9691 0.000127565
        4035     15.9652     15.9691 0.000127537
        4036     15.9686     15.9691 0.000127506
        4037     15.9705     15.9691 0.000127475
        4038     15.9702     15.9691 0.000127444
        4039     15.9684     15.9691 0.000127412
        4040     15.9662     15.9691 0.000127383
        4041     15.9653     15.9691 0.000127355
        4042     15.9676     15.9691 0.000127324
        4043     15.9744     15.9691 0.000127299
        4044      15.984     15.9691  0.00012732
        4045     15.9874     15.9691 0.000127369
        4046     15.9755     15.9691 0.000127347
        4047      15.961     15.9691 0.000127331
        4048     15.9602     15.9691 0.000127319
        4049     15.9666     15.9691 0.000127289
        4050     15.9703     15.9691 0.000127258
        4051     15.9702     15.9691 0.000127227
        4052     15.9682     15.9691 0.000127196
        4053     15.9661     15.9691 0.000127167
        4054     15.9647     15.9691  0.00012714
        4055     15.9647     15.9691 0.000127113
        4056     15.9662     15.9691 0.000127084
        4057     15.9691     15.9691 0.000127053
        4058     15.9729     15.9691 0.000127025
        4059     15.9758     15.9691 0.000127004
        4060     15.9758     15.9691 0.000126984
        4061     15.9713     15.9691 0.000126954
        4062     15.9648     15.9691 0.000126927
        4063     15.9604     15.9691 0.000126914
        4064     15.9603     15.9691 0.000126901
        4065     15.9631     15.9691 0.000126879
        4066     15.9669     15.9691 0.000126849
        4067     15.9706     15.9691 0.000126818
        4068     15.9741     15.9691 0.000126793
        4069     15.9779     15.9691  0.00012678
        4070     15.9824     15.9691 0.000126791
        4071     15.9872     15.9691 0.000126838
        4072     15.9885     15.9691 0.000126896
        4073     15.9798     15.9691 0.000126892
        4074     15.9639     15.9691 0.000126868
        4075     15.9542     15.9691 0.000126889
        4076     15.9552     15.9691 0.000126904
        4077     15.9602     15.9691 0.000126892
        4078     15.9648     15.9691 0.000126865
        4079     15.9679     15.9691 0.000126834
        4080     15.9697     15.9691 0.000126803
        4081     15.9706     15.9691 0.000126773
        4082     15.9707     15.9691 0.000126742
        4083     15.9706     15.9691 0.000126712
        4084     15.9709     15.9691 0.000126682
        4085      15.972     15.9691 0.000126653
        4086     15.9737     15.9691 0.000126627
        4087     15.9756     15.9691 0.000126606
        4088     15.9766     15.9691 0.000126588
        4089     15.9755     15.9691 0.000126566
        4090      15.972     15.9691 0.000126537
        4091     15.9669     15.9691 0.000126508
        4092      15.962     15.9691 0.000126489
        4093     15.9594     15.9691  0.00012648
        4094     15.9593     15.9691 0.000126472
        4095     15.9613     15.9691 0.000126455
        4096     15.9645     15.9691 0.000126429
        4097      15.968     15.9691 0.000126399
        4098     15.9716     15.9691 0.000126369
        4099     15.9751     15.9691 0.000126347
        4100     15.9778     15.9691 0.000126334
        4101     15.9779     15.9691 0.000126321
        4102     15.9741     15.9691 0.000126296
        4103     15.9694     15.9691 0.000126266
        4104     15.9695     15.9691 0.000126235
        4105     15.9746     15.9691 0.000126211
        4106      15.979     15.9691 0.000126203
        4107     15.9772     15.9691 0.000126188
        4108     15.9701     15.9691 0.000126157
        4109     15.9648     15.9691 0.000126131
        4110     15.9643     15.9691 0.000126106
        4111     15.9653     15.9691 0.000126079
        4112     15.9668     15.9691 0.000126049
        4113     15.9704     15.9691 0.000126019
        4114     15.9749     15.9691 0.000125996
        4115     15.9758     15.9691 0.000125976
        4116     15.9699     15.9691 0.000125945
        4117     15.9607     15.9691 0.000125932
        4118     15.9554     15.9691 0.000125945
        4119     15.9572     15.9691 0.000125948
        4120     15.9629     15.9691 0.000125926
        4121     15.9687     15.9691 0.000125896
        4122      15.973     15.9691 0.000125869
        4123     15.9757     15.9691 0.000125848
        4124     15.9769     15.9691 0.000125832
        4125      15.977     15.9691 0.000125816
        4126     15.9768     15.9691 0.000125799
        4127     15.9762     15.9691  0.00012578
        4128     15.9751     15.9691 0.000125758
        4129     15.9729     15.9691 0.000125731
        4130     15.9697     15.9691   0.0001257
        4131     15.9667     15.9691 0.000125671
        4132     15.9649     15.9691 0.000125645
        4133     15.9647     15.9691 0.000125619
        4134     15.9653     15.9691 0.000125592
        4135     15.9666     15.9691 0.000125563
        4136     15.9687     15.9691 0.000125533
        4137      15.972     15.9691 0.000125505
        4138      15.977     15.9691 0.000125489
        4139     15.9832     15.9691 0.000125505
        4140     15.9863     15.9691 0.000125543
        4141     15.9784     15.9691 0.000125532
        4142     15.9627     15.9691 0.000125512
        4143     15.9547     15.9691  0.00012553
        4144     15.9581     15.9691 0.000125528
        4145      15.965     15.9691 0.000125501
        4146     15.9701     15.9691 0.000125471
        4147     15.9725     15.9691 0.000125444
        4148     15.9725     15.9691 0.000125416
        4149     15.9716     15.9691 0.000125387
        4150     15.9708     15.9691 0.000125358
        4151     15.9706     15.9691 0.000125328
        4152     15.9703     15.9691 0.000125298
        4153     15.9695     15.9691 0.000125268
        4154     15.9684     15.9691 0.000125238
        4155     15.9674     15.9691 0.000125209
        4156     15.9668     15.9691  0.00012518
        4157     15.9665     15.9691 0.000125151
        4158     15.9664     15.9691 0.000125123
        4159     15.9664     15.9691 0.000125094
        4160     15.9665     15.9691 0.000125066
        4161     15.9668     15.9691 0.000125037
        4162     15.9674     15.9691 0.000125008
        4163     15.9684     15.9691 0.000124978
        4164     15.9698     15.9691 0.000124948
        4165     15.9717     15.9691  0.00012492
        4166     15.9736     15.9691 0.000124894
        4167     15.9749     15.9691 0.000124872
        4168     15.9755     15.9691 0.000124851
        4169      15.975     15.9691 0.000124829
        4170     15.9738     15.9691 0.000124804
        4171     15.9717     15.9691 0.000124776
        4172     15.9689     15.9691 0.000124746
        4173     15.9651     15.9691  0.00012472
        4174     15.9626     15.9691   0.0001247
        4175     15.9633     15.9691 0.000124678
        4176     15.9674     15.9691 0.000124649
        4177     15.9731     15.9691 0.000124622
        4178     15.9772     15.9691 0.000124608
        4179     15.9775     15.9691 0.000124594
        4180     15.9734     15.9691 0.000124568
        4181     15.9669     15.9691  0.00012454
        4182     15.9618     15.9691 0.000124522
        4183     15.9612     15.9691 0.000124507
        4184     15.9644     15.9691 0.000124482
        4185     15.9667     15.9691 0.000124454
        4186     15.9651     15.9691 0.000124428
        4187     15.9614     15.9691 0.000124412
        4188     15.9601     15.9691 0.000124401
        4189     15.9626     15.9691 0.000124381
        4190     15.9674     15.9691 0.000124352
        4191     15.9734     15.9691 0.000124326
        4192     15.9797     15.9691 0.000124322
        4193     15.9851     15.9691 0.000124351
        4194     15.9862     15.9691 0.000124388
        4195      15.979     15.9691 0.000124381
        4196     15.9679     15.9691 0.000124351
        4197     15.9609     15.9691 0.000124337
        4198     15.9593     15.9691  0.00012433
        4199     15.9598     15.9691  0.00012432
        4200     15.9605     15.9691 0.000124307
        4201     15.9618     15.9691  0.00012429
        4202     15.9638     15.9691 0.000124267
        4203     15.9664     15.9691 0.000124239
        4204     15.9689     15.9691 0.000124209
        4205     15.9717     15.9691 0.000124181
        4206     15.9751     15.9691  0.00012416
        4207     15.9792     15.9691 0.000124153
        4208     15.9833     15.9691 0.000124169
        4209     15.9845     15.9691 0.000124193
        4210     15.9765     15.9691 0.000124176
        4211     15.9612     15.9691 0.000124161
        4212     15.9525     15.9691 0.000124194
        4213      15.955     15.9691  0.00012421
        4214     15.9608     15.9691 0.000124196
        4215     15.9648     15.9691 0.000124171
        4216     15.9665     15.9691 0.000124143
        4217     15.9669     15.9691 0.000124115
        4218     15.9662     15.9691 0.000124087
        4219     15.9648     15.9691 0.000124062
        4220     15.9642     15.9691 0.000124038
        4221     15.9659     15.9691 0.000124011
        4222     15.9705     15.9691 0.000123982
        4223      15.976     15.9691 0.000123963
        4224     15.9782     15.9691 0.000123952
        4225     15.9734     15.9691 0.000123927
        4226      15.965     15.9691 0.000123902
        4227     15.9608     15.9691 0.000123888
        4228     15.9625     15.9691 0.000123869
        4229     15.9663     15.9691 0.000123841
        4230     15.9695     15.9691 0.000123812
        4231     15.9713     15.9691 0.000123784
        4232     15.9715     15.9691 0.000123756
        4233     15.9703     15.9691 0.000123727
        4234     15.9683     15.9691 0.000123698
        4235     15.9669     15.9691  0.00012367
        4236      15.967     15.9691 0.000123642
        4237     15.9688     15.9691 0.000123613
        4238     15.9709     15.9691 0.000123584
        4239     15.9724     15.9691 0.000123557
        4240     15.9731     15.9691 0.000123532
        4241     15.9743     15.9691 0.000123509
        4242     15.9775     15.9691 0.000123495
        4243      15.984     15.9691 0.000123516
        4244     15.9929     15.9691 0.000123614
        4245      15.997     15.9691 0.000123759
        4246     15.9836     15.9691 0.000123777
        4247     15.9571     15.9691  0.00012378
        4248     15.9417     15.9691 0.000123919
        4249     15.9435     15.9691 0.000124037
        4250     15.9521     15.9691 0.000124072
        4251     15.9611     15.9691 0.000124057
        4252     15.9685     15.9691 0.000124028
        4253      15.973     15.9691 0.000124002
        4254     15.9739     15.9691 0.000123978
        4255     15.9718     15.9691 0.000123951
        4256     15.9686     15.9691 0.000123922
        4257     15.9666     15.9691 0.000123894
        4258     15.9667     15.9691 0.000123866
        4259      15.969     15.9691 0.000123837
        4260      15.973     15.9691 0.000123811
        4261     15.9775     15.9691 0.000123798
        4262     15.9804     15.9691 0.000123797
        4263     15.9786     15.9691 0.000123788
        4264     15.9717     15.9691 0.000123761
        4265     15.9641     15.9691 0.000123737
        4266     15.9609     15.9691 0.000123723
        4267     15.9622     15.9691 0.000123705
        4268     15.9653     15.9691 0.000123679
        4269     15.9685     15.9691  0.00012365
        4270     15.9709     15.9691 0.000123622
        4271     15.9724     15.9691 0.000123596
        4272     15.9731     15.9691  0.00012357
        4273     15.9732     15.9691 0.000123545
        4274     15.9729     15.9691 0.000123519
        4275     15.9724     15.9691 0.000123493
        4276     15.9717     15.9691 0.000123465
        4277     15.9712     15.9691 0.000123437
        4278     15.9718     15.9691  0.00012341
        4279     15.9749     15.9691 0.000123389
        4280     15.9812     15.9691 0.000123392
        4281     15.9867     15.9691 0.000123431
        4282     15.9795     15.9691 0.000123426
        4283     15.9589     15.9691 0.000123421
        4284     15.9477     15.9691 0.000123494
        4285     15.9525     15.9691 0.000123526
        4286     15.9616     15.9691 0.000123509
        4287     15.9687     15.9691  0.00012348
        4288     15.9732     15.9691 0.000123455
        4289     15.9758     15.9691 0.000123436
        4290     15.9766     15.9691  0.00012342
        4291     15.9759     15.9691 0.000123401
        4292     15.9749     15.9691  0.00012338
        4293     15.9741     15.9691 0.000123357
        4294     15.9731     15.9691 0.000123331
        4295     15.9713     15.9691 0.000123304
        4296     15.9693     15.9691 0.000123275
        4297     15.9681     15.9691 0.000123247
        4298     15.9674     15.9691 0.000123219
        4299     15.9671     15.9691 0.000123191
        4300     15.9685     15.9691 0.000123162
        4301     15.9714     15.9691 0.000123135
        4302      15.974     15.9691 0.000123111
        4303     15.9726     15.9691 0.000123085
        4304     15.9673     15.9691 0.000123057
        4305     15.9634     15.9691 0.000123036
        4306     15.9641     15.9691 0.000123013
        4307      15.967     15.9691 0.000122986
        4308     15.9691     15.9691 0.000122957
        4309     15.9696     15.9691 0.000122929
        4310     15.9688     15.9691   0.0001229
        4311     15.9676     15.9691 0.000122872
        4312     15.9667     15.9691 0.000122845
        4313     15.9664     15.9691 0.000122818
        4314     15.9669     15.9691 0.000122791
        4315     15.9682     15.9691 0.000122762
        4316     15.9699     15.9691 0.000122734
        4317     15.9714     15.9691 0.000122707
        4318     15.9722     15.9691  0.00012268
        4319     15.9717     15.9691 0.000122653
        4320     15.9703     15.9691 0.000122625
        4321     15.9691     15.9691 0.000122597
        4322     15.9695     15.9691 0.000122569
        4323     15.9717     15.9691 0.000122542
        4324     15.9749     15.9691  0.00012252
        4325      15.977     15.9691 0.000122506
        4326     15.9761     15.9691 0.000122488
        4327     15.9718     15.9691 0.000122461
        4328     15.9671     15.9691 0.000122434
        4329     15.9651     15.9691 0.000122409
        4330     15.9655     15.9691 0.000122384
        4331     15.9658     15.9691 0.000122358
        4332     15.9652     15.9691 0.000122333
        4333     15.9647     15.9691 0.000122309
        4334     15.9656     15.9691 0.000122283
        4335     15.9684     15.9691 0.000122255
        4336     15.9726     15.9691  0.00012223
        4337     15.9772     15.9691 0.000122216
        4338     15.9808     15.9691 0.000122217
        4339     15.9821     15.9692 0.000122225
        4340     15.9801     15.9692 0.000122223
        4341     15.9753     15.9692 0.000122203
        4342     15.9703     15.9692 0.000122175
        4343     15.9676     15.9692 0.000122147
        4344     15.9682     15.9692 0.000122119
        4345     15.9707     15.9692 0.000122092
        4346     15.9731     15.9692 0.000122067
        4347     15.9722     15.9692 0.000122041
        4348     15.9666     15.9692 0.000122014
        4349     15.9607     15.9692 0.000122002
        4350     15.9603     15.9692 0.000121991
        4351     15.9647     15.9692 0.000121967
        4352     15.9698     15.9692 0.000121939
        4353     15.9732     15.9692 0.000121915
        4354     15.9739     15.9692 0.000121892
        4355     15.9722     15.9692 0.000121866
        4356      15.969     15.9692 0.000121838
        4357     15.9672     15.9692 0.000121811
        4358     15.9682     15.9692 0.000121783
        4359     15.9713     15.9692 0.000121756
        4360     15.9736     15.9692 0.000121732
        4361     15.9741     15.9692  0.00012171
        4362     15.9757     15.9692 0.000121691
        4363     15.9811     15.9692 0.000121694
        4364     15.9878     15.9692 0.000121741
        4365     15.9869     15.9692 0.000121781
        4366     15.9729     15.9692 0.000121756
        4367     15.9543     15.9692 0.000121776
        4368     15.9451     15.9692 0.000121873
        4369     15.9478     15.9692 0.000121943
        4370     15.9566     15.9692 0.000121949
        4371     15.9672     15.9692 0.000121922
        4372     15.9802     15.9692  0.00012192
        4373     15.9967     15.9692 0.000122055
        4374     16.0065     15.9692 0.000122325
        4375     15.9867     15.9692 0.000122363
        4376     15.9557     15.9692 0.000122374
        4377      15.951     15.9692 0.000122416
        4378     15.9591     15.9692  0.00012241
        4379     15.9639     15.9692 0.000122388
        4380     15.9654     15.9692 0.000122363
        4381     15.9662     15.9692 0.000122337
        4382     15.9667     15.9692  0.00012231
        4383     15.9671     15.9692 0.000122283
        4384     15.9672     15.9692 0.000122256
        4385     15.9671     15.9692 0.000122229
        4386     15.9671     15.9692 0.000122202
        4387     15.9674     15.9692 0.000122175
        4388     15.9682     15.9692 0.000122147
        4389       15.97     15.9692  0.00012212
        4390     15.9721     15.9692 0.000122094
        4391     15.9738     15.9692  0.00012207
        4392     15.9738     15.9692 0.000122047
        4393     15.9719     15.9692 0.000122021
        4394     15.9692     15.9692 0.000121993
        4395     15.9682     15.9692 0.000121965
        4396     15.9693     15.9692 0.000121938
        4397     15.9712     15.9692 0.000121911
        4398     15.9731     15.9692 0.000121886
        4399     15.9775     15.9692 0.000121873
        4400     15.9879     15.9692  0.00012192
        4401     15.9935     15.9692 0.000122018
        4402     15.9681     15.9692 0.000121991
        4403     15.9365     15.9692 0.000122188
        4404     15.9395     15.9692 0.000122346
        4405     15.9569     15.9692  0.00012235
        4406     15.9697     15.9692 0.000122322
        4407     15.9768     15.9692 0.000122307
        4408     15.9805     15.9692 0.000122306
        4409      15.982     15.9692 0.000122313
        4410     15.9821     15.9692 0.000122321
        4411     15.9813     15.9692 0.000122324
        4412     15.9792     15.9692 0.000122317
        4413     15.9744     15.9692 0.000122295
        4414     15.9673     15.9692 0.000122268
        4415     15.9615     15.9692 0.000122253
        4416       15.96     15.9692 0.000122243
        4417     15.9607     15.9692 0.000122231
        4418     15.9611     15.9692 0.000122217
        4419     15.9618     15.9692   0.0001222
        4420     15.9634     15.9692  0.00012218
        4421     15.9658     15.9692 0.000122155
        4422     15.9681     15.9692 0.000122127
        4423       15.97     15.9692   0.0001221
        4424     15.9717     15.9692 0.000122073
        4425     15.9732     15.9692 0.000122049
        4426     15.9745     15.9692 0.000122028
        4427     15.9749     15.9692 0.000122007
        4428     15.9732     15.9692 0.000121983
        4429     15.9695     15.9692 0.000121955
        4430      15.966     15.9692  0.00012193
        4431     15.9645     15.9692 0.000121907
        4432     15.9649     15.9692 0.000121883
        4433     15.9661     15.9692 0.000121858
        4434     15.9669     15.9692 0.000121831
        4435     15.9671     15.9692 0.000121805
        4436     15.9668     15.9692 0.000121778
        4437     15.9665     15.9692 0.000121753
        4438     15.9664     15.9692 0.000121727
        4439     15.9666     15.9692 0.000121701
        4440     15.9672     15.9692 0.000121674
        4441     15.9679     15.9692 0.000121647
        4442     15.9689     15.9692  0.00012162
        4443       15.97     15.9692 0.000121592
        4444     15.9711     15.9692 0.000121566
        4445     15.9717     15.9692  0.00012154
        4446     15.9708     15.9692 0.000121513
        4447     15.9681     15.9692 0.000121486
        4448     15.9647     15.9692 0.000121463
        4449     15.9625     15.9692 0.000121445
        4450     15.9628     15.9692 0.000121426
        4451     15.9648     15.9692 0.000121403
        4452     15.9678     15.9692 0.000121376
        4453     15.9708     15.9692 0.000121349
        4454     15.9729     15.9692 0.000121325
        4455     15.9734     15.9692 0.000121301
        4456     15.9723     15.9692 0.000121276
        4457     15.9699     15.9692 0.000121249
        4458     15.9675     15.9692 0.000121222
        4459     15.9665     15.9692 0.000121197
        4460     15.9668     15.9692  0.00012117
        4461     15.9675     15.9692 0.000121144
        4462     15.9675     15.9692 0.000121117
        4463     15.9663     15.9692 0.000121092
        4464     15.9646     15.9692 0.000121069
        4465     15.9633     15.9692 0.000121049
        4466     15.9634     15.9692 0.000121029
        4467     15.9648     15.9692 0.000121005
        4468     15.9663     15.9692  0.00012098
        4469     15.9667     15.9692 0.000120954
        4470     15.9662     15.9691 0.000120929
        4471     15.9652     15.9691 0.000120905
        4472     15.9646     15.9691 0.000120882
        4473     15.9644     15.9691  0.00012086
        4474      15.965     15.9691 0.000120837
        4475     15.9666     15.9691 0.000120811
        4476     15.9691     15.9691 0.000120784
        4477     15.9722     15.9691 0.000120759
        4478     15.9753     15.9691  0.00012074
        4479     15.9777     15.9691 0.000120728
        4480      15.978     15.9692 0.000120717
        4481     15.9757     15.9692 0.000120699
        4482     15.9709     15.9692 0.000120673
        4483     15.9656     15.9692 0.000120648
        4484     15.9624     15.9692 0.000120631
        4485      15.962     15.9691 0.000120614
        4486     15.9636     15.9691 0.000120594
        4487     15.9657     15.9691 0.000120569
        4488     15.9677     15.9691 0.000120543
        4489     15.9691     15.9691 0.000120516
        4490     15.9701     15.9691 0.000120489
        4491     15.9712     15.9691 0.000120463
        4492     15.9729     15.9691 0.000120439
        4493     15.9753     15.9691  0.00012042
        4494     15.9786     15.9692 0.000120412
        4495     15.9825     15.9692 0.000120421
        4496     15.9859     15.9692 0.000120453
        4497     15.9843     15.9692 0.000120473
        4498     15.9737     15.9692  0.00012045
        4499     15.9616     15.9692 0.000120435
        4500     15.9562     15.9692 0.000120442
        4501     15.9558     15.9692 0.000120452
        4502     15.9571     15.9692 0.000120455
        4503     15.9586     15.9692 0.000120451
        4504     15.9599     15.9691 0.000120442
        4505     15.9618     15.9691 0.000120426
        4506     15.9644     15.9691 0.000120404
        4507     15.9674     15.9691 0.000120378
        4508       15.97     15.9691 0.000120351
        4509     15.9717     15.9691 0.000120326
        4510     15.9726     15.9691 0.000120302
        4511     15.9726     15.9691 0.000120278
        4512     15.9719     15.9691 0.000120252
        4513      15.971     15.9691 0.000120227
        4514     15.9703     15.9691   0.0001202
        4515     15.9701     15.9691 0.000120174
        4516     15.9703     15.9691 0.000120147
        4517     15.9708     15.9691 0.000120121
        4518     15.9715     15.9692 0.000120096
        4519     15.9717     15.9692 0.000120071
        4520     15.9709     15.9692 0.000120045
        4521     15.9689     15.9692 0.000120018
        4522      15.967     15.9692 0.000119993
        4523      15.967     15.9692 0.000119967
        4524     15.9708     15.9692 0.000119941
        4525     15.9791     15.9692 0.000119935
        4526     15.9898     15.9692 0.000119995
        4527      15.994     15.9692 0.000120095
        4528     15.9819     15.9692 0.000120101
        4529     15.9673     15.9692 0.000120075
        4530     15.9659     15.9692 0.000120051
        4531     15.9694     15.9692 0.000120025
        4532     15.9693     15.9692 0.000119998
        4533     15.9622     15.9692 0.000119981
        4534     15.9512     15.9692  0.00012002
        4535      15.947     15.9692 0.000120093
        4536     15.9526     15.9692 0.000120122
        4537     15.9606     15.9691  0.00012011
        4538     15.9665     15.9691 0.000120085
        4539     15.9693     15.9691 0.000120059
        4540       15.97     15.9691 0.000120033
        4541     15.9693     15.9691 0.000120006
        4542     15.9681     15.9691  0.00011998
        4543      15.967     15.9691 0.000119954
        4544     15.9663     15.9691  0.00011993
        4545      15.966     15.9691 0.000119905
        4546     15.9659     15.9691 0.000119881
        4547     15.9663     15.9691 0.000119856
        4548     15.9672     15.9691 0.000119831
        4549     15.9687     15.9691 0.000119804
        4550     15.9704     15.9691 0.000119778
        4551     15.9721     15.9691 0.000119754
        4552     15.9734     15.9691 0.000119731
        4553     15.9732     15.9691 0.000119708
        4554     15.9712     15.9691 0.000119683
        4555     15.9684     15.9691 0.000119656
        4556     15.9659     15.9691 0.000119632
        4557     15.9647     15.9691  0.00011961
        4558     15.9647     15.9691 0.000119588
        4559     15.9655     15.9691 0.000119564
        4560     15.9667     15.9691 0.000119539
        4561      15.967     15.9691 0.000119514
        4562      15.966     15.9691  0.00011949
        4563     15.9646     15.9691 0.000119468
        4564     15.9647     15.9691 0.000119445
        4565     15.9674     15.9691  0.00011942
        4566     15.9715     15.9691 0.000119395
        4567     15.9749     15.9691 0.000119375
        4568     15.9748     15.9691 0.000119355
        4569     15.9709     15.9691  0.00011933
        4570      15.966     15.9691 0.000119306
        4571     15.9639     15.9691 0.000119285
        4572     15.9651     15.9691 0.000119262
        4573     15.9677     15.9691 0.000119237
        4574     15.9701     15.9691 0.000119211
        4575     15.9724     15.9691 0.000119187
        4576     15.9747     15.9691 0.000119167
        4577     15.9757     15.9691  0.00011915
        4578     15.9738     15.9691 0.000119128
        4579     15.9689     15.9691 0.000119102
        4580      15.963     15.9691 0.000119083
        4581     15.9592     15.9691 0.000119077
        4582     15.9587     15.9691 0.000119073
        4583      15.961     15.9691  0.00011906
        4584     15.9642     15.9691 0.000119039
        4585     15.9667     15.9691 0.000119014
        4586      15.968     15.9691 0.000118989
        4587     15.9684     15.9691 0.000118963
        4588     15.9682     15.9691 0.000118937
        4589     15.9681     15.9691 0.000118911
        4590     15.9686     15.9691 0.000118886
        4591       15.97     15.9691  0.00011886
        4592     15.9721     15.9691 0.000118836
        4593     15.9741     15.9691 0.000118815
        4594      15.975     15.9691 0.000118796
        4595     15.9744     15.9691 0.000118775
        4596     15.9733     15.9691 0.000118753
        4597     15.9732     15.9691  0.00011873
        4598     15.9718     15.9691 0.000118706
        4599     15.9656     15.9691 0.000118683
        4600     15.9602     15.9691 0.000118673
        4601      15.965     15.9691  0.00011865
        4602      15.975     15.9691 0.000118631
        4603     15.9792     15.9691 0.000118626
        4604     15.9749     15.9691 0.000118607
        4605     15.9711     15.9691 0.000118582
        4606      15.973     15.9691 0.000118559
        4607     15.9705     15.9691 0.000118533
        4608     15.9577     15.9691 0.000118534
        4609     15.9487     15.9691 0.000118591
        4610     15.9513     15.9691 0.000118629
        4611      15.958     15.9691 0.000118627
        4612     15.9632     15.9691 0.000118609
        4613     15.9665     15.9691 0.000118584
        4614     15.9689     15.9691 0.000118559
        4615     15.9713     15.9691 0.000118534
        4616     15.9736     15.9691 0.000118512
        4617     15.9747     15.9691 0.000118492
        4618     15.9739     15.9691 0.000118471
        4619     15.9712     15.9691 0.000118446
        4620     15.9689     15.9691 0.000118421
        4621      15.969     15.9691 0.000118395
        4622     15.9707     15.9691  0.00011837
        4623     15.9716     15.9691 0.000118346
        4624     15.9701     15.9691  0.00011832
        4625      15.967     15.9691 0.000118296
        4626     15.9646     15.9691 0.000118274
        4627     15.9645     15.9691 0.000118253
        4628     15.9664     15.9691 0.000118229
        4629     15.9696     15.9691 0.000118203
        4630      15.973     15.9691 0.000118181
        4631     15.9751     15.9691 0.000118162
        4632      15.974     15.9691 0.000118141
        4633     15.9694     15.9691 0.000118116
        4634     15.9639     15.9691 0.000118096
        4635      15.961     15.9691 0.000118083
        4636     15.9615     15.9691 0.000118069
        4637     15.9638     15.9691 0.000118049
        4638     15.9662     15.9691 0.000118026
        4639     15.9682     15.9691    0.000118
        4640     15.9697     15.9691 0.000117975
        4641     15.9712     15.9691 0.000117951
        4642      15.973     15.9691 0.000117928
        4643     15.9755     15.9691 0.000117911
        4644     15.9781     15.9691 0.000117901
        4645     15.9799     15.9691 0.000117899
        4646     15.9789     15.9691 0.000117892
        4647     15.9744     15.9691 0.000117872
        4648     15.9686     15.9691 0.000117847
        4649     15.9652     15.9691 0.000117824
        4650     15.9656     15.9691 0.000117802
        4651     15.9693     15.9691 0.000117776
        4652     15.9737     15.9691 0.000117755
        4653     15.9759     15.9691 0.000117739
        4654     15.9743     15.9691 0.000117719
        4655     15.9695     15.9691 0.000117693
        4656     15.9645     15.9691 0.000117672
        4657     15.9623     15.9691 0.000117656
        4658     15.9629     15.9691 0.000117639
        4659     15.9654     15.9691 0.000117616
        4660     15.9692     15.9691 0.000117591
        4661     15.9733     15.9691 0.000117569
        4662     15.9761     15.9691 0.000117553
        4663     15.9749     15.9691 0.000117535
        4664     15.9692     15.9691 0.000117509
        4665     15.9629     15.9691 0.000117492
        4666     15.9603     15.9691 0.000117482
        4667     15.9613     15.9691 0.000117469
        4668      15.964     15.9691 0.000117449
        4669      15.967     15.9691 0.000117424
        4670     15.9703     15.9691   0.0001174
        4671     15.9738     15.9691 0.000117379
        4672     15.9781     15.9691 0.000117369
        4673      15.983     15.9691 0.000117382
        4674     15.9857     15.9691  0.00011741
        4675     15.9806     15.9691 0.000117411
        4676     15.9699     15.9691 0.000117386
        4677     15.9662     15.9691 0.000117362
        4678     15.9696     15.9691 0.000117337
        4679     15.9677     15.9691 0.000117313
        4680     15.9615     15.9691 0.000117299
        4681      15.963     15.9691 0.000117281
        4682     15.9719     15.9691 0.000117258
        4683     15.9777     15.9691 0.000117247
        4684     15.9743     15.9691 0.000117227
        4685      15.965     15.9691 0.000117205
        4686     15.9582     15.9691 0.000117204
        4687     15.9577     15.9691 0.000117204
        4688     15.9612     15.9691 0.000117191
        4689     15.9654     15.9691 0.000117169
        4690     15.9682     15.9691 0.000117144
        4691     15.9697     15.9691 0.000117119
        4692     15.9703     15.9691 0.000117095
        4693     15.9707     15.9691  0.00011707
        4694     15.9709     15.9691 0.000117046
        4695     15.9702     15.9691 0.000117021
        4696     15.9679     15.9691 0.000116996
        4697     15.9646     15.9691 0.000116976
        4698     15.9626     15.9691 0.000116959
        4699     15.9639     15.9691 0.000116939
        4700     15.9692     15.9691 0.000116914
        4701     15.9777     15.9691 0.000116904
        4702     15.9876     15.9691 0.000116945
        4703      15.994     15.9691 0.000117039
        4704     15.9892     15.9691 0.000117092
        4705      15.971     15.9691 0.000117068
        4706     15.9517     15.9691 0.000117102
        4707     15.9464     15.9691 0.000117177
        4708     15.9533     15.9691   0.0001172
        4709     15.9622     15.9691 0.000117185
        4710      15.968     15.9691  0.00011716
        4711     15.9705     15.9691 0.000117136
        4712     15.9709     15.9691 0.000117111
        4713     15.9703     15.9691 0.000117087
        4714     15.9699     15.9691 0.000117062
        4715     15.9699     15.9691 0.000117037
        4716       15.97     15.9691 0.000117013
        4717     15.9696     15.9691 0.000116988
        4718     15.9685     15.9691 0.000116963
        4719     15.9673     15.9691 0.000116939
        4720     15.9664     15.9691 0.000116916
        4721     15.9665     15.9691 0.000116892
        4722      15.967     15.9691 0.000116868
        4723     15.9675     15.9691 0.000116844
        4724     15.9673     15.9691  0.00011682
        4725     15.9667     15.9691 0.000116796
        4726     15.9665     15.9691 0.000116773
        4727     15.9678     15.9691 0.000116749
        4728     15.9715     15.9691 0.000116725
        4729     15.9767     15.9691 0.000116712
        4730       15.98     15.9691  0.00011671
        4731      15.977     15.9691 0.000116697
        4732     15.9691     15.9691 0.000116672
        4733     15.9653     15.9691  0.00011665
        4734     15.9689     15.9691 0.000116626
        4735     15.9746     15.9691 0.000116607
        4736     15.9775     15.9691 0.000116595
        4737     15.9767     15.9691 0.000116581
        4738      15.974     15.9691 0.000116561
        4739     15.9718     15.9691 0.000116538
        4740     15.9704     15.9691 0.000116514
        4741     15.9686     15.9691 0.000116489
        4742     15.9649     15.9691 0.000116468
        4743     15.9598     15.9691  0.00011646
        4744     15.9556     15.9691 0.000116471
        4745     15.9546     15.9691 0.000116486
        4746      15.957     15.9691  0.00011649
        4747     15.9608     15.9691 0.000116478
        4748     15.9645     15.9691 0.000116458
        4749     15.9674     15.9691 0.000116434
        4750     15.9696     15.9691 0.000116409
        4751     15.9714     15.9691 0.000116386
        4752     15.9728     15.9691 0.000116364
        4753     15.9739     15.9691 0.000116344
        4754     15.9744     15.9691 0.000116325
        4755      15.974     15.9691 0.000116305
        4756     15.9728     15.9691 0.000116283
        4757     15.9713     15.9691 0.000116259
        4758     15.9702     15.9691 0.000116235
        4759     15.9697     15.9691 0.000116211
        4760     15.9695     15.9691 0.000116186
        4761     15.9694     15.9691 0.000116162
        4762     15.9696     15.9691 0.000116138
        4763     15.9707     15.9691 0.000116114
        4764      15.973     15.9691 0.000116092
        4765     15.9751     15.9691 0.000116075
        4766     15.9746     15.9691 0.000116056
        4767     15.9704     15.9691 0.000116032
        4768     15.9648     15.9691 0.000116011
        4769      15.962     15.9691 0.000115996
        4770     15.9629     15.9691 0.000115979
        4771     15.9654     15.9691 0.000115958
        4772     15.9669     15.9691 0.000115934
        4773     15.9666     15.9691 0.000115911
        4774     15.9657     15.9691 0.000115889
        4775     15.9654     15.9691 0.000115868
        4776      15.966     15.9691 0.000115845
        4777     15.9669     15.9691 0.000115822
        4778     15.9677     15.9691 0.000115798
        4779     15.9683     15.9691 0.000115774
        4780      15.969     15.9691  0.00011575
        4781     15.9705     15.9691 0.000115726
        4782     15.9728     15.9691 0.000115704
        4783     15.9752     15.9691 0.000115687
        4784      15.976     15.9691 0.000115672
        4785     15.9747     15.9691 0.000115653
        4786     15.9727     15.9691 0.000115632
        4787     15.9715     15.9691 0.000115609
        4788     15.9712     15.9691 0.000115585
        4789     15.9713     15.9691 0.000115562
        4790     15.9709     15.9691 0.000115538
        4791     15.9696     15.9691 0.000115514
        4792     15.9669     15.9691 0.000115491
        4793     15.9647     15.9691 0.000115471
        4794     15.9651     15.9691  0.00011545
        4795     15.9688     15.9691 0.000115426
        4796     15.9734     15.9691 0.000115405
        4797     15.9746     15.9691 0.000115387
        4798     15.9701     15.9691 0.000115363
        4799     15.9643     15.9691 0.000115343
        4800     15.9624     15.9691 0.000115328
        4801     15.9643     15.9691 0.000115308
        4802     15.9671     15.9691 0.000115285
        4803     15.9693     15.9691 0.000115261
        4804     15.9705     15.9691 0.000115237
        4805     15.9712     15.9691 0.000115214
        4806     15.9718     15.9691 0.000115191
        4807     15.9727     15.9691  0.00011517
        4808      15.974     15.9691  0.00011515
        4809     15.9757     15.9691 0.000115134
        4810     15.9772     15.9691 0.000115123
        4811     15.9781     15.9691 0.000115114
        4812     15.9783     15.9691 0.000115106
        4813     15.9767     15.9691 0.000115093
        4814     15.9725     15.9691 0.000115071
        4815     15.9669     15.9691 0.000115048
        4816     15.9632     15.9691 0.000115031
        4817     15.9639     15.9691 0.000115012
        4818     15.9681     15.9691 0.000114988
        4819     15.9743     15.9691 0.000114969
        4820     15.9812     15.9691 0.000114972
        4821     15.9842     15.9692 0.000114991
        4822     15.9771     15.9692 0.000114979
        4823     15.9637     15.9692  0.00011496
        4824     15.9572     15.9691 0.000114963
        4825     15.9588     15.9691 0.000114959
        4826     15.9618     15.9691 0.000114945
        4827     15.9647     15.9691 0.000114925
        4828       15.97     15.9691 0.000114902
        4829     15.9786     15.9691 0.000114895
        4830     15.9881     15.9692 0.000114938
        4831     15.9928     15.9692 0.000115018
        4832     15.9836     15.9692 0.000115033
        4833     15.9631     15.9692 0.000115016
        4834     15.9517     15.9692 0.000115049
        4835      15.954     15.9692 0.000115068
        4836     15.9589     15.9691 0.000115064
        4837     15.9616     15.9691 0.000115051
        4838     15.9628     15.9691 0.000115034
        4839     15.9642     15.9691 0.000115015
        4840     15.9666     15.9691 0.000114993
        4841     15.9691     15.9691 0.000114969
        4842     15.9707     15.9691 0.000114946
        4843     15.9711     15.9691 0.000114923
        4844     15.9719     15.9691   0.0001149
        4845     15.9747     15.9691 0.000114882
        4846     15.9794     15.9691 0.000114878
        4847     15.9835     15.9692 0.000114892
        4848     15.9845     15.9692 0.000114912
        4849     15.9807     15.9692 0.000114913
        4850      15.972     15.9692 0.000114891
        4851     15.9627     15.9692 0.000114875
        4852     15.9573     15.9692 0.000114877
        4853     15.9557     15.9692 0.000114887
        4854     15.9566     15.9691 0.000114892
        4855     15.9588     15.9691 0.000114889
        4856     15.9615     15.9691 0.000114876
        4857      15.964     15.9691 0.000114857
        4858      15.966     15.9691 0.000114835
        4859     15.9674     15.9691 0.000114812
        4860     15.9685     15.9691 0.000114789
        4861     15.9696     15.9691 0.000114765
        4862     15.9707     15.9691 0.000114742
        4863      15.972     15.9691  0.00011472
        4864     15.9737     15.9691   0.0001147
        4865     15.9756     15.9691 0.000114684
        4866     15.9773     15.9691 0.000114673
        4867     15.9778     15.9691 0.000114663
        4868     15.9753     15.9692 0.000114646
        4869     15.9692     15.9692 0.000114623
        4870     15.9625     15.9691 0.000114607
        4871     15.9583     15.9691 0.000114606
        4872      15.957     15.9691 0.000114609
        4873     15.9574     15.9691 0.000114611
        4874     15.9583     15.9691 0.000114609
        4875     15.9598     15.9691 0.000114602
        4876     15.9618     15.9691 0.000114588
        4877     15.9643     15.9691 0.000114569
        4878     15.9672     15.9691 0.000114546
        4879     15.9697     15.9691 0.000114523
        4880     15.9715     15.9691   0.0001145
        4881     15.9727     15.9691 0.000114479
        4882     15.9735     15.9691 0.000114459
        4883     15.9736     15.9691 0.000114439
        4884     15.9718     15.9691 0.000114417
        4885     15.9668     15.9691 0.000114395
        4886     15.9605     15.9691 0.000114385
        4887     15.9573     15.9691 0.000114387
        4888     15.9586     15.9691 0.000114384
        4889     15.9623     15.9691 0.000114369
        4890      15.966     15.9691 0.000114347
        4891     15.9684     15.9691 0.000114324
        4892     15.9694     15.9691   0.0001143
        4893     15.9698     15.9691 0.000114277
        4894     15.9703     15.9691 0.000114254
        4895     15.9707     15.9691 0.000114231
        4896     15.9706     15.9691 0.000114208
        4897     15.9694     15.9691 0.000114185
        4898     15.9672     15.9691 0.000114162
        4899     15.9646     15.9691 0.000114143
        4900     15.9624     15.9691 0.000114128
        4901      15.961     15.9691 0.000114117
        4902     15.9607     15.9691 0.000114106
        4903     15.9615     15.9691 0.000114094
        4904     15.9632     15.9691 0.000114077
        4905     15.9655     15.9691 0.000114056
        4906     15.9681     15.9691 0.000114033
        4907     15.9704     15.9691  0.00011401
        4908     15.9731     15.9691  0.00011399
        4909     15.9771     15.9691 0.000113978
        4910     15.9828     15.9691 0.000113989
        4911     15.9878     15.9691 0.000114029
        4912     15.9858     15.9691 0.000114056
        4913     15.9723     15.9691 0.000114035
        4914     15.9557     15.9691 0.000114045
        4915     15.9487     15.9691 0.000114097
        4916     15.9519     15.9691 0.000114128
        4917     15.9589     15.9691 0.000114124
        4918     15.9644     15.9691 0.000114104
        4919     15.9668     15.9691 0.000114082
        4920     15.9668     15.9691  0.00011406
        4921     15.9664     15.9691 0.000114038
        4922     15.9674     15.9691 0.000114016
        4923       15.97     15.9691 0.000113993
        4924     15.9732     15.9691 0.000113972
        4925     15.9752     15.9691 0.000113956
        4926     15.9751     15.9691 0.000113939
        4927      15.973     15.9691 0.000113919
        4928     15.9703     15.9691 0.000113896
        4929     15.9681     15.9691 0.000113873
        4930     15.9671     15.9691 0.000113851
        4931     15.9669     15.9691 0.000113829
        4932     15.9675     15.9691 0.000113806
        4933     15.9684     15.9691 0.000113783
        4934     15.9696     15.9691  0.00011376
        4935     15.9709     15.9691 0.000113737
        4936     15.9724     15.9691 0.000113716
        4937     15.9737     15.9691 0.000113697
        4938     15.9747     15.9691  0.00011368
        4939     15.9754     15.9691 0.000113664
        4940     15.9754     15.9691 0.000113648
        4941     15.9751     15.9691 0.000113631
        4942      15.975     15.9691 0.000113614
        4943     15.9748     15.9691 0.000113597
        4944     15.9737     15.9691 0.000113578
        4945     15.9716     15.9691 0.000113556
        4946     15.9701     15.9691 0.000113533
        4947       15.97     15.9691  0.00011351
        4948     15.9705     15.9691 0.000113488
        4949     15.9699     15.9691 0.000113465
        4950     15.9679     15.9691 0.000113442
        4951     15.9656     15.9691 0.000113422
        4952     15.9634     15.9691 0.000113405
        4953     15.9616     15.9691 0.000113392
        4954     15.9609     15.9691 0.000113381
        4955     15.9626     15.9691 0.000113366
        4956     15.9664     15.9691 0.000113344
        4957     15.9699     15.9691 0.000113322
        4958     15.9711     15.9691 0.000113299
        4959     15.9695     15.9691 0.000113277
        4960      15.967     15.9691 0.000113255
        4961     15.9657     15.9691 0.000113234
        4962     15.9658     15.9691 0.000113213
        4963     15.9665     15.9691 0.000113192
        4964     15.9674     15.9691 0.000113169
        4965      15.968     15.9691 0.000113147
        4966     15.9684     15.9691 0.000113124
        4967     15.9685     15.9691 0.000113101
        4968     15.9687     15.9691 0.000113079
        4969     15.9687     15.9691 0.000113056
        4970     15.9684     15.9691 0.000113033
        4971     15.9677     15.9691 0.000113011
        4972     15.9667     15.9691 0.000112989
        4973     15.9656     15.9691 0.000112969
        4974      15.965     15.9691 0.000112949
        4975     15.9652     15.9691 0.000112929
        4976     15.9664     15.9691 0.000112908
        4977     15.9686     15.9691 0.000112885
        4978     15.9709     15.9691 0.000112863
        4979     15.9717     15.9691 0.000112841
        4980     15.9697     15.9691 0.000112819
        4981     15.9662     15.9691 0.000112798
        4982     15.9642     15.9691 0.000112779
        4983     15.9651     15.9691  0.00011276
        4984     15.9685     15.9691 0.000112737
        4985     15.9736     15.9691 0.000112718
        4986      15.979     15.9691 0.000112713
        4987     15.9813     15.9691 0.000112717
        4988     15.9749     15.9691   0.0001127
        4989     15.9618     15.9691 0.000112687
        4990     15.9527     15.9691 0.000112712
        4991     15.9525     15.9691 0.000112739
        4992     15.9578     15.9691 0.000112739
        4993     15.9648     15.9691  0.00011272
        4994      15.972     15.9691 0.000112698
        4995     15.9786     15.9691 0.000112692
        4996     15.9827     15.9691 0.000112702
        4997      15.982     15.9691 0.000112709
        4998     15.9751     15.9691 0.000112693
        4999     15.9645     15.9691 0.000112674
        5000     15.9571     15.9691 0.000112677
