0.999951
0.995168
0.834925
1.03537
0.894279
1.06155
1.01556
1.04202
1.08247
0.966116
0.924141
0.996065
0.889844
1.0656
1.2469
0.986878
1.02993
0.935273
0.914762
0.735641
1.08437
0.987003
1.03121
1.08039
1.02252
1.02766
0.954772
0.981558
0.966724
1.06819
0.97018
1.05685
1.23393
1.09466
0.908314
1.24919
1.00163
1.03967
0.932049
0.879568
0.975301
0.793622
0.90517
1.05504
0.983103
0.983325
0.868499
1.02559
0.71217
1.03469
1.09922
0.866809
0.972116
0.933862
1.04467
0.913247
1.02509
0.835937
1.04135
1.01384
0.888678
0.891822
0.988817
1.10237
0.963241
1.04139
1.19487
0.909445
1.05593
1.04667
1.02008
0.983193
0.843159
0.998565
0.931145
1.05813
1.04452
1.02608
1.0114
1.08076
0.948568
0.999199
0.968973
1.00084
0.879783
1.03437
0.889369
1.16198
0.981068
0.893685
0.903229
0.896274
1.02016
1.04735
1.00774
1.09074
1.15069
1.04826
1.07837
1.03224
1.01534
1.23177
0.95298
0.988515
1.09802
0.966305
1.01004
0.851054
0.957703
0.909886
1.1897
1.04148
0.784334
1.06262
1.09094
0.948297
1.02265
1.07411
1.00849
1.12392
1.0779
0.99962
1.16086
1.01902
0.839088
0.95336
1.23888
1.03527
0.997678
0.946222
1.00177
1.12184
0.972107
1.0021
0.965625
0.887178
0.965394
1.14218
1.0404
0.881813
1.10156
0.843611
0.852711
1.02359
1.03664
1.01333
1.00869
1.12903
0.928287
0.924955
1.09121
1.10334
1.16817
0.967175
1.11048
1.02186
0.90112
1.07936
1.12743
1.04697
0.858716
1.14026
0.975997
1.10349
1.04208
1.21234
1.14054
0.826462
1.04286
0.954753
1.06481
1.01893
0.965269
1.03819
0.921793
1.02449
1.01722
1.01019
0.9047
0.972212
1.15735
0.970839
1.19297
1.03282
0.88071
0.938814
0.92183
0.797387
0.980026
0.930762
1.07852
0.998683
1.0459
1.0009
1.13635
0.774865
1.23783
1.01659
0.904484
0.976278
0.953709
0.982745
1.02497
0.901888
0.919035
0.928777
0.977725
1.01042
1.06742
1.09115
1.19074
1.00558
0.768151
0.95684
0.758722
0.811689
0.944216
0.992893
0.982166
1.15484
1.09476
1.09528
0.89774
1.13506
1.24637
1.02438
1.07646
0.915749
1.14975
1.08491
0.839713
0.77287
0.983814
0.877663
1.07355
1.0889
1.13168
1.13896
0.944901
1.00997
0.970526
0.858793
0.894313
0.904548
1.01188
1.15237
1.03534
0.875604
1.06805
1.07407
1.11654
0.99312
0.921035
1.09083
0.993918
1.06594
0.98081
0.946467
1.03083
1.13656
0.963228
1.04812
0.992032
1.13672
1.10614
0.990791
0.902154
1.09873
1.02182
1.03402
0.927983
1.13358
0.943258
1.0317
0.965903
0.942102
1.0293
1.22229
0.813198
0.896447
0.938801
0.911856
0.932503
1.0933
0.870581
0.820325
0.895818
1.10617
0.990569
1.00268
1.22159
0.956664
0.927415
0.912973
1.11013
1.18395
1.05589
1.0901
0.850353
0.91158
1.09886
1.16525
0.914465
0.937525
1.05577
1.11245
1.06795
1.05644
1.02541
0.787171
0.9261
1.11595
1.05277
1.084
1.02797
0.90038
0.942442
0.946243
1.09925
1.06605
1.07058
0.792613
1.06509
0.988612
0.973412
1.1288
0.952507
1.08864
0.969688
0.911232
1.00947
0.976161
1.03256
0.92887
1.09027
1.00759
1.0012
1.04681
0.968945
0.912291
0.989949
1.08246
0.911962
0.880309
0.87189
0.911928
1.09743
0.967264
0.948283
0.987113
1.07027
0.795332
1.23819
0.95381
1.07355
0.963605
0.874139
0.964882
1.0468
1.12928
0.998799
1.26368
0.976715
0.77217
0.953716
0.876751
0.982483
0.970506
0.93536
0.884169
1.04653
0.962112
1.06005
0.915975
0.970796
0.999565
1.24816
1.00394
0.852085
0.896138
1.17666
1.03717
0.889904
1.14216
1.0554
0.965798
0.904114
1.13527
0.962127
0.992044
1.04403
0.820856
1.06364
1.06716
1.10801
0.866068
0.821313
1.0212
0.853871
0.954132
0.984349
1.03756
1.00594
0.916073
0.969535
0.964905
0.922703
0.976286
0.970844
1.13285
0.935006
0.949629
1.0794
1.077
0.928039
0.920706
0.811727
0.95416
1.0368
1.0549
1.04871
0.999787
1.04643
0.936325
1.20979
0.941116
0.91212
1.07951
0.967896
0.966356
1.04038
0.998085
1.04493
1.26246
1.17949
1.00615
0.958928
1.14642
1.01471
1.02438
1.03431
0.846587
0.99001
0.873239
1.0519
0.713038
1.18752
1.11241
1.01696
1.29034
1.0094
0.97549
0.852755
1.08018
0.911033
0.968136
1.09209
0.984363
1.0944
1.14575
1.02485
1.03287
0.840216
0.899473
1.1383
1.06413
1.07701
1.14439
0.874253
1.12546
0.953556
1.03816
1.09097
0.941476
0.928364
1.04757
1.01617
1.07427
0.958027
0.990875
0.898346
1.02472
0.904943
1.10768
1.08491
1.11743
0.959307
0.992901
1.01639
0.920466
1.06921
0.908514
1.0993
0.885564
1.14384
1.12849
0.957397
1.12751
0.938192
0.878074
0.928153
0.957999
0.928742
0.978979
0.832016
1.15336
1.12482
1.06425
0.995224
0.887461
0.883512
0.910507
1.08905
0.922761
0.963102
1.02644
1.2081
0.90882
1.0245
0.858207
1.03319
0.954032
0.882082
1.01713
0.979186
0.962583
1.20712
1.09617
1.04127
1.07118
1.0074
1.05074
0.881781
0.982835
0.888038
0.956109
1.04385
1.13944
0.950391
0.912293
1.05209
0.799495
0.929322
1.16538
1.06692
1.04154
1.05046
1.19979
1.08144
0.952399
0.946635
0.990758
1.00604
0.989328
1.08091
0.905802
0.990923
1.00606
0.953535
1.10635
0.852673
1.00468
1.20141
1.07518
0.956854
1.06346
0.859601
0.94991
0.93647
0.992427
1.09866
0.887002
0.981034
0.967231
0.922161
1.27284
0.880368
0.844645
1.19587
0.960833
1.11363
0.938869
0.91586
1.02873
1.02941
0.918741
1.0814
0.82298
1.00943
0.962414
0.984897
0.983696
0.807024
1.02554
1.02583
1.24021
1.08381
1.0053
0.87477
1.00466
0.859421
1.05511
0.994462
1.10149
1.02472
1.14223
0.955721
1.09861
0.991991
0.808695
0.944484
0.971747
0.996554
0.950681
0.967272
0.980434
1.11016
1.07713
0.872289
1.06382
0.961044
1.06553
1.01692
1.11528
1.02388
1.02856
1.00049
1.03049
0.824304
0.943381
0.955128
1.1096
0.744381
0.879222
0.772041
1.04464
1.10043
0.985039
0.919538
0.988852
0.970922
1.19848
1.02826
0.952788
1.1547
1.04966
1.08967
0.811653
1.08917
1.03951
1.16315
0.837322
0.982002
1.08303
0.941573
0.894042
0.974835
0.868834
0.932662
1.02232
1.13027
1.11742
0.991949
1.01719
1.00386
0.863944
0.726637
0.895963
0.890637
0.977335
1.02314
0.860418
0.952532
1.06507
0.902255
0.894634
1.10702
1.08103
1.05259
1.10432
0.902434
0.86932
1.08902
1.20486
1.05499
0.800216
1.1228
0.998702
1.20173
0.955506
0.9987
0.988642
0.924872
0.856201
0.901313
1.00482
0.940491
1.04825
1.09115
0.979777
0.930985
1.05484
1.06456
0.972726
0.981238
1.07798
1.02972
0.961865
1.05604
0.92661
1.00119
1.02311
0.913442
1.01591
0.993313
0.93824
1.02868
0.905438
0.89522
0.965734
0.812174
1.00604
1.09676
1.07464
0.977003
0.987729
1.18501
0.832183
0.968348
0.913689
1.05452
0.98974
0.939024
0.755832
0.857648
0.955735
0.794562
0.949953
0.967514
1.10193
0.983807
0.981737
1.16789
1.02882
0.969107
0.968772
1.05685
0.893689
0.982166
1.22361
0.969002
0.850629
0.964975
1.03878
1.11642
0.96662
1.0041
1.14108
0.978894
0.946932
0.905212
1.06011
1.09169
1.04043
0.920938
1.04823
0.965108
0.937832
0.949906
0.962956
1.1575
0.977068
0.966044
0.866486
0.950502
0.946536
0.792358
0.894345
1.07192
0.902162
1.09982
1.0385
0.941727
0.97989
0.939907
1.11811
0.769162
0.99252
0.878378
1.19628
0.833628
0.949868
1.00115
1.081
1.13192
0.929226
1.08037
1.1169
1.04375
0.83601
1.13616
1.03952
1.15508
1.16557
0.949849
1.2155
1.22936
1.00121
0.950986
0.921527
0.972649
1.0952
0.862419
1.02882
1.00037
0.871316
0.953765
1.10642
1.03407
0.951445
1.12399
0.966742
0.898729
1.01993
0.915161
1.08097
1.07403
0.820623
0.892586
0.912197
0.919242
0.986166
1.00952
1.14022
0.91417
1.03701
1.07981
1.08107
0.862334
0.855505
0.912293
0.925377
1.06829
1.08755
1.00905
0.835223
1.02893
1.11962
1.19835
1.02187
1.15858
1.03663
1.00779
0.9885
0.921268
1.00173
0.960779
0.82329
1.01804
0.899782
1.13463
1.00217
0.958176
0.890871
1.00366
0.908588
0.991079
1.02102
0.904861
1.06775
1.07403
1.0459
1.12968
1.03902
1.00366
1.04133
0.985323
0.892103
1.05552
1.07204
0.941898
0.863122
1.05961
0.889384
1.01723
0.976168
0.933339
0.992066
1.04004
1.22102
0.858419
1.1621
1.06659
1.09651
1.00323
0.998626
1.11858
0.98005
1.02068
0.958863
0.9561
0.906497
0.944182
0.901429
1.06279
1.01437
1.04071
1.11374
1.10304
0.977716
0.995097
1.11419
0.992649
1.01316
1.02597
1.12126
1.06528
0.83549
0.953438
0.914781
0.988684
0.954252
1.03221
1.05756
1.00603
1.01739
1.09703
1.03359
1.06933
1.14306
0.990321
1.06717
0.899631
1.11621
0.843339
0.947896
1.00935
1.01267
1.14486
0.953189
1.08281
1.24242
1.04021
0.860886
0.929216
0.951682
0.950921
0.899647
0.827815
1.13027
1.03836
1.09735
0.988862
1.00136
0.933417
0.938226
1.00428
1.16099
0.92037
0.867886
0.938493
1.05201
0.952081
1.08563
1.04693
1.01326
0.945171
0.942433
1.1699
0.845667
1.09147
0.928895
1.13806
0.808691
0.845493
0.810632
1.29496
0.894602
0.871098
0.884
0.935332
0.947123
0.955949
0.870154
0.840872
1.06552
0.950623
1.03274
0.802179
0.971213
1.00259
1.00865
0.960031
0.991862
1.01334
0.999229
0.927902
1.09498
1.00363
1.05453
0.920838
1.17226
0.865361
0.972969
0.941034
0.974202
1.03998
1.14676
1.06956
1.14593
0.954133
0.990483
0.907694
1.1172
0.864644
0.947615
1.13313
0.943487
1.05467
1.02435
0.905298
0.895451
1.05568
1.06394
0.967668
0.96034
1.1626
1.1205
1.1486
1.28018
0.839353
0.927439
1.09922
1.14938
0.833785
0.915281
0.840543
0.980861
0.963481
1.29715
0.938672
0.858893
0.933694
1.05025
1.05562
0.978712
1.13335
1.10867
0.971685
0.904233
0.981436
1.11973
1.08929
0.977628
0.913867
0.939562
0.782572
1.01244
0.949171
0.987667
1.00957
1.06011
1.14517
0.994701
0.998952
0.976998
1.03386
0.966706
1.09587
0.933485
1.03489
1.07847
1.10494
0.986564
0.868042
1.08987
0.845712
0.983555
0.91887
0.98127
1.11712
0.950099
0.878589
0.886135
1.01835
1.02098
1.0058
0.922519
1.02406
1.08956
1.1437
1.05499
0.982445
1.04044
1.02342
0.922426
1.36373
0.961822
1.24211
0.927462
0.941153
1.03775
0.954455
1.02742
1.21645
0.989692
1.10136
0.960875
0.927285
0.921564
0.896856
1.14413
0.912957
0.843057
0.971014
0.918221
1.02142
0.946144
0.853366
0.967433
0.93469
0.948364
1.3109
0.933274
1.05537
0.973785
1.16475
0.984204
0.837271
0.984602
0.955647
1.06739
0.926694
1.03045
0.798464
1.05485
0.960872
1.05789
1.29008
1.16816
1.01478
1.07955
0.835571
0.98058
1.08122
0.89996
0.789607
1.03336
0.915613
0.893304
0.907212
0.907229
1.0922
1.019
1.12521
0.898992
1.0735
0.923074
1.11979
1.04216
1.00458
0.965161
0.968817
0.931636
0.969218
0.955765
1.04659
1.02885
0.871904
0.930869
1.05356
1.1532
1.00413
0.857901
1.05256
1.04272
1.16747
1.07286
0.853899
1.00948
0.988794
0.899307
0.877361
0.909329
1.08803
0.989418
0.887936
1.04206
0.955696
0.938741
1.13601
0.9416
0.908619
0.889949
0.97004
0.830592
1.05785
0.830806
0.810945
0.947876
1.06397
1.06186
0.805797
1.08987
1.07191
1.06551
1.08641
1.2822
0.918821
1.09816
0.914602
1.0159
0.950947
1.01024
0.825487
1.12055
0.910093
0.904616
0.945302
1.17037
0.91343
1.10694
0.802998
0.968391
1.14772
0.809301
1.07686
0.988485
1.02564
0.956391
0.896264
1.00914
0.866366
0.982684
0.985677
1.07788
0.980556
1.07362
0.943982
0.886986
1.0099
0.943296
1.05349
0.84348
1.22408
1.11704
0.971629
0.905525
1.15035
1.02562
0.815647
0.880919
1.21768
1.0742
0.890533
0.814331
0.93589
1.22222
1.00851
1.02577
0.888708
0.931269
0.84339
0.999301
0.860103
1.02115
1.0243
1.13016
0.857432
0.943333
0.863872
0.993401
1.07487
1.22548
0.956441
0.952257
0.873888
1.04693
1.00564
0.956431
1.02218
0.911305
0.82622
1.11886
0.96562
0.96801
0.974357
1.13221
0.96589
1.04522
1.06127
1.03058
0.98953
0.925748
0.969967
0.909793
0.920176
1.01437
1.17341
1.13092
0.885044
1.042
0.895554
1.11233
1.03818
1.01446
1.15542
1.05942
0.951804
1.07369
0.938036
1.1001
1.14179
0.981922
0.943097
1.14101
0.855119
0.941494
1.09407
1.05373
0.997611
1.02041
0.850102
1.1037
1.01683
1.10441
1.05347
0.864126
0.872691
1.09562
1.19646
0.884909
1.03942
1.11319
0.934812
1.06035
0.925235
1.08896
0.870117
0.868933
1.14024
1.10611
1.04716
0.862587
1.03554
0.938895
1.06336
1.17637
1.25167
0.974082
0.882046
1.19109
1.06238
1.04267
1.22445
1.00639
0.992034
1.06455
1.03697
1.00967
0.953792
0.877536
1.05534
0.947297
0.950642
1.00197
1.14398
0.986467
1.12684
1.15151
0.990442
1.03092
1.07044
0.915973
1.2122
1.14857
0.991885
1.08059
1.1495
0.997864
1.04413
1.10807
0.987781
0.949693
0.84469
1.1538
0.979938
1.06956
0.872591
1.03271
1.02407
1.14052
0.970479
0.948598
1.00284
1.02044
1.07371
1.15479
0.977882
0.903181
1.16319
0.889814
0.959037
1.03033
1.06058
1.01272
0.961639
1.1178
0.983818
1.0342
0.947894
1.02391
1.08159
1.09087
1.12935
0.859834
0.961691
1.19583
0.992839
1.10595
1.15496
1.18483
1.16131
0.926446
1.10869
1.02983
1.02769
0.868775
0.843939
1.03124
1.01743
0.946134
0.916567
0.85569
0.874707
1.05288
1.19661
0.858235
0.989165
0.888405
1.10762
0.998268
0.879864
1.03931
0.9466
1.09367
0.898034
1.0089
0.954802
0.96099
1.09537
0.862338
1.05551
1.0515
1.08317
0.925786
0.930364
0.963499
1.08768
1.04104
0.957346
1.01443
0.980885
0.821528
1.01933
1.02712
1.13123
0.934112
0.79889
0.869933
0.836912
1.0511
0.992633
1.09009
1.01268
1.14072
0.86477
0.939327
0.95268
0.834429
1.02505
0.974317
0.998913
0.892895
1.14269
0.99101
0.950821
0.867313
1.00658
0.880598
0.886468
0.967659
0.817925
1.13643
0.990813
1.14832
0.851558
1.00665
0.906016
1.07046
1.05239
1.07522
1.10227
1.02113
0.907654
1.05979
0.942785
1.07043
0.87466
1.06934
0.916012
0.906676
1.18027
1.15824
1.07903
1.07947
0.980363
0.87012
0.908249
1.0664
1.01834
1.17519
1.14249
1.00607
1.02304
0.984207
1.19591
0.995254
0.936279
1.10063
0.950438
0.99765
1.3118
1.11504
0.974251
1.03631
1.10012
0.988125
0.993076
1.15639
0.96202
1.14566
0.864302
1.02307
0.908636
0.938298
1.04882
1.18957
1.01475
0.897102
0.924922
0.967962
1.08258
0.87395
0.957563
0.959279
0.961792
1.16403
1.07943
0.898748
1.10854
0.978993
0.951998
0.911916
1.1369
0.9843
0.816537
1.08386
0.994337
1.27042
1.02583
0.979409
1.02753
0.985411
0.986247
1.13901
1.01398
1.12604
0.905104
1.00673
0.847809
0.818686
1.12253
1.09505
0.990771
1.05477
1.05797
1.04867
1.23052
0.914819
0.871136
0.939251
1.12978
1.10692
0.930354
1.14923
0.942609
1.04617
0.94053
0.888065
1.09068
0.876265
1.1046
0.894528
0.921899
1.07856
0.922362
1.04274
0.920621
0.984793
1.08145
1.0528
0.932699
1.04136
1.02877
1.00439
1.22602
0.928219
0.987822
1.16067
0.858748
0.997427
0.921216
1.01019
0.934051
0.961191
0.880988
1.00586
1.09894
1.04503
0.845048
0.979586
1.20983
0.893279
0.978327
0.897975
1.04144
0.943431
1.03404
0.992931
0.899458
0.931811
0.887031
1.07218
1.05201
1.08604
0.855124
0.796444
1.11637
1.11236
1.06808
1.01622
1.12491
1.25969
0.972871
0.954367
1.15901
1.02953
1.03197
0.815465
0.835183
0.955019
1.02082
0.783173
0.754473
1.26256
1.05928
1.11723
1.10372
1.03471
1.04269
1.03431
0.924424
1.02432
0.884251
0.963182
1.03434
1.18957
0.997439
0.892513
0.872458
1.04502
1.00024
0.944086
1.02886
0.939952
0.908916
1.17714
0.895351
1.0531
0.967389
0.788595
1.0401
1.0734
1.06128
1.22487
1.1193
0.967369
0.916068
0.968302
1.08306
0.988599
0.911316
0.90717
0.954513
0.925679
0.970468
1.06026
0.993826
1.1122
0.91423
1.04821
0.973997
0.912009
1.00304
0.973613
0.991132
1.02859
1.02778
1.06028
0.984412
1.00458
1.09516
0.995965
0.949191
0.941279
0.985127
1.04537
0.929792
1.05555
1.16647
1.04447
0.755228
0.981475
0.959916
0.895823
0.931636
1.02336
0.949998
1.33858
1.09279
0.851512
1.05968
0.857677
0.995935
1.01432
0.868324
0.790046
0.940475
1.09357
1.07087
0.949784
0.907672
0.824743
0.831834
0.960202
0.983668
0.912886
1.19333
0.859056
1.17325
0.934489
0.998107
1.00509
0.810949
1.12524
1.06288
0.934085
0.947111
1.01233
0.820456
0.935596
1.10174
0.923062
1.03263
1.06536
1.11466
1.05556
0.990346
0.932937
0.943698
0.88023
0.948235
1.01907
0.948359
1.01837
1.02229
0.859386
1.03075
0.819884
1.10043
0.970828
0.926198
1.01391
0.888552
0.909771
1.11592
0.911737
1.04565
1.09587
0.857664
1.12629
0.94731
1.0119
1.0575
0.838021
1.04601
1.13634
0.89964
1.09159
1.04595
1.16845
1.03282
0.971502
1.00609
1.10407
1.02033
0.975241
0.939933
0.905289
1.14613
0.969023
1.03569
0.981689
1.14729
0.96887
1.03232
0.900333
1.01294
0.840014
0.933709
1.15462
0.969073
0.942996
0.910595
1.09791
0.925195
1.05599
0.876021
1.14935
0.956023
1.08253
1.04963
0.978312
0.936244
1.10697
0.966827
1.08478
1.03887
1.12627
1.11303
0.846466
1.01963
0.979131
0.988377
1.07573
1.02318
0.925548
1.0055
0.984682
1.05878
0.759622
0.848358
0.987332
0.832781
1.00885
0.976252
0.812354
1.01658
0.950219
0.930162
1.15204
1.07209
0.890764
0.934948
0.940182
1.05032
1.1714
0.946076
1.10153
0.899353
0.906747
1.08919
0.882506
0.99421
0.983299
0.905963
1.02261
1.1276
1.06177
1.10528
1.19342
1.18159
0.969313
0.884821
1.00326
0.961842
1.14975
0.914287
0.918547
0.833371
1.00414
0.934866
1.13082
0.978387
0.997313
0.994851
1.04534
0.959094
0.968716
1.21834
0.815011
0.914022
0.862805
1.10156
1.11213
0.990611
1.02632
0.794019
0.920064
0.996152
1.02484
1.11882
1.10729
0.924539
0.967871
1.04149
1.09208
1.18929
1.02316
1.05206
1.01524
1.19986
1.0158
1.22094
0.986066
1.06509
1.14313
0.939017
0.975877
1.18851
0.929329
1.03251
0.922315
0.93851
0.938797
1.13605
1.06788
1.01967
1.15164
0.928092
1.19734
0.951423
0.938573
1.11838
0.923952
0.88379
0.959482
1.09813
1.14019
0.952039
0.978047
1.12857
0.825808
0.995361
1.00389
0.844949
1.05156
1.04585
1.24591
1.07107
1.03276
1.08518
1.13908
1.12059
1.01599
0.973756
0.981094
1.06377
1.12723
1.01131
0.792018
0.904343
0.856601
1.03082
0.991659
0.929856
1.03025
1.01468
0.909494
1.09663
1.03739
0.971937
0.945517
0.815874
1.04603
1.31075
0.907862
0.895528
1.00814
1.18317
1.12141
1.02839
1.172
0.905583
0.996337
0.889882
1.0711
0.997834
1.00472
0.923705
1.00788
1.04978
1.15729
1.10216
0.769329
1.01662
1.21505
1.02089
1.01877
1.01783
0.952574
0.961243
1.10391
0.920838
0.984514
0.954622
1.05006
0.951544
0.939667
0.847439
0.839737
1.02541
0.755987
1.07098
1.09539
1.0929
0.790671
0.847468
1.04851
0.928006
0.951862
0.92371
0.961385
0.914017
1.03794
0.993198
0.976898
0.959251
0.966467
0.957123
1.15323
1.01852
1.02277
0.897089
1.03408
0.881852
1.06516
1.10018
1.00066
0.919214
0.919171
1.10172
1.09718
1.06432
0.94814
1.21074
0.932584
1.16194
0.965752
1.06498
0.995475
0.95798
1.14433
1.059
1.00751
0.935814
0.949586
0.894447
0.962034
0.943819
0.930761
1.0021
1.09689
1.06794
1.01841
0.855256
0.885148
0.870106
1.12531
1.1012
1.10614
0.81444
0.945882
0.8061
0.980121
0.919358
1.00962
1.02475
0.919785
0.883912
1.06104
0.799933
1.09171
1.13402
1.02114
0.871131
1.11403
1.06292
0.988549
0.923449
0.982226
1.02581
0.982028
0.870131
0.946001
1.05457
0.855822
0.966434
0.866856
0.953659
0.974906
1.14676
1.15157
1.09617
0.974145
0.944257
1.21157
0.923264
1.15105
1.11036
0.83934
1.15565
0.945331
0.863544
1.31673
1.04654
1.10292
1.06949
1.08266
1.15996
1.16079
0.963206
0.88446
0.841101
0.851141
1.1911
1.10581
1.04951
0.876495
1.06759
1.07313
1.11205
1.0002
1.16816
1.14842
1.16415
1.0192
0.959311
0.941553
1.07144
1.03087
0.946408
1.04474
1.04985
0.981168
0.966479
1.20504
1.11315
0.977354
1.04709
1.03155
1.14039
1.12088
1.00489
1.08152
1.06128
0.827315
1.07069
0.912432
0.937911
0.803933
1.06062
0.981872
1.0476
1.05969
1.0924
1.02302
0.89408
1.15586
1.024
1.15045
1.04533
1.03458
1.0298
1.08412
1.11624
1.06946
0.843611
1.12127
0.799345
1.07223
1.05452
0.89638
1.11154
1.07178
1.00492
1.05535
1.01719
0.986337
1.01417
0.902881
0.989822
0.987034
0.991851
0.982122
1.03699
0.982441
0.884936
1.19651
1.1052
1.06926
0.990925
0.88079
0.941147
0.936464
0.915331
1.06575
1.0067
0.892202
0.983898
0.983563
1.23891
1.17074
0.770508
1.00774
1.13228
1.15187
0.862149
0.952652
1.03071
0.872998
1.05641
0.848434
1.13002
1.08253
0.982619
1.01624
0.841302
1.00756
1.05785
0.909295
1.06155
1.1114
1.12737
1.12186
1.01168
1.1748
1.29432
0.911682
1.22796
1.15629
1.03797
1.10915
0.973069
0.91013
1.05026
0.992614
0.971677
0.89727
0.914164
1.02788
0.803204
0.985611
0.929751
1.16544
0.894197
0.969263
1.12963
0.938777
0.894195
1.10297
0.878879
1.04956
1.27206
1.0127
0.932858
1.01541
0.918732
0.966201
1.13742
0.987714
1.07308
1.00933
1.08778
1.08446
0.986611
1.01475
1.28415
1.09307
1.12421
0.988415
0.951142
0.960024
0.998323
1.15773
1.22552
0.923482
1.01473
1.13457
0.961152
0.941428
0.914696
0.998727
0.954782
0.808218
1.0385
0.989293
0.967051
1.12532
0.921069
0.851096
0.958983
0.914543
0.987158
1.02837
0.820712
1.03085
1.03606
1.05416
0.93948
1.06654
0.993031
1.04102
0.909024
0.965228
0.985417
0.991226
0.963839
0.939351
0.800956
1.02152
1.10429
1.04057
1.20553
0.892483
1.20854
0.973895
0.969822
1.0389
1.00062
0.873085
1.11118
1.06102
0.852222
1.00851
0.966396
0.941282
0.883399
1.00432
1.0803
0.998021
1.00845
0.951776
1.02421
1.14111
0.909742
0.913752
1.00946
1.20845
1.08831
0.829882
1.03829
1.39093
1.0881
0.912208
0.96376
0.855572
0.871984
1.11168
0.881327
1.08653
0.816451
1.13034
1.21209
0.971919
0.974679
1.04324
1.00916
0.947254
0.838784
0.793814
0.885289
0.924786
0.826846
0.911844
0.895999
1.11305
1.09356
1.0689
0.902578
0.902693
0.882272
0.963754
0.984829
0.868771
0.913861
1.03592
1.05443
0.996305
0.841356
0.951265
0.877716
1.00758
1.00414
1.01424
1.03111
0.970059
1.16131
1.01583
1.079
1.12308
0.9884
1.13814
0.870107
1.08371
1.202
1.18978
0.894028
1.00284
1.19502
0.972736
0.891946
1.14156
1.26267
1.17972
0.895759
0.903519
0.777509
1.18526
1.00274
0.964901
1.08004
0.842554
1.05546
0.989905
1.23488
0.986996
0.851893
0.882408
0.966043
0.948091
0.926386
1.07168
0.939979
1.16466
0.955911
0.990269
0.863988
0.980625
1.13674
0.811878
1.08403
1.08337
1.00519
1.03243
1.15254
0.975689
0.809753
1.02369
0.992807
1.0105
0.86488
1.07143
1.0175
0.990385
0.942026
0.857506
0.97511
1.00164
1.08149
1.01529
1.11126
0.926046
1.0309
1.01091
0.92822
0.963498
1.05415
0.860038
0.978331
0.979316
0.961737
1.05955
1.08227
1.04055
1.06658
0.96856
0.907994
0.725829
0.873361
0.950774
0.985782
0.973269
0.790662
1.07701
1.01133
1.0544
1.22983
0.874469
0.939164
1.21466
1.11272
0.976988
0.857487
1.08086
1.1651
0.999033
0.84484
1.00255
1.05389
1.05491
1.06462
0.831502
1.0765
1.06289
1.18794
1.00838
1.05511
0.943477
0.797949
0.985722
1.11817
1.11421
1.04906
0.903523
1.23571
0.81071
1.08151
0.913647
1.16081
0.956529
0.929296
0.910358
0.967006
1.04316
1.12636
0.891984
0.887454
0.978737
0.954471
0.94897
0.964432
0.828971
1.00179
1.03915
0.83525
0.971075
0.996276
0.925436
1.04728
0.917991
0.953604
1.00274
0.851232
1.00491
1.19108
1.02852
1.11602
1.06563
1.14438
0.948221
0.980588
1.23035
1.04556
0.982358
0.866093
1.16935
0.930566
0.926287
0.939911
1.13593
1.01831
0.886463
0.916734
1.28234
0.904633
1.19105
1.17935
1.04428
0.957487
0.902209
0.802715
1.28326
0.954867
1.03225
0.913769
0.898444
0.969161
0.954082
0.883249
0.85987
0.887726
0.959295
1.12659
1.26256
1.03233
1.05709
1.05114
0.898836
1.0108
0.912945
1.03119
0.919793
1.11142
1.17303
1.13771
1.07619
1.32512
1.14128
0.874822
1.05687
0.973573
0.987066
1.00964
1.0871
0.880554
1.05906
0.811658
0.960975
0.994193
0.878787
0.878618
0.944774
0.917851
0.909709
1.08404
1.04718
0.959928
0.967701
1.051
0.970374
1.01944
0.916146
1.01207
0.885326
1.0503
1.02336
0.845472
1.04004
1.14336
0.819668
0.971244
1.00349
1.0314
0.94284
1.21199
0.867742
0.98468
0.877929
1.08866
1.13611
1.08567
0.938305
1.0078
1.01952
0.974818
0.922525
1.13651
0.923818
0.910952
0.827823
0.97977
0.972962
1.07298
0.879468
1.13157
1.14563
0.975316
0.938269
1.13533
0.79588
1.03632
0.82163
1.02768
0.89409
1.09635
0.993668
0.976156
1.05735
0.996585
1.02752
0.975001
0.925655
0.817936
1.14471
0.90074
1.01998
1.05504
1.00364
1.02895
1.06401
0.926789
0.897091
0.985503
1.00465
1.14099
0.948855
1.03888
0.89517
1.1962
1.10216
1.09639
0.836898
0.899804
0.889801
1.07037
1.06105
0.956378
1.04634
1.15984
1.09229
1.08666
0.977746
0.973809
1.21595
1.01374
1.02897
1.15262
0.931862
1.0129
0.869785
1.28488
0.936165
1.11289
1.09382
0.992211
1.01739
1.0226
1.07233
1.19832
0.965101
1.07971
1.02499
0.89838
0.955228
1.04104
1.18026
0.877267
1.08329
0.941702
1.03393
0.868494
1.21196
1.00549
1.02745
1.07745
1.16785
0.910609
0.780716
1.06783
0.892121
0.989551
0.897937
1.07437
0.978202
1.00528
1.06405
0.973659
1.05508
0.873955
0.926165
0.683753
1.18862
1.01848
0.978126
0.80436
1.02167
1.03326
1.0043
0.90842
1.16951
1.16719
0.896629
0.973539
0.91257
1.02709
1.10356
0.900939
1.06412
0.93571
0.959014
1.02738
1.07679
1.07016
0.985499
0.947551
0.938445
1.10721
1.01514
1.01665
0.910837
1.08367
1.10274
0.877424
0.813942
1.01979
1.2412
0.856794
1.02084
0.8858
0.971446
0.872032
0.846764
1.01246
1.01072
0.850448
0.953234
1.1584
0.879822
0.99225
0.949783
1.04992
0.959463
1.04059
0.98012
0.932534
0.86941
1.13662
1.15417
1.2502
0.880348
1.16802
1.06685
1.19241
0.918521
1.11247
1.06393
1.03632
1.13895
1.06791
0.943568
1.00662
0.971373
0.916381
0.993373
0.873282
0.866718
1.06598
1.07988
0.937672
0.925229
0.835101
0.858921
0.985124
1.03426
0.849345
1.10986
1.02013
1.06266
1.0878
0.92035
0.954788
1.03439
0.931895
0.944709
0.982306
0.958942
1.04751
1.14186
1.01003
0.997252
0.946638
1.18676
1.01477
0.863829
0.816833
0.993158
1.00881
0.960411
0.997791
1.06307
1.01985
1.02258
0.927218
0.985642
0.904138
0.975549
1.0795
1.07017
1.16703
0.896811
0.96194
1.12554
1.01788
1.03573
0.874592
1.00409
1.06794
0.899733
1.0669
1.14802
1.10394
0.950245
0.876517
1.04763
0.844748
0.930611
0.974697
1.23718
0.8814
0.96792
0.878768
0.973414
1.0511
1.0591
0.990423
1.09093
1.04526
1.06079
1.14559
1.05059
0.97884
0.803983
1.01976
1.04143
0.831325
1.095
0.979055
0.930749
0.994227
0.855307
1.16344
0.875541
0.961905
1.00062
1.12384
1.02689
1.02701
0.914917
1.11413
0.904132
0.947439
0.920572
1.03056
0.871883
1.06881
0.870757
0.931036
1.26744
0.994932
0.827579
0.961628
0.961888
1.04489
0.963282
1.14217
0.966954
1.00811
0.819058
0.932373
1.14607
1.09357
1.23808
0.875085
0.852114
0.968225
1.03264
0.866643
1.12452
0.995856
0.966314
0.917971
0.96443
1.02449
1.0086
0.881424
0.924699
0.921341
1.01525
1.07496
1.02061
0.868391
0.981774
0.96713
0.839144
0.894761
0.803648
0.97553
0.998526
0.861517
1.01524
0.91637
0.891255
0.807687
1.02901
0.918465
1.0537
1.08543
0.948109
1.11233
0.992777
0.933023
1.0117
0.916965
0.873589
1.00222
1.0733
0.915907
1.08968
0.953043
1.05682
0.991397
1.01689
0.87876
1.18694
0.982257
0.873139
0.902021
1.0806
0.922779
1.07312
1.21098
1.12116
1.22129
1.05218
0.938944
0.909075
0.967714
0.937561
0.860523
1.06413
0.942028
0.69828
1.08824
0.846193
0.918616
0.96416
0.869857
1.06007
0.835206
1.31814
0.961343
0.913376
1.04715
0.973345
0.963976
0.896524
0.867715
1.16455
1.04933
0.998895
0.926924
1.05532
0.91419
1.03601
1.07994
1.03364
0.929997
0.884452
0.987786
0.779032
0.963504
1.11752
0.95165
0.989835
0.841966
0.979859
1.10817
0.919727
1.00901
0.988046
1.08033
1.19254
0.966023
0.948214
1.01442
0.965436
1.00585
0.975081
1.07843
0.951521
1.1011
0.89584
0.944023
1.0517
1.04297
1.03315
1.05017
0.797514
1.01868
0.973907
0.989526
0.927159
0.967105
0.922705
1.15616
1.0179
0.933717
1.15081
1.03537
0.986348
1.26205
1.05644
0.776014
1.08873
1.11073
1.10708
1.07513
0.937802
0.904992
0.939204
1.01715
1.09332
0.939469
0.934813
0.890723
1.12602
1.05493
1.04888
0.928453
0.871388
0.95387
0.884925
0.987307
0.945633
0.92122
1.27884
1.04479
0.915903
0.959461
1.155
1.02059
0.78796
1.14471
1.0437
0.865598
1.16688
1.01326
1.02345
0.890501
1.12975
1.28359
1.10017
0.904235
0.999895
0.993616
1.05613
1.07906
1.03229
1.09639
1.0807
1.13721
0.914206
0.917136
1.07594
1.08645
0.991521
0.944329
0.958742
0.890407
1.15455
1.0422
0.956489
1.11925
0.841972
0.982643
0.985789
1.09858
0.934754
1.05423
0.795634
0.954588
0.972025
0.862791
1.17126
1.01584
1.16375
0.865317
1.03656
0.91054
0.975312
0.869718
1.08302
0.92088
0.978331
0.972689
1.06149
1.01996
1.17988
1.28644
1.2561
1.04726
0.992579
1.17219
1.05329
0.957212
0.947301
1.00142
1.12804
1.09382
0.934133
1.05189
1.09675
1.00363
1.04207
0.878963
1.06638
0.981693
0.928808
0.934755
0.927248
0.803099
1.03895
0.944829
0.940329
1.1561
0.987695
0.931709
0.907718
1.13103
1.11267
1.01058
1.02247
1.10992
0.96561
1.06616
0.948308
1.11329
1.35971
1.21267
0.992179
0.969025
0.8189
1.04024
0.931607
1.0479
0.934028
1.02061
0.966349
0.943569
1.05552
1.18019
0.952497
0.95275
0.969554
1.06639
1.02237
1.03177
1.04842
0.852206
1.06223
1.03655
0.834843
1.12569
0.964973
0.95679
1.03273
0.918602
0.96011
1.02241
0.890502
1.18785
1.07564
1.01601
1.0396
1.03946
1.05624
0.938375
1.10629
0.980652
0.771332
0.909364
0.977256
1.00721
0.9742
0.901869
1.0384
1.06018
0.894621
1.19742
0.863157
1.02723
1.04719
0.950198
0.877855
1.08459
1.12026
1.06107
0.957406
0.97765
1.20589
1.17524
1.06051
1.14453
0.971602
1.13675
0.987807
1.06879
1.12023
1.35958
0.913912
0.90287
0.856309
0.823625
1.12884
0.990776
0.989417
1.06527
0.868424
1.06158
0.831431
1.08372
0.866477
1.22387
1.05493
0.976341
0.882916
1.05487
1.23005
1.05071
0.987918
1.07953
0.979031
1.06773
0.960216
1.00921
1.05848
0.927597
0.956494
0.852445
0.825998
0.99424
1.04426
1.05481
1.08743
1.01885
0.981662
1.1911
0.765819
1.12963
1.09872
1.04482
0.889116
1.05687
0.911768
0.986666
0.879213
0.952831
0.960264
0.945284
1.05326
1.09414
0.870241
0.966348
0.995485
0.972359
1.10978
0.92823
0.751659
0.972411
0.83318
1.09103
0.802401
1.03921
0.979445
0.989721
1.03825
0.9999
1.10117
0.995419
0.883295
1.0424
1.12146
1.06059
0.961599
1.24183
0.92164
0.91741
1.11399
1.14833
0.983667
0.732572
0.940345
1.14595
0.986373
1.04639
0.918506
0.973273
0.996741
0.954698
1.16779
1.0776
0.953681
1.07651
1.1619
0.824591
1.03117
1.16991
1.07588
0.824795
0.987091
1.01242
0.932916
1.16138
0.985731
1.02431
1.12408
0.874493
0.832981
1.08201
0.901694
0.744535
1.07183
0.912379
1.25982
0.990511
0.900641
1.05139
1.08872
0.947392
0.907834
1.00723
0.929421
1.00697
0.965227
0.983032
0.825544
1.03707
1.17109
0.948507
1.09841
0.924643
0.996821
1.09699
0.972382
0.955265
1.10525
1.00247
1.01527
0.875046
1.14822
1.15458
1.02458
0.944343
1.06915
1.01668
0.927313
0.938343
0.925817
1.00369
1.02395
0.875208
0.899816
1.04436
0.980686
0.954874
0.966011
1.02155
0.950548
0.837874
1.20833
1.12926
0.991925
1.05188
1.02219
1.07587
0.918055
1.08186
0.995572
1.21597
1.07126
0.758423
1.02778
1.11385
1.1996
0.935349
1.04564
1.20364
1.14203
0.86182
1.11855
0.894688
1.0813
0.834211
0.940915
1.05428
1.01536
1.22067
1.02831
1.08904
0.984294
1.06537
0.897137
0.976538
1.04801
0.897864
0.985147
1.06157
0.897571
0.942281
0.955627
0.960868
0.735147
0.959969
1.08701
0.857568
1.14736
1.1329
1.20565
1.00676
0.90356
1.01807
1.141
1.00699
0.887251
0.903275
0.851139
1.12907
1.02842
0.935411
0.873643
1.00699
1.0751
1.00005
1.06168
0.93943
1.03451
1.10468
0.877912
1.2946
0.982031
1.42896
1.00976
0.906686
0.87632
0.851278
1.09388
1.03822
1.04798
0.923901
1.19084
0.964098
1.09211
0.907204
1.02645
1.00567
0.838147
0.857177
1.09612
0.894836
0.998284
1.12928
0.922535
1.17584
1.05794
1.06036
0.976327
0.923238
1.06
0.904966
0.941144
0.760557
0.950671
1.12763
1.04587
1.01052
0.936629
1.00235
0.91657
0.859684
0.941834
0.806128
1.18041
0.814245
0.98106
1.11538
0.967166
1.01574
0.988572
0.866951
1.18352
0.883665
1.11397
1.03133
0.943202
0.897042
0.984238
1.011
1.0662
0.878513
0.732399
1.10665
1.12761
0.995725
0.893317
0.919839
0.885593
1.01442
0.872833
0.995566
1.21781
0.991367
1.17624
1.01273
1.02028
1.03656
1.08871
1.05039
1.16996
1.0312
0.907032
0.872177
0.955515
0.999926
1.01583
1.03919
1.00061
1.08731
1.12769
0.958206
1.11962
1.16384
0.869316
1.00519
0.977144
0.96192
1.14779
1.06653
1.05855
1.02971
1.0586
0.968351
1.06289
1.11098
1.00799
1.05507
0.854593
0.912381
1.0868
1.10837
1.02135
1.13692
0.934633
1.10548
0.920365
1.03032
0.954205
0.854593
0.857841
1.05174
0.9386
0.810846
0.926898
1.05734
0.982563
1.09011
0.855244
1.01144
1.0393
0.997155
1.0349
1.02716
0.919245
0.941203
0.959947
1.11165
0.971607
1.05092
0.917439
0.937627
0.897765
1.14671
1.0211
0.97499
1.0411
0.85046
1.00438
0.982955
0.884208
1.15904
1.01412
1.04113
0.868077
0.879099
1.02625
0.942949
1.06866
1.03329
1.33539
1.08855
1.17531
0.934029
0.995535
1.12701
0.982438
0.859138
1.08305
0.906504
1.08664
0.863143
0.917073
1.00334
0.890219
1.07575
0.902252
1.12111
1.01724
0.791761
0.876261
0.927873
1.1227
0.998086
1.06419
1.18657
1.00724
0.933471
1.03372
1.02319
0.790307
1.13549
1.11567
0.994498
0.802572
1.00755
1.01249
0.938683
1.05327
1.06323
0.908794
0.987824
1.01513
0.81878
1.0831
0.983629
0.977163
1.07469
0.902448
0.927241
1.12706
1.01134
0.87334
1.09918
1.10433
0.950314
1.14398
1.03658
0.916722
0.948299
1.10077
1.13916
0.916855
0.786516
0.896583
0.854425
0.867682
0.935918
0.864097
1.06265
1.02959
1.1089
1.06
0.963845
1.02968
1.10044
1.037
1.05908
1.24551
1.13521
0.852288
1.09699
0.967658
1.09111
1.18216
1.00011
0.899523
1.07171
0.871763
0.87955
1.11129
1.12054
1.16837
0.999443
0.827231
1.10707
0.849388
0.893986
0.915166
0.879171
1.04178
0.973288
0.780464
1.13576
1.07209
1.01523
0.841866
0.907016
0.911772
0.966483
0.94582
1.14788
1.12161
0.994816
0.948265
0.917571
0.976108
1.12363
0.96919
0.783664
0.908586
0.84487
0.919727
0.925547
0.86766
0.950868
0.976369
1.13575
1.06705
0.994995
0.809146
0.931412
1.04545
1.11961
1.15999
0.896253
1.11121
0.991381
0.930812
0.889193
0.966533
1.06001
1.02514
0.981705
0.835428
0.914794
1.13684
0.906566
0.9706
0.922443
1.06145
1.02876
0.869845
0.845573
0.98372
1.25735
1.05797
0.985602
0.887116
1.07341
1.02073
1.00935
1.06187
0.934171
0.86608
0.923298
0.883312
1.02857
1.33581
1.01887
0.892766
1.11133
0.816904
0.937701
0.911065
1.1073
0.851251
1.01794
0.976113
0.867058
1.04296
0.958203
1.12065
0.867173
0.922988
0.82934
1.03903
1.03411
1.04941
1.01482
0.885315
0.798441
0.993231
0.884484
0.931664
0.94889
0.896219
1.07387
0.995363
0.873591
1.01771
1.30094
1.01784
0.899613
0.849285
1.05918
0.832394
0.939938
1.0824
0.773083
0.924257
1.15332
1.00473
0.815001
1.02713
1.15042
1.15971
1.00818
1.10457
0.946404
1.16035
1.09902
0.876272
1.00306
0.844258
1.06197
0.929913
0.991599
0.934352
1.04944
1.04556
1.10449
0.946038
1.00028
1.12256
0.911906
1.07727
1.10061
0.908351
0.903396
1.02097
0.998776
0.9876
1.06611
0.862806
0.865922
1.05966
0.855908
0.976437
1.0069
0.946727
1.0819
0.949712
0.971647
1.03517
0.946497
0.885332
1.04173
1.03298
0.943873
0.788064
1.02751
1.21045
0.929318
0.845226
1.14883
1.0343
1.00475
1.06256
0.924758
1.05546
0.77188
1.0098
0.921542
1.14358
0.844162
0.992747
1.18552
1.13463
0.90204
0.999583
0.961973
0.88944
1.05205
1.21721
0.960848
1.08479
1.18556
1.04067
1.04188
1.01565
1.00342
1.02261
0.90855
0.893682
0.840626
1.10864
0.848973
0.900169
0.989524
0.945536
0.937665
1.03883
0.896781
0.953776
0.916893
1.13236
1.20908
1.07372
0.9232
0.986908
0.954307
0.939814
1.00531
1.07859
0.987947
0.961178
1.06019
0.991703
0.953195
1.10172
1.11595
1.08552
0.948785
1.03412
0.898702
1.00816
0.834487
1.06505
0.962061
0.913364
1.06372
0.963315
1.12622
0.999465
1.08752
0.954233
0.957648
0.984423
1.09631
1.06612
1.01886
1.09057
1.0958
1.01845
1.01987
0.999921
0.891142
1.04896
1.18202
1.03978
0.856627
1.0721
1.21941
1.02309
1.04379
1.06362
0.965416
1.08469
0.969079
0.823293
1.0562
0.893175
0.937846
0.92377
0.950133
1.00646
1.02303
0.815165
0.820176
0.914197
1.0344
1.0536
1.08321
1.16528
0.952518
1.17768
1.04804
1.0656
0.933334
1.16993
1.0092
0.981057
1.03916
1.01077
1.08929
1.06035
1.02759
0.888485
0.945558
0.8803
1.14551
0.88414
1.06134
1.02811
0.909617
0.93312
1.15479
0.990485
0.999649
1.07931
0.985072
0.869068
0.917003
0.82688
0.965796
0.969704
1.18194
1.20867
1.19888
0.856285
1.068
1.09408
0.996555
1.00746
1.12846
0.992678
1.1845
0.990851
1.0996
0.931492
0.951524
1.13853
1.23731
1.00487
0.954803
0.904607
1.07881
0.948025
1.22283
0.996422
1.04071
0.7441
1.10587
0.954051
0.861786
1.08689
0.930804
0.773864
0.909113
0.918987
1.18092
0.796022
1.09886
1.11352
0.965117
1.01606
0.902139
1.4034
1.00027
0.873351
0.948472
1.05033
0.961097
1.02698
0.906172
1.00275
0.958159
0.885287
1.12834
0.920327
1.00512
1.18358
0.919817
1.17002
0.986803
0.935981
1.0606
0.900211
1.08747
0.826187
1.05453
0.892432
0.932392
1.06992
0.838674
1.00753
0.837923
1.1327
0.860643
0.847742
1.02704
0.978609
0.982412
0.943449
1.09967
1.16509
1.07053
1.02736
1.07926
0.939241
0.947342
1.01774
0.937231
0.915667
0.972527
0.85932
1.05132
0.83091
0.977254
0.982075
0.801156
0.988543
0.99548
1.11531
0.940928
0.874658
0.842953
0.87092
0.8994
1.0846
1.01468
0.95979
1.03293
1.03624
0.9895
0.976755
1.10766
0.897063
0.944948
1.04431
1.10648
1.17391
1.03155
0.92115
0.885884
1.10425
1.01483
0.893762
0.917464
1.12849
1.05288
0.768249
1.03316
1.18346
1.03766
0.964626
1.04485
0.989264
0.816147
0.946382
1.02319
1.11193
1.13016
1.04323
1.03772
0.870966
0.724472
1.04851
1.02478
1.11001
0.988314
1.09988
1.07411
1.07761
1.01989
0.814617
0.967623
1.13441
1.18328
1.01846
0.987348
1.0144
1.16787
1.01556
0.837037
0.877481
1.07963
1.03917
0.869356
0.99499
0.808258
1.07687
0.877932
0.981981
1.05343
0.907518
1.02418
0.996874
1.0646
1.26425
1.13105
1.20114
0.977157
0.985807
1.13588
1.00336
1.06296
1.02823
0.910285
0.998362
0.905241
1.07423
0.923372
1.13617
0.937679
1.10546
1.00873
1.00164
0.930183
1.04428
1.1849
0.993234
0.942309
0.939507
0.979589
1.12263
0.866762
1.09134
0.922774
1.09761
0.910559
0.870111
1.0536
0.963893
0.983717
0.934685
1.08187
1.20152
0.924402
1.06516
1.07932
0.869961
0.85963
0.977363
0.939276
0.864242
1.01788
1.10515
0.988507
1.07022
0.947465
0.93331
0.981641
0.85762
0.92095
1.0544
1.17738
0.859875
0.912109
0.904495
1.05436
1.04223
0.942128
0.91295
0.957638
1.04729
0.810976
0.983707
1.03626
1.14711
0.855567
1.01267
0.950767
1.01513
1.02037
0.946925
1.04199
0.919301
0.927949
1.00481
0.974526
0.96973
0.947929
1.06373
1.08881
0.846392
0.933836
1.06196
1.04686
0.921823
1.06342
1.07851
0.949406
1.19641
0.951472
1.01392
0.904372
1.01118
0.921035
0.853666
0.973382
1.10249
1.0677
1.05012
1.25915
1.079
0.930333
1.07147
0.888138
1.01954
0.860528
1.01693
0.991446
1.06818
1.00074
1.04722
1.12703
0.977133
1.07545
0.832939
0.957871
0.827498
1.13521
0.94467
0.920074
1.0618
0.922275
1.10195
0.973922
1.01129
0.967325
1.05155
0.995856
0.836827
1.22272
0.828379
1.03797
0.925603
1.1157
0.998091
1.13849
0.988215
1.01494
1.03609
1.15946
0.974479
0.991862
1.16074
1.01196
0.99201
0.745822
1.11583
0.989938
1.09492
0.923743
0.9462
1.02593
1.15335
1.02078
1.10509
0.907247
1.1043
1.06183
0.917202
0.912734
0.884267
1.08384
1.20241
0.950413
0.973661
1.04739
0.950319
1.05241
0.975496
1.14165
0.967759
0.927437
0.971212
1.06763
0.926259
0.997889
1.02891
1.07595
1.1323
1.07055
1.059
0.995743
1.06338
0.998606
0.981102
1.11682
0.954804
1.09008
0.915446
0.959852
0.85121
1.19222
1.15115
1.03313
0.982447
0.955544
0.976618
1.00434
0.976206
1.17542
1.02143
1.01155
1.10426
0.901376
1.13701
0.853917
1.01369
1.00141
1.10885
1.07615
0.875323
1.08152
0.91231
0.736281
0.890771
0.837405
1.08458
1.01871
0.958596
1.01841
0.989351
0.894379
1.01665
1.07334
1.0313
1.23071
0.909838
0.864759
1.12573
0.898787
1.05139
1.09545
1.0421
1.05435
0.903139
1.03569
1.16142
0.975026
0.872553
0.948129
0.995658
1.03905
1.26928
0.961318
1.08022
1.07068
1.08364
1.04097
1.00996
1.04024
1.09694
0.978574
0.855429
0.956406
1.05804
1.0618
0.995992
1.13006
0.877609
0.986412
1.03315
0.94359
0.962243
0.876648
0.889896
1.01573
0.976327
0.903795
0.768417
1.0703
0.895653
1.11867
1.08227
0.941875
0.953094
1.10305
1.07764
0.941393
0.955596
0.941771
0.970229
1.07376
0.924044
1.00002
0.97136
0.871074
1.12446
0.982305
1.24002
1.03213
1.03544
1.04552
1.04254
0.92289
1.01801
1.05641
0.978393
1.00918
0.997946
1.00944
0.986457
0.97157
1.0368
1.14816
0.972655
0.994233
0.930966
0.873191
1.04562
1.0619
1.014
1.11846
1.05516
1.10638
0.94966
0.892909
1.09432
0.940726
0.887715
1.18376
1.1456
0.994237
1.08507
1.08367
1.03059
1.01544
1.03662
0.959852
1.10251
0.962345
0.831868
1.092
1.07436
1.05184
0.811733
0.965735
0.972609
1.06531
0.723858
0.98807
0.946448
0.967803
1.09645
1.00433
1.02713
0.976632
0.99829
1.12668
1.03366
1.07242
1.00378
1.23854
1.01057
0.849933
1.14899
0.927813
0.94016
0.870599
0.989822
1.00732
1.05095
1.08117
0.855635
0.975719
1.09458
1.13663
0.995426
1.09699
1.08613
1.21974
0.971254
0.934896
0.967225
0.86991
0.938343
0.912592
1.08821
0.830991
0.986364
0.990687
1.01014
0.910226
1.15816
0.995555
0.923255
0.772577
1.03406
0.931965
1.15697
1.01284
1.11397
0.840458
0.776839
1.03624
1.07743
1.14501
0.876727
0.904605
1.00503
1.08232
1.11425
1.09733
1.11843
1.10461
1.13852
0.976387
0.908067
0.933036
1.24539
0.991503
1.09962
1.05832
1.00972
1.04287
0.855081
1.03825
0.958225
1.06995
0.969538
1.05414
0.855647
1.0539
0.990389
1.08598
0.966274
0.971807
0.800243
0.929135
1.05095
0.992243
0.91612
1.07718
1.11961
1.02858
0.944375
1.08793
1.00515
1.01478
1.00338
1.27803
1.02567
1.18242
1.05069
0.788287
1.20242
0.849706
1.01377
1.03119
1.0025
0.958017
1.01404
0.981578
1.10144
1.10505
0.794298
0.958986
1.1031
0.961344
0.979797
0.913735
1.04859
1.02758
0.965906
1.03579
0.911888
1.05935
1.00117
1.00898
0.859453
0.76677
1.04272
0.872074
1.074
1.09586
0.919772
1.24367
0.894128
0.961815
0.988263
0.996129
0.982521
1.07643
1.01148
1.08877
0.955945
0.909666
0.897608
1.04804
1.00854
0.945604
0.830077
0.910025
1.16585
0.942162
0.838019
0.941932
0.970014
0.93217
0.939914
1.07594
0.986759
1.17985
0.894831
0.933229
0.886561
0.972205
0.957433
1.11342
0.871051
1.1848
0.965579
1.01504
1.07589
1.06632
0.962846
1.03901
0.974769
1.09047
0.971218
1.13079
1.02461
1.02714
0.99679
1.24139
1.03627
1.27979
0.882258
1.05215
0.844565
0.920724
1.09066
1.09976
0.930885
1.03211
1.20278
1.02402
0.992846
1.04408
0.96185
1.07329
0.953951
1.06915
1.12128
1.04496
1.03525
0.982796
1.17607
1.00056
1.16179
0.974892
1.05132
1.00679
0.911024
1.00327
1.089
0.98045
0.921542
0.917992
1.11705
1.04639
0.905546
0.928247
0.97722
1.0955
0.988593
1.08209
1.14899
0.929139
0.990153
0.973769
0.997242
0.872891
1.15841
0.927391
0.869473
1.10154
0.946334
0.914026
1.14218
0.992277
0.863927
1.01366
0.820791
1.05641
0.928618
1.05145
1.02854
1.04409
0.975789
0.961556
1.06643
1.00508
1.17678
0.957347
1.08562
1.03489
1.27929
1.00737
1.11965
1.09334
0.882273
0.818439
1.09832
0.941786
0.995911
0.982487
0.832269
1.02085
0.685232
0.928671
1.09562
0.893396
1.08058
0.893419
0.99178
0.885939
0.762088
0.865916
0.867306
0.999288
1.07317
1.06912
1.20291
1.10008
0.958795
1.29987
0.854167
1.14811
1.12224
1.17082
1.10107
0.863577
0.987011
0.932093
0.960749
0.817266
0.888564
0.856346
1.05634
0.807242
1.07185
0.913304
1.1749
1.06344
1.0598
1.11929
1.01617
0.948067
0.964958
0.945524
1.07103
1.04639
0.848229
0.944186
0.933715
1.009
1.00487
1.06701
0.955203
1.02012
0.849179
0.93002
0.870586
0.91644
1.01606
1.17773
0.940343
1.07831
1.13244
1.00109
0.924409
1.093
1.01487
1.09372
1.21056
0.952623
0.968098
0.96502
1.14378
0.946708
1.06382
1.03894
0.967039
1.04653
1.01853
1.06883
1.1612
0.881574
0.812822
1.08545
0.981516
0.876006
1.11747
0.928609
0.97134
1.00153
0.921374
0.964841
0.922562
1.27378
0.998742
0.953598
0.944465
0.893561
0.967355
0.942988
1.03747
1.07398
0.920238
1.04697
0.931278
0.956139
1.24494
0.984495
0.936612
1.13682
0.913188
0.915088
0.864345
0.829447
0.950328
1.1609
0.93266
1.0162
0.915822
0.996236
0.895186
1.11248
1.12389
0.908027
0.916048
1.03201
0.940698
1.20395
0.898723
1.07605
1.01161
1.01529
1.06216
1.20867
1.08275
0.951367
1.03297
0.962667
1.11336
1.08051
0.91673
1.07883
0.979822
0.855068
1.08555
1.07269
0.824809
1.12954
0.973544
1.28343
1.03488
1.06209
1.12568
1.07389
1.07229
1.12458
1.02874
1.07557
0.756728
0.883291
1.10295
1.02669
0.828582
0.993936
0.929939
1.07819
1.03961
0.981719
1.13346
0.903856
1.03238
1.08242
1.03337
0.969513
0.904262
0.960455
1.17757
0.897797
1.21719
0.954627
0.999887
0.859487
1.0043
1.00735
0.967632
0.95668
0.889817
1.18954
0.872933
0.858776
0.885877
1.04629
0.96126
0.953197
1.14723
1.11357
1.07714
0.863009
1.03984
1.0311
0.974646
0.825499
0.891163
1.18256
1.09444
0.951251
0.997813
0.984424
1.00625
0.989639
0.937179
0.9626
1.00353
0.934047
1.02952
1.0287
1.13342
0.957791
0.9083
1.02495
0.967203
0.995278
0.870612
0.925108
1.05244
0.946409
1.0902
1.09352
1.20353
1.21554
0.980966
0.982191
1.04453
0.852807
1.03718
1.14196
0.938438
1.05459
0.923275
1.0684
0.853551
0.991509
0.906136
0.965158
0.890651
1.02658
0.982234
0.956332
1.06498
0.902222
1.13987
0.954198
1.03914
1.06983
1.08923
0.942254
0.887467
0.950104
0.860278
0.987672
1.02945
0.938487
0.893979
0.962619
1.02324
1.1618
1.05999
0.907306
0.848964
1.018
0.918388
0.937474
0.907617
0.9253
1.17732
1.13849
1.09502
0.8529
1.09461
0.850363
0.931392
0.968478
0.796708
1.07622
1.08932
0.923628
0.99194
0.887291
0.980456
0.961811
0.935148
1.28283
1.00114
1.02826
1.10752
0.918489
0.907076
1.05602
0.947355
1.00751
1.04042
0.943446
1.15971
1.01845
1.07916
0.939755
0.958672
0.820507
0.966739
0.942348
0.874953
0.990223
0.895339
0.935654
1.05981
1.17398
0.985659
0.965476
0.875485
0.981405
0.970807
1.00737
0.910496
1.04317
0.988592
0.821866
0.994474
1.20678
0.99
0.968763
1.02874
0.777204
1.04273
0.912075
0.962041
1.06684
1.01871
0.890452
0.915695
1.07705
0.947964
0.969847
0.95124
1.05454
0.929913
1.04648
1.191
0.849659
0.953343
0.898463
0.959545
1.15679
1.06046
1.09286
0.877381
1.04202
1.08875
1.17773
1.00535
0.979425
0.957554
1.04584
1.0683
0.998133
0.912166
0.998041
0.934834
1.0646
1.02416
1.11961
0.905635
1.00168
0.998001
1.0397
1.08802
0.923559
1.14922
1.09237
0.88448
0.99952
0.861067
1.00307
1.13593
0.998229
1.01628
0.918544
0.939504
1.05418
1.04747
0.913222
0.921554
0.905318
1.1144
1.03175
0.800918
0.860511
0.961903
1.1322
0.954051
0.892106
1.15297
0.935356
1.15508
1.08876
0.84829
1.12494
1.06085
0.890909
1.00189
1.05442
1.05917
1.08913
1.00645
1.06229
0.942827
1.06406
1.03266
0.833272
0.981295
1.0319
0.874171
1.12475
1.13306
1.10595
1.00718
1.02381
0.967672
1.00538
0.957805
1.05958
0.865781
1.00938
1.06894
1.16254
0.905002
0.846356
0.981512
1.04174
0.95885
1.02334
0.94859
0.989441
0.868924
0.9151
1.07791
0.963399
1.19521
1.00305
0.957278
0.984717
1.26989
1.02653
0.985954
0.983155
1.0777
1.02424
0.98221
1.00644
0.960731
1.14038
0.817821
0.88766
1.06239
0.800632
1.13039
0.956971
1.03913
0.962527
1.12947
0.963286
1.01701
1.09507
1.04097
0.990768
1.14559
1.04543
1.03167
1.02786
1.1306
1.00577
1.01314
1.0518
1.03775
0.841651
1.05026
1.00921
1.25657
0.865782
1.06406
1.0113
0.945981
0.835078
1.06881
0.974221
1.13554
1.01357
1.05239
1.07583
0.875196
1.1716
0.845573
0.898399
1.10905
0.895005
0.992959
1.02653
1.05819
1.00918
1.22459
1.13066
1.00599
0.925225
0.932558
0.925011
1.1632
0.95588
1.0961
1.12803
1.10998
0.958192
1.04817
0.958743
1.13981
1.2192
0.829877
0.85842
1.01215
1.13953
0.976237
0.886074
0.900391
0.821652
0.931885
1.13502
1.08143
0.94337
0.890839
1.24804
1.00651
0.904397
0.911921
0.988082
1.16045
0.958251
1.05722
1.1019
0.841482
0.957744
0.924831
0.945711
0.931971
1.10662
1.13488
1.07873
0.917049
0.901187
1.14049
1.1106
0.979088
0.814066
0.932767
1.04891
0.971084
1.06222
1.14789
1.20187
1.15188
1.07655
0.954638
1.13464
0.977886
1.06698
0.962714
1.02134
1.0768
0.853996
1.0511
0.986012
0.864198
1.18333
1.18305
0.991081
1.1402
1.04076
1.01276
1.01219
1.04769
0.998404
0.967396
1.05959
0.910139
1.02972
1.12304
1.02389
0.89293
0.824806
1.15785
0.969538
1.04659
1.1065
0.915348
0.783558
0.731805
0.923151
0.907886
0.991817
1.00949
0.992671
0.910946
1.08529
1.00847
0.959698
1.00653
1.05476
0.786033
0.944531
1.06841
1.0773
0.975413
1.04612
0.906708
0.967432
0.948596
1.06122
0.935093
1.02247
1.1048
1.13745
0.873457
1.14046
0.949848
0.895742
0.942487
0.922823
0.91211
1.05269
1.09517
1.06346
1.1663
0.901219
1.02081
1.21368
0.882024
1.12345
1.18988
1.12899
0.988616
1.076
0.746381
1.08988
1.09388
1.12476
1.03985
0.998996
1.04075
1.10754
0.830569
1.05812
1.19794
0.943905
1.06858
0.899373
0.950317
0.999009
0.895573
1.02968
0.851431
1.01567
1.073
0.951217
0.892127
1.00548
1.01195
1.14067
0.926378
0.982263
0.962138
1.11166
1.11204
0.848102
0.992309
1.02696
0.929114
0.925896
0.8902
1.0773
1.02573
1.09502
0.821262
0.883095
0.955624
1.08401
1.10125
0.984991
0.827478
1.01928
1.05268
0.994144
1.0029
0.71579
1.18991
0.956349
0.825833
1.10583
1.11326
0.925591
0.976062
0.958053
0.899042
0.82543
1.06037
0.817353
1.13665
0.906897
0.993666
0.956141
0.837931
0.89502
0.939859
0.981627
1.00868
1.15836
0.889673
1.01269
0.98137
1.02673
1.22259
1.0932
0.99905
0.834349
1.22804
1.26448
1.17795
1.02915
1.02931
1.09467
1.16822
0.93947
0.936695
0.941025
0.92614
0.972927
1.00624
1.11664
1.03704
1.01766
1.04394
0.946521
1.03315
1.19325
1.19393
1.10214
1.18117
0.998318
1.11517
1.02454
0.863668
1.09335
1.09415
0.857842
0.898528
0.914547
0.83345
0.940616
0.916155
1.13253
0.885168
1.06779
0.847992
0.958734
1.03228
0.960964
1.06023
0.903702
0.891494
1.12646
0.947857
0.829617
1.05198
0.982304
1.13662
0.995444
1.07751
1.0591
1.0259
0.914061
1.00563
0.920785
0.920158
0.962258
1.00777
0.982367
1.03573
1.01968
1.06877
0.875364
0.911141
0.99042
0.918011
1.01247
1.08768
1.16241
1.1434
0.902968
1.07234
1.05799
1.05656
0.926086
1.13943
1.09016
1.09655
0.90577
0.918263
0.846205
1.05679
1.00212
0.889455
0.860712
0.969591
1.14978
0.938727
1.01731
1.02793
0.925917
1.1206
1.18263
0.935609
1.07282
1.00288
0.829493
0.963309
0.890484
1.02015
1.10226
1.04368
1.10304
1.07118
1.04909
0.885477
0.943782
1.02761
1.10862
0.890498
0.928282
0.983437
0.854099
0.991925
1.07072
1.02569
1.12059
1.01721
0.946566
0.864391
0.958868
1.00302
0.873016
1.05738
0.80656
1.0267
0.908839
1.07861
1.13778
0.996318
0.95034
1.07403
1.04172
0.940408
0.89204
0.950525
0.825071
1.01523
1.09928
1.13956
0.773091
0.943829
0.93462
0.903989
0.982776
1.10279
1.02354
0.913616
0.866351
0.782323
0.996773
1.07071
1.04138
0.872946
0.869849
0.926109
1.09318
1.08188
0.974696
1.15159
0.961791
1.17177
0.881947
1.01563
1.08495
0.970401
0.884211
0.93327
0.990286
0.959781
1.08379
0.968855
1.11339
0.94742
1.04727
1.15407
1.09668
1.02617
0.768414
0.962949
1.01127
1.02919
1.06523
0.996356
0.990263
1.06294
1.01555
0.950082
0.924934
1.04181
0.954648
1.07503
0.830789
0.923005
1.17495
0.814317
0.930038
0.962493
0.917787
0.933002
0.863543
1.03863
0.98839
0.966273
0.913408
0.858233
0.902183
1.0547
1.00675
0.961904
0.958313
1.0408
0.959896
1.03454
0.916419
1.03703
1.03219
0.939144
0.983652
0.976253
1.13624
0.920633
0.964038
1.09462
1.101
0.881483
0.870428
1.03102
0.922767
1.05588
1.11915
0.953743
0.965327
1.01743
1.18335
1.00302
0.933207
0.920325
1.04001
1.15165
1.14726
0.991802
1.11774
0.894023
0.933087
1.05595
1.11735
0.923694
1.10041
1.06388
1.16419
1.03519
1.01094
0.797369
0.988377
1.0381
1.04656
1.15727
1.10806
0.867694
1.0001
0.894371
1.05317
0.985204
1.21997
0.963587
0.797779
0.953312
1.18988
1.07202
1.0043
1.02234
1.09921
1.0182
0.985282
0.903194
0.77375
0.909469
1.01861
0.866772
1.01986
0.874382
1.13937
0.798575
1.05567
1.10532
1.16999
0.93748
0.984775
1.04935
0.913173
1.07303
0.968818
0.902628
1.07035
1.32917
0.86584
1.01664
1.01481
1.06373
1.13925
0.924031
1.04376
0.996304
0.974183
0.922097
1.12446
0.935632
0.908091
1.09906
1.0326
0.881189
0.989321
0.883517
1.04486
0.896069
1.10185
1.00059
1.12029
1.0037
0.917067
0.943461
0.950758
1.08385
1.00974
0.965245
0.929287
0.992201
0.906643
1.00007
0.999825
1.08879
0.945487
0.969636
1.0267
0.941331
0.891225
1.08159
1.07631
1.04174
1.00791
1.0093
0.901878
1.0524
1.14021
1.00243
1.0255
0.991173
1.1631
1.08201
0.827155
1.02192
0.966592
1.03484
0.962225
0.945873
0.890127
0.94589
1.07617
1.19669
0.933741
1.04434
0.925491
1.01353
0.953104
0.852073
0.889494
0.930719
0.951923
0.87034
0.916013
0.948473
0.895588
1.07186
0.784128
1.0294
1.13881
0.993241
0.877206
0.943934
0.980249
1.13386
0.807207
1.00754
1.03675
0.990776
0.818832
1.00567
1.01476
1.19239
1.14998
1.05909
0.993583
0.911014
0.970259
1.02808
0.971681
0.871045
0.789888
0.93886
1.12874
0.8822
0.970854
0.963046
0.929005
0.955954
1.09109
1.01319
1.01099
1.12957
1.14189
1.0936
0.842246
1.11706
1.08206
0.984645
1.00882
0.951138
1.10897
1.04097
1.05739
1.1642
1.34671
1.03024
1.04493
1.14699
1.35702
0.875847
1.0884
0.956105
0.982906
0.924283
0.977811
0.990531
1.05348
0.952767
1.16969
1.1616
1.05266
0.973629
1.15468
1.0384
0.892386
1.17934
0.853391
1.0615
0.876973
1.15973
1.2096
0.784995
1.00197
1.07789
1.14933
1.14037
1.02023
1.00259
1.05218
1.12357
0.992266
0.761709
1.01471
0.882985
0.879816
0.925766
0.993012
1.15351
1.10008
1.11092
1.11333
0.869729
0.965943
1.05719
1.11786
1.26155
0.965016
1.00783
1.06111
1.02339
0.896161
0.937311
1.16352
1.01346
0.901752
0.91902
1.03243
1.01534
1.07087
0.833901
1.121
0.834471
0.949776
1.03549
1.07992
1.16784
0.786023
0.929178
1.20182
0.889067
1.06191
0.93842
0.907952
1.22503
0.850484
0.975819
1.01166
0.997217
1.04467
1.02261
0.998643
0.965142
0.918847
1.0366
0.839221
1.03731
1.08217
1.11507
1.04476
1.08332
1.01297
1.07673
1.01479
0.979432
1.00839
1.20937
0.886792
0.797071
0.94592
0.934684
1.1685
0.999868
1.24431
0.965888
0.995559
1.00348
1.00219
0.956551
1.07983
1.044
0.967727
0.85978
0.939093
0.875485
1.06673
0.965553
1.25241
0.865872
0.981582
1.06198
0.838947
0.964271
0.969697
1.13497
1.07939
1.10709
1.01658
1.07125
1.17351
0.987698
1.10472
0.921744
0.9776
0.888262
1.11834
0.937299
1.01522
1.03586
1.01656
1.09404
1.06063
0.969201
0.960345
1.05702
0.944547
1.09211
0.970201
0.931258
1.17731
0.839074
1.01275
1.21812
0.97827
1.03296
1.03938
1.00089
1.11936
0.974328
0.916938
0.952635
0.902502
0.979119
0.910564
0.955276
1.06861
1.09487
0.871564
1.14099
1.09952
0.9082
1.00576
1.06472
1.00074
0.97097
0.835324
1.13759
1.13011
1.10771
1.18518
0.965056
1.09126
0.893774
0.848584
1.00386
0.968286
1.01952
0.907838
1.13679
0.95667
1.0069
0.960653
0.903116
1.1456
0.96646
1.05434
1.16357
0.981172
1.00603
0.957779
0.946155
0.969973
1.11939
1.06874
0.842634
1.14649
1.1533
1.10708
1.00845
0.961259
0.832147
1.23581
1.05505
1.06634
1.0483
1.06052
0.999822
1.13869
1.00913
1.02654
1.16344
0.920654
1.04729
0.882349
1.0666
0.768455
1.05897
1.11291
1.08169
0.845038
0.829541
0.966038
1.00139
1.19559
0.966283
1.25031
1.01573
0.874274
1.02884
1.01424
1.06231
0.992763
0.999588
1.1313
1.04364
0.93302
1.02771
0.87182
0.972521
1.04239
1.06842
1.02293
0.946838
1.06545
1.07654
0.977195
1.02102
0.973871
1.15547
1.09598
1.04576
1.03274
0.970546
1.11623
0.9534
1.238
0.946579
1.04194
1.04406
0.896334
0.805835
1.05169
0.913468
0.933884
0.963045
1.18835
1.04824
0.964346
1.0007
0.851415
1.20658
0.993675
1.12407
0.750472
1.00899
0.98435
0.858301
0.965725
0.955318
1.01502
0.989985
1.19373
1.20463
1.11176
1.14135
0.862984
1.07911
0.993697
1.05353
0.820961
0.970117
1.06087
0.991894
1.00588
0.961911
0.904284
1.14318
1.0792
0.825872
0.851168
0.997647
0.933458
1.0894
1.2106
0.985121
0.880625
1.01477
1.25019
1.09923
0.893488
0.890808
1.05952
1.11471
1.11309
1.1791
1.09289
1.13406
1.10949
0.950822
0.82689
0.879996
1.13363
0.825227
0.997556
0.974333
0.960377
0.982745
0.998894
0.847281
0.919569
0.917475
0.976621
1.02688
1.05153
0.912374
1.07072
0.850402
1.01829
1.00445
0.848294
0.993352
1.09052
1.34629
0.887997
1.0727
1.07723
0.934584
0.916358
1.12124
1.00013
1.01337
0.871954
0.982534
1.13408
0.942813
0.962573
0.952677
1.18283
0.921512
0.994778
0.997848
0.966753
1.03003
1.06472
1.15067
1.02722
0.932508
1.00119
1.0967
1.1482
1.00621
0.78683
1.14201
0.962404
0.967473
0.990896
0.932089
0.920291
0.932061
1.06123
0.950769
0.981004
1.07356
0.923916
1.09733
1.09615
0.961823
1.02009
0.962143
0.95246
1.11673
1.18598
0.977654
1.0479
0.995417
0.989351
0.905591
0.879403
0.918421
0.934441
1.12694
1.03719
1.21253
1.16201
0.989054
1.00215
0.965874
0.840692
1.0458
0.910244
1.01444
1.15718
1.06716
0.95989
1.16743
1.00116
1.11875
1.07734
1.0527
1.052
0.9984
0.866505
1.00335
1.02919
1.02456
0.979645
0.947194
1.01991
1.02279
0.668845
0.962121
1.0262
0.948783
1.0697
1.03943
0.953085
0.943066
0.925511
0.842053
1.14165
0.898002
0.834105
1.10066
1.00678
0.871442
0.823218
1.17204
0.699491
0.993699
1.11208
0.912724
0.97918
0.956991
1.05479
1.05951
0.8877
1.13592
1.03859
0.910505
0.956472
1.0202
1.08293
0.961855
0.883915
0.999888
0.86888
1.12794
1.06917
1.12244
0.957262
1.28502
0.709538
1.04443
1.01667
0.925429
0.866635
1.0711
0.904853
1.02506
1.11403
0.986314
0.815538
1.08243
0.918378
0.992164
0.992677
0.953718
0.980296
0.966108
0.967917
1.04134
1.01123
0.920247
1.04583
0.903326
0.895971
1.04364
0.909414
1.27938
0.932199
0.936895
0.91165
0.847369
1.20054
0.795817
0.787384
1.06348
1.06597
1.11792
1.07245
1.00892
1.02279
0.891424
0.98312
1.17623
1.04251
0.997363
0.862916
0.921223
1.10078
1.02338
0.994669
0.846642
0.992395
1.05756
0.96884
1.06555
0.902894
1.08609
0.98319
0.904287
0.974262
1.19057
1.11304
0.958904
0.810211
0.973624
0.966971
0.91151
1.06579
1.06059
1.09802
1.04439
0.969691
0.950768
1.09579
1.13694
1.15526
0.919406
0.875922
0.847083
1.02572
0.946022
1.07149
0.893699
1.16175
0.883018
0.917159
1.05947
0.761962
0.988678
0.871175
0.923134
1.06566
0.855002
1.02122
0.892622
0.996614
0.967397
1.12257
1.27721
0.870408
0.909789
0.966892
0.963627
0.955883
0.989984
0.978626
1.16303
0.857689
0.876289
1.00144
0.974186
0.994419
1.05285
1.01186
0.976483
0.939916
1.08781
0.923303
0.813243
0.946522
1.10804
1.11045
0.98533
0.883486
0.935526
1.01238
0.969943
1.001
1.05355
1.07335
0.761028
1.10865
0.934484
1.02224
0.919839
1.14546
0.840848
1.0989
0.900168
1.24887
1.07424
1.01366
1.16076
0.920981
1.03221
1.09033
1.00801
1.09003
1.1688
0.852238
0.916103
1.14676
0.975008
0.984138
0.977139
1.03051
1.07798
0.765074
1.0761
0.839675
1.06353
1.07972
0.953515
0.855
1.06263
0.98614
1.04572
0.966711
1.00332
1.00183
1.12232
1.10344
1.06643
0.997723
1.11164
0.901179
0.82335
1.1364
0.852783
0.874857
0.859462
0.904939
0.975597
0.937887
0.970519
1.08138
1.18845
0.97519
1.0641
1.00603
1.18709
0.782856
1.00598
1.01815
0.857209
1.02645
0.92951
0.906781
1.0723
1.19255
0.942374
1.03001
0.989075
1.13675
0.902396
0.999218
1.05513
0.933775
0.938485
1.15941
0.869889
1.05627
1.17432
1.28955
0.964083
0.944637
1.02403
0.998844
1.01531
1.01619
1.00162
1.00561
1.02435
0.971628
1.07562
0.973708
0.990688
1.00602
1.03449
1.12227
1.11717
1.21163
0.87986
1.00151
0.988497
1.2073
0.926983
0.912946
0.849632
1.17974
0.996731
1.03629
0.806973
0.96917
0.937301
0.973544
0.952789
0.835691
0.90271
0.888684
1.03864
0.937957
1.03915
1.09116
1.0332
1.0113
1.00402
0.988392
0.88747
0.876986
0.939231
0.97627
0.851797
1.02334
1.02063
1.06685
0.736831
1.05104
1.08535
1.0572
1.12264
1.18845
1.10249
0.896068
1.06787
1.18813
0.963545
0.894269
0.902934
0.774916
0.95621
1.05851
1.25858
0.873782
0.938014
1.00529
1.05603
0.946817
0.804776
1.04127
0.911936
1.0555
0.907245
1.07009
0.992933
1.22693
0.885613
0.92145
0.944295
1.05803
1.04191
0.963433
0.897883
1.15485
1.30471
1.07661
0.957109
1.04939
1.12376
0.919203
1.01628
0.877146
1.12049
0.958587
0.895508
1.03666
1.20714
0.912642
0.883544
0.960479
1.03684
1.10102
0.886832
0.874163
0.909736
0.962956
1.0942
0.981786
0.980154
0.848432
1.03296
0.982076
1.14425
1.19853
0.956662
0.876839
1.00183
1.26333
1.05593
0.960244
0.916514
0.968489
1.10686
1.03661
0.993254
1.2329
0.812435
0.95668
1.14173
1.00061
1.14812
0.923173
1.0636
0.989346
1.09869
0.956086
0.773676
0.957307
1.22532
0.96375
0.986321
1.16791
1.08149
1.11743
1.08001
0.90132
0.863007
0.89489
0.889971
0.940913
0.932728
0.949654
1.01504
1.12496
0.934549
1.01426
1.10972
1.20732
1.13695
0.886324
1.08284
1.04547
0.978181
0.979736
0.872731
1.11064
1.02177
1.10103
0.917998
0.813925
1.09797
1.02387
1.12956
0.971791
0.974789
0.991835
1.04167
1.07167
1.15848
0.874768
1.00571
0.867615
1.13762
1.02618
0.85223
0.863402
1.03027
1.00387
0.790282
0.868818
1.02626
1.11033
1.02386
1.0109
0.902085
1.13543
1.18744
1.07688
0.982237
1.04373
1.0055
0.886046
1.31982
0.959607
1.05094
1.0208
0.940518
0.870724
0.841813
1.09363
1.11105
0.929507
1.03912
0.94757
1.06639
0.848208
0.982424
1.01114
0.989132
1.07079
0.990452
1.12002
0.980185
0.887623
0.994499
1.19433
0.830035
0.985524
0.967371
0.968919
0.945302
0.790267
0.921308
0.885383
1.10318
0.894263
1.1342
0.876935
1.03252
1.14847
0.992329
0.958782
0.891191
1.02344
0.940722
0.845832
1.04862
1.03404
1.04398
1.05508
1.05043
0.911106
1.00503
1.08993
0.956232
0.918511
1.04593
1.03274
0.960663
0.993964
0.900695
0.780531
1.09664
1.01605
1.05951
1.09328
0.809416
1.00968
0.954597
1.01635
0.942094
0.946171
0.977369
0.951924
1.07798
0.956062
1.0692
1.05706
1.107
1.07904
0.933524
1.03624
1.04071
1.13403
1.05691
0.951188
0.964325
0.977963
1.13089
1.07473
1.05494
0.906329
1.05668
1.14819
1.01612
1.20983
0.934167
0.844696
1.06214
1.0274
1.09209
1.00226
1.05749
1.07019
1.08258
1.06776
0.914298
1.08547
1.09347
1.15937
0.999989
0.962743
0.768843
0.827241
0.984878
1.05401
1.03084
1.06806
0.906477
1.10529
0.926182
0.878004
0.967776
0.991065
0.90448
0.984137
1.10089
1.08564
1.11512
1.15278
0.91866
0.856928
0.958893
0.927095
0.959634
1.0528
1.11196
0.99922
0.997965
0.972998
1.06675
0.922496
0.906218
1.18425
0.963197
0.769167
0.976178
0.780021
0.913994
1.02806
1.16172
1.0282
1.02484
0.832232
0.884849
0.963572
1.00139
1.14061
0.994051
1.05827
1.0718
1.0588
0.988423
1.11268
0.961084
0.996573
1.02862
1.14874
0.955236
1.07201
0.940417
0.849608
1.16251
1.03499
1.01775
0.992886
0.991299
1.03115
0.978736
1.01617
0.882763
0.952666
1.04894
1.04037
1.05381
1.14411
0.991399
1.13239
1.10145
1.07113
0.958969
1.07179
1.08162
0.822439
1.16348
1.27333
1.08096
1.06344
1.00653
1.01721
1.0696
0.946644
0.916456
1.01465
0.97841
0.890227
1.07906
0.921492
0.790933
0.924744
1.15373
1.11077
0.964817
0.973537
1.13266
1.05082
1.12057
0.961989
0.890489
1.11515
1.19212
1.07938
1.06778
0.956369
0.896809
0.973356
1.06122
1.09254
0.974586
1.1119
1.07793
0.852853
1.09758
0.957116
1.08028
1.03872
0.922746
0.854141
0.870441
1.03851
0.919154
0.937754
0.934411
1.08066
0.956199
0.863397
1.09975
0.964134
0.957958
0.968279
0.891911
1.07453
0.908997
0.941746
0.979616
1.0036
1.02655
0.977013
0.856317
1.01351
1.05616
0.944567
1.08159
1.05576
0.879035
0.932468
1.04662
1.03007
0.973628
0.990756
0.900686
1.03481
0.835639
0.957311
0.941765
0.825208
1.01051
1.03228
0.975375
0.928707
0.949208
0.961499
0.940671
0.918242
0.92729
1.04265
0.949166
1.02039
0.896165
1.0344
0.905688
1.09529
0.970405
0.97128
0.877499
0.897349
0.914541
1.11598
1.06244
1.17925
1.09778
0.815583
0.937544
1.0011
0.965795
1.12625
0.974692
1.01535
1.00207
0.914713
0.968531
1.02059
1.09835
0.993629
0.968744
0.940381
0.966521
0.978561
0.865182
0.796936
0.85268
0.976353
1.02536
1.05224
1.11711
1.00252
0.965855
1.04728
1.07955
1.14194
0.906485
1.02396
0.978486
1.02688
1.06178
0.877322
0.989386
0.973007
1.12523
1.12416
0.928813
1.00273
0.934238
1.06862
1.02394
1.05487
0.968577
1.09673
1.10656
0.980232
1.08221
0.950209
0.991368
1.11857
1.00381
0.903702
1.09505
0.92772
0.981042
1.05013
0.791964
1.10742
0.9771
1.04819
1.03502
1.03375
0.921178
1.01198
0.881774
0.866454
1.04845
0.939185
0.96808
1.12695
1.0742
0.941715
0.931923
0.906573
1.05787
0.888576
1.05422
0.965598
1.12015
1.11444
1.04624
0.938353
0.973652
1.02798
1.14544
0.990868
0.955978
1.04783
0.96156
1.08509
1.01069
1.07606
0.960333
1.26613
1.14982
1.18792
1.23569
0.982491
1.08738
1.02964
1.13312
0.986168
1.11498
1.02851
1.04158
1.04759
0.961239
1.14253
0.859346
1.05569
1.16185
1.08207
0.983995
0.903593
0.780083
1.05566
1.10679
1.06523
1.041
1.16771
1.08449
1.14793
1.17449
1.1263
1.06656
1.08663
0.958333
0.947709
0.981522
1.03092
0.958222
0.959204
1.02605
1.12114
1.08603
0.984167
0.914926
1.09613
0.910456
1.02365
1.10726
0.962766
1.18626
1.03507
0.88914
0.91066
1.16127
1.11727
0.935873
1.18951
0.942238
1.00441
0.961957
0.885972
1.10563
1.14614
0.964601
0.955759
0.967594
0.920478
0.923768
0.999193
0.949607
0.92605
0.980004
0.985897
0.861016
1.13853
0.974313
1.0652
1.11797
1.03459
0.967426
1.10075
0.898873
1.1067
1.08182
1.13296
0.9618
1.01557
0.957496
0.859272
1.05526
0.939243
1.0918
0.981026
0.907523
0.946532
0.895788
1.1847
1.04481
1.09018
0.911427
1.07943
1.06686
0.962672
0.937813
1.13463
1.012
0.900176
1.1223
1.08624
0.985976
1.03156
1.04322
1.12544
0.896876
1.11862
0.954998
0.912376
0.980102
1.01811
0.944661
0.799582
1.01799
0.940121
0.995957
0.962061
1.03628
1.03396
1.10027
1.04399
0.988329
0.837011
0.784347
1.0587
0.936882
1.08746
1.02652
1.09678
0.927486
0.94447
0.980095
0.972262
1.04465
1.05823
1.15958
1.01949
0.940261
1.05745
0.926835
1.09659
1.10756
0.853561
0.98341
1.08241
1.05691
1.07516
1.12107
1.03883
0.967737
0.945337
1.0406
0.994462
0.992861
0.924416
0.896165
1.011
0.913507
0.902143
0.918528
1.03128
0.982592
1.03842
1.01374
0.844957
0.930252
0.828887
1.03644
1.10938
1.01019
0.707296
0.947653
1.16684
1.02243
1.09901
0.966535
0.906386
0.907725
0.897408
0.962888
1.12311
1.15554
0.941629
1.1157
0.910949
1.09177
1.13311
0.791878
0.924433
1.0207
0.98424
0.917747
0.906635
1.04278
0.975197
1.0011
0.975071
1.1136
0.868649
0.984188
0.904135
0.839347
0.838235
1.11171
1.00606
1.01984
1.12472
0.876151
0.874161
0.779101
1.06069
0.925736
0.797465
0.875599
1.05555
1.06642
0.756754
0.995602
1.08122
1.04121
0.99546
1.06986
1.09194
0.972025
0.962554
1.1484
0.997875
0.931036
0.849245
1.00313
1.17477
0.95452
0.945091
0.998739
1.00504
1.01667
1.294
0.998794
1.13605
0.974585
1.01902
0.915452
1.05363
1.15191
1.07545
1.03407
1.02668
0.86946
1.06666
1.32269
1.23019
1.08223
0.942011
1.04089
0.976016
0.970171
0.868998
1.0086
1.02772
1.07779
1.11267
0.859576
1.07162
0.983427
1.03847
1.04508
0.949204
0.900515
0.824127
0.928307
1.20897
1.00083
0.996086
0.80965
0.985418
0.868079
1.00332
0.90641
1.20915
1.12469
0.880212
0.919199
1.05763
1.16198
1.05506
0.973213
1.03852
1.18817
0.822571
0.962978
0.952216
0.993308
1.15683
0.993094
1.01758
1.01404
1.01179
1.24278
1.04457
1.05899
1.08377
0.986175
1.06275
1.01805
1.0463
0.922983
0.94521
0.969677
0.994397
1.0315
0.94205
1.10071
0.980143
1.02586
0.967623
0.890142
0.857329
0.92451
0.942059
0.870945
1.10198
1.28157
1.05604
0.863624
0.786664
0.907848
1.03036
1.03779
1.04692
1.06075
1.03029
0.897873
0.898891
1.03807
0.995708
1.19852
1.10589
1.01796
1.24479
0.977159
1.08844
1.05408
0.744833
0.887244
0.85881
0.80033
0.844105
1.07819
1.10958
1.18132
1.0595
0.873493
0.753486
0.99206
0.99132
0.869658
1.07165
1.0347
0.965666
0.980683
1.04925
0.699639
1.19289
1.04337
1.20455
0.967962
0.991811
1.03248
0.948744
0.967354
1.04088
1.08669
0.999697
0.978101
0.907483
0.948101
1.08084
1.1228
0.903246
1.0103
0.977535
0.853028
1.03018
0.909838
0.889872
1.04472
1.00985
0.88839
0.819781
0.916695
1.00977
0.993509
0.928887
1.08136
1.00904
0.973107
1.07147
0.917224
0.933206
0.949323
0.941851
1.12013
0.994182
1.08155
1.13863
0.977081
0.904974
0.932377
0.902569
1.00658
1.11225
0.894098
1.03022
1.05834
0.975051
0.950379
1.00717
1.13179
1.04475
1.07096
0.885379
0.874233
1.09487
0.964808
0.924561
1.01993
0.850021
0.89385
1.04329
0.84114
1.2013
0.929314
0.838912
1.08153
1.15225
1.03128
1.01297
0.944408
0.841945
1.02927
0.927099
0.873474
1.0736
1.01063
1.20992
0.981542
0.978503
1.18003
0.840685
0.861891
1.05281
0.988702
0.920213
0.944876
1.00481
0.977279
0.971738
1.05411
0.967432
0.918287
0.942254
1.00585
0.956383
0.894701
0.964263
0.920874
0.971389
0.995546
1.07808
1.01038
1.14612
0.974106
1.11342
0.974523
0.94092
1.15066
1.22046
0.788698
0.923672
0.924941
1.04476
1.00484
1.01465
1.09141
1.00328
1.10521
0.809816
0.857707
1.0837
1.04645
0.966597
0.948901
1.03111
0.860702
1.01799
1.05197
1.11259
0.849573
0.954879
0.991685
1.10699
0.98663
1.03847
0.889561
1.02251
0.925829
1.1772
0.959551
1.07455
0.792648
0.874767
1.06491
1.08854
1.11725
1.19123
0.89705
0.951721
1.14399
0.980793
0.955949
0.861603
1.10754
0.964162
0.983894
1.01697
1.13394
0.911666
0.855037
0.937726
1.06673
1.0338
0.901293
1.0087
1.07112
0.915325
0.888931
0.89842
1.11513
0.964775
1.14753
1.05744
1.21791
1.14608
0.938641
0.914688
1.05801
0.899187
0.854837
0.764189
1.08576
1.12982
1.09093
0.846225
0.958381
1.19186
1.02168
1.11296
0.944641
1.19175
1.14527
1.04232
1.07045
0.916391
1.14835
1.17415
0.950456
1.15789
1.02292
0.852471
0.95919
0.949734
1.08548
0.911495
1.00555
1.02188
0.973102
0.940854
0.896513
1.08044
0.961467
0.980345
1.08388
1.15879
0.987067
0.802516
1.06197
0.926517
0.986497
0.900048
0.898101
1.00503
1.10998
0.964108
0.882669
0.9783
0.998713
0.980746
1.0373
0.853248
0.884552
0.993048
0.750195
1.04876
0.796433
0.959722
0.940357
1.12638
1.02752
1.01199
1.13469
0.932621
1.014
0.974328
1.14475
1.06902
0.914751
0.859757
0.885889
0.820766
1.02441
1.05343
0.995658
0.95471
0.913413
0.874982
0.816646
1.19179
0.965621
0.937785
0.990029
1.05382
0.895143
0.854727
0.930849
0.924557
1.10719
0.965406
1.08948
0.938251
0.980645
1.20816
0.962053
1.03131
1.15492
0.874315
1.0591
0.986504
1.18388
1.08395
1.19973
0.953702
1.0043
1.0546
1.05355
1.24036
0.95462
0.956602
1.04107
0.954728
0.980837
1.01629
0.906216
0.899847
0.840023
1.09687
1.13171
0.930041
1.13034
0.968566
1.0516
0.903426
0.83054
0.890875
0.992401
0.964213
0.985037
1.12744
0.973683
1.13651
0.995731
0.858124
0.845001
0.985647
1.04858
1.0001
0.936631
1.11719
1.1395
1.09306
1.12674
1.01405
1.00702
0.898374
0.989256
0.767752
1.26784
1.09497
1.15125
1.01242
0.982886
0.997706
1.05562
0.999937
1.14757
1.04093
0.857381
0.914941
1.07872
1.08372
0.932843
1.15099
1.03551
0.870446
0.93211
1.19501
0.915096
0.916707
0.98659
1.02455
0.963742
0.969842
1.02824
0.916973
0.968413
1.02545
1.16262
0.85496
0.991768
1.01114
0.935934
1.00697
0.925284
1.0087
0.957872
1.11095
0.978371
1.20748
0.881802
0.986243
0.893908
1.00657
0.944607
0.955904
0.974623
1.09171
0.932521
1.1281
1.1204
1.01049
0.98186
1.00077
0.843267
1.06741
0.985905
1.03828
0.936431
1.06686
1.09056
0.967447
0.85984
0.934463
1.06703
1.07947
1.07343
0.930712
0.870132
0.855416
1.02636
1.00598
1.24134
1.05455
1.02788
0.940367
0.922562
0.998732
1.13835
0.959469
0.952972
1.16691
0.85861
1.04227
1.10429
0.991632
1.01536
0.82265
1.06366
1.0608
0.94405
1.16012
0.898064
0.858128
1.17869
1.08354
1.14743
0.895251
0.990493
1.06422
1.0949
1.1326
0.836493
1.04266
0.958045
1.05034
0.89762
1.08342
1.00265
1.00222
0.923988
0.846241
1.12569
0.934194
0.992177
0.91114
0.933058
1.06977
0.813309
1.14822
0.781287
1.13284
0.935077
0.996171
0.896152
1.30636
1.03602
0.965486
0.911161
1.01349
1.02313
1.0681
1.07873
1.10827
1.05854
0.991625
0.943664
1.08328
1.14948
0.97736
1.01113
1.00541
0.779833
1.02579
1.07339
0.896338
0.892563
0.935059
1.03443
1.0046
1.00379
1.01946
0.886684
1.17142
1.00929
0.886277
0.841891
0.884293
1.09964
1.11542
1.00187
1.09668
0.866036
1.11139
1.01347
1.10442
0.973839
1.0163
1.01119
1.05536
1.03531
0.949006
0.965875
1.13094
1.0875
0.924887
1.03109
0.956937
1.0234
1.10819
1.01286
1.12763
1.17424
0.828612
1.05649
1.12613
1.15854
1.00308
0.993348
0.893664
0.866473
0.843868
0.948442
0.964987
1.02769
1.05104
1.16492
0.921047
0.888478
0.935657
1.09188
1.06467
1.11195
1.02801
0.88079
1.04613
1.05499
1.13465
0.842943
1.03913
1.0232
0.993906
0.906895
1.08561
0.965153
1.01294
0.973029
1.0166
1.04983
1.03101
1.08165
1.07281
0.949471
0.909916
1.00508
1.02379
0.999624
0.93849
0.894195
0.992732
0.999199
1.05968
0.993716
0.950542
1.34018
0.890738
1.08725
0.934364
0.910491
0.885849
0.775701
0.922939
0.926092
1.06039
0.968534
1.21216
1.08957
1.08524
1.02634
1.25367
1.05858
0.991208
1.13619
0.871933
0.960036
0.944852
0.791555
0.861602
0.765526
0.964121
0.832453
1.1213
0.864773
0.832298
1.00359
1.14201
1.09008
0.869855
1.05071
1.02237
0.963477
0.928652
1.20106
0.991277
1.18787
1.03353
1.18972
0.992395
0.924309
0.980807
0.977513
0.934416
0.86495
1.09201
0.806464
1.11094
1.112
1.09711
1.15553
0.95922
1.02914
0.834015
0.91856
1.05814
1.06052
1.10196
1.03599
0.988468
0.892596
0.991559
1.07824
1.00435
0.986042
1.07471
0.834981
0.99932
1.04157
0.938435
1.02982
0.956456
0.945565
0.854843
1.11606
1.05882
1.08929
0.96988
1.06524
0.905625
1.15727
0.972789
1.08064
0.965808
0.800375
1.08641
0.943172
1.04432
0.968069
1.03919
1.05136
0.981879
1.00467
0.990677
0.880998
1.18865
1.02316
1.08299
0.938856
1.0504
0.901631
1.0102
1.00646
1.02806
0.981695
0.883561
0.910453
0.974536
1.21614
0.890104
1.02112
1.09064
1.03685
0.994965
0.940388
1.10951
1.10627
0.961967
1.07763
0.866782
0.88349
0.966288
0.974434
1.13019
1.05451
1.02215
1.07819
0.979693
0.953207
0.968184
1.17398
1.06846
0.952304
0.910018
1.2005
1.0485
1.019
0.975706
1.05983
0.97575
1.05526
0.966007
0.890086
1.0238
1.06077
0.963504
0.960109
1.08553
1.10365
0.85921
1.02092
0.955021
0.999214
0.979696
1.01831
0.848857
0.932929
0.944017
1.03722
1.20366
0.986387
0.87222
0.971367
1.02195
0.989224
1.02009
0.777462
1.03785
0.983525
1.00245
1.05153
1.11062
0.811331
0.922527
1.26475
1.03498
1.00486
0.964869
1.02622
0.913033
0.980944
1.02657
1.05888
0.947332
1.14559
1.25114
0.953837
0.857885
0.908914
1.11252
0.833662
1.04649
1.1251
0.869488
0.964571
1.12888
1.10645
1.14774
1.01971
1.0475
0.861934
0.924458
0.98782
0.937416
0.866591
1.11515
0.914655
0.924255
1.10681
0.980652
0.959328
1.20057
0.960754
0.862395
1.11709
0.818351
0.895348
1.14406
0.898678
0.830827
1.10889
1.07872
0.926815
1.16248
1.03274
1.07333
1.0409
1.01968
0.923064
1.06165
1.0815
0.909326
1.00517
0.928544
1.01011
0.998067
0.932385
1.01119
1.22806
1.1195
0.972834
1.04045
0.787775
1.02159
0.966495
0.821199
0.826333
1.02869
0.945463
1.02289
1.00866
1.02557
0.866485
0.928846
0.994532
0.979154
1.01411
0.990248
0.92605
0.908598
1.12461
1.05861
1.17763
0.953854
0.855749
0.905616
0.934403
1.05563
0.990776
1.01135
0.825229
1.05302
0.986696
0.971067
0.95306
1.05266
1.15524
1.06931
0.921476
1.11193
0.840492
0.939062
0.970557
1.18931
0.979912
1.11923
1.10984
0.935805
0.935806
0.897706
0.979023
1.04406
0.95001
0.958953
0.99166
0.942903
0.825483
1.07898
0.821395
1.00936
1.01114
1.06072
0.996534
0.858876
0.902835
0.913843
1.11466
1.00652
0.927222
0.871233
0.986825
0.871231
0.822316
0.962667
0.887997
0.988724
0.821122
0.923717
1.01949
1.21233
0.957215
0.973562
1.21256
1.0736
1.17298
0.956569
1.03418
0.995609
0.860415
0.877827
1.02042
0.861218
0.989637
1.08459
1.06484
0.931919
0.865027
0.869379
0.999969
0.912897
1.02583
0.949782
1.32665
0.995603
0.87238
1.08896
1.03288
1.17268
0.987658
1.00419
1.01205
0.853336
1.09043
0.980977
0.975142
0.979893
0.959389
1.00863
0.922165
1.07202
0.892794
1.17143
0.953355
0.897567
1.0001
1.20412
1.06287
1.14542
1.02763
1.08832
0.914822
0.924337
0.97886
1.20222
0.878063
0.92143
1.04871
1.16261
0.96667
0.876221
0.955966
0.882545
0.973306
0.905023
0.908482
0.825285
1.00874
1.00295
0.879001
1.09928
1.09753
0.912585
0.972177
0.957487
0.902067
1.17561
1.03313
1.00664
0.981589
0.894397
1.09925
1.18271
1.1169
1.05125
0.851354
1.03261
1.03236
0.98184
0.973503
0.818973
1.12414
0.830641
0.851365
0.971848
0.832499
0.965729
0.859056
1.0447
0.932959
0.905669
0.880804
0.923139
0.924881
1.13911
0.912504
0.988298
0.927961
0.967025
0.767302
0.999925
0.879276
1.14855
1.08625
0.764482
1.14233
0.936373
1.21365
1.11719
0.867356
1.01361
1.05987
1.04413
1.05029
0.957059
0.924215
0.946162
0.947399
0.85612
1.15624
1.14059
0.926844
0.910762
0.909385
1.10392
1.00544
0.902695
0.890773
0.879782
0.946945
1.06582
0.883094
1.13179
0.955084
0.945934
1.01525
0.927482
1.14372
0.986169
0.993003
0.996848
1.01479
0.847338
1.07935
0.929664
1.00314
1.02861
0.941417
0.983172
1.0791
1.19087
0.98724
1.03186
1.10815
1.03887
1.20335
0.918181
0.856022
1.00005
0.966956
0.988034
1.01478
1.0921
1.02786
1.02855
0.913502
1.03074
0.928049
0.865688
1.15791
1.0557
1.01533
0.959377
1.01264
0.915043
1.05139
0.983138
0.909621
1.09796
1.07646
0.916061
0.947612
1.04118
1.06466
0.894135
0.936867
1.14462
0.767395
1.06
1.06415
0.928873
1.01611
1.15199
0.97284
1.03003
0.884927
1.04621
0.928601
0.902081
0.898697
0.934188
0.936702
1.11031
0.943793
1.14128
1.15168
1.13296
0.938429
1.19459
1.09156
0.957213
0.947347
0.968828
0.92927
0.934716
0.797448
0.90443
0.92874
0.746552
0.915076
1.04845
0.876829
0.901491
0.986107
0.988632
1.12854
1.1548
1.02505
0.96664
1.06356
1.07892
0.934692
1.10442
1.14751
0.859386
0.945365
0.960523
1.02152
1.08438
0.900032
0.906153
0.965017
1.07056
0.994258
1.10313
0.90696
0.97143
1.05343
0.993199
1.15477
1.20046
1.08685
0.929186
0.896557
0.950981
0.907914
0.896165
1.14657
0.883828
1.02152
1.07606
0.984161
1.0867
1.10621
0.988172
1.11446
1.00613
1.08481
0.981155
1.06769
1.03818
0.907461
0.989215
0.999914
1.03904
0.94207
1.04098
0.922632
0.988909
0.861222
1.0482
1.13801
0.955137
0.961375
0.969484
1.08918
0.983208
1.02574
1.11098
1.05995
1.04647
0.938252
1.13113
0.91843
1.09338
0.93613
1.09466
0.920654
1.04802
0.908194
0.994891
1.01196
0.92663
1.16182
0.891671
0.948976
0.939372
0.885585
0.976656
1.12855
1.29201
1.17039
1.10485
1.07701
0.968794
1.11913
1.1239
1.0851
0.954868
0.958598
1.08872
1.08028
1.01486
0.997909
1.09292
0.995938
1.0399
0.811148
0.878596
1.08165
0.912248
0.849256
1.10294
0.709035
0.895108
0.893269
0.960984
1.10655
0.848755
1.13684
0.892318
0.957036
1.01543
1.11379
1.03438
1.19608
0.93082
0.995097
0.988189
0.726082
1.01611
1.30206
1.02602
1.24164
0.935844
0.88435
0.937265
0.878882
0.98007
0.999164
0.953033
0.938782
1.00749
1.28782
0.847491
0.870713
1.02205
0.989812
0.993965
0.894627
1.00118
1.08033
0.931594
1.30001
0.93639
0.962242
1.07697
0.907176
0.84067
0.95341
0.914369
1.19102
0.860752
1.01084
0.874515
1.16689
0.897278
1.02019
0.934674
1.05755
1.03369
1.0813
1.14435
0.939992
0.882434
1.06752
1.03164
1.16877
0.958296
0.965716
1.07009
1.03705
0.891264
0.984239
1.04867
1.0357
0.946273
1.0073
1.20158
0.995381
0.829946
1.02828
1.0123
1.26102
1.15094
0.849312
1.02875
1.04025
1.10439
1.05747
0.829346
1.00846
1.00602
1.11362
0.849673
1.08166
0.891576
0.81362
0.892694
1.08685
1.00468
0.896063
1.00231
1.10873
0.996148
0.876262
0.900954
0.901198
0.954046
1.06199
1.18224
1.02273
1.01904
0.868507
0.979553
0.934542
1.15755
0.95298
1.18121
0.915732
1.13497
1.01845
0.826382
1.06616
0.862034
1.10858
0.987013
0.995032
0.95234
1.33242
0.847832
0.913517
0.997429
0.840935
1.01878
1.06323
0.994923
1.05729
1.03843
1.2358
0.968914
1.01797
1.13999
0.817809
0.97655
0.889726
0.918021
0.998984
0.863763
0.982563
1.07635
1.06138
1.12596
0.932702
0.939936
0.850598
1.00115
1.02775
0.966618
1.1202
1.06236
0.995885
1.06924
1.07116
1.02476
0.868406
0.916935
1.04385
0.923632
0.950166
1.02951
0.920643
0.890983
1.00637
1.0023
0.823841
1.04209
1.11341
1.05413
1.1375
0.963874
0.995052
1.0484
1.02874
0.993022
1.00146
0.937438
1.05418
1.05906
0.89935
1.06291
0.728639
1.07134
1.15645
1.01161
0.953539
1.13211
0.947266
1.05734
1.05176
0.916218
1.05113
1.22468
0.899783
1.12187
0.927178
0.924639
0.937151
1.16682
1.05426
0.908007
0.92929
1.12578
1.1584
0.874145
0.871032
0.997597
0.918718
1.047
1.06916
1.2152
0.964747
1.09388
1.02384
0.973553
0.950298
1.00831
0.901421
0.924493
1.22462
1.01964
0.89983
1.02375
0.938947
0.993756
0.957118
0.905989
1.10136
1.17523
0.811314
1.13096
0.953883
0.877608
0.884569
1.12299
0.905431
0.779709
1.0453
1.14737
0.855128
0.858487
1.04171
0.933339
1.06723
0.926602
1.00335
0.864127
0.91168
0.967541
0.881557
0.961595
0.798568
0.95996
0.925894
0.930849
0.848295
1.08759
0.932848
1.10116
0.82884
0.890728
1.03367
1.18675
1.02237
1.05976
0.865698
0.965922
1.0654
0.900365
1.00977
1.11774
0.932291
0.922822
1.07166
1.02622
1.02679
1.02184
1.1215
0.848521
0.939988
0.895872
1.03256
1.0771
1.00617
0.814892
1.05278
1.18256
1.17599
0.801973
1.10393
1.06412
1.00368
1.10551
1.01607
1.14133
0.986363
1.06106
1.11339
1.00708
1.10965
1.06782
0.820526
1.08804
0.852158
1.01816
1.10344
0.891744
0.981063
0.998415
0.937165
1.01237
1.15084
1.02545
1.06287
0.906442
1.0477
0.934882
0.960715
1.07651
0.897995
1.02404
0.975787
0.961831
0.889437
1.0353
1.02244
1.16788
1.11211
0.867482
0.836317
1.05602
1.20657
1.00362
1.04751
1.02133
0.845403
1.0975
0.981949
1.04837
1.00232
1.15745
0.972751
1.05888
0.968566
0.856518
1.07138
1.06627
0.921334
0.891218
1.22633
1.00958
1.07773
1.06194
0.922132
1.02375
1.17913
0.914959
0.912616
0.91059
0.919902
0.874572
0.845242
0.873397
1.01861
0.942538
1.14068
0.912167
0.988813
1.0127
1.29351
1.10385
0.908782
0.978059
1.00315
0.897043
0.874894
0.851139
0.993057
0.997104
0.912337
0.994203
1.0323
1.05421
1.06452
1.01285
1.00946
0.976177
0.95888
0.867965
1.02167
0.825554
1.16185
1.00431
0.97903
0.953407
0.901877
0.978029
1.11591
0.949122
1.05576
1.07426
0.917779
1.07035
1.16476
1.10262
1.03791
0.956323
0.943461
1.09231
1.00096
1.05864
1.08553
1.09466
1.01979
0.89203
1.01482
0.940837
0.914854
1.04565
0.864786
1.01273
1.04438
1.03485
0.976828
1.22302
0.931177
1.10851
0.913235
1.00123
1.0839
1.04658
0.871704
0.870593
0.851785
0.965268
0.881728
0.923695
0.90896
0.976162
1.02672
1.08324
1.01336
1.10443
1.13868
1.25837
1.14357
1.0892
0.940353
0.961826
1.13922
0.9793
0.925342
1.14663
0.933328
1.07653
0.918484
1.13229
1.1308
0.876509
1.19902
1.14723
1.03678
0.969013
1.09294
0.917615
1.22625
0.970227
1.00598
1.00189
0.856697
1.15463
0.986725
1.05229
0.887575
0.814969
0.859946
0.881052
0.968622
0.841933
0.982994
1.01202
0.806058
0.925679
1.08614
1.12621
1.06074
1.1123
1.14579
0.89762
0.90103
0.947265
0.923392
0.960844
1.01551
0.967484
0.8924
0.964505
1.01325
1.04215
0.926942
0.946946
0.878733
1.20324
0.819953
0.940403
0.923994
1.04711
0.876102
0.931543
1.06705
1.00068
0.888966
0.988476
1.20951
1.14375
0.93717
1.09463
1.04254
0.911574
1.12362
0.926083
1.15446
1.10336
0.974763
0.92824
1.03472
0.955667
1.23489
0.872592
0.883833
0.931765
0.884001
1.08581
0.907324
1.01272
1.10178
1.076
0.810244
0.964217
1.1627
0.954269
1.06188
0.842509
0.871741
1.0598
0.998742
1.04306
0.947306
0.999737
0.934383
1.05233
1.03337
1.086
1.07039
0.758748
0.960978
0.979792
1.12482
1.02213
1.30846
0.990419
1.00792
0.948247
0.789571
0.841735
1.07457
1.10214
0.759357
0.924576
0.995934
0.953051
1.08673
0.99345
0.937341
1.01532
0.914398
0.963208
0.961762
0.845016
0.864355
1.12135
0.975304
1.03348
1.04678
0.952257
0.939169
1.2202
1.01531
1.0304
1.10015
0.957673
0.835799
1.13019
0.971234
0.914267
0.918362
1.16823
0.934082
1.00572
1.05917
1.02368
1.20395
1.01302
0.811581
1.12391
1.05037
1.08696
1.00588
0.943531
1.12591
1.0781
1.18638
0.935497
1.04454
0.873023
1.12902
1.0467
0.9131
1.07634
1.04171
1.0151
0.950875
0.886838
0.991021
1.08401
1.03661
0.967109
1.0672
1.02126
0.944467
0.801726
0.970508
1.05415
0.862871
0.962019
0.986456
0.973505
0.958007
0.989513
1.05768
1.00405
1.03554
1.26132
1.04898
0.875091
0.974706
0.998135
1.05885
1.14008
0.895174
0.921895
0.856992
1.03344
1.08521
0.923939
1.12729
1.02142
1.08452
0.857435
1.08573
0.972908
0.961353
1.14076
1.07804
1.04445
1.1753
0.901791
1.10974
1.0762
1.00193
1.11151
0.950646
1.04097
0.95266
0.928621
1.05977
0.998034
0.882827
1.0875
0.960901
0.982248
0.998534
0.907087
0.948957
0.860296
1.11509
1.01793
1.05179
1.0807
1.10323
0.937523
1.06696
1.05625
0.973131
1.10162
0.977434
1.11227
1.08107
1.0622
1.06194
1.02288
0.879249
1.15314
1.03265
0.993163
1.00452
1.09523
0.888161
1.16822
1.00742
1.0028
1.0483
1.14317
1.01459
1.13189
0.859361
0.927091
0.948918
1.11671
0.93443
1.0734
0.965117
1.07526
1.06306
0.942036
0.882679
1.07023
1.08734
1.11507
0.973032
1.22253
1.05229
1.06207
1.02295
0.987965
0.999569
1.02947
0.916095
0.983197
0.980267
1.03635
1.03391
0.987718
1.01956
0.854943
0.899733
1.0383
1.00576
1.04808
0.825673
0.935765
1.021
1.0793
1.03171
1.00801
1.06201
1.08906
1.09392
0.837949
0.888578
1.1581
1.04901
1.06928
1.04036
1.10148
0.994731
1.07151
1.24833
1.18663
0.998024
1.02955
0.96044
0.966755
0.822498
1.12621
1.03893
1.10333
0.965226
0.980513
1.09763
0.85837
1.07845
0.898138
0.962256
0.940792
0.939041
0.938704
1.19609
0.855298
1.26494
1.12597
1.08598
1.09413
1.06593
0.964624
0.949879
1.17917
1.09679
1.06896
1.02608
0.877539
0.99596
0.872883
1.10544
0.793301
0.975204
1.19477
1.04813
0.825553
0.880585
1.09863
1.26395
1.038
1.10153
0.939421
0.933617
0.891201
1.00305
0.948267
1.09261
0.973621
0.916047
1.10722
0.931211
1.2591
0.865348
1.06088
1.01087
1.10367
0.977059
0.942074
1.21016
1.15069
0.808067
1.10078
0.914426
0.971112
0.925782
1.22014
0.885706
0.889112
0.887997
1.11476
0.864493
0.865633
0.983958
0.978135
1.21582
0.991251
0.883904
0.873329
1.10964
1.15892
1.0886
1.09754
0.934144
0.963734
0.911642
1.05392
1.00655
0.938201
0.965101
1.09944
1.00992
0.869535
1.02342
0.985091
0.989577
0.990022
0.935566
1.00032
0.980692
0.857033
1.05432
0.942512
0.986562
0.890683
0.950021
0.910949
1.15796
0.904822
1.07553
1.0064
1.06865
1.16796
1.06649
0.839907
0.991542
0.995688
1.00164
1.15086
1.02382
0.996305
0.98617
1.0053
1.26283
0.933434
0.987799
1.0329
1.0293
0.777708
0.889491
0.937371
0.91902
0.997485
1.02487
1.07891
1.15825
0.994391
1.01016
0.997336
0.95772
1.03544
0.888275
0.8959
0.940989
0.984828
0.945901
0.804675
0.987201
0.956353
0.960709
0.923564
0.940791
1.03882
1.01784
1.30031
1.01274
0.985675
0.965874
0.978379
1.13364
1.07533
1.10714
1.04128
1.07495
0.873181
0.991759
0.95521
1.04378
0.947909
1.07746
0.994372
1.07893
0.957982
1.12089
1.04904
0.830837
0.984838
0.822522
0.942201
1.06838
1.10726
0.879292
0.929532
0.918051
0.935043
1.16963
0.987002
1.10159
0.985214
1.0589
0.910212
0.902787
1.06063
0.892015
0.861134
1.02036
0.892142
1.15668
0.953034
0.913304
1.15007
0.987928
0.975265
0.933663
1.07829
1.00124
0.873431
1.08904
0.919979
0.85608
0.92238
1.07474
0.94282
0.952099
1.10889
1.22802
1.11342
1.10386
0.91772
1.03762
1.02327
1.11426
1.13741
0.888235
0.778986
0.891534
1.01036
0.859056
0.916721
1.08328
0.96283
0.903615
0.817789
0.997358
0.980891
1.03322
0.976897
0.980708
1.1028
0.974206
1.04458
0.85945
0.912785
1.0885
0.899728
0.876337
0.912745
1.05724
1.02268
1.11308
1.11809
1.09822
0.991912
0.832355
0.993882
0.983749
1.07364
0.796171
0.994415
1.14129
0.998405
0.970115
1.1864
1.09472
1.14189
1.06367
1.12076
1.10134
1.0557
0.929076
0.942854
0.873931
0.960474
0.758202
1.00852
0.838718
1.01089
1.12412
0.997414
1.05379
0.919001
1.01704
0.974486
0.865067
1.02174
1.15287
0.990709
0.962329
0.789712
1.07484
1.0307
0.833681
0.851359
0.999884
0.94824
0.99698
1.01466
1.05349
1.27007
0.866397
0.992789
0.988017
0.942017
0.97025
0.926282
0.919672
1.27339
1.06717
1.02984
1.08266
1.1509
0.834389
1.08764
1.13786
0.837449
0.920814
1.09188
0.923792
1.03018
1.18975
0.822842
0.858954
0.975773
1.14352
1.10682
0.920589
0.867609
1.10686
0.981262
1.19495
1.03138
1.16127
0.866671
0.859592
1.20945
0.923505
1.09874
1.16407
0.975529
1.02576
0.940435
0.965108
1.08978
0.978535
1.05224
0.974663
1.05437
1.09605
0.938366
0.971609
1.02968
0.969582
0.966098
1.13304
1.14789
0.871634
0.918309
1.02481
0.889103
1.00793
1.03905
1.05295
0.934852
0.965527
1.19339
1.07796
1.00424
0.997943
1.18601
1.07063
1.05781
1.03113
1.10858
0.932683
0.934541
0.910243
1.00247
1.0732
1.02189
1.08745
0.944915
0.979931
0.954027
1.05837
1.08139
0.907331
1.04966
0.873704
0.949678
0.99881
0.991771
0.98515
1.04009
1.05324
1.2024
0.849607
1.14078
1.17844
1.06692
1.2102
0.90657
0.942077
1.07648
0.946736
0.999206
0.823861
0.919772
0.839171
0.97667
0.94436
1.16418
1.09836
1.08919
0.931002
1.19918
0.95548
1.19124
1.23545
1.0366
0.932865
0.976354
1.13322
0.851036
0.767579
1.00145
1.02447
1.02892
1.00982
1.11035
0.984133
1.01933
0.977091
0.811619
0.972603
1.00018
0.86693
1.0874
0.956802
0.850193
1.16833
1.20842
1.18246
0.931416
0.977652
1.03646
0.95586
1.13946
0.909418
0.950484
1.13198
1.0917
0.973913
1.15091
0.94389
1.07987
0.997423
0.91957
1.13883
1.04444
0.964767
1.03268
0.920321
1.09615
1.06805
0.899268
0.888072
0.910729
1.03602
0.992873
1.00505
1.0663
1.1453
1.11906
1.06389
0.915861
0.96222
1.08428
0.85991
0.977384
1.05802
0.861135
1.12011
0.998178
1.05897
1.18083
0.805439
0.924008
1.06483
0.977871
0.891698
1.08633
1.03632
0.929614
0.954843
0.908997
0.940311
0.877253
1.05645
1.13321
0.961654
0.976439
0.860566
0.964704
1.03471
1.05464
0.921596
1.09931
1.14509
0.914324
1.07937
0.927776
0.940004
0.86619
1.1948
1.01234
1.02858
1.0184
0.882921
0.918017
0.994977
0.817769
1.08551
1.06147
0.966313
0.926148
1.11907
1.02011
1.02301
0.987373
0.991542
0.950453
1.04371
1.03521
0.999765
1.05426
0.846974
0.96394
0.894734
1.19725
0.86538
1.07737
0.779291
1.068
0.964532
1.10277
0.970091
0.94212
0.87538
0.866656
0.976531
0.966382
0.965673
1.08711
0.938315
1.04715
1.0024
1.03913
0.936115
1.25376
1.04412
1.04602
0.924221
0.922486
1.00748
1.01804
1.01677
1.11912
0.795217
0.967638
0.842704
0.980492
0.967291
1.07055
0.99567
0.991961
1.10445
1.08201
0.829222
1.12008
0.871047
1.14865
0.983109
1.00522
0.943443
0.832221
1.05297
0.91792
0.92318
1.16172
0.938309
0.764832
0.991141
0.951824
1.19364
0.911882
1.17538
0.880996
0.951729
1.05583
0.961121
0.951509
0.884613
1.03044
1.21886
0.928344
0.892418
1.06753
0.829503
0.906034
0.913078
1.14276
0.90044
0.970454
0.899717
1.05004
1.00576
1.09962
1.00033
0.990969
0.863451
1.06912
1.03493
0.999706
0.947968
0.921211
1.04761
1.1912
0.929787
1.1282
0.879238
0.930614
1.20958
0.958691
1.22915
1.15101
0.898543
1.061
0.715252
1.2014
0.956062
0.971912
1.08603
0.889458
0.887247
1.21605
1.00917
1.08812
0.905791
0.96872
1.00056
1.00586
0.934423
0.997765
1.07543
1.06441
0.943495
1.01908
0.879942
0.98876
1.03754
0.915165
1.10122
0.950408
0.793483
1.08425
1.04718
0.987446
0.981243
1.05573
1.07864
1.11528
0.976774
0.715787
0.924724
1.00665
0.877428
1.15141
0.909509
1.07001
0.882738
1.07909
1.14192
0.876847
0.985685
1.05183
1.00561
0.903398
1.01879
0.908928
1.04232
0.945197
0.958039
0.992825
1.00232
0.981761
1.00031
0.879611
1.04795
0.947242
1.06215
0.898142
1.02494
0.982008
0.989944
1.10167
0.953541
1.09382
1.08336
1.12348
0.981595
1.02587
0.950286
0.831423
1.05993
1.08186
1.083
1.02749
1.08149
0.941299
1.03286
1.00932
1.1592
0.91164
1.13282
0.948478
0.925276
0.93005
0.993468
0.928101
0.988264
0.992954
1.12684
0.79695
0.942651
0.990453
1.16989
0.941545
1.0892
1.11457
0.969052
0.959673
1.00454
0.914776
0.9644
1.08331
1.16612
1.07035
1.10642
1.07052
0.996672
1.03312
1.09315
1.02085
0.975042
1.10745
1.04094
0.982237
1.03636
1.02474
1.00039
0.943469
1.01992
0.861798
1.05259
1.00956
1.0526
1.07995
1.14183
0.83807
1.31685
0.975366
0.903216
1.10818
1.05443
1.01303
1.03688
1.02855
0.879479
0.965049
0.978094
0.993526
1.01061
1.07197
0.858353
0.908323
0.87178
0.884757
1.01582
0.990818
1.05846
1.00633
1.04644
1.1099
0.840296
1.08545
0.989992
1.10168
0.997145
0.909527
0.900534
1.02336
0.889232
1.0174
1.05021
0.983014
1.0085
1.08686
0.985186
1.03926
0.970247
0.9404
0.790267
0.988011
1.13853
0.885297
1.06668
1.0261
1.1038
0.815933
1.11286
0.960064
1.0561
0.970935
0.926264
0.879559
1.02484
1.16834
1.07317
1.09757
1.08884
1.06415
1.06958
1.02151
1.05253
0.998226
1.11627
0.970903
1.00434
0.953487
0.928105
0.935007
1.1542
1.00819
0.91112
0.997408
0.833154
0.907116
1.11155
0.834152
0.95653
0.994082
0.902544
0.947205
1.21829
0.973868
1.04069
0.892261
1.08234
1.01544
0.991023
0.829774
1.15013
1.08922
1.10043
0.876395
0.895308
1.03482
1.18291
1.08949
1.06145
0.764632
0.950203
1.08236
0.988703
1.20141
1.00564
1.06957
1.13226
0.973946
0.853319
0.972853
0.955995
1.02235
0.957047
1.12424
0.999238
0.963412
1.0824
0.943156
1.08941
0.904848
1.0998
0.997327
0.944849
1.08434
0.903817
1.08959
0.972109
1.01577
1.19527
0.894079
0.869301
0.979044
1.04762
1.02597
0.996007
0.928669
1.14657
1.04393
1.04347
1.2515
0.903139
0.982983
0.974905
1.08773
0.869498
0.966536
1.05279
1.09696
0.987921
0.844543
1.04561
1.02551
1.13518
0.953106
1.0835
1.00489
0.857003
1.03463
0.946518
1.00085
0.919671
1.29328
0.845803
0.94733
1.08398
0.93883
0.91894
0.836686
1.00261
1.06846
1.1234
0.903701
1.03575
0.988909
1.01899
1.15274
0.910192
1.07604
0.845286
1.00814
0.945876
1.17502
1.09134
0.97607
0.924068
1.13029
1.07362
1.17059
1.01403
0.984551
0.934155
0.877466
1.06123
1.18869
0.834208
0.908759
0.915971
0.942695
0.930464
0.973495
1.06447
0.902553
0.964936
1.10364
0.962495
0.866013
1.11919
0.98958
1.12286
1.02044
0.839168
1.17297
1.02804
0.864638
0.962618
0.951598
0.962365
1.19923
0.957568
1.05336
0.988073
1.09162
0.898457
1.075
1.15159
1.04225
1.05221
1.1274
0.876041
0.971959
0.950913
0.869572
0.814953
1.09373
0.995831
0.957413
0.920236
0.830121
0.91275
1.19495
1.00463
1.17098
0.945933
0.917587
1.04745
0.87412
1.01591
1.08775
1.03313
1.00289
0.907809
0.988511
0.94125
0.790088
1.02012
0.92481
1.23513
0.990863
0.883873
1.01989
1.10248
0.968246
1.04421
1.08804
0.859717
0.903544
1.02522
0.958429
0.943751
1.01126
1.07769
1.06493
0.971037
1.12121
0.917638
1.01485
1.03036
1.12209
1.06134
1.05831
0.890464
1.20007
1.06221
0.777537
0.978594
1.09854
0.793152
0.97621
0.876194
1.12591
0.992625
1.17321
1.08846
1.10108
1.12944
0.99072
0.892139
0.892545
1.02378
1.10314
0.96373
1.13808
1.03306
0.833129
1.24545
1.19337
1.10054
0.968352
1.20992
1.13118
1.15288
1.05842
1.05301
0.94188
1.12336
0.82879
0.927331
0.921096
1.0466
0.988614
1.01965
1.19267
1.14218
1.06641
0.96064
0.953052
1.12194
1.05162
1.13188
1.18646
1.04948
1.01582
0.899379
1.182
1.08057
0.877927
1.11536
0.692122
1.05036
1.0075
1.08584
0.878739
0.981898
1.01557
0.884652
1.09584
0.950401
0.923924
1.07216
0.938376
0.998166
0.968953
0.966263
0.925062
1.01949
0.986066
0.935869
1.06347
1.02245
0.881202
0.797491
0.941751
0.98985
1.0863
1.11156
1.05894
1.01808
0.877244
1.21404
0.925053
0.981945
1.06679
0.905112
1.05852
1.01233
0.751922
1.01353
1.16044
0.928676
1.03654
1.03643
0.925248
0.94028
1.06579
1.04952
0.994807
1.17592
0.900973
0.926261
0.914308
0.982821
1.08453
1.04395
0.958257
1.05142
0.871597
1.01132
1.00355
0.921606
0.964068
0.818969
0.929039
1.12156
1.01121
1.11129
0.914041
0.895477
0.914429
0.825478
1.02135
1.03711
1.05151
1.17141
0.949834
0.923539
0.940653
0.967982
0.998567
0.853077
1.01718
1.02889
1.03851
0.968176
1.00124
0.911733
1.02487
1.13945
0.856195
0.843988
1.07845
0.973983
0.942021
0.942082
1.08577
0.914693
1.1451
0.918683
1.31545
0.985006
0.969722
1.08882
0.910662
0.998524
0.882179
1.01345
1.02192
0.825381
0.969309
0.971301
0.75454
1.00431
0.967597
0.999377
1.00512
1.03108
1.05804
0.967998
0.999959
1.0955
0.995439
0.815776
1.07829
1.01577
0.935124
0.85507
0.874528
0.996381
1.08686
0.843173
0.926146
1.13702
0.989993
0.8944
0.854958
1.03346
1.13253
0.866002
1.05725
1.04747
1.14286
0.989725
1.04991
0.949135
1.08681
1.15695
0.883004
0.888548
0.999323
1.16717
1.065
0.837263
1.18223
1.14248
1.0883
1.0112
1.0879
0.834261
1.10714
0.918334
1.05061
0.895568
1.25784
0.823105
0.945208
0.95667
1.00472
0.916749
0.946353
0.990214
0.742995
0.996593
0.879044
1.06641
1.08673
1.04343
1.03274
0.991156
1.15807
0.879435
1.15806
0.866229
0.917186
1.01083
1.15479
1.11365
1.12943
0.863158
1.04285
0.892578
0.873156
1.0303
1.04484
1.04741
0.997857
1.08576
1.08777
1.00631
0.960536
1.06196
1.01534
1.01796
0.976119
0.846178
0.995735
1.02642
1.11877
1.01872
0.942816
1.01975
0.945267
0.876342
1.12865
0.853323
0.916924
1.07404
0.87229
0.931917
1.07504
1.03252
0.935936
0.944153
0.932528
1.04344
1.13704
1.04512
1.04524
1.01579
0.899169
1.03139
1.01788
0.920409
1.22158
1.06334
1.04796
0.995379
0.857141
0.935995
0.991242
0.912023
1.21918
1.09393
0.96017
0.938058
0.962718
0.918736
0.812431
0.832128
0.916562
0.991104
0.977006
1.01944
0.968516
1.13262
1.11809
0.934176
1.03303
0.977361
1.01643
0.954337
1.16277
0.937516
0.993258
1.09789
1.17031
1.3758
1.08804
1.06148
1.10863
1.03156
1.08337
1.1903
0.967659
0.990972
1.06053
0.949404
1.00886
1.07687
0.898304
0.965829
0.946458
1.11035
1.10889
1.04347
1.09493
1.1304
1.06339
1.16716
1.04646
0.922218
0.949745
0.892146
1.08865
1.08208
1.07348
0.908231
1.03244
0.975842
1.00715
0.991066
0.927365
1.15204
0.987461
1.22727
1.08174
1.03706
1.02839
1.0177
1.11366
1.14604
0.89816
0.934384
0.935319
1.03994
1.05273
1.30154
0.963571
0.866244
0.851333
1.06381
1.09274
0.726658
0.967929
0.971259
1.05452
0.894992
0.897879
0.937439
1.05307
1.08146
0.955819
0.986811
1.00891
1.02725
0.908408
0.994431
0.99409
1.14922
0.974508
0.961882
1.03233
0.945667
1.00752
0.824473
1.00411
1.04774
1.13985
1.13475
1.08347
0.913749
1.07339
0.934659
0.990369
0.93896
1.02884
1.00287
0.989377
1.05433
0.994247
1.13603
0.979232
1.03316
1.11713
0.81662
0.997521
0.836623
1.07088
1.07675
1.0005
0.720601
1.20488
0.964985
1.11545
0.966455
0.996127
0.928975
0.985384
0.922726
1.00653
1.00437
1.1104
0.937967
0.962668
1.14707
1.1126
0.87526
1.13564
1.10369
1.01455
1.1504
0.892938
1.01221
0.986863
0.90298
0.932775
1.10085
0.868538
0.866035
0.959328
0.895655
0.847411
0.97386
1.13024
0.905808
1.0155
0.918093
0.963601
0.992863
1.09722
1.02382
0.818322
1.12535
1.25246
1.07419
1.01971
1.00032
1.07427
0.90351
1.11824
0.931612
1.21096
0.955746
1.01314
1.0693
0.921225
0.969011
1.09837
0.896146
0.7889
1.08916
1.061
0.866848
0.927893
0.83601
0.884713
0.950263
0.959036
1.00256
0.930078
1.07073
0.998436
1.08336
1.21826
0.977323
1.0994
1.10408
1.09961
1.01764
1.12006
1.02767
1.07135
1.20744
0.953717
0.971022
0.968024
0.860337
0.979121
1.06805
0.772623
0.971761
0.934152
0.971982
0.937506
1.14121
1.29279
0.954985
0.941044
0.891454
1.06729
0.806977
1.27555
0.866275
1.07995
0.990268
0.995876
0.979103
0.965492
1.12662
0.988994
1.06259
1.06885
0.840506
1.08182
1.05324
0.946218
1.01362
1.16261
1.03624
0.934817
1.10635
1.116
1.1029
1.04689
1.07522
0.950642
0.859396
1.29311
1.20717
1.01825
1.01833
0.919089
0.962805
0.762887
1.06957
1.13366
0.956391
1.00332
0.991375
1.05836
1.22724
1.08931
0.973443
1.10276
0.977794
1.14348
0.932925
1.11295
0.96584
0.947487
0.914881
1.05065
1.13012
0.962883
1.0859
0.905459
0.963868
1.06277
1.13009
0.987435
0.960851
1.12269
1.20109
0.984519
1.05022
0.943784
1.08974
0.930444
1.05972
1.10132
1.02394
0.90474
0.866162
1.01395
1.00274
1.00357
0.82142
0.970815
1.07067
0.885609
1.09039
1.04879
1.12029
1.02955
0.834416
1.19224
0.977482
1.05744
1.17781
0.89414
0.894782
1.04323
0.93722
1.02742
0.961899
1.07141
1.09577
0.974493
1.03662
0.775563
1.08582
1.04205
1.06123
1.01709
1.11377
1.01577
0.887131
0.928178
0.928783
1.11229
0.986816
0.907739
1.01494
1.06886
1.10427
1.00227
1.09091
1.11439
1.01269
0.987565
1.07113
1.17498
0.886898
1.13554
0.875116
1.03747
1.10394
0.96849
1.02108
1.10573
0.944951
1.20941
0.949196
1.02408
1.1077
0.988809
1.10384
1.03128
0.947223
0.895002
0.948865
1.06957
1.08337
1.02743
1.05769
0.968405
1.02199
0.925034
1.02283
0.825065
1.2168
0.969077
1.09936
0.988567
1.07704
1.0355
1.09928
0.90889
0.876846
1.02416
1.20147
0.941271
0.959961
1.07874
0.915586
1.16345
0.967278
0.991995
0.955009
0.947007
0.830495
0.881728
1.0341
0.951627
0.773312
1.22493
1.22071
0.98303
0.949561
0.86817
0.975177
1.16701
1.07442
0.95913
1.0754
1.0379
1.04161
0.940534
1.07247
1.1151
1.11309
0.99426
0.970687
0.919712
0.92408
1.16628
1.05476
1.03478
0.862746
0.845527
0.939054
1.09371
0.925021
0.887183
0.874473
0.954552
1.14903
0.893346
0.974614
0.895006
1.22237
1.06959
1.08929
1.00335
1.00413
0.855811
0.891127
0.912906
0.877257
1.16538
0.857052
0.829801
1.13476
0.970231
1.03355
0.992965
0.88285
1.05064
1.02612
0.908164
1.02994
1.00116
0.969609
1.00998
1.08757
0.993576
1.02447
1.02538
0.959213
1.05513
1.03538
1.00203
1.05
0.984669
1.03216
1.17994
0.918157
1.09107
0.939415
1.00484
0.905841
0.968783
0.999785
0.825713
0.931166
1.07972
0.853676
1.04263
1.12058
1.03551
1.01882
0.904944
0.947645
1.0713
1.21197
1.05484
0.946551
0.931735
0.960711
0.840189
1.03109
1.07429
0.992037
0.809197
0.842165
1.00986
0.914057
0.821797
1.06044
0.850137
0.895911
1.08789
1.01892
1.01103
0.944027
0.848943
0.890138
1.19574
1.18982
0.989032
1.2368
1.23882
0.992637
0.956064
0.913276
1.11429
0.903895
0.945006
1.00051
0.998441
1.05851
1.04366
0.921138
0.8734
0.854031
1.01715
0.948627
1.00455
1.07642
0.961593
1.24497
0.828324
1.2514
1.01887
1.0643
0.964879
0.8639
0.908352
0.86945
1.00981
1.1885
0.989279
0.979581
1.07747
0.981834
0.980286
0.791194
0.976148
0.95366
0.989983
0.904475
0.877983
1.02405
0.948273
0.904547
0.988571
0.981142
0.974901
0.883861
1.09219
0.919139
1.09281
0.845319
0.976108
0.822269
0.901877
1.1509
0.881356
0.882643
1.13153
1.12389
1.12964
1.04219
0.991337
0.952198
1.08496
0.913565
1.04609
1.0199
0.908467
1.08701
0.967691
1.00844
0.880834
0.996151
0.946563
1.05763
1.00186
1.07809
0.913765
0.9811
0.978205
1.0833
1.08673
1.02535
1.0538
1.04412
1.0539
1.13434
1.0295
0.947407
1.03169
0.838815
1.15104
1.1377
0.964155
1.0268
0.985789
0.920133
1.11797
0.988134
1.08133
1.14773
1.0844
0.863766
0.769151
0.967285
0.917992
1.10759
0.830623
0.880804
0.980595
0.957515
1.10485
1.02781
1.11104
0.992931
1.09525
0.988821
1.15838
0.928884
0.936098
0.896431
0.984228
1.04544
1.10936
1.01606
1.0019
0.94033
0.938474
1.02199
1.08551
0.819664
1.09822
1.0685
0.951337
0.964585
0.961859
0.951544
0.970488
1.00077
0.915881
0.983946
0.966359
1.10112
0.993814
0.99469
0.931203
0.898027
1.02029
0.945446
0.935054
0.880049
0.95677
0.816297
0.99635
1.00312
0.945915
0.800075
0.95497
0.989208
0.922204
0.98453
1.07777
0.9327
0.960228
1.01767
1.02667
1.07644
0.84324
1.08776
0.955672
1.13843
1.08925
1.03549
1.10141
0.918183
0.98598
0.945011
0.881372
1.14948
1.02324
1.14323
0.821483
0.920682
1.03679
0.881597
1.12949
0.8795
1.0186
0.883028
0.970157
0.855503
0.947193
0.856664
0.928845
1.11625
0.923127
1.25469
1.18336
0.897607
0.842635
0.96709
0.818515
0.981976
1.01949
0.862216
0.82167
1.08543
0.871976
1.18139
0.983117
1.02236
1.12396
1.12458
0.954518
1.17914
0.929871
1.04579
0.918369
0.965149
0.946779
0.968506
0.924879
1.05628
0.999948
0.85707
0.995698
1.01745
1.03286
1.04632
1.14142
0.875096
1.08015
1.03575
0.824247
0.898258
1.20724
0.946974
1.06751
0.870652
0.815657
1.18571
0.934507
0.884185
0.888991
0.856446
0.883742
1.00645
0.878413
1.02287
1.04098
0.97624
0.983434
0.914667
1.20726
0.955453
1.03004
1.17166
0.930182
1.02043
1.07672
1.12046
1.02926
1.06468
1.08592
1.12279
1.0489
1.02259
0.998523
0.964479
0.969307
1.05721
1.09299
1.00628
1.01593
1.0655
1.06
1.06937
0.978033
1.04116
1.09298
1.135
1.02444
1.00032
1.07115
0.996724
0.927765
0.866618
1.09296
0.996764
1.00686
0.984184
1.09748
1.06162
0.984188
1.03784
1.19645
1.17615
1.04586
1.05943
1.19338
1.12493
1.21977
0.971925
0.962302
0.936494
1.10187
1.08034
0.948674
0.883795
0.988342
1.00257
0.902962
1.03287
0.948078
0.940162
0.992248
0.689391
0.950269
1.13262
1.07744
1.05061
0.919361
1.05529
1.16799
1.13003
0.989411
1.051
0.930645
0.99418
1.10487
1.14095
0.992084
0.848769
1.09339
0.940516
1.09567
1.16137
1.10522
0.916537
0.943511
0.974819
0.880017
0.979078
0.872223
1.10151
1.01453
1.07347
1.06141
0.860861
1.12002
1.09405
0.975248
0.892344
0.936536
1.00377
1.13004
0.962399
0.960891
0.881074
1.15848
0.932309
0.908287
0.897793
0.942097
1.01778
0.988631
1.03813
1.13368
0.967492
1.07418
1.02071
1.06475
1.07125
1.04793
1.25729
0.963747
0.926077
1.08352
0.964314
0.849118
1.0007
1.00542
0.840823
1.00046
0.823058
1.13337
0.900801
0.795002
0.91547
1.04264
1.19673
0.803027
1.03881
0.930913
0.974399
1.1274
1.2291
1.00601
0.879425
1.08781
1.01098
1.16499
0.890211
0.942331
0.990484
1.14786
1.01348
1.00508
1.08227
1.0657
1.03203
1.06327
0.854305
1.00074
1.04671
1.07663
1.00952
1.10432
0.897972
0.901629
0.917275
1.04423
1.01193
1.2084
1.1809
1.06427
0.939105
0.893931
1.24121
0.966162
1.03003
1.21072
1.08978
0.892198
0.969039
0.942096
1.02731
1.05388
1.03283
1.14487
0.996056
1.02134
1.09544
0.958308
0.76367
0.900198
0.955537
1.04103
0.955386
0.910147
0.933063
0.752232
1.12455
1.11338
0.974931
1.02185
0.934915
1.17312
1.1517
1.06812
1.00071
1.01371
0.854004
0.920737
1.01782
0.855434
0.933829
0.946178
1.02654
0.988922
0.923778
0.978456
0.888278
0.971053
0.893632
1.01032
1.05183
1.12625
1.11231
1.0414
1.06683
0.986569
0.931314
0.871925
0.908659
1.05397
1.04518
1.06622
0.992668
0.946635
1.16618
0.923924
1.1562
1.00517
1.08063
0.904777
1.03361
0.785004
1.20868
1.04461
1.25797
0.857633
0.953482
0.89679
0.997863
0.792663
1.03061
0.95976
0.953081
1.03639
0.973448
1.01584
1.04091
1.17382
0.760075
0.906177
0.846585
1.14433
1.01845
1.00737
0.844041
0.927338
1.06121
1.25464
1.18199
1.08904
1.01087
1.15517
0.905238
1.0885
1.05018
1.05771
1.1508
0.928873
0.965588
0.855816
1.08696
0.893255
1.05422
1.0085
1.13701
1.1254
0.974601
1.02619
1.18423
0.851396
1.21902
1.10232
1.16407
1.04058
1.06569
0.960672
1.03416
0.92977
1.00626
1.01247
0.94343
0.969808
0.900277
1.05452
1.15361
0.982029
1.0958
0.981432
1.064
1.27283
0.997326
1.0733
1.11353
1.08529
1.07687
0.911239
0.94008
0.910941
1.13998
1.08272
1.06866
1.02344
0.984163
1.29133
1.15782
1.11092
0.890618
1.10949
1.20336
0.988658
1.00108
1.0292
0.815342
0.901231
1.09961
1.01499
0.831674
0.940377
1.17314
0.813821
0.934558
0.938935
0.954001
1.08391
0.883235
0.9435
1.18538
1.07642
0.968529
1.10651
1.06586
1.08284
1.14086
1.16386
1.21319
0.931499
0.920474
1.00355
0.929494
0.985287
1.15639
0.762635
0.960011
1.03262
0.962111
0.986268
1.09255
0.900312
1.21315
0.859489
0.865342
0.88497
0.981891
0.987433
1.23879
1.18547
1.03354
1.15768
0.942969
0.984204
0.94913
0.919644
1.14898
1.1246
1.22402
0.890154
0.89894
0.936968
0.863937
1.16176
0.946806
1.08224
1.10165
0.889326
0.96778
1.10758
1.06556
0.873245
1.27455
1.24534
0.894638
1.09848
1.17148
1.11037
1.01818
1.0438
1.04847
1.03537
0.973733
0.902114
0.863231
0.983131
1.11102
0.820119
1.02111
1.03898
0.986686
0.86717
1.05872
0.981082
0.95077
1.08604
0.899099
1.01369
1.10004
0.761639
0.931588
1.03074
1.14823
0.977509
0.906981
1.04442
1.0385
0.940185
0.875564
0.951058
0.928191
1.19122
0.99371
0.940367
1.02778
1.0687
0.892522
1.21731
1.03863
1.00508
1.05801
0.945213
1.01057
0.715451
0.966728
0.853097
1.12006
0.959162
0.968672
0.978102
1.13425
0.911547
0.88029
0.923575
1.0865
0.853633
1.09322
1.07969
1.03259
0.939787
1.14377
0.913794
1.13644
0.980619
1.23051
0.883112
1.11232
1.08735
1.05327
1.01515
0.804906
0.997815
0.864037
0.993662
1.14431
1.04489
1.02788
1.07847
0.96984
1.01151
0.934816
0.96618
1.11634
0.903318
1.09525
0.946343
0.807075
0.915865
1.14449
1.15475
1.0887
0.879036
1.07119
1.0095
1.10305
0.940154
0.923667
1.08219
0.86044
0.991166
0.931749
1.12031
1.09328
1.04832
1.15471
1.07972
1.07406
0.871208
1.03407
0.957271
1.0352
1.0636
1.02756
1.06761
0.974295
1.13417
0.9958
1.02039
1.12345
0.99483
0.951666
1.14577
1.09685
1.16254
1.12705
0.828009
0.99105
1.03587
1.06603
0.988235
1.21275
0.976846
1.07347
1.05169
0.788866
1.02865
1.10198
1.11199
0.963522
0.881883
0.933349
1.07629
1.15309
1.10354
0.95749
1.04718
1.01525
0.885371
1.09264
0.771295
0.921601
1.15137
1.16762
0.884206
1.01036
1.12086
0.977971
0.877124
0.839732
1.08302
0.818502
0.957076
1.04225
1.12353
1.01659
0.904577
0.817169
1.17128
1.09541
0.991936
0.996089
1.30353
1.06176
0.813323
0.838384
0.868322
0.929434
1.25185
0.964896
0.946004
0.867146
1.10556
0.997004
1.11915
1.04448
0.879141
1.01895
0.906868
1.03688
0.940558
0.968864
0.982991
0.924367
1.09256
1.0453
1.00214
1.1918
0.860853
0.965419
0.908041
1.09668
1.17748
1.17312
0.968611
0.856407
0.882338
1.00321
1.01648
1.22895
1.07688
1.11209
1.12061
0.943631
0.886393
1.03578
1.02964
0.896849
0.734536
0.995658
1.02122
1.05801
1.00889
0.891799
1.03141
0.931391
0.909698
1.05624
1.20101
0.992663
1.10134
0.935564
1.09149
1.10767
0.953992
0.925947
1.16636
0.950446
0.907755
0.976022
0.993998
1.09417
0.899256
0.911667
0.95358
0.977003
1.10061
0.953377
1.06039
0.900682
0.984927
0.875281
1.12083
1.01198
0.962064
0.990197
1.04669
1.00315
0.82083
0.938986
1.18001
0.758176
0.911796
1.05839
0.987751
1.04852
1.02626
0.948486
0.986647
0.8521
0.9445
1.08393
0.982936
0.87558
0.920168
1.02277
1.012
1.04847
1.18705
1.05131
1.09136
0.954571
0.870311
0.999443
1.01701
0.884211
0.742206
1.00977
0.857388
0.921119
0.987565
0.999888
0.922149
1.00847
0.964119
1.20632
1.2035
0.924496
0.988412
0.944992
0.984665
0.909718
0.95927
1.09363
1.01997
0.965554
0.983239
1.07879
1.03407
0.912898
1.03927
1.13255
1.07039
1.00123
0.855784
1.06982
0.980317
1.01585
0.859946
0.910589
0.947686
1.02775
0.953077
0.984137
1.14227
1.12211
0.867314
0.934746
1.02027
0.968337
0.95669
1.0853
1.07378
1.02838
0.907331
0.799587
1.11307
0.972011
1.27367
1.21183
1.05599
0.947936
0.932618
0.961598
0.88152
0.864232
0.796909
1.00909
1.02977
1.07633
0.94655
0.893582
1.06793
1.01298
1.07341
1.0552
1.09386
1.01037
1.06847
0.961047
1.1324
0.926721
1.04575
0.901189
1.12232
1.10909
1.00838
0.846279
1.01265
1.19991
0.829332
0.949183
1.06758
1.12114
1.10378
0.997443
1.06476
0.842601
1.01639
1.08646
1.11708
1.16747
0.99374
0.908235
0.876136
0.864902
1.02681
0.886217
0.9993
0.985472
0.851304
1.13815
1.04734
0.949634
0.952685
0.985627
0.874129
0.915584
1.17666
0.948684
1.04806
1.12224
1.10338
1.19625
1.06127
1.04484
0.965262
1.12274
1.02299
0.959144
0.947019
0.925457
0.949038
0.936456
1.00836
0.908039
0.890874
1.08413
1.0811
1.10999
1.02844
1.043
1.04419
0.899246
1.00532
0.96803
1.20315
1.01828
1.08529
0.998033
1.05236
1.06843
0.926284
0.87357
1.16478
0.987876
1.04255
1.06779
0.976806
0.962368
1.05372
0.959597
0.972342
1.10732
0.964175
1.04421
1.02835
0.8049
1.31133
1.00367
0.902448
0.890065
1.11865
0.965836
0.986077
1.08967
0.773315
0.927679
0.940899
0.966007
0.8496
0.864231
1.11305
0.85033
1.04114
0.903679
0.92054
0.993371
1.00807
1.04934
1.04109
0.855063
0.941498
1.00074
0.953375
0.928105
0.901065
0.797086
1.04095
0.849203
1.04615
1.15042
0.891495
0.915545
0.821869
1.0701
1.12921
1.10723
1.1037
1.03263
1.24258
1.15269
1.06113
1.16335
0.898329
1.02549
1.01959
1.09194
1.01814
0.851878
0.954145
1.07791
0.862557
0.922345
0.928795
1.10336
1.10717
1.03865
1.15747
0.976322
1.04333
0.918387
0.949441
1.04502
1.03374
0.969239
0.966573
0.964409
1.0292
1.01162
1.03607
1.20494
1.0933
1.02485
1.03216
0.927354
1.12719
1.02362
1.0361
0.942787
1.00876
0.869571
1.03404
1.00666
0.993827
0.957512
0.924399
1.00838
0.988616
0.816195
1.06669
0.919276
1.07077
1.08771
0.943543
0.919919
1.06421
0.76141
0.84048
0.922455
1.21629
0.9642
1.0103
1.05497
0.952112
0.912171
0.846192
1.08449
0.9321
1.04739
0.878427
1.12087
1.03672
0.963095
0.877918
1.10562
1.00697
0.929709
1.0491
1.10004
1.0854
0.933925
0.997209
1.05029
1.00037
1.11803
1.0015
0.9425
0.8731
1.0357
1.06915
0.927483
1.03697
0.934487
1.07243
1.11024
0.856958
0.927652
0.938366
1.09731
0.913765
1.02655
0.816991
1.08184
0.888154
0.853756
0.891707
0.85395
1.24325
1.06753
0.811111
1.15228
0.988002
0.924455
0.926365
0.978144
0.976162
1.08935
0.872352
1.07304
1.01463
0.938153
0.832101
1.06105
0.963818
1.12645
1.19686
1.04436
1.03498
0.793279
1.03289
1.08852
0.950218
0.799818
0.959328
1.0308
0.901565
0.88378
0.927817
1.05807
1.00254
1.01175
1.23994
1.0433
0.931699
1.09837
0.777631
1.06606
0.786145
0.953387
1.13572
1.03638
0.91099
1.04306
0.872431
0.890772
1.05205
0.955736
1.12273
1.00987
0.927376
0.847328
1.10257
0.964687
0.990079
0.965835
1.02444
0.91348
1.04561
0.922246
0.9658
1.09739
1.12666
1.1184
0.970005
1.00554
1.15038
0.952853
0.979585
1.02184
1.14051
1.04407
1.03484
0.929663
0.898236
1.11798
1.27305
0.94432
1.11177
0.983313
0.939091
0.953604
1.20203
0.983369
1.03467
0.936357
0.956596
1.08992
1.10136
0.998908
0.971647
0.960174
0.916461
0.999796
0.942413
1.06782
0.891256
0.965568
1.05695
0.99719
0.955895
1.03428
0.974586
0.934581
1.04782
1.09637
0.918406
1.00287
0.798264
0.959357
1.07863
1.02196
1.00343
1.00865
0.959247
1.0892
1.01198
0.959222
0.894646
1.00377
1.07836
1.00322
1.14812
0.965222
0.97307
0.916714
0.948779
1.08919
1.20014
0.963884
1.04648
0.888486
1.12898
0.987658
0.908768
0.955284
1.04146
1.14754
1.05462
0.93774
0.900096
1.01405
1.05111
1.01996
0.967345
0.98527
0.966373
0.856205
1.1689
0.895137
1.08512
1.20977
1.01217
1.03305
1.01229
0.970383
0.888012
0.952452
0.871892
1.13475
1.04249
1.06794
1.0963
1.072
1.04155
0.954966
0.86084
0.987826
1.11545
0.91068
0.947631
0.939339
1.0266
1.08097
0.800804
0.831962
0.939725
0.996502
0.95791
0.923494
1.08263
1.16642
1.03174
1.01594
1.01043
1.08842
1.02323
1.09607
1.10439
0.988096
1.19455
1.06956
0.753982
0.993365
1.10668
1.02942
1.00068
1.0385
1.00279
1.02699
1.01463
1.14623
1.03382
1.01232
0.933711
0.882727
1.01686
1.14042
0.995501
0.936056
1.0176
1.02248
0.951028
0.942153
0.900737
1.10477
0.913125
0.830552
0.904742
1.12042
0.956799
0.948146
1.03338
0.859223
1.05466
1.18
1.0386
1.01439
0.948082
1.00643
1.02612
1.02593
1.09986
1.08887
0.814223
1.01577
1.01428
0.948421
0.900461
0.957648
1.03313
1.0529
0.981926
0.899835
1.14422
0.952055
1.03496
1.08303
0.907177
1.22818
1.01654
1.02905
1.05147
0.935855
0.959127
0.934428
1.12144
0.975618
0.965799
1.04778
1.15009
0.851454
1.02018
1.17373
1.0162
0.879463
0.983657
0.872786
1.06745
0.91608
0.856351
0.804146
0.884441
0.911541
0.88655
0.969265
0.896581
0.990843
1.18677
1.02459
1.01383
1.06881
0.954856
1.25321
1.05051
1.06777
1.11928
0.908521
1.00419
0.916245
1.08163
1.02989
0.993288
1.01718
0.940667
0.816755
0.996099
0.965442
0.967611
1.01293
1.00984
0.99313
0.902373
1.07233
1.05177
1.01466
1.27229
0.985752
0.96994
1.05383
0.93103
1.17972
1.01832
1.04833
0.940506
0.910656
1.08771
0.998621
1.0729
0.847453
0.881542
1.15481
1.09785
1.13579
1.06923
0.959818
0.9203
1.03674
0.994601
0.952442
0.988117
1.15447
0.918357
1.05508
1.0187
0.932281
0.910868
0.940227
0.944779
1.01101
0.970069
0.884418
1.00742
0.865036
0.814461
0.943651
1.03597
0.934522
1.0704
0.938071
0.992516
1.12963
0.972361
0.841494
1.01789
1.01138
0.925071
0.951638
1.10478
1.19887
0.961832
1.0477
1.16053
0.984503
1.0898
1.06084
0.971372
0.969755
0.875249
0.897519
0.993821
1.04788
0.994764
1.00273
0.883958
0.954496
0.983348
0.957959
1.04517
0.967249
0.862761
1.03223
1.0616
0.995196
1.11424
1.12683
0.944814
1.06468
0.893803
0.888711
1.04657
0.982873
0.866394
0.923938
0.983889
0.998127
0.755924
1.09595
0.949699
1.03473
1.17219
0.910831
0.916172
0.913148
1.12065
0.952282
1.06117
0.964745
0.945156
0.975332
1.0117
0.937967
0.990903
0.976252
0.917216
1.05407
0.919736
1.08668
1.0778
1.14594
0.797818
0.848434
1.02615
1.18101
0.934983
0.845249
1.04454
1.0784
1.02893
1.03804
0.927802
1.04918
1.02396
0.913404
1.05076
0.847509
1.12945
1.12941
1.02138
0.913827
0.870402
1.01489
0.967952
0.902145
1.00328
1.04089
0.796351
0.774748
0.948869
1.08748
0.950062
0.970852
0.906917
1.19672
1.03555
0.991792
1.1073
0.888992
1.07211
0.927064
1.07428
0.998577
0.93781
0.805471
1.03576
0.930232
0.982725
1.05414
1.06786
0.872202
1.11005
0.999481
1.06609
0.857644
0.989797
0.966444
0.974152
0.804541
1.1158
0.994029
1.03766
1.09328
1.10135
0.957895
1.13223
1.08672
1.14846
0.846906
0.809112
0.920389
1.04554
0.99664
0.765756
1.20263
1.09004
0.980518
1.08087
1.10124
0.922729
0.996258
0.924492
1.17115
0.763041
0.970498
0.942795
0.995376
1.05671
0.978902
1.04158
1.10442
1.04781
0.95799
0.739333
0.97766
0.974211
1.07662
0.962224
0.898746
0.898731
0.954319
1.1468
0.92787
1.01925
1.21935
1.16961
1.11773
1.00767
0.911634
0.951346
0.960617
0.975712
1.09578
1.0729
1.0511
1.13865
1.02463
0.784566
1.01903
0.89613
1.00741
0.882645
0.765064
1.00079
0.961092
0.803474
0.940422
0.976305
0.995228
1.15016
0.846436
0.95058
0.979361
0.945046
1.00006
1.12856
0.966075
0.890528
1.05589
1.18036
1.14945
0.951722
0.865354
1.01038
0.954933
1.24318
1.21048
1.14415
0.972985
1.01783
1.14589
1.05025
1.01817
1.19547
1.14448
0.933265
1.12252
1.08874
0.944251
1.055
1.00213
1.12244
0.997536
0.939107
1.09308
0.957728
0.895675
0.946586
1.15962
0.970044
0.914546
0.869286
0.924246
1.05025
0.966872
1.16213
0.908258
1.03805
1.15702
0.875793
0.925448
0.955446
1.04249
1.06624
1.08712
0.975803
1.07449
0.989278
0.935606
1.11329
0.977755
0.945927
0.946778
0.9538
1.07268
0.937946
1.07012
0.97773
0.971214
0.97602
0.995425
1.00162
1.07551
0.960201
0.872365
0.8777
0.977954
1.0718
0.841536
0.874247
1.05883
1.01669
1.04378
0.997692
1.03811
1.12334
1.03708
0.952836
1.07759
1.05783
0.992311
0.998709
0.99247
1.11877
1.1863
0.931643
0.752863
0.846359
1.05534
1.17656
1.19522
0.92978
0.949148
1.08839
0.992316
0.97172
1.1696
1.08509
0.908288
1.23975
0.996429
1.09031
0.894181
0.896592
0.877414
1.05509
0.981315
1.01718
1.02084
0.936535
0.960901
0.867306
1.05755
1.01253
0.990985
1.04563
0.868955
0.965635
1.00017
1.0147
0.852704
1.12147
1.05128
0.831286
1.08425
0.886001
0.921787
0.950895
1.01593
0.967932
1.02049
1.02476
0.976703
0.96713
1.17958
1.03172
0.925415
1.05841
0.936873
0.869389
0.864752
0.91693
0.934276
0.946362
1.03187
0.935621
1.07791
0.936332
0.833677
0.995273
1.01587
0.976064
1.09566
0.937849
1.00459
0.993193
0.960856
0.847619
0.78579
0.944339
1.0362
0.949784
0.970037
0.862259
0.934898
0.815393
1.07123
1.0363
0.904605
1.03468
1.04859
1.06895
0.968976
0.85978
1.01139
1.02675
0.970893
1.10104
1.02659
1.01859
1.03066
0.929315
0.874229
1.17841
0.95245
1.09694
1.05455
1.0487
0.88806
1.07281
1.13153
1.10639
1.16094
1.01557
1.08541
1.10131
1.12466
0.974791
1.00672
1.11652
0.962767
0.981082
0.961281
0.906066
1.04835
0.933996
1.02485
0.991798
0.839327
1.05487
0.816922
0.98696
1.01439
1.05729
0.909194
1.00526
0.901018
1.06147
1.07199
1.02905
1.04281
1.0937
0.934492
0.896685
0.998852
0.993482
0.899625
1.06066
1.17974
1.0854
1.05122
0.888996
0.987013
1.00051
0.992533
1.12184
1.10965
0.965572
1.09319
1.09755
0.883326
0.930965
0.953152
1.0072
1.10542
1.01187
0.997605
0.911977
1.01065
1.04976
1.04162
1.03975
0.892987
1.03664
0.959554
0.946315
1.10265
0.99343
0.91274
0.952194
0.926105
0.901439
0.841487
1.12267
1.07118
0.859305
1.07172
0.922381
0.992098
1.2557
0.878111
0.908226
0.983215
0.881606
0.866728
1.23036
1.13595
0.96168
1.03628
1.15307
1.08345
1.04009
1.04758
1.04071
1.0043
1.08497
0.955424
1.0894
1.08109
0.93345
1.05163
1.02527
0.975304
1.03433
0.962619
1.22221
1.14338
0.914757
0.985165
0.848983
0.858475
0.917594
1.00048
1.00645
0.892979
1.11609
0.998895
1.02855
0.957466
1.01358
0.955247
0.858055
0.994792
0.934041
0.9052
1.12733
0.894823
0.736109
0.968912
1.11993
0.940037
0.916029
0.868056
0.901706
0.987361
1.09303
0.966694
0.841091
1.01263
1.05264
1.07422
1.1245
0.978607
1.11589
0.947386
0.89314
0.861188
0.978502
0.772003
1.11733
1.06393
1.07807
0.934609
1.0112
1.02375
1.03965
1.16283
0.996127
1.02669
0.983908
0.829043
0.939605
0.991226
1.07884
0.833453
0.888002
1.04355
0.979653
0.916587
0.958842
0.928769
0.93983
1.03726
0.871542
1.10131
0.951988
0.920585
1.01295
1.25248
0.906037
1.06579
0.915975
0.953526
1.0361
0.916588
0.987661
0.949372
0.824648
1.0044
0.842955
1.09742
0.951184
0.948158
0.793719
0.955268
1.08538
0.826224
0.832112
0.876522
0.957275
0.999724
0.834386
0.922075
0.959532
1.11342
1.02205
1.13204
1.08887
0.898604
0.890815
0.967572
0.856799
1.04274
1.14274
1.01906
0.947086
0.885559
1.00286
1.10583
1.23767
1.0383
1.04743
0.97381
0.907785
0.800718
1.05204
0.888727
1.18315
1.01989
0.856389
0.956555
1.07097
0.875847
1.02492
1.30382
1.09723
1.03622
0.989884
0.956009
1.01298
1.05563
1.13723
1.10043
0.94602
1.28704
0.916205
1.09284
0.834118
0.912008
0.989586
1.04049
1.10606
0.893832
0.884823
0.878524
0.849106
0.942166
0.922373
0.770336
0.828962
0.809833
0.954769
1.16416
0.847774
1.03743
0.861441
1.07039
0.871962
0.824317
0.999684
1.1035
1.08681
1.09353
0.982839
0.867098
0.921761
1.21985
0.799887
0.954088
1.00647
0.886483
0.970048
1.05413
1.10614
0.913976
1.10036
1.04645
0.885808
0.910425
1.13948
0.866518
0.983913
0.977522
0.979708
0.999323
0.958306
1.10809
0.933279
1.01245
1.08863
1.07019
1.04287
0.895404
0.981668
1.20686
1.04442
1.0108
1.08671
0.93188
0.959894
0.746035
0.947129
1.05768
1.08136
1.02698
0.868729
1.03906
1.07263
1.06765
0.942844
0.901763
0.89315
0.854671
0.992238
0.925114
1.131
0.793092
1.24047
1.11103
0.976758
1.08595
1.09052
1.0799
1.12148
0.87516
0.97409
1.06772
0.8947
1.14729
1.06113
0.98369
1.14334
0.997991
1.05909
1.07199
1.28491
0.919481
0.940962
1.12419
0.970643
1.04417
1.08362
0.889804
0.95915
0.964861
1.04437
0.949758
0.90578
0.896828
0.909185
0.831785
1.04054
1.08251
1.02938
1.08233
0.993227
1.19601
0.969328
1.04324
1.00272
1.03913
0.954369
0.983869
0.931948
1.21482
0.90854
0.878687
1.00228
0.903027
0.924857
0.85563
0.872798
0.963125
1.01059
1.02283
1.12393
0.890566
0.878002
1.03172
1.26268
1.06242
0.882414
0.889264
1.0099
0.986317
0.83965
0.922888
1.07087
1.12146
0.884063
1.11403
1.164
1.22861
0.961691
0.924255
1.01604
0.951244
1.00398
1.24823
0.847395
0.968596
1.04933
1.00863
0.77316
0.995955
0.886259
0.988296
1.02777
1.07295
0.82323
1.07454
1.08508
0.881974
1.07732
0.975747
1.08199
0.941191
1.06907
1.20666
0.880093
1.19074
0.972201
1.10409
1.24989
1.0848
0.773464
1.26218
1.04883
1.06159
0.934479
1.18866
0.989483
1.1018
0.800377
0.893313
1.17021
1.13522
1.1756
0.845906
0.934725
0.930399
0.974955
0.989445
1.03248
1.09244
1.0477
1.01732
1.08729
1.06667
0.981465
0.983132
0.835217
1.10676
0.99698
1.14414
1.00506
1.15361
1.00904
0.923483
1.03344
0.985921
1.05415
0.844447
0.986642
1.22718
1.02833
0.964653
1.01712
1.00375
0.991871
0.829345
0.970235
1.06717
1.10085
1.1229
1.08923
1.08895
0.930564
1.16742
1.12696
1.15873
0.873515
0.774721
0.934275
0.930266
0.94953
0.881531
1.26429
1.1429
0.944958
0.93221
1.02364
1.01284
0.993911
0.776088
1.01044
0.828198
1.02377
1.02597
0.971021
1.08885
0.888157
0.940406
1.28354
0.922739
1.02702
1.05503
0.94234
1.03171
1.0328
0.857734
0.992403
0.975621
0.939106
1.04357
0.873637
1.00712
0.857792
0.842424
1.1701
1.06706
0.968963
0.803196
1.16625
0.969553
1.08759
0.828189
0.985104
0.905055
0.972604
1.1021
0.895749
0.993867
1.05915
0.997711
0.971592
0.942629
0.901986
1.08341
0.80223
1.06645
1.0109
1.08121
1.13436
0.969021
1.0058
0.952989
1.03798
1.07393
1.02664
0.742268
1.20637
1.08135
0.933175
1.07585
1.10198
0.997323
0.924563
1.11869
1.02633
0.785627
1.0128
0.907785
0.857999
1.13347
1.11096
1.01195
1.15371
0.996354
0.954938
1.08653
1.01608
1.14547
0.906185
0.880249
1.12646
0.904346
0.942593
0.873769
1.08097
1.06705
0.983101
1.0297
0.955964
1.05753
0.921424
0.955999
0.834211
0.855577
0.952244
1.03096
1.11616
1.02228
1.0472
1.02078
1.03658
1.11169
0.936052
0.909883
0.87594
1.05429
0.982135
0.965329
1.10303
0.969852
1.00451
0.983392
1.03158
0.893712
0.843565
1.1139
0.9413
0.960476
0.837707
0.882369
0.941527
1.04623
1.05474
0.971705
0.853273
1.00203
0.943533
1.0835
0.905314
1.04154
0.875086
0.996491
0.890246
1.14787
0.955403
0.779549
1.1309
1.08581
0.863452
0.914479
1.01791
0.96761
0.795148
0.941144
1.10757
0.836405
0.939354
1.14476
0.931683
0.786868
1.24806
0.949232
1.03779
1.00191
0.907618
1.0902
1.20369
0.867277
1.01221
1.1901
0.866294
1.05649
1.03972
0.946694
1.30609
1.18654
0.861881
1.09979
0.921676
1.04111
0.956924
1.1881
0.675569
0.850069
0.950734
1.08743
1.03222
1.01937
1.07745
0.977616
0.797732
0.857906
1.06996
1.1004
0.905502
1.0857
0.983358
1.00068
0.989618
1.04137
0.92301
1.08097
1.11481
0.99734
1.06884
0.946495
1.0528
0.919825
0.829537
1.01609
1.07648
0.932463
1.05567
1.19192
1.08267
1.00543
1.11632
1.20533
1.02276
0.958097
0.926471
1.01517
1.0971
1.01641
0.90551
1.17794
0.953175
0.879738
0.94972
1.01653
1.03466
0.882396
0.993522
0.994355
0.804319
1.03801
1.22081
0.945318
1.14618
0.986585
1.19829
0.938127
1.06205
0.978389
1.09159
0.883439
1.00413
1.12593
1.05869
0.981605
0.974826
0.994382
1.08536
0.86587
1.11871
1.04673
0.97917
1.02046
1.0757
1.03476
1.02186
0.956703
1.23204
0.947881
1.03546
0.892192
1.07187
1.01972
0.952098
1.03126
1.114
0.909268
0.979421
0.833412
0.908113
1.00523
0.821842
0.84778
1.10847
1.05947
0.906627
0.929774
1.09218
1.10115
1.08099
0.978223
0.948725
0.931257
0.979914
1.12863
0.929908
0.946251
1.05914
0.963595
1.04556
1.03986
0.991661
1.029
0.865524
1.08314
1.05573
0.953075
1.03272
0.915808
1.06102
0.986466
0.842067
1.12056
1.05633
0.965924
0.885016
1.11823
1.02957
1.04815
0.97207
0.923511
1.05864
0.949311
0.990314
0.924417
1.1608
0.994415
1.03838
1.02705
1.12186
1.04884
0.930032
1.13988
0.827209
1.16724
1.0142
1.05771
1.10303
1.12088
0.812961
0.980204
0.963401
1.15284
1.01652
1.06364
1.04533
0.937549
1.02577
1.00357
1.00891
0.868846
0.848073
0.914119
0.956438
1.20813
0.991287
0.912696
1.08014
0.91479
1.04074
1.10175
1.02817
1.10676
0.910757
0.916959
0.971478
0.943759
0.929907
1.04357
0.842919
1.03377
1.02053
0.973231
0.894868
0.985686
1.02466
1.0681
0.86893
0.874918
0.997718
1.00094
0.98689
0.939698
1.0752
1.09128
1.02042
0.952935
1.08584
0.990026
0.946188
1.034
1.0149
0.901845
0.843476
1.01184
0.966485
0.826632
1.0695
0.951273
1.05428
0.983421
0.844204
0.94676
1.02778
1.10255
1.08863
0.894237
1.00522
1.00111
1.08009
0.867024
0.901488
0.771137
1.14593
1.09371
1.13269
0.973099
1.08779
1.09377
1.09345
1.07942
0.955379
1.30075
1.15186
1.0831
0.921641
0.902954
0.935783
0.993041
0.949212
1.06149
0.947937
1.15012
0.99463
1.18178
1.0195
1.07562
1.16669
0.816063
1.00291
0.8978
0.924419
1.06408
1.06642
1.03631
0.936563
0.814277
1.07406
0.859724
0.953876
1.0065
0.915367
1.05155
0.896625
0.959898
0.855364
1.21342
0.994069
1.06336
0.943483
1.13926
0.866251
1.03121
0.962559
0.969885
0.983274
1.08187
0.882531
1.01605
0.820766
0.917729
0.895544
1.19928
1.08213
0.923532
1.04015
1.10434
1.11739
0.973142
1.09305
1.11631
1.03696
1.1508
1.01031
1.07996
0.932748
0.835626
0.966
1.02153
0.750051
1.00498
1.05201
1.04413
0.824776
0.866628
0.858047
1.19229
1.03311
1.09734
0.986871
0.944357
1.0836
0.998914
1.11021
0.913611
1.05196
1.04466
1.02101
0.870601
1.02677
1.06143
1.02154
1.0153
0.988486
1.23389
1.10971
0.860658
0.868666
0.990063
0.960684
0.865145
0.888268
0.871614
0.900815
0.969902
1.08601
1.06814
1.07538
0.979967
1.05859
0.900831
1.25093
0.9598
1.09059
0.981684
1.05682
1.05437
1.00234
0.803098
1.08477
0.953539
1.02241
1.09368
0.960034
1.17648
0.897125
1.00619
1.06073
0.946604
1.04836
0.848073
0.956097
1.18223
1.14413
0.983165
1.01958
0.906852
1.13272
1.11766
0.871397
1.04765
1.00337
1.05558
1.09865
1.08348
1.08763
0.996953
1.2044
0.997053
1.1778
0.922866
1.00904
0.921997
1.08817
0.873381
0.953976
0.93745
0.974938
1.02378
1.05628
0.906449
0.982349
0.879703
1.07253
1.05779
1.08221
0.935901
1.07649
0.85663
0.904346
0.972527
1.06815
0.946089
1.10825
1.14662
0.870802
0.909215
0.834457
1.14356
0.970649
1.05554
1.03049
1.02939
0.99981
0.935435
1.15934
1.04241
0.998594
1.01261
1.09019
1.02064
1.2213
1.01821
1.18257
0.941213
0.941724
0.920662
1.03436
0.913548
1.0481
0.904495
0.93386
0.970868
1.03759
1.01057
0.894599
0.977033
1.02688
1.02377
0.957152
0.86039
0.990243
1.03695
1.21699
1.0703
0.924251
0.886578
0.982941
1.07421
0.971789
0.996178
1.15609
1.04951
1.11226
1.0633
0.92401
1.077
0.983112
0.890676
0.93711
0.948464
1.04744
1.1357
1.11576
0.75605
1.02043
0.983763
1.05427
1.06819
1.08932
1.04211
1.09183
0.873313
1.22399
1.11223
0.86528
0.737259
0.97271
0.816645
0.964336
0.863929
0.892334
0.880011
0.925154
1.0045
1.00954
1.04756
1.1671
1.16118
1.11809
0.99913
1.09378
1.06554
0.904223
0.861891
0.931526
0.954802
1.01663
0.938149
0.997422
1.08536
1.00167
0.992045
1.05437
0.958728
0.943774
1.06463
0.93971
0.98762
0.95622
0.998269
1.08727
1.04054
0.91315
1.0543
1.03782
0.883246
0.871727
1.06022
1.09307
0.856581
0.895423
0.964532
1.08085
1.01146
0.716745
1.04889
0.890462
1.44651
0.989983
1.03428
0.816851
1.05291
1.02586
0.960058
1.17027
1.2061
1.09784
0.946585
0.918758
0.98308
0.933528
0.921362
0.875807
1.16599
0.829411
0.896742
1.0379
0.83519
1.07006
1.04194
0.941424
1.00096
0.906462
0.942461
0.961845
0.960379
0.895357
0.856482
1.1442
1.0723
0.895958
0.904347
1.10636
1.21595
0.907789
0.910751
1.02381
1.02951
1.06857
0.900957
1.04471
1.02478
1.02788
1.02362
0.935508
0.984964
0.972838
1.14552
1.11901
1.05041
1.04524
0.962311
0.845669
1.0663
1.18644
1.09832
1.03807
1.05111
0.969876
0.929308
0.903079
0.870427
0.961888
1.05775
0.933697
1.13137
0.946372
1.04316
1.00532
1.01162
1.1532
0.960511
0.884367
1.05825
1.11847
0.943956
1.07372
0.920464
1.03356
1.09723
1.03779
1.02751
0.881983
0.899229
1.00718
0.802259
0.988771
1.0434
1.10246
0.951739
1.00237
0.94543
1.08549
1.12664
0.997971
0.913448
1.00526
0.918248
0.926155
0.882503
0.97564
0.841254
1.05448
1.09442
1.10413
0.942612
0.919333
1.2235
0.947864
0.901915
0.961022
0.854165
0.950601
0.880069
1.169
0.919551
1.03755
0.854535
0.928154
0.858977
1.01605
0.728774
0.896032
0.96635
1.05009
1.18276
1.23326
0.904718
0.912891
1.02561
1.16258
1.09785
0.98598
0.956564
1.03253
1.11348
0.891891
1.04069
0.970514
1.05512
1.00476
1.05683
0.99095
0.944118
1.05299
1.03399
0.949696
1.10708
1.01046
0.931945
0.981284
0.896714
1.00293
1.03472
1.15267
0.917799
0.801771
1.00401
0.986566
1.11879
1.09648
1.06478
0.932434
0.966183
0.927291
0.909311
0.911179
1.02092
1.20228
0.881498
0.892848
1.09397
0.918128
1.28336
1.05883
1.13707
0.806867
1.01638
1.01851
0.926431
1.03681
1.10903
0.982256
0.889576
1.00002
1.02808
1.08523
1.07069
1.14521
0.865585
1.07314
1.16787
1.04824
1.01573
1.00432
0.89967
0.917364
0.927438
1.0295
1.02231
1.05876
1.07463
0.993176
0.898488
0.988848
0.885254
0.962843
1.05528
0.9834
0.974933
1.01204
0.892421
1.10722
0.91118
0.965447
0.96339
1.0643
0.899038
0.908722
0.873154
1.03367
0.915165
0.92054
0.933349
0.925804
0.855731
1.02717
1.01943
0.998504
0.875784
1.19087
1.28704
0.86431
1.03395
0.989575
0.842913
0.86536
0.925935
1.1863
1.03463
0.981486
1.10422
1.01307
0.910635
1.05946
0.867362
1.00175
0.992451
1.00073
0.99079
0.998857
0.847013
0.886447
1.12372
1.22218
1.11255
1.0854
1.01521
1.13045
0.928097
1.07326
0.972264
1.08691
0.913972
1.03166
0.974568
0.95035
1.00206
0.930948
1.01302
1.10671
0.848884
1.05697
1.06871
0.851002
0.929685
1.03219
1.06777
0.912872
1.06467
0.976754
1.07775
1.07083
1.02971
1.04909
1.14605
0.926869
1.02268
0.996097
1.02886
1.06184
1.0584
0.956216
1.21688
0.979377
0.934552
1.04647
1.0151
0.9544
1.06397
1.02979
1.09362
1.14515
1.04731
1.15895
0.96395
0.958252
0.961113
1.16343
0.98272
1.07106
1.01656
0.959305
1.02178
1.00151
0.849141
0.987999
0.985961
0.890319
1.0239
0.921661
1.11057
1.1773
1.02808
0.975883
1.0519
1.07373
1.07616
0.93435
0.982155
1.03558
0.954441
0.936624
0.789147
0.94299
1.07312
0.987763
1.04566
1.0707
0.92571
0.864708
0.963695
0.923869
1.07979
1.07715
1.0125
1.06904
1.07876
0.943732
1.02533
1.03891
1.04568
1.17018
0.978496
0.902826
1.2342
0.856064
1.05644
0.898112
0.980353
0.89989
0.951184
1.10319
1.01233
0.943906
0.859658
0.922409
1.04863
0.938205
0.946062
0.869002
1.03821
0.780489
0.997263
1.00056
0.87803
1.06911
0.888541
1.0067
0.945018
0.896443
0.961025
1.02818
1.15185
0.97359
1.00081
0.997755
1.02749
1.1035
0.881734
0.79945
1.08074
0.939056
0.993807
1.02629
0.794121
1.06013
0.965563
1.03831
1.16104
0.965461
0.849429
1.08534
0.910902
0.931476
1.08172
1.04133
0.934922
0.979932
0.869182
0.900896
0.970846
0.90755
1.11617
0.823624
0.978134
0.87129
0.990006
1.00316
0.954766
0.95734
0.923696
1.02683
0.839116
0.8679
0.939564
1.00046
0.861529
0.906701
0.909966
0.903233
1.034
1.05765
0.829709
1.1077
0.996348
0.916989
0.93253
1.09517
1.1329
1.00028
0.810638
0.933354
0.97747
1.01079
1.00061
1.20576
0.924052
1.07747
0.941733
1.00647
1.00364
1.02303
0.949636
0.894298
1.03618
1.12087
1.13277
0.984972
1.13499
1.26382
0.968081
1.03758
0.89113
0.975383
0.974532
1.01825
1.06954
0.890184
0.826101
1.31454
0.962553
0.866245
0.885406
0.950317
1.03038
0.911209
1.05075
0.941174
0.98578
1.19841
0.959977
1.07676
0.913002
1.01076
0.930885
0.932892
1.07041
1.03096
0.900287
0.976906
0.887455
0.956653
1.0974
1.01667
1.13659
1.01674
1.07093
1.10265
0.953239
0.929303
1.02082
1.03327
0.896583
1.10313
0.895953
1.05943
1.14087
1.06401
0.993552
1.09452
1.23672
0.968977
1.02211
0.948701
1.08059
1.13691
1.00928
0.937871
1.04658
1.04792
0.871949
0.893925
1.08657
1.09386
0.951039
0.967965
1.0704
1.14962
1.00301
0.882535
1.11259
1.04384
0.890181
1.06222
1.13311
0.921394
1.06473
0.939949
1.09611
0.908094
0.941303
0.972962
0.881616
0.926283
0.961533
1.01593
0.841151
0.988045
1.03657
0.799717
0.901815
0.97165
1.08063
1.01118
0.994631
0.922315
0.870575
1.43562
1.00654
1.04753
1.03398
1.24238
1.11749
1.04128
1.02618
0.958002
0.887632
1.07595
1.13467
1.09021
1.02007
1.05899
1.28895
0.914443
1.04015
0.900226
1.07956
1.09994
0.897115
0.814872
0.922434
0.924719
1.03948
0.967411
0.870783
1.00299
1.07528
1.13708
1.01599
1.01578
1.14792
0.894617
0.877211
1.26592
1.13478
1.02249
1.06663
0.993201
1.13955
0.779199
1.08606
0.795888
1.02337
1.23191
0.960326
0.939912
1.07863
0.93497
1.14466
1.00885
1.00566
0.937679
0.925716
0.905327
1.09973
1.02917
0.994951
0.949101
1.02913
1.0342
1.0557
0.924919
0.984492
1.09459
0.939688
0.879331
0.931245
1.04596
1.2506
0.915264
0.873442
1.09753
0.927204
1.11582
1.09614
0.935345
1.01734
1.07219
0.889872
0.89564
1.01616
0.938664
0.82554
0.963098
0.942104
0.980268
0.848842
0.963336
0.915664
0.865178
0.994207
0.980582
0.691744
0.98096
0.864203
0.989245
0.949874
0.956271
0.914658
0.997699
0.823417
1.02716
1.03892
0.976739
1.02424
1.21886
1.05609
0.99383
1.02819
0.957954
1.03404
1.01313
0.954632
1.04262
1.02806
0.913707
1.00918
0.940722
1.04109
1.05512
0.985744
1.13293
0.977713
1.10788
1.01296
1.11228
0.972099
1.01309
0.894199
1.07676
0.896736
1.08864
0.908332
1.05285
0.989868
1.10517
1.04777
0.76244
0.952833
1.22505
1.06999
0.993491
0.933563
0.956835
0.957619
1.00735
0.785184
0.974047
1.02235
1.06785
1.23885
0.998847
1.09259
0.791651
1.08569
0.932834
0.906015
0.947804
0.95122
1.11951
0.851459
1.05576
0.988283
1.14578
1.04328
1.0783
0.903293
1.0617
0.893946
1.09572
1.02094
1.01072
0.975392
0.924786
1.16233
0.943708
1.04243
1.29813
0.900615
1.01925
0.91159
0.964616
0.866697
1.09453
0.894575
1.0515
1.02796
0.770043
1.25392
1.04418
0.961403
1.12388
0.943071
1.07068
0.962913
1.15368
0.916963
1.11833
1.05735
0.982019
1.1355
1.09665
0.875832
0.888713
1.0649
1.17299
0.91537
1.08399
1.06337
1.05081
0.970675
0.96444
0.958452
1.06867
1.08313
1.15676
0.945574
0.997823
0.993056
1.10812
1.10079
1.11056
0.912096
0.851899
0.987011
1.00635
1.10897
0.885683
1.03644
0.939419
1.2648
1.20314
1.07145
0.874887
0.924939
0.973905
1.17757
0.933043
1.02698
0.864767
0.91911
0.839494
0.943764
1.01411
0.993497
1.04581
1.3306
0.980132
0.950264
1.17217
1.15209
1.14857
1.14582
0.934638
0.867273
1.05367
0.968761
0.924341
1.1424
0.966587
1.12394
1.18207
1.06031
1.01025
1.02132
1.04761
1.00702
0.863007
0.961825
1.01694
1.00906
1.0557
0.93651
0.901804
0.990917
1.12213
0.944044
1.11073
0.851292
0.888689
0.945639
0.980404
0.971143
1.06117
0.823741
0.946299
0.903078
0.869851
1.09153
1.09739
1.07924
0.987764
1.03885
0.883133
1.03178
0.884885
1.20373
0.893661
1.06078
0.970443
0.99462
0.924824
1.0571
1.01312
0.945461
1.02161
0.833973
0.966702
1.02456
0.971861
1.09304
0.92092
0.95212
0.949497
1.03044
1.11042
1.03999
1.12673
0.976652
0.991239
0.876376
0.876346
1.1704
0.955184
0.977808
1.10123
0.891356
1.02378
0.953618
0.935038
1.02
0.872255
1.05182
0.954349
0.989822
0.837379
0.989996
0.872649
0.93266
1.13196
1.07193
1.05762
0.96333
0.999939
1.28819
0.986191
1.12306
0.915774
0.919439
0.899053
0.991084
1.06466
0.93387
0.983754
0.916963
1.18273
0.938833
1.11646
1.11465
0.927331
0.923971
1.14002
0.925698
1.10491
1.07796
0.966444
1.12167
0.926752
1.08574
1.06473
0.840904
1.03507
0.993794
1.09964
1.02416
1.09386
1.08757
1.06094
1.15619
1.08317
1.1484
0.8507
0.867675
1.01025
1.03316
1.08512
0.937211
0.941265
1.06155
0.963646
1.04087
0.853823
1.19723
0.823224
1.02513
1.08506
0.969396
0.901375
1.02847
1.06831
1.07878
1.08852
1.0949
1.11551
1.13659
0.912361
0.889304
0.954145
0.877107
0.916721
0.990862
0.945896
0.87043
1.14723
0.919005
1.00011
1.0038
0.935573
0.859878
0.960702
0.945785
0.909214
0.987056
1.04032
0.940502
1.02083
1.02926
0.917572
1.00857
0.945173
0.987213
1.22402
1.08167
0.93244
1.04305
0.910138
0.867459
1.11726
0.920051
1.19501
0.872667
0.967094
1.03158
0.939117
0.77962
1.02721
0.973463
1.02161
0.956866
0.810431
0.954085
0.879468
0.796782
0.879793
0.999827
0.951325
1.10865
0.964972
0.872046
1.07034
0.925745
1.08097
1.1256
0.947988
0.855898
1.13827
1.05198
1.02177
1.07781
0.871634
1.07833
1.12714
0.9921
1.13397
1.04436
1.0966
1.00102
1.13198
1.02204
1.04535
0.998969
1.08557
0.990379
1.00401
1.01806
0.958048
1.06823
1.07766
0.910852
1.11246
0.83731
1.17892
0.935609
0.938228
1.14375
1.10852
1.21166
1.02816
1.09034
0.856346
0.937302
0.960615
1.01765
1.00198
1.25452
1.01203
1.08004
1.05326
0.915656
0.979513
0.875026
0.842527
1.12683
1.05849
0.962014
0.92173
0.955824
1.16248
0.846709
0.881162
0.777199
0.901165
0.985951
1.00655
0.910469
1.0818
0.956955
1.13649
1.03637
0.788946
0.871717
0.995838
0.891958
0.956796
0.997948
1.01556
1.02583
0.991803
1.0475
0.981486
0.973455
0.85522
0.926838
0.964034
1.03303
0.92132
0.89956
1.01707
0.900819
0.885572
0.932727
0.99202
1.22767
0.968668
1.07532
0.727629
1.04938
1.02633
1.29367
0.91269
1.08464
0.978412
0.96746
1.13754
1.06206
1.04943
0.917521
1.09975
1.0568
1.03641
0.969118
0.936285
0.999539
1.14228
1.01496
0.954943
0.917119
0.868196
1.04293
0.794738
0.826846
1.04594
0.826816
0.93781
0.867682
0.815194
1.18849
1.08293
1.03742
0.984186
0.949701
0.908704
1.06914
0.87311
0.906305
0.995428
1.00079
1.12474
1.13129
0.890115
0.962778
1.03698
0.958084
1.03138
1.01247
0.8597
0.956346
0.908803
0.939668
0.901784
1.09414
0.981434
0.965838
1.03876
1.04818
1.09418
1.08704
0.766144
1.17295
1.06383
0.954501
0.998377
1.17629
1.02242
0.917586
1.09162
0.874321
0.960586
0.93564
0.794717
1.01959
1.07941
0.945448
1.02172
0.980063
0.99751
0.933786
1.05353
1.04932
0.963108
0.936175
1.05764
1.07704
1.00926
0.976423
0.913631
1.21353
0.941799
1.08817
0.917873
1.08865
1.15219
1.12113
1.00974
0.881425
0.892096
0.931438
1.08595
1.05075
0.799876
0.731967
1.21801
1.12992
0.828494
0.917465
0.883413
1.07411
0.850415
0.922019
0.936022
1.05178
0.96806
0.910358
0.818448
0.970357
0.943808
0.938823
0.935923
0.92712
0.859686
1.11838
1.11343
0.959442
0.977366
0.992135
0.913371
1.05587
0.980137
1.01181
1.04743
0.807969
0.981183
0.886435
0.870069
0.925379
1.09433
0.889376
1.03012
0.982064
1.00829
1.10999
1.11277
1.00981
0.9182
1.05604
0.966995
0.880896
1.04558
0.956009
0.814285
1.09482
1.16827
1.06458
1.03857
0.919337
1.15819
0.985488
1.15196
1.12364
0.926645
1.11404
1.07406
0.967288
1.04734
0.905909
1.09758
0.98951
0.978497
0.924565
1.1094
0.953153
1.0777
0.80122
1.0297
0.888751
0.969308
1.02046
0.990395
1.04644
1.02038
1.04677
1.06205
0.880792
0.956578
1.07516
1.06459
1.04508
0.914237
1.14103
0.985616
0.97268
1.11975
0.900381
1.09745
0.906014
0.953768
0.92231
1.11333
0.951283
0.851423
0.945727
1.16657
0.93075
1.19707
0.967908
1.0183
1.07961
0.990128
1.0476
1.15417
0.889955
0.850416
0.872926
1.1219
1.0704
1.11711
1.03497
0.902879
0.983537
0.836767
0.915587
1.07268
1.01544
1.11273
1.00319
0.844757
0.857699
1.02799
1.00382
1.10373
1.08646
1.06117
1.06084
0.885119
0.902105
1.10305
0.851621
0.916725
0.834984
1.04587
0.960025
1.09455
1.07945
1.05716
0.911723
0.856761
1.21226
0.831471
0.871769
1.12596
1.05361
1.00141
0.986664
1.03329
1.00927
1.05059
0.895654
0.835256
1.06911
0.915227
0.869019
0.915117
0.979632
1.0522
0.960652
1.00205
1.01866
0.898631
0.929148
0.821002
1.035
1.12802
0.97101
0.916188
0.820577
0.844851
1.06794
1.02184
0.963197
1.13265
0.978764
0.950343
0.933502
1.02458
1.11432
0.997434
0.98382
0.945865
1.02062
1.0821
0.878748
1.02298
1.05776
0.83936
0.87728
1.07173
0.939968
0.996047
1.02594
1.02067
0.989342
1.01019
0.92137
0.874905
0.976371
0.957284
1.04232
0.844116
1.07725
1.11121
1.14451
0.963302
0.869848
1.10962
1.04959
0.901663
1.02632
1.05942
0.785454
1.03123
1.08948
1.15138
1.00351
1.0187
0.924408
1.0819
1.13308
0.966736
0.933165
0.971889
1.01344
0.772533
1.04831
0.895246
0.970088
1.09077
0.887933
0.935234
1.10898
0.988931
1.01452
1.02488
0.970953
0.92403
1.27021
0.951111
1.09309
0.994584
1.0548
0.991845
1.11226
0.941863
0.997543
1.07665
1.14038
1.03452
0.950127
0.934327
0.948361
0.862351
1.05893
1.0486
0.929429
1.01507
1.12902
0.952948
1.00997
0.99453
0.983244
1.0807
0.93518
1.21222
0.962607
0.988896
1.00648
0.96225
0.863364
1.04131
1.03935
1.01791
0.993779
1.093
0.970619
1.18751
0.931267
0.893466
0.959295
1.09195
1.19185
1.08436
0.880718
1.05497
0.846508
0.955465
1.10007
0.991579
1.07258
1.14706
1.02168
1.0853
1.0805
0.902064
0.930871
0.942361
0.998701
1.11464
1.21606
0.975791
0.880632
0.925207
0.967149
1.02629
1.03212
0.751505
0.991287
0.896892
0.951204
0.901894
0.991224
0.97724
0.873195
0.971382
0.834451
0.99349
1.06329
0.939305
1.11674
0.876404
1.11656
1.06404
1.00907
0.864707
0.917735
0.993456
0.82324
1.08466
0.892348
0.918571
0.968424
0.827026
0.96362
0.904235
1.02978
0.792368
0.97372
1.12263
0.973257
0.928732
1.00464
1.04187
1.12868
0.848173
1.0388
1.03541
0.934756
1.17621
1.0641
1.11665
0.988043
0.988979
1.05272
0.955926
0.995315
1.11505
0.899531
0.978995
0.899533
1.02225
1.16387
0.914487
0.785585
1.08964
0.956662
1.04106
1.08897
1.05867
1.05601
1.19442
1.03971
1.06584
1.03002
0.828067
1.02922
0.907231
0.906874
0.982221
0.953741
0.970508
0.748329
0.989774
0.956656
1.00385
0.860554
1.00213
1.03718
0.966483
0.989812
1.15086
0.907721
0.959511
0.985162
0.992946
0.954063
1.08603
0.859687
0.845284
1.05702
0.953805
1.03956
1.01363
0.880821
1.07031
1.0033
0.995528
1.09956
1.06826
0.908319
1.07213
1.07575
0.936072
0.834068
0.808674
1.04392
1.04704
0.895423
0.979804
1.07153
0.965781
1.01419
0.923711
1.03273
1.02545
0.841314
0.904687
1.02989
1.07134
0.976587
0.995961
1.01708
1.05599
0.81728
0.73901
0.800451
0.958007
1.05812
1.14552
0.992879
0.9901
1.01455
1.02176
1.06853
0.946028
1.10816
0.946946
0.905197
0.988492
1.02461
0.879557
0.968619
0.941653
0.948302
0.93635
0.821145
0.815007
1.07412
0.972348
0.790961
0.940694
0.835382
1.0147
1.01406
0.998288
0.899241
0.951545
0.982511
0.982082
0.929525
0.821014
1.15113
0.896558
1.02013
0.778156
0.951151
1.08528
0.782286
1.07934
1.05955
0.943874
0.874193
0.946957
1.07111
0.870425
1.02817
0.946865
1.08873
1.00799
0.92653
1.09066
0.98214
0.886599
1.00809
0.931362
1.02128
0.785082
1.12804
1.07982
1.09312
0.883297
1.07968
1.01661
1.04041
1.02231
1.0807
1.16653
1.03425
0.827725
0.988932
0.825941
1.14805
1.11285
0.975824
1.07757
0.999609
0.94527
0.992572
1.03124
1.16863
1.02599
0.862751
1.02666
1.04168
0.995334
1.11852
0.948777
0.87495
0.917576
1.10103
0.85138
0.984821
0.923276
0.886068
0.978733
1.04022
1.05269
1.1616
1.07831
0.888906
1.25412
0.967306
0.913098
0.971111
1.1042
0.864678
1.08853
0.977239
1.05624
0.971818
1.07157
0.996908
1.02202
1.05814
0.986986
0.836811
1.21726
1.04523
0.974408
0.809855
1.10537
1.09514
1.02451
0.982517
0.99136
1.07059
1.0588
0.748572
0.966426
1.04105
0.880942
0.960231
0.868646
1.0938
0.99973
1.06407
1.09857
0.906321
0.887859
1.02721
1.23254
0.979694
1.09379
0.957506
0.940609
1.01448
1.04797
1.02646
1.01956
0.892572
1.06541
0.974003
1.06191
1.03588
0.932767
1.11915
0.861303
0.784054
0.867853
1.01229
0.846919
0.850127
1.05144
0.933598
1.22617
1.02174
0.950076
0.828758
1.07196
1.18726
0.888372
1.15513
1.20745
0.843305
0.792758
1.06082
0.959518
0.909898
0.907108
1.0856
1.13377
0.838091
0.972228
1.18397
1.06298
0.970384
1.07718
0.945175
1.03087
0.985733
0.965124
1.00153
0.918912
0.911204
1.11402
0.994643
1.03007
1.02519
0.933245
0.936302
1.01428
0.923848
0.830895
0.905459
1.0189
0.995293
1.02902
1.18664
0.91908
0.89172
1.11637
0.786781
1.12482
1.01963
0.987174
1.2126
0.913268
0.823533
0.888225
1.06849
0.935858
1.01945
0.916139
0.980943
0.931523
0.891096
0.820467
1.07914
1.01993
0.964401
0.919929
1.00439
1.0119
1.03758
1.07555
1.13375
1.03008
1.07134
0.986906
0.890857
0.759948
0.986039
0.963063
0.987237
1.03038
0.926757
0.913207
0.984428
1.16405
1.13638
0.888991
0.923902
1.11567
1.05875
0.942738
0.923007
0.886336
0.945095
0.911294
1.04078
0.991613
1.00794
0.953026
0.916267
0.978534
1.04793
1.28966
0.810437
1.05108
1.23305
0.986143
0.950103
0.935065
0.922883
1.05946
0.960372
0.863476
1.07843
0.960577
1.09679
1.09794
1.04592
0.929635
0.991478
1.095
0.987747
0.966938
1.07303
1.09639
0.903836
0.949541
0.979271
1.10203
0.970961
1.20699
0.999459
1.00486
1.17487
0.965289
1.05298
0.99352
0.973113
0.930145
1.02101
0.997954
1.12789
1.05458
1.07067
1.10313
0.970671
0.940884
0.997177
0.926619
0.862486
0.946192
1.0009
0.896945
0.992511
0.858036
1.13959
1.1615
1.06873
1.19298
1.01469
1.14012
0.933822
1.15999
1.05628
1.09069
0.902696
1.0922
0.913839
0.951558
1.03571
1.21357
0.935019
1.08508
0.984438
1.19879
1.18208
1.10524
0.898405
0.884891
0.855609
0.946628
1.05154
0.997639
0.963644
1.12531
0.931659
1.13955
1.25884
1.01022
0.944336
1.01633
0.920591
0.841009
1.00011
0.991522
0.793477
1.06963
1.06801
0.946388
1.00384
1.04439
1.04059
0.924869
1.02074
1.02928
0.95017
0.873237
1.30759
0.866349
0.935853
0.953953
0.914891
0.795555
1.02841
1.03382
1.10232
0.954626
0.818919
1.07918
1.16581
0.765001
0.910508
1.08481
0.966322
0.917017
0.915707
1.05647
0.895094
0.992353
1.027
0.897772
0.946978
1.25186
1.25312
1.09879
0.937686
0.915443
0.9541
1.0026
0.870427
0.988175
1.07572
0.847825
0.903819
0.952764
0.791599
1.23421
1.09483
1.05782
1.20523
0.932564
1.081
1.02545
1.18958
1.02522
0.88113
1.00813
0.866856
1.0108
0.913387
1.00831
0.788825
0.923747
0.829451
1.07071
0.988314
1.01747
0.89526
1.00645
0.863633
1.0611
1.00148
0.925485
0.885932
1.23893
1.1363
0.771522
0.884023
1.07986
1.01576
1.07123
0.902003
0.929915
1.04922
1.19201
1.06435
0.998852
1.06083
0.861517
0.964598
1.02253
0.985039
0.988866
1.02395
0.955494
0.867189
0.942321
0.93555
0.986347
0.962749
0.949023
1.23495
0.829466
1.04534
1.09926
0.990689
1.00362
0.9122
1.10983
1.15302
1.07672
1.03201
0.992908
1.01306
1.11394
0.955758
0.940537
1.035
1.03867
1.17674
1.06452
0.96696
1.16458
1.05185
1.02298
0.997429
1.0798
0.982254
0.88737
0.936088
0.927236
1.14268
0.842997
1.1893
0.860605
1.20731
0.944595
1.00473
1.12142
0.924063
0.907217
0.997761
1.01989
1.2243
1.10125
1.1246
1.01823
0.888792
0.934586
1.01064
1.22231
0.885848
1.00579
0.904642
1.15524
0.924399
0.929903
0.923649
0.932166
0.853321
1.08283
0.909346
0.759255
0.955992
0.875512
0.852368
1.0681
1.24648
1.02563
0.930735
0.883407
0.955367
0.924286
0.96665
1.16483
0.956509
0.972964
0.922761
1.02376
1.03253
1.07666
0.921771
1.02972
1.15704
0.897215
0.878343
1.01175
0.975271
1.0257
1.08972
1.1559
1.00011
0.995381
0.796082
1.13047
0.940082
1.09905
1.02924
0.858226
0.880354
1.11069
0.899549
1.07552
0.965633
0.888773
0.888811
1.00653
1.02014
1.04997
0.924591
1.1357
0.970502
0.894621
0.999062
1.05685
0.903682
0.872641
1.14467
1.03447
0.86318
0.832851
1.09401
1.0157
0.993293
0.884497
1.13057
1.07664
1.01712
0.839566
1.0041
0.978682
0.831765
1.02497
0.952515
1.02129
0.928528
0.967495
0.972575
1.15461
0.912234
1.07816
0.85085
1.01506
1.14117
1.01293
1.02112
1.01373
0.843877
0.834972
0.96099
0.960629
0.993993
0.898546
0.994766
1.26224
0.991186
0.916999
0.879452
1.07255
1.10758
1.05755
1.00834
1.02378
0.905641
1.05751
0.92912
1.02387
1.1649
0.832988
1.10522
0.889822
0.980893
0.912651
1.05399
1.08136
1.03797
1.06009
1.14154
1.09402
0.854468
1.03268
1.11114
1.00012
1.00147
1.04787
1.02304
1.22681
1.1055
0.943683
1.10783
0.915171
0.907991
0.777633
0.99665
1.13607
1.04016
1.22371
1.22808
1.02305
0.992
1.00422
1.01935
1.09819
1.03934
1.05142
1.03445
1.05236
0.799059
0.921514
1.18268
0.95846
0.971192
0.919386
1.1821
1.17221
0.771635
1.10091
1.04463
0.959323
1.09935
0.979822
1.02545
0.919906
0.849183
0.943783
0.984979
0.892796
1.23705
1.02772
0.846838
1.02701
0.999045
1.07947
0.84346
0.918594
0.943055
0.880615
0.99168
1.25812
0.916074
0.926368
0.90223
0.920023
0.809855
0.89202
0.875224
1.02491
0.969264
1.09176
1.05322
1.22373
0.991645
0.978923
1.0247
0.929495
0.810563
1.04878
0.899029
1.14937
1.08385
0.931742
0.860619
0.914531
1.11084
0.915758
1.13248
0.672446
1.01881
0.771534
1.11089
1.26984
1.12407
1.04749
0.981324
0.899987
1.11927
1.15887
0.998978
1.03409
0.888225
1.13026
1.01875
1.03094
1.04432
0.79416
0.965091
0.928807
0.958574
1.06372
1.10429
0.918003
0.789278
1.05743
0.961979
0.988101
0.826232
0.894158
1.0585
0.99936
0.885151
0.956427
0.870179
1.19935
0.943088
0.93944
1.0521
0.942928
1.12768
1.02279
1.07119
0.98102
0.823834
1.12615
1.12043
1.12053
0.961718
0.993883
0.966607
0.930423
1.19787
0.992293
1.13414
1.01042
0.912323
1.05394
0.876581
0.984974
0.963789
1.03949
1.14308
0.874872
0.82192
1.02746
1.08346
0.887839
0.974814
1.06984
1.06039
0.957412
1.09351
0.948954
1.13294
0.865509
1.1853
0.930052
0.813517
1.02813
1.02085
0.98862
1.16439
1.05121
0.923892
0.878049
0.947789
1.12706
1.08957
1.08277
1.01184
1.10822
1.11892
0.802744
1.00721
0.891313
1.04873
0.865183
0.941569
0.926743
1.2915
1.08261
1.03235
1.14903
1.19621
1.02764
1.12342
1.0731
0.977747
0.816718
0.991139
1.04903
0.974023
1.13149
1.10247
1.06554
0.979652
0.974014
0.804095
0.766901
1.14302
1.02938
1.05093
1.2351
0.948382
1.00359
0.994663
1.0003
0.908373
0.984684
1.14471
1.05695
0.994501
0.958932
1.07485
0.990465
1.19075
0.989626
0.846955
0.970599
0.922007
0.874982
0.963974
1.11049
0.983399
1.02632
0.94992
1.06569
1.073
1.05729
1.23561
0.93685
0.960271
1.05007
0.980045
0.972769
1.13932
1.03437
0.92142
1.00732
1.06061
0.858565
0.846471
0.888286
0.936451
0.937845
1.08253
1.05662
0.965091
0.792218
0.971915
0.927456
1.01567
1.17271
0.740261
1.04387
0.958914
0.973659
0.920029
0.992564
1.05836
1.05461
0.933115
1.01673
0.84757
0.977411
1.03943
0.906296
1.02396
0.946394
1.10178
1.06856
0.987969
0.99889
1.13406
0.963084
0.916129
0.997589
0.944104
1.04918
1.1775
0.935507
1.00701
0.942031
0.984499
0.854251
0.873812
0.932093
1.02896
0.856049
0.840661
0.819099
0.846502
0.957004
0.90938
1.01868
0.913834
0.925422
0.968069
1.04861
1.08255
1.00087
1.02515
0.929331
0.927692
1.0004
1.18436
0.979237
1.13566
1.06918
0.99343
1.05726
0.992024
1.02034
1.01521
1.05948
0.990987
1.14668
0.96706
1.04009
1.07087
0.86428
1.03443
0.978269
0.830624
1.0985
0.954437
0.868584
1.16982
0.991238
1.06576
0.949584
1.07884
0.977634
1.064
0.884178
1.05637
1.02166
1.03267
0.979879
0.951383
0.887426
0.912116
0.9574
0.873436
0.830565
0.924053
1.10616
1.04526
0.971222
0.866158
1.05679
0.921606
0.992829
0.869671
1.00347
1.10407
0.936464
0.920719
1.09669
1.04287
0.981683
1.0028
0.878888
0.895169
0.964923
0.897697
1.08563
0.920136
0.974788
0.75799
1.01397
0.912279
1.0869
0.850663
1.07987
1.04687
1.03867
1.05525
0.987837
1.1334
1.01628
1.00549
0.917098
1.01307
1.0825
1.07748
1.305
0.790433
0.951985
1.06724
0.997588
0.987475
1.09232
0.843733
0.99401
0.964522
1.27171
1.00233
1.18798
1.10991
1.09763
0.906705
0.969672
1.06826
0.936309
0.951259
1.07835
1.04496
0.982762
0.93907
1.18074
0.940965
0.989164
0.762928
1.02068
1.10425
0.857788
1.09707
1.09324
1.05895
0.843991
1.19587
1.09005
0.942128
0.884409
1.04551
1.00168
0.956207
1.22281
1.00171
0.984738
0.891231
0.960577
1.14556
0.938877
1.30475
1.18763
1.11156
0.942229
0.976636
0.970598
1.15502
1.03083
1.04539
0.938817
0.956906
0.899946
0.920852
0.84707
0.959455
0.967027
0.908602
0.925542
0.951693
1.10958
1.04906
0.977165
0.874373
0.668516
0.794667
0.995666
1.07008
1.06938
0.935904
1.09639
1.10439
1.11587
1.14118
1.1267
1.07106
1.0903
0.92504
0.877049
0.857072
0.956952
1.06409
0.856518
0.945979
1.09473
0.966932
1.1114
0.942108
0.928259
0.986972
1.06484
1.03507
1.13905
1.07887
0.91262
1.13438
0.988292
1.03054
1.1179
1.07312
1.11767
0.985641
0.902329
0.921332
1.02383
0.997705
0.922685
0.923125
0.807206
1.06868
0.952654
0.988363
0.844431
1.0389
0.938939
0.942534
1.05617
1.04877
1.15328
1.00802
1.19026
1.10193
1.07876
0.900245
1.00677
1.10128
1.07883
1.07225
0.969497
0.806679
1.04478
0.95907
1.1224
1.00686
1.02739
0.979023
1.11441
1.20496
1.09133
1.11555
0.992879
1.05812
0.96853
1.01217
1.02672
0.922015
1.2004
1.08314
1.03141
0.949113
0.908328
1.05925
1.03644
0.925644
0.966972
1.07739
1.04315
1.04913
1.04706
1.0052
0.961028
0.923181
0.88237
0.824574
0.982079
1.16103
0.791686
1.03188
0.825265
0.818064
0.965662
0.826197
0.82672
0.995288
1.14145
0.864517
0.858137
1.01016
1.05419
1.10136
0.960193
1.21051
1.03502
0.946486
0.899077
0.953365
1.05192
1.03894
1.04513
0.948654
1.09161
1.0039
0.892557
0.764669
0.969616
0.813125
1.00204
1.17869
0.947471
0.857592
0.984942
1.01729
1.08403
0.978073
0.818668
1.07406
1.03585
1.01119
0.97043
1.05734
0.863155
0.871447
1.10152
1.05353
0.866035
0.986444
0.761522
0.945195
1.01856
1.12822
1.05788
0.996914
0.958855
1.0191
0.803014
1.10456
0.779973
1.01158
1.11683
1.21238
0.98894
1.12916
0.993227
1.03792
0.931542
0.944029
0.917714
0.958155
1.10934
1.03503
1.02301
0.869239
1.10784
1.08271
1.04246
1.00928
0.962477
1.11082
0.963347
1.141
0.901497
0.929149
0.953975
1.10279
1.06568
0.940542
1.02486
0.802914
0.907383
0.740807
0.885661
0.952025
0.896978
1.0609
1.05698
0.914396
1.07385
1.12604
0.976922
0.909125
1.02374
1.00329
1.03375
0.901668
0.845165
0.904171
0.939373
1.01507
0.801071
0.938328
0.872927
1.03997
0.929679
1.15451
1.00473
1.10366
1.18002
1.03409
0.988379
0.93063
0.984813
0.974632
1.02906
1.08797
0.924848
0.940786
0.946511
1.06627
1.09781
1.12596
1.07864
0.963184
1.11067
1.00447
0.968225
1.0515
1.0179
1.07919
0.943795
1.02054
0.993272
1.00426
1.05883
1.06715
1.14058
1.02127
0.982417
1.0999
1.04274
0.979122
1.15603
0.998853
0.938284
1.16068
1.00621
0.925304
0.8698
0.931527
0.911469
0.968295
1.02026
0.734054
0.874174
0.836133
1.01941
1.01855
0.886709
1.00917
0.932302
0.823012
0.885633
1.06229
1.04253
0.919311
0.889586
0.743167
0.984759
1.02787
0.986105
0.949451
1.15745
0.843686
0.863464
0.87851
1.13804
1.01766
1.12112
0.974018
1.08749
0.942161
1.08302
1.04648
0.980854
0.949658
0.947143
0.947102
0.96295
1.08143
0.989133
1.05141
0.974835
0.956944
1.02415
0.96106
1.17496
1.05988
1.00846
1.10817
1.06798
0.893805
1.04939
0.816835
0.889603
0.974584
1.08935
1.01145
0.911998
0.912915
1.12677
1.07127
1.09735
1.08326
0.99404
0.864471
0.92102
0.943988
0.922676
0.721232
1.15278
1.05321
1.00524
0.958509
1.07064
0.995179
0.813404
0.897886
0.811493
1.00932
1.13079
0.800745
0.935182
1.01783
0.940695
0.866672
0.935326
1.19281
0.923985
1.1522
1.16736
0.919368
0.875258
1.10421
1.12458
0.955914
1.01787
0.918806
1.07496
0.909684
1.09813
0.942008
0.939652
1.15259
0.996567
0.9644
0.906848
1.12917
0.830014
1.11102
1.02208
1.21044
1.00225
0.94509
0.938105
1.13552
0.835728
1.01751
0.873263
0.935345
1.07978
1.01124
0.992407
1.03525
0.981383
1.06003
1.01741
0.921854
0.97683
0.804588
1.12045
1.10681
0.988598
1.05698
1.00283
1.00716
0.763122
0.935066
0.886778
0.952269
0.880532
1.10718
1.06043
1.0739
0.899718
1.12953
0.965074
1.07481
1.09014
0.895124
0.840909
1.05378
0.978446
0.899545
0.973061
1.20589
1.17355
1.04659
1.06532
0.919171
0.928394
1.09229
0.804095
0.926156
1.04614
1.15907
1.02887
1.29426
1.0368
1.06466
1.06994
0.897604
1.06334
1.01563
0.987089
1.01712
0.837936
0.954626
1.1543
1.03661
1.22429
1.04674
0.984724
0.910282
1.01176
0.905567
0.997274
1.10627
1.15933
1.11851
0.918348
1.08595
0.904172
0.881335
1.06872
1.02831
0.81161
0.944189
1.05351
1.06088
1.01172
1.04819
1.12544
0.843951
1.01491
0.96562
1.16165
1.02889
0.880642
0.676062
1.04859
0.871355
0.962576
0.850559
0.975039
1.03061
0.833082
1.10145
1.08572
0.973844
0.943641
1.05543
1.17711
1.01957
1.05064
0.974494
0.947625
1.04408
1.05158
1.04938
1.06152
0.967486
0.945827
1.06938
1.0824
0.994748
1.09665
0.959665
1.04289
0.967685
0.912207
0.959597
1.05689
0.95491
1.0226
0.946786
1.08093
1.02589
1.07629
1.16232
0.906986
0.98005
1.0986
0.898446
0.954113
1.04021
0.990744
0.910556
0.994344
0.958839
0.977257
0.962835
1.13704
1.25056
0.868176
0.939072
0.969915
1.11493
1.00788
0.956459
0.899951
0.901786
0.973954
0.916585
0.979037
0.859771
0.802261
0.899684
0.861401
1.01284
0.962604
1.02684
1.03313
0.888087
1.07754
1.09913
1.17652
0.981719
1.01261
0.788495
1.04706
0.931766
0.915076
0.95324
0.871775
1.03595
0.925864
0.948184
1.11179
0.942047
0.982004
0.885004
0.987723
1.18053
1.04138
0.804273
1.09099
1.09728
1.06844
1.1141
0.99495
1.03325
1.13489
1.03099
0.883676
1.00545
1.02844
1.13698
1.05162
1.01604
1.19357
1.10825
1.01846
0.901296
1.09094
1.08177
1.07935
1.04683
1.00943
1.14902
1.01619
1.17197
0.843474
0.788452
0.909074
0.92968
0.841906
1.06284
0.966045
0.929363
0.93632
0.829062
1.10521
0.927582
0.905
0.983449
1.0616
0.851094
1.04561
1.0092
1.15337
0.968276
1.13728
0.93681
0.912939
0.987066
1.08213
1.09277
0.933751
1.05568
0.929727
1.02312
0.93082
1.07042
0.991006
0.942564
0.976815
0.817237
0.835513
0.859474
1.00097
1.14158
0.857953
1.00138
1.11554
0.986181
1.01187
0.904551
1.05644
1.0617
0.8622
0.879973
1.05141
0.990805
1.02403
1.15366
1.06253
0.914443
1.16261
0.974632
0.949692
1.06914
1.19157
1.12495
1.08887
0.805307
1.04907
0.793851
1.13494
1.18211
1.08529
0.855085
0.869098
1.06516
1.08845
1.05799
0.842244
1.21456
1.07714
1.12804
1.17414
1.05683
1.02515
0.879334
1.07698
1.03723
1.01252
0.9464
1.03891
1.1402
1.05106
0.868283
1.03202
0.934507
1.1334
1.10202
0.95891
1.00203
0.941267
0.993218
0.93
1.00327
0.908337
0.891446
0.933578
1.07408
0.935986
0.874445
0.950293
1.05393
0.896546
1.09267
1.08594
1.06814
1.02667
1.01933
0.874939
0.934548
1.17609
0.845665
0.870175
1.10201
1.00269
0.902995
0.941158
0.966135
1.07113
1.04109
1.02178
0.901727
0.756443
0.978922
0.932674
1.23604
1.04013
0.969824
1.08213
0.929859
1.09005
0.998111
1.02656
1.01945
1.03879
0.819126
0.991568
0.945951
0.89
0.84978
1.00699
0.927012
1.00401
1.11549
0.725051
0.931359
1.01571
1.02654
0.835152
0.929999
0.857599
0.925857
0.933165
1.16655
1.07549
0.970615
0.781723
0.986189
0.899792
0.837136
0.968903
1.15128
1.09944
0.894844
1.08806
1.2006
1.03492
0.962093
0.865783
1.1306
1.01386
0.960024
0.928583
1.02641
0.927464
0.999488
0.907517
0.991392
1.01358
0.831872
1.06325
0.953283
1.05402
1.0366
0.879585
1.02044
0.834487
1.0092
1.14149
0.926724
1.04082
1.06395
0.786789
0.966912
0.996506
0.985356
1.19738
0.805152
1.03983
1.20167
0.818961
0.908454
1.10002
0.958686
1.01839
1.02033
0.928691
0.987249
0.86016
0.901041
1.00927
0.922125
0.976534
0.913625
1.02444
0.904105
1.04557
1.16845
0.771741
0.98968
0.956757
1.03703
0.886329
0.809765
0.977017
1.0189
1.20577
1.02771
0.96362
1.07492
1.03204
0.978097
0.94178
0.787819
1.19435
0.917645
0.953149
0.888464
0.972946
0.821979
0.956929
1.00016
0.89376
0.958737
1.03867
0.833523
1.16233
0.995008
0.939277
0.828737
0.98597
1.1602
1.09786
0.921219
1.00311
0.896346
0.924073
0.905262
1.05242
1.08801
1.0184
1.29612
0.919017
0.874076
0.97156
0.951519
0.927796
0.942406
1.08582
1.09521
1.08169
0.982292
1.0776
0.975854
1.02722
1.00958
0.859422
0.934843
0.980186
1.15049
0.875515
0.967962
1.14825
0.951081
1.00567
1.08543
0.956281
1.00807
0.821839
0.865101
0.864876
1.08234
1.06509
0.903889
1.01212
1.01236
1.16474
0.940145
0.906282
0.961035
0.975198
1.14854
1.03387
0.942193
0.952153
1.01451
1.0401
0.872845
0.914598
0.98531
0.981876
1.081
1.04564
1.02922
0.969379
0.867705
1.07647
1.14009
0.917917
0.950081
1.07291
1.11009
0.952794
1.16636
1.07485
0.807385
0.928146
0.955384
1.13573
0.884359
0.954338
0.979795
0.860374
1.01032
0.875007
1.00975
0.898675
0.936543
1.10369
1.01631
1.04496
1.05109
1.10064
1.16109
1.00321
1.07879
1.09842
0.959508
0.951239
0.977891
0.936667
0.860443
1.07381
0.946027
0.856125
0.917842
1.03831
0.979935
0.877928
0.881815
0.919713
0.896466
0.937673
0.884578
0.922373
0.850885
1.10355
1.11002
1.05415
1.11726
1.15535
1.10457
0.909451
1.10244
1.09997
1.04714
0.94984
0.857671
0.966033
1.14052
1.02708
0.995114
1.11905
0.801793
0.971125
0.897282
0.987757
0.79851
0.915531
0.839439
1.12249
1.07694
1.10235
1.12338
1.02349
0.828006
1.15651
1.11722
0.939014
0.905699
1.01063
0.912271
0.898155
1.06586
0.990054
0.923103
0.950468
1.00599
1.00337
0.955688
0.91758
1.03006
1.2474
1.00569
1.06007
1.07248
1.15209
1.0779
1.14576
0.851245
1.00074
0.849528
1.19988
0.893216
1.10074
0.987581
1.12351
1.10015
0.963391
1.24106
1.10354
1.12041
1.05162
0.988941
1.06568
1.15347
0.952965
1.04643
1.12141
0.998838
0.945707
0.758323
0.998172
0.898364
1.05155
0.872896
1.17081
1.01021
0.920662
0.855008
0.84472
1.04056
0.938531
1.10059
0.998243
1.05745
1.02337
0.940775
0.803659
1.14543
0.99851
1.17632
1.03987
1.0298
1.04181
1.05454
1.18625
1.03167
1.03336
0.918744
1.11135
0.954406
1.01567
0.94935
0.859003
1.23927
1.03393
0.982528
1.05679
0.919894
1.10307
1.10423
0.995293
0.828412
1.12548
1.03181
1.03055
0.972739
1.08745
0.924769
1.03856
1.03373
0.874418
1.26639
0.997969
0.984029
1.02391
1.18374
1.01233
0.78597
0.950674
1.05299
1.05189
1.09421
0.77461
0.9249
1.21085
0.98224
0.898042
0.918022
1.0916
0.995622
1.0159
0.946051
1.04989
1.12335
0.945015
0.977659
0.927584
0.879612
0.982068
0.90493
1.04503
1.05477
1.02227
0.94577
1.02936
1.13584
1.02511
0.960808
0.973145
0.840721
1.10925
1.11454
0.996477
1.1471
0.844957
0.97068
0.856436
1.06292
0.996591
1.00177
1.16035
0.981463
0.948529
0.866506
0.816803
0.960317
1.00817
1.04944
0.908341
0.876209
1.08758
0.874422
1.20061
1.10681
1.10718
0.913984
0.993495
0.987956
0.822679
1.14353
0.98354
1.14396
1.17744
0.772722
1.01392
1.00576
1.09331
1.00614
1.04384
1.04758
0.877085
0.791017
1.09733
1.05524
1.0067
1.02641
0.80657
0.915211
1.02468
0.957537
1.04517
0.992378
1.18609
0.966395
0.907406
0.817504
0.969506
1.02836
0.965904
1.09884
1.05335
1.00801
0.932314
1.07395
1.04779
0.916283
1.04885
1.02108
1.07429
1.01986
0.812506
0.972122
0.969257
0.864033
0.984331
1.00193
1.12258
0.959697
0.971613
0.891678
0.914827
1.06297
1.08635
0.980329
0.951726
1.03585
1.25237
1.02088
1.07567
1.05309
0.907044
1.00282
0.939926
0.98997
1.01231
0.918556
0.945344
1.09098
0.901378
0.98388
1.08783
0.832693
0.910164
0.793732
0.896474
0.945152
1.15304
0.943573
1.06026
0.972343
1.22379
0.951179
1.01759
1.04189
1.09625
0.898124
0.88618
1.02527
1.04234
0.910507
1.01976
0.923233
1.19228
0.878723
0.969594
1.07567
1.06258
1.03848
1.28246
0.947383
0.821694
1.03226
1.02842
0.907451
0.975842
1.06666
0.94494
0.976645
0.799832
1.04031
1.05067
1.07456
1.06433
1.06328
1.06312
0.975165
1.05211
1.06786
0.924038
0.996423
1.02182
0.951475
0.927426
1.00025
1.06672
1.00949
0.987781
1.07356
0.924031
1.17826
1.02655
1.16841
1.07228
1.17835
0.978631
1.004
0.890717
0.941938
0.9695
1.12031
1.0418
0.892011
1.02882
0.853789
1.11972
1.18199
0.979711
0.97529
1.12412
0.981586
0.999278
0.909634
1.10374
0.867705
1.08954
1.16271
1.01292
0.917469
0.964543
1.0677
0.920344
1.0146
1.12009
1.15694
1.01939
0.957079
0.936373
1.0438
0.868315
0.965588
0.978764
0.968007
1.04664
1.04658
1.02347
0.906939
0.960061
0.932267
0.860351
1.03042
1.02734
0.97136
0.970787
1.047
0.853065
0.876115
1.11506
1.13833
0.856742
1.04016
1.0259
0.916549
0.965825
0.96423
1.09398
1.07458
0.965967
0.996643
0.749218
1.12396
0.936438
1.24656
1.07017
0.860868
0.805301
1.22591
1.0932
1.04772
0.969501
1.22173
0.968272
1.12914
1.04161
0.923917
0.997336
1.03999
0.89441
0.866504
1.12057
0.984712
0.843927
1.0149
1.05016
0.954887
0.922
0.90341
0.870637
1.07592
1.0906
0.98464
1.03935
0.847071
0.777021
0.962097
0.965876
0.999792
0.950089
1.09434
1.06629
1.01738
1.09187
0.99992
1.03558
0.982711
0.922281
0.964794
0.993125
0.932487
1.01165
0.974053
1.20882
1.06144
0.930124
0.964359
1.08631
0.950732
1.03371
1.00034
0.984507
0.971903
0.947504
0.856637
0.987135
1.12967
0.941372
1.1589
1.01151
0.941574
0.925536
0.982095
0.966031
1.10487
0.852197
1.21782
0.999496
0.979941
0.917085
1.07521
0.939887
0.936718
1.15625
0.950606
0.979815
0.982388
1.12875
0.949501
0.946238
1.11377
1.04122
0.899579
1.00033
0.870341
0.851864
1.00427
1.16461
0.894239
0.887787
0.961024
1.0194
0.901055
1.05655
0.994413
0.978241
0.909879
1.02735
0.90398
0.928033
1.04139
1.00087
1.0172
1.09047
1.03778
0.995491
1.01177
0.945309
1.05633
0.936127
1.038
1.00838
1.23523
1.08562
1.16062
1.04132
1.02771
0.984894
0.915794
0.933192
0.89537
1.06783
0.932821
1.06164
0.951898
0.866656
0.968673
0.993828
1.05614
1.05739
1.16483
0.966391
1.02744
1.02439
0.961293
0.923076
1.2176
1.04728
0.886459
1.06407
1.08683
0.903596
0.998431
1.084
1.02848
1.00841
1.01633
1.1721
1.01254
0.855863
1.03332
1.0253
0.949783
0.877341
0.911316
1.06434
1.06436
0.752018
1.04653
0.968875
0.977432
0.969107
0.822725
0.959532
0.853237
0.90615
0.898981
1.09016
1.00252
0.970021
1.10504
1.04294
0.946565
0.878401
0.882079
1.12808
0.893342
0.931794
1.16378
0.91651
1.02137
1.08643
1.11847
1.12696
1.08018
0.875969
1.08021
1.13983
1.06576
1.14627
1.14836
1.00173
0.865048
1.12214
0.873383
0.841451
1.01993
0.949134
1.03305
1.15861
0.915083
0.963582
0.978644
1.00355
0.936267
1.19105
0.848106
0.992625
0.970001
1.07803
1.1481
0.912125
1.12729
0.896959
1.02964
0.894208
0.861025
1.12291
0.847218
1.06645
1.15578
0.873661
1.1964
1.12994
1.26759
1.02943
0.92532
1.02102
1.00124
0.888939
1.18217
0.938146
1.04038
1.1372
0.932705
0.907174
0.927833
0.975494
1.02392
0.921557
1.02432
0.910933
0.823333
1.14041
0.978538
0.920585
1.00411
1.09562
1.06663
1.12626
0.988552
0.98235
0.949064
1.106
1.11571
0.90769
0.969788
1.27786
1.14118
1.02295
0.924853
1.20348
0.938712
1.07521
0.981279
1.00928
1.09907
0.838111
0.93144
0.991891
0.983092
0.872449
1.07733
0.921155
1.02925
0.945864
1.12309
1.10251
0.936521
1.15915
0.962227
0.929824
0.863117
1.10321
0.948464
1.05188
1.03552
0.874813
0.990893
0.985362
1.15071
0.90677
0.970939
0.870356
0.963709
0.88167
0.916675
0.923942
0.922053
0.953751
1.09905
0.976538
0.918055
1.0367
0.97885
1.01262
0.905736
0.795975
0.909134
1.1595
0.869718
0.906181
1.05984
1.15104
1.04346
0.874305
1.12343
0.934623
1.10265
0.921003
1.00146
0.969987
0.932991
0.832595
1.04306
1.10504
1.32063
1.05131
1.04961
0.965562
0.875085
1.06457
1.12676
0.949252
1.11883
1.10176
0.792077
0.986665
0.919929
1.17054
1.14775
0.889962
0.834212
0.997749
0.968599
0.992584
1.12266
1.08829
0.921369
0.836682
1.15245
1.00802
0.818639
1.05896
1.04815
1.04449
1.12357
1.03311
0.954826
0.877333
1.02069
0.977528
1.05064
0.918858
0.984456
0.964849
1.03528
0.916085
0.783576
0.900271
0.984616
0.874124
1.06671
0.983434
0.962267
1.13249
0.895005
1.08094
0.995019
1.17034
1.03922
1.08622
1.02921
0.957224
0.937288
0.913713
0.981415
1.0223
0.880457
1.00088
0.953579
0.914369
0.80838
1.04927
0.993303
1.0323
0.948377
0.860121
0.887905
1.06752
0.970259
1.0022
1.01617
1.10127
1.09031
0.945259
0.977162
0.961984
1.01915
1.09396
0.963593
1.04211
1.11265
0.894997
1.04566
1.1232
1.05767
0.898918
0.847697
0.885597
0.925694
0.989355
0.902414
0.866647
0.911188
0.860543
0.87175
0.826137
1.00977
0.990022
1.12572
1.03984
1.05005
0.938257
0.975424
0.927211
0.898262
0.841521
0.976213
0.788421
1.0504
1.01683
1.03759
1.05828
0.987425
1.21402
1.20322
1.08615
1.28403
1.04516
1.06335
1.15734
1.08462
1.12435
1.23913
0.951993
1.10181
0.968771
0.906377
0.902588
1.01645
0.865663
0.852817
1.06999
1.11967
0.921644
1.16918
0.893881
0.993251
1.01166
0.898934
0.980472
1.05137
1.05831
1.0716
0.847417
1.04737
0.937093
0.951926
0.979512
1.17921
1.03647
1.04815
0.937927
0.956105
1.21543
0.989726
1.13788
0.982878
1.01966
0.845656
1.01251
1.00236
0.971127
0.92828
0.886261
1.16139
1.03781
1.20093
0.934954
0.980285
1.10773
1.03219
1.03509
1.22779
1.06659
0.916964
1.05362
1.03519
1.06626
0.968418
1.02696
0.889461
1.2182
1.1977
1.15334
1.33709
0.812771
1.02261
0.872596
1.03163
1.24816
1.10593
0.986962
0.93303
1.00673
1.02169
1.04611
0.887106
1.00684
1.11115
1.18494
1.1531
1.08747
1.05872
0.793117
0.98138
0.984269
1.02195
1.04163
1.10021
1.12753
0.942202
0.914844
0.909675
0.866219
1.1934
1.03371
1.02994
0.965554
1.14868
0.848631
0.915544
0.882128
0.942209
0.847566
1.10611
1.0421
1.03705
0.83164
1.21632
1.0754
0.913054
1.02
0.953619
0.994319
1.0316
1.0768
1.00409
0.885898
1.09073
1.06034
0.98818
1.00216
1.21861
1.0067
0.956504
0.942263
1.06604
1.06743
0.873063
1.12697
0.948168
1.00855
0.830327
0.93337
1.09123
0.948856
1.06555
0.940176
0.801588
0.858501
0.979822
0.917344
0.960809
1.06518
1.01032
1.01927
0.978092
1.07151
0.923877
1.03003
0.962214
1.13281
1.08735
0.961848
0.908109
0.922629
0.962447
1.2216
1.13558
0.867389
0.983656
0.850832
1.05534
1.07027
0.849247
0.957016
0.957048
1.03063
0.961164
0.874471
0.955221
0.971796
1.1312
0.958089
1.09515
0.95087
0.997217
0.846706
1.12039
0.993141
0.934475
1.02341
0.950877
0.970536
1.02465
0.941294
1.178
1.07007
1.05304
1.0719
1.0352
0.972541
0.972181
0.89896
1.11106
0.994362
0.935768
0.901579
1.14329
1.03242
1.06068
0.952366
1.14232
1.04383
0.846737
1.07127
1.13784
0.933403
1.00895
0.935945
0.971668
1.04793
0.737186
0.849493
1.16205
1.04276
1.02463
1.01515
0.932233
0.961014
1.09983
1.03062
0.980056
1.09316
0.832482
0.826036
1.17527
0.935105
1.01304
0.858639
1.00643
0.833093
0.995191
0.946194
0.995036
0.864612
1.13653
1.12577
0.993123
0.957346
0.885697
0.992875
1.06876
0.943033
0.931843
0.990339
0.983456
1.01712
0.843214
0.996213
0.88343
1.16389
0.996475
1.04525
0.972375
1.0227
1.06557
0.964444
0.891638
0.929611
0.84169
1.02112
1.01735
0.930414
0.909781
0.988667
1.04412
0.929894
0.931793
1.03934
0.966543
0.847644
1.23605
1.06144
0.964646
0.993003
1.07729
1.01329
0.980684
1.16927
1.02753
1.03847
0.840303
0.963667
1.04089
1.16634
0.969034
1.0394
1.08233
0.895391
1.13671
1.09266
1.00079
0.871835
0.996572
1.09683
1.02662
1.11629
1.02812
1.07232
0.939419
1.14305
0.966095
1.08733
0.967747
0.769076
0.999771
1.22697
0.884366
0.934253
1.08061
1.02278
1.04615
0.988581
0.921895
1.03337
1.0128
0.957631
0.902239
1.00884
0.967114
0.955571
0.988793
1.1755
0.957128
1.09861
1.13007
1.06723
0.885056
0.977781
0.983095
0.841533
1.0492
0.978828
0.81016
1.14461
0.853636
0.9388
0.932225
0.902905
1.13715
0.9709
1.07706
1.06451
0.993358
0.784541
0.793518
1.10627
1.2692
1.02134
0.966866
1.04795
1.03411
0.925379
1.0748
0.955232
0.9954
0.843336
0.971857
0.984828
1.0765
0.885939
1.03094
1.01883
0.840884
0.969479
1.0153
0.897042
0.74601
0.939206
1.04099
0.995471
0.960766
1.04974
0.859347
0.980621
1.01242
0.947048
0.95737
1.0035
1.08589
1.1402
1.00117
1.07087
0.940078
1.0601
1.17379
1.00458
0.960809
0.96363
1.07211
0.917783
1.03142
1.1358
0.999934
0.863152
0.813399
0.917189
1.02286
1.09518
1.01414
1.1309
0.815122
0.898225
0.967898
0.89365
1.12935
1.09216
0.892186
0.920741
0.968468
0.997411
1.00809
0.929483
0.883479
1.07298
0.939867
1.07499
1.04913
1.0808
0.922137
0.967585
1.05007
0.822707
1.08497
1.00626
0.879701
0.939323
0.91818
1.08217
1.11655
1.08761
0.834906
0.986673
1.19513
0.902527
0.947022
1.02955
1.16322
1.06165
0.994495
1.07171
0.975828
1.12743
1.11138
1.0049
0.989501
1.06472
1.09332
0.973886
1.02535
0.948511
0.941995
0.736183
1.01169
0.97618
1.08059
0.987492
0.921223
1.09159
0.883156
0.966176
0.932503
0.800461
0.884857
1.00334
1.00262
0.96309
1.16723
0.946568
1.01876
1.18105
1.0059
1.10639
1.05546
1.04334
0.870305
0.968636
0.829222
1.03013
0.989117
0.950565
0.952548
0.853498
1.08898
1.08601
1.04897
0.887301
0.971988
1.05413
1.06714
1.0292
1.16636
1.06627
0.810126
0.982483
1.03117
1.17351
1.1235
0.948009
1.07348
0.963234
0.925499
0.955747
1.1555
0.951082
1.08886
1.14283
0.959763
1.04014
0.988649
1.00753
0.993983
0.965011
1.28515
1.10473
0.983865
0.933049
0.935244
1.23217
0.980178
1.04184
0.916397
0.892801
1.02878
1.08304
1.19113
1.01992
0.920298
0.958804
0.954728
0.922505
1.02302
0.825394
0.961411
0.957066
0.929365
1.07197
1.12123
1.06402
0.932569
1.02957
1.09732
0.869455
0.93825
1.09239
1.22469
0.86588
0.992248
1.05952
0.931332
1.21801
0.973221
0.894667
0.822166
1.0637
0.983011
0.973468
1.00074
1.14969
1.14928
0.91655
1.11817
1.16367
0.999103
1.08752
1.08975
1.0314
0.889145
1.13151
0.771868
1.11235
0.952791
0.936175
0.970696
0.888042
1.0123
0.885232
1.01268
0.824072
0.851975
0.980217
0.951063
0.887508
1.09891
0.926164
1.05795
1.01412
0.953957
0.986122
1.10116
1.03445
1.08789
1.1133
1.04443
1.01537
0.975847
1.01531
0.921101
0.908378
1.25069
1.19035
0.962205
0.825118
1.01647
0.875176
0.973267
1.11331
1.15607
1.07573
0.980241
1.06229
0.868452
0.961999
0.98334
1.0009
1.15606
0.939739
0.86745
0.850138
1.1534
0.925698
1.11029
1.05898
1.03705
1.0359
0.880506
0.951521
1.05115
1.05041
1.02617
1.1341
0.891079
1.07377
0.866141
1.07494
0.969928
0.921593
0.903359
1.06881
0.990488
1.0756
0.841085
1.0642
1.02573
1.0386
0.992013
1.00948
0.834633
0.81958
0.894482
1.04852
1.01483
0.895852
1.34883
0.869832
0.930143
0.977938
0.734393
0.952071
0.879762
1.00323
1.10315
0.907167
0.97381
0.945929
0.884653
1.00531
0.969111
0.927533
1.03988
1.02348
0.949412
1.22062
1.08124
0.883518
0.970254
0.948567
0.945466
1.06789
0.934826
0.838169
1.04727
0.965701
0.881959
0.691605
0.937161
1.13881
0.913522
0.849484
1.26618
0.828878
1.01716
0.809178
1.12128
0.857846
0.908756
0.9227
0.972725
0.931773
0.947836
0.984607
0.946583
0.934133
0.932784
0.948247
0.932767
0.974462
1.08219
0.874604
0.983629
1.21404
0.935239
1.00906
0.845827
1.03044
1.10262
1.00918
1.16642
0.970632
0.949193
0.99197
1.01437
1.16008
1.25158
0.887831
0.908742
1.02932
0.981472
0.979023
1.17151
1.1658
0.916708
1.07061
1.03532
1.093
1.0118
1.10967
0.961602
0.92091
1.05138
1.11683
1.24442
1.11393
1.04437
0.972875
0.947958
1.03466
1.14048
0.863357
0.80729
1.25084
1.1234
0.991674
1.02625
0.828582
0.978565
0.984458
1.06315
1.2156
1.09868
1.13975
1.04277
0.978635
1.01317
0.787343
0.985544
1.06369
0.972299
1.00507
1.01768
0.856267
1.01906
0.890191
0.990955
1.07554
0.983077
1.00556
1.12297
1.12386
1.02328
0.881418
1.06172
1.02065
1.13574
0.885316
1.00838
0.931656
1.03405
0.804676
1.05876
1.06544
0.948722
1.0115
0.939752
0.903762
1.01304
1.11279
0.944577
0.893401
1.05438
1.08844
1.05497
1.03227
0.998427
0.943049
0.792563
1.23599
1.09913
1.12738
0.944526
0.873403
0.9564
0.999114
1.17852
1.01918
1.11814
1.0212
1.10685
1.01765
0.859282
0.957043
0.978333
0.905673
0.983405
0.965064
0.92977
1.03605
0.938455
0.870346
0.824834
0.97347
0.973681
1.0416
0.999341
1.09629
1.0757
1.11855
0.949779
0.96677
0.999942
1.05201
1.01087
1.17108
1.10215
0.972767
0.851512
1.09136
0.941508
1.0435
0.923325
0.843442
0.978925
0.968212
1.06898
0.989385
0.860414
0.95448
0.940828
1.00472
0.870012
1.11254
1.07824
0.852242
0.802605
1.2322
0.821229
0.836986
1.00391
1.08055
0.879037
1.10168
1.04432
0.966309
1.05005
1.014
1.08651
0.945816
1.10979
0.907915
0.932635
1.26331
0.995298
1.00498
1.1186
1.00933
1.18186
1.02995
1.2021
1.06531
1.00035
0.977197
1.10055
0.910926
1.12129
1.03067
0.728125
0.957534
1.02045
0.866196
0.981005
1.17684
0.90129
1.09767
1.23839
0.975308
1.00004
1.22727
0.875507
0.966795
1.07983
0.923969
0.843775
0.924674
1.10538
1.17336
1.00338
0.98383
1.05504
0.912999
1.11435
1.06639
1.06457
0.942386
1.14369
0.987493
0.815017
1.03849
0.954747
0.798413
0.994164
0.869566
0.989812
1.10547
1.11121
1.14948
0.964108
1.12539
0.931068
1.1811
0.884829
0.934962
1.13938
0.95533
1.05496
1.05407
1.03842
1.05201
0.820451
1.0658
0.917088
1.06833
0.916313
1.23436
1.19791
1.06581
0.87147
1.05963
1.04573
0.867343
0.991524
0.986693
0.74227
1.06992
0.971157
0.850181
0.981692
0.882644
0.998059
1.07195
0.955542
0.999888
0.875703
1.02383
0.979758
0.936929
0.895257
1.02538
1.09282
0.845046
1.01632
0.987138
0.937135
1.10992
0.961743
0.99157
0.844579
1.01056
1.21629
1.04103
1.04467
0.841516
0.926343
1.17108
0.822035
0.855824
0.983362
0.992205
1.06713
1.00298
0.902087
1.0942
1.11695
0.987107
0.955435
0.976602
0.915123
1.1156
0.958693
1.18156
1.07232
1.04561
0.994952
1.01207
0.957803
1.02647
1.03551
0.951895
0.985798
1.0763
1.11282
0.994327
0.975592
1.01175
0.822612
0.93108
1.02509
0.828047
0.879207
1.19718
1.06689
1.0128
0.956631
0.876036
0.932393
0.861575
0.982284
1.08712
1.02446
0.67213
1.09536
1.11919
1.00026
0.828854
0.91996
1.08937
0.872221
1.07091
1.04108
0.972556
0.860022
1.04524
0.799675
0.971925
1.03016
1.04355
0.826261
0.958415
0.940548
1.05511
1.17323
1.20283
1.13691
1.05049
0.912465
0.910255
1.03324
0.989719
0.952778
1.04843
0.92365
0.881905
1.1833
1.06828
1.01927
1.21458
1.1141
0.949301
1.0813
1.0195
1.01797
1.22208
1.03795
1.13198
1.00691
1.00973
0.872617
0.899791
1.01428
1.08142
0.90525
0.958439
1.00446
1.02237
0.938153
0.882456
0.91353
0.907028
0.950963
1.16612
0.938256
1.07976
1.05298
1.20743
0.901026
0.894272
1.21156
1.22958
1.11199
1.02835
1.11923
1.17645
1.06611
1.06133
1.12074
0.874222
1.04337
1.07684
1.08775
0.879749
0.999964
1.08572
1.01521
1.03495
0.805538
1.06724
1.1172
1.08046
0.960034
1.14191
0.804908
1.16676
1.04891
0.870795
1.06598
0.94299
1.06447
0.952156
1.07858
1.02582
0.94384
1.05045
0.99967
0.850137
0.962901
0.850745
1.04166
0.931527
1.03623
0.962023
0.952825
0.978963
0.913299
0.930997
1.08139
0.816056
1.07519
0.88116
1.16639
1.09811
1.05178
1.03313
0.99
0.995043
0.906975
0.921139
1.13159
1.1503
0.92749
0.994814
0.843019
0.870238
1.07489
0.982101
1.1886
0.91172
0.917848
1.06024
0.877152
1.04827
1.02675
1.03771
0.993399
0.965639
0.905552
1.06871
1.12922
1.15424
0.863279
0.931863
0.801732
1.00808
1.01444
1.132
1.16232
0.964539
0.784625
0.831089
1.1692
1.00275
1.04037
1.20457
0.955071
1.05564
1.09987
1.01609
1.03908
1.0895
0.9037
0.979063
0.944786
0.844416
0.983376
0.973601
0.977512
0.946934
1.08315
0.994646
0.940828
0.990599
1.00252
1.00123
1.09154
0.916175
1.14465
1.08584
1.25224
1.27223
0.979868
0.99435
1.05464
1.0686
0.865355
1.15558
1.00336
0.859811
0.84099
0.914366
1.12136
0.767147
1.3443
0.937552
0.979482
1.04286
0.99334
0.972372
0.958609
1.03313
0.912128
0.895578
1.17778
0.983773
1.12507
1.05628
0.863283
0.947728
1.00989
1.11038
1.03675
1.07181
1.08924
0.977997
0.996822
0.953503
1.02259
1.02324
0.840024
0.968777
1.02121
1.11818
1.19169
1.01708
0.912611
0.847423
0.954213
0.947105
0.923548
0.923767
0.971012
1.13113
0.960052
1.04941
0.980416
0.883204
0.966394
1.0132
0.844119
1.26263
0.939737
0.939085
0.942852
0.987133
0.942968
0.911768
0.963277
0.912434
0.956349
0.868786
1.02887
0.996836
1.22168
1.21961
0.999464
1.03791
0.962906
1.08156
0.875005
0.889888
1.03158
1.03441
1.07408
0.848765
0.949958
1.03041
1.08024
0.845242
1.08347
1.17622
1.04973
1.0984
1.01622
0.989753
1.07061
1.06168
0.954119
1.1152
1.11543
1.02884
0.838609
1.09542
0.87478
0.955449
0.928704
0.919247
1.03373
1.00687
1.04284
1.09382
0.832295
1.08175
0.909379
1.02352
0.917233
1.06246
1.13031
0.874976
1.10164
0.989033
0.905979
1.05717
0.972565
1.00977
0.957813
0.882409
0.964469
0.969377
0.868447
0.918213
0.950781
0.872277
1.05958
0.943842
0.819193
1.00377
1.02648
0.924797
0.949682
1.16322
0.843041
1.05803
1.24603
0.990831
0.962786
0.859369
0.999195
0.942793
1.06487
1.03922
0.945529
1.01748
0.995696
1.00991
0.896375
0.75832
1.09858
1.05919
0.975073
1.06664
1.03072
1.04939
1.2455
1.02867
0.974555
1.00133
1.0157
1.06593
1.22713
0.881046
1.13051
1.06833
1.08208
0.91648
0.964385
1.03355
0.797655
1.26688
0.99988
0.971609
0.822017
0.806326
0.839514
0.848863
0.857583
1.11463
0.953451
1.04165
0.990969
1.00176
0.916546
1.10976
1.30537
0.897592
1.09194
1.08765
1.22768
0.817442
0.858611
1.15789
0.90373
1.01417
1.13677
1.06709
0.965562
0.986665
0.945862
0.931715
1.16465
1.09301
0.959387
1.01012
1.06653
0.959217
0.941397
0.902294
0.974107
0.981095
1.09399
1.00443
0.977096
0.916211
1.15467
0.919501
0.792634
1.0505
1.13577
0.90238
1.06158
1.06781
1.07674
0.903789
1.08217
0.994567
1.08171
0.911171
0.814769
1.04887
1.0558
1.18389
0.851813
1.03816
0.928005
0.929399
0.808845
0.999144
1.1023
0.845992
1.14494
1.04521
1.03992
1.00777
1.01718
0.885325
0.936556
1.05728
1.06287
1.12763
1.05536
1.01877
1.06051
1.27667
0.975828
1.1678
0.976272
0.92183
1.06897
1.07621
1.0205
0.78737
0.848688
1.1139
0.969508
1.10993
0.991008
0.979326
1.11063
1.06907
1.05528
0.916732
1.03503
0.818965
1.15765
0.747854
1.08509
1.20631
0.98324
1.01704
0.875056
1.06469
1.03668
1.03315
1.12741
0.992068
1.07354
1.1113
0.870782
1.02766
0.766543
0.928479
1.14373
0.776581
1.02169
1.02747
0.878139
0.966321
0.983701
1.00185
1.02752
0.936036
1.09554
1.00987
0.842416
0.900754
0.985497
1.08283
0.883925
1.21603
1.04145
1.00156
0.823046
1.03163
0.899735
1.09889
1.2482
1.02117
1.25477
0.917247
1.01393
0.922136
0.908042
0.913668
1.10409
1.03485
0.991312
1.04143
0.902838
1.03159
0.794491
0.868716
1.0279
0.889754
0.912418
0.954308
0.974993
1.04329
1.03057
1.09292
0.981326
0.943564
0.86061
0.939525
1.17807
1.26683
0.955954
0.988014
0.912625
1.2241
0.900085
0.978479
0.937384
1.08083
1.0549
1.08014
1.05192
0.870799
0.996947
0.935153
1.15573
0.985042
0.858108
1.1321
0.988673
0.873764
1.04887
0.954865
0.921171
0.924598
0.962172
0.980177
0.8483
0.828937
1.00517
1.0552
1.04628
1.09648
1.08414
0.863244
0.930627
1.00477
0.946473
1.15728
1.12776
0.945152
1.17393
1.08132
1.01956
0.964405
0.924397
1.00117
0.969102
1.03612
1.04585
1.14904
1.16739
1.06684
0.96294
0.986088
0.943915
1.09397
1.06364
0.985886
0.817281
0.983383
1.13324
0.994774
1.1373
0.980097
0.946911
1.017
0.864567
1.0913
0.829356
0.859858
0.988487
1.30182
1.00683
0.977796
1.12208
0.887162
0.90493
1.12793
0.998191
0.912092
0.949257
1.02023
0.965797
0.957566
0.897951
1.06685
1.2164
0.917001
1.14223
1.08687
0.989592
0.97594
0.997096
1.03168
0.978876
0.803912
1.03634
1.15582
1.12144
1.00713
0.800352
0.882099
0.837385
0.795733
0.96823
1.08645
1.25382
1.0194
1.05848
0.990318
1.00825
0.915336
0.992607
0.995756
0.971385
1.12388
0.935769
0.963563
0.939283
1.05628
0.978023
1.18571
1.3509
1.11291
0.990256
0.85958
1.0665
1.00378
1.08608
0.87104
0.830572
0.948201
0.945175
1.03931
1.24018
1.01782
1.0852
0.966124
1.07802
1.23013
1.09795
1.07269
0.97065
0.935015
1.2146
0.928654
1.07864
0.923746
0.991493
1.05603
0.874688
0.983098
1.09586
1.01697
0.768635
0.84524
0.955383
0.997005
1.03605
0.936096
0.981626
1.09149
0.972668
0.919074
0.989514
0.881159
0.952449
1.02512
0.852512
0.88382
0.894149
0.986674
1.27665
1.0788
1.15126
0.927112
1.25556
0.827814
0.82925
1.02745
1.00622
0.773722
1.09112
1.03077
1.19475
1.06527
1.04008
1.06195
0.839171
0.991245
1.03239
1.03585
0.935312
1.0681
1.00601
1.15084
1.0681
0.870571
1.23938
0.91229
0.903739
0.958408
0.872748
1.03529
1.06633
1.12499
1.00898
1.17521
1.02824
0.997801
0.985965
0.956368
1.0283
0.865989
0.971068
1.03079
0.818928
1.10009
0.980293
0.965409
1.17402
0.925387
1.01142
0.905861
0.95785
1.14298
0.926939
1.00204
0.979766
1.03523
1.05577
1.14818
0.882648
1.2775
1.14081
1.15315
0.930715
1.03514
0.935577
1.23742
0.967391
1.20454
1.18685
0.85688
0.919472
1.1026
0.853078
1.00164
1.27197
0.928839
0.849298
0.973047
0.889208
0.855918
0.880387
0.976369
0.849316
1.05935
1.04236
1.31342
0.926988
1.13472
1.03298
0.892605
0.966762
0.949141
0.999262
1.03002
1.16424
0.947268
0.844743
0.813984
0.990635
1.01029
0.977258
0.901126
1.1296
1.01746
0.86195
1.00233
0.839518
0.981882
0.777822
0.955691
0.876079
1.02787
0.915493
0.971721
0.952992
0.892794
1.08237
0.982837
0.961414
0.997706
0.964292
0.864404
0.981848
0.857128
0.90676
0.980193
0.929212
1.04184
0.887766
0.945473
1.08217
1.09657
1.09373
0.940055
0.989954
0.928594
1.10738
1.09377
0.971804
1.00953
0.900535
0.896953
0.946126
0.944404
0.912114
0.817707
1.17245
0.99203
0.960126
0.985191
1.03205
0.970317
0.900138
1.07524
0.923208
0.829004
0.86501
0.977737
0.8941
0.982596
1.07718
0.834624
1.04369
0.944964
1.05392
1.04398
1.02027
0.924701
0.864271
0.919492
1.05588
1.01
0.882368
1.02186
1.02558
0.956257
0.923406
0.929999
1.00256
0.878968
0.914774
0.974457
0.848637
0.920206
1.26039
0.966563
0.92291
0.880353
1.11022
0.85954
0.912941
1.01682
1.12859
0.816059
1.01272
1.04378
0.876799
1.09589
0.911643
1.07019
0.993391
1.04213
1.05995
0.891298
1.07489
1.10769
0.942914
0.95848
1.12332
1.01934
0.961432
1.12681
0.932396
1.03508
0.910546
1.03201
1.07993
0.996512
0.933047
0.984144
0.972758
1.01271
0.942896
0.936431
0.970476
1.04926
0.786095
1.11093
1.05949
1.15151
1.19823
0.986114
0.957424
1.04434
1.07868
1.04659
1.12099
1.07586
1.10333
1.14506
0.963792
1.12225
0.937023
0.887201
1.07291
1.19891
1.0058
0.96865
0.977999
0.99957
1.01583
0.961019
1.06469
0.784465
0.851575
0.78515
0.893865
1.05709
1.04397
1.09589
1.12238
0.983689
1.11126
0.94489
1.03907
1.02412
0.961458
1.03111
1.07209
1.08132
1.0244
0.891994
1.04106
1.007
1.00953
1.06128
0.966074
1.10698
0.928073
0.832743
0.809624
0.979646
1.05946
0.875037
1.19048
0.973139
1.04093
1.04624
1.17656
0.979433
1.16809
0.944901
1.01752
0.888601
0.928925
1.17102
1.04691
1.0824
1.1037
1.0603
0.943051
0.772865
0.874582
1.21349
0.89435
1.09798
0.966604
1.12477
1.00487
1.0363
1.0479
1.25783
1.06198
1.01584
0.8882
1.00005
1.02349
1.02371
0.985195
0.880777
1.02543
0.892991
1.00079
1.08895
1.06674
0.926915
0.914332
0.904033
0.823611
1.01578
0.993973
1.03564
0.828944
1.36462
1.01067
0.926374
0.969359
1.02519
0.960185
1.0888
1.03224
0.912837
0.991475
0.958452
1.05264
0.869538
0.976406
0.831303
0.918224
0.889113
0.895455
1.03462
1.01213
0.984045
1.04186
0.871311
1.03078
0.928831
1.00551
0.885786
1.06536
0.988156
0.949775
1.00543
1.02746
0.934445
0.951857
0.964581
1.13898
0.843013
0.80768
0.941305
0.949879
1.17518
1.00899
0.854959
0.986682
1.01492
1.13689
0.953421
0.869839
0.977032
0.907596
1.08479
0.979647
0.914721
0.841105
1.06534
1.09061
1.05601
1.07245
1.01534
0.831393
1.22066
1.13818
0.877569
0.995071
0.878286
1.11287
0.995654
1.01496
0.838724
1.15339
1.04672
1.02399
1.01055
1.01295
1.06735
1.09917
1.13821
1.34832
0.946283
0.899984
1.09902
1.03735
1.1589
1.13184
1.10979
1.04306
1.07922
0.937421
0.999159
0.92946
0.93933
0.882061
1.04401
1.09365
0.933575
0.928369
1.22569
1.07653
1.27373
0.86116
0.919662
0.922614
0.977529
0.929887
0.916677
1.0081
0.969332
0.877345
1.03268
1.04513
0.911604
1.02498
1.11904
1.10028
0.941533
1.00141
1.08068
0.813987
1.20137
0.997497
1.09066
1.2087
0.917013
0.938256
0.932758
0.957211
0.877488
0.78563
0.935891
0.97442
0.986194
0.954672
0.976388
0.928591
1.034
1.07974
0.92159
1.03482
0.887326
0.886451
1.03084
0.99455
1.10023
1.0222
0.97281
1.08562
0.797225
0.926725
0.989435
0.976672
0.981024
1.16134
1.2378
0.960647
0.991097
0.989339
0.921082
1.07036
1.1432
0.868072
0.920634
1.0836
1.08189
0.999019
1.0381
1.03553
0.851894
1.08938
0.98633
1.05659
1.15327
1.02673
0.970534
0.975378
1.05656
0.911863
0.812479
0.93067
0.918031
0.864415
0.902042
0.683263
1.2272
0.901972
1.0305
1.15779
0.874087
0.923751
0.918486
1.09125
0.869893
0.94288
0.863447
0.913295
1.13087
0.982889
1.06705
0.866774
0.874853
1.18806
1.0994
0.941791
0.912211
0.844341
1.17293
0.989892
0.937238
1.20404
0.913124
0.873663
0.991848
1.16167
0.931057
1.10509
1.01627
0.889639
1.00776
1.00757
1.00843
1.00365
1.07308
0.968238
0.889285
1.04298
0.924344
0.930019
1.01746
0.810241
0.94028
0.930782
0.875224
0.905706
0.911124
0.797187
0.959647
0.826814
1.01302
1.00505
0.899133
0.831798
0.922676
1.21068
1.01935
0.885518
0.962747
1.07761
1.00393
1.04839
1.104
0.994064
1.1198
0.858062
0.949651
1.11105
1.01608
1.07648
1.09603
0.980893
1.10535
0.829666
1.00997
0.997512
1.07869
0.976863
0.995106
0.929871
1.12359
0.867669
0.963245
0.858311
0.873242
1.04564
0.840981
1.20099
1.13557
0.990546
0.941429
0.985763
0.957391
0.986984
0.905171
1.02329
0.991962
0.895995
0.961058
1.02263
1.09053
0.921552
1.11272
1.0435
1.00523
1.04042
0.974757
0.878531
0.884495
0.961947
1.04897
1.06239
0.853064
0.858533
0.94631
0.933347
0.965094
0.892726
0.96021
0.977737
1.03653
1.15735
0.870463
1.03737
1.02795
0.906792
0.955167
0.854892
1.02558
1.191
1.10128
0.841611
0.928383
1.03007
0.864029
0.826531
0.999835
0.816662
0.885357
0.854766
1.00138
1.33582
1.11693
0.994419
1.01845
0.959565
0.926776
1.03386
0.993641
1.10322
0.856531
0.971094
0.973255
1.165
1.1255
1.14279
1.23514
0.976047
0.96098
0.947227
0.835004
1.05176
0.934553
1.00671
1.04875
1.04357
1.34623
0.871923
0.866316
0.879672
0.917457
0.914137
0.831975
1.20677
1.30088
0.883334
0.915119
0.990101
0.91532
1.00861
0.867888
0.884953
1.03286
1.01396
1.11016
0.940033
0.895557
0.995783
0.943366
1.24912
0.982659
0.958594
0.940877
1.00607
0.913873
0.981381
0.908365
0.972352
0.987023
0.987602
0.907924
0.988291
1.14778
1.12074
0.903692
0.72915
1.16508
0.976764
0.998404
1.18088
0.869273
0.882734
0.967495
1.03905
0.930279
1.06466
1.19798
0.91854
1.11631
0.950301
0.967243
0.96376
1.08846
0.955368
0.951227
1.15177
1.08525
0.942346
1.11754
0.912668
1.1133
1.06054
0.970936
0.968261
0.838171
1.13119
1.09248
0.863231
0.889121
1.16335
0.931191
1.05469
1.0397
1.08473
0.96495
1.17464
1.07594
0.943016
1.16851
0.990577
0.831416
0.986624
0.873588
1.00707
1.1055
1.08958
1.06828
0.938227
1.15687
1.05545
0.979575
1.02276
0.950541
1.09431
0.953112
0.944418
0.959452
1.08978
1.03049
1.00225
0.932772
0.984471
0.897333
0.932654
0.918727
0.851807
0.940269
1.07261
1.09234
1.01143
1.15622
0.877329
1.00828
0.850344
0.991815
0.965936
1.00616
0.856904
0.826322
1.0531
1.07989
0.955881
0.883002
1.06563
1.20017
1.11821
0.991606
1.13545
1.06775
1.06881
0.903027
0.964081
1.16917
0.933363
0.966962
1.10022
1.16864
0.965756
0.907514
0.995803
1.02654
1.06427
0.979187
0.937528
0.902209
0.996645
1.01842
0.829876
0.76633
1.03351
1.03505
0.980358
0.945038
0.878368
1.05598
1.01626
1.02371
1.00757
0.995816
1.03179
0.995709
0.986859
0.91022
1.14603
1.07889
1.03312
1.14225
0.929004
0.837952
0.921557
0.923737
1.21594
1.0161
0.957924
0.998189
1.0178
0.864521
0.898981
1.15116
0.943449
0.972388
1.0002
0.998214
0.897922
0.978219
1.11627
0.96877
0.9533
1.02826
0.908619
0.984075
1.00392
1.0382
0.949295
1.07767
1.10357
0.96846
0.883596
1.01647
1.06328
0.982805
0.931758
1.05956
0.8463
1.02263
0.982826
1.05849
0.934236
1.02122
1.0352
1.07104
1.0339
0.858867
1.0251
1.00615
0.869618
0.84122
0.98964
0.978523
1.01872
1.12043
0.956452
1.06598
1.17778
0.987071
1.18991
0.977536
1.03356
1.05953
0.733416
1.08508
1.01142
0.952195
1.01663
0.825913
0.83158
1.0147
0.870275
1.07203
0.882883
0.930402
1.03893
1.1479
1.10635
1.05142
0.905471
1.03535
0.908863
0.953344
0.896586
0.993712
0.837111
0.942264
1.11151
0.825032
0.864138
1.0331
0.956214
1.18983
1.21693
0.920598
0.930751
0.953544
1.05601
0.984834
0.948205
0.968053
0.997139
0.863058
0.820161
0.869082
0.971247
1.18626
0.810121
1.14383
0.990396
1.08424
1.00814
0.976086
1.07898
1.1093
1.07077
1.09061
0.96657
0.996251
1.12816
0.982456
1.07678
0.968035
1.12028
1.06539
1.0855
0.980903
0.94064
1.34736
0.884591
0.941831
0.943648
1.01795
1.10844
0.922126
1.03663
1.10646
0.927987
1.03
1.23291
1.13423
0.920513
0.956516
0.948101
0.93284
1.03356
0.941831
1.06669
0.921649
1.14285
1.08464
0.959436
0.996845
1.06016
0.998999
0.938957
1.04669
0.880957
1.09249
1.1086
0.848295
1.02634
1.02668
0.95093
0.962241
0.882496
0.963983
1.08335
0.966199
1.04727
0.875979
1.07406
1.02978
1.01416
1.14947
0.91492
0.976466
1.05706
0.904226
0.971224
0.992794
0.995594
1.01543
1.03118
1.02721
0.981591
1.10095
1.13817
1.2527
0.897385
1.0308
0.997765
1.00205
1.08864
0.981605
1.03214
0.764115
0.962841
0.887892
1.08524
1.07105
0.9594
0.993349
1.13706
0.95072
0.890733
1.08422
0.872972
1.00655
0.883918
0.956386
1.06583
1.37434
0.987423
1.1787
1.04222
0.929689
0.958326
0.969736
1.03828
1.01081
0.951585
1.03957
1.0904
1.11968
1.07748
1.05501
0.933646
0.922195
0.827592
0.94745
0.745163
0.877845
0.998936
0.99343
0.863882
0.924782
1.1103
0.983253
1.0615
0.936115
1.00781
1.24504
0.931314
0.994212
0.955308
1.01979
0.943779
1.02517
1.03648
0.981812
0.991852
1.00627
1.01622
0.911252
0.845437
0.929991
0.831625
1.07467
1.08212
0.958194
0.903111
1.02531
1.05409
1.00315
0.990671
1.00605
0.852429
1.058
1.0021
1.02183
0.888596
1.161
0.938875
0.917757
0.899713
1.10311
0.967819
0.917704
1.03718
0.851091
1.14702
1.1618
1.02065
1.02881
1.08244
1.16211
0.806858
1.01395
0.852134
1.01732
0.909531
1.09961
0.950615
0.970913
0.846178
0.882111
1.03597
0.983556
0.926615
1.00807
0.962016
1.02978
0.981576
1.05296
0.825621
1.18295
1.00599
1.04714
1.00185
0.930189
0.921924
1.01146
1.134
0.856709
0.94778
0.962464
1.1611
0.94407
0.997586
0.83232
0.988154
0.990194
1.02754
1.16782
0.888641
1.11488
1.0955
0.804047
1.01686
0.897993
0.982277
0.874526
1.11969
1.00563
1.11662
0.994188
0.9893
0.948013
1.11313
0.821791
0.761512
1.00879
1.01248
1.13385
0.903199
0.969898
0.893603
1.00505
0.928222
1.06323
1.17343
1.04285
0.97214
0.907078
1.15588
1.00501
1.09196
1.04559
1.13503
1.10993
1.02072
1.13276
0.937922
0.896113
0.997463
0.989133
1.11689
0.789279
0.927958
0.933884
1.04263
1.05344
1.08317
0.926888
0.928863
1.0251
0.945554
0.997586
1.3699
1.07508
0.907326
0.935507
0.989166
0.877616
1.04086
1.01013
1.02248
1.04366
0.964808
1.03961
0.953916
1.16408
0.964024
1.06885
1.03949
0.952455
0.966811
1.02423
1.02324
1.04443
0.949071
1.01693
1.10406
1.00686
0.928436
0.98267
1.01504
0.951499
0.987298
1.14914
1.05673
1.07004
0.999549
1.183
1.08429
1.03383
1.16744
0.958273
0.915054
0.975363
0.980378
1.11543
0.973185
1.17551
1.20355
1.15271
1.02637
1.05021
1.157
0.941024
1.02221
0.991407
1.02768
0.969148
1.00731
0.972266
1.09793
1.0624
0.902649
0.981429
1.00208
0.816189
0.992907
0.978758
0.999173
0.801654
0.860976
1.14382
0.922171
0.8693
1.03022
0.951741
0.900109
0.83953
0.762801
0.881059
1.16821
0.893852
0.900496
1.04315
1.18445
1.09889
0.963525
0.991342
1.04892
0.9298
0.863449
0.978733
0.863493
0.903612
0.842198
0.88762
0.800657
0.954217
0.985876
1.11288
0.859737
1.15061
0.845589
0.897339
0.893458
0.943843
0.968545
0.946465
0.972851
0.956611
0.872237
1.02727
0.924584
0.743875
1.06477
0.902066
1.043
0.894662
1.04991
0.845362
0.831206
0.855509
0.929769
1.00456
1.02803
1.11932
0.842401
0.964765
1.2046
1.04118
1.0561
0.978574
0.993751
0.993909
0.833574
0.910793
1.08231
0.959733
0.948194
0.918721
0.878082
1.10406
0.952879
1.11531
1.09231
1.01819
1.03129
0.84537
0.917406
0.892868
1.00982
0.952314
0.921923
1.03877
0.907099
1.00838
1.0381
0.986523
1.16719
0.990474
1.03382
0.933046
1.01649
1.08124
1.05773
1.04454
1.00966
1.08722
1.07649
1.02382
0.887158
0.862643
0.96963
1.00279
0.891482
0.95749
1.21399
1.05487
1.16205
0.910704
0.826557
1.10151
1.07805
1.03504
1.10087
0.919537
1.12616
0.924421
1.08804
0.943313
1.04282
0.971257
1.09639
0.972764
0.96593
0.810322
1.19508
0.880375
0.89573
1.05242
1.05313
0.897461
1.03492
1.00248
0.993879
0.888076
1.11366
0.975421
1.053
1.01347
0.990559
0.923722
0.808828
1.10039
1.03264
0.996809
1.042
1.01956
0.982314
1.03322
1.19149
0.959011
0.966055
0.992822
1.05606
1.12026
0.98415
1.07201
1.11525
1.04697
0.85398
1.03531
0.989435
1.1245
1.02003
1.01901
0.840038
1.15316
0.969778
0.890899
0.946293
1.10433
0.992613
1.08877
1.01938
1.16203
1.11264
0.827695
0.946972
1.2091
1.0104
1.13819
1.06111
1.00748
1.09853
0.926006
0.998281
1.00898
0.961355
0.886639
1.17097
0.9121
0.922341
1.07007
1.01521
0.857553
1.03911
0.971458
1.07826
0.964436
0.978604
0.925592
0.951346
1.11466
0.959357
0.973103
0.989598
0.994029
1.08315
0.992124
1.09485
0.862276
0.890521
1.01292
0.939213
0.726738
1.02383
1.00056
0.890875
1.00914
0.863434
1.15923
1.1798
1.08503
1.01912
0.877382
1.02894
1.06379
0.991357
1.01495
0.898911
1.04431
1.02862
1.03724
0.998868
0.89309
0.981619
1.04032
1.04339
0.801957
0.988457
1.21559
0.901523
0.926244
1.08148
0.998914
1.04967
1.00883
1.09829
0.92408
1.03192
0.942556
1.10965
0.919464
1.10355
1.08433
0.88979
0.944224
1.03145
0.963217
0.94942
0.953356
0.807353
0.939744
0.909269
1.04829
1.10988
0.980335
0.85169
0.806538
0.913529
0.954365
0.906351
0.964491
0.978994
1.06161
1.09112
1.09977
1.07156
0.960628
1.08072
1.29605
1.14911
0.954486
0.851734
0.85026
0.986169
1.07365
0.933932
1.15909
1.03413
0.940038
0.880631
0.960826
1.01481
1.12062
1.08762
0.980679
1.16417
1.06842
1.00434
0.912456
0.897635
0.856102
1.11777
0.896448
1.04226
1.05384
1.0117
1.12909
1.10348
1.03257
1.07136
1.00126
1.09065
1.18528
1.0497
1.31317
0.803999
0.935611
0.969188
0.8686
1.12282
0.894596
0.938614
0.913665
1.05067
0.896072
0.936908
1.11779
0.937358
1.03559
1.0048
1.13914
1.07856
0.94087
0.940481
1.00799
0.924378
1.1642
0.807841
1.03056
0.999864
0.956661
1.09573
1.01416
1.02404
1.00398
1.13572
1.08672
1.21523
0.827543
1.13279
1.00389
0.922988
0.901207
1.07431
1.08411
0.94987
1.09436
0.856142
0.999425
0.867946
0.913239
1.09114
0.921319
0.955547
1.25081
0.966231
0.844411
0.905332
0.964992
1.01251
1.131
0.949539
0.938216
0.969059
1.04894
1.05692
1.00082
0.916416
1.05676
0.952472
1.12049
1.02933
1.01988
0.972191
1.02309
0.869334
0.965134
1.10175
0.867133
1.08449
0.985355
0.864214
0.790396
1.00756
1.03813
1.067
0.938641
1.06843
0.950619
0.863075
1.09826
0.908152
1.1817
1.12365
0.893911
1.09494
1.07465
0.872447
1.05006
0.946547
1.04864
1.02159
0.891424
0.993564
1.0735
1.10729
0.972304
0.835502
0.948717
1.10359
0.964074
0.957749
1.11122
0.888385
1.01994
1.08681
1.04873
1.03297
1.05008
0.970881
1.06707
1.33497
0.941397
0.848456
1.05895
0.995523
1.02026
1.04609
0.961507
0.898659
0.950709
1.0695
0.934835
1.18084
1.25455
0.9994
0.935496
0.97162
1.04167
0.933742
0.987068
0.962345
1.05753
1.14947
0.973581
0.975008
0.986184
0.967512
0.971264
1.27367
0.873352
1.06161
0.979971
0.752032
1.02094
0.964517
1.06664
0.971305
0.912623
0.943421
1.03213
1.06346
0.878729
0.879568
0.874473
1.13096
0.842894
0.877387
0.945946
0.923304
0.971748
1.07379
0.993651
0.946861
0.967328
0.985739
0.862465
1.03122
0.956214
1.00203
1.12665
1.06031
0.866048
1.00569
0.924179
1.05293
0.872706
0.930189
0.830758
0.995582
1.14369
0.981143
0.911894
0.856029
0.989388
1.00351
0.98686
1.02714
0.925559
1.05129
1.18148
1.01065
1.05944
1.01725
1.14029
1.02953
1.07883
1.20557
1.09779
1.0204
1.13846
0.941321
1.0497
1.0338
1.04947
0.934896
0.895945
1.083
0.948135
1.11214
0.881407
0.936761
0.93417
1.04342
0.946495
0.915471
1.07088
0.725434
1.03272
1.12284
0.9274
0.980445
0.948625
1.0226
0.933031
0.935962
0.971695
0.981355
1.22307
0.894369
1.04836
1.07567
0.942643
1.25885
1.23858
0.958443
0.938955
1.04836
0.938732
0.986578
1.06881
1.03881
0.766129
0.951849
0.971385
1.05321
0.933193
1.14314
0.86397
0.795256
1.18835
1.24124
1.0636
0.862982
1.03262
0.961023
1.20454
0.966897
0.952713
0.826487
1.09478
1.0462
1.1124
0.959665
1.19134
0.913017
1.00638
0.975037
0.86691
0.957147
0.999051
1.20376
0.945082
1.08556
0.942649
1.02211
1.00403
1.04619
0.974457
0.973385
1.13767
0.938756
1.04822
0.92371
0.930064
1.03202
1.07691
1.05536
1.12391
1.10332
1.15457
1.03745
1.01746
1.04674
1.02124
1.06841
0.852707
1.08524
1.01112
1.32133
0.850775
0.821036
0.84186
1.10229
0.800724
1.04424
0.839268
0.907388
0.832992
1.06595
0.954166
0.839246
1.03953
1.11769
1.03278
1.09529
0.998382
1.01819
1.12717
0.956081
0.943663
0.875153
0.910484
1.02794
0.938954
1.04499
1.06063
1.03294
0.942733
1.09062
0.797276
0.947797
0.830988
1.0141
0.965645
0.910131
0.937974
0.889598
0.983966
0.944131
1.01753
0.765848
1.40511
0.991957
0.801723
1.13934
0.978282
0.830277
0.871048
1.00004
0.822886
0.968812
0.958418
0.929893
0.947345
0.875516
1.11157
0.938241
1.11266
1.13668
1.01935
0.949727
1.03351
1.06442
1.02414
0.900438
0.957679
1.05797
1.0603
0.932181
0.987082
0.958358
0.991551
0.982751
0.98935
1.07635
1.00304
0.87643
0.971995
0.943797
0.875298
1.01404
1.12214
0.886379
0.919465
1.00319
0.886963
0.93967
1.08431
1.07835
0.897995
0.930222
1.16509
0.951475
1.16334
0.985814
1.03807
0.931957
0.988129
1.05483
1.20707
0.992882
0.863197
1.12774
0.988384
0.886727
0.843234
1.30366
0.9907
0.95278
0.952397
0.980276
1.2065
0.74525
1.0627
0.87792
0.914241
1.07816
1.13771
0.987757
0.810741
0.945098
0.991342
0.902974
0.940093
0.88214
1.02839
1.11237
1.0754
1.0396
1.04805
0.809509
1.01982
0.905041
0.959077
0.977859
1.1159
1.10342
0.968138
0.993134
0.961403
0.988735
1.07413
0.830135
1.10423
0.900642
1.04812
1.10573
1.01706
0.836849
0.971315
0.961152
0.938507
1.04433
0.967632
0.887226
1.02158
1.11722
1.11144
0.88722
0.779021
0.786932
1.05813
1.10888
1.01172
1.09764
0.880362
0.913045
0.939023
1.00295
0.955578
1.03002
0.928839
0.959476
0.927235
1.13091
0.939034
1.03747
0.943197
1.01525
0.808511
1.24233
1.05773
1.00261
1.08752
0.837449
1.08358
0.839257
0.90551
0.954385
1.05413
0.86188
0.977616
0.969745
1.00692
1.1028
1.25362
0.8493
1.16068
1.11875
1.03753
1.13789
0.952582
0.94155
1.09535
1.00036
0.935514
0.897509
1.10746
1.03073
0.943981
0.969693
1.24642
0.950458
0.97005
0.836171
0.909696
1.03218
0.95833
1.04322
0.982362
1.0326
0.896706
0.984446
1.04373
0.944309
1.01703
0.999197
0.904632
1.06388
0.900413
1.06524
0.98345
0.847587
1.0427
0.92708
0.917317
0.922538
0.943583
1.09314
0.915967
0.904249
0.919367
0.88353
0.927115
0.954448
1.00422
1.14107
0.936996
0.903806
0.910646
1.09607
0.920009
1.05899
0.990332
0.926199
1.02671
1.14237
1.08363
1.0506
1.01516
0.885428
1.03145
0.867374
0.928808
1.10847
0.950351
0.928815
1.08685
1.0426
0.922265
0.955472
0.953939
1.06513
1.06523
1.18562
0.925757
0.829302
1.01709
1.16984
1.34414
1.19273
0.864414
1.11858
0.981461
1.10881
0.908813
0.987036
1.05263
1.11281
1.08805
1.1651
0.942569
1.00525
0.924321
0.957308
1.00237
1.17062
0.904668
0.935519
0.929504
0.886084
1.034
1.02251
0.881113
1.06505
1.02808
1.06817
1.10631
1.05299
0.97026
0.910069
1.10347
0.975685
1.17508
0.922411
0.982839
0.974396
0.964175
0.872764
0.954407
1.03377
1.02494
0.988847
1.15952
0.936501
1.13076
0.952786
1.07687
0.987987
0.976221
0.949872
0.853219
1.08835
0.966982
1.00588
1.12666
1.14509
0.962049
0.938692
0.929409
1.14246
0.90329
0.917547
1.08915
0.885702
0.978372
0.840453
0.895783
0.975108
0.906607
1.10528
1.02049
0.97653
1.04424
1.25862
1.07892
0.953598
0.979162
1.16204
1.04431
1.0883
1.05802
1.06135
1.06957
1.00012
0.964068
1.15448
1.15342
1.09951
0.943897
0.94399
1.06566
0.941641
0.836951
0.826006
0.934537
0.866915
1.00284
0.970511
0.941711
1.014
1.057
0.986364
0.913179
0.96207
1.2969
0.993815
1.08049
1.15646
1.11897
0.993521
1.04697
1.13736
1.07941
1.15464
0.939202
1.04747
0.954129
1.08582
1.00093
0.965154
0.925258
1.03556
1.02314
1.05503
0.945872
1.01818
0.921478
0.997781
0.849321
0.931979
1.05779
0.952954
0.977815
0.91943
0.832633
0.850114
0.960717
0.969926
0.912794
1.00084
0.930694
0.948465
1.1629
1.00403
1.1834
0.874709
0.965196
0.979892
0.926508
1.01595
0.933984
1.22656
0.940669
1.02421
1.10221
1.04115
1.04868
0.897347
0.967126
1.13443
0.97223
1.01238
0.965685
0.912504
0.941419
1.03903
1.01122
0.764809
1.00117
1.09003
1.01584
1.02663
0.941609
0.895255
1.10857
0.991632
1.06329
0.909879
0.921592
0.931535
0.935944
0.977958
1.18028
1.10802
0.809985
0.760841
0.9376
1.13438
1.12672
0.980095
0.883414
0.832636
0.92425
0.850905
0.972532
0.883015
1.09482
1.05841
0.987691
0.802139
1.01107
1.00249
1.15923
1.00539
0.886234
0.950513
0.984584
0.83648
1.03842
1.09814
0.818674
0.99761
1.00825
0.87767
1.00635
1.01625
1.03261
1.07117
0.966126
1.13627
1.10566
1.13158
0.945805
1.13091
1.18447
0.982719
1.03106
1.09227
1.01664
0.845795
1.2088
1.14526
1.0056
0.933261
0.980542
0.995185
0.915942
0.912787
1.04123
0.981994
0.979544
1.06173
0.979686
1.08931
0.933452
1.17738
1.10497
0.980054
1.11343
1.08923
1.14955
1.04263
0.871071
1.13823
0.956351
0.942775
1.20168
0.997189
1.00888
1.19423
0.947962
0.87202
0.923239
1.07369
1.1067
0.927086
0.901667
0.838102
1.10493
0.899471
0.929932
0.923733
0.990513
1.03829
0.830165
0.973984
1.20528
1.20287
0.961222
1.278
0.954273
0.814969
1.07408
0.911777
1.1672
1.06875
1.04635
1.05399
1.13196
0.959997
1.01621
1.09663
1.06892
1.00814
1.28944
1.19433
1.00978
0.886829
1.00207
0.960988
1.20271
1.07157
1.03877
1.01284
0.889333
1.28017
0.976194
1.12404
1.00234
0.960294
0.987806
1.109
0.914669
0.965872
1.00561
1.12981
1.05563
0.888585
0.95956
1.00039
0.917733
1.03883
0.929233
1.01842
0.867838
0.820889
1.00048
0.918992
0.869424
0.90587
0.916379
1.03899
1.14896
1.148
0.988101
1.12728
1.02533
0.923172
0.983637
0.966611
1.02388
1.02656
0.899004
0.999146
1.0444
1.03754
1.00032
0.96134
0.941706
1.05606
1.02595
1.01063
1.06063
1.15719
0.951648
1.03485
1.03537
0.852164
0.859332
0.83233
1.08244
1.03023
0.9675
1.08308
1.07062
1.1637
1.0486
1.05045
0.822188
1.10747
0.937147
1.14478
1.19256
1.09184
0.946806
1.06511
1.16395
0.989707
0.72862
1.12216
1.04037
0.945807
1.0603
0.964863
0.964032
1.06863
1.04944
0.932163
1.05149
0.914262
1.04085
0.852708
1.15265
0.947395
0.953519
0.956344
1.1447
0.885673
0.988713
1.08495
0.925581
0.948018
0.944005
1.1921
0.951364
0.926143
0.952153
0.901509
0.856332
1.00268
0.944212
0.956135
1.08913
1.12873
1.04425
0.984321
0.955731
1.16792
0.972305
1.07914
1.00997
1.13881
1.08301
1.08834
0.96399
1.1666
1.02996
1.12277
1.06746
1.03281
1.01703
0.896311
0.816707
1.055
0.990903
0.998583
1.03845
1.02646
0.933211
0.949097
1.0427
0.928889
1.05653
0.989604
0.840773
1.15409
1.01421
0.974746
0.825117
0.920464
0.943198
1.02386
1.04544
0.913517
0.94314
1.04072
0.871872
0.898528
0.881828
1.078
0.938064
1.10484
0.962446
1.05013
0.937526
0.990565
1.20236
0.893021
0.915251
1.08081
0.989695
0.857979
1.03005
1.04771
0.929482
0.937083
0.913206
0.967919
0.943963
1.03127
0.795105
0.910383
1.03797
1.01623
1.06258
1.11447
0.993699
1.0282
1.06302
1.02615
0.825788
0.878952
1.05642
0.990532
0.984903
0.962507
1.13027
1.03284
1.03429
1.06762
0.881176
1.02962
1.03635
1.01732
0.938933
1.04314
0.962695
0.867519
1.11193
0.8504
1.18437
1.16085
1.08001
0.991834
1.26069
0.957159
1.09335
1.08046
0.910812
1.09864
1.05601
1.1798
1.05352
0.985543
1.02706
0.926936
1.31126
1.09223
1.09797
0.919564
1.06522
0.980953
0.988878
0.939052
0.915361
1.00732
1.14042
1.01578
0.844816
1.12117
1.01551
0.920698
0.923031
1.05527
0.893283
1.15559
1.00841
0.978647
0.980382
1.15368
0.939745
1.04323
0.949147
0.909087
1.02304
0.998338
0.911478
1.18394
0.989509
0.952143
0.961644
0.990533
0.832606
0.897374
1.05495
0.964899
0.937121
1.09622
1.10551
1.06165
1.00668
0.931739
0.949942
1.06536
0.90407
0.931309
0.989491
0.764803
1.01199
0.753392
1.15381
0.870255
1.01858
0.940464
1.07689
0.86461
1.13944
1.21649
0.977307
0.959999
0.959079
0.991225
1.04178
1.04198
0.904935
1.14081
1.12145
1.04752
1.02105
1.0322
0.842663
0.995328
1.02271
1.0198
0.933869
0.852
0.858053
0.923761
1.09635
0.959975
1.19157
1.04065
1.27847
0.921322
0.936313
0.937952
1.22559
1.15535
0.853479
0.92229
0.951195
0.966833
0.923138
0.962437
1.04304
0.981722
0.844597
0.995649
0.990553
0.848078
0.743956
0.892542
1.08064
1.05446
1.1465
1.0219
0.955669
1.08256
1.03274
0.911135
0.979015
1.03723
1.21622
1.07839
1.11843
1.12084
1.22828
1.06781
0.923208
0.909496
1.22957
0.865406
0.89571
0.974118
0.740566
1.03056
1.10887
0.873266
1.00969
0.944489
0.996609
1.03558
1.02603
1.04079
0.879696
0.986423
1.14726
0.99362
0.977128
0.865517
0.97296
0.974048
1.01723
0.965388
1.25043
1.0066
1.12186
0.980726
1.06136
1.09211
1.12444
1.16597
1.16961
0.831119
0.977306
0.891095
1.06236
0.95697
1.18192
1.10868
0.959618
1.03716
1.06602
1.02438
1.04592
0.93204
0.928058
0.991254
1.02321
1.06363
1.07689
0.880714
1.06895
1.00444
0.989076
1.12201
0.96579
1.01928
1.04926
0.804227
0.869601
0.961725
0.799343
1.13135
1.02097
0.926451
0.916939
1.0292
1.13877
1.00187
1.02609
1.0086
0.79049
0.932361
1.10736
0.953977
1.01886
0.962167
1.19539
1.06109
0.841467
1.09661
1.09223
0.866357
0.829925
1.03621
1.15161
1.05816
1.08376
0.852877
1.01654
0.886714
0.829041
0.870909
1.05849
0.977128
0.967803
1.10242
0.968513
1.11023
1.06536
1.03324
1.03002
1.03752
0.97991
1.05493
0.789681
0.9334
0.883449
0.99458
0.993711
1.09591
1.04475
0.940489
1.18278
0.946718
0.986794
0.956954
1.00578
1.04545
1.06395
1.06046
0.903179
1.05842
0.867597
0.99845
0.987088
0.80722
1.11897
0.961412
0.912389
1.07898
0.943463
0.953326
0.916816
0.999707
0.914765
0.855969
0.904504
1.002
0.897974
0.837502
1.08744
1.12943
0.863797
0.925586
1.11058
0.828928
1.09152
0.983871
1.02369
0.761698
0.894062
0.966466
0.869308
0.931388
0.794123
1.01959
0.88194
0.957154
1.2164
0.960274
1.00506
1.03059
1.13285
1.05148
0.994941
0.938722
1.01451
0.926918
0.804267
0.841115
0.921564
1.14071
1.00177
0.953287
0.824542
0.892725
0.89232
0.958732
1.02652
0.984139
0.911578
1.0935
1.0597
1.02662
0.905607
1.0339
1.03111
1.05778
1.25039
0.996419
1.03144
1.08368
1.12408
0.854911
0.960019
1.16968
1.10016
1.12894
1.07914
0.935609
1.11498
1.04181
0.969476
1.19923
0.887504
1.04676
0.888091
0.794342
0.834875
0.825001
0.970659
0.974718
0.910206
0.96381
1.00167
0.827787
1.00374
0.975557
0.94515
0.935847
1.10353
1.03628
1.1409
1.04836
0.796881
1.05242
0.961637
1.04256
1.09086
1.03417
1.13057
1.18865
1.16363
0.947712
0.957008
1.18743
0.978598
0.732497
1.10807
1.05721
1.04851
0.836427
0.877292
1.04131
0.8982
0.96022
0.986989
0.961723
1.01328
1.07957
1.0274
0.947665
1.13275
0.903556
0.981977
1.03092
1.02348
0.892031
0.958217
0.927199
0.922691
1.05907
0.910845
0.984638
1.18783
0.898728
0.86474
1.02305
0.871417
1.16008
0.917349
1.13842
0.807246
1.03663
1.14148
1.02346
1.17152
1.25851
0.895221
0.831092
0.983428
0.973357
1.15868
1.04264
1.1066
0.787578
1.04172
0.962631
0.981105
0.931104
1.08347
1.0332
0.989411
0.872395
1.06073
0.950056
0.95812
1.08578
0.944423
0.890015
0.940287
1.07529
1.01939
1.14104
0.826229
0.851736
1.06548
1.13188
0.834097
1.2632
1.20819
1.00513
0.990219
0.920744
1.05668
0.863938
1.08648
1.11097
0.98209
0.846125
0.961518
0.952629
1.092
0.973339
0.958736
1.00525
0.952657
1.12236
1.04213
1.16283
0.976544
1.10194
1.11757
1.00952
1.16248
1.03048
1.04655
1.05471
1.01599
0.943067
1.01514
1.07944
0.961678
1.05305
1.19512
0.852651
1.03917
0.820553
0.837034
0.821368
0.885928
1.17063
1.01861
0.936058
0.937631
1.03776
1.04376
1.06659
0.735996
1.04938
1.00898
0.853885
1.01624
0.867338
1.05863
1.02933
1.08968
1.08317
0.938715
0.983203
0.869977
0.870355
1.23165
1.29548
0.924226
1.07767
1.01625
1.03914
1.20623
0.971196
1.01587
0.991158
0.905575
0.967958
1.09266
1.11224
0.909339
0.866624
0.932152
0.889537
0.893871
1.01508
1.03589
1.04595
1.18361
1.07996
0.889746
0.904635
1.24944
0.930505
0.924085
1.10712
1.11809
0.84897
1.03834
0.917083
1.04333
0.884117
1.10677
0.885141
0.788925
0.893975
0.917481
1.07421
0.893921
1.18955
1.01814
0.958263
0.884303
1.0234
1.11314
0.913614
0.897099
0.868934
1.09719
0.993514
1.09283
1.16616
0.928622
0.942358
0.935451
1.13632
0.765036
0.94626
1.09943
1.08237
0.991218
1.0303
1.05497
1.13389
1.05254
0.970343
0.885988
0.950449
0.794494
0.890896
1.026
1.17902
0.944772
1.1102
1.21848
1.02712
1.06662
1.00195
1.05524
0.98035
1.04815
0.949185
0.970159
1.0179
1.07811
0.967723
0.856838
1.12717
1.22257
1.13078
1.20861
1.03905
1.22643
1.04063
1.07812
1.00146
0.954642
0.892863
1.01484
0.868733
0.865039
1.09959
1.03167
1.02944
0.919874
0.999616
1.03194
0.962104
0.979842
1.08667
0.966935
1.0827
0.874073
1.02712
0.952371
1.05346
1.07597
1.00935
1.05861
1.02707
0.916464
0.933156
0.918024
0.933184
1.0807
0.983501
0.885359
0.945505
0.915986
1.03272
0.852054
0.767951
0.849609
0.964924
0.829513
1.1331
0.91903
0.993775
1.03276
0.934537
1.0746
0.993777
0.8849
0.938075
1.12452
1.04056
1.04547
0.932588
1.02628
1.0239
0.963532
0.893901
1.03261
1.13864
0.908813
1.07597
1.19821
1.02903
0.698162
0.98151
1.17512
0.996197
1.01393
0.950718
0.946905
1.09828
1.23226
1.04796
0.928819
1.07325
0.988636
0.795828
0.908363
0.959391
1.02497
0.987656
0.905569
0.93185
0.921907
0.890573
1.17485
0.843783
0.950283
1.02714
1.06148
1.11805
0.942746
1.03995
0.983925
1.04131
0.981502
1.07649
1.02844
0.858135
1.0076
0.962964
0.80762
0.969832
1.09792
1.04775
0.945427
1.08914
1.05517
0.952761
0.958802
0.981632
0.916172
0.86505
1.09211
0.925108
0.936951
0.911669
1.18541
1.10528
0.826497
0.940458
1.18319
0.935417
0.897255
0.948222
1.05271
1.11424
0.853959
1.04684
1.06284
0.970017
0.948188
0.914077
0.999193
0.82038
1.08242
1.0813
0.996196
1.14626
1.06335
1.19058
1.00402
0.90445
1.13112
1.1148
0.877055
0.888279
0.925269
1.07046
0.99228
1.21369
0.936093
1.06119
1.0088
0.983078
1.00397
1.05295
1.26478
1.12544
0.915363
1.05292
1.00966
1.04315
1.10314
1.03358
1.06871
0.901106
1.04778
1.02631
1.10886
0.955273
0.887089
0.874018
0.999407
1.1066
0.997494
1.20005
0.93921
0.981427
1.17617
1.13361
0.88828
1.13681
0.978745
1.08749
0.828341
1.11447
1.02736
0.867816
1.18251
0.875428
0.82
0.956243
0.946407
1.1147
0.914146
0.840154
1.11733
0.920209
0.90514
0.991858
1.01614
1.02731
1.09937
0.771543
0.914121
0.932946
0.889177
0.902008
0.924183
1.09991
0.974675
1.22419
1.00479
1.19453
0.866321
0.951596
0.94523
1.21548
0.927572
1.01188
0.944764
1.02858
1.14242
1.06103
1.20107
0.871573
0.999429
1.14488
1.08613
1.02283
1.09718
1.10887
1.02669
1.05244
0.827751
1.09075
0.951612
1.02004
1.19899
1.03424
1.12159
0.937886
1.06689
0.906775
1.2084
0.919305
1.09434
1.00736
1.05336
1.07631
0.909151
0.901853
0.857973
1.00273
0.915266
0.910142
0.989768
0.810039
1.04184
0.800117
0.893443
0.759364
0.952537
1.12041
1.09553
0.922148
1.10028
1.03581
0.931268
1.00403
0.970224
0.858325
0.917526
1.05337
1.12647
0.946578
1.02338
1.12204
0.895917
1.05711
1.09564
1.31729
0.95094
0.8047
0.9467
1.10922
1.08704
1.013
0.927735
0.95474
1.05038
1.13155
1.03311
0.751992
0.956517
1.07611
1.03337
1.01134
1.094
1.03338
0.880982
0.934297
1.13402
1.19004
0.936161
1.00327
1.01541
0.993789
1.04416
0.959897
1.05645
1.03331
0.781346
0.998384
0.991827
0.860137
0.783505
1.18547
0.863877
0.971283
1.01082
1.19008
1.05951
0.964761
0.939286
0.869167
0.925032
0.970708
1.01297
0.980332
0.909321
0.914938
0.943109
0.939622
1.05156
0.903118
0.957395
0.967769
0.927698
0.979495
0.934663
1.10348
0.96342
0.973683
0.946925
1.04167
0.954227
1.05812
0.846999
0.974205
0.989997
0.918962
0.867181
1.10197
1.06136
1.02515
0.94031
0.972757
0.942947
0.911084
1.24357
1.10661
0.915705
0.964145
1.03972
1.02096
0.779712
0.786901
0.980652
0.97223
0.947276
0.959203
1.01586
1.11621
0.960057
0.826522
0.953336
1.15536
1.04866
0.943764
0.922598
0.924016
1.08869
0.999535
0.942669
0.998291
0.927921
1.05132
1.02736
0.922948
1.24297
1.10957
1.01285
1.0993
0.979315
1.00996
1.01182
1.05965
0.927844
1.20381
1.10111
1.07145
0.978757
0.920181
0.84614
1.15707
0.760117
1.08369
1.00352
0.955794
0.948358
0.86141
1.19193
0.854754
0.977222
0.771295
0.871922
0.949792
0.919383
1.09385
0.811558
0.972245
0.954077
1.10489
1.13807
1.16806
1.03044
1.11884
1.0247
0.96969
0.980905
1.27912
0.994028
1.18409
0.976031
0.981987
0.883254
0.904321
0.960098
1.06791
0.990006
0.90574
0.895021
0.945019
0.98164
1.05138
0.982388
1.31752
0.958883
0.881404
1.02089
0.98397
1.03549
1.06077
0.921851
1.12877
1.13323
0.923811
1.20011
0.926505
0.983591
0.982073
1.00997
0.949457
0.836992
1.01609
0.926561
0.987442
1.1804
1.13009
1.04021
0.867788
1.03889
0.986203
0.841331
0.777699
0.959372
1.04197
0.960959
1.05937
1.02916
1.03606
0.905634
0.980707
0.940239
1.10625
1.07651
0.917941
0.846694
1.016
0.860755
0.8791
0.820273
1.00767
1.02968
1.02258
1.04365
0.878703
0.861583
0.803902
0.996055
1.09792
0.992322
0.996081
1.06499
1.0209
0.857578
0.998019
1.15238
0.941874
0.88822
0.982067
1.07727
0.966928
0.982583
1.01985
1.03199
0.910046
0.993668
1.01983
0.870566
0.851396
0.936149
0.890263
1.13816
1.21837
0.891388
0.781948
1.08352
1.06843
1.17899
1.15957
1.29741
1.01982
1.19714
0.925064
1.16407
1.15266
1.0852
1.01504
0.946288
1.021
0.996064
0.890475
0.757648
0.924744
1.07941
0.87294
0.86753
0.923294
1.0149
1.02949
1.06908
1.10612
1.12994
0.908345
0.991814
0.876808
1.03642
0.992546
0.976407
1.0138
1.05327
1.00165
0.84083
1.01363
0.936934
1.11286
1.18446
1.10086
1.12418
1.037
0.988286
1.09948
1.13867
0.92502
1.09318
1.0923
1.0653
0.856616
1.08494
0.950528
1.07554
0.913614
1.04705
1.02304
1.06118
1.04895
0.851676
1.09484
1.05215
1.02239
1.20609
0.854194
1.04469
1.03119
0.886542
0.938441
0.96574
1.12447
0.897409
0.750162
1.09878
1.10476
1.05036
0.880871
0.960347
1.00265
0.972347
0.942094
0.991788
1.09984
1.06721
1.10995
0.897152
0.959856
1.00341
0.883673
1.1532
0.943785
1.13874
1.23884
1.01124
0.848363
1.12419
0.886237
0.973883
0.956776
1.03709
1.0937
1.04002
1.07555
1.02648
0.883955
1.09058
1.11595
1.08856
0.863057
0.944829
1.07612
1.0972
0.9593
0.89341
0.927404
1.05248
0.948472
0.976575
0.926899
1.01904
0.979553
1.08787
0.94174
1.12065
0.999856
0.933397
1.02645
0.948794
0.939693
0.919887
0.796362
1.06083
1.04847
0.854002
0.901913
0.862309
1.09202
1.01081
1.06964
1.18214
1.00418
0.989353
1.05654
0.870181
0.804012
0.863706
0.975099
0.896908
1.01296
0.893857
0.907245
1.00819
1.09931
1.0931
0.97311
1.00476
1.02962
0.897476
0.873915
0.909022
0.943762
0.981663
0.883172
0.947126
1.0061
1.03798
1.02825
1.05186
1.04237
1.12842
0.985696
1.07076
0.891481
1.04786
0.998814
0.922494
0.854971
0.956312
1.1268
1.03244
1.08147
1.04201
0.971005
1.15272
0.917302
1.08334
0.983129
1.02318
1.09415
0.878928
0.930872
1.08004
0.989422
0.992685
0.913201
0.880474
0.93292
1.04918
1.02249
1.04354
1.14356
0.957327
0.891097
0.98608
0.847984
0.931897
0.977573
1.09775
0.986161
0.897847
0.946665
0.941829
1.02314
1.18088
1.15758
1.06147
1.19451
1.06211
1.04881
1.06427
1.12701
1.04835
1.18924
0.892126
0.917738
1.09542
1.05096
0.999017
0.916816
1.00684
0.97943
1.39825
0.812472
1.16051
0.926303
0.900584
1.22609
1.07319
0.938237
1.17847
1.03715
1.0461
0.993842
0.941351
0.92212
0.940525
0.969705
0.983663
1.00861
1.02783
1.1344
1.02729
1.19324
1.23689
0.965499
0.882223
1.06103
0.91477
1.03284
0.998033
0.986289
0.898551
0.960191
1.02689
0.846454
0.978912
1.1648
0.929587
1.04906
0.974937
1.12638
1.24756
0.851558
0.990483
1.03527
1.10496
0.858567
1.04613
0.928796
0.948637
0.92055
0.975979
1.05773
0.953921
1.19218
0.921178
1.07219
1.11589
1.05053
1.29204
1.08143
1.08922
0.901927
1.11875
0.84576
1.03691
1.21187
1.0304
1.07016
1.18669
1.11822
1.13782
1.14714
1.05569
1.04722
0.904294
1.11497
0.933963
0.926078
1.01523
1.11616
1.00419
1.11295
0.884411
1.16444
0.974435
0.99223
0.869405
0.889751
1.08867
1.0779
0.992405
0.939786
1.00831
0.963796
1.28739
1.0193
0.986159
1.05895
0.901327
1.09076
0.929766
0.962868
0.844424
0.947817
1.1311
0.999716
1.11324
1.02065
1.03886
0.960843
0.949652
0.908969
0.905244
0.946461
1.12203
0.876752
1.07663
0.805526
1.12681
1.07371
0.906764
1.01516
0.988449
0.996552
1.0381
1.06545
1.05094
1.01277
1.14994
0.803964
1.06761
1.09951
0.919917
0.998894
0.93864
0.910498
1.16529
0.816384
1.02852
0.807544
1.11376
0.879047
1.13694
1.15697
1.03038
0.945311
1.04687
1.15307
1.07147
1.03981
1.03784
0.976596
0.917662
0.986769
0.973169
1.09232
0.969271
1.07222
0.856807
1.0226
0.835369
0.922451
1.00531
0.896094
0.940744
1.13173
1.00959
1.01484
0.93028
0.967014
0.883243
0.996682
1.00754
0.959292
0.956299
0.958011
0.90154
1.12844
1.07899
1.08913
1.03253
0.973367
0.927956
0.995369
0.856415
0.940059
0.858021
1.04409
0.964688
1.11899
1.10463
0.85637
1.06202
0.972848
0.849885
1.0951
0.998635
0.9239
1.00772
1.0563
1.14694
0.852046
1.04509
0.894817
1.0787
1.05013
1.00917
0.843583
1.02346
0.977666
0.997207
0.846694
0.893644
0.906495
0.87295
1.04674
1.03071
1.07403
1.03086
0.966608
1.0325
1.13048
1.02662
0.991539
1.14722
1.03213
1.09436
0.898461
1.09036
1.04503
0.782953
0.852799
0.910068
1.01001
0.966338
0.990798
1.10688
1.06145
1.11289
0.937988
1.04291
0.91622
0.961536
0.960251
0.845598
0.987295
0.889342
1.15662
1.0947
0.959486
1.03176
1.05984
0.906847
1.02036
0.962412
0.961862
1.05312
1.037
1.32062
0.949362
0.963327
1.07128
0.849313
0.911638
1.15138
1.08865
0.970801
1.05322
1.00343
0.925299
1.03451
1.04835
1.10864
0.992837
1.01477
0.919955
1.04857
0.875086
1.16556
1.17655
0.964713
0.904446
0.891818
1.1337
0.861239
0.98171
0.906298
0.913353
1.07149
0.936982
1.12169
0.924406
0.958223
0.975908
1.08853
1.16246
0.94562
1.05221
0.959849
0.9244
0.875019
1.01214
0.945909
0.940499
0.892878
1.03006
0.938058
0.905664
0.897949
1.24178
0.980427
0.925057
0.927472
0.834747
0.971487
1.03905
1.02957
0.920708
1.01255
1.05527
0.957646
0.940756
0.9755
0.939446
1.0817
1.08083
0.966107
1.16018
1.04574
1.10026
1.00121
1.05316
0.879023
1.08456
1.09925
0.836501
1.02433
1.05468
1.0009
1.00318
0.884676
0.958636
1.11001
1.10915
0.998484
1.08981
1.06606
0.9022
0.916834
0.861822
0.894202
0.874797
1.06134
0.97931
1.01518
0.935049
1.2514
1.12769
0.917869
1.00432
0.923251
0.789596
0.96324
0.849643
0.947676
1.14603
0.87446
0.939168
1.13753
1.02647
0.953169
1.14135
1.11622
1.01684
1.14559
0.924749
0.980938
1.17789
0.978686
0.941207
1.05604
0.909842
1.12094
0.893632
0.967867
0.978533
0.949382
0.87469
0.901624
1.01176
1.00064
0.887576
1.01728
1.00165
0.958063
1.0507
1.00139
1.04629
0.953001
0.943362
0.969877
0.956382
1.10121
0.862912
0.95891
0.969304
0.909033
1.00588
1.23969
0.866376
1.08557
1.13204
1.00166
1.02875
1.05526
1.13828
1.12038
1.14277
0.939806
0.990865
1.09742
1.08598
1.03463
1.01452
0.891816
0.92437
1.05922
1.00032
0.98569
1.08026
0.857821
0.904952
1.00494
0.971174
0.962238
1.01432
1.10787
1.00002
1.0748
1.06389
1.12933
1.13891
0.709128
0.909666
1.09564
0.836999
1.0647
1.09806
1.08185
1.09402
0.988013
0.948298
0.968553
1.07745
1.072
0.943414
1.02929
0.861247
0.892596
1.09003
0.853143
1.15578
1.06712
0.81736
0.843964
0.809098
1.13069
0.919166
1.04946
1.08166
1.31762
1.03336
0.918938
0.852815
1.0328
0.901596
1.06921
0.897956
0.928728
1.06429
0.856419
1.04862
0.925931
0.894301
1.0932
0.9673
1.17733
0.902261
0.905193
1.08155
0.890718
1.11694
1.03191
0.950734
1.0155
1.01373
1.08202
0.847616
0.84202
1.08828
0.954825
1.09729
1.23291
1.15177
1.05789
1.09067
1.21331
0.918433
0.917512
0.905764
0.696987
1.16365
1.21588
0.952156
0.869298
0.937134
1.12464
0.978476
0.992557
1.02522
0.986008
0.928042
1.03424
1.01781
1.14043
0.847045
0.891696
1.0075
1.12655
1.00799
0.908627
1.08457
0.993905
1.01697
0.983445
0.755407
0.848129
0.901652
1.06474
0.888981
0.941333
0.942378
0.990468
0.952881
1.05483
0.952467
0.961345
1.05997
1.14137
1.09428
0.838814
1.03027
0.823707
0.934965
0.992785
1.07269
0.888481
1.13789
1.08536
1.03552
1.15992
1.02992
1.05973
1.09852
0.949071
1.11139
0.947407
0.957953
0.76847
0.865019
0.998552
1.19925
0.995791
0.980469
1.12378
1.01142
1.05114
1.01876
1.03459
1.02855
1.22427
1.15408
0.974051
0.926418
0.914648
1.12171
1.07876
0.94944
1.02722
0.89202
0.902999
1.15649
1.04615
0.970278
1.03513
0.961691
1.01016
1.00406
0.896525
0.894288
0.977044
1.15972
1.21954
1.00357
0.971989
0.778265
0.995992
1.02167
0.834779
0.803255
1.02625
1.05396
1.01195
0.807073
0.894577
1.13049
1.06173
1.04419
1.01481
1.04957
1.02041
0.946477
1.00721
0.918767
0.989639
0.930866
0.967976
1.1475
0.739488
1.09195
0.998132
0.771337
1.0878
0.993114
0.903949
1.0133
0.995144
0.886098
0.968117
0.986516
1.12878
0.866837
0.860312
1.14963
0.85701
1.106
0.874891
1.00515
1.00642
1.00348
1.0745
0.956189
0.934949
0.811855
1.06677
0.881054
1.08419
0.936713
1.15003
1.02748
1.12886
1.00525
1.062
1.22978
1.18135
1.03797
1.18665
0.820999
1.02587
0.902839
1.24515
1.01459
0.926995
1.11318
1.0683
1.01629
1.02537
1.04251
0.894613
1.13443
1.15802
0.848001
1.05652
1.08413
1.14506
0.864975
1.12224
1.11662
0.998617
1.0205
1.04526
0.997663
0.962672
1.00754
1.01761
0.910538
0.877733
1.14545
0.979848
0.770879
1.02178
0.903201
0.850895
0.967162
0.915018
1.01979
1.10644
0.949313
1.01538
0.989955
0.998903
0.96952
1.05446
1.03191
1.04433
0.995356
1.04685
0.987303
0.946327
0.99479
0.944183
1.02406
1.02386
1.05642
0.920784
0.819861
1.11123
1.07342
1.08349
1.14733
0.939375
1.05527
0.872153
1.00772
0.798789
0.9687
1.0442
1.00632
1.1373
0.938681
1.03038
0.916519
1.12448
0.994097
0.974922
0.822494
1.19067
1.00427
1.01528
0.99673
1.04753
0.929901
0.983211
0.963342
0.956942
1.02445
0.93193
0.82341
0.935305
1.16349
0.976065
1.08514
0.900851
0.959034
1.01782
0.940787
1.02671
0.959359
1.01502
0.925575
0.940192
0.912174
1.1122
0.920611
0.980309
0.957721
1.02857
0.876043
0.966085
1.1353
0.916647
1.01817
0.980933
0.922647
0.874867
1.02332
1.09697
0.934154
0.862155
0.822822
1.00952
1.02429
0.94183
0.964042
1.078
0.992871
0.793944
0.985253
0.996559
1.00483
0.960956
0.922664
1.01125
0.9563
1.04099
1.04872
1.04756
1.18285
1.12884
0.973411
0.875987
1.0571
1.00014
1.19691
1.03857
0.907581
0.914962
0.906712
0.891879
1.00204
0.913837
0.870832
1.00683
0.963497
0.97756
1.00021
1.22056
0.978278
1.01008
0.917435
1.01739
1.02492
0.865972
0.923668
1.08633
0.964467
1.10769
1.03657
0.911261
1.0094
1.01385
1.00641
1.05999
0.965531
0.817072
1.02446
1.20174
0.885693
1.06116
0.997745
1.05282
0.798674
1.18864
1.19703
0.97001
0.898431
0.990526
1.08038
1.28942
0.864198
1.07587
1.04607
0.951725
1.03309
0.967129
1.07212
1.0121
1.18091
1.07978
0.972299
0.990852
1.00722
1.11869
0.865536
1.09527
1.10884
1.07488
1.01999
1.09414
0.87993
1.09963
0.977887
0.901056
0.91832
1.03582
0.981595
0.910194
1.04702
1.03547
0.971245
0.80697
0.888782
0.970427
0.866355
0.886215
0.934221
0.83667
0.99897
0.948322
0.9841
0.993007
0.952371
0.975387
1.06544
0.903692
0.860543
0.900205
1.16301
1.17864
0.900902
1.04815
0.904446
1.04309
1.00023
1.19487
0.977458
1.1784
0.923481
0.844565
1.08666
1.10763
0.897567
0.77006
1.07495
1.0917
0.925482
0.960632
1.01116
0.993612
1.02221
1.04558
0.925908
1.02492
1.05641
0.847737
1.139
0.894197
0.970502
1.01827
0.852654
1.12853
1.00593
0.914525
0.897168
0.932455
0.883531
0.969062
0.861885
0.970302
0.908482
1.0283
0.970741
0.973189
0.981119
0.959132
0.748551
0.991741
0.980507
1.13327
0.993368
0.966852
1.08642
1.01679
0.910919
0.900833
0.932916
0.850087
0.923986
1.07666
1.01778
0.947263
0.851405
0.995511
1.08865
1.05325
0.893797
1.06398
0.968637
1.1914
0.984131
1.03278
1.06074
0.985392
0.970694
0.957634
0.966566
0.933309
0.864448
0.924882
0.770529
1.10107
0.93781
1.13674
0.886951
0.984411
0.909879
0.983343
1.1725
1.11038
0.903355
1.03602
0.865149
1.04999
1.06379
1.13605
0.981736
1.02999
0.897732
1.07079
1.04699
1.18103
0.853896
0.988616
0.859096
1.00978
1.04014
1.08084
1.00637
0.950314
0.95235
1.00399
0.955132
0.837741
0.977501
1.09995
1.20618
1.16056
0.999971
0.965086
0.708163
1.00699
1.08304
1.10146
0.977952
1.0237
1.04053
1.12218
0.832519
1.05054
0.989307
1.01877
0.97967
0.905092
0.914721
1.23927
0.975907
0.86789
1.05144
0.907785
0.991366
0.776934
1.22047
0.88166
1.20688
0.994356
0.835263
0.971851
0.883812
0.85628
1.03534
1.12814
1.2608
0.847745
0.856317
0.913573
0.94242
1.31256
1.04235
1.09313
1.0271
0.974377
0.897961
0.959144
1.00667
1.11743
1.04775
1.04335
1.02313
0.958736
0.930797
1.05246
0.977851
0.877746
0.961269
1.02221
0.911613
0.984189
0.914234
1.08969
0.911554
0.979844
0.981177
1.04535
0.972468
0.899919
1.16488
0.901162
0.791759
1.01225
0.991803
0.954611
1.10982
0.872501
0.972143
1.03921
1.1368
0.906491
0.968851
1.0063
1.02931
0.952884
1.11913
1.07141
1.00444
1.00402
0.966832
1.09322
1.03974
1.04906
1.13812
1.15416
1.07084
0.960835
0.940704
1.17123
1.18936
1.00647
0.957433
0.994559
0.924486
1.12576
0.994334
0.885672
1.02919
1.01184
0.82617
0.924068
1.06576
0.878912
0.980682
1.08385
1.16352
1.09537
1.03466
0.919124
0.79842
1.10514
0.917002
1.09532
1.0161
0.841658
0.810962
1.15146
0.899898
1.07149
1.05397
1.01125
1.06244
1.08712
1.06752
0.86835
0.905535
1.05171
0.918656
1.09072
1.07518
0.984172
1.0138
1.04699
0.836577
1.14827
0.96667
0.807617
0.881801
1.13654
0.925921
0.918805
0.965828
1.02892
1.09992
0.946665
1.02298
1.04984
0.880683
1.01503
1.06264
1.05756
0.999984
1.0037
0.933149
1.20117
1.27122
0.926595
0.988461
0.819002
0.915418
0.988753
0.853185
1.00425
1.01163
1.04265
1.23203
0.930305
0.924251
1.33076
0.921738
0.83302
1.13864
1.00256
1.13919
0.890787
0.981404
0.944197
0.906297
1.02852
1.08194
1.08064
0.835419
1.09652
0.888488
1.00567
1.06663
1.12156
1.12084
1.00966
0.878501
0.85444
0.978121
0.96922
0.907142
1.12409
1.17974
1.02987
1.12138
0.954324
0.972004
1.13653
0.960873
0.927212
0.932829
1.16364
1.05399
1.12205
0.891077
1.07808
0.994369
0.882108
0.873273
1.24887
1.08551
0.926238
0.990143
0.861898
1.02775
0.900553
1.06318
0.891366
1.17544
0.91498
0.998731
0.822026
0.91888
1.29355
1.05447
0.907086
1.00702
1.12457
1.00652
1.06377
1.0456
0.971517
0.955282
0.937244
0.91786
1.19641
1.0262
1.0037
0.95545
1.11995
0.98017
1.22977
1.04067
0.922035
1.10689
0.912639
0.988479
0.98938
0.945467
0.988539
0.963999
0.941565
0.973154
1.06175
0.993672
0.958774
1.00085
0.980209
0.996468
0.915262
1.07749
0.845085
0.947539
0.909083
1.0036
0.825454
1.06069
0.998294
1.03637
1.11519
0.866757
0.918782
1.01947
0.988996
0.943567
0.974306
1.0853
0.849411
0.995546
1.04732
1.00477
0.943138
0.858567
1.08249
1.01904
0.935201
1.13497
1.06789
0.950478
0.917679
0.994036
0.874295
1.01767
1.02698
0.953173
1.24361
1.0101
1.10818
0.93774
1.03342
0.915353
0.913744
0.938475
1.00676
0.8382
1.29466
1.03099
1.06621
1.24805
0.932541
0.96554
0.810091
1.0556
1.02192
1.01392
1.05231
0.811447
0.936793
1.10698
1.02072
0.991352
1.0994
1.04814
1.03537
0.845339
0.919105
0.991021
0.869937
1.11666
0.980416
1.01021
1.08408
1.14863
0.860287
1.04791
1.10753
1.06483
1.27079
0.725094
0.985746
1.05347
1.06422
1.02336
0.780272
1.03139
0.955904
0.998861
1.05788
0.831166
1.16307
1.07735
0.881819
1.10469
0.951022
1.1818
1.10686
0.856439
1.20558
0.904602
1.21105
1.10158
0.966709
0.993919
0.922597
1.10141
1.07421
0.934423
1.06989
0.979333
1.17692
1.0545
0.830675
1.02003
0.879316
1.01064
0.956628
0.974885
0.823898
0.905372
1.05283
1.04745
0.98985
1.14351
0.898851
0.973827
0.83512
0.936222
0.950083
0.902106
0.96852
0.95382
0.911154
0.92328
1.00228
1.15202
1.11818
0.915009
1.03477
1.00284
1.05363
0.967955
0.913282
0.914122
0.874033
0.97913
0.884017
0.971097
0.931339
0.946912
0.98378
1.14695
0.864883
0.955991
0.882104
0.986797
0.854337
0.909576
1.17681
1.03401
1.06381
0.928931
1.10679
1.11398
0.764475
1.06023
0.97671
1.21753
0.97925
1.02423
0.732549
1.09546
1.01469
0.974773
1.04483
0.908539
1.03641
1.04269
1.14849
1.15699
0.948004
0.966326
1.14758
1.20866
0.813339
0.972009
1.07861
0.863146
1.03609
0.793345
0.899063
0.962835
1.01581
0.9864
1.01066
0.954466
1.06487
1.0806
0.974139
1.12286
0.92301
1.10661
0.980281
0.817172
1.07158
1.07743
0.936969
1.27103
1.12953
0.911517
0.946937
1.01164
1.03316
1.13184
1.0618
1.12301
0.989022
1.13082
0.994577
1.09355
1.12562
0.943741
1.26119
0.968799
0.971813
1.17561
1.11546
1.02395
1.02502
1.04446
0.966206
0.892157
0.98892
1.03029
1.02733
1.03841
1.00508
0.936075
1.04343
1.10712
0.991051
0.910647
0.93951
1.00583
0.826685
0.848382
1.13946
0.852644
0.992364
0.936086
0.993439
1.03986
0.920554
0.982927
1.0315
0.949553
0.886149
1.07281
0.838289
0.82961
1.03904
1.07558
1.13789
1.01273
1.09614
0.837102
1.20548
0.911417
1.05344
0.97696
1.00647
0.901027
1.01007
0.7253
0.895401
0.903254
1.0078
1.16347
1.08974
1.02275
1.00339
0.966913
1.09136
0.964638
1.00418
0.866224
1.03697
1.07792
1.01289
1.10117
0.854716
1.00261
0.95974
1.07382
1.08774
0.970362
1.08106
0.907375
0.984387
1.15305
0.868571
1.07969
1.16636
1.14269
1.04281
0.958475
0.832156
1.02384
1.08901
1.0253
1.07882
0.995358
0.967695
1.29602
0.845556
0.909892
0.940876
0.993161
1.06893
1.03237
1.03025
1.01886
1.08555
1.16783
1.01761
0.882062
1.01772
1.08531
1.05145
0.947533
0.971172
1.07821
0.986074
1.03812
0.894208
1.01754
0.972343
0.927911
0.983428
1.09059
0.983056
1.05253
0.905692
0.973046
1.1612
1.14675
0.857096
0.89205
0.92623
0.92054
1.01409
1.10692
0.896776
0.837706
1.07383
1.02017
0.953725
1.08466
0.874912
0.995366
1.14503
1.03714
0.684494
1.11838
0.794293
0.970036
1.08048
1.17106
0.983332
1.04476
0.965106
1.03826
1.21178
1.03983
1.01276
0.747986
0.865604
1.16263
0.99484
0.939255
1.09062
1.06533
1.01312
0.8741
1.11944
0.891088
0.898486
0.927149
1.01598
0.980705
1.1357
1.0992
0.986343
0.999319
1.02728
1.16903
1.05226
1.04989
0.94022
0.869038
1.04368
0.99314
1.1002
1.03737
1.11671
0.822288
1.04477
1.21854
1.07367
1.09539
0.997487
0.947664
1.0509
1.12582
1.02283
1.03996
0.858791
0.941689
0.818974
1.12238
0.823313
0.953014
0.934174
1.07762
0.938241
1.01457
1.0661
1.06766
1.11849
1.16763
0.991961
1.09422
0.87158
1.01256
0.943037
1.0613
1.11412
0.871873
1.03215
0.956319
0.88111
0.9418
0.902705
0.905476
0.953318
1.09054
0.834728
0.754368
0.934063
0.908194
0.957783
0.981064
1.00037
0.876788
0.90444
0.943563
0.999879
1.02938
1.01667
1.16157
0.87826
1.1482
0.867461
0.941877
0.942761
0.905575
0.869488
1.06899
1.18322
0.93435
1.00564
0.901947
1.01116
0.941845
0.946895
1.15031
1.03015
1.01986
0.914082
1.05349
1.01255
0.839077
1.09041
1.14605
1.18403
0.940685
0.804452
1.06134
1.21614
1.03607
1.00836
0.993257
1.02117
1.02701
1.02439
1.00575
1.10018
0.976804
0.933066
0.986846
0.973449
1.00603
0.858615
1.03731
1.0097
1.01828
1.03213
0.97554
0.947804
1.02716
0.972542
1.02958
0.981772
1.15042
1.13332
1.03672
0.959845
0.967755
0.958847
0.939997
1.13771
1.01483
0.990591
0.868669
0.935528
1.21022
1.05194
0.889788
0.966232
0.965452
0.870346
1.00494
0.78848
1.10988
0.960412
1.14131
1.03839
0.921382
1.04472
1.23903
0.958453
1.10773
0.843188
1.06707
1.12719
1.06822
0.945421
1.13664
1.02734
1.12329
1.02135
0.932494
0.938168
1.05347
0.906163
1.11366
0.997062
1.04927
1.01261
0.969744
0.958978
1.01213
0.977843
1.06643
1.02545
1.10951
1.05783
1.01541
0.935051
0.882128
1.01677
1.08106
1.13164
0.886295
1.14053
0.955997
1.00086
1.00455
1.08921
1.07585
0.999203
0.897043
1.02273
0.781952
0.957807
0.899138
1.00812
0.904975
0.926978
1.00471
0.967787
0.897192
0.845593
0.909409
0.946059
1.05091
1.04151
1.02344
0.860165
1.03154
1.1978
1.05086
1.26506
0.838815
0.993328
1.17067
0.841223
1.06313
1.07202
0.935601
1.11279
0.926369
1.06323
0.986288
0.865915
0.965916
0.991646
0.875056
0.840224
1.23915
0.822967
0.966398
0.998804
0.952041
1.06242
0.984078
1.0346
1.07518
0.821808
1.1155
0.836202
1.02744
0.96716
1.01727
0.99936
0.988456
1.04926
1.05382
1.19653
1.01248
1.05721
1.06123
0.855876
1.04922
0.819645
0.972887
0.994695
1.08517
1.09691
1.07634
0.987313
0.995159
0.936003
1.12132
0.988912
0.865132
1.12682
1.01701
1.19032
1.01851
1.11303
1.02662
0.949274
0.982538
0.921568
0.947295
1.0193
0.98299
0.920697
0.924956
0.984658
0.929798
0.888713
0.956879
0.918868
0.949328
0.93996
0.913413
1.01269
0.932606
0.937048
0.979255
1.16929
1.04161
0.995822
1.09738
1.20762
1.0588
1.00997
1.119
1.24062
0.9525
0.979934
1.06342
1.07919
0.857672
1.01389
1.01855
0.879123
1.02646
0.975654
1.11285
1.11257
1.25039
1.12725
0.857926
1.00059
1.07414
0.836143
1.04257
0.906145
0.879668
1.1402
0.995526
1.20579
0.850852
0.983173
1.01212
0.992434
1.16868
0.974895
1.29438
1.03565
1.12724
0.962783
1.06263
1.02103
1.0097
1.13756
0.914848
0.865174
0.996146
1.10959
1.00861
0.847216
1.24274
1.09754
1.0492
0.975968
1.08261
1.08575
1.01925
1.06129
1.07162
0.883636
0.962997
0.858902
0.988184
1.11435
0.990904
1.10566
0.859399
1.04961
0.889803
1.15195
1.07882
0.899383
1.09759
1.03763
0.835029
0.970049
1.00676
1.062
0.866927
1.01306
0.879429
0.996133
0.910452
1.04238
1.11418
0.977596
0.926013
0.950689
1.0308
0.979565
0.965959
1.00289
0.979234
0.913214
0.949084
1.00076
1.22378
1.20137
1.13034
1.03158
1.03948
1.16544
1.19553
0.960347
0.967121
0.947235
0.980701
1.19317
0.951341
0.991351
1.05898
1.05544
0.962487
0.942772
1.02064
0.878065
0.99367
0.904205
0.945621
1.14765
0.999782
0.917478
1.03881
0.791024
1.00273
1.20185
1.08877
0.963569
1.01744
1.18199
0.952571
1.01397
1.01108
1.04544
0.941395
1.00525
0.97856
0.91186
1.0606
1.02605
1.08662
1.01431
0.932753
1.21917
0.918443
0.928136
0.966678
1.0267
0.968019
0.935903
1.14643
0.904813
1.16081
0.724029
0.929138
0.938985
1.07335
1.10787
0.8253
0.99855
0.986046
1.11155
0.930896
1.03053
1.00468
0.980976
1.0027
1.13743
1.06231
0.973342
0.914659
0.962847
0.829908
1.13002
0.895205
1.03648
1.04583
1.00907
0.895121
1.0371
0.855347
1.06653
1.00861
1.04304
0.989572
1.23949
1.02011
0.987511
0.84028
1.17592
0.905628
0.977651
0.860938
1.09965
0.875704
0.990363
0.996929
1.00728
1.12958
0.973742
0.988579
0.960412
0.967478
0.910606
1.04228
0.886123
1.07907
1.09196
1.0637
0.950124
1.02505
1.02573
0.980498
1.06311
1.1732
0.792544
0.895804
0.957681
0.94404
0.993562
1.01845
0.946855
0.990093
1.00605
1.00028
0.864584
0.899582
0.904082
1.1626
1.07431
1.03055
1.11743
0.966826
0.966552
1.01921
0.844078
1.05457
1.02457
0.930901
0.868887
1.13436
0.965211
1.27383
0.939243
0.925006
0.976953
0.961525
0.955877
0.929081
1.08434
0.795911
1.09097
1.18654
0.97843
1.06889
1.07692
1.03398
0.947032
0.90764
1.2322
0.935084
0.91205
0.938246
1.32183
1.08378
1.11286
1.00554
1.33421
1.05204
0.907139
1.0981
0.920218
0.841479
1.09189
0.838686
0.933301
0.945083
0.978406
1.04032
1.06213
1.07196
1.01261
1.03053
0.975503
0.774538
0.982879
1.10566
0.911571
1.01722
0.837073
1.09178
0.819016
0.91067
1.03839
1.05813
0.889844
0.998042
0.941257
1.03089
1.02758
1.30437
0.75094
1.0612
0.98822
0.904762
0.941431
1.12191
1.13075
0.963859
1.09241
0.994716
1.0424
0.987603
0.920746
0.979366
0.952723
1.0517
0.903522
1.00294
0.878755
0.909083
0.959331
0.897105
1.00571
0.990013
0.976367
1.06682
1.11699
0.956271
0.889176
1.04813
0.820316
0.918437
0.892946
0.988332
1.0281
1.00595
0.963551
0.99701
0.805591
1.05438
0.91799
0.895556
1.05781
1.09948
1.05525
1.00476
0.891426
1.0334
1.00469
0.805884
0.980519
0.920381
0.96265
1.25974
1.06467
0.974012
1.03743
0.962538
1.04861
0.979604
1.03852
0.999482
1.06345
1.06976
0.90006
0.930472
0.890787
0.985381
1.18142
0.950345
0.867755
0.799926
1.05367
0.868262
0.96884
1.13474
1.01462
1.13205
1.03202
1.06837
1.25358
1.03121
1.18759
1.05979
0.829219
1.13155
0.877683
1.08445
0.762724
0.819218
0.91257
0.907176
0.840287
0.977613
1.15176
0.954159
1.04307
1.04575
1.0551
0.976817
1.0289
0.944045
0.941766
1.20395
0.851395
1.10238
1.10071
0.85101
0.854244
1.11434
1.14223
0.978567
1.17934
1.26431
1.00212
0.835224
0.949132
1.06646
0.869389
1.07805
0.916861
0.996654
0.946087
0.892793
1.12904
0.913889
0.887734
0.984901
1.01082
1.00025
0.913325
1.15321
1.07907
1.02812
1.03005
0.960289
1.13259
1.03421
0.878515
1.12706
1.18648
1.01849
1.00093
0.92442
1.27012
0.804997
0.790162
1.02432
1.21899
0.874053
1.1349
0.935072
1.0942
1.14333
0.925111
0.972877
1.08864
0.94894
1.11702
0.877839
0.877643
0.827134
0.905685
1.00659
1.03945
1.05962
1.02764
1.14559
1.04971
0.981112
0.821215
0.985276
1.09205
0.949644
0.81175
0.972478
0.94524
0.924695
0.747459
0.805599
0.877277
0.939507
1.02427
1.10459
0.981139
0.949578
1.00561
1.00782
1.03394
1.17234
0.969679
1.06646
0.874066
1.06761
0.958642
0.977131
1.05612
1.06684
1.19173
1.05313
0.975826
0.758288
1.21661
0.987355
0.927306
1.11081
0.912887
0.980518
0.832059
0.873066
0.923579
1.07368
1.05745
0.981994
0.990368
0.985805
1.08391
1.11349
0.922298
1.07789
0.915795
1.1656
1.02283
0.826021
0.96207
1.01031
0.990141
1.10025
0.979069
0.948086
0.885297
0.994535
0.945116
1.08228
0.979257
0.976941
0.878513
0.888817
0.971032
1.15324
0.85984
1.05459
1.04641
1.02982
1.04712
1.13347
1.04124
1.0403
1.19052
1.00832
0.857924
0.922273
0.879851
1.12535
1.07286
1.00833
1.19043
1.20627
0.982601
0.914954
0.886614
1.12713
0.960195
1.04657
0.890933
0.984625
1.02707
0.885703
1.09662
1.02552
0.928212
0.988784
1.09973
1.17558
0.979148
0.880423
0.912822
0.802418
1.03293
0.870155
1.04975
0.978328
1.19917
1.10506
1.0275
0.911116
1.05903
1.03602
1.08399
1.0706
0.982089
0.95239
0.995256
1.06824
0.90061
1.01226
1.1174
1.03321
1.12237
1.11658
1.04047
0.908588
0.945833
1.18229
1.10058
1.05762
0.963059
1.11783
0.87549
0.947222
0.974768
1.13542
0.806856
1.17127
0.818822
1.15761
1.02749
0.929233
0.995722
0.749423
1.1366
1.03564
0.830707
1.04659
1.06342
1.04654
0.95875
0.797708
0.875571
1.15937
0.917165
0.971986
1.11242
1.07141
1.14975
0.8485
0.87892
1.03349
1.01705
0.986442
1.10393
1.00692
0.862589
0.926958
1.03661
1.02072
0.987094
1.03775
0.935724
1.09938
0.933745
0.852909
1.08876
0.962718
0.997819
0.870619
0.976966
0.810045
0.863297
1.13934
1.0325
0.899352
0.995633
1.22726
1.00367
1.03816
0.948782
0.901252
1.09885
0.985187
1.0749
0.982212
0.992518
1.0207
1.16181
0.940923
0.981983
1.12541
0.853782
0.831907
0.815526
0.980691
0.859931
0.925893
1.10187
0.969918
1.03332
1.06891
0.93717
0.949856
1.15323
1.06473
0.919149
1.17034
0.960964
1.12698
0.850569
1.06046
1.02678
1.14236
1.01317
1.03211
1.19356
1.10249
0.992189
0.949286
0.875296
1.03302
1.02842
0.815065
0.906958
1.11636
1.17697
1.00893
1.00169
1.28646
1.06431
0.969733
1.00742
1.1149
1.09602
0.992834
0.966855
0.892058
1.08829
0.785638
0.987601
0.916016
1.05249
1.06887
1.01975
1.11519
0.888118
0.965298
1.18678
0.929812
1.12997
0.973625
0.929186
1.00106
1.04475
0.939083
0.870632
0.85623
0.950994
0.927392
0.885895
0.971382
0.849593
1.00787
1.05319
0.958473
0.922402
1.1801
0.977859
1.12369
1.2246
1.04197
0.95151
1.00431
0.912774
1.06312
1.03455
1.01911
0.953479
1.00216
0.952361
0.866809
1.06877
0.933919
0.883719
0.746405
0.972729
1.13053
0.9542
0.998211
0.978752
1.13586
1.04731
1.07203
0.895817
1.01279
0.985256
0.987481
0.926441
0.992819
0.992609
1.08422
0.878636
1.22389
1.04194
0.83631
0.973659
1.09925
0.91013
1.01489
1.05055
1.09115
0.8829
1.08695
1.04322
1.02289
1.04254
1.08021
1.06037
0.99608
0.948507
0.915639
0.98673
0.747131
0.949123
1.00083
1.1867
0.951572
0.940588
0.942416
1.04509
1.0021
1.03342
0.853577
0.95634
1.0085
0.870024
0.85747
1.11682
1.07711
0.951947
1.04854
0.984651
1.11553
1.13048
0.800294
1.06238
1.07935
1.00538
1.03241
1.0424
1.10597
1.17324
1.06988
1.02473
0.874076
0.921807
0.940439
0.976167
0.941324
0.879455
0.924344
0.939381
1.0804
1.05844
1.0593
0.966729
1.25016
0.923483
0.949743
1.10332
0.996121
1.08286
0.931976
1.09748
0.856707
1.06763
1.08386
0.890024
0.996074
0.99018
0.868803
1.0944
0.953913
1.12241
1.05906
1.00688
1.0371
1.01013
1.03529
0.913124
1.11153
1.03423
0.978447
0.903337
0.916222
1.05301
1.10081
0.984088
1.10506
0.941636
1.04218
0.960821
0.91396
0.837818
1.09783
0.970094
0.859934
1.00334
1.03912
1.15858
0.833914
1.06534
0.993076
1.01713
1.01873
0.871929
0.893016
0.870113
1.03632
1.07483
0.983842
1.11733
0.940918
0.952089
1.243
0.866795
1.02769
1.03348
0.959395
1.02321
0.97885
0.799334
0.993312
1.01813
1.06517
0.930824
1.0473
0.999147
1.10858
1.00207
0.978814
1.00491
1.03751
0.873924
0.955881
0.934002
0.985476
1.08422
1.11025
0.940199
0.975874
1.06446
0.930126
1.10681
0.865428
0.86582
1.06858
0.790742
0.945561
1.04913
0.812557
0.938918
1.05715
0.838364
0.997338
1.31479
0.988231
1.03641
1.14258
0.957281
0.935385
1.23646
0.997062
0.937081
0.835514
1.01493
0.914185
1.13159
1.09723
0.914792
0.961602
0.977491
1.0091
0.831665
1.14134
0.994517
1.08669
1.12573
1.01804
1.12932
1.05368
1.01117
1.05213
1.02553
0.933514
0.963029
1.02976
1.07959
0.889315
0.991533
1.00076
0.916313
1.08902
0.905071
0.846549
1.05164
0.692669
0.984014
0.987192
0.882106
1.07092
1.12242
1.29325
1.05498
1.06323
1.1182
1.04432
0.903663
0.925106
0.844462
0.870487
0.887607
0.958862
0.858229
1.04429
1.0797
0.949508
0.894411
0.979266
0.943379
0.919599
1.06111
1.07034
0.958866
0.97525
0.980206
0.922316
0.951815
1.00258
0.924512
0.767313
1.1329
0.967838
0.987887
0.823719
1.13623
0.886205
1.06706
0.980088
1.06933
0.960582
0.976316
0.948888
0.9768
1.05314
0.929182
0.961474
1.15333
0.948885
0.810147
1.00435
1.2477
0.880524
1.22697
0.977779
1.10575
1.10239
0.899068
1.02472
0.767565
0.991428
0.792568
1.05862
0.913782
0.9489
0.869448
1.18727
1.15632
1.03718
0.886347
0.984779
0.823658
1.17622
0.962751
1.07878
1.02808
0.926022
1.05674
0.991632
1.05204
0.977501
0.971395
1.0225
1.03421
0.890571
1.02838
0.978376
0.897176
0.96261
0.841897
0.882963
1.00502
1.06684
0.978997
0.947503
1.11789
1.09322
0.918602
0.870865
1.05865
1.03341
0.965746
0.878659
1.03719
1.20351
1.02522
1.11288
1.26528
0.989775
0.991818
0.833724
0.979446
0.968038
0.894835
1.03173
1.05457
0.958762
1.03597
0.937432
0.931925
1.09651
0.996178
1.22662
1.04643
1.03016
0.924766
1.0113
0.881204
0.999242
1.03981
0.975715
1.08356
0.886708
1.11516
0.934066
1.19444
1.08081
0.885806
1.02978
0.906739
0.9746
1.21694
0.918996
0.979496
1.04501
1.04438
0.770042
1.17011
0.887241
0.921904
0.825058
0.820321
1.23992
0.932726
1.16795
0.948932
1.06953
0.909278
0.876099
0.907809
0.926451
1.10607
0.952636
1.13619
0.994852
0.980867
0.99905
0.964576
1.03699
0.922192
0.826718
0.943691
1.11813
1.00598
0.857123
0.879847
1.06093
1.09414
1.06848
0.846321
0.762317
0.949288
0.986406
0.899365
0.888432
1.04537
0.91952
0.8892
1.4142
0.992389
1.06184
0.852464
1.0085
1.0785
0.972925
1.03918
0.700698
0.876891
0.981681
0.957072
0.935525
0.959977
1.05491
0.943409
0.77314
1.18592
0.943526
0.931599
0.984371
0.819057
0.947125
1.08416
0.843522
1.07206
0.839821
0.982278
1.08399
1.03088
1.05665
0.95883
1.01191
0.884971
0.960393
1.03197
1.2153
1.01301
1.08699
1.02013
1.03373
1.03381
0.873124
1.06203
0.94872
0.899383
0.840506
0.8376
1.01159
0.943789
0.998305
1.106
0.817057
0.89862
0.94848
0.883096
1.05215
1.05698
1.03141
0.998195
0.973789
0.870305
0.869872
1.23446
0.954206
0.801099
0.781003
1.00341
0.998023
0.982369
0.959612
1.02
1.10326
0.916132
0.844042
1.13698
1.11919
1.03301
0.985099
1.01088
0.988435
1.07823
1.17596
1.05482
0.91322
1.07438
1.1525
0.940399
0.94405
0.843782
1.06861
1.13949
1.06479
1.08797
0.869272
1.04502
1.09638
0.963211
1.07543
0.917525
0.990464
0.910575
0.82884
0.947614
0.91129
0.894428
1.01902
1.01314
0.900937
0.984663
1.0662
1.07922
1.04535
0.840453
0.803365
0.980313
1.01588
0.898168
1.16051
0.905249
0.931807
0.785872
1.06916
1.13753
1.01826
1.02215
1.04481
1.03233
1.07729
0.802526
0.916584
1.13195
1.11228
0.873384
1.09407
0.87265
0.97372
1.0518
0.981697
0.879345
1.00985
1.00305
1.00769
1.01522
1.00895
0.980824
0.886188
1.01216
0.759504
0.968124
1.26126
1.02524
1.15975
0.91649
0.876018
0.809838
1.27637
0.905755
0.920754
0.941437
0.888185
1.00978
0.911841
1.00293
0.958557
1.03948
0.978565
0.967761
0.9718
1.02306
0.872761
1.02782
1.05357
0.898675
1.09891
1.00208
1.17066
0.886801
1.10294
0.955097
1.03453
1.17887
0.894763
0.999359
0.965937
1.13994
0.885965
1.03448
0.896317
1.09093
1.10943
0.971497
0.889987
0.978908
1.01113
0.988153
0.913746
1.01169
0.943471
1.06515
1.14819
0.784688
1.06239
1.00605
0.977321
0.908552
1.13483
0.939901
0.824964
0.999772
1.07204
1.08338
0.910083
0.911544
1.06604
0.855841
0.777578
0.876797
0.891295
1.07612
0.950042
0.926524
1.08821
1.01893
1.05656
1.03105
0.992602
0.949544
1.2192
1.2524
0.90325
0.981822
1.10312
1.23459
1.01466
0.919877
0.778926
1.11271
1.02343
0.973066
1.08305
1.08441
1.21576
0.925383
1.00437
1.1388
0.972441
1.09151
0.995679
1.08176
0.893795
1.06211
0.851428
0.99828
0.882314
0.956003
0.966724
0.845352
1.04474
1.03025
0.974672
1.00287
1.00814
0.988375
0.89549
1.1296
1.24496
1.00578
0.928339
1.09532
0.980132
0.928472
0.98675
1.12904
0.968045
0.870925
1.06731
1.07025
1.24579
1.09279
0.910342
0.999633
0.992561
1.13102
1.02604
0.966867
1.03816
0.998293
0.972192
0.952027
1.10559
0.807732
0.965308
1.00643
0.918199
1.07241
0.939329
0.9286
1.1068
1.02875
0.868551
0.86711
0.978133
0.940514
0.927264
1.16665
0.927087
1.08297
0.869851
0.935056
0.915856
0.953207
0.948549
1.00034
0.903532
0.980271
1.06235
0.926773
0.999529
0.987242
1.0915
0.963891
0.999612
0.954435
1.02883
0.952704
1.00071
1.05695
0.811908
1.14339
0.997975
0.938695
1.05674
1.01332
0.93015
0.951607
0.94432
0.924284
0.867822
0.891489
0.845453
0.984652
0.885168
1.10469
1.07456
0.909849
1.15404
1.03103
1.22549
0.895541
0.924673
1.0508
1.12248
0.933096
1.15656
0.890301
0.918233
1.04132
1.06545
0.884789
0.963621
1.0095
0.938763
1.09573
1.14476
1.05702
1.0011
0.90608
0.959704
0.987636
1.04932
0.962682
1.19384
1.05857
1.02535
1.02674
0.909034
0.981949
0.878596
0.878373
1.07938
0.964282
1.11767
0.893123
0.979219
0.970368
0.971051
0.967539
0.954684
0.986968
1.14971
0.993064
0.868768
0.875993
1.06913
1.00923
0.808205
0.953309
1.16651
0.868217
0.955484
0.987325
0.945705
0.899686
1.04661
1.08025
0.885246
1.05639
0.937968
1.0347
0.854595
1.12258
1.20876
0.918052
1.05973
1.05737
0.960769
1.10001
1.06026
1.04028
1.08809
0.949743
0.991044
0.988267
0.975646
1.13734
1.08551
1.07159
0.958775
1.05197
1.00144
0.963487
1.02108
1.00959
0.996407
0.994836
0.972013
1.01818
1.09297
1.003
1.15637
0.914675
0.934933
0.996451
1.09316
0.981834
0.896343
1.0179
1.09265
1.10715
0.979469
0.977482
1.06367
1.16246
1.06041
0.983516
1.15428
1.02233
1.03243
1.09301
1.03761
1.02032
1.05306
1.0684
0.90084
0.85509
0.986152
0.994093
0.938757
0.983076
1.00736
0.960361
1.01561
1.10131
0.932819
0.925626
1.05905
1.01477
0.894997
0.916224
1.07038
1.04911
0.889988
1.04427
0.969123
0.964198
1.05242
0.975252
1.01521
1.0065
1.07698
0.972818
0.959459
1.08806
1.0358
0.956846
1.08545
1.17362
0.816703
0.896618
1.00404
1.07103
1.14694
0.824894
1.00303
1.0667
1.18677
1.19208
0.962164
0.948659
0.934626
0.962938
0.900982
0.955926
1.01943
0.910446
0.945132
1.12578
0.981576
0.928841
0.966275
1.10402
0.909368
0.988984
1.10985
0.93595
1.01401
1.17553
1.0832
0.912795
1.04473
0.988563
1.1027
0.94567
0.872676
0.966111
1.01279
0.962285
0.916337
1.01252
0.950446
1.07988
1.00735
1.03906
0.945729
1.04937
0.906531
0.927059
1.04185
0.812268
1.25935
1.03994
0.929425
0.954998
1.14606
1.03391
0.853235
0.933432
0.856189
0.98649
0.893134
0.822529
0.919327
1.08329
0.958185
1.00168
1.10589
1.04955
1.08274
1.01521
1.02543
1.06853
1.16129
1.00612
1.33168
1.09364
1.15823
1.12453
0.96384
1.14557
1.011
0.97351
0.956228
1.07593
0.683058
0.964872
0.90963
1.16095
0.966237
0.9448
1.08719
1.02492
1.00467
1.13285
1.11126
0.973111
0.949663
1.02533
1.01903
0.985878
1.00412
0.927317
1.23356
0.837362
0.923516
0.990714
0.900759
0.97219
1.04997
1.01777
0.971283
1.06043
0.86656
1.04282
0.951967
1.00998
1.07221
1.13675
1.06989
0.926363
1.12496
1.005
1.15164
1.04636
1.15382
0.83181
1.09112
1.04831
0.987573
1.03594
0.911234
1.05836
1.06665
0.818112
1.04896
0.894367
0.892961
0.917744
0.897764
0.852722
0.904113
0.887448
1.10798
1.08259
1.00367
1.04722
0.885476
1.01385
1.08804
0.898049
1.16513
1.19761
0.974305
1.0395
1.05811
0.955022
1.07669
1.05142
0.978606
1.0518
0.901603
1.06896
1.14902
1.02099
0.911334
1.09914
0.949572
1.08723
1.05225
1.04165
0.962098
0.99527
0.836044
0.983293
1.03848
1.0566
0.83609
1.02989
1.01121
1.05768
1.12238
0.923004
0.95018
0.758955
0.978129
0.983264
0.879504
1.06853
1.10086
0.983086
0.939138
0.934876
0.85652
1.02521
1.05471
0.943993
1.17413
0.947928
0.909881
0.937435
1.06512
0.883579
0.965027
1.13322
1.19007
1.09323
0.971262
1.0273
1.09447
0.948333
0.969893
1.04152
1.03153
0.933465
0.964561
1.06672
0.948679
1.13899
0.980746
1.03861
1.01876
0.947053
1.02849
0.941666
0.988099
0.951938
0.791636
1.14301
1.09622
1.00367
0.974287
1.03017
1.0081
0.89384
1.21804
1.09772
1.28538
1.15246
1.04551
0.990827
0.982568
0.897163
0.782614
0.968355
0.904356
1.08896
1.00286
1.1833
1.07517
1.09219
1.02325
1.06587
1.09735
0.980938
1.08102
0.904931
1.04891
0.94872
1.11036
1.02518
0.932695
1.06063
1.06924
0.878188
1.02063
0.881612
0.987457
0.924444
0.967564
1.22719
1.31097
0.998524
1.028
0.85775
0.99663
1.03375
1.02893
1.05915
1.12275
1.2489
0.894661
1.12421
1.06376
1.05954
1.11985
1.12148
1.05132
1.05556
1.06069
0.971907
1.0307
0.955564
0.92914
0.948787
0.828854
1.05285
1.10576
1.06876
0.802603
0.968179
0.961271
0.911132
1.07125
1.01453
0.903592
1.12542
0.869774
0.906021
0.959712
0.824572
0.998602
1.00238
1.08265
1.00281
0.932136
1.14958
0.937708
0.989988
0.981765
0.982117
0.900079
0.985797
0.905538
1.06954
1.11293
1.16884
0.978706
0.83732
1.05132
1.05122
0.908843
1.00204
1.00351
1.12772
1.0106
0.940623
1.05361
1.03584
0.978235
0.996097
1.16013
0.876608
1.04453
0.931929
1.00703
0.924475
0.944244
1.24589
0.919157
0.98194
0.984608
0.819686
1.05
1.11278
1.06934
0.975712
0.790705
1.00891
1.0043
0.827984
0.91277
1.06487
0.998487
1.02374
1.12357
1.21185
1.00922
1.07882
1.00001
0.818223
0.99185
1.03073
1.11944
1.04084
0.887668
0.890132
1.0573
0.985423
0.962663
0.938354
0.803086
1.01317
0.903584
1.03849
1.00299
1.10303
0.979299
1.09526
1.06196
0.887505
0.990597
0.792263
0.985291
1.01747
1.10801
1.10522
0.991516
0.870947
0.971866
1.02284
0.973085
1.01758
1.04198
1.13033
1.0655
1.02679
1.05825
1.00132
1.02992
0.873959
1.18578
0.904009
1.04286
0.745839
0.857988
1.08632
0.936642
0.862034
0.955953
0.844187
0.918314
0.797097
1.11505
0.903414
1.02345
1.00018
1.28805
0.948914
0.898496
1.07228
0.927196
0.981315
0.896632
1.038
0.968526
1.10357
1.1275
0.966939
0.893635
0.962078
0.936479
1.03961
0.975051
1.04497
1.1185
0.953704
1.01096
1.00844
0.987425
1.00505
1.13661
0.973583
1.05944
0.933937
0.980184
0.882066
0.975136
0.911501
0.944569
1.08796
1.04569
1.07882
0.879307
0.94221
1.07313
0.977056
1.20933
0.974744
1.05767
0.916894
0.976491
0.855459
1.0185
1.07452
1.19686
0.848297
1.17596
0.98001
0.907597
1.02534
0.924997
0.907728
0.857279
1.07074
1.12377
0.978857
1.11201
0.93399
1.11154
1.00432
1.01954
0.960312
1.1292
0.898588
0.874774
0.910501
1.02197
0.934651
1.07479
1.03515
1.08554
1.02807
0.892081
0.944604
0.926982
1.16881
0.989958
1.02082
0.770293
0.935869
1.01506
1.10434
1.00563
0.892138
1.07783
1.02073
0.972297
1.17617
0.83281
1.10658
0.920083
0.988515
1.05013
0.87069
0.94465
1.15104
1.01846
1.04499
0.836329
0.978436
0.803593
1.07153
0.929716
1.22025
1.0827
0.965594
1.00037
1.26184
0.989181
1.12767
1.06719
0.941562
1.00642
1.05161
1.03434
0.955603
1.16085
0.920281
0.950797
1.16217
1.09979
1.04559
0.718662
0.803189
0.962821
1.06327
0.824487
1.01086
1.05032
1.17377
1.18473
1.04965
0.838275
1.13212
0.915217
0.934522
1.2003
1.06634
0.991211
0.938064
0.985515
1.09592
0.795
1.01798
0.949426
1.16518
0.996281
1.01024
0.993219
0.873981
1.06384
0.921804
0.901387
0.975272
0.814388
1.08949
1.0298
0.977766
1.11899
1.0098
1.11699
1.0714
0.926075
1.01752
1.09165
0.921783
1.13933
1.01575
0.988982
0.86457
0.997596
0.996502
0.809596
1.04959
1.03157
1.02676
0.950204
1.08486
1.11987
0.974358
1.06257
1.00645
1.06458
0.950237
1.0487
0.989239
1.10911
1.07618
1.08293
1.13133
1.1249
0.982582
0.854331
1.05501
0.993979
0.912204
1.05677
1.01592
0.980804
1.1392
1.15182
0.8385
0.722501
0.728577
1.00351
1.04302
0.800788
0.959216
1.15235
1.12935
1.02631
0.804474
1.09305
1.00706
0.89316
0.95174
0.985146
0.921074
0.963422
0.853413
0.966266
1.12617
0.86474
1.03605
0.957089
1.22316
1.00071
1.14782
1.01908
0.972891
1.22216
0.970745
0.992644
0.957331
0.820525
0.975884
1.22096
0.892243
1.04477
1.12969
1.07411
1.14119
1.00003
0.957738
0.828536
0.954255
1.04516
1.01702
1.06217
0.826123
0.949704
0.931561
0.93318
1.01169
0.984489
0.980628
1.04273
0.881021
1.04165
0.998667
0.997638
1.08196
1.03192
0.835939
0.856551
1.06913
1.00136
1.04844
1.16182
1.00748
1.15856
0.915411
0.995974
0.867644
0.954415
1.07425
1.11245
1.09344
0.881535
0.866299
1.04623
1.23457
1.07732
1.01974
1.04618
0.995216
0.927705
1.29801
0.967639
0.795993
1.08503
1.0353
0.89852
0.878067
0.993155
0.956066
1.14933
1.06233
0.934163
1.0185
0.794639
1.02774
0.948995
1.13549
1.02113
1.32356
0.896671
0.955842
1.00811
1.09309
1.05056
1.05582
1.16633
1.08368
1.01507
1.03931
0.915425
1.07666
1.07215
0.943484
0.961
1.20005
0.947793
0.96595
1.02749
1.05146
1.04858
1.07496
0.901088
1.00499
1.03609
1.17085
1.03386
1.0622
0.799787
0.97021
0.927636
0.933028
0.86886
0.903454
0.838988
0.899701
0.837569
1.0675
1.06798
0.9462
1.01901
0.910374
1.13719
0.899051
0.813589
0.86671
0.972742
1.02823
0.975942
1.00915
1.01206
1.27234
1.06468
1.20836
1.07283
0.894712
1.28991
1.0044
1.0047
0.93076
1.03911
1.03432
0.933137
1.0065
0.987462
0.966915
0.920247
0.973573
0.809009
0.947457
0.844315
1.04359
1.16897
1.13548
0.814855
1.17676
0.760119
1.17962
1.27634
1.02819
0.97545
0.911484
0.882631
1.01563
0.958118
0.956308
1.02208
1.13401
0.948426
1.12609
0.981583
0.931878
0.875098
0.914326
0.987223
1.14043
1.07646
0.935576
0.892733
0.881628
0.910621
1.06893
1.07516
0.949834
1.21177
0.965999
1.01876
0.80188
1.03619
0.922948
1.1199
0.990547
1.17109
0.863061
1.2882
0.917099
1.14236
0.995458
0.922342
0.925819
1.00698
0.857944
0.91663
1.09256
0.966238
0.927487
1.29775
1.0393
1.10181
0.946945
1.00057
0.891671
1.04835
1.11829
1.02362
1.07858
0.981092
0.991195
1.14196
0.854371
0.990764
0.978064
0.940835
1.10157
1.15491
0.913701
0.915301
0.953096
1.07381
1.05381
1.12278
1.15982
1.25694
1.00652
0.907635
1.05645
1.04161
1.10421
0.869778
0.994444
0.897869
1.01263
1.09466
1.00213
0.922902
0.940346
1.10548
1.00656
0.932716
1.0375
1.07527
1.0336
1.02054
1.04149
1.07381
1.00516
0.906401
1.05555
0.888607
0.828376
1.08386
0.87782
0.877362
0.968875
1.03509
0.971548
1.00804
1.05258
1.01381
0.921052
0.956118
0.871384
0.930926
0.934313
0.923074
1.05359
0.858168
1.12911
1.01565
0.841975
0.938346
1.04996
0.880676
0.881415
1.17246
0.981196
0.997893
1.17577
0.903837
1.11967
1.05055
1.04187
0.960795
0.861705
0.892724
1.05886
0.890719
1.12131
1.10225
0.95648
0.942693
0.955742
1.05155
1.11427
0.993509
0.975831
0.906611
0.910701
1.18672
1.06506
0.858841
1.03324
0.94426
1.12374
0.982385
0.979204
1.11053
1.03069
1.03773
0.870022
0.822363
1.09113
0.967914
0.96229
1.09205
0.978213
0.922327
1.06558
0.844707
1.02275
0.908269
0.923874
0.995682
1.19738
1.26258
0.853993
1.11985
1.05788
1.09745
1.02335
0.893244
1.02113
1.15702
0.921347
0.981992
1.04869
0.939694
0.966478
1.03265
0.993333
1.16217
1.17333
0.902578
0.944046
1.06615
0.974851
1.23549
0.988307
1.06392
0.833884
0.880698
1.00132
1.05002
1.02858
1.09573
0.87289
1.08237
0.953005
1.06371
1.12206
1.11687
1.03151
1.00122
1.07342
0.890683
1.14522
0.923027
1.06039
1.05587
0.916215
1.19973
1.00085
1.16914
1.08692
0.97899
1.0686
1.01841
1.07748
0.965825
1.18432
1.17314
0.893175
1.0498
1.0231
0.859293
1.05922
1.13774
1.11441
1.04604
0.931995
1.03826
0.965338
1.01411
0.930889
0.990278
0.861674
0.915766
0.854265
0.869149
1.09188
1.14886
1.08878
1.05577
1.14038
1.06859
0.961927
0.951379
0.80981
1.0197
0.923799
0.926371
0.952246
0.977012
0.766307
0.979134
1.15175
1.02701
0.966274
0.8489
1.02626
1.1202
1.11163
0.985618
1.05677
1.01373
1.20931
1.01435
1.00908
1.07145
1.05963
0.977087
0.930919
1.14687
0.970821
0.887301
0.936948
0.934736
0.920676
0.983471
0.993852
0.94355
0.967454
0.992005
0.832531
1.04695
1.00661
0.864432
1.15403
1.09489
1.10607
1.02173
1.06158
1.09998
1.28822
1.0201
0.974608
1.10832
1.10844
1.1499
1.09738
0.984212
1.04428
0.932606
1.22716
1.00525
0.976084
0.85107
1.08052
1.02335
1.07293
0.880807
1.03949
0.997114
1.15549
0.942217
0.856476
1.09312
0.870914
1.02174
1.0204
1.14543
0.978608
1.11742
0.993865
0.976123
0.712546
0.864272
0.935244
1.12773
0.908456
1.09058
0.961853
1.19768
0.878167
0.998861
0.888672
1.05483
0.998512
0.994771
1.15422
0.942356
1.11934
1.1836
1.00746
0.892814
1.09436
1.07943
1.03373
0.868601
0.981909
0.952207
1.15331
1.25524
1.00267
0.932164
1.03967
1.01478
1.19351
1.1579
0.952482
0.956284
1.13786
1.06345
0.994756
0.973783
0.920042
1.03352
1.0163
0.956052
0.906995
0.837503
0.964885
0.970821
0.911401
1.11798
0.998793
1.05795
1.19182
0.97713
0.921597
1.02036
1.06603
1.09975
0.891528
1.22674
0.967228
0.889026
1.07132
0.963212
1.01314
1.00323
1.03952
1.01208
0.919996
0.959323
0.999364
0.783462
0.872133
0.968462
0.898617
1.13028
0.964245
1.0606
1.14021
1.08548
0.965301
0.868688
0.86496
1.19036
1.1676
0.960569
1.05393
0.969109
1.00527
0.884091
0.923688
0.928726
1.11237
0.925322
1.02156
0.873007
0.931031
0.793914
1.04932
0.90057
0.952703
0.997941
1.25705
1.02766
0.902782
1.03342
0.847553
0.993917
0.95977
1.06076
1.03334
0.90253
0.859856
1.15311
0.910459
0.81625
0.925873
1.2106
0.992994
0.990623
0.997589
1.03534
1.22807
0.919435
1.02974
0.983224
0.952894
0.931547
1.06456
0.973372
0.994875
1.10035
0.970311
0.99824
0.915609
1.05835
1.00394
0.890702
1.18666
0.976939
1.28669
1.01055
1.11928
0.92968
1.11218
1.03098
1.1098
0.825325
0.974665
1.01384
1.11414
1.02682
0.962258
1.03449
0.802846
0.946538
1.06968
1.02363
1.01926
0.759167
0.934124
0.990466
1.14922
1.12117
0.964799
0.968589
0.873615
0.967326
0.952296
1.15174
0.982281
1.02367
1.14651
0.914286
0.899007
1.20681
1.02467
0.843429
0.899673
1.0359
0.952797
0.978837
1.00881
1.06635
1.08914
1.00415
0.914515
1.10015
0.956165
0.958811
1.10871
0.904072
0.977957
0.94471
0.973611
0.883812
1.03541
0.976732
0.868463
0.945869
0.759127
0.928079
0.969641
1.25396
1.21382
1.06851
0.90466
0.83873
1.07529
0.825396
1.14854
1.20822
1.22349
0.953619
1.00898
0.859666
1.11112
0.884309
1.08718
0.91246
0.914459
0.857626
0.98377
1.15978
1.05275
0.954155
1.03406
0.943155
1.06935
1.00349
0.978381
1.12162
1.10266
0.929363
1.00266
0.927347
0.828901
0.890928
1.22752
0.856617
0.90147
1.09816
1.06031
1.07848
1.12108
1.07626
0.897401
0.927731
0.916722
1.10982
0.926868
1.01666
1.13799
1.06811
0.809383
1.13407
1.03783
1.05166
1.13297
0.944485
1.01669
1.07834
1.10498
1.06461
1.1098
0.853294
0.905349
0.868222
0.910151
1.0989
0.969134
1.04502
0.963485
1.00548
0.862456
0.990242
0.875278
0.960702
1.06711
0.911582
0.941578
1.05072
0.915398
1.02977
0.916651
0.892226
0.960346
0.913034
0.96373
1.13181
1.00662
1.11193
1.17745
0.986419
0.914619
0.913128
0.97054
0.947827
0.866759
1.02005
0.977175
1.11503
1.07237
0.927248
0.959565
1.09749
1.00273
0.918425
1.03739
0.926998
0.907587
0.981766
0.812302
0.912239
1.1666
1.06387
0.977079
1.08677
1.01065
0.866596
0.957482
1.17645
0.814197
0.97538
0.914411
1.01211
1.0665
1.04246
1.03536
0.994946
0.991641
0.926657
1.06229
0.9758
1.26154
1.0289
1.18184
0.862966
1.01761
1.04692
0.96404
0.953326
0.930869
0.905983
1.0125
0.928487
0.936047
0.922736
1.04636
1.1101
1.096
1.05903
0.950701
1.02586
1.03177
1.07454
1.00138
1.08646
1.12403
1.02738
0.840483
1.06181
0.874322
1.03532
0.985355
1.151
1.11144
0.948603
0.94261
0.973923
1.13211
1.11474
1.04462
1.00838
0.806966
0.895481
0.773741
0.92163
1.00299
0.943296
1.06608
1.09277
1.16547
0.770364
1.04601
0.942833
0.880299
0.9807
1.07633
0.973546
1.06167
0.971238
1.17621
0.836056
0.912702
1.09179
0.942366
1.15225
1.09808
0.87314
0.98841
0.959567
1.10675
0.853374
1.04466
1.17005
1.08091
1.13468
0.926195
0.90556
0.921553
1.20876
0.919008
1.21313
0.821937
0.956994
0.926401
0.977761
0.773034
0.891586
0.870926
0.970531
1.16288
0.962021
0.83776
1.1044
1.06459
1.05896
0.882144
0.97874
1.05896
0.958083
0.802988
0.769071
0.800779
0.921998
1.01582
0.773402
1.16226
1.002
1.02746
0.835829
1.05456
1.12288
1.04194
1.01702
1.14394
1.06977
1.01111
0.893244
0.923175
0.831305
0.960265
0.852735
1.28053
1.04222
0.895404
1.07581
0.911866
0.947988
0.965099
1.06872
0.992308
1.01067
0.930414
1.0185
1.11655
0.979525
0.957258
0.996377
1.06058
1.13157
0.841036
1.06
1.06371
1.01157
0.948907
1.11373
1.06667
1.00373
0.88723
1.10778
0.892741
1.04763
1.0238
1.23863
1.0626
1.15902
1.07144
1.00265
0.872022
0.892642
0.930633
0.98353
1.18642
0.859077
0.987388
1.07833
1.01057
1.01855
0.972448
0.984194
0.931902
0.958981
1.18057
1.23434
0.950246
0.951252
1.04521
0.930112
1.0891
1.00016
0.830837
1.21773
0.944807
1.06782
1.09841
0.979624
0.831149
1.07767
0.959431
0.845919
0.944083
0.976818
1.05186
1.0761
0.977784
1.05658
0.941077
0.968192
0.983834
0.968462
1.03879
0.899363
0.994436
0.933277
0.944358
0.986907
0.995164
1.14536
1.14614
1.24127
1.04645
0.993837
0.942301
0.962129
0.888388
0.955953
1.0592
0.989692
0.88899
1.02948
0.994051
0.956449
0.967238
0.990892
1.03407
1.19898
0.928678
1.01148
0.986833
0.895178
1.06684
1.01512
0.931545
1.19213
0.971813
1.01727
1.00649
1.13883
0.993235
0.945114
0.958974
1.17613
0.959643
1.02072
1.00068
1.05918
0.933258
0.892742
1.00929
0.926315
0.821272
1.00501
0.990062
0.887259
1.10231
1.0541
0.989068
0.902643
0.87615
0.999023
0.945918
1.01613
0.917528
0.958543
1.088
0.963465
1.05188
1.08331
0.933626
0.929539
1.10423
1.03598
1.0932
1.08185
0.998964
0.985686
0.832672
0.981401
0.934343
0.880049
0.882345
0.948599
0.922826
1.12785
0.998397
1.04807
0.975828
1.10157
0.911163
1.14302
1.05481
1.06628
0.982701
0.741574
1.06307
1.09025
0.956357
1.00538
0.801743
0.91767
0.917534
1.04169
0.972813
1.04112
1.00934
0.920871
0.887738
1.02645
0.970887
1.09173
0.802694
0.920462
1.01974
0.981439
1.05449
0.867728
1.08891
1.06025
1.0152
0.931731
0.978568
0.941004
0.899004
0.933647
1.11654
0.951155
0.942109
0.949677
0.954508
0.968527
1.06574
1.09081
1.04613
0.841817
1.09836
0.998609
1.06846
0.867684
1.10963
1.07127
0.921551
1.04843
0.873975
0.989429
0.941778
0.916817
0.978478
1.15571
0.992999
1.03218
0.921689
0.90728
0.849252
1.07511
1.14475
1.02302
0.965255
1.00325
1.06866
0.952066
1.09381
1.14548
0.973581
1.26578
0.85526
0.888118
0.924629
1.01016
1.09392
1.14787
0.900914
1.01152
1.0623
1.1757
0.979597
0.957128
1.05078
0.893771
1.14577
0.950446
0.915459
1.15114
1.08817
1.20012
1.07957
0.972708
1.08345
0.883489
0.876097
0.893737
1.09686
0.94726
0.964056
1.03364
0.901512
1.05551
0.856172
0.771277
0.972153
1.08608
0.855727
1.00036
1.27755
1.0259
1.14293
0.851716
1.04635
0.882808
0.980677
1.0614
0.931082
0.797089
1.01746
1.16707
0.931737
0.924154
1.02997
0.841266
0.914486
1.05585
0.825787
0.913352
1.00923
1.00673
0.965659
0.886921
1.13403
1.03092
0.849056
0.821966
1.08219
1.02505
1.14413
1.20143
1.04393
0.95494
0.987607
1.27651
0.931308
0.958153
1.01841
0.941185
1.04101
1.01887
0.995976
0.898489
0.826137
1.01009
1.02006
1.05382
1.28392
0.98106
0.912392
0.954913
1.02293
1.04063
1.07124
1.02881
0.983269
1.00949
0.893608
1.0586
0.952867
0.95305
1.05392
0.869394
0.909519
0.979084
1.14527
1.10268
1.05766
0.91215
1.01683
1.12428
1.02669
0.882402
0.99111
1.0126
0.877631
1.04823
1.06931
1.03583
0.970933
1.02712
0.94224
1.03187
0.903969
0.937238
0.858329
0.906872
0.852135
1.03299
0.960406
1.00296
0.838865
0.998329
0.888591
0.884578
1.00072
0.959536
1.02455
0.978916
1.07207
0.955091
0.889519
0.990405
1.18305
0.931722
1.01961
0.933475
0.979515
0.937
1.09523
1.10256
0.827415
1.0253
1.05054
0.913136
0.790663
1.05024
0.993585
1.00922
0.950476
0.995292
0.942336
1.05659
0.82276
1.13318
1.14199
1.03009
0.97712
0.869714
0.962408
0.867449
1.10706
1.07234
1.11214
1.13079
0.853035
0.970977
1.25997
0.991095
1.05451
0.936388
1.07979
1.0555
1.10602
1.00402
1.05454
1.0886
0.987002
1.06665
0.868711
0.895836
0.869994
0.933152
1.03688
0.930701
0.967576
1.0346
1.13906
1.20057
1.08365
1.05804
0.868273
0.907399
0.854025
0.987241
0.916828
0.958155
1.00993
0.97087
0.973775
0.871948
0.982095
1.02697
1.05902
0.966495
1.04283
1.18295
1.11729
0.966183
1.03334
0.997383
0.808551
1.09299
1.04699
0.955767
0.977776
1.05164
1.12926
0.818559
0.997974
1.03813
1.15475
0.958283
1.06397
1.07872
0.982998
1.03564
0.857162
1.04644
0.98369
0.996316
0.93725
1.01223
0.981369
1.09051
1.03226
0.924814
0.967867
1.02157
0.933336
1.14504
1.17046
0.969182
1.10522
0.889984
0.858381
0.938581
0.886603
0.92744
1.10012
1.02698
0.981178
0.943677
0.962329
1.01145
0.972769
1.00647
1.03402
1.07247
0.832479
0.976532
0.940926
0.885123
1.04461
1.13925
1.01015
0.977053
1.12873
0.928986
0.943302
0.921369
1.16542
1.01261
0.862284
0.959318
0.919378
1.04857
0.847183
1.01118
1.01434
1.02599
0.908092
0.977434
0.933289
0.924713
0.93011
1.12028
0.995949
1.12407
1.26257
0.979436
0.968126
1.02997
1.01456
1.09195
1.09003
1.11435
0.822765
0.90679
1.03662
1.12008
0.962763
1.10425
0.954756
0.998815
0.961841
0.95912
0.924335
0.95389
1.04401
1.07159
1.03473
0.933627
0.926463
1.18015
0.959025
0.90543
0.908897
0.966706
0.965482
0.805572
1.04762
0.930791
0.970826
1.01969
1.06172
0.988463
0.933628
0.819116
0.930915
1.00326
1.04633
0.898094
1.1137
1.02768
1.12461
1.00288
1.05832
1.01222
1.12276
1.12523
0.912688
0.998581
1.00931
0.996664
1.0487
0.903584
1.14845
0.988651
1.07389
1.14443
0.840119
0.940209
0.879649
0.871891
1.0365
0.899888
1.13671
1.03842
0.985113
1.02241
0.989845
0.824224
1.11132
1.25122
0.96784
1.08035
1.19257
1.14825
1.0163
0.937613
0.956299
1.16298
1.04717
1.0694
1.02054
1.06961
0.984257
0.916053
0.963377
0.965012
0.939751
1.08125
0.933828
1.0301
1.0827
1.0037
1.10179
1.13153
1.0784
1.06687
0.994711
0.887279
0.987967
1.10963
1.03271
0.864927
1.04056
0.971453
1.07921
0.837793
1.09368
0.945899
0.899307
0.875
1.11223
1.147
1.10266
0.926385
0.95611
0.895704
0.947635
0.852501
0.993839
0.877343
0.96324
0.927901
0.967287
1.14028
0.907138
1.05462
0.999224
0.861137
1.20496
0.960307
0.912525
1.02755
1.08179
1.19915
0.997864
1.07198
0.963731
1.00849
0.993123
0.934854
1.10352
1.18108
1.01551
0.978508
0.97154
0.898052
1.00369
1.07314
0.889399
1.14908
0.983802
0.947906
1.17875
1.01752
0.966154
0.905438
0.919512
0.890024
1.0303
1.07176
0.878176
0.871162
1.02774
0.988613
1.09147
1.17444
1.11288
1.25893
0.959738
0.859245
0.942121
0.940596
0.838912
0.877245
1.00628
1.03397
1.03563
0.938301
0.85578
0.957661
0.971576
0.917818
0.969932
1.0371
0.980174
0.937199
0.926001
1.05479
0.925627
0.870328
1.02013
0.911902
1.13389
0.916033
0.777765
1.08811
1.01357
1.03499
1.08505
1.0833
1.09152
0.973892
1.09784
0.99365
1.01642
1.04573
0.921014
0.983568
0.927059
0.987554
1.01775
0.844777
1.12875
0.954811
0.790371
1.0877
1.01843
1.05504
0.961404
0.897539
0.962137
0.864571
1.03561
0.982552
1.09147
1.10938
1.01516
1.09054
1.00001
0.96439
1.06083
0.986375
1.04122
0.948747
1.06294
1.05447
0.892282
1.0815
0.952039
0.951062
1.18175
0.964843
0.957552
0.895578
1.08941
1.14666
0.963125
1.21951
0.971696
0.959574
1.08235
1.01094
1.14586
0.795322
0.731899
0.974246
0.984093
0.933598
0.819718
1.10068
1.00866
0.969371
1.00073
1.1451
0.824096
0.841438
0.998487
0.815862
0.96662
1.1122
1.09592
1.01129
1.13716
0.941733
0.944094
0.929328
0.973701
0.965896
0.898758
1.03719
1.07959
0.990751
1.10047
0.940658
1.00503
0.965474
1.02891
0.922043
0.983468
1.10317
0.922874
0.96473
0.957645
0.902887
1.01551
0.863097
1.08792
0.933182
1.00336
0.848326
0.774239
0.824977
1.02695
1.10962
0.838568
1.03482
1.02126
1.08124
1.04176
1.07665
1.10295
0.990358
0.991185
1.0107
0.844459
0.959395
1.01596
1.00019
1.05964
0.908687
0.893753
0.930018
1.03352
1.07164
1.04182
0.983914
0.809854
0.992419
0.9854
0.896867
1.07534
1.02825
1.04113
1.03243
0.993536
1.16718
1.06611
1.04182
1.09912
1.18142
0.927097
1.0577
0.968996
0.976063
1.21989
1.16368
1.1872
0.852464
0.912938
1.01845
1.13415
1.03943
0.992099
0.93042
1.06662
0.883247
0.987779
1.025
0.935346
1.24308
0.840578
1.04888
0.912468
0.979428
0.774129
0.900562
1.00958
1.05196
0.957554
1.06932
1.10656
0.920012
1.1201
1.03527
0.873525
1.01963
0.829458
1.1275
0.958026
1.02554
0.947572
1.04331
1.04921
0.936373
1.17238
1.01559
0.980916
0.926758
1.1824
1.13124
1.07438
1.17106
1.00626
1.01369
1.00669
1.11102
1.04886
0.913436
0.838491
0.713623
0.873404
0.870399
1.07121
1.10106
1.07706
0.93542
1.01454
0.951477
0.779738
0.911717
1.08579
0.880812
0.98435
0.975621
0.887378
0.870387
0.93788
0.975608
1.07376
0.985601
1.00071
1.001
0.893392
1.07273
1.12951
1.08132
0.899566
1.06793
0.937484
0.907059
0.9632
1.05277
1.14974
0.929326
1.13966
1.14115
0.92766
0.900143
0.94493
1.08317
0.953797
0.946948
0.887732
0.969362
0.949536
0.871865
1.06975
1.04131
1.06046
0.953341
1.01928
1.06289
0.977381
0.882461
1.12948
0.978396
1.1059
0.92898
0.973568
0.824812
0.828515
0.948958
1.05655
1.20512
1.00395
0.980324
0.876864
1.05014
1.04691
0.879833
1.16305
1.07139
1.07509
1.1152
1.06068
0.87025
0.856166
0.97647
1.04385
0.909227
1.09962
1.07111
1.02428
1.09594
0.789493
0.883776
1.00821
1.06403
0.92937
1.03572
1.04893
1.0738
1.14211
1.02553
1.0506
1.23503
1.19222
1.19376
1.00951
0.891458
1.08244
0.815166
1.08524
0.940733
0.94319
0.917141
0.90692
0.981943
1.09899
0.819968
0.828374
0.963977
1.08428
1.27928
0.971224
1.09473
0.894498
1.03776
1.09117
1.19425
1.07143
1.05311
0.993835
1.00874
1.12057
1.194
0.919036
0.998271
0.867886
1.05389
1.15193
1.02665
0.953809
0.898812
1.11248
0.987845
0.917316
1.04727
1.13594
1.0693
0.95501
1.00177
0.878959
1.1636
0.900879
0.955247
0.937593
1.23245
1.13259
0.918197
1.04159
1.11241
0.994667
0.96556
0.945675
0.892459
0.904932
0.926212
1.20675
0.948012
1.09603
1.08486
0.965642
1.05295
1.19076
0.891488
1.06874
0.995742
0.814965
0.918405
1.18616
1.00706
1.02575
1.17172
1.15484
0.946511
1.1281
0.693915
0.961508
0.959453
0.968093
0.783984
0.937914
0.979542
0.944433
0.998933
0.886416
0.951661
1.06217
0.975158
1.00109
0.999384
1.01585
0.892111
0.858585
1.20251
1.21372
1.04224
0.973191
1.16382
1.02423
0.865123
1.01145
1.03087
1.07721
0.969657
0.885281
1.07229
1.06539
1.09161
1.10148
1.05026
0.954859
1.11907
0.904062
0.980893
0.842224
1.0153
1.12585
0.92147
0.891561
0.802669
1.10179
0.882697
1.07287
0.875602
1.08984
0.978144
0.859238
0.933708
1.10013
0.975221
0.886594
0.994822
0.930567
1.13579
0.936531
1.22715
1.22693
1.01988
1.02065
1.16846
1.14575
1.09046
1.0654
1.01401
0.928309
0.983549
0.953659
1.04873
0.802689
1.00466
1.18755
0.906346
0.9696
1.06653
0.924927
0.870749
1.00122
1.27592
1.00354
0.98795
1.24396
0.994338
1.0274
0.884082
0.74314
1.18661
1.07178
0.855428
0.92947
1.13185
1.06196
0.980224
1.15955
1.17033
0.826398
0.947639
1.00452
0.797211
1.07232
0.892459
1.10726
1.0599
1.02638
0.947156
0.921386
0.961395
1.17553
0.937607
0.932126
1.12557
0.990533
1.11738
1.03665
0.863258
0.88254
1.01404
1.17041
1.02175
1.01273
1.10845
0.930045
0.992266
0.956336
1.00801
0.996622
1.06214
0.889282
1.10402
0.967723
0.773524
0.958668
1.08692
1.07924
0.857495
0.961047
1.14119
1.01521
0.990307
0.898608
1.0297
0.723173
0.871724
0.999215
0.913973
0.965684
1.0623
0.90304
1.02093
0.960884
0.938686
0.969673
1.08921
0.889484
1.13404
0.949738
0.788529
1.06958
1.13646
1.12076
1.04157
0.982537
1.30815
0.854203
0.98257
1.07003
1.0144
1.07844
0.943664
0.913974
1.19354
0.948338
0.853546
0.936787
1.07557
1.10161
0.976542
0.971682
1.04634
0.939641
1.0294
0.996975
0.904187
0.969052
1.1765
1.04455
0.751506
1.03726
0.922667
1.00442
1.07184
1.16639
1.09862
1.01768
1.00033
0.98483
1.02853
0.93336
1.05924
1.20632
0.874699
1.12919
1.16509
0.998431
1.03895
1.00235
0.923687
1.01726
1.01329
0.93587
1.05974
0.829658
1.14001
1.04708
1.07473
1.00495
1.07003
0.915052
1.12
0.89943
1.11043
0.980151
0.998193
1.01239
1.07226
1.07339
0.99913
0.895749
0.789066
1.02375
0.890034
1.13735
0.793605
1.00859
1.07803
0.981396
0.965936
1.00409
0.946467
1.02305
1.08479
1.00364
0.83195
0.963521
0.904893
1.01559
1.04852
1.12505
0.96481
1.15264
1.03364
1.05797
0.991785
1.00156
1.0105
1.03632
1.06412
0.972812
1.15771
1.04053
0.882295
0.907803
0.948481
1.11183
0.861791
0.859174
1.01777
0.979246
0.917524
1.05121
0.913408
1.07841
1.00825
0.988375
0.873338
1.02193
1.107
0.970191
0.917381
0.924006
1.15027
0.958336
1.07385
1.07589
0.990816
1.01566
1.06631
0.927981
1.04525
0.958201
0.939544
1.08591
0.952501
0.977019
1.05756
1.13062
0.955455
1.02297
0.994526
1.01644
0.924608
0.975907
0.947912
0.86078
1.09066
1.1263
1.0127
1.00153
1.0661
0.898348
1.06253
0.935598
1.00143
1.05365
1.04533
0.998963
0.989867
0.931374
0.988215
0.889279
1.16756
1.01062
1.03288
0.927187
0.931571
1.1077
0.897185
0.86134
0.843444
1.01077
1.19977
1.10952
1.04002
0.863241
1.01935
1.12441
1.05241
1.10806
1.06541
1.02168
1.11504
0.998132
1.05189
1.16917
0.903406
1.00253
0.886092
1.00544
1.00805
1.07913
1.02045
0.882358
1.03115
0.997791
0.846246
1.04067
0.868537
0.88789
1.05895
0.973446
1.06468
0.95729
0.926441
1.04941
1.02031
1.00168
0.889677
0.873268
0.80572
0.997878
1.02889
1.03232
1.0066
0.806886
1.05812
1.18985
0.821038
0.977489
1.10111
0.929983
0.825808
0.965205
1.05119
0.906409
0.91936
0.785758
0.886911
0.967036
0.919851
1.00131
1.15017
0.814248
1.00729
0.938999
1.10181
0.988603
0.964702
1.07289
1.19045
0.879016
0.995764
0.852892
1.15575
1.06719
1.29029
1.06735
1.0221
1.00813
1.05082
1.03316
0.840437
0.893148
0.980215
0.962903
1.11292
0.92374
0.849166
1.00373
1.09444
0.895931
1.06845
0.965285
1.18079
0.991753
0.922267
0.996688
1.03339
0.910703
1.13011
0.925909
1.04178
0.920214
1.02536
1.02565
1.02382
1.04112
0.894493
0.966715
1.00567
0.880832
1.06023
0.879907
1.11505
1.0917
1.08738
1.00781
0.836299
0.962312
0.733182
0.868046
0.956173
1.02681
0.971903
1.03866
0.884439
1.04573
1.18837
1.14856
1.11699
0.953865
1.04039
0.949784
0.948967
0.984455
0.976894
0.951496
1.06511
1.07069
0.87542
1.17874
0.91935
1.01628
1.10253
0.996272
1.04293
0.946328
1.06405
1.03398
1.03599
1.0588
1.04498
0.855652
1.0138
0.972082
1.06903
1.05287
0.981409
1.11715
1.2115
1.04376
1.14471
0.889964
0.950245
0.885152
0.957061
0.936098
0.859879
1.04655
1.04758
1.14454
0.973202
0.947657
1.15032
1.02747
0.808964
0.816039
1.03352
1.33996
0.820748
1.01508
0.966303
1.18309
1.08051
0.903112
1.02391
0.895383
0.922195
0.996111
1.01196
1.14827
1.00543
1.08512
0.967751
0.981813
1.24746
0.994579
0.985807
0.883152
1.02156
1.11358
0.955645
0.983811
0.930096
1.27256
1.03523
1.05945
1.07144
0.995967
1.00625
0.932777
0.957119
0.957501
1.03065
1.06681
0.84514
0.894093
1.00737
0.96133
1.07575
0.989721
0.944794
0.860541
0.861417
0.904811
1.1
0.989851
0.996554
0.904574
1.00091
0.882267
1.00874
1.05323
0.95541
1.01557
0.933376
0.975665
0.861312
1.05824
0.979669
1.0796
1.02765
1.19049
0.970311
0.994934
0.884154
0.914436
1.14051
1.00602
1.00754
1.13227
1.14117
1.06937
0.96358
1.14809
1.01565
1.11626
1.0427
0.99475
1.09656
1.03802
0.968494
1.02293
1.06178
0.952312
1.06682
0.854352
1.00714
0.870564
1.16941
1.14007
1.01259
0.853936
0.994374
0.986089
0.966439
0.98077
1.11625
0.967176
1.08349
1.09754
1.18725
0.943558
1.12513
0.937056
0.922802
1.07177
0.890186
0.945213
1.00792
0.967415
1.14856
0.921783
1.01668
0.954964
0.820393
1.03345
1.06217
1.04895
0.972284
0.968508
0.934228
0.970889
1.10408
1.25383
0.97018
1.05544
1.08441
0.993564
1.02774
1.03152
1.02712
0.876871
0.991743
0.896279
1.04677
0.948236
0.961206
1.17928
0.995979
0.915402
0.889766
0.874989
1.02056
0.97191
1.09395
1.00571
1.08757
1.02619
1.11789
0.88698
0.962807
0.902796
1.12852
0.934157
0.922333
1.00245
0.903281
0.833308
1.01529
0.949003
0.911581
0.881009
1.10798
1.00172
0.975133
1.09586
1.0852
1.02523
0.888865
1.08274
0.886677
0.907963
1.01843
1.05956
0.853817
1.05258
1.12858
0.890609
1.00603
0.961736
1.0022
0.843162
0.940387
0.959335
0.973468
0.948761
0.839844
0.972173
0.962439
1.19056
0.970201
1.2915
0.982198
0.922477
1.16545
1.01477
1.03322
1.11689
1.09621
0.934186
1.15041
0.929748
0.95983
1.04399
0.915977
0.994072
0.91148
1.07582
0.993827
1.02648
0.972845
1.05947
1.15513
0.924054
0.870449
0.929316
1.14829
0.885042
0.984259
0.792687
1.16826
1.02769
0.932868
1.0071
0.949635
1.19347
0.949278
0.962865
0.820475
0.868435
0.88571
0.983924
0.890503
1.14617
1.09704
1.05902
1.05469
0.973066
0.849037
0.914431
1.022
1.0072
0.851668
1.09317
1.12929
0.895003
1.15296
1.02645
1.18286
0.871681
1.01719
1.0005
1.0892
1.00377
0.81105
1.08704
0.968689
0.94346
1.03673
1.00132
1.06974
0.928027
0.863316
0.980053
0.98218
1.04382
0.975421
0.839489
1.16679
1.00046
1.04528
1.04658
1.0335
1.12995
0.941281
0.955146
0.860581
0.984449
1.12926
0.880564
0.880394
0.980559
1.06057
1.13946
1.00766
1.13327
1.06404
1.28045
1.1064
0.981519
1.02424
0.918782
1.02948
0.892836
1.00513
1.01215
1.00574
0.93194
0.941943
0.960019
1.01918
0.998993
1.05128
0.900384
0.945554
1.03255
1.23941
0.969882
1.08443
1.00901
1.01388
1.1685
1.01105
1.19186
1.10263
0.902827
1.19127
1.04327
0.979324
0.972979
1.01695
1.01851
1.03082
1.18854
1.12496
1.04568
1.19765
0.986564
0.933387
1.17621
0.918332
1.001
1.14164
1.01281
1.06077
1.02223
0.743224
0.82233
0.985628
0.951632
1.11245
1.17759
0.962469
0.923453
0.938651
0.964273
1.22403
0.977664
0.854788
1.17081
1.05963
1.04422
1.01979
0.901844
0.979362
1.19743
1.09836
1.03104
0.966126
0.87795
1.08612
0.957419
0.886594
0.927869
0.923556
0.854107
0.896411
0.946368
0.867547
0.853909
0.868797
0.903665
0.972359
0.920493
1.05571
0.921321
0.837337
0.842351
0.889485
1.16195
1.1011
0.943905
0.971238
0.816007
1.04314
0.961463
0.998819
0.862572
0.855006
1.09411
0.985192
1.09226
0.87106
0.803438
0.916466
0.93715
0.790415
0.905165
0.972209
0.967278
1.07936
0.942383
0.99095
0.912853
0.913682
0.980108
0.970619
0.935144
0.969476
0.98913
0.929135
0.89916
1.05135
1.07635
0.999952
0.945467
1.21736
1.06562
1.10466
0.938232
0.969575
1.01675
1.00618
1.1109
0.910915
0.856518
0.919731
1.05014
0.84096
1.19495
0.98808
0.970856
0.882679
0.954839
1.20391
1.12998
1.07036
0.98487
1.01814
0.939518
0.981719
0.980443
1.10759
0.963758
1.07405
1.04857
1.03151
1.08422
0.821038
1.04473
0.973329
0.885349
1.07461
0.978982
0.934306
0.863237
0.838827
0.991151
1.06356
1.16438
1.03383
1.172
1.14871
0.928047
1.14665
1.03858
1.02748
0.750807
1.13967
0.968442
0.89615
1.1373
0.860623
1.02422
0.9373
1.18807
0.909348
1.01734
1.12221
0.924903
0.954952
1.08114
0.952535
0.975235
1.17759
1.02136
1.00842
1.20774
1.07755
1.03457
0.976024
1.10117
1.05723
0.942332
1.0316
1.03332
1.05989
0.932368
0.94756
1.00019
1.03091
1.0077
0.93945
0.913212
0.9253
0.968023
1.18537
1.03694
0.975963
1.07667
0.991283
0.94956
0.874469
0.952258
1.00136
1.13358
0.836001
1.02879
1.11462
0.826313
0.963853
1.02714
0.956887
1.00116
0.877493
0.878792
1.05434
0.918713
0.984125
0.901092
1.2128
1.06283
0.894532
1.07208
0.924851
1.03989
1.09548
0.993131
1.09165
1.14204
0.8468
1.21423
1.10282
1.12335
1.11998
1.02669
1.03821
1.0638
0.869246
1.07469
1.03168
1.08177
1.36264
0.924372
0.903179
0.941343
1.25977
0.906696
1.08992
1.06505
1.01592
0.923775
1.11044
1.06259
1.25401
1.04097
1.06474
1.15078
1.07515
1.07525
1.07686
0.996851
0.912408
0.92769
0.947202
0.979865
0.912742
0.975838
0.892533
0.951478
1.11446
0.802713
1.1132
1.07349
0.905851
1.39056
0.894989
1.09747
1.18227
1.08938
0.969436
1.10028
1.01355
1.07166
0.986591
1.08331
1.0087
1.12612
1.2011
0.901558
1.06026
1.01793
0.857139
1.0287
1.05095
0.955271
1.02997
1.10633
0.891783
0.973599
0.884373
0.865979
0.929661
1.10385
1.03811
1.01387
0.984313
1.15457
1.10263
0.915272
0.955993
1.01075
1.11
1.05636
1.04194
1.00179
1.07667
1.07901
0.830464
0.937375
0.836331
0.973018
0.876547
1.16817
1.0677
0.941458
1.00416
0.853174
1.10338
1.05561
1.0683
1.01003
0.897928
1.06891
1.06947
0.997456
1.01512
0.758217
0.774412
0.908066
0.926314
1.10093
0.999375
0.972201
1.11357
0.858385
0.918539
1.01254
1.14155
0.976571
1.08874
1.24117
1.03166
1.10511
1.11984
0.921341
0.989747
0.951835
1.15648
1.20014
0.870597
1.05364
0.909551
1.01652
0.904428
1.0151
1.13496
1.00517
0.926171
0.967557
0.761766
1.16574
1.04841
0.992246
1.14462
1.03657
0.872224
0.84023
1.00204
0.950299
0.970291
1.13334
0.898534
1.03458
0.958679
1.03072
0.981385
1.09434
0.959871
0.925127
1.20018
0.925723
0.812096
0.981835
0.972899
1.05493
1.09813
0.782235
1.12886
1.05257
0.77536
0.860424
0.930059
1.0134
1.0377
1.10572
0.956448
0.922249
0.799972
1.15592
1.03894
0.993886
1.04836
0.979428
1.00533
0.850679
0.8707
0.864407
0.877427
1.02255
0.878146
0.906094
0.907858
0.939625
1.03288
1.10974
0.956549
1.09736
1.01852
1.03244
1.06759
0.947309
1.08727
1.07389
1.10839
0.92988
1.11273
0.904287
0.860592
0.954703
1.12774
1.02598
0.998166
1.01115
1.12111
0.969913
1.08066
0.92947
0.949763
0.928094
1.0542
0.955625
0.882641
1.06787
0.948617
1.01585
0.74149
1.07229
0.93945
0.944073
0.826945
1.28134
1.08325
0.840615
1.03201
0.901504
0.990053
1.0579
0.934265
0.868666
0.942245
0.995508
0.95862
1.09748
1.06589
0.835896
1.15005
1.0519
0.914842
0.965472
0.871108
1.1821
0.931728
0.861424
1.19713
0.910707
1.24302
1.01169
1.06412
1.045
1.04741
1.09695
0.983553
0.910668
1.23984
1.08985
1.27588
0.9997
1.02327
0.926724
0.93436
1.03871
1.0151
0.976937
0.968977
0.950595
0.888857
1.00506
1.02118
0.959437
0.986251
0.984592
1.01082
1.00306
1.12532
0.993731
1.02441
0.96324
1.00068
1.00383
0.862226
0.911946
1.05531
1.24616
0.973
1.32409
0.93551
0.928778
1.32849
0.965478
1.16078
0.802828
1.14469
0.807952
1.3212
0.865237
0.889334
0.937697
0.943534
0.799759
0.835736
0.988786
0.860553
0.985858
1.09494
1.01344
0.931076
1.07839
0.99471
0.880109
1.08078
1.03219
0.944864
1.07931
0.970057
1.27158
1.05205
1.1704
0.854888
1.13269
0.998275
0.829202
1.00606
1.0751
0.860244
0.981056
1.10266
0.974402
0.897141
0.919122
0.949053
1.07754
1.00707
1.04146
0.861054
0.862988
0.914382
0.971437
0.994538
0.912871
0.891598
1.10385
0.926485
0.903147
0.911404
1.09091
0.978491
0.937118
0.877193
1.01772
1.0045
0.96025
0.99833
1.02447
1.00118
1.04414
1.14412
0.949613
1.15595
1.15653
1.10709
1.00584
1.11903
1.2694
1.22196
0.976169
0.854305
0.895546
1.0396
0.967301
0.92657
1.1009
0.961949
1.18886
0.913296
0.88476
0.922755
1.06015
0.967782
1.08193
1.19806
1.02956
0.95474
1.05817
1.0546
1.01277
1.1525
1.07194
1.03026
1.03559
1.13935
1.22989
0.972418
0.89092
0.829752
0.903414
1.04533
1.00896
1.17795
0.885691
0.932217
1.00363
0.976929
0.999358
1.11407
1.07795
0.974418
0.981132
0.933809
1.1297
0.820085
0.88289
1.08476
1.09615
1.01118
0.959221
0.934599
1.04667
1.1061
1.11836
0.908564
1.0975
1.15864
1.20915
0.945985
1.01875
1.03011
0.852688
0.845359
1.18293
1.033
1.00126
1.01317
0.9528
0.99057
0.855495
0.992242
0.992544
1.00915
1.03932
0.911
0.873218
0.798358
0.919143
1.00495
1.18905
0.986201
0.845218
0.972782
1.13376
0.975812
1.0513
0.915062
1.03596
1.13456
0.941849
0.93657
1.04711
0.903872
1.11134
1.08826
0.919507
0.868743
1.0095
0.925966
1.00297
0.952549
1.02017
1.02823
0.893069
1.13068
0.929711
1.07907
1.07293
0.959336
1.01034
0.913716
0.942474
0.916219
0.985747
0.898356
0.922174
0.896041
1.06499
1.03372
1.08497
1.01675
0.885513
0.800893
1.03789
1.00478
0.946166
0.873251
1.00087
0.965501
0.954578
0.974951
0.913764
0.972404
0.911405
0.905917
1.06098
0.946957
1.12834
0.95938
0.967091
1.14469
1.04949
0.93122
1.01413
1.08786
0.931908
1.12741
1.36976
0.819112
0.989926
0.8535
0.996159
0.810139
0.889272
0.950484
1.02914
0.894236
0.836111
0.967917
0.977391
0.950776
1.10371
0.881568
0.977856
1.20392
0.905241
1.03825
0.880188
1.14779
1.05638
0.988018
1.00864
1.18274
1.06384
1.06686
1.14568
0.912736
1.01965
1.13727
0.952787
1.0651
0.886214
0.851774
1.05217
1.01292
0.856568
1.16585
1.02993
0.99879
1.2072
1.22333
1.00666
0.953683
0.944412
0.948947
0.922353
0.805406
0.831358
0.896878
0.990912
1.06518
0.931353
0.878759
1.06852
1.00247
1.00958
1.03554
0.818276
1.11972
0.871197
1.05589
0.974403
1.0569
1.05701
1.11245
1.17213
0.841328
1.02801
1.07026
0.853849
0.738748
0.977305
0.894191
0.945655
0.913303
1.23705
1.14811
1.07984
0.825702
0.979628
0.962892
1.06214
1.02912
1.09333
0.945869
1.09714
1.00282
1.02903
0.913176
1.18107
1.06944
0.825149
0.951286
0.981248
0.967762
1.00225
1.00987
1.05847
0.940416
0.984995
1.12957
1.00601
0.95606
1.10624
0.997007
0.896366
0.863508
0.915911
1.06395
1.03219
1.02662
0.888669
0.962683
0.937742
0.927034
0.951909
1.07477
1.02436
0.91173
1.09389
1.00041
0.948716
1.06389
0.952173
0.88482
1.07296
0.964112
1.01138
1.06402
0.972125
1.00751
1.04352
1.04243
0.864678
0.98016
1.23333
0.968841
0.961251
0.97296
0.956683
1.05817
1.00427
1.29574
0.978642
0.903412
1.03998
1.05038
0.897972
0.860511
1.02516
0.875374
0.881036
1.09615
0.941483
0.979475
1.03913
0.940575
1.17095
1.08316
0.847553
0.893578
1.06484
0.988391
0.927205
0.890684
0.987511
0.980483
1.02032
1.00438
1.07418
0.972627
1.13066
0.976113
1.20946
0.951779
1.15621
1.03239
1.07942
1.03944
1.05329
0.805678
0.919191
1.26335
1.01637
0.843512
0.897084
1.00755
1.05633
1.06071
1.12344
0.991669
1.0413
0.943072
1.01662
1.16662
1.01365
1.10223
0.994322
1.05148
1.16743
0.995126
0.973419
0.935411
1.03395
0.886818
1.00933
0.908594
1.02847
0.990636
0.997712
1.10695
0.895126
1.14883
0.929444
0.926403
1.17105
0.999961
1.07276
1.07793
0.905144
1.01418
1.1131
0.911174
0.897016
0.937087
1.04967
1.07859
0.859694
0.945013
1.08758
0.964067
0.944818
1.04071
1.04288
0.895305
1.05477
1.01158
1.104
0.857739
0.910591
0.959783
0.981762
1.12857
0.981239
1.05301
1.02014
1.02324
0.914054
0.86999
1.0552
1.11683
1.02225
0.947598
1.12456
1.04256
0.949908
0.942385
0.95681
0.964342
1.27999
0.866744
1.1091
1.12286
0.966261
0.885647
0.998944
0.986918
0.860521
0.923105
0.93798
1.06258
0.976948
0.957792
1.05049
0.80633
0.946733
1.03562
0.880633
1.03429
1.03738
0.942297
1.06432
0.926614
0.998984
1.18801
0.869097
1.08679
0.989272
0.961749
1.05117
0.90388
1.00825
1.00989
0.897754
0.990104
1.00048
1.1642
0.956281
1.20665
1.16554
1.12272
0.961568
1.12524
1.10383
1.25789
1.05072
1.01504
0.809955
0.99601
0.961854
0.929719
1.02001
0.886353
1.02515
0.842804
1.17256
1.22582
0.976685
1.10357
0.933911
1.21555
1.00426
1.03618
1.21552
1.0941
0.936827
0.915216
0.842019
0.856317
1.02364
1.00571
0.798172
0.993121
1.05335
0.903119
0.9167
1.02224
1.00961
0.967164
1.00876
1.04251
1.14731
1.07078
0.880121
0.906303
1.19537
1.08048
1.03379
1.13267
1.01002
1.13243
1.10252
0.991008
1.10121
0.928282
0.987059
1.22432
0.932292
0.847013
1.14396
1.06215
0.953083
1.05679
0.977545
0.956101
1.19371
1.03806
1.16444
1.07976
0.896965
1.00323
0.972019
1.1473
0.937771
0.782308
0.982267
1.12773
1.01468
1.00902
1.10783
1.2015
1.22315
0.922069
0.903424
0.972239
1.10991
0.9106
1.01059
1.08502
0.898708
0.962788
1.16092
0.877229
1.10046
1.04553
1.00653
0.840809
0.97795
0.905809
1.0267
0.906369
0.958883
1.11846
1.19396
0.953621
1.15071
0.976827
0.955073
0.874788
0.882484
0.935672
0.982958
0.997816
1.05811
1.03542
0.900299
1.01183
1.02856
0.853736
1.09802
0.960295
0.890638
1.01773
1.05935
1.08077
1.07172
0.827792
0.872263
1.10178
0.894832
1.12547
0.984585
1.05024
1.05181
0.877814
1.05779
1.17638
0.99193
0.922462
0.866609
1.07789
0.92476
1.02877
1.06189
1.10559
0.837615
0.930667
1.31432
1.0754
1.02208
1.15662
0.967814
1.06694
1.08918
0.984953
0.998431
1.23471
0.916319
1.10895
0.92177
0.94601
0.895708
0.978895
0.999369
0.927143
1.04648
0.838209
1.34347
1.08399
1.02258
1.05727
0.917716
0.742199
1.00957
0.988339
0.847635
1.05973
1.16216
0.92989
1.01864
0.952471
0.957323
0.965294
0.924624
0.94067
0.979144
1.11101
0.865583
1.11807
0.995104
0.93838
1.15924
1.02871
1.09585
1.00745
1.01921
0.936692
1.05911
1.22917
0.908123
1.0212
0.865138
1.08139
0.970687
0.815132
0.906365
0.990804
1.16239
0.991333
1.15063
0.940342
0.862593
0.932277
1.07001
0.992236
1.04943
0.832307
1.02225
0.884632
1.0681
0.983357
1.0801
1.01568
1.03318
0.890149
1.07465
0.985021
1.11877
1.07841
0.883527
1.01512
0.970502
0.957489
1.03063
0.994761
1.08012
0.986739
0.935512
0.98581
1.04293
0.824148
0.988502
0.951908
1.15848
1.01894
1.03106
1.08292
1.0608
1.00318
1.10477
1.02757
0.976701
1.01496
0.959333
1.08206
0.977811
0.767631
0.888239
0.889703
0.926052
0.956609
1.01744
0.950832
1.13504
0.831413
0.840812
1.12388
0.985181
0.997441
1.00097
1.07854
0.829484
0.904435
1.00049
0.855685
1.02215
0.973926
0.904459
1.16147
1.06752
1.11751
1.09322
1.08082
0.956849
0.84232
0.880933
0.790007
0.852004
0.906032
1.05222
0.949484
1.07794
1.06068
1.10979
1.16108
1.01878
1.00713
1.10762
1.02686
0.968748
0.795398
0.898864
0.939281
1.12693
1.00704
1.05708
0.854395
1.03708
1.10359
0.839845
1.0797
0.859238
0.945908
1.12643
1.27128
0.937916
1.0895
0.963186
1.20162
0.989275
0.899989
0.777844
1.00729
1.0878
1.03534
0.949413
0.822486
1.03911
1.10494
0.884221
0.946544
1.05082
0.939774
0.934756
1.10509
1.11409
1.1443
0.807093
1.05259
1.02631
0.98095
0.98693
0.996794
1.1638
0.967535
0.943731
0.955747
0.969849
1.02581
0.986813
1.15328
1.01782
1.00678
0.965007
1.01135
1.16522
1.02823
0.952537
1.08948
1.05727
1.00448
1.03934
0.874174
0.991894
0.825496
0.938105
0.979819
1.08405
1.12918
0.872193
0.960533
0.90386
1.01408
1.03792
1.01867
1.04666
0.907319
0.959171
0.992404
0.913458
0.895888
0.875909
0.96352
1.02023
0.967943
1.02569
0.935841
0.916192
0.901441
0.991358
0.943837
1.17354
1.09825
0.873711
0.970413
0.963751
1.13482
1.05
1.11148
0.943764
0.991382
0.952186
0.962805
0.985822
0.979029
0.94644
1.03421
0.946366
1.06191
0.948072
1.06182
1.02872
1.07007
1.04181
0.867725
0.953201
1.31683
1.02692
1.04419
0.970863
0.905696
1.13997
1.04636
1.24664
0.875284
1.02577
1.01551
0.895639
1.02488
1.04602
0.936358
0.970043
1.06913
1.05066
0.9817
0.88169
0.912947
1.12305
0.957068
1.05816
0.952305
0.991563
0.952716
1.05393
1.06568
1.10215
0.972838
0.944817
0.890455
1.20982
0.89697
0.941443
1.07771
0.850732
0.981216
0.839958
0.886552
0.85636
0.892618
1.11776
1.08471
1.21002
0.994342
1.00612
0.803264
0.981056
0.933626
0.98223
1.01112
0.924294
0.883902
0.98474
1.05488
0.895916
1.06829
1.12085
1.20131
1.01262
0.983496
1.02833
1.10136
1.08325
0.985293
0.918833
0.837361
0.94656
1.11416
1.01993
0.992767
1.03094
1.09622
0.908032
0.978538
1.05137
0.924945
0.96753
1.12429
1.03289
1.18542
1.04718
1.1795
1.10008
0.892632
1.07398
0.928948
0.924518
0.993985
0.928164
0.964496
0.975955
0.916208
0.985563
1.06254
1.04985
1.0658
1.1132
1.30959
0.941129
0.963177
1.0476
0.913014
1.12294
1.16614
1.02852
0.921556
1.09316
1.04562
0.87885
1.0288
0.973351
1.04736
0.982585
1.14018
1.13137
0.998297
1.14599
1.01963
0.847613
0.998541
0.942719
0.99629
1.0232
0.955645
0.975701
1.10571
0.996742
0.95536
0.917632
0.974804
0.89695
1.31123
0.89311
1.08423
0.932197
0.97822
1.08556
1.02869
0.886568
1.07362
0.955607
0.956736
1.19388
1.04416
0.812156
0.903453
1.12505
0.853785
0.884186
0.825481
1.0614
0.71512
1.03084
1.0532
0.971403
1.21369
0.841273
0.954926
1.06813
0.987679
1.0315
1.15099
1.26644
0.974181
1.16601
0.882697
1.21928
0.975762
0.936165
0.981474
1.05886
0.985695
1.00116
1.00918
1.19104
1.01133
0.928585
0.957233
0.986899
1.12542
0.916534
1.02245
1.07129
1.00768
1.019
1.06264
0.991418
1.03455
1.05103
0.895182
1.09012
1.0011
1.04266
0.955804
1.08666
1.14023
0.973926
0.960004
0.885317
0.872113
1.0281
1.01829
0.968484
0.885487
0.976684
0.885264
1.00597
0.877543
0.950846
0.960075
0.935949
0.983209
1.06209
1.04587
1.05151
0.888311
1.22716
1.01305
1.01631
1.01079
0.910287
0.955067
0.834848
0.998914
0.938061
1.02115
1.01662
0.972949
1.02162
1.15156
1.05862
0.981697
0.978154
0.898974
0.8695
1.16125
0.867186
1.16032
0.91944
1.10392
0.990993
0.789913
0.918249
0.994858
0.92243
1.08664
0.944344
1.10451
1.04759
1.02926
0.978179
0.852878
0.881219
1.01843
0.926183
0.905923
1.09413
0.975852
0.933189
0.938745
1.12973
0.965599
0.930445
0.942234
0.855127
0.884146
1.01421
1.17862
0.91769
1.06842
0.913218
1.03434
1.13124
0.887065
1.02864
1.06552
1.13243
0.916174
0.978091
0.958618
1.15077
1.15921
0.884542
1.1231
1.09519
0.884427
1.02689
1.07509
1.0535
1.19559
1.06436
0.997512
1.00853
1.18516
1.0047
0.986709
0.930139
0.962032
1.10645
1.05982
1.11144
0.891581
1.02697
0.969668
0.913741
0.892858
1.01014
1.02296
1.02671
1.08639
0.811756
0.929298
1.01339
1.04307
1.07009
1.0495
0.888649
0.940994
1.13418
1.08386
1.05249
0.913965
1.03828
0.869263
1.08477
0.989028
0.901606
1.05172
0.900886
1.30451
0.838783
0.987835
1.13085
1.0536
1.15663
1.07717
1.04299
1.06047
1.09234
1.11699
0.935759
1.0359
1.08399
0.9893
1.08735
1.04806
0.984884
1.03184
0.983383
1.01486
1.05737
0.943372
1.03477
0.979368
1.02483
1.07626
1.02757
0.807829
1.12344
1.10501
0.963919
0.909732
0.937088
0.959197
1.01265
0.999558
0.997666
0.903441
0.854924
1.02488
1.207
1.31858
0.988015
0.937142
0.919133
1.06535
0.895407
0.983038
1.20547
0.940206
0.997674
0.908848
0.914087
0.953345
1.09411
0.973903
0.918525
1.04373
0.922715
0.968329
1.14632
0.999171
0.98589
0.864842
1.10566
0.824167
0.922095
0.922798
0.893488
0.947326
0.837431
1.17683
1.02188
0.935955
1.01449
1.03612
0.979365
1.01142
1.01184
1.04147
1.02287
1.08616
1.10117
1.1427
1.08604
0.964072
0.877581
0.975822
0.95063
1.01125
0.946089
0.90016
1.06402
0.9408
1.12011
0.971269
1.03099
1.11497
1.13271
1.03883
1.03866
0.805943
1.12888
1.05979
0.960573
0.928763
1.1029
1.07977
1.00315
1.12525
1.0411
1.00525
0.960313
0.741705
1.0284
1.06324
0.897417
1.04775
1.0912
0.937332
0.920021
1.13081
0.983791
1.01663
0.9826
0.850886
0.935235
1.05252
0.928536
1.25424
0.985746
1.1831
1.10832
1.12017
1.0733
1.39666
0.817815
1.0524
0.81973
0.965494
0.897097
0.897985
0.854575
1.07953
1.07353
1.15633
1.01378
0.953401
1.07727
1.0486
1.14499
1.2702
1.05542
1.0305
1.03205
1.04693
0.905592
0.914239
1.13201
1.16266
1.02646
0.902226
0.917203
1.0088
1.23889
0.812604
1.15586
0.956317
1.07971
1.1426
0.981246
0.977377
0.981517
1.01087
1.0538
1.01876
0.869027
1.05043
0.969177
0.946197
0.955498
1.0122
1.06261
0.839065
1.13128
0.86157
0.981457
0.983298
1.03007
1.02854
0.837335
0.967942
0.856755
1.14801
1.05235
0.946354
0.966784
1.07813
0.868613
0.95107
1.04758
0.89273
0.957177
1.06632
0.992162
0.906657
0.912143
1.05493
0.884958
0.918967
0.964693
1.00446
0.909182
0.915441
1.14049
1.02929
0.899118
0.897471
1.0543
0.869713
1.00015
0.883605
0.919321
0.918398
1.21273
0.827857
0.930661
1.12525
1.10284
0.97243
1.08848
1.09717
1.1196
1.14024
0.965851
1.02347
1.15789
1.10664
1.10127
1.01695
1.03318
1.04772
0.946161
0.833525
0.882225
1.21834
0.845528
1.1332
1.00565
0.917651
0.882298
1.05282
0.770455
0.889732
0.947287
1.04342
0.838354
1.06948
0.93634
1.05571
0.971117
1.05025
0.989009
0.964715
0.9311
0.959379
0.95099
1.04572
0.920834
1.06381
1.05326
0.94111
0.905439
0.885347
1.02777
1.10444
0.948306
0.995303
0.982458
0.831182
0.927955
1.03625
1.20987
1.1419
1.02051
0.963458
0.861196
0.831902
1.14878
0.982684
0.981063
1.00049
1.15304
1.075
1.02414
1.00353
0.916011
1.16645
1.16995
0.997299
1.17808
1.02964
0.990653
1.0788
1.14655
0.881048
1.10615
1.00354
1.0304
1.04082
1.04352
0.982976
0.960722
0.997639
1.20774
0.989287
1.1084
1.09511
1.21594
1.00348
1.04841
1.07038
1.10661
1.01328
0.972634
0.831688
1.02198
1.03581
1.10284
1.09517
0.794058
1.05119
0.997638
0.971418
1.07929
0.882362
1.09116
0.990081
1.05902
0.927847
0.871009
1.04947
1.04397
1.02881
0.982442
0.950801
0.95967
1.04104
1.17092
0.969119
1.01814
0.924716
1.02807
1.07465
0.94541
1.21806
0.854148
0.994405
1.05587
1.10223
0.832774
0.986679
0.984399
1.03113
1.06779
1.03415
0.978961
1.05985
0.913447
1.02192
1.07714
1.02407
1.0639
1.01905
0.991645
0.963452
1.04694
0.947905
0.889709
1.06477
0.89159
1.00824
1.01056
0.968887
1.15067
1.08787
0.897353
1.12665
0.932467
1.01215
0.981994
0.935564
1.0352
0.973047
0.916082
1.09163
0.832521
1.05403
0.780758
1.09578
1.01541
0.861032
0.995981
0.999302
0.884925
0.926864
1.0086
1.0137
1.10436
0.90061
1.01989
1.0721
1.02643
0.941297
0.833682
1.31432
1.05252
0.84412
1.10313
1.11218
0.955701
1.04988
0.970061
1.00713
0.863547
1.06431
0.915741
1.03135
1.34847
0.98782
0.992563
0.983562
0.944171
0.879987
1.03114
0.942576
0.890424
1.04648
0.873551
0.891116
1.06739
1.08163
0.782148
1.05178
0.924681
0.873007
0.915879
1.04583
0.934609
1.07379
1.03003
1.04989
1.25599
1.04025
0.988388
1.04758
1.01019
1.00296
0.927989
0.817293
0.961202
1.09005
0.954501
1.14324
0.798026
1.09446
0.915754
1.01837
0.853487
1.11484
0.993733
1.11665
0.992485
1.10311
0.810042
1.17244
0.949078
0.759039
0.916483
1.17938
0.993668
1.12206
1.01807
1.06894
1.03153
0.872974
0.936409
1.1554
1.12842
1.10881
1.05443
0.939299
0.995451
0.983209
0.979597
1.03841
0.865567
0.832993
0.957575
0.895109
1.00305
0.92236
0.97856
0.97605
1.13118
0.829557
1.01824
1.19333
0.900136
1.12929
1.12646
1.11906
1.0389
0.96239
0.930479
1.0607
1.01757
1.08956
1.02467
1.08471
1.09927
0.993747
1.17027
0.967072
1.06895
0.897694
0.818329
1.12147
0.953719
0.992556
1.11982
0.941419
0.986309
1.01163
0.793997
1.01177
1.03752
1.05263
1.03237
1.08613
0.893492
1.06633
1.0547
1.06499
1.1252
0.926855
1.04027
1.1401
0.895935
1.14151
1.02115
0.991571
0.993774
0.81522
1.25324
0.860283
1.12272
1.0787
1.09756
0.953785
0.881939
0.999975
0.984178
1.02334
1.0056
1.00984
0.747641
1.02973
0.994989
1.07243
1.06635
0.997513
0.915424
0.957525
1.10624
0.954366
0.891891
1.06552
0.886466
1.01423
1.13051
0.887292
1.15888
0.768774
0.993981
0.975668
1.22723
0.756144
0.903965
0.976182
0.993863
0.974309
0.994607
1.04693
1.18736
1.04415
1.02688
1.15013
1.12319
1.12316
1.08431
1.2379
0.921519
0.935626
1.1365
1.1448
1.00872
1.02799
0.792244
1.00185
0.969593
1.01516
1.13857
0.982424
1.09525
1.02568
1.05388
1.08942
0.85163
0.983961
0.949579
0.953107
0.900627
1.02716
1.01398
0.883371
0.977271
0.852123
1.03444
0.927677
1.00729
0.948183
0.922397
0.994605
1.00128
0.824484
1.22425
0.96377
0.949894
1.08314
0.922374
1.05299
0.841752
1.06449
1.0665
1.16794
1.20236
0.912672
1.1408
1.06349
0.968003
1.08992
1.02058
0.980092
0.960879
0.958117
1.0298
1.03681
1.04574
1.05875
1.05096
0.983816
0.834671
0.964261
1.02488
0.873007
0.977579
0.970599
1.11015
1.00722
0.875023
0.998858
0.939271
0.936264
1.05202
0.96142
1.0387
1.00438
0.99141
0.981304
0.957761
1.25325
1.09478
0.849626
0.875681
0.866975
1.0065
0.949313
1.10215
1.10148
1.09372
0.880974
0.9275
1.10982
0.905793
0.986113
0.947948
0.932595
0.94978
0.779764
0.970781
0.867698
0.850609
0.889798
0.994808
0.970883
0.909182
0.980843
0.960582
0.928019
0.81794
0.818601
0.9341
0.869314
0.993166
0.973704
0.932674
1.06158
0.920029
1.05544
1.01345
0.948996
1.02059
0.93305
1.00835
1.05848
1.20948
1.0839
1.1139
1.12539
0.950382
0.865218
1.02793
1.01471
1.07997
0.870177
1.04226
1.013
0.936455
1.08997
1.08603
1.02482
0.912487
0.978679
1.06625
0.946871
0.898322
1.09922
0.906378
1.03539
0.906491
0.996041
1.13719
1.18515
0.93586
1.00189
1.03433
0.948888
1.01841
0.934583
0.952344
1.11311
0.921652
0.945799
1.06124
1.02221
1.17333
0.904302
1.00548
1.14758
0.894877
0.936686
1.01424
1.03216
1.03315
1.25069
1.05754
0.982966
1.0788
0.825631
0.947781
1.05908
1.17587
0.852835
0.881439
0.993801
0.925614
0.878521
0.900101
1.03904
0.938898
0.964028
1.0115
1.17642
1.00389
1.05949
0.963196
1.05304
0.974878
1.04216
0.970911
0.88989
0.966301
1.02856
1.01029
1.02644
1.14011
1.09351
0.794396
1.01757
1.16679
1.02602
0.93617
0.976094
0.953652
0.862445
0.739912
0.868161
0.890494
0.939753
1.09529
1.10622
0.94393
1.05266
0.869118
0.945078
0.957479
0.77294
0.934524
1.00315
0.960458
0.84629
1.08888
1.19747
1.07863
0.890176
0.994385
0.991045
0.9544
0.93663
0.927217
0.994907
0.841942
1.01291
0.956455
1.05845
0.981834
1.04241
1.09313
0.91186
1.07085
1.01068
0.972999
0.891135
0.97727
0.994878
1.11218
0.893424
0.927671
1.11181
1.20409
0.990365
1.00036
0.974693
0.899213
1.13001
1.13923
1.11496
0.86587
0.896632
0.955711
0.974062
0.882325
1.04019
0.919487
1.01381
1.11061
0.904212
1.20771
0.981889
1.05154
0.87959
1.0002
1.14954
1.0671
1.05946
0.795156
0.903447
1.19723
1.04043
0.930962
1.03691
1.04352
1.03505
0.824443
0.903655
1.00495
0.909893
1.06306
1.08424
1.19837
0.914284
1.00902
1.00073
1.09142
1.14796
1.03122
1.10255
1.1044
0.929277
1.05177
0.99888
0.93605
1.09029
1.0082
0.923115
1.12088
0.880595
1.08184
0.935648
0.9256
1.01615
0.863411
1.02563
0.949072
1.02724
0.986148
1.04691
0.996333
1.08753
0.987942
0.812321
1.16534
0.921304
1.08297
0.963566
1.10307
0.856617
1.11315
0.963678
1.03068
0.893093
1.04052
0.94976
0.998022
0.909104
0.985029
0.967308
1.01738
1.08737
1.19359
0.894635
0.810768
1.05606
1.0105
0.923034
1.17764
0.942242
0.92284
0.900329
1.06109
1.08085
0.897727
1.00173
1.02507
0.846842
0.804499
1.01086
0.953539
1.14887
0.970866
1.00705
0.99977
1.01989
0.977679
1.05409
1.00435
0.860765
0.893582
0.869796
1.05805
0.878127
0.989608
1.08342
0.883714
0.929036
0.998873
1.07552
1.09661
1.25072
1.1106
1.18679
0.871618
0.987058
1.11998
1.01329
0.780281
1.08138
0.957774
1.01444
0.938869
1.12415
0.875921
1.02752
1.0089
0.999968
0.978369
1.03768
0.941961
0.915254
0.885127
0.957555
1.05895
1.19654
0.964828
1.18162
0.97469
0.90638
1.03414
0.924137
0.994764
1.08536
1.16462
1.0907
0.830571
0.980304
0.992884
1.04304
1.02317
1.20037
0.990418
1.12141
0.961964
1.02345
0.774433
0.944611
0.975963
0.77523
0.994462
1.03691
0.923805
1.11782
1.0469
1.08307
0.945698
1.02335
0.950051
1.20513
1.27171
0.971476
0.771641
0.99364
1.05451
0.881255
1.10137
1.15813
0.942186
0.996501
0.889763
1.30306
0.794256
0.844885
0.901891
1.01409
1.00674
0.897462
0.977544
0.947698
1.10933
1.06104
0.99107
1.01702
0.979379
1.00621
0.920393
1.00625
1.07474
0.893343
1.06602
0.97894
0.945019
1.11854
0.968974
1.03591
0.880447
0.948319
0.964901
1.17427
1.07645
0.975174
1.16339
0.91844
0.999069
1.11449
1.08701
0.93611
0.969713
0.88677
1.11577
0.766141
0.974437
1.03756
1.11829
1.0166
0.98416
1.1214
0.926617
1.14877
0.979251
0.962521
0.972655
1.11642
1.01443
0.911305
0.977241
0.994796
0.912201
1.05217
0.933625
0.893216
0.991565
1.05652
0.914843
0.821603
1.14251
0.835501
1.06562
0.988901
0.802388
1.17404
1.0544
0.957497
1.24551
1.05636
1.12982
1.08564
1.1208
1.00685
0.926973
0.915621
1.01113
1.09849
1.0352
0.976553
1.12448
0.876842
0.995873
0.958634
0.996662
0.880717
0.93091
0.951766
0.984356
1.07648
0.846112
0.962627
1.05254
0.939391
0.943544
1.33021
0.965555
1.04283
1.01705
0.992191
1.05967
1.00888
0.887439
1.12349
0.996117
1.00553
1.17743
0.951512
1.05904
1.01062
0.916952
1.21229
1.05746
0.91587
0.907616
1.11798
0.944649
0.896918
1.1181
0.957827
1.08326
0.955877
1.08873
0.96952
0.765647
1.05005
1.12462
0.93872
1.0118
0.952096
1.00228
0.983245
1.02491
1.16472
1.01594
0.897431
1.04179
1.0942
0.924898
0.873437
1.25931
0.951845
0.866882
1.07784
0.924447
1.07501
0.865498
1.02505
0.934616
0.887745
1.05936
0.864856
0.93612
0.861663
1.0856
0.919646
1.07872
1.04567
0.978827
1.05121
1.15488
1.00333
0.973151
1.01701
1.16253
0.863968
0.931394
0.995451
0.97304
0.958498
1.20468
0.922944
1.05386
0.939002
1.10662
0.985194
1.13884
0.878699
1.10027
1.154
0.885388
0.910284
0.988575
1.17467
1.00696
0.854145
1.08027
1.07692
1.02119
0.979208
0.955394
1.04261
0.96912
1.04666
0.988236
1.00471
0.968323
1.13782
1.00739
1.13257
1.014
1.19972
1.1839
1.1141
0.985315
0.940146
0.926205
1.03507
1.02305
1.00436
1.22187
1.04064
1.09088
0.89698
1.21377
0.749274
0.843438
1.04082
0.961634
1.03307
0.961242
1.04239
0.809037
0.92218
0.922061
1.06945
0.86551
0.996461
0.947699
0.953343
1.22092
1.0249
1.02153
1.09041
1.17863
1.10071
0.871322
1.15517
0.936709
1.01789
0.791349
0.915303
1.01396
0.91118
1.11827
0.994845
0.945166
0.926184
0.901998
1.03441
1.27816
0.895735
0.901607
1.14482
0.968633
0.978331
0.861233
0.993161
0.938372
0.980645
1.08188
1.03945
0.906765
0.956909
1.00952
1.01584
1.09273
1.0034
0.951533
1.1502
1.03781
0.899579
0.965245
0.934375
1.01597
0.925431
1.08892
1.0117
0.987067
0.939486
0.997522
1.08258
0.895894
0.880792
1.15145
0.955772
1.02506
0.995009
1.01765
0.994479
0.80547
1.07082
1.1296
0.927088
1.04592
1.02262
0.862751
0.905842
1.08244
0.911246
1.29047
1.13323
0.877528
1.01922
1.08144
1.02781
0.782592
0.915841
1.00489
0.85213
1.00986
1.07495
0.838607
0.913808
1.12966
0.845544
1.01631
0.9907
0.819589
0.934018
0.874557
0.965027
1.07096
1.10312
0.917122
1.03379
1.04851
1.04508
1.0448
1.11691
0.946963
1.14849
1.0859
1.17904
1.06726
0.985395
1.14032
0.877356
0.946509
1.13495
1.03002
1.00286
1.09891
0.990803
1.0489
0.975875
1.13633
1.09159
0.870529
0.824618
1.04619
1.0765
1.22324
0.942981
0.974878
0.966977
1.0837
0.986046
0.933017
1.13245
1.23251
0.91769
0.849736
1.00134
1.07287
1.07701
1.0487
1.18635
0.898153
1.01128
0.958605
0.967069
0.91733
0.999488
0.900199
1.16834
0.962665
0.975215
1.14854
0.855469
0.922774
0.979794
0.986923
0.963834
0.882005
1.03778
0.943755
0.904332
0.924616
0.964944
1.03757
0.954393
1.01235
1.00434
0.965041
1.07475
1.11575
1.17116
0.96917
1.11068
0.95262
1.10725
0.93731
0.953904
1.06181
0.968717
1.0774
1.08941
1.0127
0.822194
1.0743
0.893292
0.914608
0.956179
1.1063
1.10272
1.20648
1.07424
1.0422
0.894498
1.01102
0.787315
0.986862
0.940634
0.852372
0.883602
1.06109
1.14706
1.16136
1.02668
1.03244
0.949942
1.17689
0.852011
0.882521
1.02096
1.08072
1.16468
1.0246
1.10013
0.989633
0.996794
1.07666
1.03037
0.987844
0.998849
0.848073
0.962389
1.18724
1.13688
0.997936
1.03182
1.055
0.999717
0.900229
0.763407
1.0576
0.969595
1.16361
0.979051
1.15967
0.94402
0.975683
1.09144
1.04501
0.972636
0.931666
1.02413
0.923889
0.952855
0.983988
1.03823
1.106
0.88899
0.932065
0.990606
1.17319
0.965178
1.10999
0.923693
0.946087
1.00378
0.97377
0.89511
0.951116
1.07699
1.01456
0.999192
1.03696
0.945648
0.902071
1.08724
0.932095
0.865823
1.0106
0.978143
1.17713
0.941163
1.04066
1.0186
0.980945
1.00756
0.93946
1.07165
1.0093
0.992232
1.05919
1.04205
1.13076
0.843682
1.00019
1.05474
0.925806
0.863196
0.985979
0.866079
1.01666
1.09823
1.16963
0.96296
1.0319
1.04326
0.955245
1.0531
1.02946
1.03418
1.07577
1.00598
0.950376
1.13024
0.89351
1.11376
1.14613
0.967303
0.977046
1.15903
1.04711
1.03765
0.993684
0.907753
1.01817
0.847199
0.878754
1.08132
0.979562
0.957823
0.903288
0.813972
1.0138
0.868405
1.15452
1.05528
1.03117
0.999948
0.986873
0.998928
0.86235
0.857348
0.946994
1.27254
0.981636
1.02406
1.046
0.951515
0.934754
1.19027
1.16359
0.987201
1.06489
0.896704
1.09684
0.879241
0.938837
1.10763
1.01356
0.986131
0.981977
1.01814
0.905115
1.10596
0.9479
1.08402
1.05836
1.04308
1.03
1.10182
0.901576
0.94141
1.14708
1.04429
1.07252
0.963495
0.924331
1.20236
0.947937
1.13508
0.962664
0.967911
1.09776
1.07857
1.03965
1.11272
0.950718
0.972432
0.997774
1.10698
1.01034
1.05795
0.923522
0.745885
1.15864
0.906952
0.943889
0.804358
0.896708
0.88558
1.21441
0.981705
0.981255
0.846886
0.940832
1.08419
1.00458
1.10358
0.978521
1.09258
1.18439
0.905453
1.00853
1.12389
0.93132
0.89339
1.07667
0.836944
1.01753
0.996591
1.25622
0.944443
1.03081
0.775841
0.951703
0.984904
1.08734
1.11472
1.0744
0.820339
1.08339
1.08131
0.988007
0.964771
0.992133
1.21648
1.01239
0.958031
0.914269
1.0377
0.965037
0.991145
1.10874
1.16508
0.973689
1.09092
0.894962
0.977488
0.997588
0.99388
1.08383
1.11155
0.952881
1.01672
1.00853
0.926429
1.21493
1.02937
0.865816
0.882528
0.821988
1.05489
1.11386
1.07035
1.08534
1.10674
0.890341
0.951367
0.917192
0.909188
0.969939
0.983327
0.921889
0.918615
0.851175
1.09067
1.00266
0.944997
0.960626
1.14317
0.923811
1.04236
0.913483
1.12966
1.14269
1.04186
1.10911
0.978802
1.0028
0.992853
0.948947
1.03343
0.880632
0.997144
1.02407
1.1128
0.999796
0.855463
1.05247
0.918505
0.956269
0.92416
1.211
0.84
0.894328
0.835486
0.885063
1.1441
0.883622
0.898689
1.10595
0.993042
0.947646
0.985445
0.888407
1.02895
1.12724
0.930466
0.993462
0.91943
0.888075
0.911882
0.982353
1.18414
1.18203
0.882482
0.944432
1.29972
0.919733
0.962185
1.03746
1.15191
1.07356
1.07904
1.15076
1.0024
0.952114
1.22375
1.12247
1.083
1.11465
1.09896
1.03671
1.0813
0.878926
0.874965
1.08383
1.04676
1.0394
1.07532
0.981287
0.878573
0.965055
1.04196
1.23739
1.06115
1.00161
1.13729
1.04029
1.0539
1.11355
0.855547
1.09263
1.26587
0.929799
1.02873
1.08261
0.986177
1.00366
1.08862
1.00409
1.20827
1.04557
1.01689
1.18544
1.06563
1.07225
0.879447
1.10076
0.854948
0.770545
1.0767
0.915127
0.861891
0.838666
1.22778
0.922021
1.08347
1.07932
1.15767
0.898011
0.991245
1.02302
1.09235
1.02941
0.982748
0.94267
0.932226
0.87717
1.19176
1.03798
1.02828
1.00743
0.92448
1.0276
1.13004
1.06687
1.15512
1.11058
1.06947
0.905903
1.18443
0.852249
0.82313
0.775699
0.863726
1.14007
0.97868
1.05504
0.964801
0.941805
1.15185
0.953597
1.1366
1.14341
0.930839
0.883498
0.925056
0.999455
1.15722
1.03053
0.930735
0.764054
0.908887
0.943571
0.878385
0.993683
1.20092
1.08388
0.899095
0.976292
1.12854
0.993875
1.10955
0.985887
0.989405
1.12827
0.98686
0.879568
0.975441
0.996518
1.04571
1.1472
1.14978
1.17878
0.902155
0.930508
0.916759
0.820285
1.01127
1.0064
1.17365
0.942033
0.994764
0.96109
1.03112
1.18128
1.01207
0.737427
0.950011
1.058
1.03198
0.916442
1.08338
1.10246
1.06389
0.895981
0.928736
0.815548
1.0294
0.991888
1.00549
1.08885
0.984438
1.09589
1.01532
0.955542
0.948154
1.02721
1.04066
0.924694
0.941552
0.956417
0.987459
1.10201
1.26397
0.860717
0.93755
1.09491
1.00532
0.894913
1.02023
0.943008
1.13765
1.15022
1.10251
1.09276
1.00461
1.10305
1.04021
1.35088
0.983194
0.848308
1.02813
0.858949
1.05718
0.899466
0.991247
0.844864
1.08358
1.10471
0.945082
1.00604
1.01123
0.983082
0.85838
0.791927
0.989343
0.892264
1.01241
0.887945
0.69151
1.01024
1.11916
1.0837
1.03068
1.03786
1.03025
1.09615
1.13428
1.15045
0.961799
1.21055
0.939478
1.10279
0.923811
0.775561
0.992568
1.09651
1.08037
1.07011
0.776782
1.04384
0.883444
0.862241
0.832003
1.02503
1.09092
0.795223
0.994074
1.01106
1.01605
1.04278
0.827095
0.840079
1.02394
0.977723
1.05599
0.988395
0.883565
1.01098
1.16504
1.05513
1.09629
1.04871
0.912966
1.07745
0.940094
0.961027
1.03604
1.00388
1.06707
1.05126
1.06662
1.1267
0.964004
1.01733
1.00289
0.820263
0.993011
1.07496
0.881369
0.960409
0.995119
1.21763
0.966559
1.03155
0.933344
1.04273
1.18649
1.04315
0.979717
0.875701
0.941145
1.0127
0.951111
0.909942
0.978821
0.809786
1.04904
0.951217
1.07734
1.0554
1.14843
0.956998
1.05589
0.89983
1.01243
1.0639
0.960326
0.948774
0.879504
1.01632
1.06116
0.948244
1.07304
1.02153
0.898874
0.967125
1.03058
0.849172
0.806609
1.14414
1.07408
0.923198
0.970649
0.939862
1.14842
0.934429
0.99063
1.16885
0.966154
1.01699
1.04501
1.22182
0.9031
0.857465
1.15984
1.02978
1.01969
1.02009
1.20596
0.945254
0.892089
0.96338
0.959808
1.13789
1.02326
1.04563
0.991321
0.921346
0.951905
1.01088
1.07094
0.992277
1.09624
1.11459
0.840266
0.972052
0.894418
1.07274
0.947335
0.989905
1.0767
0.986133
0.988244
1.03421
1.03641
1.10407
0.941273
0.862168
1.23022
1.0056
1.03425
1.04764
1.01577
0.754311
1.04001
1.01857
1.08003
1.08942
1.06338
0.999889
1.00996
1.02837
0.969384
0.964922
1.04057
0.95969
1.01317
1.07487
0.903406
0.891402
1.0411
0.986659
1.03943
0.847262
1.08912
0.906832
1.15567
0.918828
1.06586
0.951547
0.94214
1.17756
0.892105
1.00772
0.860221
1.10058
0.982495
0.955143
0.80136
0.908125
0.963109
0.975514
0.98112
1.13498
0.911713
1.00559
1.07496
1.03644
0.880424
0.954977
0.950717
1.04491
1.01957
1.044
0.849114
0.778849
1.20296
0.878847
0.888336
1.02516
0.952027
1.23225
0.855885
1.02828
1.11887
0.953069
1.1629
1.05365
1.14408
0.988491
1.0084
1.03202
0.937313
0.845157
0.997428
0.980723
0.982451
1.07207
0.939311
1.05208
0.802517
0.933968
1.09014
0.973777
0.849345
1.17569
0.903562
0.930645
0.821637
0.940584
1.01468
1.11013
0.982272
0.991223
0.998052
0.941329
1.22371
0.948614
1.03735
1.04796
1.05436
1.00614
0.9341
1.06578
1.1047
0.83518
0.976088
1.17621
1.12734
0.970675
0.996158
1.00381
0.992323
0.998059
0.753017
1.04028
1.02947
0.989838
1.10548
0.980563
1.14291
0.903767
1.08578
0.995724
0.980065
0.936781
0.826025
1.12543
0.951809
0.847611
1.03839
1.04386
0.890636
1.01766
1.00308
0.852867
0.939559
1.03134
0.982121
0.957766
0.927797
1.06127
0.992165
0.880941
1.11268
0.961484
1.07078
0.937963
0.976222
0.88256
0.950058
0.985916
0.979047
0.998443
0.715924
0.930547
1.06134
1.03343
0.831604
0.919857
1.15768
1.00509
0.980256
1.05695
0.892422
0.955079
0.921375
0.891449
0.924094
1.14031
0.9658
1.02813
1.20088
0.951364
1.04324
1.04762
0.907767
0.926159
0.804
1.06061
0.987164
0.923893
0.945422
1.06307
1.09267
1.10624
0.932736
0.955193
1.12414
0.954736
0.955474
1.08382
1.0625
0.980553
0.945361
1.03491
0.970287
1.07219
1.00571
0.949261
0.979371
1.04023
0.944081
1.03714
1.0626
1.20966
0.987788
0.818221
1.21474
1.00394
0.887732
0.93116
0.953812
0.986461
1.00823
1.05494
0.864294
1.03954
1.01134
0.960335
1.00839
1.22079
0.960725
0.825572
1.13379
0.955707
1.05517
1.02003
0.979954
1.1248
1.00471
0.915589
0.967934
1.08897
0.841655
0.88785
0.941442
1.31239
0.977117
1.24971
0.747829
0.874546
1.12441
0.993843
0.95676
0.8823
1.2005
0.934273
0.806551
0.943747
1.14639
1.05932
1.11891
1.1112
1.00569
0.982983
0.9715
0.988457
1.20665
0.912371
1.04649
1.01234
1.09665
0.956161
1.10417
0.949284
0.898629
0.96407
0.803723
1.00041
1.00869
0.99281
0.888428
1.14617
0.945226
1.06277
1.17522
1.0829
1.02053
0.925606
0.919676
0.87781
0.996595
0.998207
1.03185
0.864946
1.0363
1.05756
1.17579
0.901858
0.868151
1.13051
0.871761
0.963309
1.16758
0.877329
1.14679
0.868016
1.09541
1.05918
1.08941
1.0238
0.868735
0.853036
0.900408
0.957461
0.930053
0.80371
0.991891
0.98233
0.924922
1.12277
1.1493
0.968031
1.06553
1.04126
1.05306
0.851234
1.08059
0.965136
0.982638
1.00368
1.17492
1.05378
0.951374
1.11781
0.998112
1.0419
1.07045
1.1848
0.981737
1.01124
1.14221
0.845227
0.908005
0.878712
0.929273
1.11212
0.776927
0.994318
1.07361
1.02952
1.01072
1.05149
1.13494
1.17611
0.980109
1.01968
1.17561
0.94081
1.07352
0.95475
0.908637
1.00435
0.954383
0.836077
1.08026
1.15681
1.05593
1.10988
0.932041
0.927507
0.939435
1.02166
1.03679
0.906863
0.916472
0.829153
0.910103
1.01432
1.03494
1.02565
0.913535
0.949113
1.10858
0.854016
0.787045
0.816062
0.920973
0.946812
0.969057
1.0094
1.11636
1.08363
1.01352
0.896597
1.03597
1.09267
0.920373
1.03032
1.05128
0.948688
1.07884
1.06601
0.982482
1.25841
0.919582
0.889882
0.929659
1.1075
0.965248
1.04417
0.925712
1.10352
0.842042
1.12073
1.03798
1.01465
0.894789
0.973259
1.00258
0.983492
0.947032
1.09008
1.02707
1.0429
1.02345
0.942734
0.850968
1.07726
1.18655
0.91373
0.788538
0.826109
1.07394
1.09033
1.01819
1.04013
1.0853
0.91565
0.945559
0.993287
0.973871
1.16546
1.03093
0.911133
1.00951
1.14814
1.04897
0.99734
0.854356
0.956113
0.917082
1.10482
1.09106
1.11365
1.04558
0.947229
0.905814
1.1486
0.970238
0.951141
1.06575
0.911711
1.07052
0.917714
0.85921
1.13501
0.869342
0.944311
0.931508
1.0225
1.07677
0.983534
1.1539
0.993305
1.03186
1.15535
0.863641
0.990213
1.17149
0.972337
0.99708
0.887756
1.10467
1.01641
0.84542
1.01665
0.937722
0.957816
1.06057
1.00991
1.05066
0.835783
0.982774
1.1779
0.868358
1.14523
0.847793
0.71846
0.998115
0.965615
0.838107
0.940384
0.805377
1.18944
1.1404
1.03289
1.06625
1.04242
0.944789
1.00904
1.02113
1.06565
0.979268
1.07772
0.901186
1.05349
0.971027
0.844144
1.17694
0.87566
1.02619
0.976486
1.03259
0.968462
0.858286
0.967569
1.15803
1.21736
1.06159
0.99911
0.987323
1.22139
0.850112
0.971884
1.07388
1.03891
1.07347
0.932384
0.944577
0.944539
0.893884
0.97339
0.916627
0.956943
0.985854
1.03657
1.11609
0.898637
0.965351
1.01399
1.02891
1.03138
0.906744
0.944914
0.939923
1.01036
1.02017
1.13154
1.07103
1.05948
0.962292
1.07463
0.905088
1.14962
0.948738
0.87018
1.09771
0.951735
1.10858
1.0093
0.885996
1.05104
1.00119
1.0518
0.965885
1.0123
0.863842
0.94669
1.08907
1.0677
0.963519
0.849327
1.06554
1.15181
1.10062
1.03965
1.09868
1.14749
1.2698
0.984198
0.970028
0.925382
0.942488
0.846181
0.815669
1.10243
0.972866
1.05524
0.888678
0.967039
0.95927
1.03685
1.01479
0.73311
1.15376
0.888635
0.891297
1.19186
0.992591
0.847775
1.10043
1.06297
0.952016
0.892676
0.987997
1.16644
1.03718
0.838865
1.07084
0.948667
0.969896
1.13524
1.08095
0.933105
0.886221
1.09767
1.10263
1.01982
1.13978
0.931074
0.999631
1.14654
0.895463
1.16718
0.995212
1.01239
0.921039
0.980938
1.04293
1.00267
1.00988
1.07856
0.973609
0.956701
0.970452
0.982383
1.14599
0.82343
0.874865
0.890224
1.27402
1.06632
0.947514
0.961333
1.01721
1.01115
0.970201
0.85841
0.923097
0.848103
0.930299
0.987658
0.846841
0.973918
0.931529
0.91981
0.978069
1.07986
0.995087
0.856103
0.940638
0.995703
0.943154
1.0102
0.978684
1.0991
1.01978
1.01727
1.17074
1.04033
0.94082
1.10116
0.866595
0.999651
0.925114
0.959438
1.05769
1.0212
0.949395
1.14429
1.14613
1.06994
1.08407
1.08975
1.02825
0.968969
1.03076
0.816235
1.01613
1.01237
1.10212
1.04123
0.901397
0.824768
1.01037
1.07657
1.02609
0.865087
1.03393
0.935195
0.972291
1.07809
1.15105
0.805587
1.23228
0.913727
1.13006
0.980837
0.987002
1.15199
0.878369
0.774036
1.10077
1.04953
1.08623
0.866583
0.816646
0.920943
1.14093
1.12023
1.02118
1.07206
0.886162
0.958979
1.10297
1.0009
1.07693
1.03978
1.13613
1.012
1.07702
0.996909
1.15073
1.06365
1.05946
1.08286
0.896253
0.948925
0.980259
0.950958
0.965715
0.972062
0.984008
1.07866
0.95521
0.788563
1.01927
1.09043
0.902033
1.111
0.949396
0.977339
0.795096
0.892779
1.10792
1.28652
0.998954
0.927574
0.991031
0.992737
0.946384
0.960621
0.881265
1.20003
1.08174
1.13684
0.934013
0.82845
1.00188
1.11679
1.10043
1.02488
0.826382
1.06953
0.794373
1.00776
1.01612
1.01331
0.973561
1.06437
1.0158
1.04744
1.20291
0.958113
1.13248
0.969331
1.14191
1.14496
0.929811
0.962997
0.941826
0.920823
1.13525
0.942985
1.02874
0.896231
1.05755
1.02741
0.949362
1.0058
1.01645
0.967822
0.928257
0.895524
1.06439
0.999083
1.08618
1.08109
0.896762
1.02274
0.99418
1.0459
1.15601
1.01063
1.00045
1.05423
0.875542
1.21211
1.08794
1.09943
0.993747
1.0219
1.13076
1.12036
0.896384
0.933452
0.894414
0.958919
1.21907
1.03255
1.00923
1.1717
0.909265
1.04543
1.10803
0.871279
0.980676
1.20278
0.973073
1.06382
1.0365
0.875717
0.942566
0.884889
0.90284
1.02911
1.08026
1.08055
0.938243
0.882988
0.942021
1.29672
0.814145
1.02957
1.13115
1.25328
0.990638
1.14071
0.990529
1.0193
1.11458
0.864577
1.14451
1.14406
1.0314
0.977795
1.03503
0.860614
0.987661
1.09048
1.00576
1.0683
0.866276
0.904054
0.974192
1.01515
1.01898
0.955764
0.910765
0.981844
0.881093
1.00128
1.02172
0.964324
0.889119
0.8478
1.17156
0.984668
1.2188
0.969017
1.09326
0.968515
0.978158
1.08215
0.927935
1.13708
1.15209
0.86725
1.02654
0.902584
0.868094
0.921277
0.898942
1.1753
1.07081
0.898522
0.963826
1.05705
0.821717
0.91444
1.07422
1.00189
0.907603
0.990541
0.939507
1.03412
1.07596
1.02393
1.00603
1.00122
0.91966
1.17435
0.981978
0.881761
0.94657
1.16793
0.972758
1.05673
0.921437
1.13834
0.890142
0.870573
1.07113
1.08416
1.00668
1.06665
0.987573
1.16903
0.88614
0.90371
1.01054
1.05948
0.993724
0.919486
0.934139
1.00202
1.13108
0.997849
1.08886
1.01712
1.09273
1.14148
1.0903
0.876653
1.1505
0.992335
0.937684
0.947263
0.906541
1.08691
1.106
0.90431
1.07899
1.11914
0.86193
0.924878
1.06387
1.08205
0.87546
1.10355
1.01338
0.92183
0.822141
0.860247
1.242
0.982571
1.08253
0.955435
1.02302
0.932306
0.849533
0.998832
1.01357
0.83162
0.814597
1.0604
0.957811
0.993274
1.144
1.06122
0.964255
1.07981
1.02487
1.0385
1.07504
1.02444
1.18277
0.820553
1.0132
0.998698
0.957315
0.962511
1.05743
1.1355
1.0639
0.836291
0.933898
0.831066
1.12403
1.19381
0.844455
1.13019
1.30714
0.839614
1.15421
1.20359
1.01177
1.15488
0.834508
1.02153
1.06049
0.998126
1.01069
1.05967
1.12771
1.07673
1.14229
0.861011
0.906231
1.03274
0.928347
1.05286
1.04599
0.806591
1.44662
0.986083
1.02292
1.06988
1.00122
1.05303
1.18708
1.12167
1.11509
0.82899
0.903162
0.999201
0.885723
1.03765
0.78875
0.897595
0.994829
0.999436
0.980439
0.802658
0.923259
1.05045
0.939144
0.97355
0.926195
0.897904
0.687551
1.26594
1.28448
1.04225
0.924413
1.03133
0.935019
0.971753
1.06919
0.750909
0.918168
0.977955
1.00284
1.07913
0.917956
1.0781
0.951686
1.06667
0.94117
0.880956
0.796157
1.0039
0.951336
0.995841
1.20536
0.889168
0.968994
0.764167
1.05477
0.974026
0.974801
1.04816
1.02179
0.924504
0.858097
0.905603
0.953237
0.898101
0.993517
0.984027
0.930557
1.06175
1.11919
0.802035
1.00414
0.903777
1.09368
0.964864
1.18021
0.929132
1.21539
0.89728
1.09447
1.02527
0.958833
1.15582
0.900883
0.961726
1.06513
1.00179
1.10465
0.923534
0.859002
1.05338
1.06821
1.06319
1.22799
1.02678
0.98942
0.890327
0.972445
0.940048
1.07706
1.09506
1.09365
1.00255
0.968325
0.946577
1.00637
1.07431
1.04955
0.935201
1.0858
1.08914
1.0487
0.810013
1.0625
1.21992
0.928198
0.941269
0.972508
0.86457
1.07072
0.842025
0.823695
0.925545
1.01852
1.01693
1.09164
0.901227
0.993637
1.26642
0.980302
1.08648
0.986663
0.887806
0.990833
0.79921
0.879171
0.85028
1.13396
1.0868
1.01723
0.905385
0.915225
1.06027
0.918626
0.934327
0.837375
0.884439
1.01326
1.04593
0.961238
0.999248
0.812687
0.900347
0.910836
0.856358
1.14951
1.05401
1.21725
1.1557
1.11005
0.99255
0.930696
1.02937
1.00016
1.15306
0.876215
0.980011
1.17549
1.09717
0.97784
1.16815
0.964281
0.89203
0.830325
0.979328
1.162
1.04412
1.00993
0.895751
0.928444
1.02654
1.08947
1.07438
0.836549
0.991489
0.896527
1.03587
0.849325
0.94474
1.04494
0.943962
0.980771
0.977257
0.991007
0.953068
0.915793
1.0038
1.13682
0.915044
1.11639
0.970529
1.04951
1.10373
1.02326
0.969338
0.982338
0.886918
1.11968
0.9548
0.802184
1.04676
0.931636
1.07083
1.03722
0.994706
1.07288
0.908695
0.972169
0.899275
1.15627
0.833004
0.956487
0.955615
1.01499
0.932254
0.872643
0.87663
0.975044
1.06358
1.01412
0.956918
1.06686
0.874113
1.05358
1.06931
0.928168
1.10031
0.94087
1.07781
0.96135
0.998688
1.10862
1.06804
1.10853
0.951918
0.97964
0.774599
1.0667
0.902723
1.01803
0.807678
1.01534
0.900857
1.11891
0.97056
0.97136
1.06881
1.05711
0.949929
0.99305
1.11533
0.882367
0.967128
0.871827
0.976955
0.936435
0.96412
0.885914
1.04279
0.976826
0.906339
1.05364
1.04797
0.889669
1.1658
1.15971
0.886248
0.918195
0.796586
0.944232
1.10724
0.749998
1.04439
0.991052
1.23034
1.09863
0.79096
1.15394
0.999313
0.993242
1.06106
1.00648
1.0848
1.21308
0.725433
0.895208
1.03738
1.13935
0.954768
0.962989
1.08685
1.09928
1.01707
1.19434
1.0502
1.0234
0.820794
0.848499
0.928417
0.881856
1.01409
1.14561
1.02066
0.993833
1.04539
1.00737
0.930899
0.933017
0.850842
0.867227
0.935742
1.01614
0.834101
1.05613
1.10592
1.08761
0.986538
0.975173
0.99725
1.01826
0.912763
0.890504
1.30225
0.933904
1.08115
1.08778
0.95096
0.886927
0.9878
0.977193
0.90997
0.978446
0.973164
1.08684
1.11998
0.964288
1.03494
0.741505
0.902846
0.898038
0.922447
1.05634
1.18393
0.860749
0.958366
0.970408
0.896136
1.00064
1.1334
1.23384
0.97365
1.03406
0.959321
0.842547
1.04046
0.913744
0.877265
0.844051
1.1817
1.12135
0.895122
0.872248
0.890634
1.02296
0.969702
1.05537
1.00003
0.863199
0.933057
0.903433
0.775409
0.909499
1.08275
0.760261
1.20551
0.998949
0.841485
0.99746
1.23584
0.758903
1.05397
0.978298
1.27583
1.01075
0.890847
1.03611
0.877428
0.946678
0.982319
0.826292
1.01533
0.903368
0.994321
0.991184
0.983549
1.0823
1.00771
1.09901
0.976676
1.15179
0.832581
0.9846
1.13524
0.945585
1.27615
1.01336
0.9903
0.875406
0.948642
1.05707
1.01146
0.878961
0.929626
1.0058
0.993719
1.01752
0.949083
0.942248
1.07806
0.941113
0.898454
1.04323
1.10144
0.997164
1.04251
1.19111
1.08619
1.17549
0.909434
1.09143
0.968954
1.08668
0.962821
0.895672
1.09774
1.02541
0.919131
0.985512
1.06708
0.849222
1.04371
0.966306
1.12345
1.13046
1.02195
0.904506
0.976474
1.09601
1.0272
0.944371
1.12408
0.970306
0.886261
1.23658
1.1163
1.05065
0.947592
1.0901
1.07555
1.02659
1.06247
0.97168
0.858679
1.19159
0.999084
1.20213
0.949285
0.88461
0.824765
0.951999
1.12402
0.957184
0.918208
0.998416
0.865901
0.938811
0.827436
1.15587
1.12118
1.15899
0.998394
1.06851
1.126
0.929686
0.871142
0.974128
0.972502
0.752779
1.00492
1.12059
1.05173
1.04995
1.08965
0.934818
1.18169
0.955252
1.1235
0.970223
1.09201
1.11047
1.05275
0.977653
0.97623
1.05818
1.10069
0.993735
1.01515
1.09703
1.02753
0.816281
0.875684
1.01686
0.95632
0.875647
0.988108
0.7048
0.965911
0.800581
0.924655
0.830794
1.02801
1.03289
1.06637
0.945739
0.974039
1.01899
1.21768
1.18067
0.962285
0.968944
0.899165
1.02484
1.14149
0.987427
0.953438
1.25232
0.940496
1.03345
1.10882
1.00204
0.98802
0.993429
1.01024
0.958024
1.01105
1.01919
0.988314
0.923106
0.886348
1.05705
0.966198
0.719801
0.966032
1.1338
1.09289
0.970655
1.00509
1.00827
0.886424
1.11986
1.12189
0.932769
0.941682
0.922865
1.04316
0.942165
0.973757
1.06798
1.10497
1.08887
1.1667
1.04277
0.929092
1.22814
0.962099
0.934204
1.0709
1.02816
1.05343
1.1089
0.99248
0.827836
1.00611
1.03572
0.742293
0.938586
1.0823
1.09469
0.879836
1.06371
0.832826
0.967306
0.957066
1.15922
1.06152
0.854899
1.18561
0.960116
1.05449
1.16521
0.989003
0.914527
1.09943
0.992887
1.13441
1.02948
1.11302
1.01736
1.12126
1.13074
0.969856
1.16674
0.800902
1.04521
1.04923
1.02801
0.985917
1.10802
0.947791
0.878341
0.915994
1.0393
0.900889
0.964594
0.922371
1.05971
0.931348
1.10208
1.03808
1.00036
1.03922
0.942867
1.12035
1.16381
1.07192
1.00422
0.966492
1.10531
0.97278
0.929979
1.2151
1.13653
0.942567
1.13476
1.1001
0.887693
0.969481
1.10208
0.86743
0.87825
0.845745
1.09684
1.10988
0.901025
0.93642
1.10958
0.878208
0.99699
0.965658
0.903024
0.914263
0.870727
1.36989
1.01745
1.11205
1.01789
1.0585
1.00555
1.02344
1.09305
0.902115
0.926477
1.04987
0.963552
1.05284
0.780707
0.870411
0.858712
0.951558
1.10534
0.822766
0.973501
1.08497
1.00729
1.11553
1.01392
1.04396
0.961634
0.994907
0.871644
1.1264
1.13105
0.877281
0.984776
1.05075
0.918465
1.05738
0.949758
0.971627
0.96351
0.959434
1.15753
0.928235
1.02626
1.16452
0.996287
0.998895
1.04465
1.01979
1.2155
1.14361
0.97004
0.927393
1.06508
1.06474
0.941714
1.0122
0.839671
0.884002
0.930136
0.921803
1.01373
1.09698
0.743054
1.03656
1.01948
0.948336
0.929452
1.09453
1.12833
0.92551
1.03766
1.05211
1.16482
0.998775
1.02091
0.9948
0.941697
0.992103
0.986161
0.927402
0.966521
1.19104
1.0438
0.913598
1.06446
0.920021
1.07348
1.05211
0.928198
1.01952
1.03172
0.917643
1.02539
0.982555
1.10035
0.876683
0.977672
1.14587
0.945957
1.0719
0.962073
1.1169
1.00769
0.994437
1.137
0.950081
0.982483
0.837104
1.02084
1.09049
0.970513
1.06321
1.225
1.05474
1.11933
1.01075
1.00643
1.02712
1.07629
1.1021
0.975978
1.18653
0.979517
0.919934
1.03904
1.1322
1.08714
1.05566
0.967031
1.06144
1.0178
0.858495
1.04771
1.0159
1.00889
1.06871
1.03298
1.00089
0.91093
1.04007
1.07598
1.12897
0.985921
0.826793
1.00257
0.948747
1.20991
1.10355
0.914161
0.932152
1.12193
0.952255
0.844234
0.900024
1.03288
1.06077
1.09317
0.917166
0.934109
1.11025
0.921884
1.06
1.07892
1.13082
0.898999
0.976978
0.954371
0.810909
0.919762
0.862779
1.02018
0.8856
1.09685
0.873943
0.972815
0.945594
0.975912
1.10383
0.991765
0.797937
0.975818
0.943968
0.94063
0.959155
0.949442
0.992782
0.999909
1.05439
0.903767
1.12212
1.0191
1.15562
1.01807
0.835563
1.12485
1.02358
1.03434
0.952016
0.962359
1.02659
0.892034
0.944195
1.06698
0.78318
0.890807
0.998403
0.890048
1.20208
0.98041
1.10993
0.831005
1.027
1.0568
1.01296
1.07177
0.917412
1.022
0.919108
1.07736
0.938215
1.19756
1.13029
1.12718
0.983428
0.927325
0.880037
0.961273
0.891299
0.958995
0.912952
0.997339
1.10456
1.05663
1.26421
0.915381
1.05322
1.07041
1.10393
1.06819
1.11174
0.992303
0.896977
0.929581
0.97155
0.905833
0.951083
1.01717
1.04781
0.870872
1.02151
1.23411
1.12223
1.00782
0.927547
0.945577
1.1372
1.06905
0.936594
0.964025
0.957888
0.926011
0.813589
1.02048
0.983903
1.07066
0.978911
0.928551
1.10264
0.862429
0.941534
1.22024
1.04593
0.969528
1.08975
1.07501
1.02059
1.1467
1.30057
0.85462
1.20765
0.875798
1.03545
1.02047
0.914107
1.0858
0.95532
0.901745
0.905588
1.01263
1.21865
1.06636
0.900777
1.01816
0.744427
0.970206
1.01514
1.04809
1.04212
1.05758
1.1762
0.98436
0.917368
1.02928
0.892395
1.06072
1.01585
0.995219
0.961788
1.10354
1.08896
0.891703
0.863548
1.38002
1.15908
0.991937
0.948871
1.13494
0.973809
0.912614
1.00628
0.982847
0.864543
1.07546
1.00576
0.878252
0.879384
0.998586
0.904701
1.00886
1.00145
0.879122
0.892624
1.04785
0.97891
0.932906
1.08137
0.945418
1.10971
1.08932
0.941798
0.999744
1.01348
0.987168
1.24146
1.05962
1.13067
0.937455
0.916483
0.934596
1.07504
1.03532
1.00297
0.996105
1.15362
0.936258
1.11259
0.967922
1.00426
1.08354
0.898991
0.949557
1.02023
0.903312
1.0357
1.10908
1.06461
0.884271
1.061
0.98091
0.895834
1.01326
0.918538
0.919584
0.911972
0.89501
0.957667
0.882738
0.970458
0.940799
0.912594
1.0912
1.08925
1.02357
0.925867
1.14295
0.769458
0.900904
0.957494
0.926962
0.935637
0.907474
1.01652
0.890789
1.04521
0.920239
1.06749
1.14349
1.14726
0.988551
1.18402
0.890822
0.940706
1.10502
1.14781
1.14396
0.870553
1.17467
0.869999
0.951374
1.14804
1.11204
0.943653
0.957355
0.882029
1.0774
0.819254
0.947395
0.998932
1.11861
1.14063
1.07279
0.908933
0.891917
0.93973
1.02975
0.943947
1.10183
0.969675
0.848909
1.00893
1.14698
1.08262
0.971581
1.03355
0.893429
0.98526
0.885308
0.991347
0.904697
0.975984
1.20857
0.983823
0.873925
0.963867
0.950809
0.884912
1.08514
1.03537
0.928653
0.99763
0.903639
1.03628
0.84239
0.906562
0.87793
0.97299
1.02187
1.1436
0.96859
0.860513
1.0794
1.17485
1.01417
0.896103
0.941127
1.04459
0.948022
1.0479
0.886619
0.913227
0.996837
0.786523
1.02764
0.90573
1.01235
1.10182
0.964408
0.982474
1.13647
0.858358
0.926945
0.895118
0.773133
0.984328
0.992714
1.00724
0.999804
1.09878
1.15923
1.17945
1.00071
1.01945
0.965424
0.951503
0.9696
1.09164
1.12508
1.0505
1.213
0.970421
1.07675
0.844497
0.99336
1.06271
1.08605
0.895053
0.89356
1.02364
1.21371
1.02297
0.971076
1.02385
0.965754
0.914727
1.02577
0.998821
1.07418
1.06757
0.965685
1.01131
1.12051
0.897049
1.00485
1.02543
0.917626
1.13283
0.946053
1.09847
1.08313
0.853573
0.949661
0.963348
0.757746
0.909405
0.807834
1.02889
0.84775
1.11891
0.961645
0.988623
1.07675
1.04804
0.998369
1.00085
0.992019
0.892617
0.952463
1.08156
1.01007
0.979317
1.01303
1.03954
0.894575
0.834486
1.12382
0.961019
1.07744
1.02694
1.1422
1.16945
0.940461
1.2104
1.01561
1.04356
0.932555
0.959724
1.13743
1.04839
1.02036
1.09994
1.06391
0.992828
1.00549
0.895036
1.00415
0.849741
1.11891
1.12799
0.926275
1.01554
1.02875
0.89979
1.21477
0.98286
0.873017
1.10261
0.989261
1.04535
0.924621
0.939614
0.98114
1.09855
1.00173
0.822534
1.28493
0.852231
0.993524
1.18613
1.03792
1.20332
0.784531
1.03836
1.09351
1.01691
0.97621
0.731915
0.87036
0.880714
0.958543
1.07907
1.01392
0.837758
1.07195
1.09111
0.970638
0.896977
0.950256
1.20617
0.945151
0.992324
0.870808
0.815269
1.09494
0.948232
0.932449
0.934022
1.0011
1.03406
0.930227
0.8315
1.04035
0.899455
0.977089
0.914777
0.99115
1.137
0.928377
0.968742
0.976674
0.883284
0.91655
0.939252
0.919332
0.96936
0.960929
0.910701
0.978306
0.970681
1.18694
1.19081
1.14059
1.09097
1.01454
0.944369
0.964809
1.00744
0.96526
0.914476
1.0978
1.1638
1.10417
0.981961
1.05529
0.958922
0.994283
1.14642
1.05762
1.09597
0.931957
0.826924
0.927637
1.203
1.09012
0.932247
0.930365
0.989795
1.06506
0.882159
0.883324
1.20577
1.10467
1.1547
1.06389
1.04559
1.03656
1.13856
1.12072
0.931893
0.852443
0.900682
1.08622
0.90806
1.04807
0.993354
1.05475
0.855332
0.930922
0.989481
0.986377
0.966515
1.12227
1.09023
0.965429
1.05296
0.937124
1.10008
0.948723
0.895807
1.00579
0.906402
0.847391
1.00598
0.91295
0.970692
0.932003
1.06572
1.09003
0.904645
0.909867
1.05998
0.895346
0.914647
1.13683
1.0107
1.04598
1.03254
1.03442
1.00743
1.0057
1.04766
1.12459
0.852171
0.964721
0.942592
0.977968
1.09702
0.909206
0.979817
0.898397
0.936051
1.01074
1.00542
0.995809
0.94461
1.05122
0.999154
1.01076
1.12309
0.93305
1.09093
0.988223
0.984577
1.07144
0.982938
0.834502
1.03426
1.06087
0.830056
1.22623
0.995276
1.03003
0.987738
0.945017
1.22413
0.917077
0.925084
1.12113
1.06384
0.855721
1.21825
1.18279
0.992015
0.861971
1.0178
1.04921
0.979289
1.1352
1.00983
0.953228
0.786764
0.935808
0.87177
0.841383
1.01268
1.09647
0.903897
1.0504
1.10913
0.925338
1.09972
0.918082
1.06005
0.88754
1.05404
1.00815
0.984802
1.07095
0.858415
1.08683
0.906624
0.929834
1.05071
1.05333
1.10823
0.964892
0.934601
1.1406
1.12044
1.06316
0.828432
1.0558
1.11584
0.955337
1.13711
1.05491
1.00502
1.02437
1.1798
0.900723
0.978572
1.11589
0.968202
0.885584
1.02955
0.917645
1.04356
1.0786
0.978599
0.80762
1.04064
1.02023
1.1556
1.00334
0.991017
1.05286
0.931834
0.894217
0.993132
1.00015
1.02644
0.947804
0.978357
0.885962
1.11365
0.957622
1.05552
0.830185
0.99634
0.928711
0.918975
1.06846
0.96332
1.2136
0.976049
1.11814
0.902482
1.06722
1.03886
0.9398
1.09084
0.950807
1.03205
1.17239
1.04738
0.907998
0.914449
0.98668
1.0114
1.10417
0.981902
0.924114
1.00197
0.906136
1.04136
0.84989
1.05604
0.966846
1.10086
0.865704
0.916796
0.995911
0.897145
0.933538
0.844082
0.9779
0.844589
1.08125
1.02915
0.951237
1.00121
1.0196
0.937963
1.11457
1.07576
0.997563
1.01344
1.0517
1.13827
0.811974
1.02312
0.900644
0.965939
0.976669
0.977221
1.08948
1.04643
0.983395
0.79975
1.0738
0.944935
0.906959
1.13537
1.14797
1.00057
0.83078
0.882624
0.962208
1.12605
0.982504
0.992807
1.09113
1.17725
1.07039
1.26954
1.04271
0.836135
0.90051
0.894251
0.965952
0.89262
0.845463
0.98559
1.00836
1.01875
1.09216
1.08168
0.833291
1.06923
0.951219
0.918684
0.98412
1.20996
1.18466
0.986178
0.970291
1.04461
1.28964
1.00077
0.945408
1.01645
0.894208
1.14428
0.978308
0.968679
1.01614
0.974591
0.940396
1.01881
0.934281
0.82177
1.12695
0.955711
0.999722
1.01212
1.1224
1.02723
1.06691
1.13242
1.25132
1.15541
1.0722
1.17875
0.865105
1.03849
1.10143
1.21247
0.898556
1.01128
1.0577
1.04873
0.845453
0.823342
0.876572
1.09808
1.15425
1.067
1.04074
0.976605
1.08164
1.03759
0.832837
1.26953
0.876347
1.08607
0.914206
0.994839
1.09848
1.06176
0.853959
1.09476
1.11465
1.13529
1.05703
0.89264
0.905434
1.12462
1.06584
0.990417
0.985467
1.01049
0.888044
1.0106
1.04707
0.911425
0.918503
0.930234
1.15491
1.00126
1.00817
0.976652
0.964707
1.02798
0.958745
1.0291
1.06984
1.0804
0.987252
0.906446
1.05488
0.943763
1.00291
0.843934
0.890262
1.05369
0.925076
0.957441
1.17895
0.941076
1.09116
1.07148
0.989118
1.04872
0.923462
0.980991
0.907388
1.02519
1.17096
0.969435
1.00366
0.973163
0.837079
0.902912
1.07685
1.04223
0.881021
1.18946
0.921304
0.93411
0.967936
0.989488
0.980471
0.897768
0.969744
1.02879
1.04004
0.865382
1.12903
0.995911
1.09704
0.885573
1.03925
0.907237
0.941988
1.06791
1.03291
0.929859
0.908977
1.16313
0.847556
0.859643
0.979513
0.882672
1.1982
1.04259
1.1219
1.21989
0.89621
0.893935
1.1121
0.967656
1.12564
1.15614
0.87006
0.923432
1.02055
0.959703
1.09349
0.909652
1.00007
0.892042
0.90886
0.929915
1.0713
0.90777
0.997923
1.02429
0.988656
0.967369
1.02458
1.04705
1.03339
0.998548
1.09905
1.06324
0.928754
1.10504
1.13243
0.97755
1.2458
0.994495
0.861228
1.06741
0.923028
1.09006
0.999763
1.11093
1.01443
1.03253
1.07571
1.01835
0.910864
1.00432
1.08044
0.90487
1.10237
0.957533
1.14317
0.945529
0.927362
1.00058
0.91659
1.15962
0.885694
1.20289
0.978361
1.0014
0.962899
1.11196
1.18018
1.1516
1.05161
1.03612
1.07763
0.96554
1.16801
1.0716
1.00124
1.23818
0.943733
1.01657
1.16945
0.927886
1.11555
0.898442
0.935862
0.937766
1.0954
1.03693
1.10898
0.97313
0.908505
0.939007
1.08273
0.964729
0.938512
0.96927
0.824604
1.23108
0.890132
1.01997
0.98435
0.904956
0.994865
0.981228
1.10408
0.937539
0.894864
1.00282
0.760391
0.914812
1.11754
0.916824
0.912634
0.785113
0.959847
1.02938
0.960939
0.753268
1.02341
0.870327
0.997841
1.07891
0.874024
0.974875
0.988825
0.990926
1.00543
1.04493
0.991568
0.911542
1.05769
0.977861
0.970155
1.03359
1.09505
0.795838
1.0484
0.922544
1.0716
0.91836
1.00728
0.944648
1.12544
1.16862
0.96009
1.14115
0.981544
1.1879
1.01603
0.998691
1.07395
1.05901
1.16867
1.09575
0.961369
1.13981
0.896357
0.906236
1.17847
0.967055
1.10156
0.99283
1.20177
0.865753
0.899665
0.936236
0.917412
1.10671
1.00391
0.903341
0.923649
0.931082
0.898103
1.05251
1.11371
1.01509
0.983479
0.890008
1.26288
0.912826
1.10215
1.12267
1.02358
0.937502
1.02618
0.80133
1.16325
1.16536
0.849752
1.11962
0.95987
1.01765
1.08002
1.07372
0.950357
0.883508
1.24548
1.16503
1.27532
0.956389
0.993275
1.01311
1.04283
0.827861
1.04654
1.16608
0.927151
0.970196
1.00756
0.882617
0.960633
1.07509
1.01281
1.03668
1.08785
0.867308
1.0778
1.16085
0.807975
1.03715
0.9472
0.858185
0.922532
1.11836
1.01198
0.929043
1.05732
1.20471
0.911412
1.0128
1.00536
1.05781
0.980293
1.03555
1.12505
1.13791
0.972842
1.01595
0.934141
1.04676
1.12214
0.92307
0.97855
0.941735
1.13898
0.862118
0.922029
1.02414
1.00712
0.880041
0.892403
0.925997
1.01254
0.832913
0.993245
0.795501
0.899194
1.19648
0.920108
0.959667
0.971224
0.931627
1.04992
1.10805
0.875063
1.11552
0.907657
1.17066
0.99186
0.987833
1.03412
0.975709
1.20179
1.16726
1.00513
1.13216
0.949214
1.07439
0.946032
1.02506
1.17262
0.884246
1.07539
1.08258
0.932466
1.17454
1.01034
1.09637
0.971944
1.0118
0.999068
0.86844
0.833263
0.985848
0.975404
0.963012
0.825544
1.00944
0.865242
1.17008
1.0096
0.908434
0.788079
0.907003
1.07796
1.02887
0.964179
0.917015
0.806499
0.907158
1.09415
1.05888
0.803094
0.98372
1.037
0.971972
1.04352
0.871438
1.02996
1.22348
1.0053
0.973407
1.02979
0.970812
0.865599
0.975836
1.08993
0.938362
1.07318
0.896766
1.02123
0.984496
1.20654
1.26945
1.16906
0.918559
1.11079
1.03945
0.997344
0.940916
0.996099
0.934244
1.18784
0.905673
0.940573
1.03428
0.928148
1.09651
0.963561
1.08762
0.927955
1.0903
1.02055
1.18148
0.904829
1.06889
0.823656
1.00267
1.04117
0.866053
0.967157
1.18023
1.00148
0.806553
1.09335
1.02732
1.15993
1.0029
0.978925
1.03519
1.22693
0.860173
1.04292
0.932854
1.06037
0.849732
0.990178
0.963067
0.991931
1.02824
0.909716
1.05319
0.947028
1.11832
1.04798
0.991574
1.04046
1.00196
1.00231
1.00393
0.895711
0.927605
0.90213
1.05434
1.00822
0.98919
1.1261
0.957283
0.904437
0.836733
1.01737
1.01526
1.01143
0.957835
0.777183
0.895275
1.08213
1.05979
1.08601
0.845936
1.12473
0.99583
1.09145
0.948719
0.89907
1.18907
1.15006
1.20848
0.92341
0.964492
0.9643
1.06264
1.00297
0.997902
1.09538
1.10822
1.04215
0.928005
1.02754
0.962566
1.01404
1.03246
0.987451
1.00215
0.984864
0.941884
1.12544
1.13323
1.09509
0.99736
0.998095
0.974039
0.849766
1.00596
1.11527
1.22497
0.909958
1.0697
0.839006
0.922177
1.11341
1.07092
0.849822
0.891756
1.12354
1.02354
1.06566
0.788524
0.949306
1.12387
0.852857
1.02731
1.13669
0.817531
0.964253
0.961577
0.865282
0.922439
1.00992
0.922259
1.1132
0.992291
1.02707
0.869581
0.96257
0.801874
0.977304
0.768866
1.05877
1.0323
1.04307
1.14828
1.14668
1.05711
1.05972
0.993419
1.12693
0.889214
0.934615
0.971373
1.04206
1.25502
1.02295
0.848398
0.937781
1.01715
0.900939
0.965759
1.00107
0.962762
1.05852
0.960328
1.13807
1.01969
1.06847
1.0028
1.03051
0.978903
1.09377
0.987991
0.961112
1.07136
0.937929
0.949469
0.938809
0.895654
0.88225
0.984658
1.01693
1.20437
0.936663
0.875888
1.17081
0.997084
0.99254
0.81145
0.997091
0.973628
0.999642
1.04049
0.817416
1.0318
0.946663
1.12103
1.07551
0.661003
0.951058
1.10302
0.955241
0.919947
0.994815
1.05641
1.16641
0.943794
1.09558
0.915579
0.968947
1.08391
0.931267
0.943253
0.886967
1.05523
0.935453
0.984867
0.988254
1.0655
1.00231
1.03611
0.987526
0.928478
0.774152
1.18104
1.00397
1.01634
0.837266
1.08249
1.02306
1.12411
1.02824
1.04845
1.17812
1.0739
1.01993
0.850262
1.01825
1.08603
0.881954
0.887145
0.872041
1.09716
0.838378
0.949193
1.19114
1.02096
0.952697
0.955851
0.878104
0.988012
0.836582
0.960641
1.02564
1.08488
0.942922
0.761445
1.00406
0.937734
1.05444
1.0808
1.12578
0.995161
1.07856
0.941755
0.929364
1.01976
1.02104
0.868384
0.919961
1.04821
0.972211
0.977489
0.898435
1.05834
1.00031
1.07037
1.05518
1.10977
1.04059
1.16015
0.787681
1.03449
1.06948
1.09345
1.00894
1.15872
0.94259
0.970092
1.06208
1.08834
1.2944
0.932199
0.985864
0.94201
1.3103
0.971795
1.1005
1.0882
1.14766
1.03779
1.05947
0.997254
0.959222
0.997867
1.00894
0.89207
0.949408
1.06336
1.06192
1.1532
1.04692
1.16577
0.848439
0.832613
1.13403
0.879276
1.04645
0.86656
1.04129
0.952212
0.923957
1.12014
1.02931
0.841581
0.966018
0.905685
1.01729
0.96135
1.0388
1.03254
0.854006
0.892082
0.988548
0.989563
1.17532
1.04932
1.12425
1.00343
0.890907
1.28625
1.05473
1.03159
0.996923
1.01572
0.963309
1.15238
1.0947
1.08745
0.944223
0.972527
1.00873
0.871993
1.02034
0.992683
0.881483
0.933551
1.23714
0.848941
0.995991
0.90345
1.01328
1.03792
1.01863
1.03647
1.15577
1.04587
0.912499
1.10242
1.02264
1.14212
0.979343
1.15181
0.968132
1.12516
0.928397
1.00613
0.948229
0.939437
1.16239
0.989487
0.977834
0.973467
0.935811
0.997098
0.871843
0.952718
0.957589
0.914287
1.04355
0.801113
1.09523
1.27063
1.15927
1.1079
1.07811
0.987497
1.08452
1.08137
0.979773
1.0625
0.870873
0.834692
0.95063
1.10191
0.864177
0.995853
0.958836
0.984121
0.885535
0.850857
0.927336
0.946315
1.02331
1.07502
1.0237
1.10955
1.02191
1.11615
0.942151
1.04371
1.01186
1.04493
1.01133
0.956935
1.0864
1.00068
0.912002
0.949471
1.06939
1.06341
1.08572
1.12392
1.04619
0.979249
0.905059
1.11673
0.971576
1.04839
1.06914
1.23459
0.991391
0.882324
0.994557
0.940184
0.895647
0.880975
1.07399
1.10416
1.027
1.0548
0.918678
0.889462
0.953805
0.958025
0.820142
0.991862
1.02541
1.20375
1.00658
1.0671
1.13795
1.07515
0.916391
0.935431
1.06606
0.835203
1.0557
1.08471
0.968095
0.971699
1.12112
0.942106
1.0294
0.982409
1.02242
1.15724
0.967994
0.913254
1.15479
1.02252
0.905349
0.997702
1.13566
1.00688
1.19587
0.888589
0.937093
0.986381
0.953216
1.02132
0.873688
1.01493
1.18739
0.86374
1.09208
1.06661
0.817255
1.04057
1.03953
0.836909
1.00457
1.09173
0.987461
0.991551
0.85712
0.915447
1.13484
1.02231
0.973852
1.00886
0.860546
1.08521
1.05807
1.00762
1.14355
0.948235
0.824388
1.0171
1.08761
0.92218
1.06701
0.837748
1.17179
0.995045
0.980989
0.940756
1.0567
1.14548
0.928632
0.926531
0.952347
0.837367
0.859677
1.05743
0.888499
0.85987
0.981432
0.936983
1.07788
1.02139
1.10528
0.924998
0.945527
0.982738
1.01406
1.08849
0.895307
1.00344
0.91736
0.9352
1.11895
1.19247
1.02548
1.01204
1.15005
0.961968
0.976085
1.01406
0.94521
0.935361
1.00863
1.09624
0.966003
0.973388
1.12246
0.836631
0.911364
0.921685
1.02993
0.813335
1.02282
0.816491
1.03559
0.996396
0.932315
1.0338
0.911294
0.84708
1.0859
0.968065
0.986871
0.955408
1.11569
1.16689
0.922635
0.899409
1.00905
0.873832
1.005
0.994999
1.10151
1.01766
0.958803
1.08181
0.910231
1.07901
1.20926
0.92704
0.881655
0.903425
1.03912
1.11
0.900471
0.991328
1.0902
1.08457
1.11791
0.936065
1.15759
0.909387
0.879989
1.18842
1.22762
1.04476
1.03596
0.94703
0.993079
0.936361
1.01158
1.01015
0.911986
0.933521
0.937989
0.914749
0.963903
1.02237
0.863368
1.07004
0.918873
0.89174
0.889528
1.06812
0.957151
0.974984
0.964528
1.12893
1.03351
0.978141
1.03825
1.04381
1.10283
0.883101
1.03536
0.957635
0.925434
0.996568
0.976526
1.00132
1.01941
0.971514
1.01362
0.866417
1.19709
1.22281
1.01633
1.04565
0.896139
1.05787
0.916154
0.906843
0.988186
0.86533
0.897381
1.03652
1.05529
0.790319
0.989947
0.901314
0.92714
0.978481
0.870906
0.958398
0.930536
0.8563
1.06
0.938384
1.07622
1.08529
1.0915
1.12328
0.924811
1.06146
0.955026
1.12356
1.01943
0.948066
1.00659
1.09547
0.898826
1.11137
1.07124
0.944371
1.1375
1.0758
1.06784
1.01172
0.858886
1.11314
1.24995
0.987894
1.11565
0.959774
1.02764
0.925249
1.06902
1.19588
0.868586
1.02802
1.00722
0.968604
0.931378
0.958653
0.919804
0.886528
1.01479
0.923643
0.900868
1.09704
0.940138
1.13981
1.15651
1.01348
1.08915
1.07817
1.06754
1.02059
0.990941
1.00907
1.08051
1.05739
1.11158
0.978703
1.1984
0.996827
0.968101
0.943155
0.875072
0.983568
0.729111
0.966558
0.968997
1.04965
0.98867
0.877603
0.981305
0.807644
1.02261
1.05304
0.891748
0.90236
1.01476
0.875533
1.12496
1.11263
1.06948
0.899857
1.00065
0.87217
0.959011
0.764189
1.09758
1.08825
1.03333
0.977421
1.01454
1.1659
0.886753
0.91295
0.990853
0.797342
0.886718
1.1136
1.13298
1.11547
0.96979
1.10537
1.30161
1.14505
1.05107
1.00024
1.16778
1.00032
1.06048
0.910661
1.13802
0.943643
1.27357
0.944221
0.991374
0.981658
0.915672
0.800564
1.1549
0.867921
0.99267
0.9155
0.850618
0.927334
0.952811
1.20984
0.988614
1.03233
1.09123
1.07446
0.957739
1.11783
0.859598
0.877434
1.06325
1.11673
1.11855
0.989867
0.987743
1.05848
0.899827
0.989915
0.94198
1.14983
1.06471
0.917931
1.14719
1.07405
1.02985
1.01933
1.0612
0.870891
0.83033
0.966303
0.922361
0.912384
0.875381
0.959238
1.01852
1.02103
1.02036
1.00265
0.956466
1.12281
1.28004
1.03964
1.10706
1.00747
1.19053
1.0045
0.995736
0.854632
0.979199
1.1192
1.06605
0.771941
0.990524
1.16639
1.01912
1.10464
0.935729
1.00322
0.968921
0.76233
1.11818
0.856758
0.924224
0.765534
1.09423
0.971378
0.982704
0.924994
0.92649
0.896701
1.00832
0.779992
0.854089
0.895664
0.854858
1.15576
0.950926
1.02565
0.937958
1.03524
0.978662
0.995472
1.02472
1.09841
0.993562
0.921556
0.864133
0.841958
0.859147
0.929365
0.931184
1.09101
1.09347
0.889964
0.867614
1.09015
0.911695
0.875485
1.00543
1.0984
0.999973
0.935738
1.09752
1.09988
1.05931
1.11101
1.05045
1.07963
0.849542
1.01575
1.02699
0.820582
0.942816
0.987739
0.985929
1.18389
1.16722
1.00645
0.953761
1.09017
1.20028
1.04703
0.964223
1.25531
1.16909
0.876106
1.1162
0.945121
0.985252
0.998713
0.970166
0.960455
1.13117
0.955962
0.926299
1.03929
0.790069
1.01433
0.983467
1.07725
0.905659
0.922386
0.894465
1.05561
0.98229
0.898486
0.858244
1.07444
0.991402
1.08221
0.792229
1.10077
0.931634
1.07737
0.93945
0.914936
1.07101
0.899751
1.05617
1.11491
0.931034
0.983602
0.931649
1.03369
1.27979
0.80113
0.98778
0.766706
1.12706
1.04033
0.931517
1.17315
1.04374
1.03601
0.817755
0.904392
0.910321
1.10595
0.996273
0.893062
1.01633
0.960682
1.01416
1.10658
1.10662
0.961604
0.879221
0.955532
0.906697
1.0535
1.09236
1.03572
0.980438
1.03729
1.0594
1.07368
0.956646
0.941504
1.13693
0.885068
1.02527
0.893017
1.03935
0.992143
0.863986
1.09564
0.96001
0.927762
1.01703
0.881997
0.959381
1.0431
1.23404
0.873958
1.01769
1.11815
0.85538
1.04265
1.04994
1.24353
0.848322
1.07531
1.07923
1.18864
1.15741
0.830312
0.902971
1.19885
1.18794
0.995806
1.15313
1.11543
1.00841
1.10927
1.20202
1.05246
1.04452
0.897304
1.1802
1.05244
0.956524
0.90776
0.992466
1.23649
0.979975
0.824485
0.919142
1.06376
0.917614
0.947642
1.09143
0.917914
0.94343
1.00823
1.0162
0.959997
1.04721
0.978915
0.704629
0.932774
1.00741
1.02249
0.900401
0.957873
1.13883
1.18873
1.11092
0.984457
1.14068
0.929172
0.916911
1.05009
0.923483
0.884464
0.961548
0.884347
1.05917
1.03609
0.882694
1.05284
0.843708
0.901641
0.921429
1.03307
1.00499
0.966743
1.06557
1.0738
1.1533
0.858668
0.976528
0.928452
0.956709
1.00883
0.876818
0.982131
1.079
1.12195
1.01237
1.00534
1.02809
1.11407
1.00747
0.720571
0.898197
1.0231
0.877114
1.03996
0.982401
1.10381
0.956435
1.01386
1.14756
1.02138
0.962857
0.877238
1.12876
0.921536
0.962357
0.921525
1.11071
1.03968
0.82366
1.03144
1.01795
0.964058
1.00062
0.97942
0.904863
0.944438
1.02771
0.941673
0.667525
0.912055
0.950397
1.21285
1.13473
0.899347
0.948789
1.07973
1.20395
0.986944
1.01601
0.980176
1.10575
0.958854
0.934959
1.05282
0.935986
0.971982
1.10739
1.03987
0.950487
1.08191
1.0965
0.942787
0.990044
1.07701
0.89734
1.02305
1.03484
0.982448
1.16909
1.10247
1.12333
0.8377
1.0201
0.900889
0.958805
0.826545
1.02982
1.09659
1.15277
1.10111
0.988395
0.987298
0.928868
1.0288
1.00271
0.940865
0.99713
1.05252
1.04706
0.973992
1.08831
1.09249
0.894186
1.11628
0.945609
0.799418
1.03031
0.921008
1.0931
0.896759
1.02069
1.02996
0.958413
0.921469
1.11147
0.745463
1.02722
1.08415
1.04756
0.806589
1.0819
1.07901
1.03069
1.13622
0.901559
1.17571
0.814608
0.87579
1.00473
1.11375
0.984806
1.10151
0.93503
1.1129
0.876855
1.18463
1.04138
0.877784
0.986104
0.978974
1.01552
1.06628
0.979921
1.12297
1.00076
1.04167
0.809524
1.00625
0.852801
0.958471
0.936132
1.07503
0.95166
0.936878
0.868967
1.0471
1.00395
0.923368
0.981702
0.986014
0.829048
1.07663
1.14854
1.18042
1.12231
1.12039
0.973697
0.845534
1.02906
1.0599
0.868843
0.838049
0.810065
0.833832
1.14553
0.949208
1.00962
0.869013
1.11338
1.10906
0.89874
1.16411
0.888247
1.00075
1.10165
1.04336
1.12905
0.948097
1.08281
0.923781
0.985972
0.903141
0.848098
0.915992
1.21595
0.928974
0.97192
0.963182
1.22738
0.893861
0.986451
1.13563
0.989715
1.09132
0.997735
1.0215
0.84729
1.00582
0.846318
0.98637
1.07318
0.942853
1.07809
0.973242
1.06991
1.00178
1.06443
1.07933
0.949084
0.975404
1.12016
1.17277
0.992651
0.997935
1.03836
0.856642
1.11624
0.906892
0.892963
0.943726
0.876585
0.821409
0.999534
1.05034
0.897128
1.04618
1.08003
0.977538
1.07793
0.959278
0.786049
0.826147
1.0719
1.05134
1.10176
0.824138
1.17795
1.04025
0.995404
1.11521
0.888694
0.950416
1.05452
1.12068
0.970539
1.10061
1.00758
0.96598
1.07732
0.926941
1.01378
1.15577
0.922672
1.12831
0.962654
0.916876
1.14044
1.0405
0.903823
0.913766
1.05175
0.984877
1.03914
0.980084
0.876935
0.899396
1.06283
0.966097
0.979071
0.887715
0.810123
1.05219
0.972865
0.906667
0.96428
1.12842
0.918698
1.02367
0.982488
1.17256
0.781743
0.967755
1.06215
0.795658
0.955851
0.82677
0.811138
0.983104
0.982583
0.930455
1.06106
0.950665
1.05548
0.98475
0.924558
0.997018
1.17303
0.959001
1.1091
0.942736
1.00848
1.25401
0.968167
1.01183
0.941434
0.986174
1.05738
0.9075
1.09082
1.1286
0.708555
1.10181
1.04575
1.11286
0.751772
1.11469
0.938853
0.806881
0.908261
1.11677
0.928894
1.00996
0.971074
1.0777
1.06177
1.14381
1.1437
1.0834
0.991659
1.12468
0.945091
1.14413
0.829166
0.973746
0.993167
1.04721
1.05581
0.975752
1.05762
1.19324
0.764192
0.932287
0.783887
0.927039
1.00198
0.904921
0.909507
0.946765
1.14903
1.15905
0.961828
1.03779
1.10421
1.27166
0.861654
0.975026
1.01664
1.07791
1.02011
1.04134
1.00916
0.932515
0.961815
1.24592
1.09027
0.969132
0.901165
1.00457
0.973948
0.979176
0.963895
0.947409
0.898911
0.948948
1.07786
0.887072
1.0361
0.982583
0.887118
1.1717
1.09168
1.03175
0.944936
0.925053
0.848435
1.21486
0.903176
1.16292
0.867659
1.03829
0.819685
1.02681
0.989374
0.945092
0.996959
0.943245
0.986981
1.01349
0.953397
0.873284
0.827422
0.984325
0.946317
1.00807
0.927714
0.988918
0.988063
1.10734
1.07601
0.993863
0.98143
1.04297
1.03624
1.02872
0.887287
1.04351
0.922866
1.02956
0.736295
0.785956
1.04604
1.07074
1.00033
0.858343
0.804222
0.948189
1.01535
1.01932
1.11405
1.01107
1.02338
0.893029
0.915293
0.97732
1.03112
0.875972
0.858111
0.949962
1.04724
1.00562
0.929973
1.05463
1.07092
0.983481
0.760515
1.09489
1.13917
0.922473
0.878053
0.961523
0.983087
0.945136
1.10548
1.05117
0.77879
0.96699
1.05188
1.04157
0.985208
0.965314
1.03478
0.960113
1.08047
0.938865
1.00258
0.937403
1.0653
0.972284
0.998812
1.03723
0.957674
0.757809
1.0861
0.905519
0.962765
0.952215
1.09087
1.07601
1.04055
1.17583
1.12228
0.921426
1.05216
1.1032
1.01311
1.04707
1.13918
1.06805
1.05895
0.958765
1.05395
1.00259
1.11462
1.0823
1.12961
0.980195
1.06677
1.17796
0.999919
1.16202
0.949291
0.68784
0.984175
1.27296
0.869832
1.02631
1.0331
1.14935
1.03897
0.939159
0.926749
1.04223
0.982827
1.10589
0.991871
1.02302
1.0182
1.21675
0.870548
0.925773
1.14803
0.909085
1.04147
0.97453
0.945438
1.07666
1.03973
0.870511
1.1043
0.834716
0.992572
1.03423
1.08299
1.01675
1.06877
0.885474
1.01135
1.11207
0.95506
1.03139
1.05171
0.917678
1.13552
1.00271
1.08017
1.02739
1.09694
1.12254
1.05564
0.881837
0.880401
0.909925
1.00332
1.04621
0.873053
0.830167
0.961903
0.971931
0.957886
1.05251
1.25761
1.0863
1.03548
1.13754
1.06965
1.04462
1.04475
1.15822
0.970328
0.946092
1.03171
1.00971
0.965311
0.881566
0.906036
0.923591
1.04927
1.04974
0.989572
1.07861
0.958495
1.02694
0.888001
1.13448
0.98929
1.03774
1.01802
1.06953
1.04074
0.946494
1.02784
0.972298
1.05458
0.974806
0.905618
0.948928
0.991381
1.07994
1.00619
1.06465
1.02048
1.23686
1.06198
1.11164
1.0724
0.922011
1.06215
1.01826
1.13664
1.01704
1.05089
1.02511
0.826267
0.953584
0.98029
0.893776
0.978402
0.991128
0.8997
1.06309
1.00811
1.00925
0.999354
0.912579
1.19402
1.10977
1.10175
0.997396
1.11036
0.98734
0.830451
0.987927
0.932154
0.960759
1.06808
0.95357
0.896117
0.866243
1.1562
0.917581
0.997266
1.06205
1.025
0.906164
1.08054
1.02325
1.10483
1.03912
0.826925
0.973704
0.850325
0.729584
0.988079
0.881056
0.979819
1.0015
0.985047
1.11491
1.06335
0.860377
0.971272
1.04951
1.0751
1.10197
1.03732
0.929879
1.20533
1.01573
1.19432
1.04839
0.959382
1.01314
0.943658
0.961404
0.942684
0.858635
0.973641
0.924799
1.09128
0.97073
1.00523
1.32693
1.04441
1.0764
1.05342
1.04538
0.930945
1.0178
0.79689
1.02891
1.17445
0.928874
0.899966
0.968132
0.944122
0.967241
1.05023
1.11482
0.910968
1.07634
0.85189
1.06051
1.07523
0.969603
0.921093
1.05215
0.912079
0.961611
1.17949
1.02253
0.969651
1.2232
1.02851
0.851317
1.17852
1.05241
1.09925
1.10772
0.95028
0.931821
0.867408
0.851735
0.975135
0.862234
0.940191
1.02988
1.01591
1.02001
0.855196
0.9191
1.05947
1.00978
0.939406
1.09853
0.912119
0.967935
1.03125
1.08348
0.995228
1.0224
1.02742
0.9546
1.02404
0.99463
0.878022
1.12598
0.757478
0.853234
1.07834
0.956856
1.07122
0.796929
1.16229
0.812266
1.0528
0.980578
0.954202
1.09743
0.864481
0.887628
1.12152
0.998706
0.831928
0.944589
1.34538
1.19185
0.964388
0.957376
0.831774
1.07282
1.25552
0.980081
0.970283
0.973895
1.27099
1.04629
1.16472
0.948206
1.21211
0.962646
1.0338
0.886416
0.931858
0.813012
1.02066
0.839203
0.953509
0.975438
1.0675
0.939928
0.90801
1.19233
1.10214
1.08601
1.03443
0.954267
1.01707
1.02028
1.08398
0.840288
1.22819
0.877779
0.982357
0.986397
0.864033
1.16455
0.935663
0.968239
1.04391
1.05171
1.02256
1.05336
1.15605
1.06936
0.953061
0.935555
1.12998
0.885343
0.88325
0.957949
1.13993
0.864367
0.950917
1.09442
0.824397
0.966674
1.01938
1.01431
0.743731
0.934376
0.85012
1.1736
0.87526
1.00122
0.912442
0.975042
0.92542
0.984645
1.03444
1.1984
1.0225
0.946749
0.984055
0.912186
0.918153
1.02061
0.961718
1.15499
1.216
1.16021
1.003
0.985962
1.02241
0.969101
1.08255
1.03357
1.19934
0.942894
0.938266
1.00067
1.00176
0.892052
1.02271
1.01234
0.948679
1.02802
0.939694
1.13952
1.06801
0.978879
0.914575
1.01216
1.07383
1.02838
1.08613
1.04991
0.971267
1.09824
1.12114
0.88826
1.15016
0.842555
1.10543
0.993279
0.954497
0.982582
1.02615
1.01316
1.09575
0.92217
0.827494
0.843356
1.03808
0.973723
1.04105
1.00979
0.997853
0.858874
1.02456
0.81647
0.95188
0.964418
1.09804
1.04333
1.07199
1.07188
0.834017
0.944148
1.0712
1.11885
0.896658
0.838918
1.14979
1.00186
0.968856
0.826716
0.985192
0.883525
0.868422
1.08251
1.07049
0.81653
1.01896
1.01479
0.887976
1.1041
1.14922
1.12174
0.894395
1.17258
0.897584
0.966144
1.06179
0.946156
0.926627
1.05809
0.92712
1.02818
1.06951
0.90112
0.980205
0.906349
0.958592
0.952908
0.902309
0.964649
1.09587
0.908291
1.08148
1.05329
1.15374
1.09278
0.890907
0.899911
0.901818
0.873297
0.850098
1.07382
0.959384
1.03617
1.04897
0.930781
1.00821
0.868129
0.961995
0.976971
1.09568
0.924231
0.884458
1.15402
1.12668
1.02322
1.17501
0.967041
1.06457
0.979199
0.958655
1.05309
0.918575
0.940901
1.04626
1.02565
0.919055
1.0421
1.04701
0.968759
1.01035
1.11485
1.1211
0.99423
1.16416
0.910469
1.20042
1.04871
0.915863
0.860255
0.916634
1.12991
0.972944
0.960284
0.970106
0.988618
0.882533
0.953823
1.02132
1.10825
0.885606
0.914158
0.994189
0.937904
0.959632
1.17775
1.11764
0.977748
1.06748
1.15411
1.00254
0.901656
1.03675
1.08436
1.07222
0.928423
0.848389
0.959791
0.938725
1.10624
1.05689
0.960267
1.26978
0.969281
0.916575
1.03511
0.9352
0.885487
1.02117
1.05821
1.03643
1.15815
1.03678
1.00644
1.05161
1.12126
0.950042
1.14329
0.972234
0.907883
0.924259
1.10296
0.997296
1.08709
1.0131
1.02731
0.970573
0.97421
0.982661
0.913024
0.941928
1.10477
1.06086
0.958216
1.02834
1.05907
0.878351
0.989212
1.09785
1.01715
0.790296
1.17973
0.904001
1.1377
1.13925
1.01395
0.960758
0.872197
1.15739
1.0938
1.04008
1.08683
1.0488
0.948651
0.977974
0.951016
1.09543
1.06009
1.10066
0.811277
0.898207
1.05079
0.88687
1.00232
1.04346
0.932846
0.874364
0.986687
0.992323
1.19273
0.990726
1.1526
0.972182
0.890864
1.14807
1.07792
1.02259
1.04719
0.983096
0.920704
1.0779
0.942732
1.04289
1.02466
0.9869
0.933321
1.06536
0.878155
0.995199
1.11431
0.961016
0.978265
0.872691
1.08299
0.945638
0.948457
1.03527
1.02562
1.06156
0.942076
0.95852
1.00347
0.818054
1.04726
1.05999
1.05833
0.971548
1.03749
0.831399
1.1637
0.875176
0.961312
1.19441
1.03724
1.00937
0.918761
1.02999
0.969834
0.953994
1.04552
1.08821
1.15466
0.943409
1.05151
0.893504
1.00743
1.01276
0.982562
0.923446
1.05991
1.00093
0.928367
1.05861
1.02125
0.929437
1.02122
1.2172
1.04462
0.891393
1.04774
0.92241
0.99507
0.928374
0.98958
0.957473
0.927252
0.997236
0.869773
1.01738
0.95326
0.917932
1.2988
1.12004
1.06709
1.08769
0.897783
0.991437
0.894476
1.12192
0.988857
0.815306
1.03606
1.00974
0.906177
1.22702
1.16202
1.10446
1.08649
1.0603
0.986268
0.899529
1.03694
0.932011
0.901127
0.912903
0.958891
1.08203
1.07915
0.882062
0.837831
0.925819
0.970617
1.0013
0.930506
0.946232
1.09036
0.826232
0.994487
0.840207
0.989069
1.19232
0.974014
0.897017
0.987057
1.00832
0.951501
1.04391
0.802998
1.07305
1.05803
0.89585
1.07358
0.914793
1.00715
1.00079
0.82692
1.10913
0.870891
1.15267
0.871892
1.0086
1.07126
1.0543
0.978967
1.0683
0.929339
0.969429
0.973951
0.980243
0.997199
1.05072
1.02724
1.02004
0.92901
0.959038
0.889108
1.1065
0.902739
1.071
0.981059
0.941725
1.03396
1.07193
0.95743
0.864547
1.03785
0.751163
0.953824
0.980235
1.0403
0.879638
1.0404
1.1201
0.92522
1.12042
0.954401
1.0638
1.04234
0.902532
0.845498
0.922165
1.00251
1.04575
1.16097
0.861651
1.15264
0.924091
0.925519
0.932161
0.971397
0.993204
0.902707
0.997147
0.976363
1.20995
0.948023
1.06006
1.0101
0.954796
0.943457
1.02174
1.0101
0.963219
0.809897
1.07647
1.07002
1.12923
1.07626
1.00967
0.949421
0.974554
0.967886
0.93666
1.08763
1.05527
1.0412
1.03544
1.03942
0.973423
0.897515
0.982777
1.14623
0.888227
0.993637
0.791339
0.89648
0.765024
0.973458
0.996248
0.879048
0.944881
1.0503
0.907298
1.08889
1.00275
1.00148
0.938075
0.844796
1.04341
0.738212
1.17261
1.29882
0.939593
1.07937
1.03355
0.908513
0.991418
0.856452
0.983377
1.2103
0.876001
1.0973
0.855676
0.913135
0.913326
0.987842
1.07839
0.894895
1.05504
0.930282
1.07763
0.892977
1.11114
0.99779
1.1459
0.919421
1.00967
0.946701
0.904652
0.962156
0.996159
1.02174
1.0248
0.903474
1.20867
0.965129
1.06019
0.864165
1.12082
0.93875
1.16499
0.964598
1.01554
1.006
1.03457
1.06403
0.863346
0.98473
0.994999
0.752082
1.04757
0.885385
0.953719
0.975979
1.12382
1.02932
0.959444
0.891032
0.917311
1.08092
0.951348
0.906699
0.968781
0.836168
0.916162
0.939007
1.079
0.939136
1.03468
0.994368
0.912085
1.14345
0.934904
0.897264
0.836024
0.990371
0.958275
1.1437
0.919912
0.925272
0.941899
0.876181
0.9366
1.06366
1.13611
1.08175
0.984835
1.01593
0.940436
0.879236
0.818823
0.988235
1.00983
0.892543
0.894466
0.961821
0.96009
1.00943
0.932173
0.91189
1.01066
0.944802
1.14499
0.970993
1.11579
1.06728
1.01424
0.911511
0.862438
1.0836
0.99603
1.07748
1.09851
1.00601
0.945014
0.877139
1.08138
1.22844
1.0128
0.958631
1.12849
0.948728
0.945885
1.11995
0.956797
0.914554
0.979208
0.857104
1.01736
0.979473
0.993817
1.03982
1.05712
1.10916
0.864237
0.950782
1.17682
0.948882
1.07081
1.01432
0.88286
1.05103
1.01747
1.17768
0.90221
0.851752
0.906016
0.981164
0.911385
1.2195
0.951832
1.107
0.954071
0.908491
1.18796
0.945826
0.998154
0.927183
1.07345
0.952102
0.951816
1.00791
1.16639
0.878628
1.00175
1.02896
1.01316
0.996917
1.05666
1.13986
0.859409
1.20229
1.00709
1.0224
1.07965
0.991716
1.10044
1.06751
0.764693
0.948625
1.10092
1.2178
1.05385
0.942343
1.05525
1.03624
1.06261
0.919813
0.892942
0.887425
1.08263
1.01451
0.936269
0.99192
1.08512
0.932615
1.04264
1.01972
1.00202
1.12333
1.1096
1.04277
0.802775
1.03676
1.06566
0.938808
1.00861
0.982091
0.998957
0.881292
0.921826
1.15964
0.735773
1.09643
1.16128
0.855988
1.04692
1.05694
1.01186
0.949695
0.963655
1.42168
0.928935
0.948919
1.012
1.04238
1.02928
1.03861
1.12347
0.882348
1.18874
0.994236
0.911108
1.01148
0.974645
1.03897
0.916978
1.15283
1.02304
0.980677
1.05977
1.05948
0.981308
0.85758
1.06912
1.02567
0.964249
1.06636
0.845618
0.931972
1.00759
1.10445
1.10837
0.866777
1.08103
1.04531
1.1971
0.950715
0.966096
0.718717
1.27086
0.856632
0.945708
1.03381
0.95443
0.92909
1.0402
1.04661
1.12885
0.987287
1.16261
0.911832
1.14338
0.938383
1.28824
0.891698
1.02888
0.928326
0.951045
1.22317
0.99019
1.07028
1.22947
1.15399
1.00291
0.938136
0.887026
0.949557
1.18345
0.941739
1.11394
0.96103
1.06924
1.07523
1.15315
1.09024
1.08675
0.950898
1.08689
1.20033
1.02034
0.835615
1.06576
0.974037
1.07015
1.15039
0.976826
1.04199
0.904889
1.1741
1.07611
1.08943
1.12207
0.932152
1.02743
1.03543
1.06931
1.00383
0.881261
0.910532
0.855617
0.892627
0.996387
0.948559
1.05746
1.08296
0.908249
1.18581
0.865535
0.93372
1.05903
0.899002
1.158
1.05627
1.07991
1.04568
1.02008
1.06967
0.999678
0.990599
0.921692
1.15115
1.03833
0.918871
0.86361
0.983227
0.999304
1.12914
1.18255
1.0243
0.876132
0.838197
1.01736
0.927488
0.968193
1.0115
0.898329
0.876542
0.880229
1.17123
1.08337
1.06421
0.850702
1.10746
1.11878
0.90007
1.10113
0.88855
0.858188
1.04564
1.04506
0.870307
0.917165
1.14896
1.05409
0.936285
1.019
0.994028
1.19821
1.02268
1.00355
1.06045
1.01922
0.981155
1.04968
0.969834
1.20006
1.02976
0.790995
1.06133
0.860047
1.10548
0.955436
1.01176
0.994919
1.10731
1.04946
0.894943
1.14809
0.940224
1.03405
1.05614
0.992301
0.902299
0.955257
0.809736
0.959587
1.00386
1.06761
1.0154
1.03705
1.01843
1.04063
1.04254
1.12365
0.942326
0.933533
0.876553
0.947756
0.849001
0.933614
0.860247
1.12356
1.07672
1.06171
0.87386
0.95063
1.16534
1.00835
0.940199
1.15168
0.922023
1.06784
1.10802
1.05382
1
1.15841
0.931547
1.08724
0.998953
0.950591
1.06545
0.973618
0.928365
0.933705
0.951935
0.986775
1.00315
1.05937
1.19202
1.07065
1.03184
1.0975
0.935791
0.85859
0.945439
0.911284
0.947057
1.05506
0.927851
0.940575
0.932249
1.05177
0.962323
1.00931
0.978751
0.923832
0.929257
1.05487
1.22547
0.859077
1.10216
1.00194
0.882108
1.01114
0.959609
0.956482
0.993582
0.918583
1.01761
0.921359
0.931423
0.956553
1.1749
0.931322
0.913413
1.01748
1.19004
0.939776
0.91507
1.03661
1.11433
0.85406
1.10034
0.917901
0.949648
0.90794
0.96402
0.923511
1.00078
0.944532
0.981145
0.976131
1.02148
0.883838
1.1065
1.1241
0.92627
0.949837
0.983348
0.973482
1.09413
1.0963
1.1193
0.9992
0.947788
0.932156
0.937887
0.979879
0.858338
0.974985
0.877499
0.905393
0.940979
1.00237
1.08669
1.09242
1.10445
1.31508
0.970583
0.921268
0.999946
1.08142
1.02379
0.873283
0.968772
1.02602
0.898724
1.16562
0.985442
0.977611
1.04981
0.899626
1.10135
0.802746
0.919704
0.905079
0.934338
1.00558
1.07348
1.18593
1.27913
0.980809
0.98303
0.893415
0.968545
1.22616
0.912719
0.778636
0.916048
1.09668
0.944746
0.88475
1.01035
0.956384
0.966819
0.994885
0.829194
0.976553
1.05168
0.91313
1.23462
0.961308
0.936121
1.04134
1.06776
0.996084
1.06438
1.11173
1.00516
0.957291
1.01914
1.14301
1.02982
1.08405
1.17748
1.17482
0.990557
1.06994
0.996414
0.959434
0.962967
0.903573
1.08462
0.990377
0.909438
0.967332
0.838366
1.02573
0.823179
0.94674
0.893001
0.885928
1.05052
1.07531
1.11065
0.980216
0.98007
0.980143
0.975657
1.11522
0.986634
0.745802
0.914037
1.13978
0.989935
0.920977
0.91281
0.983085
1.04692
1.07167
0.991843
1.04174
0.901099
1.07187
1.27792
0.868412
1.07625
1.01324
0.827529
0.830088
0.848668
0.944527
0.928282
0.965595
1.05574
0.922961
1.07129
1.09375
1.01843
0.890712
0.91059
1.21329
0.970842
1.11158
1.25153
1.01149
0.80747
1.05592
0.833701
0.991111
0.812308
1.02666
0.996163
0.804976
0.954369
0.978209
1.07128
1.07154
1.05303
1.00557
0.9397
0.920923
1.13582
1.08486
1.14384
1.08513
0.936965
1.0251
0.989754
0.885019
0.964088
0.813153
1.15319
0.923072
1.11054
0.763081
1.05858
0.878314
0.958431
0.983165
0.908574
0.870836
0.981354
0.902729
1.04602
0.898423
0.987539
1.05757
1.05875
0.8528
0.917093
1.11926
0.893614
0.965495
1.15659
0.971785
0.970556
0.85716
0.893012
1.06644
0.931365
1.07313
0.861464
1.08532
1.01699
0.945139
0.93074
1.11398
1.08744
1.15628
0.914851
1.07698
1.10568
1.03644
1.20574
0.926097
0.939319
1.1665
0.98416
1.1167
0.894824
0.89278
0.969237
1.00103
1.22385
1.10038
1.07803
0.959104
0.944943
1.31717
1.11225
1.05542
0.83396
1.19505
0.943818
0.824775
1.00233
0.96972
0.852071
1.03246
0.94747
0.966909
1.01446
1.05546
0.909587
1.18624
0.965837
0.938006
1.03487
0.931173
0.831279
0.932485
1.04287
1.04503
0.908372
0.854853
0.948452
1.02509
1.12892
1.14735
0.974354
1.03209
1.02317
1.2238
0.985155
1.04184
1.06338
1.11698
1.11438
0.886749
1.01523
0.782803
1.04257
1.04685
1.1279
1.10547
1.02076
1.00723
1.02943
0.7715
1.09332
0.871471
0.888541
0.969829
1.05993
0.917451
1.15566
1.00465
1.09087
1.17581
0.965752
1.10536
0.976615
1.01059
1.23845
0.923256
0.953144
0.952124
1.1184
0.910901
1.14641
1.129
0.985584
0.853908
0.966838
1.02096
1.01004
0.973357
1.00339
0.95562
0.981455
0.934304
0.805371
0.930125
1.03437
0.893046
1.01306
0.903655
0.964821
0.934175
0.97581
1.03178
0.878227
1.00441
1.04409
0.739989
0.94029
1.01087
1.10915
0.856536
0.971105
0.935232
0.90394
0.912788
0.975173
0.927887
1.04431
1.14077
1.00125
1.02654
1.04628
0.968709
1.10467
1.18015
1.00648
0.866395
0.870307
1.01147
0.942159
1.14903
1.06102
1.03979
0.993502
0.909262
0.955205
0.962138
1.07808
0.959334
1.05546
1.06133
1.02565
1.04312
1.16322
1.04371
1.10092
1.13628
1.24394
0.958888
1.01823
0.960847
1.10776
1.00314
1.01226
0.958757
1.05205
1.02827
1.06455
1.08711
0.901962
0.700073
0.90596
1.02624
0.865704
0.931158
0.90669
1.03254
1.25036
0.98726
0.838589
0.94914
0.986437
1.02929
1.02121
0.993715
1.06101
1.23025
0.989725
1.04086
1.04506
1.12124
0.822905
1.01347
0.988174
0.867836
1.20503
0.990803
1.05704
0.906132
0.976392
1.10443
1.02592
0.853624
0.985173
0.92455
0.940205
0.938863
0.899701
0.904542
1.18557
1.10807
1.04339
1.16232
0.970283
0.947796
0.935955
1.07199
1.13731
0.998591
1.0523
0.983117
0.91445
0.874563
0.9276
1.01433
0.85304
0.915023
0.857174
1.07449
1.08914
0.976971
1.05168
0.93327
0.975982
1.01904
1.04637
1.2059
0.944632
1.22673
0.887539
0.840293
1.12273
0.875988
0.977478
0.987938
1.01643
1.01064
1.02166
0.99259
1.15176
1.25008
1.02055
0.942089
1.10394
1.07285
0.985075
0.926519
0.97202
0.981425
0.902942
1.30331
1.04594
1.21283
1.10012
0.996745
0.954996
0.91845
1.05618
0.951044
1.0982
0.990259
0.837616
0.922287
1.0178
0.980112
0.972071
1.04958
1.0398
0.928638
0.939204
0.783261
0.95154
1.14557
1.02799
0.795343
0.929002
0.962945
0.985836
1.06574
0.999923
1.03221
0.920217
1.03923
1.02866
0.902561
1.01092
0.902297
1.20093
1.15076
1.14402
0.847797
0.888699
0.882073
0.91376
0.886166
1.10769
0.914461
0.958274
1.07629
0.944547
0.901036
1.12414
0.967545
1.01226
0.938319
0.873049
1.13594
0.880831
1.01585
0.932316
0.893039
1.1167
0.958313
0.83456
1.05453
0.976057
1.08574
0.870494
1.04768
1.02474
0.888875
0.916649
0.798998
0.957718
1.04887
0.910397
0.861849
0.857385
0.859063
1.05329
1.11105
1.11939
0.928296
0.914634
0.892942
0.879548
1.06391
0.990868
1.00664
1.01971
0.845409
0.988731
0.869768
0.910595
0.965292
1.02853
0.9031
1.03864
1.24468
1.00783
0.909298
0.940164
1.06331
0.952843
1.07546
0.901299
1.03271
1.03689
1.11743
1.12589
0.930714
0.934725
0.876293
1.20378
0.883493
0.752232
1.22726
0.961006
1.07783
1.0904
1.03336
0.864604
0.882588
0.93552
0.937807
0.979867
0.97851
0.743688
1.05989
1.14142
1.07146
0.96467
1.0184
0.89023
1.15553
1.01462
1.09551
1.06036
0.98826
1.03805
1.01834
0.985768
1.07033
0.707367
1.05034
0.987981
1.00153
0.903091
1.20091
0.960226
1.19885
1.15461
0.925915
1.05446
0.989355
0.965001
1.02371
1.07336
0.986779
1.03383
0.787147
0.988095
1.09586
0.921408
1.01659
0.86914
1.17033
0.984231
0.967751
1.01514
0.870986
0.969824
1.14813
0.876922
0.993564
1.16009
1.01299
1.01153
1.2606
1.19614
0.967202
0.87051
0.943669
0.990402
1.05901
0.950165
1.02056
0.828712
0.960017
0.847872
1.10876
1.05067
1.02008
0.97874
0.924532
1.06554
1.06459
1.12254
0.937299
0.975851
0.932098
0.934852
0.888039
1.03216
1.26464
0.977677
1.09194
1.25659
1.08393
0.83799
0.940506
1.04193
1.0248
0.984738
1.01956
1.2069
1.19091
1.00267
0.933476
1.11875
0.873589
1.04777
0.921688
0.988057
1.06098
0.945343
1.08671
1.08285
0.997963
1.11745
0.932137
0.846623
1.04459
1.00037
0.956675
0.817587
1.02807
0.99937
1.05051
0.816332
1.05864
0.806839
1.04742
1.15466
1.05393
0.945101
0.945588
0.999399
0.971604
0.948574
0.879613
1.07476
1.14521
0.995483
1.01616
1.02126
1.00686
1.08141
0.987735
1.02166
0.927972
1.03129
0.938015
1.18786
1.07647
1.03732
0.997469
1.03664
0.963628
0.860413
0.909732
0.935628
0.917708
0.998199
1.03208
0.967537
0.852186
1.19078
0.915599
1.16662
1.03947
0.91103
1.0773
1.07504
0.956446
0.949772
0.994503
0.992885
0.78422
1.00785
1.00934
0.837471
0.961259
0.98419
1.14247
1.02637
0.941553
0.893171
0.821116
0.964814
0.977706
0.942426
0.882324
1.10862
0.925062
1.27841
0.977551
0.896117
0.851976
0.898963
0.923014
1.08351
0.924487
0.841678
1.04205
0.993944
0.952458
0.988778
1.25549
1.03825
1.14658
1.0529
1.06067
1.07791
0.984431
0.925764
1.03643
0.952545
0.915539
0.923045
0.931026
1.12063
1.05967
0.940383
1.02255
1.15829
0.807723
1.24964
0.991577
0.869539
1.07849
1.13169
0.99144
0.881738
1.21796
1.0043
0.915809
0.912151
1.06658
1.00292
1.21776
0.845448
1.19897
0.910172
1.09703
0.997183
0.974058
0.938832
1.01385
0.793213
0.958972
1.11755
1.08967
0.980671
1.04779
1.07573
1.08563
0.920628
0.912782
1.00618
0.980071
0.981149
1.08195
1.00696
0.993955
0.934625
1.02727
1.21201
0.880237
1.28046
0.89244
1.02187
1.09565
0.887797
1.09651
1.05282
0.869947
0.85199
0.936569
1.07356
1.07407
0.943308
1.02489
1.22869
1.06287
1.04964
1.00128
1.08503
1.03082
0.922293
1.16993
1.04108
0.996753
0.983425
0.844428
0.923617
0.992977
0.91165
0.911896
0.836564
1.0427
0.909393
0.96031
1.1188
1.05564
0.927848
1.03927
1.15213
0.970094
0.695202
0.888217
1.00021
0.988021
0.940037
1.03234
1.1647
1.09386
1.12291
0.926045
1.08633
0.922372
1.10291
0.995516
0.883405
0.989074
0.980305
1.01254
1.16803
0.915796
0.905216
1.09956
1.20939
1.16105
1.00837
0.90232
1.15191
0.978426
0.820718
1.09139
1.01651
0.998361
1.05107
1.06684
1.00189
0.916801
0.935574
0.9615
1.04858
1.09389
0.944167
0.878036
0.871889
0.970548
0.979759
0.992508
1.00438
1.05716
0.7512
1.06608
0.911587
1.12108
0.974143
1.1196
0.944732
0.892249
0.969554
0.931085
0.959094
0.953989
1.06482
1.03536
1.18442
0.929315
0.956405
1.14694
0.946702
1.1244
0.951908
1.05895
0.813346
1.02699
0.982776
0.786488
0.928242
0.969129
0.891741
0.951539
0.956472
1.19144
1.14926
0.976074
1.04103
0.952272
0.918018
0.970202
0.879824
0.965623
0.939644
0.869151
0.950311
0.9987
1.06994
1.02864
1.11424
1.00581
1.16849
0.907101
0.97219
0.872966
0.927706
1.06633
1.01935
0.989278
0.975848
0.965713
0.916894
0.885024
0.921864
1.0929
0.922764
1.00889
1.1217
1.09325
1.20135
0.996588
1.09714
1.08219
1.03485
1.1839
1.24034
1.06953
0.941614
0.9493
1.02054
1.08938
1.05848
1.00742
0.959939
0.987795
0.908724
0.995555
0.811651
1.05297
1.19479
1.09395
0.830534
0.930597
1.06515
0.991687
1.05945
0.903053
1.05674
0.958529
1.04251
0.915033
0.972983
1.17598
0.988148
1.0203
1.07663
0.92158
0.918619
1.04846
1.02613
0.924199
0.8733
0.861634
1.06185
0.968886
0.972244
0.95482
0.845172
0.967964
0.92141
0.991083
0.806157
0.846654
1.04771
1.22204
0.855395
0.834583
0.925497
0.974404
1.05742
0.831548
0.976592
0.917144
1.0377
1.17079
1.04116
0.883551
1.00025
1.00225
0.94124
0.854024
1.24397
0.8853
1.16915
1.08025
0.998473
0.921182
1.03663
0.95722
0.904017
1.02007
0.951569
0.845668
0.869492
1.0328
0.918839
0.911081
0.945691
0.941692
1.08434
0.963049
1.01593
0.937358
1.20392
1.11512
0.959213
0.920633
1.02306
0.918821
0.99388
1.06962
0.907172
1.12478
0.869116
1.12614
0.815596
0.900157
0.937982
1.0831
0.977677
1.10081
0.905696
0.966902
0.811248
0.996926
1.04537
0.916982
1.00738
1.1924
1.08297
0.960723
0.905206
1.00652
0.932183
0.844764
1.07612
1.16188
1.0544
1.10918
0.996235
0.953607
1.10302
1.01074
1.10328
0.922474
1.22786
0.81396
0.91389
1.04289
0.810025
1.12676
0.819604
0.946626
0.865888
0.856941
0.951638
0.899481
0.930139
0.755345
1.01768
0.951484
1.16818
0.950106
0.968726
1.05257
0.815388
0.918457
0.83742
1.06444
0.908064
0.87815
0.874101
0.926472
0.932171
0.916552
0.945093
1.04426
1.02284
0.906939
0.932924
1.11827
1.0634
0.988334
1.04494
0.830173
1.10158
0.913505
1.45373
0.958624
0.814905
1.1004
1.07345
1.00876
1.04574
1.09262
1.18339
1.13521
1.04015
1.1703
0.984826
0.941265
0.899679
1.13728
1.05417
0.850238
0.92352
0.933707
0.895175
0.937436
0.776258
0.956094
0.9815
1.02846
0.894044
0.91883
0.929335
0.930326
1.10611
0.934409
1.00094
0.932049
0.955889
0.863101
0.900056
1.00188
0.8603
1.16927
1.03395
1.01921
0.917488
1.12276
1.01531
0.873759
1.12917
0.947059
1.02161
1.02667
0.909177
1.03741
0.910919
0.902478
0.909491
0.979872
0.970942
0.8627
1.05811
0.853444
1.07728
1.04706
1.0769
0.875848
0.951648
1.00729
1.16232
1.03107
0.979843
0.866504
0.993317
1.09334
0.974245
0.917064
1.06224
1.00826
0.982933
0.929988
1.17224
1.04575
0.98304
0.809133
1.04156
0.983005
0.910064
0.946989
1.12432
1.01487
1.0239
0.861622
1.16389
0.964577
1.04799
1.13066
1.03876
0.899845
0.990506
1.13362
0.952581
1.03701
1.04131
1.03021
0.986384
1.02471
1.05008
0.968558
1.03836
0.817972
1.02749
0.932825
1.02824
1.01211
1.03833
0.975959
0.936977
1.0446
0.848464
0.778287
0.952645
0.982504
1.04471
0.98807
0.889745
0.922028
1.07787
0.970746
0.893738
1.03698
1.22594
0.751321
0.85565
1.09865
1.25486
1.06674
0.960873
1.0821
0.871677
1.08492
0.95234
0.965763
1.03791
0.995845
1.1152
0.853239
1.17054
1.12627
1.17657
0.835904
0.891585
0.772609
0.993497
0.994388
1.09239
1.17764
0.874428
0.901772
0.960412
1.03734
1.0431
0.875477
1.16986
0.947646
1.08052
0.961495
1.08245
0.989079
0.961023
0.983086
0.974005
1.10907
0.923829
0.982648
0.950867
1.1162
0.982144
0.876521
1.08499
0.916346
0.989878
1.05095
1.08072
0.876371
0.846732
1.15448
1.04693
1.13231
1.0306
1.08299
0.868794
0.986412
0.97372
1.12701
0.811371
1.01071
0.882866
0.902713
0.98037
0.927003
1.14719
0.982828
0.947593
0.931396
1.0436
0.993116
0.99391
0.994331
1.17611
1.06582
1.04077
0.830794
0.888494
1.15766
0.943541
0.940733
0.906695
0.886531
0.998936
1.01302
1.08775
0.987581
1.09149
0.972649
1.01943
0.993006
0.975017
0.928086
0.954462
0.97107
1.18687
0.918578
0.988559
0.944652
0.954342
1.00204
0.9573
0.968269
1.04794
0.839503
1.15588
0.934366
1.09132
0.983928
1.09148
0.971506
1.03067
0.835393
0.98509
0.88919
0.984522
0.820399
0.894864
0.997301
1.23834
0.960802
1.12305
0.89671
1.03759
1.12556
1.09419
0.998737
1.08251
1.21101
0.98655
0.901072
1.07932
0.969113
1.01274
1.15541
0.907811
0.917591
1.02385
1.02998
1.03152
0.872452
0.823467
1.10099
1.02981
1.1047
0.987862
1.02197
1.01562
1.10812
1.03236
0.982554
1.16839
1.27259
1.05077
1.00565
0.903896
0.840192
1.04202
0.989402
0.972945
1.12092
0.84506
1.00376
1.05374
0.991854
1.08462
0.800323
1.00776
1.1224
1.23713
0.772422
0.976445
0.837803
1.04528
1.01994
1.03705
0.972713
0.943897
0.896155
0.957936
1.0829
0.989388
0.915772
1.19897
0.937964
0.712641
1.04167
0.991056
0.811242
1.02259
1.02573
1.06427
1.04735
1.17056
1.06122
1.02736
0.986362
0.955
0.965362
0.920446
1.0651
0.887996
1.00193
1.12108
0.959759
0.823753
0.950094
1.10284
1.1136
0.733557
0.918617
1.02058
0.796573
0.962901
0.93157
0.762133
0.893067
1.09325
0.958003
1.01398
0.980117
1.09864
0.907252
0.980387
0.877161
0.923921
1.1707
0.82079
0.889621
0.95712
1.12904
0.954319
1.07024
0.901166
0.813364
0.971898
1.14415
0.865304
0.903293
1.08979
0.910063
1.17537
1.08108
0.942078
1.10481
0.964413
1.06494
0.90801
1.00912
1.1251
1.02325
0.784045
0.937048
1.00761
1.04778
0.946055
1.16516
1.08804
1.12545
1.03384
1.09092
0.914601
0.885944
0.827596
0.897231
0.997616
1.14463
1.02406
1.01337
1.00742
0.971693
1.0847
1.00435
1.05155
0.830243
0.922205
1.1179
1.011
1.07054
1.15238
1.0695
0.974982
1.17151
0.949843
0.920435
1.10957
1.10074
1.08199
0.936496
0.954062
0.93709
0.872613
0.953382
0.888256
1.12482
1.0056
0.931672
1.10931
1.14346
0.926496
1.34518
0.897325
1.19735
0.972474
0.945103
0.966088
0.845749
1.01218
1.0849
1.12276
1.0843
0.933734
0.981751
0.933323
1.13019
0.902981
0.902569
1.088
0.957356
1.27018
1.15935
1.11973
1.09444
1.0297
0.893272
0.970587
0.865487
1.07027
0.936289
1.17387
1.01667
0.969969
1.2053
1.26945
1.09771
0.842172
1.11247
0.972634
0.934576
0.873421
0.99528
0.938156
1.11155
1.06615
0.920235
0.9262
0.821248
1.14344
1.2374
1.07945
0.975017
0.912098
1.03938
0.922058
0.912913
1.08064
1.0431
0.962039
0.979281
0.866051
1.12963
1.03912
0.945352
0.908864
0.953429
1.22745
0.987112
1.03638
0.946993
0.876574
1.03591
1.23813
1.05775
0.942718
1.13042
0.885687
1.02941
0.932183
0.850682
0.989345
0.888955
0.950801
1.14723
1.01722
0.889271
1.14852
0.989431
1.12553
0.925125
0.992518
0.905227
1.09442
1.20949
1.06474
1.14656
1.01595
1.01938
1.13909
1.08096
0.937609
1.05902
0.932227
0.960201
0.988482
0.949029
0.852379
1.07728
1.09306
0.96759
0.852615
0.810896
1.00227
0.927528
0.946176
1.13671
1.00679
0.790248
0.940085
1.02133
1.0613
1.1407
1.01037
0.984542
1.11755
1.00361
0.80946
1.03148
0.99442
0.870741
1.04148
0.949595
1.08946
1.12459
0.991306
1.00584
1.00945
1.05106
0.972459
1.07687
0.944729
0.890063
1.08529
0.937864
0.975242
0.983533
0.923657
1.04862
1.12544
0.859178
1.12024
0.908946
1.10204
0.986485
0.987962
0.966895
0.916909
1.01092
0.955955
1.04989
0.949648
1.1674
1.10004
0.932761
1.06547
0.997243
0.98591
0.86468
0.805769
1.01165
0.896
0.982413
1.08222
1.06791
0.86716
0.951794
0.955091
1.03184
0.962881
0.855438
0.925062
0.934287
1.05494
0.987978
0.874999
0.867711
0.917179
1.02982
0.88546
0.951133
1.07399
0.971623
0.803177
0.868948
1.04333
1.11486
0.954401
1.04209
1.07528
1.12202
1.08249
1.03981
0.904884
1.1743
0.985577
1.00933
1.00262
0.943467
1.1249
0.982911
1.15909
1.05313
1.04838
1.00963
1.01914
1.09359
0.877807
1.09587
1.04742
1.00781
1.06469
1.07634
1.21178
1.02328
0.954752
0.94428
1.13754
0.931989
0.910521
1.06692
1.10569
0.896418
1.04318
0.932363
0.962265
0.922282
0.855423
1.06858
1.00708
1.00185
1.01468
0.95875
0.891294
0.872315
1.01975
0.852844
0.905712
0.919476
1.00803
0.908186
1.1176
1.10524
0.894407
1.06036
1.11682
0.943448
1.06552
1.09447
0.957724
0.849452
0.859803
1.16686
0.897797
1.18724
1.08167
0.955937
1.06563
1.10299
1.02484
0.944918
0.960617
1.10068
0.930741
1.10609
0.888377
1.07915
1.1014
1.29553
1.0701
1.05426
0.945088
0.961483
1.01166
0.975722
0.936333
1.18883
1.12594
0.935617
0.860255
0.88368
0.993738
1.00481
0.932525
0.973921
1.1009
1.04493
0.983251
0.990173
0.946428
1.147
0.938573
0.971442
0.876149
1.05224
0.95163
1.09133
0.977971
1.18166
0.921698
1.24768
0.948966
1.05617
0.979543
0.949345
0.932367
0.831544
1.08556
0.90311
0.97314
1.03868
1.03762
0.922854
1.08251
0.830982
0.807288
1.0005
0.825531
1.02412
0.938613
1.1422
0.994654
0.940458
1.15011
0.867386
1.10102
1.03811
1.15089
0.929279
0.970583
0.95249
1.00411
1.02862
1.02502
1.11207
0.982562
0.91274
1.04615
0.943688
1.04933
0.931815
0.885352
0.986161
1.11906
0.947308
0.88251
1.06349
1.00539
0.926501
0.98297
0.888051
0.912915
1.29962
1.01305
1.10466
1.13239
0.920502
1.01089
0.950668
0.961002
0.931754
1.07584
0.870087
0.984396
1.05268
0.969495
1.06967
1.11447
1.00939
1.02224
0.865966
1.0012
1.07422
0.981694
1.08009
0.957119
0.909515
1.1792
1.0403
0.877188
0.952299
0.825077
1.16042
0.840924
0.909294
0.965331
0.926538
0.952576
0.954673
1.00277
0.970435
1.00507
1.06262
0.95334
1.14771
0.881258
0.938708
0.974818
0.928316
1.02759
1.05636
1.16837
0.992761
1.04968
1.02796
1.00459
0.884493
1.03165
1.16354
1.08357
1.05228
1.15931
0.943595
1.24803
0.881984
1.015
1.06687
0.900358
1.04264
1.12165
1.01703
1.02569
0.929248
1.03431
1.0488
1.0252
1.04825
1.02517
1.02844
1.03268
0.945764
0.976386
1.06396
0.963617
1.11236
0.989181
0.972694
0.925791
1.04199
1.00836
0.929848
1.15636
0.900464
0.935895
0.981337
0.947772
1.30429
1.11183
0.952021
1.06195
0.906557
1.13694
1.09881
0.989993
0.95488
1.12606
1.15017
1.03503
1.052
1.04892
1.19832
1.06907
0.994424
0.915138
1.09239
1.01078
1.00066
0.985198
0.973809
0.924751
1.04328
0.824945
0.940089
0.838782
0.995836
0.952443
0.876331
0.915508
0.917235
0.956733
0.998981
0.940325
1.02733
0.956518
1.00651
0.87314
0.753653
1.00393
1.11916
0.990404
1.14935
1.32017
1.27634
1.00158
1.02971
0.944498
1.11553
1.0505
1.15156
0.995501
0.935523
1.10331
0.954674
1.17698
0.917423
1.07964
1.24996
1.14463
1.17241
0.920557
0.879953
1.11537
1.20126
1.02528
1.17664
0.959013
1.02936
0.868573
0.885244
1.01708
1.01121
0.939988
1.11447
0.914824
1.03722
1.01611
1.02372
1.06499
0.882524
0.996404
0.978675
0.947062
0.967729
1.02099
0.924693
0.861364
0.968187
0.873928
0.980869
0.96138
1.01107
1.07862
1.04322
0.986878
0.870841
0.906833
0.951854
0.811817
0.883684
0.943826
0.849164
1.13586
1.11203
1.00454
0.966739
1.04039
0.930924
0.916489
1.09501
0.882483
0.919561
0.871721
1.01976
0.890993
1.00281
1.0259
0.902529
1.0535
1.02847
1.12536
0.93555
1.0468
1.01111
0.932251
0.85681
1.07685
0.904706
0.990518
1.18089
0.691784
1.04499
1.09467
0.954867
0.880928
0.934502
1.02845
0.867942
0.967387
1.11061
1.07873
1.06981
0.938997
1.04234
0.945898
1.01752
0.956628
1.01928
1.0857
0.774223
0.88293
1.00263
0.968116
0.967481
0.977008
0.945181
0.913908
0.750467
1.1218
0.956526
1.08772
0.913094
1.02501
1.00649
1.02279
0.991706
0.939782
0.826216
0.935883
1.17634
0.843512
0.984736
1.1232
1.1329
0.915751
0.929256
0.907549
0.965895
0.924208
0.974023
1.02506
0.882591
1.03212
0.915832
0.945905
0.929976
0.848136
1.05775
0.928988
0.947012
1.05392
0.983722
1.09604
1.05819
0.934979
0.887324
0.916398
1.06661
1.00579
0.892728
1.16933
1.00212
1.02789
1.03284
1.14718
1.05775
0.983841
0.929116
0.943364
0.96152
1.19518
1.13817
1.13036
1.01206
0.911231
0.970049
1.00446
1.06676
0.95265
0.961094
1.00453
0.882104
1.03119
1.02614
1.04729
1.17667
0.843379
1.10118
1.06129
0.982568
0.765847
0.908643
1.03701
1.16695
0.896862
0.97768
0.871037
0.856029
1.09374
0.75487
0.925398
0.849257
0.95231
0.813557
0.854274
0.978028
0.906414
1.11889
0.936406
0.953643
1.05119
1.00501
1.12152
0.868967
0.808715
0.97906
1.08324
0.853781
0.990632
0.86176
0.880071
0.957002
1.08138
0.923846
0.965442
0.897826
1.16682
1.03162
0.90019
1.02985
0.851549
0.887026
0.986972
1.06771
1.01399
0.844692
0.958235
1.32928
1.25281
0.984607
1.10471
1.0815
1.13577
0.962501
0.992837
1.05241
1.05995
1.10458
0.955576
0.885686
0.964917
1.20495
1.15831
1.08775
1.01593
1.04136
1.11053
1.10271
0.819215
1.12366
0.915971
1.07607
0.811094
0.986717
0.791663
0.987915
0.967353
1.06064
0.97667
1.07799
1.06724
0.856406
0.872025
0.903841
0.995235
1.07211
1.09468
0.936221
1.06591
1.0635
0.912862
0.983933
1.11583
0.934685
0.934774
1.03436
1.03276
0.904359
1.0185
0.947259
0.924371
0.831229
1.10132
0.966292
1.08906
0.976549
0.81102
1.08362
1.13286
1.07564
0.973202
0.82226
0.961937
0.965896
0.856049
0.997426
0.869619
1.14866
0.834715
1.10389
1.06923
1.1774
1.06043
0.918972
1.14835
0.950726
1.03262
1.01282
0.947483
0.925617
0.996672
1.1033
0.931364
0.979628
1.26331
1.02909
1.04088
1.09593
1.14329
1.12962
0.895616
0.951931
1.06079
1.08274
0.857572
0.861824
1.07587
0.908693
0.835337
0.960187
0.862216
1.03148
1.14015
1.08552
0.988855
0.991145
1.15123
0.931687
1.01716
0.99702
1.01874
0.96123
0.989711
0.883476
0.964247
1.03313
1.0386
0.900254
0.936595
1.25092
0.953874
0.896668
1.03509
0.906185
0.903006
1.16239
1.10276
0.979886
0.939758
0.965163
0.972933
0.965025
0.866725
0.885749
1.15547
0.959794
1.0084
1.02175
0.955698
0.952588
0.990185
1.07325
0.977113
0.990956
0.902377
0.901409
1.06393
1.21603
1.02251
1.1444
0.890005
0.988533
1.03237
1.29316
0.92202
0.877589
0.985201
0.822787
1.14584
0.943021
1.03173
0.91587
1.03923
0.842138
1.06533
1.02565
0.936668
1.00009
1.14002
0.883568
0.847508
1.06576
0.867838
1.07373
0.900718
1.03173
1.16502
1.20453
1.03629
1.07233
1.10632
1.08997
1.01101
0.982068
0.784597
1.05655
0.869927
0.89919
0.832451
0.983937
1.00193
0.954232
0.936111
1.13393
0.96908
1.00305
1.13048
1.08654
0.878284
1.09237
0.992468
0.90778
0.775537
1.12828
0.820923
1.04119
1.03452
1.13285
1.109
1.0049
1.04084
1.04281
0.914705
1.00892
1.06443
0.992413
1.01545
0.926935
1.09649
0.94499
1.2465
1.07627
0.88679
0.933691
0.980639
0.884062
1.15901
1.06499
1.21612
1.18766
0.934245
1.20499
0.755953
0.944607
1.13198
1.09522
0.976979
1.03199
1.12979
1.13909
1.06652
0.999486
1.17731
1.18778
0.984305
1.05577
0.96413
0.913854
0.951639
0.909066
1.05771
0.94105
0.890893
1.08773
0.921818
0.938411
0.901099
0.928604
1.00062
0.959102
1.06343
0.978318
1.07552
0.886482
1.03463
1.07753
0.959929
0.982582
0.868025
1.07596
0.991748
0.976764
1.15108
0.849273
0.866603
0.99556
0.997058
1.11229
1.0163
1.01714
0.882675
0.945288
1.01187
1.03226
1.23732
0.965017
0.9093
1.15731
0.966471
0.859288
1.02642
0.980693
0.924362
1.0631
0.889737
0.936532
1.0617
1.04131
1.11115
0.88957
1.11897
0.824791
1.04906
1.02146
1.2154
0.960589
1.09514
1.06245
1.12749
1.27307
1.10872
1.10032
0.925075
0.91464
0.933102
1.13809
0.868179
1.00763
1.07863
1.16043
0.965297
0.971942
1.09665
0.878425
1.0874
1.07304
1.08068
0.968772
0.903711
1.09005
0.925387
0.858948
0.996233
0.908795
0.807605
1.22616
1.05801
1.05171
0.968641
0.923161
1.08488
0.956666
0.947773
1.10121
1.01921
0.872928
1.13156
1.10109
0.944283
0.960524
0.769693
0.928271
0.881257
1.15288
1.08526
1.11202
1.00133
0.839977
1.02919
0.951669
0.98165
1.03038
0.954079
0.852667
0.839231
1.01546
0.970667
0.998529
0.9484
1.05223
1.07668
1.1493
0.969491
1.27706
1.09902
1.01209
1.18907
0.979246
0.958758
0.868632
0.98214
1.03637
1.05541
0.979585
0.971894
1.00296
1.04694
1.02409
1.04495
0.803935
0.882129
1.08321
1.1044
1.13682
0.797138
0.966018
0.900232
1.08463
1.06313
1.10336
1.08456
0.986881
0.96638
1.05168
1.01358
0.757071
1.0119
1.01136
0.948619
0.904689
1.09953
0.659309
1.04486
0.984224
1.0205
0.781848
0.94181
1.16109
0.940439
1.14333
1.08302
0.992549
1.05272
0.977873
1.06932
0.753458
0.89331
1.0972
1.07091
0.864973
1.0953
0.909976
0.933759
0.93538
1.1082
1.20982
0.949687
0.94544
1.14744
0.953954
1.13447
0.924684
0.95396
0.923264
0.980104
1.1351
1.0118
0.883068
0.91062
1.06198
0.978129
0.8001
0.983514
0.931544
0.891945
1.00092
0.984253
1.13362
0.963612
1.22082
1.18412
1.0407
1.00324
0.912767
1.01642
0.844057
1.17417
1.14608
1.10915
0.949846
0.88245
1.18912
1.0558
1.10517
1.03171
1.13216
0.968666
0.892279
0.91789
0.931204
0.971551
1.1324
0.881085
0.997012
0.866317
1.08295
0.844718
1.01593
0.980858
1.02383
1.11723
1.0684
0.9201
0.930489
0.963919
0.955984
0.890485
1.05958
0.845772
0.895227
1.10804
1.03815
0.932205
0.960111
0.974811
1.08452
1.0574
1.10741
0.945382
1.04374
0.98193
1.07138
0.859571
1.12825
0.998844
1.11883
1.05837
0.927144
0.973809
0.914142
1.12483
1.05204
0.979265
1.16103
1.03971
0.933087
1.00322
1.00707
0.999545
0.979557
1.0289
0.959575
1.12174
1.21118
0.966038
1.04332
1.05544
1.10215
1.13306
0.96566
0.938719
1.15268
0.948338
0.934733
0.88992
1.02477
1.05999
0.843855
0.999999
1.11009
1.02773
1.09366
0.902879
1.0823
0.939207
1.03719
1.15642
0.999819
0.955425
1.12251
1.08754
1.00737
0.932006
1.01404
1.00576
0.810409
0.998617
0.875724
1.12897
0.91611
1.00537
1.08116
0.933485
1.02628
1.27048
0.851854
0.828021
0.890992
0.809994
0.902377
0.954523
0.947874
1.01981
0.938609
0.966751
1.19504
0.99924
1.14852
1.10161
1.06798
0.888745
1.06174
1.13277
1.05473
1.06637
0.956119
1.04117
1.00025
0.893881
1.18124
0.905879
0.792844
0.993249
0.927478
0.972828
1.01405
0.981904
0.902338
0.849301
0.923246
0.92937
1.00993
1.03521
1.11361
1.29797
0.993976
1.04275
0.807939
1.05223
0.947164
0.887374
0.761247
1.11968
1.02604
1.08012
0.954357
0.927797
1.03051
1.04662
1.06234
1.08864
0.886705
1.14683
0.997899
0.979451
1.08342
0.902878
1.03239
1.1346
0.919628
1.05081
1.13266
1.00765
0.993311
1.00965
0.890678
1.04489
1.04438
1.05423
0.927188
1.09911
1.01887
0.805779
0.78546
1.03551
0.968394
1.07513
1.04835
0.991555
1.09124
1.03855
1.03296
1.05071
0.972338
0.91672
1.14783
0.975924
0.80533
0.994162
0.899231
1.09303
0.988236
1.12478
0.923918
1.12148
0.950226
0.97064
1.04609
1.04331
0.962707
1.12553
0.941481
1.02637
0.931623
1.00952
1.0313
0.936562
0.980884
1.08012
0.880725
0.937484
1.09782
0.919455
1.04608
1.15277
0.972407
0.974093
1.13367
0.837121
1.09407
1.17093
1.0562
1.05078
0.850071
0.846838
0.839312
1.17883
1.18349
1.18656
1.07245
1.04405
1.0036
0.953665
1.04083
0.963312
1.08657
1.01941
0.834977
1.09274
1.10422
1.21836
1.07508
1.06846
0.945269
1.02457
1.11696
0.973435
1.15633
0.957149
1.18906
1.00935
0.928918
1.09163
1.05963
1.21785
0.978754
1.13077
0.984146
0.939873
1.00835
1.03906
1.04674
1.00005
1.0913
0.967507
1.03938
1.03612
0.975963
0.963626
0.804006
0.758943
0.949839
0.876522
0.925456
0.963646
0.873073
0.778147
1.02439
0.910784
0.817027
0.869762
1.03611
1.03921
1.06951
0.910143
0.964645
1.13454
0.859705
0.942302
0.980872
0.938208
1.09587
0.992973
0.939176
1.0278
0.845388
1.13505
0.939639
0.880932
0.885206
1.21304
0.922399
0.941442
1.05703
0.979377
0.950149
1.11795
0.970567
1.31244
0.945445
1.11374
0.916977
1.15831
1.07131
1.07043
0.932678
1.18114
1.01072
0.973132
0.91307
0.98538
0.900921
1.0911
0.695309
1.03554
0.909864
1.15526
0.85967
1.2832
0.954421
0.957777
1.03818
0.94379
1.13364
1.11871
1.05142
0.945823
0.910987
0.995705
1.12836
0.823375
1.02011
0.881762
0.981597
0.987571
0.777993
1.10865
0.845528
0.943843
0.992117
1.23928
0.896669
0.960649
1.18236
0.965127
0.866905
1.03137
1.04207
1.10259
0.994848
1.05509
1.04813
0.838041
0.93926
0.950824
0.999633
1.04241
0.886776
0.816186
0.880029
1.08986
0.862062
0.822797
1.23638
1.0428
1.03711
0.79791
1.07556
0.938642
1.05853
1.03163
1.12086
0.949398
1.04147
1.01337
1.07039
1.0015
1.02078
0.969226
0.979041
1.20494
1.05786
1.12542
0.934965
0.870167
1.01837
0.910969
0.889604
0.857446
0.887371
0.898701
1.13579
1.12957
0.981507
1.08696
1.0726
0.967046
1.09765
1.14041
0.934549
0.920708
0.937684
1.06254
0.878459
1.09525
0.930397
0.874555
0.98349
1.01661
1.22082
0.970046
0.990207
0.971796
0.938073
1.02363
1.07264
1.01675
1.03935
0.961151
1.10973
1.07801
1.12568
1.00608
0.98989
1.04593
0.992869
0.99129
1.28837
1.02645
0.998519
0.972412
1.15687
1.03628
1.04758
1.08119
0.907404
1.0658
0.934318
0.793379
1.10885
0.943612
0.877197
0.997648
0.96442
1.25938
0.914541
1.05906
1.03426
1.00361
0.934466
1.01075
1.08872
1.18984
0.872
1.09512
0.766505
1.04246
0.791412
0.867952
1.10805
1.08884
1.03894
0.904785
0.970794
0.933723
0.861094
1.10448
1.157
0.996971
1.07539
1.07092
0.951905
1.16097
0.952733
1.01182
1.04798
1.08431
0.863733
0.973706
1.06034
0.973939
1.03197
0.980926
1.00321
0.919465
0.950395
0.925886
1.02257
0.97056
0.940034
0.834614
1.06042
1.17265
0.856535
0.860292
1.07813
1.0773
1.18187
0.983058
0.903861
0.98373
0.960493
1.05202
1.1018
0.944429
1.01929
0.946281
0.981265
1.22481
0.833276
0.816121
0.9679
1.20113
1.04141
1.07004
1.01206
0.906475
0.877872
1.07096
1.08434
1.10711
1.00245
1.14609
0.837948
0.989126
1.05811
0.911891
0.936497
0.927369
0.880251
0.971665
0.925048
0.892353
1.01268
0.868141
1.21
0.931965
0.918186
0.96206
0.926485
1.16819
1.11892
1.08485
1.04908
0.931012
1.13232
0.863002
1.06217
1.06367
1.02981
1.16481
0.915855
0.783461
0.974294
1.02441
0.867981
1.0412
0.839327
0.99645
0.991648
1.01491
0.862869
1.00061
0.858535
1.08018
1.03438
1.32382
0.932613
0.991148
0.916159
0.951692
1.05187
0.907839
1.04091
1.09274
0.948721
0.84984
1.14368
0.89963
1.00589
0.788667
0.873018
1.07599
1.12596
0.96134
0.984249
1.10935
1.09063
0.917086
1.02951
0.969281
0.927048
0.866195
0.79133
0.944016
1.03136
0.911514
1.11374
0.893161
0.996249
1.12191
0.962379
1.13479
0.935589
1.03686
0.95668
1.15888
0.910588
0.938918
0.987625
0.92465
0.897518
0.947858
0.79038
0.91162
1.04824
0.823235
0.972137
0.812459
1.00995
0.86388
1.03537
1.21585
1.04654
0.904836
1.12354
0.967985
1.20974
0.904477
1.044
1.02522
0.89548
1.03255
0.90453
1.06427
1.08831
0.923029
0.968575
1.06016
1.03946
0.950168
0.88137
0.993965
1.03438
1.14833
0.875869
1.09826
1.0148
1.06583
0.863462
0.888349
0.958942
1.05689
1.1625
1.04978
0.989264
0.961187
0.926368
0.87717
1.19001
1.11949
0.911944
1.01393
1.06793
0.9296
1.06678
0.984873
1.01661
0.942914
0.952156
0.998036
0.860454
1.07355
1.18125
0.962992
0.980775
0.864281
1.11313
0.98141
0.819953
0.993674
1.22896
0.975551
0.979344
1.08198
1.01173
1.03717
1.05888
0.939889
1.05597
0.927425
0.850659
1.06982
1.0175
0.885232
1.00279
0.975353
1.08873
1.01425
0.776348
0.859707
1.18315
1.03666
1.0143
0.928572
1.30056
0.95119
1.03872
0.991238
1.11641
0.95272
0.781406
1.16585
1.09351
1.03916
0.922613
0.903029
0.933245
0.960174
0.972849
0.83078
0.918262
0.804919
0.932888
0.962827
0.857343
0.972853
1.03504
0.996191
0.947527
0.878802
0.741755
0.908969
1.02599
1.06804
1.04572
0.990029
0.945349
1.14121
1.0329
1.03205
0.81733
1.11939
1.09825
0.883981
0.83612
1.21265
1.02715
0.997522
1.15203
0.837102
0.973532
0.890516
0.820937
1.08382
0.967581
0.874127
1.01876
1.15696
0.878899
0.872214
1.13093
1.03114
1.03923
0.981874
1.02641
0.901296
1.04595
0.96404
1.28847
1.03657
1.02427
0.818268
0.991517
0.956912
1.23681
0.76858
1.10219
0.923971
1.14631
1.07337
0.909928
1.3024
1.12758
1.18909
0.876339
0.803286
1.02201
1.15154
1.07524
0.935319
1.01365
1.01672
1.06998
0.961706
1.1648
1.12269
0.988306
0.986112
1.02141
0.933729
1.12081
0.950469
0.78484
0.992205
1.01723
0.9916
1.09439
1.01448
1.01865
0.903256
1.15701
0.856915
0.937182
1.05663
0.940565
1.02128
1.07921
1.11861
1.10885
1.14385
0.965624
1.10066
0.948304
1.02452
0.971456
0.956391
1.09064
1.09493
1.0039
0.97953
1.08653
1.00864
0.980166
0.937157
0.938455
0.959928
0.962251
1.06887
0.896748
0.984476
1.01682
0.986184
1.01707
1.14481
1.1572
1.10184
0.958936
0.995316
1.13538
0.908661
1.23886
1.04029
0.954507
1.01571
1.2706
1.02198
0.919895
1.15112
0.997114
0.998814
1.16866
0.892199
0.913078
0.917674
1.01189
0.897242
0.998677
1.14232
1.1348
0.831907
1.12052
0.933671
0.973671
0.897881
1.11459
1.15637
1.04845
0.952813
0.934001
1.0199
1.08502
0.872993
0.92622
0.913097
0.993588
1.17845
0.803802
0.991431
0.923442
0.964393
1.03564
1.07271
1.0592
0.963999
0.992556
0.956147
0.97763
1.02196
0.915525
0.955309
0.956414
0.979651
1.07175
1.00714
0.794063
1.03422
1.00733
0.994453
0.983625
1.04677
1.03814
1.00764
0.90351
1.10572
0.974659
1.00102
1.05666
0.973438
0.907334
1.01752
1.15456
0.940612
1.0689
0.995588
1.09531
1.00712
1.07711
0.957663
1.03218
0.951844
0.985958
0.877552
0.995008
0.88289
1.08978
0.814721
0.86944
0.886394
0.971774
1.20115
1.04246
1.10998
0.898416
0.889922
0.839484
0.929823
1.04372
1.15092
0.963684
1.12273
0.974822
1.0635
1.10645
1.05387
1.2857
1.0261
0.986914
0.876767
1.00173
1.08863
1.11325
0.854389
0.991116
0.93339
1.09384
0.976743
0.811715
0.929051
1.04457
0.930666
1.16781
0.885453
0.956754
1.03134
1.04004
0.961836
1.16223
0.988008
1.06233
1.06085
1.01821
1.00293
0.950312
0.995833
0.91003
1.09725
1.02297
1.07985
0.89514
0.979997
1.28343
1.03656
0.877357
0.923004
1.02627
0.859724
0.888752
0.975794
1.07151
0.949383
1.1236
1.08545
0.985001
1.13897
0.82033
1.02939
1.08465
0.917784
0.893165
1.165
0.973602
0.974302
0.877456
0.956818
0.999256
0.962032
1.05575
1.01036
0.979487
1.03567
1.15156
0.845467
1.00068
0.986786
0.944863
0.768662
1.13106
1.05394
0.945428
1.08439
0.922033
0.932864
1.09571
0.995321
0.88459
0.950665
0.877708
1.0332
1.05119
1.03644
0.947899
0.919492
1.06204
1.13876
0.973951
1.02356
0.849742
1.0399
0.974546
0.910847
1.20428
0.945534
0.978722
1.04442
1.11261
1.23551
0.81858
1.00525
0.954742
1.10416
1.11243
1.05708
0.916618
0.984738
1.12729
1.15449
0.973094
1.06416
1.05465
0.948805
1.15689
0.969382
0.920794
0.929603
1.28989
1.1974
0.969053
1.17886
1.05845
1.21197
0.986678
1.09415
0.886697
1.1605
1.19445
1.04355
1.07078
1.06046
1.08455
1.04961
1.01929
1.03968
0.868113
0.954532
1.17766
0.978705
0.912513
0.987889
0.865334
0.801331
1.00637
0.914679
1.03121
0.935612
0.857904
0.876349
0.991676
1.03591
1.01458
0.997428
1.02868
0.989468
1.12048
1.01685
1.08756
1.11829
1.00365
1.1418
1.02923
1.08631
1.05051
1.09679
0.93212
1.26249
1.0834
1.01993
1.13407
0.838109
1.10458
1.07123
0.949308
1.06796
1.03169
1.11493
1.04208
0.897998
0.969613
1.03515
0.920741
0.99962
0.902686
0.850482
0.853156
0.890013
1.02081
1.13804
1.08211
1.14902
0.942067
0.810569
1.1288
0.920663
1.09609
1.06221
1.04389
1.02718
1.06968
0.749265
0.908569
0.973121
1.03475
1.10106
1.03387
1.00765
1.09119
1.07785
1.07372
1.00355
0.877344
0.95394
0.894975
0.923466
0.894521
1.04736
1.03226
1.27315
1.03758
0.916379
1.0371
1.03095
1.03073
0.961437
0.938315
1.01464
1.01524
0.879703
1.21632
1.12095
1.04349
0.962237
1.05384
0.981021
0.928973
1.00792
0.935762
1.03607
1.02577
1.21135
1.06883
1.09906
0.852147
0.9703
0.860068
1.08622
1.0829
1.01384
0.909513
0.797028
1.27063
0.875209
1.01399
1.14223
0.929001
1.17827
1.05798
1.09612
1.02206
1.30332
1.13
1.12383
0.991435
1.15816
1.06664
1.0965
0.987042
1.13069
0.986294
0.910999
1.0847
0.875928
1.09302
1.05256
1.00154
1.13891
0.920178
0.947901
0.963346
1.03719
1.13289
0.969442
0.995951
1.2361
1.23116
0.958171
0.925573
0.939899
1.06828
1.06136
0.971392
1.18972
1.24102
1.21798
1.10835
1.17861
1.08267
0.914026
1.02101
0.993987
0.96001
0.843112
1.11157
0.938183
0.898437
1.1012
1.14154
0.975673
0.856899
0.885105
0.868167
1.12592
0.976678
0.933511
1.15734
0.828494
0.933117
0.919292
0.974339
1.07813
1.05731
1.10918
0.928785
1.07212
0.974099
0.885187
1.12321
1.0079
0.998688
1.08637
0.73506
1.10086
1.03528
0.909422
1.00342
1.09006
1.02336
1.05562
0.889573
1.07901
0.990252
0.857074
0.992036
1.05768
0.936007
1.00048
1.09579
1.09545
1.0366
0.878255
1.22086
1.03072
1.06638
0.788766
1.02127
0.879278
0.961246
0.911748
0.867761
1.0696
0.929218
1.06554
0.916601
1.07299
1.09146
1.14043
1.05965
0.898973
0.905659
0.981806
1.27586
0.989319
0.844223
0.885372
1.10009
0.847531
0.966784
0.884627
0.979954
1.1187
0.916605
0.903337
1.0307
1.00104
0.977686
0.84568
1.05219
0.929766
0.912192
0.838876
0.97978
1.16873
1.03474
0.902065
1.03033
0.941461
0.893325
1.07381
1.15721
1.20574
1.12573
0.957346
1.03155
0.874617
1.09582
1.13737
0.961724
0.894374
0.965177
1.12578
1.01428
0.961657
0.998264
1.08801
1.01154
0.992741
1.12572
0.954812
1.00469
1.028
0.84137
1.06903
1.15316
0.939157
0.949666
1.20925
1.09831
0.999596
1.11507
1.07013
0.941248
0.935012
1.07125
1.04443
1.19022
0.898065
0.905946
1.09337
1.02117
0.848157
0.838986
0.936088
0.969673
1.03286
1.03402
1.06992
1.02063
1.16554
1.05177
1.07109
1.00928
0.814366
0.977464
0.876715
0.829011
0.933223
1.10436
0.995449
0.927115
0.964769
0.915018
1.10899
1.07589
0.888906
1.03235
0.914555
1.1769
1.13612
1.04939
1.02533
1.0774
1.1998
0.846242
1.15886
1.08734
0.859686
1.10836
0.938786
0.947524
1.08776
1.0611
0.785418
0.960331
1.00839
0.869257
0.967368
1.06382
1.00197
1.16565
1.00081
1.03193
0.984012
1.18145
1.02625
1.06611
0.945385
1.08944
1.00679
0.893356
1.10807
0.949527
0.98165
0.80701
0.826526
0.924404
0.916786
1.03134
0.972178
1.01391
1.00834
0.85852
0.969713
0.973433
0.818904
0.980233
1.20359
0.983754
0.929694
0.851703
0.902703
1.14802
0.847883
0.925963
1.04797
1.00085
1.1233
1.11021
0.993647
1.02787
1.03839
1.00811
0.927796
0.873746
1.02207
0.802278
0.944506
1.00199
1.21402
1.02751
0.869832
0.881637
1.08612
1.16611
1.07316
1.07922
0.979871
0.974952
0.842068
1.17155
0.818891
1.20734
1.05939
1.03831
0.876397
0.856591
1.07955
1.01934
0.934959
0.948208
0.89332
0.98581
0.940376
0.856028
1.03164
1.00125
1.07722
0.972654
0.849497
1.08798
0.915322
0.905675
0.79696
0.859829
1.23402
0.902563
0.990921
1.10464
1.0311
1.16912
0.980058
1.04652
0.906388
1.33146
0.906989
1.06659
1.12341
1.18553
1.13147
0.946086
0.988653
0.966459
1.23128
0.869386
0.937953
1.09384
1.06898
0.90799
1.14365
0.947995
1.05518
1.15606
1.16605
1.17147
0.957067
1.21729
0.95262
0.906293
0.964334
0.800815
0.931716
0.999798
1.06032
1.13595
1.03031
0.907103
0.906847
0.870793
1.02983
0.999715
0.952541
0.985005
1.11298
1.02107
0.964033
0.86887
0.938127
0.884285
0.935263
0.96934
0.781428
1.01348
0.854396
1.00298
0.947651
1.10297
1.08037
1.01194
1.13575
1.00644
1.11518
0.925121
0.952767
1.08204
0.928109
0.8755
0.934596
1.14359
1.21305
1.08137
1.02647
1.0401
0.891757
0.878259
0.838535
0.901657
1.06145
1.1001
0.895887
0.886338
1.00903
0.980109
0.880821
0.79119
0.951072
0.813037
0.986782
0.950017
0.943037
1.15801
1.13547
0.856547
1.03471
0.959129
1.05458
0.956311
0.918981
0.892078
0.969037
1.29222
1.14523
0.97968
0.891408
0.935961
0.919743
1.04626
0.935329
0.980203
0.943649
1.10025
1.01056
0.958692
1.13371
0.679685
0.844522
1.04844
1.22876
1.04582
0.884106
1.0246
1.07107
0.978919
0.954812
0.922774
1.18499
1.08057
1.00798
0.97421
1.12922
0.858521
0.996283
0.799262
1.0788
1.13188
0.955436
0.774971
0.931509
0.99906
1.03926
1.01148
0.868303
1.01693
0.976441
1.12273
0.988477
1.10322
0.748465
0.877184
0.921694
1.07533
1.00244
1.00237
0.855043
1.00829
1.01683
0.950016
1.04089
1.0605
0.919981
1.14984
1.11839
1.02431
1.03955
0.976115
0.805234
1.14937
1.04893
1.02375
0.999577
1.01055
0.956407
0.801444
0.98743
1.07101
1.13223
1.10919
0.970415
1.11254
1.15838
1.11382
0.89024
1.00361
0.857838
1.2065
1.00656
1.03602
0.970961
1.02861
1.02642
1.12979
0.951131
0.989759
1.02854
1.03226
1.14676
1.15323
1.13452
0.999484
1.07107
1.01119
1.05638
1.00779
0.8816
1.12256
1.05494
0.88017
0.99309
0.958752
1.23251
0.967451
0.966626
0.97986
0.85609
1.03707
0.821144
1.0447
0.888159
1.06236
0.977438
1.22957
0.974872
1.23836
1.14943
1.07685
0.866991
0.787755
0.983912
0.98058
1.04894
0.989267
1.08633
0.935305
1.02484
0.909317
1.08769
1.07607
0.782522
0.991353
1.09703
0.926928
0.867699
0.939463
0.947219
0.92708
1.06546
1.02164
1.02019
1.1145
1.09363
0.995939
1.13038
0.993676
1.04878
1.07554
0.96487
1.07691
0.907379
1.05602
0.760951
1.07051
0.87944
0.914992
1.02503
1.02005
0.96422
0.868393
1.06582
0.891056
1.23192
1.0392
0.976826
1.08003
1.18219
1.01806
1.14722
1.03101
0.98937
1.10986
1.07343
1.14858
0.958025
0.832823
1.12988
1.13802
0.981579
0.981428
1.1141
0.958545
0.955616
0.974576
0.913757
1.29809
1.01724
1.01419
1.05366
0.942602
0.92768
0.943406
1.0729
0.787574
1.10721
1.05883
0.919927
0.966583
0.949339
1.08074
1.01764
0.891762
0.965255
1.11712
0.904559
1.07153
1.02303
1.03793
0.902895
1.09098
0.973052
0.907775
0.978589
0.975795
1.01513
1.04689
0.917237
0.993699
0.97579
0.938224
1.01284
1.08916
0.934475
0.941685
1.05156
0.893744
0.900358
1.01818
0.815523
1.0995
0.929169
0.894019
0.979085
0.796567
1.04422
1.15992
0.925314
0.97016
0.941879
0.934646
0.963784
0.901815
0.978194
0.972629
0.830186
1.06657
1.03972
1.03904
0.948912
1.03255
0.988859
1.08569
1.04179
0.886627
1.03722
0.968311
0.93408
0.997123
0.90231
0.888833
0.959334
1.13651
1.00478
0.957295
0.873401
0.901235
0.866062
0.924759
1.10565
0.920387
1.07588
0.940823
1.06296
0.965739
0.972794
0.93468
1.04942
0.873647
1.15649
0.900275
1.05673
1.01922
1.12725
0.910318
1.04196
0.871383
0.889312
1.08223
0.853192
1.04251
1.03655
1.11041
1.07958
0.999136
1.00831
0.941446
1.07216
0.970446
0.88848
0.90941
0.879711
0.995593
0.994793
0.878305
1.21487
1.02268
0.923765
1.05343
1.05003
0.998283
0.924923
1.12513
1.08138
0.929391
0.986631
0.834899
0.84511
1.02941
0.87387
0.979506
0.936177
1.10376
0.891
1.01602
1.13202
1.18971
1.05937
0.977172
1.08392
1.10002
1.10062
0.929258
1.02891
0.956887
0.934728
0.922906
1.06782
0.896635
0.959833
0.82214
0.920046
1.09172
0.83624
0.856199
1.00044
1.03411
1.06975
0.869723
0.905746
0.871176
1.00573
1.19156
0.800775
0.953015
1.03009
1.01958
0.976636
0.995096
0.830668
1.20469
1.06475
1.04687
0.978871
0.904916
0.902504
1.02995
0.978372
1.12919
1.12816
0.96915
1.11165
1.0367
0.927964
0.910097
0.890859
1.02082
0.828267
1.01209
1.00586
1.05716
0.92357
0.953663
0.981181
1.16012
0.854381
0.9888
0.860327
1.16347
0.895314
0.83123
1.03507
0.879174
1.02455
1.00706
0.956655
1.07552
1.01621
0.945411
1.17095
0.908641
0.992992
0.924199
1.02701
1.05717
1.0663
0.957337
1.03437
1.0841
0.953521
0.813327
0.868335
1.02146
0.871573
1.01528
0.947653
1.1455
1.07121
0.990747
0.979994
1.10149
1.06622
0.990426
1.12334
1.04119
1.05536
1.11913
1.09473
0.94613
0.931978
1.01117
1.05858
1.02811
1.17339
1.10451
0.983079
1.10174
0.984677
1.08739
0.932284
1.05739
1.01653
0.909844
1.1057
0.851214
0.99407
0.91542
0.992039
0.902913
1.15186
1.07904
0.940201
1.24665
0.988872
0.949016
0.954101
1.12191
1.04714
1.03924
0.956977
0.928844
0.942042
1.09008
0.976609
1.00139
1.04037
0.915095
1.02771
1.07035
0.971067
0.931286
1.09447
0.945572
0.899265
1.0672
1.01532
0.853959
1.00411
1.09905
1.03377
0.907106
0.982184
1.085
1.06602
1.10488
1.07086
0.863534
1.03409
1.14452
1.06894
0.980218
1.0782
1.08764
0.991527
0.900243
1.19746
1.10793
0.901892
0.852532
1.20742
1.07068
1.03199
0.928534
0.983113
0.785339
1.02776
0.967045
1.1106
0.917941
0.869892
0.996354
1.03387
1.02081
1.06606
1.01569
0.976834
0.970935
1.05705
1.1186
0.823174
1.06197
0.815578
1.22414
1.03527
1.01935
0.925106
1.06781
1.078
1.17309
0.975404
1.06671
0.933281
1.11758
0.940862
0.999452
0.93107
1.04797
1.01046
0.953449
1.15281
0.968284
1.01406
1.04661
1.05884
1.15007
1.03397
1.03691
0.797155
0.953704
0.962202
1.05023
1.0543
0.922126
0.83945
0.914593
1.04341
1.1602
1.01382
1.02021
0.749521
1.24231
0.95112
1.07077
0.866809
1.04694
1.13822
0.933051
1.19604
1.11471
0.919756
0.90476
0.924225
1.01608
0.960942
1.04479
1.12316
0.982237
0.927271
1.1933
1.09384
1.07898
0.961599
1.02354
0.930948
1.00632
0.809038
1.03185
1.20423
1.07849
0.931351
0.95118
0.940817
0.859272
1.04977
1.09971
1.03537
0.85825
0.970057
0.959927
0.910042
1.22317
1.07753
0.935451
0.904494
1.19966
1.18046
0.967643
0.929618
1.00922
0.838031
1.02199
0.991965
1.14042
1.22502
0.988526
0.879933
0.979782
0.996142
0.864367
0.935154
0.805447
1.17795
0.931046
0.88598
0.997503
1.06011
0.869703
0.886515
1.0293
0.881459
1.00778
0.895002
0.904728
0.861607
0.949902
1.09703
0.891402
0.925459
1.05572
1.28699
1.07215
1.13597
1.01828
1.32309
0.810525
0.947756
1.06114
0.958142
0.939366
0.933273
0.845578
1.03664
0.799965
0.997326
1.00039
1.15884
1.22223
0.966543
0.832582
1.00527
1.04973
1.04005
1.03989
0.92052
1.09951
0.897858
0.915204
1.06157
0.944321
1.01875
0.833849
0.998161
1.08325
0.867768
0.986429
1.19397
0.909624
1.05038
1.03025
1.04962
0.99472
0.962289
0.988939
0.758706
1.03457
1.00546
1.16343
1.15838
0.929011
1.00946
1.11066
1.17241
0.88895
0.824732
1.16783
1.05626
1.07189
0.915672
1.04617
1.0254
0.745754
1.17415
0.896477
0.973577
1.01154
0.983237
0.968388
0.793483
0.937419
0.916037
1.01476
1.04164
0.949004
1.06916
1.00579
0.7844
0.853066
1.04502
0.95618
1.1311
0.918516
1.12919
1.05391
1.04409
1.03361
1.18358
0.970769
0.993203
0.968642
0.959562
1.04494
0.839834
1.26927
0.912617
0.882182
1.05375
1.13861
0.847003
0.84428
1.0996
0.923164
0.845108
1.06454
1.02943
0.890497
1.12561
1.03202
0.868113
0.997198
1.00286
1.03433
1.00863
1.06506
1.19122
1.14566
0.907966
1.00173
0.96567
1.02427
1.04073
0.989506
1.16369
0.884461
0.899854
1.0688
0.832458
0.973079
0.85952
1.18291
1.30006
1.06308
1.00511
1.0599
0.97834
1.10329
1.01428
1.10086
0.961322
1.01226
1.13628
1.15072
0.944233
0.976527
1.00445
0.981472
1.01753
1.03673
1.01339
1.02738
1.09885
1.07283
0.965148
0.911027
0.972028
0.956664
0.998028
0.998364
0.881805
1.18591
0.998625
1.02258
1.2661
1.19718
1.20863
1.07988
1.0246
0.997951
0.987565
0.844915
1.03425
1.02206
1.09976
1.14003
0.992846
1.00515
1.03645
0.923205
1.04679
1.10688
1.19568
1.19042
0.933907
0.932549
1.07151
0.915508
1.02172
0.954353
0.825837
0.958271
0.872121
1.03275
0.946272
1.1581
0.958089
1.06606
0.983464
0.818955
0.895804
0.872172
0.936755
1.15427
0.973366
1.07152
1.14204
0.908299
1.00303
1.20193
0.899135
0.901024
1.1364
1.11573
1.18622
0.956524
0.957475
0.922368
0.877159
0.939855
0.929385
1.19686
1.04598
0.99334
1.13802
0.97175
0.92792
0.893955
1.09351
0.979029
1.10902
0.940975
1.06004
0.91858
0.763054
1.02917
1.1057
0.941936
0.961886
1.04369
0.913027
0.937436
0.924705
1.01667
1.03395
0.832388
1.01838
0.990338
0.988036
0.915207
0.951955
0.889533
1.20379
1.01739
0.997173
1.17511
1.03201
1.12984
1.12398
1.03201
1.07175
1.01189
0.964066
0.858723
0.877113
0.905584
1.00998
1.01938
1.05115
1.01736
0.997961
1.0543
1.06823
0.964491
1.21629
0.890686
0.988448
0.946836
1.09798
0.991571
1.15131
0.910463
1.11125
0.919989
1.09065
0.988651
0.87687
1.13613
1.10541
0.994644
1.01776
0.792762
1.03156
1.18473
1.04556
0.93944
0.933502
0.974185
0.92724
1.07062
0.875005
0.853095
1.09186
0.966365
1.1779
1.06184
0.984098
1.00542
0.972986
0.927231
1.10757
0.952745
1.02042
0.962449
0.834375
0.933914
0.868002
1.05446
0.945744
1.06714
1.02633
0.98058
1.04591
0.984003
1.02545
1.23193
1.12429
1.23916
0.936818
1.10666
0.955716
0.988315
0.954677
1.3322
1.02227
1.03212
1.13972
0.994326
1.07796
0.967593
1.10056
1.02504
0.924282
1.01212
1.01268
1.00825
1.20657
1.04217
1.06933
1.16205
1.01429
1.06283
1.13267
0.954713
0.988433
1.1044
1.05063
1.05182
0.976815
1.02243
1.02425
1.05268
1.05815
1.07682
0.966439
0.871064
0.901621
1.1171
0.924622
1.07676
0.833476
1.00369
0.874968
0.956455
0.94522
1.15329
0.904095
0.957728
0.850832
0.883679
1.0083
0.862448
0.94341
1.05337
0.991839
1.11644
0.92969
0.999205
0.999429
0.863399
0.826225
1.00375
1.00741
0.983673
0.825682
0.959472
1.13829
0.93172
1.11235
0.937466
1.10959
0.980669
1.09631
0.967835
0.868954
0.91317
1.00218
0.735892
0.965556
0.809762
1.04661
0.964274
1.07254
0.993048
0.984413
0.986115
0.902917
0.994671
0.978986
0.913074
0.977651
0.972658
1.00879
1.01454
0.973177
0.935831
1.06432
0.789293
0.939495
1.07021
1.00716
1.03883
1.04152
0.889308
1.05309
1.06495
0.953627
0.974862
0.880015
1.2363
1.15074
1.14518
1.15863
1.01559
1.16492
1.14319
0.980457
0.843629
0.928641
0.93211
1.08257
1.07931
0.993762
1.00087
0.983021
0.816029
0.955363
1.10125
0.898026
1.04675
1.08212
1.07844
0.948493
0.915682
0.902621
0.861639
0.937091
1.12385
0.929918
0.906628
1.15656
0.928197
1.00045
1.10948
0.804261
0.849152
0.914537
1.08278
0.81579
1.02743
0.965587
0.867517
1.09782
1.07426
0.942936
0.966711
1.07822
0.914869
0.955463
0.965317
0.968451
1.10047
0.979203
0.877145
0.902682
1.04684
0.951431
0.920404
1.03293
0.890122
1.18467
0.985762
1.06553
1.01226
0.921759
0.898007
0.91887
0.984103
1.13668
0.943397
0.910322
0.957485
1.07228
1.07697
0.932484
1.00399
1.03125
1.17642
0.976418
0.917505
1.03667
1.07852
0.98744
0.929826
0.954482
1.04844
0.86522
0.934363
0.908757
0.938713
1.05987
1.00974
1.15827
1.16958
0.980213
0.884677
0.920969
1.19273
0.984333
1.05982
0.977065
0.908714
1.29446
1.44153
1.05691
0.979663
0.970837
1.01497
1.18488
0.973558
1.04694
1.00511
1.05838
1.05019
1.00552
1.15195
0.917647
1.00176
1.11392
1.0595
1.0413
1.13281
0.892261
0.892685
0.958351
0.814039
1.12475
0.933441
1.12475
0.910517
0.879252
0.933693
0.957877
0.985888
0.98395
0.999624
0.818046
1.11953
0.972919
0.909158
0.986359
0.817949
1.08752
0.89291
1.01872
1.06096
1.00188
0.936682
0.954912
1.08565
1.04224
1.0222
0.717753
1.06089
1.00371
0.958636
0.954885
1.25998
1.08229
0.986384
1.02355
0.966009
0.948426
0.959771
1.22632
0.940946
1.04984
0.877538
0.956423
0.97671
1.14052
0.878031
0.982301
0.835792
1.0141
0.980129
0.951767
1.14761
0.993934
0.935862
1.03517
1.03818
1.00701
1.05934
1.06305
1.02634
1.05828
1.07134
1.01244
0.991909
0.927166
1.09678
1.01164
0.922458
0.900515
0.947395
0.845585
1.04826
0.874521
0.921018
1.04694
0.805431
0.858518
0.95905
1.09393
0.979428
1.09159
0.969146
0.927738
1.07173
0.825266
1.26387
0.996002
0.92328
1.10417
0.866195
1.13526
1.10135
1.09044
0.883193
0.922461
0.986951
1.04624
0.960816
0.866243
0.874215
1.02885
0.88789
0.976465
1.06152
1.03048
0.840091
0.942628
0.792409
0.843566
0.976774
0.978206
1.00636
0.993773
1.00044
1.10568
0.958062
0.906222
1.0493
1.03768
1.00133
1.06268
1.05793
1.04972
0.938493
0.990129
0.996528
0.949689
0.942445
0.896445
1.16752
1.00391
0.830253
0.925376
1.08569
0.998422
1.03381
0.933477
0.956811
0.950608
1.00143
1.17451
0.910103
0.85958
0.998882
0.913704
1.16474
1.01009
1.01911
1.04485
0.999933
1.00257
1.06259
0.890344
0.85773
0.945864
1.08051
0.950503
1.03866
1.01003
0.942454
0.940208
0.882441
1.04272
1.02727
0.986889
0.991906
0.918924
1.07847
0.972784
0.940085
0.988709
0.901218
0.97372
0.833383
1.06155
0.988351
0.965794
1.00142
1.05131
0.939587
1.03589
1.00311
1.03552
1.03138
0.816014
0.885221
1.17938
0.783745
0.95475
0.888674
1.07833
0.964871
0.930141
0.980795
0.936221
1.11673
1.03113
0.978873
0.978709
0.922416
1.05581
1.01408
1.14925
1.01775
0.90974
1.04318
1.06226
1.03474
0.928349
0.869716
0.824109
1.17583
0.890299
1.11621
1.04922
1.02356
0.873087
0.982533
0.926295
1.03687
1.03417
0.979608
0.970649
0.870362
0.964631
0.912006
1.22777
0.846005
1.15787
1.22176
0.978235
1.05052
0.971369
1.07192
0.991165
0.882255
0.935855
0.762812
1.01052
0.790547
1.06827
1.01129
1.15388
0.818034
1.03406
1.0717
0.946296
1.14743
1.0651
1.05895
1.00741
1.03506
0.918708
1.12229
1.16157
0.864531
0.928144
0.951268
1.07906
1.00011
1.00884
1.0907
1.07349
1.0069
1.18917
1.00337
1.14962
1.04279
1.09066
1.14051
0.858205
1.02545
1.04349
0.939084
1.28468
1.00644
0.856704
0.841891
0.998822
1.19937
0.968177
1.00733
1.06092
0.992408
1.08201
1.06328
0.795202
0.931489
1.09686
1.01413
1.21708
1.03106
1.0822
0.984538
1.15891
1.0051
1.10004
0.852962
1.14798
1.1755
1.06932
1.02116
1.06067
1.159
1.07207
1.11766
0.996144
1.03162
1.25339
0.902518
1.07543
1.05983
0.949408
0.953712
1.1496
1.1485
0.87994
1.10779
1.07951
1.03496
0.990328
1.05099
0.966213
0.964851
0.928668
1.0484
1.02239
0.894811
1.07183
0.925325
0.883166
0.96918
1.05166
0.778031
0.852992
0.961907
0.893278
0.968018
1.00067
0.807782
0.874257
1.13847
1.15718
1.03297
1.18619
1.0638
0.997641
1.13018
0.94861
1.06923
0.888078
1.06171
0.919739
1.05491
0.930913
0.983073
0.964553
0.984335
0.993016
1.24231
0.924756
1.064
0.979581
0.892981
1.19903
1.04012
0.982742
1.07452
0.994306
0.905888
1.00779
0.858093
1.11216
0.999393
0.933126
0.962291
1.00822
1.09987
1.00816
0.797826
1.0291
1.1669
1.06995
0.847676
1.19223
1.12847
0.926768
0.995716
0.856182
1.11761
1.08804
0.97565
1.0843
0.980597
0.908841
0.850536
1.17637
0.879267
0.890782
0.988184
0.934051
0.937047
1.08458
0.789398
0.897659
0.970095
0.875293
0.882611
1.01026
0.950019
0.993213
1.08478
0.961627
1.07415
0.983643
1.00779
1.10275
0.95698
0.922626
0.864538
1.08067
1.07178
0.886619
1.08501
1.11601
1.20686
1.1611
0.846252
1.03084
0.952633
1.13556
0.926308
1.13898
1.11821
0.9738
1.01057
1.157
0.734854
0.949531
0.887708
1.17754
1.14051
1.01108
1.10829
1.0376
1.21991
1.03635
1.08635
1.0177
1.06764
0.844462
0.996526
0.956909
1.05001
1.09804
0.917008
0.965042
1.04345
1.02879
0.975463
1.16665
1.07207
1.01023
0.982243
1.03133
1.06395
1.16321
0.96557
1.08659
0.978033
1.03555
1.22908
1.13418
0.93262
1.0105
0.9454
0.861174
1.11709
0.944959
1.12976
1.06537
0.99672
1.0966
1.11556
1.17417
1.02021
0.791635
0.960483
1.0711
1.09172
1.00243
1.01834
0.880113
1.09773
0.901986
1.12101
0.942706
1.14102
1.13805
0.933869
0.88739
0.977966
0.822959
1.17637
1.12087
0.938509
0.834109
0.945157
0.976904
1.01594
1.08519
1.15497
0.955117
0.950978
1.09587
0.936132
1.21138
1.00992
0.986599
0.935853
0.863731
0.947686
1.0208
1.09703
1.07329
1.06877
1.03131
0.982602
0.888313
0.971383
0.913703
0.922944
0.948906
0.965659
1.04069
0.871747
0.920007
0.885337
1.2013
0.890108
1.00686
1.0403
0.901685
0.875901
0.886061
1.10191
0.939785
1.0684
1.16955
1.11313
0.894916
0.901031
0.98689
1.05591
0.926892
0.938381
0.958588
0.915093
0.989849
1.00832
0.98786
0.919256
1.01326
0.910014
0.959696
1.00985
1.05002
1.03504
1.07232
1.14258
0.999091
0.892107
0.982965
1.11519
1.1943
0.96349
1.02674
1.11628
0.999981
0.964933
0.836787
1.15501
1.03902
0.853239
1.08958
0.978912
1.01093
1.06578
1.1041
1.00835
0.868335
0.839255
0.997379
0.790973
0.93623
0.984976
1.0777
0.989196
0.999541
0.936658
0.961229
0.965388
0.90645
0.873139
0.960052
1.00763
0.809421
0.977031
0.986839
1.00333
1.11356
1.00241
0.936411
0.907327
1.08999
0.974393
0.953788
1.01881
0.912388
0.8918
1.0146
0.928371
1.03518
0.997872
1.16266
1.0135
1.00515
0.975015
0.867462
1.02772
1.07276
0.935585
1.00404
0.899951
1.08029
0.922727
0.951718
0.932469
1.02175
0.979475
1.05692
0.971992
0.925446
1.11608
0.971484
0.923414
1.04715
0.875823
1.10518
0.938202
0.981034
0.966492
1.02388
0.958163
0.987047
1.07871
0.87227
0.902535
1.13644
1.06473
1.02379
1.03463
0.964859
1.00676
0.996079
0.947002
0.964755
0.939586
1.09592
1.07546
1.1458
1.22072
1.08885
0.899211
0.926752
1.15791
0.987439
0.79796
0.978516
1.25199
0.898188
1.0289
0.951764
0.93728
1.13322
0.878558
0.983853
1.06217
1.05069
0.973017
0.888499
0.833388
0.871741
0.868066
0.797458
1.12892
0.848752
0.893732
1.01749
1.11238
0.999852
0.999413
1.06818
0.86192
1.1024
0.772609
0.918708
0.921142
1.06803
0.952217
1.11145
0.929452
0.844152
0.993779
1.00536
1.11162
0.804717
0.991964
0.951655
0.916207
0.971894
0.907158
1.00932
0.919215
1.07077
0.901291
1.02315
0.921746
1.05344
1.10337
1.12967
0.999911
0.973987
1.14988
0.992833
0.935749
0.905545
0.915176
0.981713
1.11462
1.11209
1.09483
1.07786
0.916387
0.90844
0.991387
0.914018
1.10269
0.946139
0.942456
0.946162
0.957774
1.12862
1.13525
1.06208
0.877017
1.12951
1.01493
1.17397
1.15933
0.998264
0.979367
0.857489
0.924835
0.892326
1.18114
1.15079
0.929154
0.90413
0.989656
1.02364
0.987728
0.919634
1.12689
1.05113
0.795764
1.01028
1.0846
0.859568
0.923848
0.865758
1.03739
0.961112
0.978838
0.982405
1.11199
1.14242
1.00671
0.903293
0.963274
1.00789
0.997167
0.900273
1.02299
1.02653
0.754427
0.976834
0.964972
0.868853
0.852869
1.21579
0.956239
1.00894
0.839582
1.02962
1.14369
1.02148
1.024
1.01358
0.986076
1.04437
0.923104
0.916343
1.06142
0.94612
0.953647
0.860003
0.887844
0.768405
1.04032
0.899189
0.927656
0.926553
1.05395
1.09177
1.21562
0.951297
1.10229
0.9715
0.943432
0.839397
0.980509
1.18208
1.05021
0.992889
0.787846
1.16783
1.15706
0.905527
0.959878
1.19676
0.904511
1.12832
0.997966
1.05858
0.794162
1.20227
0.933441
0.983914
1.0809
1.01241
0.929875
0.99123
0.916758
1.02396
0.995107
1.10217
0.990025
1.05688
0.919583
1.04856
1.01643
0.901376
0.927093
1.05422
1.01199
0.901212
0.934365
1.12893
0.941532
1.08799
0.926896
0.909434
0.830754
1.00085
0.884144
0.965455
0.879636
1.00176
1.0789
1.02604
1.12289
0.83847
0.942117
0.997021
0.829069
1.11555
0.97456
0.944576
1.17917
1.01243
1.21992
1.23091
0.912649
0.725275
0.960976
1.16029
0.862241
1.2301
0.894793
0.836574
1.07524
0.947353
0.971681
1.06843
0.91977
0.941358
0.930278
1.13824
0.990189
1.12609
1.01094
0.934515
1.06463
1.13463
0.955876
1.0989
0.932333
1.0291
1.02651
1.06252
0.854641
0.895329
0.965387
0.859657
1.13972
1.10852
1.11134
1.08137
0.899911
0.867649
1.02794
1.01947
0.969624
1.10078
1.14104
1.09762
1.01314
0.864367
1.05734
1.00434
1.04118
0.941853
0.964489
0.925292
1.10192
1.15287
1.00896
0.927784
1.11826
0.90039
0.910373
0.967082
1.07825
0.980523
0.961267
1.18535
0.794053
0.954327
0.920694
0.872444
0.931608
1.141
1.15531
1.2325
0.970439
1.00666
0.9889
1.0602
0.952249
0.980144
0.936194
1.00175
1.10618
1.00871
0.940345
1.18535
0.98669
1.22318
1.10847
0.953438
1.02236
0.99717
1.05063
0.955301
0.926712
1.08983
1.0744
0.964322
1.08201
0.863564
0.95962
0.910278
1.10033
0.964395
1.13087
1.04172
1.06142
1.1017
1.06595
1.00694
1.06997
1.04058
0.978627
1.01654
1.00677
1.0233
0.987873
1.08537
0.997863
1.04148
0.853383
0.889849
0.946077
0.911457
0.92168
1.03864
0.804202
0.970897
0.928352
1.23047
0.87386
0.701335
1.0847
1.09157
1.04195
0.957988
1.0214
0.984195
1.09521
0.871505
0.871984
0.9347
1.19958
0.876789
0.957105
0.940893
0.944296
1.05555
1.04932
1.05786
1.19174
1.05994
0.865071
0.919122
0.912018
0.965011
1.11716
0.954025
1.00565
1.02959
0.936082
1.00924
1.01422
1.02151
1.02781
1.0533
0.987525
1.04402
0.867592
1.05876
0.942682
0.881212
0.923001
0.901061
1.08147
1.01226
0.888661
0.86867
0.843978
1.02717
1.05662
0.930781
0.938486
1.09971
1.03966
1.08746
1.04505
1.0813
1.22586
0.986754
1.07676
1.03876
0.958236
1.06418
1.23157
0.943985
0.85
1.08688
0.944325
0.913221
0.888854
0.945096
0.766919
0.990518
1.05794
1.06779
0.881592
1.03134
0.975183
0.961296
0.944683
1.13758
1.00139
0.831315
0.944465
1.06448
0.916205
0.876744
0.99417
1.00338
0.999076
0.98195
1.09878
0.95925
1.02086
0.885059
1.10187
0.983319
0.824458
1.10161
1.02486
0.901502
0.954
1.06862
1.05224
0.893334
0.947
0.934415
0.959752
1.04061
1.00114
1.01867
0.863805
0.992092
0.996619
0.989907
1.13024
1.00677
1.07465
0.950668
1.15378
1.04504
0.926731
1.06185
0.934539
1.00748
1.16502
1.06445
1.05322
1.07523
1.20802
1.0594
0.933926
1.06279
0.996605
0.887499
1.14734
0.835647
1.00087
1.05782
1.07465
1.01381
1.10665
1.00519
1.04007
0.861985
1.06855
0.957883
1.04048
0.95555
0.990718
1.03161
0.691592
1.04029
0.984119
0.882938
0.897133
0.945781
0.928059
0.997219
1.05578
0.908413
0.853148
1.02258
0.885093
0.985876
0.932283
0.953174
1.02405
0.938874
0.87018
1.01225
1.06491
0.982347
1.02045
1.05995
1.0378
1.08854
1.10486
1.17945
0.9431
1.07035
1.1568
0.965163
1.31639
1.0771
1.07697
0.999107
1.08069
1.17416
0.892125
1.01861
1.04386
0.95555
0.930209
0.971769
0.981109
1.05406
1.06587
1.02892
0.957796
1.03209
0.933021
1.07988
0.89387
0.991401
1.00253
1.14258
0.903323
1.03354
0.844309
1.02146
1.02049
1.10483
0.910112
0.898854
1.13492
0.912193
0.95576
0.7743
0.887788
1.02424
1.16432
1.2253
0.95645
1.01818
1.05361
0.983241
1.04173
0.86976
1.05382
1.06274
1.09019
0.87055
1.07756
0.949232
0.995492
1.04722
0.90248
0.991511
1.12293
0.937043
1.0802
0.96466
0.907039
0.897407
1.02151
0.949161
1.03065
1.24232
0.7976
0.978139
1.08494
0.984022
1.00682
1.02383
0.850841
1.05578
1.04112
1.07017
1.05546
1.00509
1.01971
0.996588
1.14656
0.91827
0.872835
1.12336
0.924421
0.991435
1.04864
1.01513
0.961639
0.961896
1.06372
0.948018
0.963079
1.02515
0.985099
0.927522
0.927886
1.02896
1.15828
1.14638
1.01499
1.1652
0.916384
0.996697
1.13671
0.961007
1.01723
1.04416
0.942209
1.22202
1.01025
0.93957
1.0339
0.966216
1.00909
1.13349
0.937129
1.00284
0.865987
0.860315
1.19697
0.985585
0.962039
1.04595
0.975262
0.945139
0.897198
1.02039
0.847097
0.879662
1.0038
1.01053
1.11158
0.986849
0.885475
1.13123
0.879916
0.84708
0.907435
1.01724
1.07137
1.05935
0.858653
1.0453
1.07913
1.14198
1.03023
1.03442
1.1326
1.14557
1.15477
0.845293
0.920558
1.02626
1.05917
0.965798
1.06926
1.04822
0.96014
1.05817
0.951772
1.1917
1.09058
0.9011
1.05713
0.998828
1.10265
0.863552
0.871301
1.0258
0.939613
0.916142
1.11369
1.12091
1.22484
0.985673
1.00454
1.02358
1.05355
0.885914
0.787188
0.842842
0.880173
0.951714
0.988609
1.07209
0.944835
0.945445
0.875423
0.941223
0.82165
0.952076
1.00293
0.906665
0.833643
1.13881
1.03545
0.92829
0.887191
1.05903
0.96239
0.963591
1.07497
0.988421
1.04955
1.03129
0.970932
1.09689
0.842404
1.06628
0.990344
1.03798
1.05312
1.02218
1.04922
0.986266
1.10236
0.854448
1.13339
0.961765
1.14904
0.950772
1.16128
1.10182
1.13005
0.977031
1.12257
1.05163
1.12691
0.990109
0.979525
0.920134
1.05018
1.07462
1.00609
1.02761
0.932937
0.867881
1.0877
1.06606
0.884999
1.01535
1.14054
0.887251
0.984965
1.11767
0.956924
1.02028
1.00364
1.00627
1.0465
1.07309
0.989671
0.942401
1.00498
1.01623
1.04785
1.10081
1.01458
0.953539
0.932487
1.05174
0.890034
1.02822
0.775831
1.12035
0.997507
0.873862
0.918852
0.805411
0.924738
1.10515
0.864441
0.940693
1.03454
0.87611
0.907955
1.09341
0.809399
1.05869
0.987287
0.904417
1.11714
0.908358
0.960553
0.928067
0.990144
1.12848
0.950752
0.947422
1.16874
0.949525
0.913481
0.974964
0.88683
1.13935
1.02378
0.980309
0.994612
1.00879
1.06183
1.21396
1.01887
0.815992
0.94469
0.888878
0.952579
0.936406
1.01131
1.00572
1.13514
0.940658
0.968891
0.967795
0.946255
0.99508
1.02922
0.984613
1.17486
1.09793
1.04235
0.901362
0.815879
0.932687
0.965512
1.17519
1.0764
1.02409
1.09242
0.787941
1.07648
0.93015
0.996478
1.11052
0.793506
1.08504
0.947826
0.992162
0.794324
0.832645
1.11909
0.891407
0.985651
0.825685
0.91539
1.1224
0.924801
0.931573
1.118
1.02128
0.969007
1.03322
0.944487
1.14743
1.03898
0.966581
1.11015
1.23049
1.07555
0.94143
0.780306
1.05281
1.09813
1.08012
1.06786
0.933376
0.992385
0.92477
1.22919
0.829646
0.977045
0.865207
0.938608
0.770446
0.902065
1.02997
0.947392
0.836389
1.06469
0.848891
0.950339
0.948018
1.28355
0.914932
1.10668
0.93499
1.08156
0.948017
1.08606
1.01574
0.859089
0.969464
1.00556
0.979518
1.1274
1.04851
1.1102
0.924857
0.900458
1.00032
0.811035
1.00064
0.968581
0.998883
0.840935
1.03934
1.02157
1.04684
0.947643
0.88344
1.02491
0.932976
0.918119
0.897011
0.972198
0.919204
0.896674
0.913767
0.924254
1.04776
0.863833
0.966651
1.00986
0.864992
0.942748
1.15894
1.09221
0.805397
0.980902
1.02835
0.832548
1.0442
1.18116
0.990712
0.947602
1.16721
0.928316
1.06716
1.1008
0.961303
1.02585
0.962974
0.964242
1.09245
0.903868
1.19541
1.01108
0.975672
1.11106
0.959341
1.1142
0.99862
0.944107
1.02909
0.775163
0.995358
1.03361
0.974551
0.899772
1.01906
1.00454
1.15312
0.86163
1.11903
1.11651
1.23792
1.2107
1.01824
0.947701
1.07531
0.952263
0.886237
1.01453
0.967891
1.04852
1.17965
0.929294
0.972157
0.925989
1.11748
1.09311
0.898544
0.952525
0.977853
0.968796
1.17434
1.12548
1.01829
1.06198
0.92554
1.19854
0.925668
0.927461
1.00613
0.945182
0.890899
1.14142
1.15829
1.04134
0.978261
0.995172
1.00577
1.22972
1.23953
0.979351
1.08182
1.01859
0.868561
1.11701
1.08617
1.17072
1.0673
0.877644
1.13587
1.01144
0.95862
0.874045
1.08419
1.15297
1.21892
1.03917
0.988094
1.00644
1.03953
0.999753
0.930333
0.938473
1.07225
1.11463
0.956303
1.08189
1.08229
1.10793
1.24437
1.05744
1.01144
0.958955
1.09454
1.07671
1.09401
1.05734
0.923643
0.976005
1.047
1.00064
0.876208
1.177
1.20163
1.0749
0.919087
1.05285
1.11936
1.15098
1.01165
1.06301
1.01988
1.1013
0.949642
1.16698
0.840083
0.948875
1.01228
1.15962
1.04042
1.12257
1.12223
0.93112
0.831619
0.957628
1.09201
0.926787
0.934908
0.898795
0.940911
1.05114
1.01346
0.853815
0.999177
1.12101
0.975189
1.21606
1.00931
0.924609
1.09261
0.800804
1.15536
0.946764
0.984996
0.924078
1.01708
0.874958
0.85205
0.920505
1.08429
0.855449
0.971104
1.01448
0.974594
0.890353
1.05967
0.9623
0.84564
1.05717
1.00696
0.97001
0.883562
1.08499
1.1456
0.957717
0.89459
0.997114
1.07584
1.02582
0.88186
1.08955
1.24077
0.894378
1.08598
1.14092
0.839303
1.08234
1.00676
0.956092
1.05968
1.2012
1.0913
0.97622
0.939349
1.15938
1.23555
0.943482
0.958725
1.134
1.13741
0.934808
0.982474
1.03158
0.997903
0.883793
0.989673
0.894988
1.08305
1.08322
0.964736
1.15725
0.994617
0.948872
0.898985
0.927703
0.853497
1.08677
1.14462
1.02901
0.850087
1.17946
1.26431
1.00598
0.897173
0.91415
0.98977
1.07723
0.95982
1.11999
0.933886
1.2569
0.804622
1.09999
1.00521
0.903857
0.84361
1.01352
1.01377
1.00786
1.1101
1.0945
1.00735
0.900545
0.949304
1.26721
0.880089
1.0614
0.979031
1.04793
1.04737
1.06118
0.990202
0.943695
0.987926
0.985998
0.914216
0.961907
0.966661
0.769587
1.16649
1.0789
1.11485
1.01264
0.927608
1.12327
1.05707
0.984021
0.855213
0.935816
0.982979
1.01505
0.744378
0.920817
1.14173
1.09413
0.996446
0.969874
0.906716
1.06226
1.06306
0.886733
1.06373
0.970561
0.924116
1.02654
1.00425
1.0371
0.94747
1.04772
1.00555
1.26966
1.02817
1.09216
0.847632
1.04554
1.1043
0.941155
0.932177
1.09809
1.09844
1.11279
0.878773
0.936654
0.989856
1.08704
1.08183
0.972823
0.923384
1.16803
1.06637
1.03591
0.940246
0.835832
0.840589
0.982555
1.10389
1.03736
1.02772
1.16691
0.897813
1.14525
1.03106
0.817457
0.810642
1.03893
0.974773
0.934441
1.10056
0.918968
1.01323
1.03758
1.08312
1.0541
0.931319
0.734309
1.12034
1.15344
1.06147
1.07534
1.10023
0.921721
1.08477
1.16687
0.973146
0.90841
0.911172
1.02367
0.973534
0.944028
0.898258
0.917778
0.915307
0.94703
0.912487
1.04946
0.899295
0.945219
0.885119
1.02506
1.10807
0.817887
0.91993
0.940808
0.991257
1.2389
0.975724
1.05838
1.18465
1.13955
1.0656
1.03313
0.942186
0.963823
1.02025
1.20074
0.904728
0.964952
1.02635
0.929937
0.942936
0.878088
0.91246
0.950728
0.928685
1.08297
0.989922
1.09081
0.964081
1.17802
0.96094
1.11805
1.00633
1.29323
0.966185
0.81094
0.918143
0.774086
0.8702
0.932558
1.00522
1.03349
0.963332
0.969564
1.16029
0.919982
1.00181
1.2523
0.942202
0.896617
0.97237
0.962693
0.933516
1.11539
1.36697
0.848362
0.972825
1.13296
0.944065
1.17794
0.95224
0.886563
1.03539
1.03359
1.05036
1.05226
1.06543
1.06053
1.09104
1.01864
1.02943
1.16433
0.859679
0.868735
1.05023
0.850494
0.900309
1.09318
1.11098
1.12849
1.02608
0.930236
0.785912
0.955971
0.934129
0.940323
0.923327
0.807802
0.979851
1.03595
1.0866
0.994742
0.902139
0.933416
0.899197
0.918533
1.05654
1.17188
0.866467
0.962027
0.887586
1.06671
0.954441
1.01434
1.13563
1.03713
1.01002
1.07931
1.0232
1.11925
1.08191
0.843174
0.992833
0.889915
0.990832
1.13699
1.14201
1.04071
1.24625
1.18802
0.699671
0.96067
1.10588
1.13071
1.01424
0.891211
0.92508
1.01114
1.04081
0.991123
0.909935
0.92982
0.726281
1.08545
1.15321
1.09597
0.959695
0.885915
1.07181
0.860748
1.02771
0.981637
0.884959
0.93596
1.00416
0.968765
1.08019
0.972273
1.10893
0.963639
1.00175
0.999554
0.937851
1.07149
1.24475
1.02229
1.04003
0.805717
1.1468
0.806798
1.09594
0.951303
1.04078
1.02424
1.01384
0.961928
1.00419
0.877675
0.869906
0.913875
0.971175
0.918122
1.03207
1.10739
1.05508
0.921298
0.98788
1.02686
1.19127
1.1548
0.942298
0.906317
0.829467
1.01642
0.92454
0.991619
1.07429
1.13711
0.859851
0.92578
0.854098
0.834909
1.18295
1.14171
0.907196
0.911944
0.820532
0.840895
1.01417
0.930138
0.939651
1.12532
1.10951
1.04865
1.06097
0.951103
0.966574
0.904036
1.0434
1.11127
0.888659
0.866311
1.00563
1.00236
0.975176
0.946536
0.844002
0.915444
1.25312
0.821719
0.986574
0.954025
1.08206
0.922375
1.11294
0.977935
1.02704
0.834051
1.03386
1.00595
1.14466
1.0182
1.03751
1.05005
0.885572
0.952157
1.21313
0.984068
1.01505
0.992625
0.950046
0.838095
1.00823
1.01191
0.830855
1.04811
0.949183
1.02705
1.06353
0.867867
1.1308
1.08462
1.19377
0.875487
1.05715
1.00985
0.860783
0.993069
1.24786
0.992853
1.04728
0.954781
0.981476
1.02204
0.922339
0.968027
1.12092
0.955517
0.973072
1.07462
0.904719
1.12441
1.03818
0.948377
1.15183
1.17012
0.957205
0.954748
1.01233
0.88401
1.10136
1.02885
1.0245
1.04908
1.16835
1.01701
0.938688
1.18602
1.14833
1.03602
1.04747
0.783873
1.00462
0.990154
0.949912
1.08149
0.94802
1.01801
0.984039
1.12688
1.05682
0.99244
1.03276
1.01132
1.09956
0.902972
0.969225
1.02375
1.00792
1.0574
1.14257
0.75607
0.965689
0.904753
0.995581
1.09252
0.861697
1.22369
1.16576
0.888291
0.80767
1.02271
0.843337
1.12317
1.07204
1.09474
0.938381
0.958988
1.01835
0.98352
1.00179
0.973993
1.17649
0.977768
1.0993
0.940979
1.00755
0.980558
0.969453
0.961443
1.00095
0.92243
1.00258
1.17647
0.897296
1.12989
0.916446
1.06904
0.84244
1.07923
0.955788
1.05769
1.05793
1.00294
0.919902
1.07758
0.876012
1.11272
1.14879
1.12952
1.16449
1.00799
0.907275
1.01756
1.12241
1.10047
0.920982
0.908636
1.05304
0.982213
1.02274
1.09531
1.0133
1.04492
0.839777
0.935957
1.06673
0.971964
1.02788
0.921031
1.01471
1.09078
1.06292
0.923425
0.788997
0.871391
1.13039
0.944173
1.03855
1.01544
0.959243
1.01502
1.00919
1.10059
1.17262
0.899173
0.945802
1.05811
0.994051
0.851218
0.898031
1.09609
0.844921
0.847162
0.946123
1.14904
1.04668
1.0391
1.11775
1.19218
0.997071
1.01164
0.875929
1.19022
0.819486
0.825986
1.02754
0.839821
0.952156
1.02092
0.905511
1.04817
0.9957
0.910326
1.09888
1.08648
0.998046
0.854494
1.19348
1.16657
0.997408
1.03983
1.19538
1.0168
0.983201
0.939516
1.09732
1.05755
0.95717
1.05425
1.04733
0.945192
1.13283
0.839468
0.956577
1.02034
1.04048
0.943104
1.09735
1.27888
0.937124
0.948606
0.994229
1.15654
1.09854
1.00429
0.993621
1.04195
1.13683
1.0498
0.916856
1.05169
0.896369
0.902961
1.00251
1.06593
1.02712
0.886699
1.00672
1.02932
0.954621
1.0832
1.08145
1.06786
0.946172
0.982067
1.08516
1.3251
1.10439
1.02722
0.985004
1.08518
0.875723
0.99025
1.13291
1.13817
0.964755
0.973212
0.980975
0.843877
0.855667
1.03731
1.06804
1.03685
1.03092
0.941421
0.904743
1.11864
0.86057
1.09454
0.897594
0.977418
0.981852
0.986215
1.15721
0.908632
0.920057
0.984759
1.14036
0.897147
0.96492
1.06807
1.22971
0.951464
1.09509
1.15589
1.01259
1.09372
0.971516
1.16091
0.984596
0.932006
0.972208
1.04662
1.24096
1.00752
1.05966
1.2044
1.12888
0.98943
0.936995
0.903208
0.806435
0.812661
0.86096
1.03107
1.06398
1.05305
1.08087
1.04827
1.11753
1.10027
0.842314
1.0433
1.01504
1.086
1.1471
0.902043
1.0971
0.924028
1.19421
0.962785
1.06956
1.10788
1.0586
1.03187
1.1439
0.958087
1.06098
1.05991
0.951516
0.955173
1.10926
1.17533
0.919557
1.00521
1.01007
0.918065
0.941165
0.989925
0.925203
0.886681
1.08239
0.812485
1.10007
0.879245
0.94539
1.01387
0.998477
0.87118
1.09283
1.10757
0.868141
1.09061
0.973728
1.00539
1.05195
0.924655
1.09721
0.894415
1.18825
1.05606
0.734367
0.934088
0.950618
1.09829
0.867886
0.957906
1.10254
1.06879
0.9527
0.77132
0.824301
0.980131
1.13158
0.941787
0.8626
0.790661
1.06794
0.932925
0.912562
0.830676
0.908562
0.939041
0.965364
1.08933
1.11683
0.976682
0.879831
0.99889
1.29087
0.975951
0.953492
0.859787
0.952724
0.989787
1.00038
0.908765
0.867617
1.06519
1.07112
1.02078
1.12588
1.04147
0.948838
0.912293
1.06701
1.09913
0.92967
0.91421
1.02659
0.9525
0.811074
1.03344
0.977907
0.872247
1.18292
1.02896
0.922281
0.934571
0.962214
0.836275
1.15787
0.993312
1.00342
1.02178
0.867276
0.796473
1.09721
1.00146
0.97702
0.847902
0.860992
1.10459
0.988865
0.910083
1.11259
1.0846
0.944442
1.05642
0.897148
0.982894
1.00395
0.945993
1.01078
0.9388
0.842502
1.0419
0.990424
1.12878
1.01301
1.0691
0.94019
1.11858
1.04046
1.00672
1.00578
1.0263
0.98693
1.05827
0.987428
1.14721
1.05558
1.00927
0.971799
1.02226
1.04492
0.95391
1.00723
1.16011
0.981329
0.924783
0.93207
1.02376
0.912199
0.966968
0.953929
0.797209
1.03193
0.955009
0.968084
1.10365
0.953261
0.923809
1.01911
1.13645
0.899601
0.939179
0.945171
0.771711
0.918536
1.09578
0.952125
1.06046
0.875895
0.943725
0.980191
1.04354
1.08555
1.12062
0.983433
0.97797
0.906721
1.05381
0.859159
1.08551
1.1208
0.997464
1.20564
1.11713
0.912771
1.01094
1.09335
0.982122
0.959617
1.09016
1.04722
1.01328
1.1579
1.07184
0.950412
1.05975
0.958108
0.944896
0.930396
0.929196
1.12439
1.13674
1.158
0.890293
0.889809
0.876471
1.27219
0.837583
0.917412
0.81447
0.908994
0.906172
0.947437
0.95046
0.958968
0.84861
0.975725
1.30689
1.02445
1.17298
0.851123
1.08642
1.04688
0.917656
1.00881
1.17558
1.01635
0.930474
1.03689
1.08121
1.02719
0.957308
0.905208
0.975897
0.92472
0.95293
0.994937
0.959662
0.870412
0.873472
0.9753
0.869608
0.865366
0.870216
0.98805
1.17593
0.994711
0.789009
1.00738
0.912969
0.905506
1.2585
0.950351
1.09248
0.975073
0.849626
1.09647
0.968252
0.945951
1.07286
0.947086
1.04305
0.902636
1.00498
1.12719
0.916138
0.907635
0.963205
0.963961
0.975527
0.994028
0.843836
1.22011
1.0381
0.877609
1.02341
1.0883
1.00602
1.05482
0.8929
1.0894
0.724844
0.819173
0.982605
0.891839
0.779436
1.04724
0.929929
0.867194
0.874781
1.06201
1.23316
0.979857
1.02508
1.02828
1.01149
0.949922
0.999036
1.06121
1.04905
1.03362
0.927979
1.11747
0.955144
1.14901
0.943144
1.05649
1.10429
0.973288
1.01854
1.06277
0.980401
1.04374
1.10409
1.01722
1.07095
1.01569
0.931394
1.10268
1.1288
1.09353
1.09238
0.975317
1.14469
0.957243
0.948788
0.93893
1.03504
1.01263
1.00077
0.878176
1.03932
0.963728
0.890979
1.1429
0.993666
0.984263
0.91779
1.07014
1.16952
0.859373
0.883829
1.10779
1.01835
1.10974
0.82775
1.01938
1.12821
0.998485
0.969091
1.17192
1.00898
0.949978
0.992559
0.936299
0.990586
1.16772
0.892149
1.22012
0.916531
1.10422
0.944782
0.933763
0.887491
0.978471
0.902217
0.950872
1.00693
0.866131
1.04352
0.890059
0.944361
0.900511
0.962193
1.0478
1.24102
0.955805
0.923094
0.950625
1.01175
0.861311
1.05887
0.961586
0.773074
0.963739
0.927891
1.02155
1.08373
1.05744
1.0846
1.05668
1.11502
1.01795
0.882559
1.11771
0.976402
0.993254
1.02985
0.931291
0.851469
0.998909
1.02995
1.02087
0.967452
1.11659
0.801641
0.874292
0.917345
1.16496
0.964953
1.11807
0.94437
1.09872
0.912219
0.97981
1.18616
1.04167
1.10146
0.853213
1.03876
0.864764
1.01183
1.23293
0.873287
0.973115
0.963167
0.891834
0.938855
1.15534
1.2152
1.06301
1.09058
1.02279
1.14977
0.996072
1.09718
0.932185
1.12386
1.01696
0.98569
1.08103
0.879272
1.00822
1.16742
0.977582
1.09948
0.868465
1.10936
0.985776
1.12836
1.02789
0.962314
0.889483
0.910778
0.856788
1.02436
1.13601
1.02512
1.16281
0.887209
0.83846
1.01287
1.04981
0.988312
1.24738
0.912684
0.976518
1.04845
0.944222
1.03318
1.04262
0.846436
1.00565
0.994687
0.928732
1.05175
0.873652
0.983966
0.967127
0.887552
1.01038
0.926879
0.725248
0.930228
0.927353
1.0688
0.947047
0.933378
0.980871
1.02596
1.03507
0.841608
1.07039
0.953409
0.855902
1.09876
1.00513
1.1776
1.06656
0.934122
0.894136
0.941805
0.859998
0.891981
1.13123
1.07502
1.11904
0.906225
1.14106
1.05568
0.984664
1.18617
1.09063
1.11194
0.926369
1.18355
0.868384
1.06757
1.08444
0.845624
0.923959
1.25068
0.973332
0.919281
0.829523
1.01569
1.06177
0.893078
1.02795
0.955583
0.963528
0.934359
1.16385
0.954986
0.936241
0.932483
0.848482
0.847033
1.09311
0.930193
1.01963
0.920504
0.988175
1.13174
0.97166
0.90472
1.05678
0.820941
1.06894
0.924226
1.07009
0.988571
0.989905
0.907035
1.15586
1.10827
1.03917
0.908405
1.13861
1.2154
1.20586
0.962621
1.17452
0.983979
1.01638
0.943978
0.985522
1.02166
1.01041
1.07159
1.11871
0.915762
0.953326
0.808637
1.02548
0.973469
1.09122
0.926735
1.04444
1.08354
0.977392
0.994639
1.08015
0.967369
0.866013
1.00379
1.01543
1.07652
0.902689
1.10138
0.948917
1.13644
0.834384
0.973454
0.939085
1.04347
1.0281
0.949659
1.02387
0.87319
1.06005
0.965127
0.983098
0.811941
0.947321
1.15752
0.948108
1.12271
0.856153
1.03866
0.842492
0.955745
1.04699
0.960667
1.05187
0.753447
1.01899
1.08396
1.1246
1.02477
0.951909
1.16045
1.06991
1.18604
0.96932
1.03466
0.924682
1.00723
0.96
0.940166
1.11236
1.1236
0.975528
0.916509
0.908272
0.862271
0.891313
0.975613
0.949857
1.10406
1.11568
0.935943
1.04105
1.03
1.14805
0.96284
1.06
1.01691
1.02604
0.860271
1.07771
0.99187
1.12049
1.1976
0.941852
0.835739
0.840191
0.946427
1.03411
1.03874
0.986983
1.00993
1.11896
1.06528
1.09775
1.01379
0.880751
0.934684
1.1552
1.01776
0.968168
0.857614
0.824558
0.951803
0.94635
0.910497
0.929778
1.1779
1.00089
0.996991
1.10502
0.989711
1.04726
0.930724
1.04878
1.10502
1.11777
0.991335
0.863296
0.918804
0.991201
1.00068
1.03027
1.10349
1.0411
0.886127
1.00314
1.00539
0.945913
1.06837
0.924187
1.02778
0.912553
0.87322
1.03743
1.23122
0.837317
1.05185
1.20213
0.779804
0.960153
0.93207
0.944877
0.885073
1.02142
1.08288
0.964943
1.06779
0.977355
1.02363
0.959049
1.10991
1.03945
1.04107
1.02866
0.864464
1.16252
1.02796
1.03785
0.968669
0.886997
1.02215
1.09536
0.864212
1.03137
0.803691
0.880575
1.0095
0.912234
0.957021
1.03592
0.890031
0.915863
0.899373
1.0595
0.913331
1.12036
1.00752
0.874601
0.888666
0.89432
0.760426
0.879012
1.09177
1.07001
0.972015
1.25496
0.966471
1.03929
1.37972
1.0704
0.894711
1.09456
1.08407
0.80349
1.03469
0.979141
1.27036
0.894244
1.05749
0.983239
1.16774
0.893255
0.87318
1.27746
0.910549
0.970002
1.00639
1.00061
1.06145
0.956707
0.852174
0.796421
1.01158
1.10056
0.980343
1.05482
0.93655
1.01865
1.02688
1.13687
0.952954
1.22412
0.871816
1.02511
0.889353
1.09181
0.791633
0.950848
1.14611
0.954274
1.08635
0.91205
1.05421
0.985215
1.03307
0.868565
1.09701
1.02398
0.938401
0.979886
0.777678
0.965763
1.15995
0.928764
0.957971
1.04449
1.09158
0.931995
0.985867
0.960382
1.06611
1.05118
1.03565
0.974484
0.839371
1.00559
0.99571
1.05364
0.953523
0.970946
0.891423
0.854299
0.691132
1.01776
0.945849
1.04959
1.17629
0.873363
1.01124
0.979245
1.06191
0.892288
0.893826
1.01912
0.838145
1.10817
1.04857
0.963293
1.1148
0.896156
0.946134
1.14427
1.11585
1.19198
0.986923
0.930999
0.948594
0.980822
1.10041
1.00088
1.06322
0.861069
0.885718
0.863298
1.18196
0.849897
0.982425
0.81165
1.07656
1.07254
0.979173
0.962433
0.900154
1.07147
0.935133
1.0814
1.04395
1.07618
0.882583
0.951985
1.06931
0.884481
0.931849
0.962077
1.06399
1.27135
1.10331
0.896599
0.96317
1.10272
0.862979
0.975287
0.92384
1.02504
1.06274
1.09329
0.983906
0.994916
0.884686
1.02969
1.16036
1.14788
0.812336
0.910972
0.915563
0.959342
0.951118
0.976634
0.898734
0.871592
0.813299
0.963672
0.793738
0.912681
1.03172
1.17532
1.03785
1.12425
1.07054
0.788635
0.916601
1.02281
0.848899
1.05048
1.19998
0.903876
1.05808
0.904751
0.974318
1.13413
1.05953
0.982356
1.15543
1.13936
0.957841
0.941398
1.08636
0.88819
1.19353
1.15277
0.91648
1.01139
1.02985
1.14386
1.01746
0.956707
1.1071
0.958576
1.08851
0.944096
1.35674
1.02813
1.02873
0.826447
0.890291
1.09261
0.8127
1.09693
1.13299
0.832095
1.08363
0.962723
0.982488
0.981033
1.11536
0.975532
1.06774
1.04896
0.972787
0.938502
0.924402
0.870265
0.968228
1.18507
0.877821
0.986139
0.894241
0.830893
0.990288
0.957439
1.00396
0.876957
1.05577
0.963918
0.929865
1.09354
1.10818
1.13512
1.02189
1.00408
0.872341
0.907743
1.12081
1.147
0.921021
0.947714
0.991299
0.806018
0.982278
1.06476
1.00339
0.950563
0.998169
0.970478
0.914665
0.962284
1.07536
1.0312
1.04413
1.04423
0.990445
1.05917
1.16878
1.13306
1.08357
1.0905
1.29252
1.02854
0.839145
0.959628
1.09101
0.939796
0.986943
0.871944
1.12693
1.01285
1.10805
1.04678
1.04977
0.900419
1.09997
1.24113
1.04641
0.944978
1.02117
1.01799
1.04773
1.2028
0.93582
1.08936
1.06486
1.0137
1.04595
0.93083
1.07348
1.17691
0.851402
0.988256
1.18624
1.19023
1.06838
0.992563
0.931859
1.00748
1.02758
1.15332
0.819733
1.021
1.033
0.95213
1.04898
1.00193
0.989966
0.987206
1.0104
0.865659
0.923518
1.08305
0.940334
0.870771
1.09056
1.09356
1.01056
1.06911
1.07874
0.884325
1.07038
0.765922
1.01146
0.974984
1.05365
0.952122
0.924168
1.09747
0.978592
1.10668
0.843556
0.990202
1.08055
1.123
0.928712
1.16969
0.927038
0.97967
1.04622
0.965896
1.044
0.866759
1.14556
0.772054
1.19537
1.07155
1.28647
1.00646
0.996992
0.941849
1.06076
0.993386
0.99421
1.22508
1.31053
0.973771
1.05046
0.982916
1.27344
1.03708
0.917436
0.946941
1.2194
0.94389
0.7796
1.02892
0.960856
0.963998
1.05376
0.982769
1.01917
1.06633
0.9053
1.04318
0.925769
0.91091
0.811126
1.04543
1.28035
0.883298
1.09151
1.02827
0.936069
0.970166
1.15244
1.09002
1.11772
0.948782
0.993297
1.05592
1.11911
0.868231
0.944914
1.06978
0.954615
1.01121
1.10307
0.95825
0.890005
1.127
0.91545
1.07345
0.958595
0.954952
1.05949
1.10765
1.10886
0.920711
0.956714
1.18028
0.947196
1.05848
0.972603
0.86721
0.944792
1.11529
1.13024
1.15942
0.934127
1.07608
0.871743
0.993744
1.01002
0.912688
0.926139
1.03161
1.19043
1.25586
0.838823
0.98319
0.959765
1.0606
0.919015
0.920977
1.02091
1.18804
1.02074
0.812454
1.00074
1.04294
1.13393
1.08508
1.14098
0.910706
1.07566
0.791644
1.07107
0.892571
1.16777
0.937512
0.92273
0.953215
0.848385
0.911302
0.981927
1.07705
1.10658
1.01981
1.03669
1.03015
0.991679
1.15815
1.03479
1.05583
0.936995
0.921278
0.947171
0.962432
1.01429
1.04798
1.00739
1.00215
0.987027
0.972764
1.08666
0.989797
1.05018
1.07834
0.942302
0.939257
1.09114
0.921097
1.04479
1.0749
0.990068
1.09219
0.829129
0.884689
1.02932
1.0816
0.938457
1.12808
1.06667
0.868486
1.09291
0.895624
0.963324
0.938719
0.997005
0.878834
0.988919
1.01683
0.945311
0.908941
1.1037
0.829367
1.019
0.814482
1.20716
0.978725
1.04514
0.986221
0.931687
1.03612
1.19954
1.00483
1.02476
1.09296
0.953975
0.943401
0.906468
1.0255
0.897782
0.982052
1.01103
1.1339
1.02085
0.986602
1.01178
0.793771
0.953109
0.904753
1.06195
0.986653
1.0077
0.842653
0.877236
1.13498
0.915406
0.934478
1.00026
1.12847
0.9035
1.02584
0.910929
0.911381
0.98579
0.947613
0.94496
0.911578
0.957601
0.952373
0.863397
0.822849
0.950981
0.901381
0.954679
0.897649
0.988375
0.965161
0.944884
0.963601
0.922581
0.89877
0.999401
0.82704
1.25014
1.18855
1.2113
1.06579
0.88535
0.98499
1.09406
1.02997
1.00521
0.921479
1.06616
0.985131
0.865136
1.1333
1.00686
1.06859
0.92753
1.05639
1.18931
0.904464
0.925166
1.05166
1.06882
1.01613
1.13256
1.00257
1.01241
1.0436
0.997697
0.906452
0.951166
0.776121
0.974782
0.959202
0.969657
0.993759
0.966368
0.898324
1.07085
0.890321
1.22766
0.892883
0.78434
0.907247
1.1144
0.883689
1.12235
1.03602
1.09579
1.00264
0.787984
1.12033
1.08075
0.841982
0.846074
0.919751
0.961067
1.04597
1.0384
0.944408
1.10167
0.969807
1.05717
1.01453
0.915463
1.05445
1.14369
1.07275
1.02375
1.03887
0.943469
0.962334
0.814292
1.07508
1.0436
0.96496
1.10211
0.982622
0.974704
0.855798
0.993329
0.868516
1.07455
0.939244
0.834707
0.942534
0.970063
1.14588
0.985344
1.01807
0.989165
1.07287
1.1908
0.964577
1.10463
0.924945
0.985352
0.877602
1.04308
0.877736
0.801396
1.07579
0.820676
1.14594
1.08257
0.979617
1.07505
1.08603
0.991729
0.987556
0.914033
1.24353
1.08061
0.910117
0.994523
0.912642
1.11489
1.0885
0.884373
0.8826
1.05305
1.04958
1.05651
1.04133
1.03164
0.937431
0.80764
1.08266
0.933113
1.08806
0.952916
0.926567
1.04638
0.785452
1.04038
0.992028
0.994613
1.02542
1.0345
0.928754
1.02987
1.15349
0.923548
1.18892
1.01186
1.23486
1.05654
1.18716
0.983642
1.01357
0.910241
1.05543
0.958927
0.965488
1.02086
1.0511
0.959342
1.03435
0.973108
1.03959
0.946322
1.13894
1.1255
1.04987
0.979981
1.07528
0.923567
0.926486
0.969479
0.931064
1.00934
0.907504
1.02296
1.13368
0.977739
0.901848
0.959751
0.817975
1.13403
0.760341
1.10335
0.995969
1.05005
0.983662
0.90969
0.922891
0.908634
0.957673
1.19296
0.984181
1.03763
1.13535
1.09213
0.933761
1.02441
1.04359
1.14739
0.954276
1.09291
1.07049
1.00086
0.826713
1.18136
0.994469
1.03168
0.840479
1.07723
1.02387
0.931066
1.02048
1.03642
0.962631
1.05437
0.845458
1.10966
1.05603
0.856967
1.03244
0.938756
1.02173
0.964009
1.08282
0.840785
0.955127
1.02616
1.07922
1.01555
1.08262
1.12285
0.980355
0.957806
0.988846
1.12343
0.959695
0.868935
1.18487
1.02202
0.983743
0.965982
1.05192
1.24021
1.07672
0.871767
0.978857
0.970197
0.823751
0.925215
0.944226
0.858105
1.0249
0.995241
1.13074
0.913842
1.05378
1.05399
0.913793
0.904057
1.02688
0.998095
0.986408
0.777028
1.00153
0.942587
1.15722
1.07493
0.94359
0.975558
0.890191
0.821575
0.93287
1.03651
0.924482
0.900096
0.978359
0.980024
1.07743
0.956114
0.9991
1.00338
0.924568
1.05668
1.09946
0.98017
0.960227
1.04421
1.0051
0.927422
0.950945
1.02166
0.893939
1.01968
1.03246
1.03585
0.797066
1.0581
1.05945
0.893212
0.966359
0.921727
1.0134
1.01614
0.851318
1.01481
1.01893
1.01654
0.908343
0.956586
1.02739
1.07779
1.15059
0.982126
1.00921
0.881125
0.91614
1.0645
0.969595
1.03718
1.07109
1.00686
0.879079
0.936013
0.886154
0.843136
0.882024
1.11946
1.1935
1.01762
0.872008
1.04922
0.977444
1.08961
0.974283
1.08562
1.07767
1.03251
0.923212
0.963029
1.06742
1.03427
1.15205
1.05684
1.02201
0.950161
1.01926
1.02165
0.983161
0.903311
0.965481
1.05756
0.988798
1.18998
0.847894
0.922054
0.828706
0.930827
0.97007
1.01507
0.982189
1.0838
1.05917
0.945141
0.960221
1.0667
1.00936
1.03371
0.856603
1.03397
0.902966
1.10634
1.14637
0.808525
0.864496
0.877587
1.22257
1.08215
0.865175
1.25761
0.946838
0.760479
0.925118
1.10548
0.852421
0.989009
0.931155
1.00341
0.99076
1.17149
1.1707
1.04159
0.891953
0.880625
0.99116
1.02266
0.941101
1.04999
0.863064
0.938825
1.01981
1.15722
0.897288
1.15989
0.991729
0.978936
0.975577
0.984831
1.04554
0.980086
1.09414
1.09121
0.960395
1.07717
0.984988
0.989248
1.05183
1.05135
1.02801
0.978261
1.05566
1.08653
1.21525
1.05579
0.680118
0.910076
1.00604
0.928534
1.20905
1.01671
1.26877
1.00439
0.9377
0.915535
1.06933
1.06305
0.930564
0.899792
0.924555
0.82497
1.00703
0.938626
0.917442
1.02944
1.0273
1.06487
0.971528
0.86854
0.838574
0.973193
0.930882
1.01574
1.07498
1.12817
1.10438
1.11126
1.01216
0.980435
1.05465
0.960742
1.1182
0.981492
0.913348
0.99599
0.990171
1.05315
1.03544
1.13547
0.990531
1.11872
0.940942
0.976899
1.05366
0.883866
0.926088
0.938263
0.896864
1.05664
0.947146
0.830601
0.923739
1.10071
0.997392
1.15913
1.10689
1.10659
0.828818
1.01325
0.973597
0.86251
0.87928
1.08732
1.00877
0.978709
0.87921
1.00442
1.00717
0.925961
0.878102
1.08102
1.00764
1.13734
1.15217
0.904947
0.887335
0.895753
1.01689
1.14623
1.12012
0.888905
1.12389
1.04598
0.833382
0.872345
1.02457
0.971163
0.944194
0.87925
1.13182
0.968302
1.11447
0.946025
1.03825
0.85435
1.13783
0.886314
1.18963
1.04713
0.942389
0.995989
0.894424
1.07835
0.909665
0.996631
1.06966
0.825945
0.836201
0.916093
0.893908
0.959127
1.09322
1.04165
1.03563
0.938113
1.03141
1.03891
1.05632
0.911413
0.978244
1.08663
0.900018
0.961655
0.958431
0.92665
0.911497
1.05344
0.982515
1.07098
1.20489
1.10124
1.08163
0.981513
1.11214
1.01786
1.1117
1.00288
1.07565
0.967915
1.12981
1.03197
1.1846
0.992818
0.846511
0.924569
0.881256
0.98185
1.08759
1.02553
1.00013
0.90398
0.95154
0.987028
0.982837
1.03851
1.12681
0.983517
0.857472
1.0913
0.852826
0.906621
1.00758
0.884883
1.25453
0.799555
1.1236
0.866034
1.07788
0.866386
0.912679
1.15814
1.03184
1.13994
0.81669
1.10109
0.880173
0.996291
1.21699
1.0084
0.9271
0.844462
0.929123
0.9928
1.03051
1.04191
0.948939
0.90952
1.27355
0.98597
1.0974
0.937753
0.81272
1.02693
0.854958
0.856425
0.866578
1.03074
1.02752
1.02579
0.984633
0.92861
1.12328
0.887754
1.05745
0.965914
1.02783
1.17157
1.20671
0.973542
0.891118
0.936977
0.956875
0.954598
0.982807
0.818511
0.881008
0.945213
1.06452
0.942027
1.05564
1.04011
0.91703
1.03713
0.951587
1.1149
1.1104
0.922305
1.01112
0.857554
0.956948
1.17379
1.12127
0.937402
0.902961
1.13839
0.99757
1.01217
0.932645
1.03394
1.2613
0.997014
0.907149
0.88851
0.985968
0.804364
1.02395
1.06682
1.20726
1.08754
1.01149
1.10894
0.973991
0.840263
0.91458
0.869654
0.945481
1.08024
0.884246
0.938953
0.910797
1.00581
1.18152
0.985721
0.845811
1.02992
1.12786
0.941975
1.18404
0.825009
1.07558
1.03329
0.885997
0.90778
0.817589
0.996751
1.08174
1.10578
0.772541
1.05908
1.03124
1.06743
0.944825
1.19228
0.956072
1.16366
1.20734
0.981125
0.950793
0.94889
1.08692
1.12761
1.2728
1.14249
0.963
1.07716
0.951352
0.930356
0.896046
0.844693
0.853365
0.849123
1.04758
0.962695
1.09733
0.758029
1.12376
0.846977
1.05491
1.09881
1.06886
0.93448
1.14286
0.952852
0.816237
0.840152
1.10435
0.99557
0.989524
1.07614
1.16284
1.06844
1.04317
0.968944
0.932518
0.924958
1.01714
0.996569
1.02406
1.01892
1.0203
1.04305
0.889736
1.09982
1.04323
0.976557
0.910402
1.17379
1.12013
1.02302
0.907591
0.739943
0.957241
0.950253
0.881185
1.06482
0.963523
1.14605
0.952593
1.00375
0.915273
0.802701
1.06042
0.821676
1.16901
0.90378
0.891994
1.03407
0.991176
0.852139
0.930298
1.0533
1.12206
0.893397
0.878346
1.0752
0.862155
0.952529
0.95002
0.888826
0.904725
1.17825
0.908984
0.997286
1.01258
0.995268
1.01413
1.16698
1.02797
0.893886
1.08907
0.949936
1.1418
0.848477
0.964239
0.868964
0.970768
1.16816
0.879524
0.997559
0.907526
1.01554
0.999435
0.899167
1.08088
0.856347
1.00697
0.857214
0.916437
0.855242
0.965993
1.08386
0.940101
1.21385
0.955488
0.992542
0.970497
1.12442
1.0402
1.02459
1.05986
1.04088
1.18543
1.00213
1.07098
0.890315
0.950241
1.0276
1.06776
0.988676
1.20898
0.882908
1.02664
0.800983
0.911109
0.96175
0.934425
1.0355
0.956813
1.15935
0.923347
1.16315
1.09668
0.999286
0.90201
0.989009
1.00632
0.999375
0.873523
1.02135
1.15942
0.93214
0.832019
1.08897
0.998252
0.865455
0.924872
1.09003
1.12795
1.17392
1.23208
1.09182
0.859108
0.888738
0.90051
0.790496
0.975362
1.12996
0.889958
1.02196
0.999958
0.974322
1.03473
0.932013
1.17879
0.982437
1.26365
0.770673
0.939068
1.021
0.973314
0.963689
0.984811
1.01988
1.15942
0.945082
1.16515
1.10208
1.049
1.0822
0.979087
1.05501
1.14023
1.21178
0.830507
0.888637
1.15029
0.865152
0.851106
0.925299
1.04686
0.82923
1.07156
0.986813
1.00284
1.12128
0.832652
0.966919
0.966709
0.907441
0.853637
1.01148
0.830858
0.988095
1.07037
1.09542
1.09168
1.0711
0.940952
1.07504
0.801511
0.932927
1.04227
1.08351
0.998463
1.02742
0.906524
0.996565
0.895469
1.11921
1.01455
1.03207
0.846745
1.01945
1.12933
0.968455
1.06205
1.02869
1.06557
0.937822
0.879457
1.16471
1.06009
1.05605
1.04112
0.985038
1.03649
1.0353
0.890447
1.07391
0.926148
1.24006
0.9583
1.018
1.04878
1.15896
0.954606
0.848516
0.945477
0.908368
0.964501
1.03183
1.05876
0.954338
1.08854
1.06436
1.14945
1.04517
1.00303
1.00215
0.988094
0.982586
1.01301
0.870238
1.04224
0.984431
0.901638
1.01636
0.895211
1.08732
0.96385
0.992273
0.987032
1.10128
0.884804
0.973912
1.02443
0.955878
1.00923
0.993053
1.01168
1.024
0.980594
1.14681
1.01173
0.989783
1.11769
0.97633
0.966003
1.0111
0.907347
0.923461
0.924011
1.09092
0.882452
0.954209
1.08479
0.943705
0.852255
1.01923
0.896054
1.02168
1.08896
0.881881
1.12577
0.983897
0.974655
1.07624
1.04868
1.07648
1.07513
1.13627
0.937264
0.862632
1.16348
1.0671
0.925383
1.11779
1.11144
0.962182
1.0842
1.23489
1.20765
1.20324
0.992868
1.12769
0.930433
1.16202
0.984449
0.859784
0.989873
0.984405
0.989103
0.938764
0.881331
1.22679
1.02502
0.875932
1.16711
0.99946
0.94192
1.14794
0.891427
1.1826
1.0537
1.02469
1.063
0.972105
1.05639
0.881266
0.792956
0.893004
0.830386
0.898981
0.934716
0.996216
1.08227
0.902417
0.985303
1.06212
1.07404
0.984773
0.850217
1.07127
0.967926
1.08613
0.963573
0.899657
0.935801
1.1431
1.14234
0.862437
1.04107
0.954621
1.15672
1.17668
0.824837
0.982964
1.0595
1.01786
1.03359
0.991748
1.06618
1.18932
1.17224
1.03992
1.09611
1.14781
0.852185
0.995397
1.07766
0.914578
0.966293
0.854085
1.06587
0.896453
0.992204
0.950133
1.04368
0.997824
1.02515
1.06171
0.959382
1.11318
0.934885
0.846682
1.09172
0.916635
0.94067
1.09291
0.986281
0.949279
0.843789
0.800158
1.21916
0.962558
0.78956
0.999954
1.02718
0.864112
0.887707
0.91202
1.21258
1.05452
0.992634
0.827738
0.888343
0.959891
1.0021
0.905462
1.0538
0.903516
0.928923
1.07712
1.15566
0.926268
1.07023
1.02659
0.922015
1.0426
1.06241
0.975127
1.23525
0.836906
1.0634
1.06856
0.792064
0.959704
1.15176
1.05956
0.934231
1.01619
0.956736
0.827511
1.12837
1.05743
0.768585
1.17183
0.911152
1.00068
0.993244
1.02743
1.15479
0.836703
0.945915
0.958456
0.947941
1.29027
1.02278
0.969844
1.04347
0.961686
1.01211
1.09267
0.897991
0.939241
0.964138
0.977096
0.965989
1.1873
1.02615
0.902882
1.01239
1.03466
1.05437
0.945028
0.824459
0.928318
1.17288
1.09998
1.07793
0.905754
0.932891
0.896328
0.869119
0.918545
1.15939
1.03107
0.990228
0.999845
0.923269
1.00673
1.14167
1.08371
1.22388
1.06226
1.12935
1.18331
1.16914
0.895372
0.96934
0.904209
1.05377
1.07548
1.10958
0.898574
0.958526
0.994956
0.940732
0.84368
0.962923
0.966534
0.909266
1.19532
0.988707
0.953875
1.09642
0.927741
1.03921
0.920008
1.02694
1.09806
0.939489
1.04414
0.967064
0.919491
1.00991
1.01072
1.0125
1.05678
1.16715
0.782924
0.926694
1.07479
0.853226
1.09363
1.01214
0.810261
0.822658
0.895389
1.07165
0.888924
1.03033
1.0104
1.11722
0.961408
0.87892
1.10858
0.858041
1.08198
1.13133
0.955866
1.02661
1.00698
0.943593
0.97354
0.99089
0.953609
0.944407
1.09249
0.821823
1.08043
1.10904
0.963228
1.04135
0.990256
1.08472
0.826692
1.09898
0.972511
1.14438
0.881317
1.0163
1.17364
0.968002
1.2264
0.992241
1.14582
1.04709
0.919929
1.08662
1.04379
1.00476
1.1184
0.864933
1.14974
0.881962
0.89699
0.927742
0.874679
0.889401
0.922184
1.11437
1.22443
1.03337
0.962958
1.06615
1.04291
1.07163
0.993441
1.08502
0.96239
0.98429
0.76845
1.10924
0.930705
0.864743
0.944438
1.12201
1.10021
0.936774
0.9882
0.808588
1.14247
1.00633
1.03986
0.980317
0.984134
1.02629
1.05987
0.954736
0.982487
1.09788
1.18139
0.982249
0.936777
0.9262
1.08364
1.12459
1.03215
1.18062
0.971068
1.03303
1.13317
1.07532
0.824501
0.840079
1.06647
1.04647
1.05804
0.967811
0.891619
1.05228
0.954902
0.981103
1.07312
1.03663
0.940591
0.973537
0.890867
0.967511
1.09088
1.00123
1.14874
1.28836
1.11235
1.24614
1.08754
0.969535
0.974565
0.921462
1.1351
1.17865
1.01613
1.06455
1.22837
1.04183
1.10252
0.980503
1.02701
1.09698
1.05077
0.96131
0.959176
1.1937
0.949024
0.886584
0.864321
0.956985
0.899012
1.05725
0.980741
1.08435
1.01237
1.05387
1.13628
0.815697
0.962457
0.831825
1.05119
0.956232
0.956726
0.897055
0.93847
1.12181
1.07293
0.854098
1.01653
1.13305
0.912868
0.991631
1.14181
0.961991
0.975626
1.12988
0.987735
0.95773
0.839206
0.943932
1.09826
0.883756
0.969229
1.06496
0.886344
1.0839
1.10798
1.07246
0.99882
0.997545
1.15663
0.900246
1.00231
1.03175
1.05544
0.861583
1.02091
0.960048
1.02867
1.0071
1.04568
0.974067
0.807469
0.899244
1.0544
1.22939
0.846126
1.06488
1.06081
1.16676
1.14144
0.978025
1.09797
0.930424
0.970699
0.920006
0.980965
0.880657
0.996111
1.10854
1.01377
0.994757
1.08975
0.887967
0.925157
0.864512
1.08011
0.847299
0.97208
0.925693
1.05828
0.863723
1.00328
0.769342
0.948477
0.844885
1.19415
0.898901
1.1353
0.906506
0.898166
0.967655
0.943013
0.945884
0.854492
1.11998
1.1648
0.905492
1.13528
1.05666
1.19161
1.0116
0.951254
1.04089
1.11086
1.06382
0.940581
1.01298
0.928464
1.08208
0.988183
1.06237
1.01125
1.08572
0.909697
0.844971
0.770328
1.1367
1.06263
0.935323
1.08433
1.07557
1.11465
0.913788
1.06456
0.890602
0.973336
1.04156
0.89278
1.2446
1.08029
0.945731
0.836339
0.993515
0.951977
1.11724
1.03135
1.03497
1.02341
1.01497
1.14417
0.969175
1.06959
0.959149
0.812538
1.0289
0.810031
1.07866
0.998729
1.21451
1.0667
1.03693
1.04971
1.03146
1.07128
1.14075
0.821183
0.949582
0.926612
1.07791
0.971782
1.01993
0.972378
0.968084
1.20991
0.97003
1.04982
0.978737
1.0077
0.951045
1.01965
0.985324
1.04927
1.13062
1.05881
1.13079
1.03106
1.07945
1.14345
1.03466
1.07581
1.023
0.90343
0.928722
0.896806
0.970579
0.98165
0.851431
1.05884
0.969877
0.965565
1.07621
1.23043
1.05706
0.907478
0.924924
1.1942
1.08209
1.0659
0.999749
0.903033
1.20182
0.977697
1.01472
1.05075
1.00505
0.854345
0.855171
1.25574
1.07209
0.994944
1.17563
0.954247
0.921119
1.13776
1.08636
1.06302
1.12956
1.17292
0.985808
0.757046
1.01381
0.883886
0.877119
0.893752
0.943875
1.01855
0.91385
1.13646
0.905081
1.09801
1.17568
1.1883
0.827323
1.03956
0.938423
1.01766
1.05942
1.23018
0.925137
0.862252
1.07025
1.13525
0.968337
1.13753
0.882737
1.01561
0.856859
1.09479
0.982976
0.971328
0.926171
0.895852
0.906012
1.08373
1.03778
0.924086
1.00897
0.980533
0.793922
0.949708
0.998913
1.09127
0.906819
0.936639
0.9867
0.93491
1.09656
1.19454
0.904773
1.0208
0.909376
0.958461
1.00855
0.944567
0.790751
1.12008
0.886182
1.03522
1.15363
0.869341
1.06848
1.08922
0.83809
1.16704
1.04554
0.984794
1.07508
1.05695
1.04862
1.00705
0.801377
0.951843
1.04521
1.12967
0.898963
1.15667
1.00854
0.892577
0.938745
1.02988
0.883671
1.06335
1.04169
1.21167
0.984088
1.01788
0.973646
1.07153
0.91138
0.797295
1.13307
0.906938
1.05118
1.02017
1.09308
1.06223
0.924798
0.956759
0.926037
1.01106
0.930327
1.01931
0.921256
1.06091
0.959313
0.938247
0.986627
1.09282
1.10593
1.08288
0.949172
0.941559
1.11653
1.01188
1.08218
0.89178
1.06212
1.0624
0.912858
0.998223
0.868801
1.10372
0.90812
0.984636
0.931983
1.02058
1.04241
0.90991
1.13283
1.05864
1.10409
0.979536
0.929038
0.863957
1.19792
0.917361
0.9175
0.916225
0.975222
1.17561
1.00619
0.954884
0.895805
0.807723
0.884944
1.06475
1.13004
1.07666
1.23672
0.841955
0.935101
1.04284
1.14947
0.89995
0.999567
0.981466
1.15491
1.05933
1.15183
1.10311
1.07734
1.09896
1.11272
1.0182
0.910078
0.867585
1.19805
1.25393
0.96105
1.03286
0.795639
0.980311
0.939717
0.855916
1.01426
0.792669
0.951401
1.00244
0.955412
0.968384
0.980322
1.22859
1.24255
0.924403
0.828851
0.991728
0.969453
0.977559
0.96965
1.20729
1.13375
1.07673
1.16831
0.852939
0.964624
0.957577
1.00786
0.968285
0.891503
0.971338
1.01293
1.02272
1.3276
0.96396
1.009
0.979796
0.965949
0.970788
1.15903
0.945451
1.1407
0.99128
0.922769
1.06289
1.05176
1.24801
1.18143
1.12996
1.03742
1.04135
1.1038
0.960462
1.21441
1.00055
0.933184
1.02034
1.02764
1.07099
0.947842
1.17517
1.00616
0.978781
0.929091
1.03709
0.951053
1.02318
0.884609
0.973285
0.856223
0.976882
1.0278
1.06565
0.94804
0.988486
1.12699
0.904919
1.14681
0.993911
1.09858
1.05386
1.14166
0.866213
1.03202
0.982984
0.988415
1.00179
1.13308
0.99061
0.898738
0.924796
0.899548
0.865657
0.969267
0.858308
0.929308
1.06755
0.951712
1.0201
1.11308
0.993062
1.07763
1.03991
1.08719
1.10142
0.892686
1.04021
0.906161
1.09908
1.0791
0.927667
1.00924
1.11472
1.02809
0.887073
1.04783
1.13336
0.883134
0.840118
0.970156
0.961589
0.895875
1.02953
1.08486
0.874567
0.925219
0.968353
1.00248
0.977144
1.1369
0.825464
0.872155
0.95342
1.09757
1.01077
0.964446
1.01959
1.0927
1.05244
1.12628
1.0815
0.96478
1.06193
0.959998
1.21474
1.00021
1.1222
0.908681
1.08996
0.907128
1.06376
1.07986
1.05791
1.02772
1.00469
0.981519
1.10405
0.933276
0.917296
0.978836
1.00555
1.06483
0.877201
1.05308
1.01455
1.03641
0.917666
1.08097
1.11423
0.999234
0.991655
0.95074
0.896274
0.845514
0.97048
1.17903
1.02469
1.00454
0.919051
0.995238
0.980147
0.934803
1.00775
1.10218
0.980148
1.0158
1.02937
1.06886
0.947662
1.08975
0.958741
1.03445
1.05222
0.998036
0.972005
1.03041
1.11003
0.922253
1.16061
0.955331
1.06239
1.1318
0.980574
1.12374
0.973331
0.722226
0.915026
0.966801
0.99239
0.967933
0.964083
1.05217
1.14427
0.827931
0.874487
1.00733
0.940049
0.85994
0.980876
0.993855
1.10564
1.02049
0.998881
0.982905
1.08892
1.08842
0.946529
1.06384
1.09105
0.884095
1.04489
0.97246
0.904667
0.976056
1.2493
0.987233
0.915035
0.938383
0.962836
0.955029
0.985409
0.979229
1.00362
1.03285
0.96876
1.16803
0.925103
0.812132
1.03973
1.22736
1.22262
0.980512
0.866407
1.04927
1.15766
1.08202
1.01766
1.01538
1.08127
1.03748
0.977648
1.0848
0.976811
1.03558
1.14573
0.835441
0.875049
0.994454
1.03626
1.01957
1.13414
0.856941
1.05833
1.00231
0.862651
1.10633
0.967184
1.21599
0.988302
1.12469
0.958163
1.07793
1.05253
0.996699
1.21898
0.854731
1.13586
1.05778
1.05857
1.22226
1.09331
0.878059
1.18727
1.14793
1.0423
1.14825
0.955477
0.892721
0.783783
0.993833
0.872813
1.05007
1.06386
1.04457
0.91191
0.995922
1.03114
1.01914
0.802533
1.14165
1.06962
1.17892
1.12246
1.02804
0.986746
0.779441
1.03305
0.979105
0.986182
1.04193
0.978383
0.9844
1.05027
0.958416
0.925021
0.966392
0.994448
1.0598
1.02757
0.887546
1.15158
0.896148
1.03037
1.01162
0.944096
1.08165
1.11434
0.980094
1.01363
1.0259
1.0987
0.898753
1.00114
0.966574
0.803416
0.857661
0.850144
1.10108
1.10634
0.927727
0.998275
0.919488
1.0625
1.31882
1.09676
0.903843
1.04921
1.00099
1.02738
1.01165
1.06528
0.893127
1.14772
1.07775
1.00532
0.907219
1.01502
1.12032
0.941757
1.03253
0.970232
0.959849
1.08854
0.947023
1.09347
1.08642
0.830179
1.00586
1.12373
1.0183
0.990543
0.824883
0.952574
1.04277
1.03934
0.989319
0.986148
0.902911
0.969378
0.999369
0.931888
0.744552
0.990201
0.954535
0.934204
0.920101
1.13935
0.946753
0.927551
1.08809
0.827706
1.11079
0.984035
0.849773
1.10246
0.916929
0.970581
0.866593
0.981097
0.882162
1.0343
1.26611
1.0684
0.936797
0.959603
0.838508
0.973169
1.07452
0.877459
1.00178
0.993164
1.20802
0.99124
1.10257
0.868624
0.899211
1.14745
1.14774
1.11272
0.99392
1.184
0.984292
0.857525
1.00317
0.983711
0.998557
1.19186
1.17282
0.959705
0.94417
1.02399
1.13593
0.94615
0.854003
1.07421
0.852923
1.05389
1.00493
1.02707
1.0395
1.17952
1.18287
1.1277
0.989461
0.886484
1.01569
0.861767
0.934296
1.22657
0.849436
0.991407
0.890158
0.86618
1.01928
1.04934
1.03471
0.966954
1.1012
1.01722
1.16104
1.07513
1.13623
0.934608
1.12296
1.08486
1.16245
1.03015
1.00473
1.16072
0.962921
1.05057
1.01507
0.848864
0.87959
1.14807
0.981436
0.959272
0.992309
1.18272
1.05627
0.969393
1.09425
0.954796
0.997332
1.0867
0.983244
0.989177
1.09687
1.04307
0.970879
0.903753
1.06245
0.968574
0.938129
0.933251
1.11222
1.0439
0.894626
1.06884
0.99196
0.974718
0.956518
0.908176
1.09744
1.09497
0.912313
0.940674
0.9531
1.15403
0.86003
0.98821
1.1964
1.10109
0.904266
1.07142
0.968238
0.975964
0.944899
1.02116
1.07594
1.05278
1.05097
0.882601
0.803947
1.05431
0.934254
0.847574
0.922899
0.966409
1.08753
1.11097
1.11279
0.926793
0.927674
0.924961
1.09559
1.24813
1.08927
0.869557
1.05353
0.998739
1.03966
0.808887
1.12642
0.847291
1.02794
0.914447
0.952232
0.870174
1.09546
0.97036
0.931533
0.957274
0.977964
0.967557
1.04483
0.979287
1.15022
1.1507
1.11221
1.01606
0.972784
1.1047
1.0014
0.780131
1.08234
0.833891
1.04158
0.862831
1.04446
1.0218
0.952434
0.923656
1.0774
1.25657
0.88744
0.961552
0.827559
0.936295
1.04746
0.882431
0.941407
0.816337
0.93187
0.898492
0.947155
1.04702
1.00409
0.843732
0.843403
0.891117
0.985283
1.03506
0.917793
1.20096
1.00727
0.977507
0.996415
0.945988
0.976036
0.735202
1.19474
1.02353
1.05844
1.02136
0.997856
1.13784
1.0026
0.94547
0.96012
0.861284
1.06864
1.11718
0.934524
0.966602
1.00379
0.964523
0.825722
1.10103
1.07313
0.95261
0.973325
1.00568
0.948417
1.16234
0.950984
0.894087
1.09889
1.14751
0.902075
0.834725
1.08997
1.00507
1.08654
1.15173
1.0379
1.01093
1.05488
0.974824
0.886507
1.18264
1.05634
0.99121
1.0284
1.03479
0.864489
1.07917
1.07723
0.971793
1.05426
1.18175
0.914846
0.86418
0.970158
0.868914
0.956542
1.16627
1.01572
0.933959
1.00794
0.925071
0.957719
1.01575
0.96145
1.10921
1.06412
0.819849
1.13589
0.976305
1.11139
1.05285
0.972598
1.01248
0.880875
0.947168
1.21832
0.819482
1.11995
1.30979
1.06121
1.14014
0.992864
1.01298
1.1037
0.960919
0.857012
1.06055
1.07342
0.898954
0.891206
1.06373
1.13779
1.04219
1.13886
0.927592
1.01848
1.09454
0.946095
0.850079
0.950684
1.24047
1.03507
1.05793
0.919552
0.99512
1.08193
0.794522
0.883487
1.03884
0.960128
1.31654
0.904224
1.08105
1.03023
0.936677
1.1317
0.873516
1.18101
0.959577
0.98912
0.974973
1.14346
1.04295
0.894175
1.06592
1.0786
0.984694
0.973414
1.11853
0.851743
0.948889
0.989435
1.07743
1.05295
1.05502
0.997079
1.01019
1.05207
1.01595
1.27169
0.796962
1.15065
0.894235
1.04167
0.936999
1.03275
1.10672
1.03355
1.19379
1.12412
0.980963
1.03468
1.21337
1.08132
0.925642
1.16789
1.09277
1.03323
0.918701
0.8708
0.964582
1.18309
1.0202
0.931238
1.04889
0.974994
1.04039
0.962002
0.928429
0.987009
0.945059
1.09109
1.07187
0.903332
1.04361
0.870681
0.972628
1.01222
0.917092
1.12078
0.989155
0.994035
0.939261
1.03833
1.02626
1.16852
0.936675
1.01853
1.14844
0.969566
0.916895
1.19937
0.827305
0.945523
0.980505
0.989975
0.995949
1.18869
0.974445
1.01977
0.927005
1.01829
1.03386
1.00829
1.13687
1.15978
1.09729
0.943671
1.02276
1.06376
1.22182
1.17445
0.962353
0.878349
1.04242
1.05856
1.05991
1.04661
0.965546
0.792215
1.03374
0.917364
1.07318
1.03444
0.998629
1.11585
1.13228
1.0756
1.06939
0.880051
1.15012
1.21283
0.841225
0.996034
1.00541
0.959791
1.1446
1.12666
0.985071
0.998277
0.870918
0.991386
1.09662
1.07075
1.13475
1.00457
0.884198
0.968288
1.02706
0.894534
0.99597
0.94657
0.929051
1.01368
1.05905
0.965877
0.964251
0.925225
1.0576
0.876314
1.0694
1.0138
1.1919
0.974994
0.915131
0.881338
0.940063
0.90619
0.948246
0.953676
1.02936
0.998644
1.00844
0.893323
1.18469
1.04434
1.00765
1.17324
1.03517
1.04201
1.06941
0.904787
0.99107
0.813689
0.869847
0.987326
0.915247
0.834572
1.01715
0.854279
1.19833
1.09897
1.01195
1.12361
0.964496
0.891527
1.00377
1.05111
0.806693
0.866512
1.05461
0.943884
0.864088
1.09507
1.15701
1.14301
1.07161
1.06712
0.98713
1.09428
1.14975
1.00209
0.937186
1.24578
0.940137
0.878286
0.925387
1.03139
1.02134
0.993228
1.04482
0.929691
1.08263
1.02809
0.894118
1.06179
0.869581
0.960389
0.984921
1.05006
0.99933
0.96768
1.03811
1.0253
0.992107
1.06601
1.09818
1.18709
1.02452
1.04847
0.926461
1.04513
1.05232
1.11123
1.04987
1.02817
1.08979
0.959315
0.896683
1.0947
1.1462
1.04869
1.1134
1.08546
0.925481
0.915653
0.96551
0.872983
0.894284
0.948042
0.920094
0.911321
1.13429
1.17796
1.00364
1.02206
1.1428
0.932769
1.03791
0.996326
1.09979
0.908092
1.03145
0.904313
0.971719
1.06637
1.11245
1.02862
0.997303
1.01669
1.04081
0.957493
1.00804
1.14664
0.956933
1.01014
0.973763
0.993521
0.962316
0.864413
0.909106
0.894711
1.01596
0.962118
1.18142
1.02336
0.902248
0.936293
0.87895
1.03603
0.99411
0.913713
1.07558
0.896688
1.01973
1.1645
0.90202
1.03449
1.11434
1.08399
0.991743
0.969956
1.21479
1.16664
0.840642
1.06522
0.864893
0.799792
0.939445
0.989756
0.98214
0.937028
1.04006
0.891346
1.15418
1.00375
0.904905
1.11432
0.897677
1.06969
0.885315
0.896122
0.934059
1.25032
1.20778
0.896447
1.00087
1.01077
0.897093
1.05593
0.846278
0.928804
0.892693
1.1435
0.843375
0.782617
0.959549
1.01178
1.12629
1.00557
0.996154
0.797964
1.07983
0.804697
0.866461
0.819616
1.009
0.919104
1.06104
1.04218
0.880951
0.96726
1.04529
1.01081
1.00674
1.12428
1.05348
0.874809
1.13993
1.01144
1.00509
0.945805
1.37933
1.07027
1.13261
0.902828
1.00989
1.05631
0.979065
0.939163
1.00863
1.06206
1.04774
1.02261
0.922036
1.0024
1.02033
1.06938
0.999229
0.987071
0.960898
0.871305
1.0737
0.92892
0.933002
1.00278
1.17014
1.18415
0.972602
0.890136
1.11602
1.00571
0.989187
0.852486
0.865688
1.00809
1.07946
1.17368
0.989015
1.15547
0.989562
1.01668
1.13765
0.924097
0.872295
1.12331
1.03686
1.16913
0.897539
0.984536
0.915406
0.987237
0.889071
0.984815
1.14835
1.04072
0.993945
1.04327
0.951576
0.900259
1.01158
0.979121
0.954851
0.988484
0.778963
0.918385
1.01386
0.893662
0.932131
1.0341
0.89299
0.990616
0.929979
1.02136
0.952323
1.04452
1.22031
1.04745
1.16398
1.29273
0.94764
1.02217
0.980162
1.00093
0.824907
0.905489
1.24317
1.10045
1.07232
0.90566
1.10295
1.09347
1.06641
1.01755
0.824525
1.18018
0.777741
1.12415
0.720389
0.86526
1.09625
0.830291
1.00413
0.967773
0.989644
1.02791
0.963736
0.721933
1.00416
0.831509
1.17339
0.808926
0.963856
0.969837
0.86481
0.939864
0.865303
0.725855
1.03559
0.856863
0.956819
1.17709
0.905469
0.992522
0.877661
1.13591
1.0114
1.11238
1.02688
0.973537
1.08666
0.939924
0.993523
0.991313
1.17475
0.965852
0.897347
0.941307
0.860735
1.08684
0.988978
0.754556
1.04872
0.985752
0.976264
0.937978
0.850657
0.816328
0.880211
0.962761
0.910148
0.798434
1.01471
0.86283
0.875878
1.07973
1.07196
0.96963
0.907012
1.13879
1.00752
0.843437
0.824945
0.929004
1.07408
0.908122
0.900143
0.970452
0.985439
1.13039
0.851095
1.05392
1.05996
0.893225
1.11758
0.925794
0.948488
0.965402
1.06126
1.04203
0.867172
1.25038
1.0286
1.0784
1.02221
1.05793
1.18948
0.863778
1.05058
1.0819
1.04509
1.06658
0.930438
0.86539
0.828156
0.99982
1.06162
1.06597
0.928416
1.02379
1.0839
1.10656
0.975562
1.00989
0.86136
0.885334
0.954391
1.07205
1.09113
1.04899
1.11868
0.862836
0.864657
0.971286
0.935149
1.01951
1.01851
1.04897
1.07553
0.943346
0.966042
0.877469
0.80895
0.894587
0.941575
0.995934
0.911347
0.944965
1.00549
0.874235
0.954477
0.889043
1.00571
1.03372
0.937038
1.10007
0.969934
1.19785
0.89336
0.951494
0.874606
0.929591
0.818567
0.925929
0.928229
1.07311
1.34137
1.03279
1.11322
0.925629
1.17535
0.825147
1.11049
1.00824
0.903647
1.11934
0.97723
1.08257
1.07293
1.03331
1.13258
0.966669
1.00843
1.11692
1.08108
1.23034
0.9792
1.03784
0.868069
0.989431
0.925944
0.961493
0.78891
0.974013
0.887396
1.0115
0.871316
0.772683
0.956193
1.05901
1.01481
1.02178
0.958645
1.08441
0.878587
0.969196
1.03257
0.916931
1.26748
0.879152
1.04283
1.02707
0.78691
0.874394
1.00692
1.14015
0.834119
1.00227
0.989877
1.07343
1.16123
1.22655
0.96347
1.06207
1.03633
1.05203
1.00633
0.948434
1.04145
1.01541
0.781829
1.03718
0.94705
0.94545
0.932537
0.875138
1.17766
0.871663
1.16317
0.854026
0.979664
1.06578
0.882183
0.81015
0.898982
1.12591
0.890203
0.968007
0.866189
0.914892
0.929809
0.946359
1.0138
1.12257
0.949501
0.872375
1.0566
0.915252
0.921764
1.05743
1.07059
1.03875
0.975809
0.933079
0.977796
0.991414
0.984158
0.97641
1.03132
1.1528
0.999584
0.915399
0.998708
0.836727
0.973169
1.2176
0.842934
1.0046
0.845933
0.949322
0.904473
1.04426
1.01208
0.9341
1.06039
0.866315
0.96424
1.15499
0.912872
1.10744
1.05988
1.06107
1.04035
1.00685
1.08025
1.11031
1.01799
0.953758
0.87856
0.935805
0.922705
1.05578
0.956891
0.955672
0.889667
1.13521
1.07604
0.975662
0.983079
0.907
1.20478
1.14297
0.960872
1.11886
0.938435
0.977788
0.981869
1.0915
1.03683
0.917667
1.16046
0.918194
0.978878
1.12726
0.989136
0.879073
0.946934
1.03241
0.936714
0.878238
1.14521
1.23225
1.23578
0.848756
0.880482
0.984843
0.881921
1.22264
0.961304
1.00068
0.913947
1.00202
0.891198
1.0702
0.902385
1.01671
0.921708
0.916611
0.967331
1.09948
0.823988
0.949838
1.29532
0.891113
0.884318
0.86881
0.963582
0.840867
0.888923
1.02107
1.01148
0.937473
1.06735
1.03732
0.958231
0.963663
0.995205
0.820397
0.963259
1.26204
0.98625
0.776559
1.00077
0.878801
0.879711
1.14356
0.917441
1.05487
0.878122
0.883112
0.944105
0.883976
1.09524
0.980526
1.2387
1.1194
0.951203
1.09771
0.879991
1.00831
0.809775
0.827085
0.946765
1.01742
1.07279
0.893308
1.07274
0.968265
1.02654
0.999883
1.08439
1.05018
0.819282
0.975735
0.941399
0.918203
1.01098
1.02636
1.04131
1.10039
0.924456
1.1072
1.1186
0.905624
0.937113
1.08692
1.0537
0.993988
1.01133
1.0318
1.0396
0.972883
0.97891
1.03114
1.01178
0.996
1.01966
1.06679
1.10638
0.826812
1.06208
0.887235
1.0918
1.07468
1.16803
0.962847
0.991804
0.947751
1.16718
1.17915
0.959957
0.869041
1.15694
0.791268
0.919453
0.969104
1.0591
1.07332
1.12285
1.02469
0.939162
0.99519
0.808447
0.815295
0.906336
0.900621
0.857122
0.923266
0.933527
0.892882
1.0261
1.03218
0.892565
1.06683
0.816141
1.05358
0.947655
1.25451
1.08841
0.959389
1.04125
0.934042
0.955247
1.03908
0.880961
1.00683
0.827252
1.03361
1.02653
1.0188
0.901592
0.889933
0.861912
1.14646
1.06243
1.049
0.783376
0.919705
1.1199
1.01902
0.964013
0.703612
1.18151
0.967641
1.04539
1.05344
0.884514
1.09363
0.990664
0.914005
1.17866
1.07809
0.983407
1.01866
1.14338
0.907207
1.05627
1.01955
0.992758
1.03699
1.18368
0.924032
1.02249
0.98802
0.975546
1.04768
0.890532
1.09498
1.03296
0.951043
1.11633
1.0185
0.96241
0.89753
1.22193
1.1323
0.961045
0.942071
0.963421
1.13187
0.987126
0.941458
1.01777
0.982615
0.855725
1.10461
1.01107
1.03271
0.964831
1.11251
1.04205
1.03773
1.0982
0.842812
0.975858
0.986617
0.961105
1.03182
0.979363
0.831896
0.976196
0.90501
1.05355
1.11595
1.03037
1.214
1.16432
1.36316
0.789091
0.895594
0.974782
0.899237
1.06221
1.04142
0.938093
0.968221
1.1126
1.01293
0.981911
0.912839
0.98729
1.02578
0.928357
0.835308
1.04202
0.906238
1.01348
1.219
1.0885
1.00393
0.890399
0.893807
1.14503
0.959634
1.05761
0.971779
0.934638
1.0565
1.14759
1.04467
1.02052
1.05109
1.05902
0.911081
0.934632
0.820577
0.868978
1.04604
1.03862
1.02429
1.13274
1.15986
1.12047
0.931472
0.997714
1.07791
1.05133
0.956843
0.997107
1.01601
0.886443
1.08454
1.01876
0.943487
1.06572
0.99169
0.90362
1.09889
1.19239
0.945592
1.07278
0.825599
0.934014
0.85582
0.991191
1.12771
1.12639
0.897071
0.918248
0.911542
1.07449
1.0179
1.02493
1.09061
0.919105
1.06525
0.962771
1.06788
0.944244
0.974984
0.92852
0.896152
0.909848
1.0779
1.09176
0.935349
1.06027
1.22934
1.05742
1.10458
0.870332
1.06263
0.978689
0.92873
1.16396
0.946262
0.887214
0.999339
0.851985
0.971344
1.12461
0.931691
1.09013
0.88275
0.943544
1.09327
1.01958
0.923237
0.867983
0.99155
1.03331
0.952107
1.25864
0.992862
1.02381
0.868358
0.889879
1.17477
1.08573
0.922831
0.984736
1.06319
1.12896
1.09795
1.04418
0.90801
1.09939
1.05801
1.13005
0.951748
0.880662
0.961848
1.04862
0.966616
0.943342
0.914935
0.81322
0.986666
0.904746
0.966737
1.11197
0.929464
0.881043
1.09312
1.1173
0.957648
1.07242
0.978602
1.10901
1.11492
0.913167
1.05452
0.811631
1.06631
1.01734
0.966963
1.03816
1.00957
0.974997
1.00582
0.958226
1.02452
0.77622
0.976603
1.01735
1.1237
1.0123
1.1952
1.20358
0.943044
0.989554
0.979683
1.02815
0.943343
1.07739
1.1562
1.00442
0.949035
1.02726
1.03066
0.764312
0.929726
0.959713
1.16917
1.14031
0.825988
0.993612
0.908718
0.948795
0.986317
0.777582
0.941262
1.14794
0.934345
0.979077
1.21374
1.06086
0.89915
0.984936
0.981876
0.812995
0.892665
1.00302
0.835762
0.890905
0.907384
0.846422
1.01416
0.928048
1.09322
1.05542
1.07697
0.818276
1.03539
0.960239
1.00885
1.08082
0.972814
0.929148
0.955025
1.26755
1.28237
0.966484
0.954943
0.895704
0.962083
1.0987
0.928852
1.07155
1.09239
0.878088
1.068
1.0082
0.879541
1.02604
1.10761
1.06101
1.11901
1.0317
1.02443
1.16725
0.92487
0.952792
1.02807
0.897784
1.16901
0.902606
0.922209
0.960111
1.02535
1.21852
0.85354
0.971001
1.04083
0.955748
1.14852
0.894349
1.10235
1.04472
0.917892
1.03647
0.999871
1.03499
1.06794
1.03701
0.80711
1.03717
1.01114
0.797223
0.961876
0.933833
1.02843
1.08778
0.983626
1.02214
1.04696
1.07254
1.00853
1.03749
0.995705
1.09998
1.06602
0.967539
1.01137
0.985775
1.02799
0.986875
1.00062
0.955645
1.07586
1.06216
1.15725
0.916898
1.16031
1.04269
1.11542
0.908025
1.01436
0.94288
0.733062
0.898352
0.919224
1.11939
0.910232
0.987354
1.13436
0.984185
0.752301
1.08576
1.0705
0.792769
0.98131
0.980214
0.948563
1.04557
0.958922
1.05528
0.889693
0.943016
1.01613
1.16325
1.14155
0.945014
1.25942
0.913429
0.858874
1.1473
1.06766
1.0784
1.05312
1.08379
1.02779
0.926646
0.848964
0.920302
1.14591
1.01902
0.970845
0.832615
1.02253
1.19798
0.978721
1.00616
0.939374
0.835562
0.983441
1.12586
1.07686
0.894029
1.17192
0.994972
1.10262
0.945896
0.829976
0.988472
1.03173
1.01807
0.944472
0.871836
0.921021
0.956029
1.05909
1.00317
0.956769
0.990496
0.813558
0.990732
1.05445
1.07229
0.977201
1.11344
0.838203
1.00631
1.04813
1.0109
0.930453
0.931648
1.0987
0.930752
0.822679
1.04422
1.01649
1.01327
1.01791
0.939173
0.949984
1.07454
1.07878
0.979393
1.09163
1.01498
0.918731
0.872928
1.07557
0.866392
0.942208
0.964637
1.18473
0.954707
1.05268
1.0224
0.918419
0.964915
1.28276
0.994261
1.2535
1.09298
1.13826
1.0316
0.996053
1.01112
1.1011
0.959272
1.11936
1.06054
0.867369
1.06305
1.01419
0.926433
0.88637
1.11396
0.863518
0.933284
0.970354
0.96679
1.18943
1.06137
1.03446
0.744307
1.0911
0.982431
1.04097
1.16777
1.03873
1.02925
1.00624
0.993883
1.09053
0.947479
0.862417
0.913333
0.717
1.07643
0.988667
0.896782
1.01525
0.850256
0.913222
0.954465
1.12061
0.83325
0.955534
0.82761
1.04928
0.985374
1.0005
1.10486
0.904212
0.84353
1.0615
0.986752
1.09321
1.09367
0.963896
0.928238
0.930738
0.873541
0.89895
0.984078
1.07734
1.01067
0.887388
0.95221
0.89541
0.879728
0.991727
0.965578
1.06743
0.987431
1.07659
0.984733
1.11716
1.19109
0.943087
0.891012
1.04664
1.10168
0.952676
0.977957
0.865288
0.929339
0.968455
0.968799
0.936785
0.971501
0.994408
1.09327
1.13257
1.00178
0.905677
1.00799
0.984452
0.867213
1.04581
0.952358
1.00819
0.993042
1.07701
0.901684
0.937972
1.07686
0.983081
0.921812
0.917605
0.972576
1.15229
0.957212
1.0292
1.09501
1.00844
0.849228
1.01923
0.796819
1.01211
1.01491
0.937358
0.893343
1.03356
1.12716
1.02302
0.789982
1.06798
1.05374
1.19577
0.996917
0.987247
1.05625
0.930642
0.961705
0.86667
0.952608
0.889776
0.974662
1.01532
1.03102
0.944643
1.01385
0.967412
1.10144
1.08283
1.09387
0.894928
0.911761
0.928013
0.842641
0.960254
1.01344
0.935747
0.959134
1.05492
1.05562
0.944448
1.07597
1.0183
0.98139
1.11658
0.961145
1.08337
0.917534
1.02925
1.11962
1.2896
0.956701
0.896116
1.0911
1.23401
0.892859
1.15018
1.07781
0.881846
0.964986
0.904915
0.842328
1.0276
0.851495
1.0177
1.02481
1.06479
1.14884
0.95978
1.03566
0.939707
1.06896
0.880174
0.931256
0.936714
0.836712
1.0451
0.909766
0.93964
0.953688
1.07949
0.944891
0.903906
1.00384
1.08762
1.07252
1.15374
1.14416
0.932909
1.03584
0.983762
0.9057
1.07137
0.852169
0.848519
1.0505
1.05127
1.07346
1.04274
0.912122
1.05027
0.980243
0.885547
0.944588
1.01528
0.858858
1.06434
0.9169
0.945293
1.0233
1.03487
0.940272
0.881563
0.987214
0.869623
0.963087
1.00603
1.0456
0.962217
1.12938
0.898551
1.11278
0.982893
1.00733
0.886245
1.05855
0.971987
0.937254
0.942102
0.918716
0.977196
1.11902
1.13238
1.11226
1.01803
1.06924
1.13065
0.905634
1.011
1.23044
1.10867
0.894746
1.03509
0.95403
1.10245
0.974848
1.1316
1.1404
1.13158
0.806942
1.29087
1.15587
0.934926
0.956402
0.832889
0.966509
0.992059
0.971755
1.07889
1.06056
1.04164
1.10478
1.0424
0.881022
0.995702
0.912575
0.911808
1.05408
0.794418
0.947295
1.13554
0.990653
1.0599
1.0995
1.1205
1.00721
1.11535
0.971058
1.03838
1.13505
1.04061
1.14949
0.961383
0.946309
1.01316
1.13564
1.01067
0.9957
1.13544
1.01016
0.971075
1.08197
1.09825
1.07404
1.02685
1.21302
0.980352
1.22212
1.1126
1.13335
0.977781
0.952094
1.06269
0.924004
1.07696
0.780572
0.880218
1.04272
0.99263
0.903715
0.882117
0.858105
1.03173
1.0207
0.908032
1.01374
0.934442
0.83446
0.990476
0.862144
1.10177
0.963708
1.01336
1.00408
0.935183
0.840549
1.0033
0.861274
0.755092
0.898883
1.09126
0.813394
1.01985
0.999618
0.960917
1.04794
0.959621
0.892819
1.13989
0.961726
0.814296
0.841313
1.00287
0.939726
1.20655
0.92064
0.952774
1.08417
1.16373
1.08658
0.870785
0.999767
1.08269
0.955717
0.827354
1.01545
1.08122
0.882456
0.983304
1.10908
0.983494
0.980117
0.985221
0.986227
0.900105
0.958359
0.86574
0.97343
1.06059
1.04105
0.920112
0.938474
0.944605
1.19915
0.848095
0.926137
1.02189
1.07259
0.998763
1.01685
0.897849
1.13542
0.968727
0.985248
0.964478
0.844891
1.12939
1.04113
0.960469
0.973623
0.959115
0.859457
0.952646
1.10556
0.7634
0.895169
0.902342
1.1404
0.877859
1.10621
0.94637
1.02397
1.03126
1.04528
0.925
0.985525
0.959523
0.979129
0.984456
1.16696
0.907633
1.08414
1.07923
1.01876
1.17898
0.863185
0.846324
0.974048
1.0291
0.866323
1.17089
1.01312
0.986471
0.916619
1.07575
0.880588
0.905798
0.944824
1.17693
0.910859
0.984659
0.91642
0.96091
0.883353
1.05049
0.954787
1.05164
1.11374
0.96159
1.08455
1.00596
0.946117
0.866513
0.985921
0.962704
1.28128
1.16507
0.986909
0.931457
1.00132
1.16831
0.950428
1.07062
1.03586
1.11943
0.87984
0.943251
1.00887
0.913138
1.26043
1.08993
1.124
0.984626
0.859019
0.947494
0.961405
1.15815
0.841211
1.05427
1.01333
0.992539
0.998319
0.933497
1.07418
1.03793
1.02275
0.915687
0.976144
1.04622
0.988834
0.983135
0.915827
1.04886
1.03036
1.13972
0.987789
1.19504
1.05587
0.84366
0.978908
0.990598
1.01288
0.917286
1.01771
0.854708
1.14954
0.870912
1.1236
1.05119
0.894437
0.980439
1.08376
0.970936
0.950482
0.936109
1.11237
0.978746
1.05568
0.988547
1.32872
1.11123
1.08104
0.935365
1.03782
1.16965
1.0645
1.00685
1.11233
0.975455
0.896104
1.17068
1.01817
0.987804
0.911016
1.03488
1.00549
1.10068
1.0029
1.0126
0.903336
1.13881
0.956509
1.12685
1.27086
0.985516
0.927568
0.948167
1.03533
1.04273
0.861451
1.09154
0.982958
0.942465
0.900797
0.9172
0.97202
1.1509
0.797443
0.959619
1.11978
1.15092
0.997353
1.0853
1.13382
0.922197
1.00845
0.985994
0.94405
0.858202
1.07565
1.01187
0.947944
0.807076
1.02196
0.991719
0.927829
0.969933
0.926642
0.940173
1.05314
1.01421
1.02094
0.931085
0.777397
1.0576
0.870838
0.868636
0.839482
0.846845
0.941383
1.07353
0.95342
0.931033
0.823437
0.986165
0.954534
1.07335
1.00581
1.09547
0.816912
0.923246
1.24657
0.922526
0.933961
1.03309
0.983766
1.10143
1.11671
0.894837
0.858249
0.924436
1.11252
0.893383
0.961146
0.880201
0.82503
0.931679
0.96532
0.901333
0.931175
0.881066
1.15964
1.1499
1.12872
1.21229
1.01853
1.21964
0.929873
1.01821
0.866451
1.15871
1.15972
0.835448
1.1314
1.03361
0.844074
1.00136
1.0386
1.08834
1.03251
0.814255
1.28527
0.95422
0.954835
0.99145
1.10577
1.15224
1.06278
0.976766
1.04068
1.30981
1.1126
0.991323
1.16931
0.908976
0.980425
1.04549
1.01593
0.977166
0.948547
1.05321
1.08598
0.85693
0.968955
1.02591
0.948039
0.874321
1.20568
0.948211
1.20468
0.925418
0.99517
1.05235
1.2055
0.864857
1.04507
0.970126
1.0582
1.18793
1.00122
0.947844
1.01365
0.921615
0.902712
0.98272
0.93476
0.922584
0.996167
1.12611
1.00406
1.10983
0.929056
1.28478
0.947828
1.03606
1.12948
0.896537
1.1132
1.09261
0.921715
1.05494
1.01113
1.09137
1.08393
0.855081
0.931329
1.01997
1.0745
1.01896
1.09351
1.08025
1.00386
0.955842
0.912751
1.08097
1.00904
0.926637
1.0318
1.02173
0.950569
1.11087
0.974099
1.07515
0.882457
1.07298
0.846297
1.18991
0.935463
0.760701
1.0433
1.01884
0.970179
0.996117
0.972803
0.940173
0.91869
1.06676
0.796203
0.982303
1.16809
0.798638
1.11792
1.18987
1.13738
0.920856
1.01233
0.968733
1.0804
0.876541
0.980721
0.93645
0.837813
0.979384
0.948077
1.04773
0.866037
1.08261
0.993477
1.07829
1.05254
1.2969
0.930107
1.0545
1.08392
0.984701
1.11694
1.1313
1.08027
1.00346
1.0769
1.16045
1.13635
0.824312
0.992056
1.0767
1.02713
1.02726
0.932786
1.06405
1.06073
1.004
0.942193
0.860948
0.952271
1.13307
0.893895
1.17082
1.25594
1.08485
0.995386
1.07552
1.09766
0.996748
1.16661
0.912892
1.00941
0.891972
0.851386
0.979241
1.09616
0.98575
1.06676
0.909604
0.953252
1.16577
0.90733
1.03893
1.03373
0.907981
1.02438
1.1019
1.11856
1.02478
1.20345
0.873788
1.07559
1.12018
1.12528
0.927432
0.97004
0.961592
1.17601
0.821552
0.978478
0.91593
1.08865
1.015
1.04657
1.09276
1.06113
1.16399
1.07436
1.10075
1.00442
0.909512
0.902646
1.13042
1.20624
0.831459
1.06005
0.895796
0.917398
1.01224
0.885713
0.976853
0.866887
1.1426
0.966203
0.865358
1.05918
1.09159
1.01157
0.96046
1.13108
0.987906
1.12073
1.17214
1.01983
0.803446
0.969397
1.06125
1.16698
0.919702
1.06398
1.04447
0.989966
0.986559
1.00554
1.22424
0.98049
0.963102
0.832741
1.05789
1.03652
0.917348
1.07357
0.929125
0.940994
0.949078
1.08883
1.02424
1.1074
0.990016
1.07497
1.07157
1.03968
1.06931
1.0058
1.03969
1.05142
1.02121
1.08662
0.987635
1.02846
0.963971
0.886136
0.999748
0.942151
0.904555
1.00873
1.09155
1.07319
1.02066
0.895175
1.1261
1.01142
1.15862
1.08437
1.02349
1.21177
1.17085
1.02334
0.996339
0.847172
0.977621
0.899415
1.04141
0.952701
1.01924
0.979938
1.20811
1.10031
0.912557
0.899995
0.971177
1.17575
0.952353
1.00709
1.13069
0.953781
1.03625
1.02829
0.984562
0.886467
1.02706
1.08139
0.941066
0.943698
0.931088
1.14934
1.07817
0.994494
1.12009
0.862905
0.841625
1.0406
0.971077
1.11969
0.846375
1.07912
0.955165
1.08892
0.967788
0.967353
0.994086
1.00875
1.09276
0.777127
0.803784
1.08014
1.03948
0.957623
0.993549
0.969916
1.04483
0.909986
1.04673
1.00348
1.03964
1.01296
1.06019
0.960526
0.926361
0.907205
1.06097
0.951651
1.00018
0.908113
1.04262
1.09223
1.01166
1.04816
0.930746
1.13389
0.951207
0.982144
1.04441
1.02294
1.14811
1.02486
0.975403
1.04249
1.2639
0.956272
0.812068
0.979284
0.862493
0.960058
1.04495
1.00455
1.08985
0.928168
1.07597
0.868517
0.980978
0.995793
1.01144
0.959413
1.16837
1.01757
0.825437
0.954151
0.933444
1.04913
1.00063
1.16317
0.966203
0.975185
0.930708
1.07434
1.0992
1.01847
1.03845
0.90396
1.13485
0.960518
0.880625
0.972469
0.798509
0.931412
0.969802
1.07407
1.00804
0.850182
0.992428
0.85454
1.03158
0.954963
1.08323
0.934757
1.09338
0.920014
0.984165
1.01483
0.847779
1.07713
1.07976
0.897172
0.985419
1.0371
1.07572
0.880046
0.964347
1.03736
1.15245
0.891929
1.0744
1.13106
1.00332
0.960484
1.03107
1.03519
0.967093
0.926491
1.04342
1.15593
0.970866
1.20815
0.94569
0.899046
0.975575
0.922941
1.01566
1.13232
1.11666
1.02828
1.02954
1.04818
1.06339
0.933917
0.977389
1.01359
0.804848
1.048
1.15276
1.03063
0.866477
1.14929
0.94509
0.835084
1.09556
0.937445
1.03236
0.912352
1.02038
0.93616
1.00676
0.857508
0.997697
0.984162
0.912778
0.829046
1.01896
0.820548
1.06161
0.960744
1.02539
0.896054
0.780975
1.12994
0.942656
0.995049
0.846317
1.04788
1.02967
1.06517
1.06974
0.950996
1.03711
1.14103
1.01081
1.02995
1.1228
1.05756
0.865221
1.13107
0.933825
0.953387
1.0914
0.932907
0.957455
1.02798
1.02066
0.988051
0.944662
1.12192
0.923732
0.945824
1.08703
1.00111
0.882906
0.963152
1.04175
1.13249
1.117
1.03658
0.982438
1.14547
1.05092
0.965224
1.10063
0.845175
1.24404
1.07085
0.970414
1.02931
1.15775
0.98718
0.95907
0.919807
1.21378
0.946988
0.816823
1.10923
1.10392
0.948103
1.05251
1.06462
1.01914
1.01012
0.942486
0.963002
1.08606
0.831569
0.915056
1.03353
0.942521
1.01215
0.997501
0.868919
1.03631
0.949205
0.918911
0.841909
0.912292
1.03652
0.988175
0.924972
0.880062
0.694804
0.964669
0.970433
1.02452
1.09052
1.12445
0.99461
1.04514
1.01685
0.98989
1.00516
0.977991
0.820931
0.944184
0.990351
1.01527
0.99088
1.04819
1.06396
1.15708
1.04041
1.07599
1.01448
1.13025
1.12811
0.950714
1.09104
1.00376
1.04622
1.03868
0.884052
1.01958
0.956523
1.09894
1.10983
1.14719
0.953645
0.942695
1.14235
1.33924
1.04917
0.883536
0.761515
0.953247
1.15124
1.07451
1.12082
1.06771
1.06249
1.06447
1.12595
0.872559
1.00438
0.995511
0.894946
0.94395
1.10151
1.05833
0.946348
0.972838
1.05777
1.12602
0.918051
0.928394
1.062
0.942525
1.10873
1.06428
0.967088
1.02807
1.04738
0.966444
0.945152
0.934869
0.989904
0.864392
1.07536
0.923258
0.998382
0.976328
0.910691
1.06903
1.05746
1.03884
0.951033
1.13328
0.979026
0.827598
0.970559
0.855909
1.10425
0.829337
0.889028
0.948874
0.919225
1.04721
1.00872
0.954488
0.893165
1.0347
0.779065
0.91919
0.818565
0.839532
1.0665
1.0584
1.02486
0.972219
0.960343
0.94037
0.930325
1.07453
0.74203
0.977845
0.93434
1.02008
0.936923
1.14085
0.978487
0.941142
0.99568
0.948239
0.937118
0.99404
0.942134
0.925826
1.02224
1.13172
0.96054
1.01612
1.03385
0.93787
1.08616
0.993207
0.893205
1.13932
1.02183
0.999276
0.878023
1.01157
1.05912
0.988571
0.973391
1.05832
1.00135
1.07404
0.868373
1.04943
1.09887
1.17448
0.959854
1.01253
0.978193
0.882856
0.978309
1.05316
1.07046
0.933543
1.14442
1.01045
0.963814
1.03406
1.08341
1.00761
0.991481
0.948179
0.840642
1.04347
1.09635
1.06739
1.12444
1.05003
0.914807
1.1551
1.12704
0.96462
1.00726
1.01524
0.963185
1.11559
1.1202
0.879333
0.92705
0.880558
1.03935
1.00581
0.915012
1.02728
0.961274
0.945914
0.958424
0.879596
0.724821
0.745314
0.954762
0.946491
0.985859
1.10297
0.888319
0.948825
1.19508
1.05202
0.905151
0.997099
0.943592
0.962025
1.02356
1.0668
0.764483
0.979779
0.956695
1.03032
0.873641
1.14961
1.02607
0.970913
0.964059
0.804018
1.01507
1.10634
0.990388
0.981453
1.18559
0.93486
0.816947
0.931911
1.01629
0.918398
0.902605
1.07877
0.793579
1.08243
1.02163
0.981559
0.997937
0.924931
1.08259
0.949237
0.870781
1.14865
0.955243
0.815428
1.04113
1.04347
1.16552
0.92343
1.05741
1.04525
1.15192
0.953487
1.03364
0.949006
1.05006
0.952225
0.837891
1.02127
0.984579
0.942024
0.877884
0.982158
1.16784
1.04743
1.00646
1.0328
0.943746
1.0273
1.02647
0.839353
1.06568
0.854872
1.11174
0.965241
0.856355
1.01184
1.02318
1.19626
0.986207
1.09523
0.982755
1.21468
0.91751
1.06904
1.00168
0.995733
1.19744
0.90187
1.05366
1.2584
0.818123
0.921974
0.973127
0.958722
1.01192
0.959249
0.902913
1.0194
1.03877
1.05148
1.01279
1.10997
0.977797
1.20204
0.784249
0.905084
1.04938
1.08461
0.958659
1.06158
0.96961
0.955936
0.957049
1.02835
1.05343
1.08474
0.939846
0.950373
0.959664
0.89115
1.09419
0.911765
1.14044
1.02072
0.982327
0.9011
0.976402
1.04741
0.911123
1.16898
0.900146
0.923477
0.93529
0.883335
0.884388
0.99427
1.05585
1.07308
1.17303
1.11488
1.13371
0.808678
0.953957
0.930564
1.18053
0.987132
1.08694
1.02334
1.22545
0.976225
0.856488
0.935525
1.00584
0.99305
0.996778
0.904197
0.820064
1.08749
1.05339
1.09096
1.11033
0.900476
0.906769
1.17763
1.21219
0.901559
0.973806
1.06542
0.896658
0.971845
0.976545
1.00263
0.880255
1.02223
1.03769
0.984782
1.11721
0.740709
1.13008
1.06789
0.917384
0.90811
0.890796
0.882856
0.987684
0.914654
1.06305
1.0088
0.883303
0.972569
0.943706
0.993939
1.0476
1.13725
0.948943
1.01014
0.912067
1.02517
0.999249
0.982437
0.957598
1.0649
1.13174
1.0572
0.851412
1.17639
0.996824
0.943637
0.968005
0.926629
1.04328
1.06922
1.03901
1.00974
0.97619
0.948571
0.992842
1.07012
0.827903
0.956244
1.08984
1.02307
0.959621
0.879371
0.914478
0.959013
0.812787
1.0964
0.903102
1.05816
1.02737
1.03541
0.921377
0.991233
1.0102
0.900994
0.913862
1.08331
1.1068
0.904366
0.971034
1.02493
0.94357
1.04859
0.99764
1.04943
1.09552
0.862923
1.26166
1.08975
1.12872
0.922811
0.976834
0.898262
1.01952
1.12009
0.894281
0.94767
1.02391
1.0478
1.03165
1.13013
1.10879
0.983973
1.14052
0.825137
0.897514
1.15841
0.886585
0.861466
0.923391
0.937748
0.97247
1.09085
0.945063
1.05433
0.975207
1.27811
0.898155
0.985234
1.07617
0.86459
1.05218
1.07978
1.07671
1.08119
1.04467
1.00517
0.880849
0.8047
1.10133
0.999139
0.93975
0.872224
1.11683
0.883494
1.28643
1.06131
0.900535
1.0609
0.867592
0.887114
0.832976
0.874092
1.00345
0.986128
0.839161
1.03652
1.18408
1.06937
1.0141
1.10866
1.11257
0.967617
1.13255
1.11009
0.980972
1.07049
1.02461
0.961663
0.991978
1.09791
0.936357
0.956724
0.904263
1.22524
0.834599
1.07281
1.15512
0.8771
0.914622
0.874404
1.11121
0.739785
1.04565
0.986216
1.03845
0.984094
0.97361
1.15385
0.867516
1.18943
0.940773
1.12583
1.04605
0.935933
1.14377
1.02172
0.941046
1.02806
1.02734
0.910521
0.959169
1.25222
1.02137
0.958634
1.00675
1.09321
1.0767
0.977193
1.15097
1.0628
0.97027
1.09736
0.840114
1.01872
1.16193
1.00717
0.862699
1.10126
0.950188
0.92916
1.10936
1.22299
0.878901
0.864942
1.19298
0.891354
0.994753
0.972963
0.881319
1.24481
1.09903
1.08419
0.973874
1.15804
0.929362
1.17476
1.11342
1.02748
0.986213
0.962279
0.976739
0.790596
1.0174
1.04977
1.03735
0.926777
0.777991
1.10807
1.01472
0.882037
1.02927
0.979651
1.06762
1.09095
0.911651
1.0086
1.11494
1.11977
1.04011
1.05614
1.12721
1.19364
0.962762
0.960068
1.13622
0.9705
0.834851
1.27417
1.07245
0.95092
0.842291
1.10293
1.15284
0.929549
1.10854
0.968575
0.878899
0.992815
0.943863
1.00107
1.06238
1.13832
1.01287
1.31722
0.889521
0.983505
1.01259
1.03513
1.10049
1.02057
1.04654
0.991778
1.06833
0.944611
0.971572
1.08693
0.973181
1.03893
1.06494
0.985686
1.2313
1.12394
1.07921
1.01706
1.0541
1.05261
0.808095
0.937222
0.973241
0.9945
0.987887
0.997897
1.08508
0.873442
0.990596
1.14517
1.00629
0.896733
0.953115
0.958783
1.05625
0.922689
0.959179
0.889901
1.07973
0.9522
1.20447
0.959339
0.846957
0.920882
1.04293
0.943051
1.01726
1.03781
1.02281
1.17964
1.18416
0.986293
0.87567
1.20565
0.93331
0.985572
0.824758
0.856582
0.992911
0.930632
1.03395
1.03248
0.899822
0.948128
0.950186
0.827244
0.94901
0.806291
0.997575
1.13253
1.13509
0.964753
0.98457
0.809103
0.982019
0.868249
1.06015
1.20937
0.993701
0.902121
1.11108
1.28896
0.817114
1.06201
0.952614
1.01143
1.09894
0.885592
1.121
1.08306
1.04661
1.15222
1.06185
0.909403
1.22054
0.863039
1.04552
1.01811
1.28603
1.06474
1.00109
0.995657
0.918175
1.05382
0.899465
1.01862
0.94544
1.00089
0.999266
1.06762
1.18668
0.92126
1.00185
0.846696
0.982369
1.21975
0.815118
0.890834
1.10047
1.10897
1.01231
0.931337
1.1002
1.06595
1.12328
0.927248
0.919019
0.941085
1.15821
0.869381
1.13012
0.966206
1.03383
0.921326
1.0046
1.04199
1.12896
0.909325
0.986755
0.982464
1.0018
0.890283
0.774271
1.08254
0.865987
1.06062
0.912364
0.682083
1.12502
0.942884
0.992195
1.10397
0.950456
1.01222
1.2126
1.04482
1.20156
0.964377
1.22457
1.09579
0.892624
1.00344
1.05755
1.06027
1.12125
0.956545
1.1252
0.983883
1.05053
0.99875
1.134
1.01649
0.860703
1.35026
1.00197
0.87647
0.973895
0.872404
1.15312
1.01425
0.798709
0.931473
0.827078
1.02955
1.04884
0.998128
0.813061
0.956219
1.09884
0.959308
1.09842
1.04229
0.951973
1.04983
1.00069
0.957478
1.05968
0.94217
0.9244
1.09827
0.894992
0.820896
1.02399
1.13738
1.17176
0.92751
1.25127
0.887855
0.96728
0.928843
0.964802
1.0903
1.07021
1.09577
1.05402
1.045
0.958268
0.861088
0.914813
1.00583
0.974833
1.00336
1.13197
0.918515
0.895846
0.898484
1.02403
0.92486
0.999394
1.2025
1.03078
1.09991
1.017
0.859686
1.18239
1.02131
1.17217
0.977341
0.838814
1.21353
0.909576
0.871112
0.754057
0.966488
0.999042
1.11051
1.01991
1.02545
0.947513
1.12276
1.05044
0.973127
0.920117
1.10805
0.811805
0.991236
0.733507
0.950268
1.03414
0.978557
1.11175
0.921361
0.919786
1.07206
0.942527
0.988369
1.03206
1.238
1.02654
1.22641
1.01058
1.01067
1.00391
1.06461
1.08775
0.958962
0.942829
1.05847
1.48
1.01281
1.13001
0.978636
1.01991
0.804598
1.23884
1.00769
1.01479
0.868354
1.1506
0.961094
1.18657
1.05552
1.0221
1.11539
1.01315
0.98191
0.99377
0.953006
1.03215
1.0375
0.984482
1.19607
1.00908
0.819615
0.804153
1.08361
0.972315
1.07008
1.13603
0.945834
0.786947
0.951248
0.998032
1.1369
0.993464
0.974574
1.04447
1.02291
1.05984
0.970784
0.978274
1.0665
0.908224
0.896151
0.968626
1.09488
0.939089
0.969921
1.00976
1.1283
1.14182
0.982942
0.989752
0.942932
0.870929
0.851226
0.965981
0.894275
0.965875
0.911345
1.0714
1.03652
0.982935
0.953348
1.07798
1.0462
1.03926
0.895468
0.945021
1.03544
1.06673
0.857931
0.908025
0.985657
1.19046
1.0828
1.01549
1.29888
1.12407
0.967286
1.01807
0.916604
1.01191
1.08579
0.96957
1.06472
0.96506
1.06054
1.00267
1.07394
1.07548
1.07926
0.945705
0.874845
1.1485
1.03572
0.959576
1.01623
1.03169
1.19323
1.07915
1.10645
1.22554
0.961176
1.00172
0.799958
0.987445
1.10973
0.990181
1.15646
0.998441
0.848611
0.83956
0.847176
0.904981
1.11234
0.889536
1.21259
1.06522
1.00548
1.02629
0.982907
1.04023
1.09403
1.02201
0.889597
1.1707
0.969108
1.05296
1.08948
1.14154
0.868539
1.01531
0.988065
0.982634
0.943781
0.980108
1.08296
0.816238
0.853765
1.00329
0.879043
0.898656
0.921187
0.956242
0.960729
0.93838
1.06348
1.11582
0.99643
0.979615
0.997357
1.05569
1.02957
1.00607
0.984883
1.3236
0.874177
0.918793
0.976923
0.943046
0.778496
0.990925
1.05562
1.09021
1.07611
0.974626
0.935035
1.12723
0.968762
0.942185
1.04266
0.919187
0.983592
1.03774
1.02336
0.94748
0.999832
1.0545
0.909437
0.883332
0.930556
1.10542
0.951635
1.16329
0.850116
1.10664
0.911393
0.838058
1.0154
1.06434
1.10406
0.854895
0.885401
0.883937
0.861161
0.883988
1.14136
1.09003
1.14286
0.933208
0.952926
0.916794
1.08181
0.959511
0.85706
0.885739
1.00357
1.08304
0.883353
0.827548
1.01817
1.17261
1.11959
1.00672
0.988741
0.96312
0.888489
0.999236
1.01759
0.893722
1.04687
0.902929
1.16401
1.04798
0.91606
0.869163
0.932919
0.926971
0.78753
1.20116
1.2224
1.00513
1.01647
1.07005
0.933301
0.919178
1.02714
1.05126
1.06294
1.13287
1.1052
0.95745
0.974075
1.1202
0.918092
0.903759
1.02242
0.950632
1.13039
1.18267
1.02878
1.08854
1.0493
1.00372
0.921966
0.844965
0.92315
0.926601
0.958415
0.81446
1.08999
0.985477
1.1007
1.23588
1.13708
1.05683
0.789731
1.06822
0.968844
0.873305
1.07965
0.95773
0.893328
1.00661
0.972107
1.21892
1.09599
0.865421
0.81367
1.05002
1.04173
1.02773
0.917391
0.992341
1.16588
1.02651
1.28309
0.888586
0.973648
0.925709
1.10794
0.834042
0.987132
1.00762
1.02212
0.953822
0.978705
1.1071
0.903671
0.947024
0.811231
1.03718
0.866137
0.91974
0.877177
0.966769
0.801963
1.07892
0.967724
0.887046
1.02343
0.954999
1.078
1.03439
0.957371
0.955832
0.993217
0.905455
1.00564
0.964174
1.02976
1.20451
0.831928
0.888746
1.03046
0.756601
0.968624
0.98306
0.973186
1.12808
1.00279
0.872438
0.97154
0.958398
1.007
0.911373
1.09091
1.00249
0.915122
0.862859
1.03517
1.07382
0.944563
0.90752
0.989015
1.16327
1.00714
0.858224
0.995284
1.06488
0.962047
0.998003
0.991978
0.942251
0.980919
1.059
0.967028
0.814942
0.973441
0.861613
1.08903
1.00166
0.909331
1.17239
0.920125
1.04925
0.945561
1.1174
0.996345
1.01967
0.930902
0.839458
0.847328
1.00666
1.02927
1.24056
1.0408
0.914856
1.00748
0.929403
1.00894
1.11991
0.94736
0.905902
1.01003
1.02285
1.14789
1.12709
0.96533
0.979666
0.908352
0.952643
1.02632
1.13074
1.06448
0.950487
1.01781
0.880474
0.88476
1.00406
1.0024
0.916866
1.02576
1.07165
1.05213
0.940299
1.0282
0.927148
1.0206
1.02876
1.08232
1.02953
0.892136
1.00301
1.07324
0.951731
0.953904
0.958152
1.1254
1.00066
1.07138
1.09129
0.889202
1.22995
1.02737
0.973368
1.04693
0.988045
0.993368
0.88521
1.14035
0.921225
1.09056
1.23336
1.08595
0.950679
0.92518
0.849475
0.916446
1.00588
0.929926
1.21198
1.01904
1.27429
1.02804
1.02246
1.02227
0.882678
1.08549
1.09101
1.20668
1.11422
0.938542
1.02477
1.06539
1.06741
0.927884
0.91057
1.03216
0.922689
1.12145
0.777962
0.807942
0.993751
0.969952
1.01455
0.946468
1.07404
0.997353
1.00511
1.01277
1.10079
1.25242
0.938796
0.944663
0.84725
0.976043
0.983101
0.989064
0.889649
1.07277
1.04618
1.07012
0.882195
1.14992
0.882785
1.08654
0.74916
0.889819
1.01461
1.12293
0.977682
1.0684
0.9003
1.14502
0.888963
1.06855
0.949191
1.22183
0.931248
1.0293
0.931732
0.955178
1.18888
0.844605
1.14311
0.915528
0.954942
0.888681
0.954579
0.923576
1.07184
0.967825
1.04851
0.763756
1.00863
0.966298
0.931558
1.09991
1.02195
0.977985
1.00925
1.07036
1.00981
1.01345
1.01695
1.08668
0.902419
0.992676
0.98832
0.874727
1.03215
1.03573
1.00656
0.995115
0.948749
1.09561
0.965552
1.0695
1.00968
1.11433
0.973098
1.08087
1.00201
0.951013
1.03974
1.05008
1.01228
1.02888
0.822086
1.06521
1.06969
0.958863
0.999689
0.95103
1.04424
0.925017
0.920064
1.02718
0.891464
1.03497
1.03186
0.806701
1.04662
1.00573
0.988714
0.929363
0.867984
0.960349
0.89559
1.00316
1.09739
1.00941
1.19258
1.01387
1.08843
1.01355
1.02139
1.0783
1.04551
0.768693
0.959262
0.890776
1.07679
0.932403
0.868066
0.853754
1.09771
0.799242
1.07317
0.918725
0.896722
0.932419
0.981889
0.924722
1.00697
0.869208
0.891215
1.13166
1.16658
0.988991
1.03615
1.12914
1.0926
1.0502
1.01897
0.880535
1.13371
1.00254
0.863775
0.970554
0.859941
0.989114
1.02461
0.883282
1.05571
1.00085
0.952501
0.951351
0.928861
1.20878
1.07107
0.950924
0.955236
1.13497
1.12958
0.906498
1.10592
1.01655
0.938159
0.963803
0.975974
0.960219
1.10704
0.838478
1.00841
1.01828
0.978741
0.999016
0.948602
1.23534
0.884959
0.94662
1.04261
0.913313
0.94149
1.09352
0.865342
1.1474
1.0372
1.02815
1.00059
0.905193
0.852159
0.850713
0.911219
0.899036
0.999706
0.983149
1.08524
0.926173
1.08667
1.02684
1.03688
0.937129
1.12166
0.911161
1.0366
1.12325
1.09231
1.02043
0.984247
1.17977
0.968254
1.24312
0.846305
1.07463
0.976515
1.13367
0.935133
1.01989
0.849551
1.05315
0.915559
1.09808
0.951278
0.955431
0.886589
0.922695
1.1202
1.08045
1.08026
1.13715
0.960716
0.934013
1.03115
1.15584
1.12173
1.14485
0.983224
1.04653
1.05301
0.817121
1.09521
1.00095
1.01401
1.15282
0.978725
0.989726
1.06539
1.1188
0.912775
1.07811
1.01863
1.02519
0.999288
1.28486
0.947144
1.04977
0.970846
1.11306
0.843013
1.03546
0.991316
0.946076
1.13337
1.04295
1.12803
0.846979
0.916389
0.998897
0.835352
1.14744
0.913038
1.05385
1.00617
0.957464
1.16463
0.940856
0.962443
1.02491
1.01265
1.04807
1.12364
1.07847
1.14524
1.16924
1.03561
0.809368
1.03083
1.06912
1.07566
0.901458
0.900497
0.958845
1.00538
1.03366
1.07511
0.94228
0.857264
0.966337
1.05574
0.954941
0.94712
0.943914
1.1002
1.0363
1.11977
0.920138
0.888389
0.901334
0.806604
0.977665
0.89571
1.01227
0.802777
0.847725
1.0175
0.980707
0.919594
1.06241
0.941979
1.13372
1.13896
0.854067
1.10289
1.04656
0.843108
0.85702
1.10069
1.01507
1.15565
0.964343
1.02149
0.889191
0.897461
0.916287
0.859938
0.872926
0.886763
1.09748
1.0499
0.973357
0.963764
0.99303
0.955735
0.97464
1.10303
0.967422
0.836961
1.05416
1.02622
0.825135
1.05363
0.963376
1.03561
1.01269
1.05685
1.21649
1.03482
0.939997
0.96875
0.994716
1.17535
1.26635
0.905535
1.11963
1.06876
1.14279
0.865641
1.02014
0.866941
1.21735
0.96426
0.940785
0.981998
0.900823
0.872601
1.10735
1.15463
0.999244
1.10391
0.983409
0.867123
0.958309
0.995054
0.958001
1.03796
0.957908
1.04429
1.05702
1.16058
1.03999
1.15833
0.956623
1.06384
1.03371
1.04403
0.99159
1.02732
1.14151
1.0298
1.09944
0.980169
0.982555
1.24684
0.907139
0.878343
0.870582
1.05743
1.00172
0.938215
1.0878
1.04546
0.876765
1.11844
0.91439
1.03234
1.02293
1.01639
1.03311
0.881359
0.921551
0.923306
1.03077
0.949236
0.976116
1.00055
0.989426
1.02133
1.01087
1.03676
0.774677
0.978769
0.890075
0.985544
0.917572
1.09398
1.022
0.925867
1.16068
1.07781
1.02258
1.0211
1.08343
1.07718
1.12102
1.11856
0.952749
1.00612
0.981127
1.04916
0.851847
0.981346
0.922856
1.00988
0.961258
0.989685
0.952619
1.12218
0.942606
1.05287
0.974979
1.00251
0.918895
1.05083
1.01503
0.883123
0.982055
1.04078
0.945078
0.889504
1.06984
1.03351
1.00952
0.912365
0.932587
1.02014
1.09022
1.14512
1.06058
1.00664
1.01623
0.916722
1.15268
1.132
0.961126
0.878165
1.19664
0.863741
0.950559
0.987781
0.894078
1.16428
0.895766
0.957723
0.920753
0.816607
0.921926
1.00883
1.02864
1.00052
0.932422
1.1148
1.0441
1.14529
0.971419
0.884308
1.00183
1.05341
0.853663
0.979639
0.99709
1.12901
1.11569
0.957268
1.01616
0.967616
0.927337
0.93228
0.925914
0.992195
0.93337
1.02381
1.14304
0.92592
0.987494
0.935075
0.833333
1.07187
1.02515
0.958002
0.976133
1.0879
0.867053
1.08873
0.97666
1.04551
1.14739
0.911188
0.906121
1.09219
1.26011
1.05861
1.06568
1.10661
0.969401
1.0285
0.930669
1.13505
1.07795
0.827958
0.862562
0.998619
0.894812
1.19002
1.10483
1.03948
0.999348
0.927217
0.921145
1.00148
1.08208
0.923225
1.076
1.19296
0.818368
1.13566
0.973381
0.874126
0.940517
1.14842
1.09998
1.05392
1.07145
1.037
1.18215
1.10819
0.910774
0.975693
1.09717
1.09241
0.89609
1.09183
0.873399
0.96025
1.03583
1.2407
0.927588
1.08313
1.03458
1.12083
0.986715
1.04579
1.00881
0.995659
1.14135
0.864982
1.08929
0.888566
0.897899
1.10955
1.15901
1.11351
1.08638
1.00115
1.08152
0.953803
0.842858
1.09968
1.04849
1.07885
0.970276
1.07355
1.00013
0.918747
0.965347
0.9795
1.05381
0.965543
1.01235
1.13573
1.04452
0.930397
1.10797
0.925695
0.961817
0.925077
1.00757
0.888634
0.920944
1.01741
0.915786
1.06561
1.0156
0.978027
1.08659
1.0215
1.01622
0.999227
1.01122
0.915095
1.13472
1.09618
1.02949
1.14005
0.934721
1.00769
0.818602
0.864009
0.924827
1.05748
1.02
0.93331
1.05966
1.03224
1.03036
0.872134
0.892822
1.08022
1.10102
1.13901
0.994885
1.13247
0.942402
0.817793
1.11837
1.05084
1.00609
0.991387
0.987456
1.05125
1.08754
0.87899
0.987543
0.813623
0.916098
0.906365
1.00411
0.977701
0.934105
0.956558
1.11519
1.00578
0.971536
1.01273
0.934326
0.934586
0.960749
1.12412
0.963628
0.989456
1.01014
1.10837
1.05201
0.939968
1.04678
1.00022
1.00873
0.865622
1.11457
0.911914
0.975683
1.04151
1.02937
1.03409
0.849734
1.01476
1.21397
1.03349
0.854221
1.02393
1.02729
0.950204
1.10413
1.03393
0.973888
1.14675
1.1609
1.10975
1.18479
1.08695
0.934002
1.07544
0.897712
0.997414
0.924529
1.07606
0.808181
1.08265
1.09648
0.903467
1.0061
0.980589
0.992413
1.09713
1.11591
1.11094
0.929992
0.958717
1.1183
0.803879
0.832392
1.002
0.863773
0.932268
1.04274
0.969865
0.884097
1.11417
1.04425
1.03767
1.10703
1.10678
0.916472
1.16457
0.868553
1.00078
1.05687
0.843055
0.925141
1.03561
1.05609
0.930269
1.02978
1.14502
1.03832
1.08981
0.898233
0.935809
0.995391
0.897308
0.993183
1.05307
1.01398
0.849547
1.15581
0.920618
1.06799
0.874336
1.22244
1.03256
1.04874
1.01475
0.966379
0.877325
1.07019
0.886991
0.983445
1.13212
1.20534
1.17206
0.879492
0.994281
1.00659
1.24514
1.01882
0.949219
1.18582
0.937975
0.939463
0.975228
1.15306
1.23693
0.848235
0.953677
1.03372
0.889257
1.01244
0.996389
1.20104
0.859851
0.884007
0.938297
0.913098
1.16373
1.24831
1.06035
1.07161
1.04716
1.13794
1.09109
1.0455
0.8516
0.889277
1.00871
1.05812
1.04889
0.978275
1.14949
0.895668
1.19951
0.926214
0.892057
1.06432
0.969593
1.00357
0.956565
0.969326
0.962945
0.993968
0.889458
1.10305
1.02172
0.888203
0.8696
1.11852
0.913487
0.819145
0.784526
0.766065
1.03812
1.06799
1.05633
1.04717
0.957679
0.952792
0.889707
1.16959
0.884886
1.14399
1.03165
0.87059
0.9752
0.873095
0.869205
1.08641
1.10591
1.0161
0.905971
0.94502
1.05685
1.04136
1.31007
1.03634
1.0162
1.02653
1.02415
1.08507
0.97197
0.930453
0.915338
0.973109
1.044
0.930469
0.970686
0.999234
0.957665
1.07571
1.17106
1.16905
0.9221
0.936547
1.1309
1.08029
0.951977
0.9163
0.960873
0.985747
1.20191
0.843226
0.900198
1.12177
1.31097
0.906727
0.945035
0.927602
0.889428
1.03933
0.864986
0.910436
0.988676
0.922153
0.805693
1.13042
1.10442
1.02012
0.984845
1.07685
0.968433
1.03942
0.911397
1.07223
0.981825
0.895225
0.978061
1.09509
0.979627
0.999512
1.07775
1.1366
0.909125
0.991857
0.974381
1.02098
1.04264
1.1135
0.867583
0.931521
1.00212
0.991312
1.09104
0.905374
1.06316
0.957684
0.954965
0.79648
0.80638
1.00006
0.942071
0.975536
0.859715
0.839643
0.961279
1.12587
0.948648
0.959589
1.0184
1.11349
0.938456
0.988325
0.896124
0.958133
1.00281
0.943403
1.0133
1.29237
0.95658
1.09841
1.04898
1.01696
1.05796
0.903554
0.974708
1.02247
1.1268
1.08102
0.995681
1.07433
1.01565
0.868861
0.944063
0.928478
0.970776
1.09035
1.11065
0.937692
0.974396
1.11463
1.08355
0.940049
0.904108
0.787618
0.836409
0.848587
1.11978
1.05797
1.061
0.936173
1.07642
1.04502
1.16442
1.00504
0.937374
1.21176
0.917883
0.878875
1.03805
0.913139
0.929306
1.02423
0.997442
1.03241
1.0378
1.06374
1.14394
0.932438
0.831096
0.988957
0.991132
1.16625
0.868547
1.02778
0.941816
1.13496
1.11164
0.812085
0.999545
0.961833
0.871759
0.949009
0.93754
0.986477
1.06728
1.05132
0.990921
0.98238
0.98352
0.904188
0.95214
1.08518
0.828771
0.858365
0.880768
0.905428
1.07856
0.841662
0.97451
1.0857
0.976136
1.01535
1.08892
1.03299
1.11674
1.00197
0.911859
0.942176
0.895502
1.22661
0.859593
1.05912
1.03768
0.921552
0.967806
1.08253
1.08562
0.800064
0.83806
0.912875
0.90359
0.922834
1.0847
0.966583
1.12282
0.979008
1.12692
1.03992
0.944074
0.927566
0.952754
0.964552
0.988674
0.881964
1.00486
1.07986
1.07352
1.01472
0.998698
1.15941
0.81263
1.05697
1.09535
1.09185
0.90947
1.10411
0.921376
0.931933
1.15098
1.01093
1.06418
0.934472
0.830022
0.942183
1.05979
0.976972
1.0339
0.927849
0.865289
1.06033
0.95535
1.07062
0.993709
1.06283
0.856251
1.03904
1.01707
0.892947
0.901733
0.99266
0.904451
1.04321
1.06228
0.850906
1.07074
1.09527
0.979658
0.940701
1.12431
0.841019
0.999995
1.06837
0.811686
0.995581
1.02992
0.83112
1.08434
1.07915
0.950844
1.09302
1.16611
1.0561
0.868402
0.884402
1.08337
0.965897
0.863353
0.929237
0.996183
1.00509
1.05354
0.874388
0.949183
0.978125
0.86302
0.939803
0.992631
0.977701
0.865632
1.00215
1.06586
1.11675
0.938947
0.988479
0.890259
1.05711
0.960917
1.1282
1.10938
1.17489
0.969464
0.938283
0.991445
0.984242
0.870508
0.905832
0.906531
0.916708
0.789759
0.848594
1.09342
1.07843
1.15486
1.19308
0.974125
0.967107
1.13636
1.01843
0.980145
0.980537
1.09817
0.951163
0.960091
0.957593
1.00753
1.01473
1.26948
1.03765
1.01986
0.938379
1.17538
0.908064
1.04977
0.86123
0.945443
1.01114
1.05263
1.01943
1.07495
1.07585
1.00512
0.910031
0.906863
1.26244
0.996126
1.07077
1.03241
0.99318
1.04973
1.06016
0.96515
0.957024
0.87114
1.05022
0.921707
1.00178
0.841191
0.898565
0.848809
1.19542
0.998884
1.02627
1.07954
1.12873
0.857917
1.11601
0.886146
1.02355
1.10455
1.02131
0.98604
0.789837
0.98625
1.03432
0.969297
0.813075
0.994706
1.06526
1.09278
1.10066
1.1561
0.805172
0.968659
0.997984
1.12525
1.1147
0.997614
0.905342
0.887796
0.910534
1.04405
1.04211
0.894182
0.944891
0.911857
1.07117
1.15346
0.896649
1.00038
0.927375
1.05225
1.00153
0.847836
0.967265
0.946448
1.09292
1.23959
0.872034
1.05168
1.37752
0.952046
0.944881
0.927095
0.917834
1.08308
1.14984
1.06165
1.12523
1.0297
1.04967
1.08243
1.01032
1.07074
0.982379
1.03916
1.14343
0.933002
0.964657
1.09741
1.10421
1.12329
1.05966
0.931145
0.941145
0.869696
0.982532
1.32655
0.986881
0.966269
1.03482
1.27328
0.995613
1.16306
0.963698
1.05119
1.17879
1.06792
0.917747
0.759067
0.859838
0.970057
0.969157
0.907127
0.817903
0.97252
0.976759
1.02247
1.15529
0.841098
0.877084
0.930327
0.940938
1.15762
1.24915
0.992186
1.10666
0.960138
0.848705
0.827512
0.961674
0.908108
1.11856
1.02147
1.0016
0.88218
1.0693
0.898301
0.930833
0.850614
1.14158
0.893577
1.0094
0.953545
0.997589
1.12195
0.909515
0.914564
0.915314
0.889242
1.02139
1.15886
0.839771
1.01733
1.00074
1.12929
0.931851
0.882566
0.880071
1.07873
0.831017
0.92812
1.02469
0.890093
0.994432
1.10393
1.13918
0.935465
1.02579
1.04182
0.977894
0.863051
1.0532
1.05464
0.894283
1.04173
0.81716
0.937246
1.00245
0.938673
1.0922
0.924768
0.966724
0.985998
0.834943
1.05448
0.82519
0.802405
0.791144
0.885141
0.801029
0.805144
1.21178
1.00615
0.932991
0.851763
1.11255
0.905685
1.07803
0.916188
1.03724
1.02417
0.927257
0.942131
0.869609
1.00034
0.959734
0.929165
1.2542
1.06863
0.753595
1.00537
1.13677
1.05423
1.02071
1.04522
1.03973
1.05758
1.18319
1.07405
0.943359
0.952563
0.924356
1.06597
0.868405
1.01831
1.02465
0.980965
1.04639
0.874976
1.11427
0.949615
1.25766
1.05302
0.907732
0.99881
1.06733
1.02084
0.937974
0.928497
0.905612
1.17074
0.998567
0.910473
0.86464
0.889252
1.10873
0.784287
1.02646
1.00533
0.946229
0.979565
0.895021
0.963899
1.01663
0.966541
0.882708
0.964717
0.967095
0.929962
1.05526
1.24838
0.991144
1.2145
1.05762
1.31656
1.02714
0.946778
0.79532
0.843738
0.859642
0.851935
0.830666
1.00367
1.00089
0.948882
1.00586
1.11327
1.12157
1.03975
1.05868
1.05911
1.02267
1.00556
0.984123
1.03117
0.913317
0.883577
1.08378
1.01922
1.26698
1.10456
1.10313
0.89949
0.907023
1.2016
0.887412
1.1036
0.960102
1.13469
0.967498
1.07112
0.971543
0.846265
1.06026
0.867335
0.98188
0.99164
1.04417
1.00117
0.95669
0.979567
0.873215
1.15412
1.00473
0.944474
0.890016
1.02922
0.98481
1.20659
1.20687
1.06437
1.18186
1.09751
1.1888
0.797199
0.924857
1.02703
0.824277
1.03957
0.923981
0.974291
1.05044
1.19907
1.01642
1.08151
1.08363
0.891649
1.00754
0.904827
0.984363
0.942652
1.22392
0.998082
1.03279
1.02083
1.11118
1.03947
1.13536
0.799351
0.922164
0.981642
0.941697
0.920263
1.01182
0.946838
0.939487
0.854904
0.979691
1.03868
1.04811
0.936065
0.923727
1.0183
0.853051
0.903066
0.979386
1.04863
0.947133
1.128
0.983154
0.94712
1.03816
0.969168
1.01385
0.965354
0.845978
1.07192
0.942219
1.2063
1.01637
0.972595
0.95031
0.992465
0.926959
1.08278
1.04349
0.90194
1.08792
0.90793
0.803584
1.1444
0.964121
1.09704
1.0205
0.866454
0.937563
1.1932
1.02323
0.875455
1.01013
0.8925
0.946528
1.02172
1.12283
1.17951
1.2851
0.811525
1.06311
0.915081
1.09029
1.19682
1.22929
0.985387
1.04684
0.893411
1.00906
1.07036
0.927633
0.810353
0.793759
1.14644
0.911855
0.812379
0.958455
0.97429
0.763592
0.966289
1.00791
1.03232
1.12305
0.874331
1.24644
0.936651
1.05885
1.03133
0.880135
0.986795
0.975011
1.01205
0.867977
1.11025
0.896387
1.08868
1.06471
1.01736
1.03329
1.01414
0.928717
1.35342
1.08426
0.991046
1.08699
0.869314
0.903524
0.810691
0.970845
1.02142
0.921548
1.00288
1.01233
1.07142
0.893544
1.04626
0.867895
1.00732
0.980596
1.01432
1.01073
1.02469
1.10687
0.816484
0.972011
1.01074
1.11999
1.0113
0.788526
0.902206
0.964901
0.954999
0.88819
1.02115
1.07281
1.1122
1.20288
1.02468
1.14349
1.19608
0.842586
0.926646
1.21236
0.997678
1.20749
0.985221
0.910957
0.836932
0.976819
1.00869
1.01886
0.862176
0.984232
0.958842
0.998461
1.09064
1.10674
1.06979
0.935613
0.785722
1.03505
0.927325
0.958931
0.997405
0.988025
0.941674
0.907013
0.859945
0.923274
1.00916
1.0366
0.833544
0.825739
0.97924
1.16944
1.11172
0.885621
1.04714
1.01315
1.02316
1.0208
1.04233
0.788877
0.961556
1.0073
1.28179
1.08629
1.11435
1.16648
0.9199
1.09823
1.06492
0.962398
1.05221
1.08669
0.91232
1.10418
1.00263
1.06832
0.936151
0.970611
1.11122
0.792685
1.07021
1.0465
1.23308
0.852904
0.898508
0.920507
1.0703
1.08747
1.25659
1.15931
1.15041
0.862007
0.938112
0.976675
0.833009
0.99537
0.932134
0.931164
0.942663
1.01863
1.03732
0.982343
0.88463
0.931937
0.885341
0.840448
1.02323
1.11525
1.0463
0.823038
0.849904
0.783789
1.17003
1.09895
1.05452
0.8864
1.02567
1.02136
0.87857
0.944255
0.982368
1.09574
0.864976
0.912647
0.975389
0.900097
0.82299
1.08356
1.06164
0.961223
1.18649
1.11985
1.1664
0.911462
1.04993
0.771902
0.908862
1.02779
0.895234
0.992427
1.00541
1.2309
0.752422
0.945105
1.08609
1.08154
0.935061
1.07777
1.14844
0.90512
1.0046
1.00109
0.864304
1.13184
1.05857
0.862188
0.942691
0.954113
0.947727
0.977573
1.08819
0.996719
1.01853
1.01345
1.05237
1.13771
1.01108
0.955374
0.978105
1.08345
0.978814
1.11443
1.10884
0.883679
1.1722
1.24309
1.15978
0.997848
0.902718
0.919461
0.981921
0.951752
1.02069
0.915255
1.02881
0.886897
1.03031
0.977379
1.13448
0.967559
1.00559
1.11914
1.03426
0.907475
1.12111
0.899725
0.938212
0.811596
0.912656
0.933267
1.05645
1.0413
1.12569
0.888047
0.850771
1.00228
1.20019
1.12312
0.985395
1.18367
1.10826
1.22868
0.901868
0.844166
0.931531
0.923623
0.974829
1.00519
1.14638
0.978928
0.978558
1.04515
0.914773
0.950226
0.937615
1.0068
0.874615
0.948483
1.00178
1.30501
1.18908
1.06517
0.863447
1.16073
1.08486
0.973719
0.869636
1.01308
1.24334
1.10679
0.996715
0.904305
1.12548
0.982669
0.825156
1.07524
0.978779
1.14849
1.04253
0.918803
0.895418
0.861039
1.0232
1.02817
1.04228
0.944269
0.961492
0.948955
1.13979
1.12327
0.811448
1.15982
1.01278
0.943854
0.931747
0.984316
0.994321
0.997723
1.04524
0.875863
1.09981
0.874906
1.06188
0.973777
1.17582
1.03406
1.12589
0.927117
1.15635
0.804378
1.0274
0.85047
1.05662
0.987772
0.893954
0.865426
0.889448
0.96811
1.06829
0.987619
0.934186
0.989105
0.939367
0.894519
1.09825
0.980556
0.910116
0.98105
0.896844
0.913415
0.816608
1.01357
1.24268
0.917437
0.913322
1.11209
1.20615
1.13524
1.1028
0.981838
1.01463
0.965624
0.986343
0.924179
0.954334
1.0893
1.04013
1.08408
0.872418
0.983197
1.09577
0.753164
0.955865
0.995217
0.885816
1.03164
0.969543
1.04599
0.883186
0.98267
1.17442
1.05141
0.937886
1.13881
1.04403
0.928711
1.05113
1.00649
0.946048
1.01839
0.833688
1.14809
0.978325
1.03875
1.06382
0.88333
0.943292
0.930721
1.02481
1.03245
1.16319
1.04328
1.07342
0.910185
1.09778
0.861136
0.938892
1.00862
1.22716
0.933508
1.08782
1.04097
1.15019
0.998889
0.818766
0.883949
1.00414
1.06359
0.954835
1.01562
0.932103
1.06821
1.21138
0.971231
0.763642
1.04451
0.87446
1.05065
0.96745
0.843269
0.923649
1.03735
0.869112
0.859882
0.915608
0.940405
1.05692
1.0187
1.03447
1.05956
1.04804
0.876206
1.19249
0.986484
0.882406
0.956272
1.01382
1.07465
0.812508
1.02697
1.17926
1.16103
1.06306
1.2357
0.881054
0.940182
0.902271
0.954076
0.970111
0.999974
0.983794
0.917151
0.897522
1.02835
1.06093
0.996385
0.929728
1.01715
0.931935
0.913239
1.00458
0.894021
1.07643
0.970583
0.987562
1.22326
1.1801
1.08303
1.00659
1.08632
0.943648
0.95297
1.03054
0.997162
0.972058
1.12313
0.898345
0.958219
1.2244
0.994571
0.929253
0.920094
0.939073
0.952741
1.04798
0.972049
1.10419
0.910662
1.01727
0.978373
0.906342
1.09171
0.935335
0.974232
0.991693
1.0286
1.20008
0.965792
0.971751
1.00704
0.948858
1.01157
0.92565
1.04171
0.867663
0.980306
0.984511
1.01765
1.09669
1.22632
1.02358
1.06977
0.882107
0.894712
1.08765
1.05105
0.985552
0.916189
0.914601
1.09055
1.02364
0.98788
0.966174
1.12635
1.05083
1.08318
1.00806
0.946979
0.980782
1.00665
1.01077
1.10557
0.895535
0.912834
0.923563
0.952316
0.956957
0.802638
0.842705
0.879974
1.08664
0.923373
1.17656
0.924842
0.942093
0.947681
0.912222
1.14475
0.878944
0.926852
0.879175
1.23909
1.09169
0.883594
0.931383
1.02029
1.01197
0.950211
1.08318
1.06383
1.1139
1.12439
1.23603
1.26684
0.89787
1.01598
0.91183
0.989733
1.15721
0.945156
0.914909
1.20787
1.09415
0.888877
1.00074
0.831434
1.00634
1.11616
0.815125
1.02943
0.888713
0.975863
0.902297
1.15565
0.958007
1.04088
0.95658
1.0065
0.833542
0.871536
0.955223
0.935529
1.07453
1.06155
0.909479
0.85983
1.05866
0.769022
1.06859
0.961802
0.878369
0.892555
1.13879
0.940537
1.02823
0.958386
1.03047
0.841158
1.05777
1.11278
1.02696
0.912788
1.14238
1.04351
1.10536
0.863538
1.10642
1.13544
1.10004
0.959854
1.00809
0.997969
1.10926
0.837264
1.13018
0.94865
1.05486
1.10126
0.954887
1.01218
0.978419
0.989949
1.02853
0.919869
0.917177
1.0004
1.07757
1.10293
1.06456
1.18945
1.00662
0.792146
0.97973
1.04076
1.16096
1.00055
0.944788
0.950368
0.999963
1.04576
1.081
1.02161
1.16148
0.90286
1.04922
0.962916
1.02724
0.963747
0.853364
0.863028
1.12278
1.10772
1.02221
0.982943
0.986359
1.02342
1.07319
0.968804
0.951283
0.969979
1.1419
0.950067
0.959125
0.984937
0.820131
0.867176
0.897769
0.738046
0.963545
0.921892
0.960206
0.996045
0.963117
0.838023
1.05248
0.964965
0.877472
1.05207
1.06919
0.902684
0.905303
1.28288
1.14336
0.93174
0.97151
0.889708
1.0908
0.986762
0.852837
1.10337
0.943319
1.00528
1.03284
0.956714
0.873923
0.924916
1.13763
1.05699
0.903284
1.27661
0.9712
0.901466
0.964499
1.04681
1.02953
1.27592
0.956624
0.981421
0.986189
1.03004
1.22111
1.0161
1.17346
0.98263
0.843996
0.971769
1.11517
0.874243
0.972895
0.965523
0.926444
0.961261
1.07927
0.887453
0.96095
0.931995
1.02972
0.83547
0.858577
0.943886
0.957827
0.99851
1.03996
0.994094
0.834408
0.973192
0.923402
0.905931
0.974888
0.920916
0.97504
0.944743
1.11563
0.904344
1.05674
1.01785
1.00439
1.03293
0.895471
1.01687
0.939707
1.02461
0.988886
1.06567
1.19179
1.04024
0.991206
1.0448
1.1723
0.98139
1.02771
1.00897
0.905384
0.84406
0.950754
0.974116
1.11236
0.894921
0.882111
0.910578
0.85759
1.03572
0.94757
0.988532
1.14432
1.07126
0.969135
1.03514
0.961122
1.04433
0.921738
1.05114
0.788936
1.00052
1.03414
0.819087
0.853409
0.973151
0.924149
0.852653
0.957326
1.09901
1.0781
0.99304
1.04364
1.07351
0.973919
1.11224
0.96014
1.12855
1.23307
0.853977
0.848416
1.07955
0.847155
1.09269
1.04726
1.01389
1.05378
1.11314
1.05334
0.868027
1.06583
1.0866
1.09275
0.909606
1.01233
0.95749
1.12995
0.87908
1.14468
1.00794
0.930702
0.915409
1.02813
0.891559
0.901612
0.867728
1.03806
1.05406
0.988428
0.864762
0.953327
1.20645
1.00868
0.988651
0.934666
1.00031
0.998396
1.03093
0.971243
0.763423
0.969648
0.959159
1.06959
1.12418
1.03394
0.943904
1.03733
0.956651
0.946767
0.935961
1.09776
0.807777
0.847581
1.12469
1.13112
0.962516
1.02278
1.08383
0.911476
1.02334
0.976471
0.916569
1.14927
1.01072
0.938217
0.924292
1.10659
1.0707
1.00586
1.03019
1.04495
0.916061
1.09406
1.12424
0.976898
0.995051
0.975456
0.998247
1.14582
0.894987
1.24569
1.03209
0.913899
0.948259
0.988917
1.03061
0.735278
0.924462
1.03079
1.02344
1.05292
1.22541
1.05939
1.10417
1.05852
0.909602
0.869714
0.806061
1.03101
1.05309
0.967604
1.11434
1.16205
0.804621
0.964285
1.0367
1.02451
0.972061
0.955255
0.929505
1.02591
1.31303
0.974813
0.941063
0.92828
0.966489
1.04986
0.911569
0.867216
0.845541
1.13999
0.981038
0.857858
0.836786
1.0516
0.980028
1.07948
1.017
1.10325
0.876678
1.16444
1.0595
1.11314
0.872282
0.837792
0.959645
1.01663
0.869201
0.895562
1.00716
0.972407
0.776078
0.920917
1.10341
0.81059
0.969778
1.08477
0.854901
0.919669
1.08496
1.13141
0.965418
0.96467
0.976143
1.06322
0.902195
0.954714
0.981841
1.07269
0.988161
1.08634
0.945726
0.960664
1.04064
1.13471
0.951729
1.23145
0.991917
0.793976
1.02653
1.13343
0.979448
0.94658
1.12264
1.06898
1.00899
0.873965
0.997093
1.00933
0.970279
1.07068
0.966625
1.05519
1.05186
1.05756
1.03231
0.94044
0.952474
1.20088
0.846417
1.12845
0.828729
1.06409
0.988139
0.849544
0.969397
1.01304
1.02268
0.844784
0.994366
1.02247
0.947816
1.04362
0.974972
1.12313
1.10074
0.924623
0.856836
0.86985
1.1003
0.956426
0.975165
1.02406
1.04524
0.972341
1.04385
0.943746
1.0265
1.04041
0.837306
1.09108
0.842508
1.07367
0.980727
0.932617
0.951595
1.12494
0.978365
1.0366
0.930699
0.934281
1.01262
0.862828
0.854568
1.00522
0.92343
1.03556
0.930733
0.891771
1.01132
1.0294
1.33286
1.15666
0.849653
1.06982
0.892181
1.03854
1.00744
0.923481
1.06341
0.99032
0.874872
0.804408
0.986238
1.01687
0.98896
1.05324
0.952285
1.0107
1.01227
0.98288
0.987252
1.0982
1.23035
1.31402
0.95084
0.913983
1.00245
0.958122
0.997695
0.995842
1.02268
1.05641
0.952593
0.834353
0.986807
1.05949
1.04933
1.07229
1.07102
1.08453
1.0879
1.0515
1.01049
1.03386
0.962678
1.05824
0.908957
1.03358
1.05282
1.08676
0.896603
0.965924
0.953948
1.01469
1.06738
1.04166
0.907837
0.889954
0.99983
0.976587
0.885855
1.05834
0.938779
0.922288
1.11382
1.16743
0.837445
1.20744
1.08465
1.04827
0.989015
0.860465
0.862922
1.03598
0.94594
0.976894
0.981543
0.923893
0.952089
0.931165
1.08058
1.1194
0.857174
0.999331
1.0101
1.18291
0.948384
0.757575
0.7904
0.928551
1.16951
0.858604
1.04004
1.0821
0.974173
1.04092
1.02141
1.01231
0.835642
1.06394
0.963848
1.16229
0.972341
1.12766
1.04381
1.04906
0.99097
0.932269
1.00048
0.775639
1.02185
1.05002
0.991582
0.882652
1.10755
1.01418
1.1746
0.909884
0.900541
1.12108
0.913189
0.847932
0.843758
0.925548
1.09911
0.965613
1.02656
0.988442
0.938386
1.04249
0.788611
1.12847
1.05231
1.09558
0.97422
1.08393
1.00496
0.8242
1.13772
1.06462
1.01656
1.03999
0.926197
0.939256
1.05169
1.1057
0.923028
1.0081
1.06869
0.927318
1.16855
1.03112
1.0087
1.2188
1.05528
0.968819
0.938484
0.959871
0.97233
0.885302
0.862054
0.926576
0.953893
0.919838
1.09343
1.14175
1.1135
0.867531
0.887368
1.06342
0.960223
0.941478
1.0115
0.920929
1.12504
1.02546
0.98656
0.844029
0.962121
1.15024
0.91639
1.01594
0.879597
0.821064
1.07586
0.804769
0.980144
1.1097
1.06411
1.02089
1.02631
1.01445
0.871865
0.982964
1.05764
1.01813
1.082
1.04524
0.867718
0.83883
0.901891
1.08731
0.988067
1.0308
0.953968
1.08953
0.888011
0.844005
0.958798
0.956924
0.996424
1.07447
1.01552
1.07202
0.987107
1.11998
1.00753
1.0213
1.16097
0.928415
1.24943
0.869794
0.841903
1.03805
0.854029
1.13258
1.23905
0.930182
0.854129
1.1051
0.992046
0.886209
1.02378
0.933716
0.979847
1.01762
0.936409
1.06553
0.986513
0.971856
0.873694
0.912253
1.01335
0.824876
0.940708
1.0748
1.06875
1.10803
0.870684
1.04711
0.843918
1.03725
0.957378
0.978401
0.932772
1.12954
0.964649
0.95437
1.00492
1.19527
1.14761
1.01334
0.839948
0.923307
1.09024
1.07822
0.994753
1.11691
0.947753
1.09715
1.12918
1.21454
0.99285
0.944511
0.967571
0.986102
0.956025
0.91439
1.12534
0.985898
0.962734
0.919267
1.10236
1.03609
0.921046
0.94538
1.08261
1.00371
0.855376
1.01549
0.984424
1.10975
1.00248
0.99136
1.0879
0.90427
1.04976
0.906837
0.978943
0.96034
0.888893
1.02738
0.870813
0.951485
0.849768
1.22766
1.07149
1.03206
1.07244
1.0418
1.37235
1.07985
1.04442
1.09958
1.06797
1.0077
1.08262
1.11207
1.15499
0.887466
0.94556
0.969916
0.962653
0.982359
1.03836
1.0248
0.978216
0.955541
1.08841
0.846541
0.831659
0.918821
1.14362
0.919723
0.845993
0.975801
1.09943
1.07521
0.897621
0.800031
0.88591
0.942668
0.947553
0.945774
0.91245
0.968276
1.02566
1.01176
0.940055
0.946077
1.08373
0.885419
0.975298
0.905987
0.99058
1.12059
1.15677
0.912227
0.984034
1.08087
1.01759
0.906365
1.12048
1.09593
0.821744
0.991135
1.14401
1.03225
1.08114
1.12135
1.02909
1.02741
0.989154
1.07069
0.828893
0.994601
1.00762
0.974894
1.0522
1.06088
0.900043
0.999869
1.15984
1.02092
1.15112
0.942248
1.05097
0.910998
0.984276
1.16693
1.03163
1.01218
0.930604
0.892156
0.997016
0.967336
0.958061
0.922887
0.963607
0.977576
0.97106
0.787381
1.11552
1.12708
1.18135
1.04392
0.86804
0.942696
0.862859
1.04534
1.04104
1.04388
0.942682
0.936311
1.01523
1.0159
0.894943
0.853753
0.881159
0.848019
0.972738
1.02457
1.00517
0.822279
1.15051
1.11227
1.11032
0.93902
1.08293
0.851705
1.02995
0.891388
1.17779
1.10622
0.817094
0.935555
0.91531
1.07049
1.10422
1.11663
1.01714
0.788409
1.04
0.989729
0.947036
0.943475
1.00033
1.03858
1.13552
1.06398
1.0802
0.977309
0.990894
0.935495
1.121
0.985583
0.951089
0.918496
1.07977
1.00047
0.810994
1.15541
0.931342
0.954096
0.77304
0.991746
1.17084
1.00997
1.03822
0.797666
0.925736
1.04412
0.970525
1.16148
1.00807
0.899658
0.900644
0.833474
1.12524
1.03204
0.910456
0.935124
0.743997
0.910422
1.00977
1.0009
1.07086
1.02773
0.840568
1.02947
1.03634
0.878168
0.930483
1.00584
1.04308
0.987827
1.0438
0.922161
1.01949
0.855797
1.00558
0.915561
1.06841
0.800437
1.12679
0.951363
1.10967
0.838125
0.829936
1.13045
0.961201
1.29871
1.01162
0.862523
1.09813
1.05682
0.933214
0.899647
1.00519
0.942694
1.02091
0.909056
1.07184
0.957643
0.864816
0.995824
0.994565
1.10769
1.01002
0.857146
1.04283
1.02807
1.11404
1.24237
0.926783
0.85655
0.952829
1.05603
1.08964
1.06146
1.0096
1.06988
0.949713
0.970579
1.02076
0.988632
0.966184
1.1353
0.956794
0.92245
0.869479
1.05758
0.914045
0.969603
0.993285
0.861517
0.906345
0.846068
1.06633
0.739429
1.08162
1.07348
0.865524
1.03643
1.2798
1.06116
0.995038
1.14437
0.914731
1.14428
1.10367
1.14121
0.977672
0.865331
0.982635
0.941126
0.872118
0.969988
0.935675
0.945409
1.04692
0.866615
1.0893
0.884984
0.916586
1.00636
0.934049
1.04123
0.78074
1.06411
0.955559
0.999685
1.10635
1.13119
0.943393
1.03838
1.06878
1.0838
1.11264
0.937622
1.0135
0.879532
0.975677
0.998775
1.09101
1.08144
0.957058
1.17714
1.02465
0.948094
0.882288
0.980583
1.13786
0.970308
0.918316
0.864343
0.740356
1.07465
1.06414
0.843503
1.09187
1.08752
1.1419
1.22318
0.851647
1.10985
0.959935
1.18308
0.986758
0.959633
0.99339
1.16044
1.04568
0.938986
1.0586
0.95053
0.902206
0.995683
0.895797
0.985447
0.972611
0.836658
1.00909
0.873168
0.894886
1.24984
0.783397
1.19373
0.756324
0.967244
0.839453
0.950103
0.94353
0.979144
0.980396
1.01293
1.17241
1.10034
1.03866
1.07217
0.943175
0.902916
0.905748
1.04129
1.16863
0.893966
1.1909
1.15814
0.876053
1.10605
1.06549
0.832939
1.02642
1.02258
0.930584
0.946369
0.839882
0.941259
1.00213
0.998321
1.11139
0.995029
0.961365
1.00417
0.906726
0.877529
0.902121
1.02393
0.936989
1.00109
0.868625
0.883289
0.923663
0.873498
1.09462
0.803914
0.883627
0.900133
0.929327
0.997395
1.06911
1.01814
1.06874
0.911814
0.865845
0.993785
1.10201
1.08519
1.10379
1.09294
0.951455
0.956733
0.942051
0.888779
1.01009
0.973174
0.979891
0.933806
1.03895
0.923844
0.947723
1.08938
1.00144
1.15323
0.942669
1.05595
1.23121
1.0387
0.962594
1.0687
0.959223
1.03634
1.04358
1.04766
1.0137
0.904589
0.7782
0.985586
0.860952
0.826371
0.914228
0.943406
1.12609
1.19102
1.05999
1.01189
0.827004
0.94406
1.19309
0.905914
1.04555
0.95284
0.92642
0.982194
0.926513
0.902221
0.849526
0.853736
1.15719
0.967775
1.1145
0.998425
0.941731
1.01834
0.842865
1.13345
0.975897
0.929545
0.90521
0.94103
1.11095
1.05345
1.05349
0.914132
1.02319
1.11176
1.07405
0.869517
0.937308
1.11359
1.05558
1.00907
0.958725
1.06763
1.02126
0.994262
0.771397
0.912141
0.931686
0.994961
1.06322
1.05241
1.04412
1.02317
1.29734
0.911595
1.07935
1.00062
1.05819
0.980055
1.14841
1.09374
0.828361
0.863868
0.936528
1.00724
0.90838
1.03609
0.893989
0.869131
0.934345
1.03634
1.00016
0.90823
0.989349
0.9948
1.04216
0.73441
0.956498
0.975975
0.957768
1.04063
1.14349
1.23464
0.897751
0.908438
1.07447
1.15079
0.950608
1.01367
1.36368
0.990843
1.01676
0.968523
0.957252
1.15246
0.968094
1.09908
1.0164
0.941861
0.953212
0.914305
1.07606
0.792043
0.839407
1.20019
0.964332
1.00953
1.04548
1.29937
1.02826
1.1912
0.964421
0.944756
0.973058
0.919384
0.816138
0.89441
1.17262
0.957126
0.930179
1.0644
1.0705
1.08401
1.1318
1.00082
1.14629
0.89232
0.961907
1.01409
0.900924
0.846665
0.806752
1.01373
0.996754
0.926038
0.851541
0.935934
0.836056
1.10692
1.06572
1.05688
1.05477
0.9434
1.19386
0.873311
0.879502
0.926777
0.937001
1.17287
0.897594
1.05209
1.02619
1.01898
0.950968
0.897492
1.09452
1.01946
0.98235
1.07052
1.12585
0.99209
1.179
1.12039
0.929262
0.84856
1.03241
0.917175
0.901841
0.940492
0.937026
0.973885
1.12566
0.938974
1.17767
0.993674
0.99052
0.980439
0.919076
1.14606
0.976139
1.17528
1.04796
1.00924
0.92502
0.81723
1.03805
1.07241
0.926558
0.873829
1.03576
1.14942
1.01793
1.05778
0.968379
0.982998
1.23359
1.17751
0.856355
0.938652
1.00079
0.925676
0.910551
0.940238
0.971293
0.944586
1.07687
1.02611
1.00106
0.92626
0.964725
1.17699
1.02313
0.961556
0.983638
0.853023
1.02543
0.896202
0.901135
0.889669
1.03663
0.956007
1.00454
0.994824
1.14935
1.13841
0.794074
0.928729
0.985268
1.08012
1.02238
1.08295
0.918215
1.12075
1.07992
1.04482
1.14119
1.12881
0.908469
1.03853
0.987366
1.09984
0.942809
1.01688
1.03311
1.09547
1.07423
1.09944
1.00852
1.10449
1.02736
0.925381
0.929456
0.90232
1.11276
1.03016
0.984124
0.981463
0.990934
0.971998
0.998048
0.986146
0.773152
1.02512
0.961997
1.1074
0.971261
0.836545
1.14761
0.848942
1.0303
0.950959
0.885878
0.891905
0.859791
1.04209
0.968966
1.03955
0.977981
1.10043
0.976822
1.1049
0.987058
0.898028
1.07416
1.02685
1.16815
0.913477
1.01025
1.16797
1.00188
1.10473
0.946072
1.05348
0.834735
1.10072
0.894684
1.0801
0.855191
0.855635
0.977961
0.986018
0.962594
0.90237
0.831871
0.95468
1.15094
1.08365
0.957483
0.908612
1.05738
0.881373
0.926944
0.95897
1.10934
0.908255
1.1581
0.939483
1.08808
1.02176
0.994515
1.16196
1.16543
1.05954
1.17403
1.05562
0.978024
1.12111
0.887519
1.0847
0.89979
0.974351
0.807171
0.92488
1.00737
1.02839
1.06502
0.885174
0.837399
1.05175
1.11197
1.11407
1.13646
0.99059
0.845271
0.994818
0.931223
0.960605
0.930272
0.892445
0.937607
1.16236
1.03513
0.991359
1.05857
1.05612
1.02441
1.02603
0.941371
0.923502
0.750655
1.19587
0.901091
0.86018
0.972404
0.890771
0.888071
1.03051
0.906142
1.18494
0.927763
1.19707
1.04313
1.16401
0.983814
1.06785
0.851531
1.15576
1.00557
1.04224
1.26668
1.18278
1.20539
1.03886
0.985266
1.04517
1.09846
0.973912
0.765433
1.07985
1.00188
1.06261
1.14592
0.917508
1.05077
0.943003
0.950717
0.809212
1.10355
1.20142
1.0208
1.01492
1.01402
0.815328
1.12945
1.16583
1.06992
0.924202
0.827863
0.859755
0.966076
1.01435
1.02534
0.922096
0.937878
1.13596
1.12693
0.861835
1.1765
0.86456
0.88414
1.05001
1.08628
1.07226
1.01401
0.917909
1.07845
1.04129
0.907251
1.01853
0.914184
0.986432
0.981162
1.03244
1.05059
0.94062
0.972075
1.05586
1.00756
1.11102
1.02605
1.00117
1.05075
0.95766
1.03529
0.768023
0.896189
0.984956
0.937806
0.885092
0.905237
0.999806
1.11087
0.923509
0.903483
0.952477
0.932695
1.0306
1.16763
1.06074
0.973517
0.849626
1.06973
1.05384
1.00262
0.965333
1.09451
0.979686
1.27395
1.05528
0.889204
1.01198
0.994272
0.961675
1.0568
1.0291
0.767951
1.1619
0.816192
0.820286
1.02406
1.25984
0.829503
0.851528
0.996864
0.899608
1.08996
0.899697
0.928685
0.942727
0.96208
1.11865
0.96233
1.12451
0.967793
0.944506
1.07006
0.84984
1.09405
0.808124
0.89709
0.980984
0.891672
0.859069
0.811451
0.909499
0.95573
1.16629
0.79107
1.08408
1.0432
1.10487
1.00706
1.03123
1.04896
1.04634
0.835427
0.91734
1.13683
1.05992
1.12536
0.890305
1.18548
1.06322
0.93963
1.06215
1.06164
1.00737
1.05286
0.874599
1.09109
0.893698
1.07024
1.02834
1.06255
0.906608
0.84943
1.2052
1.12448
1.01639
1.01571
1.02616
0.923708
0.996891
1.06032
1.02431
1.01821
0.92718
1.08156
1.0866
0.906368
0.871612
1.08699
0.967171
0.947663
0.982676
0.977426
0.883956
0.999563
0.934259
1.10581
1.03577
1.01492
1.01692
0.983185
0.96948
1.0372
0.916408
0.932902
0.939177
0.893359
0.937773
1.03356
0.890117
0.914927
1.02696
0.970201
0.960452
1.04429
0.979422
0.964441
1.04742
1.08141
1.18857
1.25576
0.838465
0.859039
1.02024
1.04699
1.09933
0.914158
1.03142
1.03859
0.980549
0.988866
0.940663
1.02339
1.01376
1.11388
1.21885
0.922738
0.829428
0.945199
0.890409
1.1959
0.892269
0.988583
1.04559
1.09078
1.01412
0.956207
0.812664
0.898089
0.964866
0.93108
1.09106
1.12321
1.11971
1.08502
0.948141
1.12153
1.10932
1.19506
1.06006
1.00262
0.971183
0.953268
0.955584
0.97695
0.912531
0.966541
0.836391
1.00034
0.854817
1.03158
1.11883
1.20774
1.03121
0.917573
0.853842
0.937305
0.886409
1.08681
0.872849
0.876153
1.03547
1.07169
0.88404
0.843872
0.904228
1.0593
1.08056
0.881575
0.83936
0.95631
0.928341
1.04346
0.894703
0.983014
1.0734
0.909456
0.962843
0.923425
0.969225
1.03018
0.978686
1.05283
0.891354
0.981098
0.923969
0.780152
1.05129
0.796182
1.05797
1.07495
0.978542
1.02441
0.88124
1.02008
0.915631
0.766604
1.13302
1.03745
1.02688
0.99733
1.06064
0.94962
1.05185
0.80663
1.09364
0.916624
0.998556
0.970877
0.970944
1.26427
1.14838
1.14012
0.959133
1.21354
0.888805
0.953482
0.98091
1.01757
0.960916
1.00246
0.920341
1.00249
1.08975
0.812956
1.01832
1.06165
1.11949
1.04752
0.861221
0.974834
0.967358
1.05219
1.02195
1.06899
1.01077
0.908244
1.03026
1.08069
1.14336
0.901746
0.812496
0.954787
1.17794
0.967867
1.01603
0.933023
0.815541
0.982939
1.08894
0.832027
0.940335
1.07177
0.940807
1.13747
0.941193
1.08611
0.922011
0.942083
1.02749
1.03099
0.943886
0.895184
1.00096
1.15734
0.900529
1.01343
0.713371
0.982505
1.00948
1.02744
1.12697
0.966224
0.784132
0.835489
0.914394
0.911704
0.909306
0.860842
1.09961
1.13521
0.97848
1.01269
0.955729
0.944888
1.01072
1.14324
0.922693
0.917562
1.04121
1.00616
0.955869
0.972639
1.16126
1.0187
0.973942
0.952448
1.10493
1.18427
0.890546
1.08613
1.13167
1.09001
0.998115
1.07008
0.99742
1.08359
0.934516
1.23224
1.03661
0.971432
1.10993
0.940974
0.961866
0.930521
0.967188
1.13167
0.867101
1.06403
0.922229
0.88008
1.01351
0.943981
0.977329
0.952995
1.10716
0.923574
0.932101
0.943452
0.980588
0.922007
1.0714
0.940894
1.02902
1.06858
0.941793
1.0729
1.07487
0.826475
0.961893
1.14596
0.88913
0.910715
1.17063
1.26444
0.942168
1.00387
1.12018
1.04469
0.949228
1.08605
1.09076
1.11681
1.19713
1.00509
1.00119
1.13445
1.12336
0.930788
0.959708
0.863802
0.928837
0.889848
0.779383
0.900863
0.984874
0.976945
0.992156
1.18236
1.02569
0.943931
1.08261
1.11533
1.13552
1.07923
0.876682
1.07105
0.995168
0.956827
0.79227
1.04417
0.897524
0.824279
1.03159
1.11618
0.897042
0.91336
1.11449
0.998852
0.978449
1.11244
1.14899
0.880648
0.975729
0.915892
1.01469
1.02026
0.908738
1.1115
0.932457
0.843157
0.959323
1.03435
0.941941
0.982445
1.00635
1.07146
0.829871
0.766035
0.991451
0.96766
1.12548
0.866712
1.0015
0.812655
0.875821
1.07219
0.9593
0.898267
0.811672
0.97819
1.13626
1.04966
1.15334
0.960433
0.921478
1.09124
1.07661
0.940457
0.928039
1.10923
0.829925
0.88907
0.985384
1.28415
1.12668
0.992818
0.998129
0.950881
1.0191
0.931307
1.1187
1.12253
0.940138
0.877721
0.884521
1.04767
0.928211
1.02672
1.10877
1.04809
1.02383
1.0098
0.798665
1.00206
0.965203
1.07586
0.936485
0.930602
1.1699
1.05719
0.975427
1.03592
1.01235
0.879245
1.09357
1.18901
1.05377
0.942239
0.967667
0.908572
0.94253
0.985897
0.964615
1.00285
0.936742
1.05752
0.899233
1.02219
1.05191
0.930094
0.985263
1.10692
1.03404
1.08717
1.00967
0.819147
0.997801
1.08829
0.825255
1.23431
0.975907
0.960097
1.01595
1.06877
1.05523
1.08723
1.09941
1.1189
0.901843
1.02037
0.961556
1.0684
0.895493
1.08135
0.863673
0.923308
1.05003
0.909609
1.05412
1.20467
1.11779
0.989494
1.02263
0.917364
0.90398
0.99433
1.02247
0.80637
1.09571
1.0626
0.805848
0.99041
1.07031
1.06822
0.878541
1.23176
0.955752
1.14203
0.998554
1.13506
1.09407
0.903166
1.23944
1.00919
1.02373
1.03364
0.868338
1.16436
1.00844
1.04184
0.939521
1.17721
1.19088
0.977906
1.00981
0.818855
1.27517
1.09215
0.886594
0.984225
1.21569
1.06014
0.906044
1.07137
0.92233
1.20578
0.985484
1.10955
1.09781
1.03262
1.10106
0.990226
1.14258
0.969518
0.888396
1.08403
0.933435
0.958618
1.03441
1.06072
0.79675
0.915228
0.8784
0.910845
1.06141
0.946347
1.01716
0.91519
0.931149
0.949377
0.917566
1.18671
1.07523
1.3135
0.850463
1.0044
0.913798
1.18742
0.888275
0.950067
0.978914
1.10174
0.889744
0.864584
1.07015
1.10491
0.835559
1.3167
1.08322
0.992138
1.03207
0.866274
1.009
1.06823
1.06029
0.819374
0.997495
1.02763
1.05762
0.886565
1.04021
1.03515
1.01906
1.0467
1.21932
0.927527
0.913434
0.972638
0.935367
0.900157
0.977048
0.855753
0.874524
1.15811
1.14601
1.06359
1.17617
0.956906
1.07099
0.997068
0.86915
1.04966
1.01714
0.899952
0.801368
1.0987
1.18016
0.961768
0.967293
0.957557
0.96495
0.820059
0.924372
0.971443
1.01975
1.0352
0.874459
0.984756
0.824901
1.03552
0.988899
1.25017
1.05712
1.04316
1.03106
1.01368
0.910291
1.14487
0.85333
0.827497
1.06557
1.01141
0.992048
0.879377
0.913751
1.04724
1.13763
0.882421
1.03304
0.895768
0.936964
0.882478
1.05416
0.900241
1.0373
0.871048
1.05839
0.962319
0.953424
0.933414
0.992386
0.961892
1.13417
0.98459
0.908476
1.01595
0.799163
0.993606
0.834907
1.14192
1.14216
1.079
1.16195
1.03591
0.994242
0.789043
0.942003
1.28075
0.993324
0.922624
1.01976
0.973012
1.01015
0.839986
0.969045
1.16176
1.02659
1.00379
0.927175
0.888016
0.970091
1.09658
1.03644
1.10818
0.866677
0.966531
1.10312
0.990269
0.912884
1.13541
0.985667
0.85107
0.950403
0.854129
0.852577
1.12133
1.03518
0.81543
1.00771
1.11813
1.01499
1.00527
1.10371
1.12968
1.05697
0.934637
1.07064
0.951822
0.941192
0.894823
0.930528
1.10488
1.02147
0.960666
1.04803
0.952138
1.02832
0.991007
1.08644
0.963483
0.994098
1.00534
1.01698
0.973206
0.960003
1.04864
1.09608
0.908975
0.984287
1.13707
1.00125
0.833646
0.957436
0.903842
1.12424
0.848971
0.901387
0.964462
1.12236
0.898953
0.825541
1.08276
1.00515
1.05045
1.03978
0.853692
1.01496
0.954883
1.07936
1.01993
1.14713
0.975292
0.834142
1.00997
1.18007
0.869009
0.834263
1.16131
1.10914
0.851619
1.06199
1.04479
0.98673
0.861917
0.931925
0.92489
1.12874
1.25689
0.887836
1.09928
1.15128
0.896311
1.04522
1.09474
0.906357
1.02607
0.935162
0.9202
1.04396
0.972277
1.10156
0.993716
0.794914
0.919931
0.913981
0.975132
1.11174
0.983286
0.983424
1.10537
1.07534
0.78849
1.07241
0.897404
0.970037
1.15472
1.05864
0.945093
1.02178
1.19733
1.04536
1.03497
1.09954
1.06384
1.07234
1.07885
0.95175
0.923404
0.973636
1.14151
1.27045
0.838323
0.931565
0.949788
0.858715
1.07778
1.0192
1.00474
0.973398
0.912619
1.18322
1.09793
0.912196
1.2391
1.08884
1.08943
1.00214
0.974956
0.93916
0.998015
0.983165
0.861021
1.06558
1.10645
1.06139
0.994324
0.899657
0.965845
1.11066
0.947626
1.11389
1.02409
0.967815
1.03648
1.02544
0.83747
0.966766
0.998924
1.07381
0.869508
1.06558
1.12276
1.13423
0.970058
0.958797
1.15161
1.02503
0.800698
1.01015
0.960918
1.12922
0.943688
1.01564
1.04209
1.15817
0.945558
1.0215
1.08214
1.03126
0.955318
0.981346
0.911127
1.02938
0.78733
0.962457
1.07421
1.05938
0.877867
1.10832
0.994884
1.06269
0.956709
1.06049
0.88901
1.09504
0.948247
0.996441
0.770581
0.92379
1.11308
1.14916
0.798028
1.06844
1.09976
1.19425
0.871321
1.06638
1.01146
0.896768
1.15674
0.933691
0.904223
1.09563
0.963832
0.873521
1.15834
1.0149
0.890196
0.952927
0.905465
1.06573
0.986451
0.858519
0.970493
1.04628
1.04427
0.955512
0.870172
1.04397
1.2106
0.993999
0.909329
0.953127
0.980842
1.10471
1.10535
1.0453
1.11261
0.996905
0.983001
0.937296
0.77896
0.877549
1.10345
1.08405
0.883191
1.04909
1.08145
0.896167
0.952002
0.754099
0.948588
0.948987
0.979206
1.22314
0.989688
0.982199
1.15358
0.996739
1.07782
0.915125
0.910264
1.0882
1.03885
0.932445
1.11154
1.08558
1.06631
1.15734
0.9457
1.17972
0.831858
0.904915
1.30233
0.867898
0.962597
1.08314
0.910002
0.915101
1.05727
1.12579
0.979554
0.966237
1.1276
1.02945
1.00661
1.00776
1.05835
1.08646
0.867978
1.05255
0.815902
1.03146
0.81071
0.96093
0.976815
1.15532
1.07859
0.98143
1.10654
0.975606
1.01346
1.05777
1.17318
0.936773
0.989404
1.09877
0.97202
0.986745
0.994556
1.07858
1.02489
0.983461
1.0667
1.11508
0.989634
0.935229
1.1556
1.00676
1.02012
0.865979
1.03534
0.95737
0.94275
1.10959
0.963104
1.00657
0.959272
1.03909
1.09952
1.06871
0.908597
1.03806
1.01522
1.10466
1.05581
0.857082
0.942663
0.90508
1.05281
0.880716
0.969164
0.988872
0.98353
0.953205
1.18869
0.895483
0.962186
1.00346
1.05522
0.874491
0.846425
0.937224
1.06625
1.22321
1.11329
0.853075
0.795826
1.28664
1.07993
0.933907
1.04134
0.983494
0.916306
1.16914
0.981558
1.04232
0.99985
1.28967
0.915643
1.03127
1.16025
0.829642
0.941341
1.00884
1.1812
0.894625
1.09615
1.06262
1.08023
1.20549
0.907811
0.937672
1.12858
1.28988
0.994265
1.17894
1.10306
0.953002
0.862063
0.922651
1.08276
0.998403
0.970582
0.963875
0.929047
0.928666
1.01255
1.0607
1.09587
1.1638
1.14238
0.732509
0.988055
0.973765
1.04799
1.20118
0.922721
0.843154
1.09134
1.07369
0.884228
0.8703
0.995564
0.842526
1.05583
0.964301
0.843364
1.04803
1.00492
0.926991
0.942161
0.913501
1.07975
0.992508
1.00026
1.03423
0.955991
1.05309
0.927906
0.9994
0.934267
0.931968
1.09284
0.903157
0.838485
1.1763
1.03597
1.10037
1.0105
1.07814
0.967494
1.07588
1.06073
1.04514
1.03787
0.990104
0.938859
0.864249
1.123
0.994848
1.11341
0.918743
0.981393
0.836467
0.991752
1.07364
0.993638
0.994315
0.987374
0.818683
1.03343
1.04032
0.892316
0.922996
0.91505
1.11549
1.12797
1.06983
1.05578
1.14239
0.999455
1.15385
0.944913
1.15705
1.03124
1.12877
0.887487
0.9943
0.952337
1.06872
0.836162
0.907909
1.02902
0.904479
1.08992
1.08128
1.09892
1.00832
0.894194
0.991426
1.08264
0.954166
1.05961
1.11506
0.884757
0.796306
1.17258
1.1412
0.973754
0.986059
1.03745
0.923046
0.930419
1.09433
0.966563
0.922667
1.19956
0.853952
1.04468
1.03175
0.991746
0.92873
1.00315
1.04356
0.86665
1.02969
1.18113
0.987437
1.01685
0.965028
1.00193
0.980954
0.828266
1.07287
1.01361
0.801791
0.83118
1.03757
0.957154
1.00811
0.903079
1.15345
0.916507
1.10323
0.959735
1.23408
0.942628
1.13446
0.877567
0.890818
0.918933
1.12652
1.10065
1.13631
0.949368
1.00874
1.0078
0.974407
1.15235
1.07718
1.00217
1.13986
1.02157
1.0596
1.12756
0.837573
1.04457
1.0725
0.945089
1.01369
1.07015
0.990695
0.907066
0.806808
0.919874
1.13171
1.02337
0.977821
0.991426
0.950615
0.998115
1.10475
0.866926
1.06787
0.979578
0.833451
1.14969
0.835372
0.962199
1.15008
0.985932
1.14878
0.966057
0.904966
0.96582
0.90761
0.98436
1.07103
1.16302
0.784126
0.855158
0.95652
1.07677
0.774306
0.853673
1.07454
0.947034
1.04003
0.977617
0.928112
1.09909
0.893683
0.890406
1.06005
1.20099
1.07112
0.757641
0.912691
1.00202
1.18255
0.915014
1.12142
0.824238
1.00212
0.899408
1.28161
1.03758
0.996319
1.09216
1.13832
1.11047
0.816584
1.02771
1.08943
0.80631
0.846749
0.93221
0.857944
0.942954
1.02581
1.17731
0.828227
1.39476
1.01413
0.851582
1.05976
0.895494
0.989425
0.847024
0.924866
0.907299
0.929216
1.03347
1.03887
1.03322
0.950392
1.09983
0.895053
0.814976
0.906387
0.870916
0.969064
1.05747
0.97658
1.04025
0.974126
1.06387
0.932709
1.0084
0.944763
0.69606
1.04589
0.951754
0.852426
0.783564
0.99464
0.893358
0.912435
1.20348
0.867942
1.13259
0.84698
1.11588
0.922756
1.00209
1.03926
1.08777
1.16457
0.935623
1.00902
0.86246
1.05516
1.09842
0.866705
0.910414
1.05889
1.00166
0.975859
0.898194
0.867101
1.05601
0.92387
1.26212
1.13333
0.921721
1.10477
1.0544
0.878732
0.939813
1.05432
0.955447
1.03435
0.768602
0.912781
0.915495
0.865208
0.985683
1.01109
0.895942
0.999672
0.904382
0.8605
0.952181
0.862827
1.06886
1.23598
1.04713
1.08433
1.16829
1.03119
1.081
1.05807
0.956243
1.0546
0.932794
1.09996
0.918682
0.847455
0.910883
0.947964
1.06698
0.989442
1.12291
0.839578
1.07652
1.08789
0.961867
0.901433
0.826766
1.25803
1.01886
1.01945
0.892175
1.19163
1.08097
0.943608
0.977121
1.04938
1.09962
0.983689
1.12367
0.912063
1.16525
1.03393
0.971825
0.935936
1.04026
1.15579
0.947124
1.03369
0.955023
0.839706
0.933587
0.977159
1.15858
1.18093
1.11663
0.8858
1.07187
1.12362
1.02804
1.14117
0.942871
1.07068
0.894535
0.857819
1.10396
0.994429
1.0584
0.88594
0.892125
1.22953
1.15791
0.773132
1.01637
0.915428
1.15686
0.988841
1.07999
1.01186
0.802196
0.987646
1.01989
1.02448
1.10918
0.978268
1.08258
0.969925
0.986234
0.985195
0.964179
0.870367
0.947431
0.952463
0.826388
1.08125
1.04202
1.0699
1.01743
1.12328
1.0761
1.10388
0.978528
1.16848
1.05947
1.01885
1.03822
0.904794
1.02434
1.00461
1.26281
1.04995
1.03316
0.983934
1.07671
0.98507
1.08927
0.948242
1.03298
0.974138
1.0731
0.980991
1.0301
0.876465
0.93748
0.996671
0.965122
1.26487
1.08065
0.922055
0.876951
1.02156
1.17986
1.16262
1.17103
1.20359
1.22815
1.04135
0.816685
1.08585
1.13876
0.908305
0.954323
1.14367
0.950186
0.891206
0.981815
1.0736
0.775913
0.954509
1.11555
0.935504
1.03006
1.0016
1.06828
1.17665
0.774627
0.974163
1.222
0.988108
1.00523
0.958762
1.04286
1.02598
0.995818
1.17533
1.00549
0.966053
0.929977
1.04163
0.985444
0.954629
0.895226
1.00028
0.92124
0.723686
1.01032
1.14913
0.955649
0.890547
0.942024
0.909476
1.02478
1.06182
1.02447
1.12795
0.898874
1.12722
1.07462
0.869607
1.14657
1.02369
1.08813
1.0827
0.873633
1.03697
0.890775
1.02219
1.08525
0.907571
1.06885
0.894497
1.01588
0.957914
1.06859
0.977846
1.0364
0.969795
1.01576
1.04924
1.17338
0.973842
0.847654
1.00561
0.945769
1.05161
1.04223
1.01267
1.00532
1.26012
0.905857
0.895007
1.0315
0.887724
1.11583
1.10909
1.01803
0.986558
0.976236
1.20717
1.081
0.896154
0.944312
1.02994
0.9109
1.04038
0.809075
0.880367
1.05332
1.13433
0.877396
1.0831
0.949745
1.12667
0.910453
0.998378
1.00507
1.05519
1.11279
0.963867
0.988571
1.15402
0.95065
1.13153
1.09075
0.934829
1.04119
1.01823
1.02227
0.988995
1.00556
1.03114
1.237
1.12988
0.791647
1.10242
1.02007
1.03479
1.0036
1.06049
0.889395
0.827914
0.968525
0.820884
0.920103
1.06995
0.8826
0.803025
0.956039
0.932044
0.978466
0.985554
1.03753
1.11808
0.977306
1.00645
0.822267
1.13808
0.974391
1.07504
0.913986
0.947374
0.96266
1.05499
1.02711
0.996537
1.02144
1.01165
0.872798
0.925801
1.00899
1.06492
0.843453
1.08836
1.00516
0.939006
1.00449
1.12118
0.757756
1.00825
0.987724
1.06771
1.03564
1.10491
1.10299
0.927668
0.884214
1.04958
1.18133
1.10296
1.05311
0.914212
0.983991
1.27875
0.896507
0.953506
1.01987
0.987972
0.94518
0.882108
0.922643
1.00168
1.01961
0.92007
0.9169
1.07306
1.02262
1.00413
0.894375
1.00603
1.15999
1.05028
0.986433
1.00236
1.02953
1.0595
1.12721
1.08922
0.952431
0.999526
1.05066
0.849529
1.02291
0.848522
0.953901
1.04648
0.993823
1.04396
0.989093
1.07862
1.13824
0.980563
1.28683
1.05292
1.06433
0.958518
1.0433
0.924041
0.953509
1.11003
0.906715
1.10484
1.07841
1.13864
1.00017
0.947132
1.05255
1.25084
0.931692
0.871209
0.955226
1.07886
0.871199
1.11227
1.03811
0.994178
0.989001
1.06754
0.977879
1.29273
0.902856
1.04622
0.829748
1.1348
1.04172
0.928356
0.958618
0.906558
0.880257
1.0406
1.06532
1.15609
0.940926
0.920266
0.880409
0.901732
0.939414
0.981889
0.97466
0.908178
1.25141
0.924025
1.05406
1.10218
1.01115
0.929801
1.18943
1.04203
0.805541
1.01344
1.06708
1.19435
0.918563
1.03262
1.01169
1.10523
0.974883
1.00829
1.05463
1.03638
0.792491
1.07088
0.960982
0.968733
1.04412
1.11515
0.811895
1.0268
1.08193
0.962361
0.924397
0.956622
0.939773
1.05929
0.942557
1.07323
0.840891
0.992378
0.965005
0.961499
1.19863
0.854283
0.729475
1.25126
0.87282
0.821046
1.02936
1.01715
0.905179
0.883214
1.12222
1.09962
1.00607
1.08098
0.995732
1.04943
0.987974
1.02211
1.08809
0.973711
1.1267
0.946498
1.0303
1.05639
1.09231
1.0621
0.963651
0.815646
0.997967
0.845245
0.976867
0.94314
1.07481
0.827142
1.05021
1.06678
0.861306
0.901477
0.968597
1.09536
0.971833
0.819284
0.955199
0.945999
0.799087
1.09158
1.08162
1.02703
0.882202
1.14583
0.876164
1.04365
1.00713
1.01856
0.989302
0.911908
0.847658
1.15383
1.01848
1.01822
0.886639
1.07474
1.09886
0.92583
0.959992
1.02664
0.919115
1.10881
0.898314
0.95551
0.900376
0.936454
1.07233
0.761106
1.13087
1.16517
1.18135
0.918374
0.976468
0.814319
0.899829
0.957498
0.880976
1.11348
1.01817
1.05282
1.09524
1.00281
0.995178
1.00916
1.01824
1.04996
1.02498
0.946257
0.929932
0.835404
0.893483
0.928477
0.869532
0.906596
1.1
0.95668
1.00059
0.993046
0.878574
1.09252
0.865143
1.03008
1.15208
0.90922
1.024
0.994832
1.01632
1.14569
1.01301
0.983246
1.16549
0.870711
1.00917
0.916992
1.0121
0.919764
0.83748
1.12104
0.931563
1.01269
0.720035
0.90992
0.821058
0.867622
0.96857
1.28477
1.11566
0.979112
1.14647
0.942269
1.15766
1.00533
0.95005
1.06989
0.962118
0.967012
1.01261
1.07459
0.934919
1.06517
0.780831
0.937327
0.994041
1.11745
0.920757
0.979544
0.96712
1.0238
1.08555
0.940428
0.851384
1.04994
0.851544
0.951636
0.967085
0.884735
1.03133
1.13394
1.18415
0.999408
1.18401
1.05053
1.03231
1.06277
1.03472
0.866846
1.05188
0.917151
1.09947
0.955125
1.04857
0.825098
1.06091
1.10525
0.838517
1.11988
1.01416
0.984103
1.06334
1.20193
1.00236
1.00946
1.06298
0.997513
0.977853
1.10816
0.876938
1.08335
0.867636
0.97743
0.976703
0.925449
0.939293
0.966182
1.05649
1.0132
0.952498
0.98
0.972024
1.10929
1.09445
1.033
0.961236
0.87578
0.932688
1.05403
0.950964
0.886904
1.0525
1.17207
0.931593
1.04773
1.02833
0.90623
1.07123
1.01155
0.997451
1.03612
1.00146
0.925083
1.14555
0.842699
1.01375
0.977821
0.95307
1.15746
1.17201
1.03746
1.19825
1.07787
1.00958
1.03657
0.924273
1.04727
0.973814
0.994719
0.889554
0.950905
1.05618
1.04529
0.955227
1.12791
0.992612
0.888239
0.999027
0.914254
0.972093
1.06824
0.940556
0.947889
1.07088
1.0059
1.13074
1.09223
0.845404
1.2008
1.02061
0.928594
0.841801
0.952568
1.00726
1.05525
0.861083
0.977066
0.882593
0.991349
1.04773
1.13108
0.958129
1.07117
1.08895
0.953141
0.928068
1.09137
1.16358
0.881143
1.03746
1.01541
1.03612
0.940252
0.924927
0.950449
0.898513
0.951256
0.863652
0.907206
0.919082
1.02367
0.993434
0.997339
1.04246
0.907936
1.16329
0.91002
1.02247
1.07759
0.910995
0.885817
0.821211
1.02808
0.990249
1.09901
1.07903
0.897925
1.06093
1.05422
1.005
1.08968
1.09707
0.923238
0.968892
0.994502
0.991215
0.954365
0.97228
0.942133
1.03479
1.00161
1.00583
0.981544
0.950478
0.85993
0.933107
0.948307
1.18804
1.07544
1.10749
1.02816
0.960801
0.976856
0.887952
0.83903
1.02933
1.06275
0.924527
0.877189
1.04438
1.05226
1.10936
0.885071
1.09037
1.08071
0.958321
0.841257
1.17635
1.04824
0.937004
1.22163
0.939293
0.977582
1.14954
1.08888
1.2473
1.01467
1.02023
1.12798
1.16946
1.12567
1.0185
1.1228
1.08946
0.916002
1.12397
1.01629
1.11815
0.970727
1.02154
1.17226
0.792705
1.05001
1.05628
0.927106
0.946959
1.24307
0.994616
0.966645
1.06192
1.04044
1.09083
1.09508
0.841591
0.926039
1.0433
0.959684
0.951896
1.00239
0.926644
1.09717
1.01509
1.04355
0.986747
1.1595
1.16218
0.838206
0.954978
0.963978
1.05573
0.894957
0.958115
0.981373
1.00231
1.33666
0.97115
1.09048
1.0268
0.973634
0.943748
1.13066
0.913834
0.938012
0.841497
0.862177
1.08162
0.985018
0.816466
1.00902
0.826431
0.982617
0.874758
1.06888
0.969089
0.959267
1.03336
0.947666
0.865274
0.883039
1.05101
0.95442
1.17381
1.10243
1.02786
1.02402
0.868835
1.13116
1.05579
0.923774
1.0675
1.09376
1.07057
0.934121
1.02503
0.889535
0.848048
0.975659
1.04097
0.934427
0.924796
0.957123
0.902764
1.05784
1.08151
1.05628
1.23515
0.860744
0.975164
1.15446
0.910265
1.11676
1.08254
0.930258
1.03501
0.917658
0.810376
0.963721
0.968952
1.16926
0.91449
1.10461
0.817751
1.13034
1.10945
0.956106
0.987387
1.00481
0.997852
0.88501
1.32637
1.04855
0.94233
0.950378
0.972163
1.1264
0.969094
0.883884
0.84218
1.10207
1.02175
0.992322
0.981985
0.987482
1.05814
0.902924
0.977341
1.01853
1.02085
1.09652
0.978704
0.952902
0.845496
1.05935
0.942554
0.970472
1.04563
1.0669
0.809725
0.961868
1.00484
1.02201
0.920283
1.11736
0.937841
0.908013
0.939338
0.952877
0.888368
1.04635
0.919905
0.998049
1.04296
0.977119
1.01822
1.01502
1.09026
1.17658
1.00062
0.998337
0.882819
1.05317
1.06982
0.979059
1.20604
0.999897
1.10298
1.05046
1.12298
0.889294
0.932517
1.07211
0.88591
0.957719
0.893693
1.02651
1.11194
1.18849
1.03769
0.98494
0.990567
1.09034
0.978724
1.03137
1.02325
0.913691
0.87543
1.01987
0.956194
0.891538
0.933785
0.970835
1.06679
0.984491
0.899768
0.995332
1.21587
1.16591
0.92462
1.11186
0.730065
1.02388
1.02623
0.865806
0.906045
0.894494
1.04069
1.09317
0.932943
0.844455
0.943516
0.968301
1.02025
0.975832
0.963876
1.03772
0.890556
0.987027
0.872686
0.98628
1.00199
0.990068
0.899432
1.07687
0.950341
1.17843
0.969084
1.14883
0.854281
0.94313
0.853894
1.09405
1.06767
0.899035
0.958178
1.05322
0.966911
1.0467
1.06757
1.09558
0.993343
0.875482
0.899514
1.06564
1.02859
0.955554
1.16039
1.00344
1.175
1.0201
1.08808
1.02744
0.904832
1.13504
0.929773
0.854769
0.9886
1.10783
1.11412
1.07663
0.917401
1.05787
0.972367
1.07513
1.13728
0.997424
0.994656
0.985799
0.942943
1.00085
0.966
0.888378
1.08107
1.02409
0.835637
0.940162
1.02436
0.954436
0.966044
1.02911
0.971842
1.06555
1.18888
1.0669
0.87471
0.958069
1.04586
0.897676
1.05641
0.88576
1.09382
1.04353
0.870131
0.918001
1.01982
1.00933
1.05515
0.989488
1.02723
0.947791
0.997607
1.06176
1.05395
1.01213
1.09159
0.923722
1.03846
1.11477
1.10469
1.00656
0.976556
0.966411
1.23381
0.875837
0.829043
1.01624
0.932232
0.954802
1.05584
1.25123
0.857878
1.04768
0.872922
1.06739
0.990158
1.0078
0.864476
1.05441
0.972589
0.943097
0.985832
0.979798
0.979003
0.911993
0.977213
0.965289
1.09693
0.931471
1.09472
0.949227
0.982522
0.893395
1.01076
0.814217
0.943402
1.0966
1.10903
0.989029
0.948632
0.982889
1.01295
1.00214
0.817155
1.01886
0.927345
0.996272
1.12776
1.06992
0.933846
1.05002
0.858693
1.1062
0.873879
1.02201
0.936915
1.0367
1.07148
1.08039
1.05258
0.990704
1.10762
1.00613
1.1197
1.11428
1.07406
1.05336
1.13764
0.849813
0.998896
0.786952
0.982408
0.93852
1.01849
1.06271
1.0086
1.16215
1.12729
1.06315
1.03185
0.965741
1.08075
0.914868
1.11658
0.961223
0.866363
0.887624
0.816139
0.92702
0.988147
0.932996
0.897924
0.974167
1.26686
1.11443
0.933037
0.998415
1.06811
1.15918
1.05246
0.921046
1.08902
0.944081
1.04124
0.894953
0.830835
0.981729
0.916992
0.99569
1.06953
1.23925
1.1243
1.13097
1.16903
0.951121
1.04301
0.956026
0.966438
1.069
0.862735
1.01426
1.10565
1.05803
1.12347
0.945836
0.937981
0.979148
1.09441
0.99381
0.984504
1.1648
0.936947
0.886384
1.01202
0.922999
0.822199
0.899343
1.159
1.06615
0.980246
1.02727
0.895927
1.04841
1.04642
0.88945
0.936849
0.987309
1.07126
1.09789
0.930139
0.975961
0.948825
0.977408
0.732754
1.10382
1.02785
1.09408
0.950735
0.784001
0.952394
0.950791
1.10867
0.980652
0.865818
0.825755
0.811399
1.03839
0.907944
1.01864
1.00389
0.954438
0.998087
0.911793
1.02255
0.898183
0.917443
1.06036
1.15774
0.93236
0.905855
0.881304
0.963618
1.06663
0.964919
1.07435
0.902748
1.01377
0.808585
1.15785
1.00557
0.959771
1.06252
1.00285
0.925652
0.96904
1.08905
0.936453
1.08864
1.05607
0.99413
1.10261
0.986015
0.899363
1.08498
0.834502
0.975335
1.22971
1.1
1.12449
1.014
0.921294
1.15734
0.993315
0.992001
0.941836
1.05163
1.01854
0.970497
0.985563
1.06565
1.02817
0.973663
1.19503
1.14433
0.839212
1.02509
0.823194
1.11911
1.03087
1.09648
1.00654
0.968676
1.02784
1.09113
1.00347
0.960246
0.862319
0.917778
1.03671
0.897773
1.13712
1.14089
0.961465
0.9453
1.05203
0.963881
1.05557
1.12601
0.921651
0.984527
0.981227
0.837409
1.0585
0.952763
1.03024
1.07211
1.2172
0.87163
1.09509
1.06708
1.13442
1.14648
1.10725
0.986607
0.909133
0.996261
0.898828
1.11497
1.07679
1.01099
0.96571
1.17502
0.930983
0.96275
0.897652
1.07052
1.11792
0.99158
1.13157
1.1031
1.22053
0.996223
0.975758
0.986421
0.984996
0.695702
0.938964
0.885048
0.873805
1.05809
1.10158
1.13561
0.896487
0.841258
1.12235
0.813129
0.898939
0.998405
0.907236
1.0394
1.21223
0.95304
0.952134
0.99208
1.03545
0.891008
1.11104
1.03138
1.01248
1.17345
1.07799
1.07391
0.930201
0.969159
0.852686
1.01959
1.01144
1.00285
0.974963
0.86994
0.915659
1.0216
1.03492
0.898523
1.06915
0.94352
0.918742
0.902718
1.1328
0.928841
0.973396
1.03621
0.986709
0.942428
0.966067
0.927598
1.01767
1.10048
0.929962
0.938121
1.05856
0.887756
0.981821
1.065
1.07717
0.95378
1.03516
0.889491
1.03868
1.0792
0.964363
0.750666
0.912937
1.15043
1.06997
1.12741
1.06114
0.871052
0.965342
1.05796
1.07659
1.07463
1.24303
0.925268
0.941337
1.30833
1.02223
1.12163
0.975235
1.00991
1.00067
1.0801
1.07782
0.945382
0.955923
0.948406
1.03503
1.05264
1.0923
1.07246
1.04775
0.953801
1.12528
1.15335
1.13701
0.884922
1.13682
0.993225
0.923108
0.899019
0.951451
1.01063
1.21854
0.963738
1.10361
0.997227
0.838199
0.980635
1.22813
0.99579
0.924115
0.969296
1.021
1.20624
0.958655
1.00997
0.986239
1.1541
0.888996
0.975279
0.828697
0.891801
0.931459
1.16915
1.11883
1.15727
0.941719
0.817767
1.05258
1.08554
0.776134
0.87592
1.15616
0.927358
1.13547
0.990357
0.838166
0.880412
0.925731
1.09299
0.997436
0.971778
1.0632
0.968243
0.869589
0.886429
1.02021
0.881925
0.906445
1.03264
0.920755
0.88367
1.1232
1.02255
1.03487
1.07927
1.03828
1.09912
0.891177
0.986653
0.975513
0.891683
0.965611
0.88957
0.92742
0.919345
1.08849
0.953099
0.785637
0.944423
0.954414
1.17245
1.00945
0.945137
0.781791
1.25803
0.893683
1.04231
0.965539
0.937454
1.08674
1.08612
1.01217
0.923265
1.02985
1.05128
0.921522
1.31146
0.879599
1.01276
1.05969
0.814358
0.895007
0.947313
0.913839
0.968954
0.963519
0.869293
0.830334
0.869347
1.02747
1.15926
1.00425
0.95357
0.955818
1.17704
0.995945
0.902459
0.953054
0.903116
0.915877
1.01794
0.870707
0.911363
0.931236
0.859662
1.02434
1.1156
0.934287
1.01262
1.2669
1.00259
0.919043
0.90266
0.959862
1.08109
0.955116
1.12405
0.957538
0.993289
1.12067
0.925414
0.81155
1.09736
1.03533
1.20477
1.02843
1.01221
1.13189
0.947251
0.934582
1.16367
0.952115
0.906999
0.920395
0.887588
1.03134
1.08364
0.990218
0.906812
1.04257
0.976252
0.783805
1.10567
0.955649
0.940787
1.17078
1.11817
0.97496
1.0255
1.01961
0.990126
0.9537
1.02363
1.11797
0.89616
1.08292
1.03515
0.896517
1.10577
1.06725
0.873296
1.0547
1.14068
0.923212
0.76001
0.752617
1.13179
1.13105
1.09184
1.09668
1.01132
1.0188
1.01424
0.780217
0.994095
1.00637
0.968723
1.04807
0.974529
1.04363
0.96683
0.902038
1.06697
1.00912
1.01629
0.900521
0.994308
0.946138
0.898394
1.15638
0.875795
1.07383
0.911438
0.869222
0.892621
1.04896
0.971069
0.945294
0.972923
0.843141
0.996378
0.939996
0.947934
0.977597
0.960779
0.950625
0.94378
0.894382
1.03895
0.963931
1.01817
1.01408
1.05547
0.950683
1.19657
1.08288
0.985964
0.924867
1.07095
1.00445
1.04883
1.14537
0.992603
1.1538
1.00046
0.81393
0.923056
0.903828
1.20402
0.998037
1.14707
1.00433
1.01745
0.834055
1.03927
0.958506
1.09684
0.935339
1.07612
0.866396
1.04458
0.952619
0.881404
0.963908
0.946922
0.938147
0.939618
1.13985
1.10358
1.109
1.21271
1.06049
0.977382
1.13493
1.031
0.997056
1.05093
0.840539
0.935578
0.990512
0.945898
0.926214
0.748459
1.0328
1.14064
1.03353
1.01973
0.886989
1.22942
1.12797
0.957904
0.905249
1.01352
1.11341
0.825844
1.02374
0.937851
1.17485
0.953949
0.909688
0.95858
1.06796
0.918748
1.19047
1.04826
1.06894
0.949522
0.930782
1.04641
1.00484
1.08282
1.03193
1.03753
0.928052
0.916801
1.04345
0.970558
1.00315
1.03662
0.969296
0.949852
0.890556
1.09024
1.20051
0.924617
1.15051
1.01036
1.04145
0.849225
0.986278
0.894264
1.06693
1.1712
1.05146
1.05033
0.990316
0.971556
0.986219
1.12736
0.943467
1.0499
1.12626
0.886286
1.03788
1.00711
1.0309
1.06647
1.06472
0.978867
0.977981
1.17488
1.06647
0.969176
0.993458
1.06269
1.13548
0.861912
1.07849
1.04256
1.22684
1.00734
0.90443
1.0735
1.15398
1.12015
0.958292
0.951236
0.830874
0.967307
0.827644
0.990925
1.03512
1.06934
1.00085
0.896499
1.08842
0.941731
0.927788
0.902201
1.02245
1.12886
0.876784
0.978769
1.04813
0.914903
0.889381
0.902788
0.798345
0.974913
1.07018
1.06035
1.1932
0.979682
0.960903
1.02655
0.968314
1.06198
0.883866
1.03417
1.1584
1.15019
1.02034
1.02585
0.870065
0.897987
0.943689
0.977714
0.931203
1.0141
0.922979
1.011
0.938115
1.15307
0.951068
1.18821
1.00375
0.929296
0.939887
0.90828
0.776449
1.20256
1.10265
0.912088
1.08059
0.986665
0.939339
0.956558
1.00591
1.1287
0.872985
1.03545
1.13578
0.881488
0.856108
0.912311
1.06374
1.00918
0.969504
1.00843
0.999352
0.999892
1.06264
0.918128
1.21365
1.14957
0.94699
0.98904
0.929562
1.0132
0.970436
0.903321
0.943896
1.13969
1.06563
0.991505
0.912206
1.00544
0.936285
1.08322
0.870039
1.13887
0.84271
0.918711
0.938684
1.11839
0.947617
0.945684
1.01221
1.20952
1.19419
0.9524
1.02084
0.838861
0.938502
1.0519
0.915242
1.11264
0.848158
1.03908
0.859154
0.929197
0.934099
1.03208
0.92042
1.12751
1.00473
0.975553
1.05485
1.15114
0.989141
0.929568
0.948853
1.01495
0.968621
0.836476
0.984218
1.14834
0.919991
0.880435
0.894248
1.12646
0.953927
0.925895
1.18249
0.889543
1.06627
1.2247
0.921561
1.03377
0.997506
0.747713
1.08233
0.826282
0.86692
0.955211
0.941293
1.09218
0.915096
0.980975
0.977358
0.93838
0.935212
0.963296
1.09104
1.02214
1.06407
1.00267
0.989348
0.934726
0.986055
0.935444
0.898387
0.988338
1.02235
0.97118
0.877911
0.880224
0.955068
1.06542
0.952105
0.902167
0.986445
0.939668
1.26031
0.999384
1.13195
1.12116
0.940029
1.03598
0.884864
0.939642
1.1527
1.00816
0.94129
1.07858
0.992578
0.947106
0.871048
1.16899
1.10386
0.999086
1.01769
0.975747
0.915098
1.00353
1.08396
1.00094
1.11336
1.07381
1.04464
0.897574
1.11257
1.17619
0.811241
0.979327
1.01758
1.10441
1.01561
1.08006
0.934742
0.974689
1.05601
1.11024
0.925385
0.895161
0.996986
0.870411
0.956603
1.17086
1.12449
0.940182
0.995556
1.10667
1.18058
0.892876
0.947072
1.05904
0.826007
0.959669
1.21413
0.999646
0.965359
0.916072
1.05417
1.09104
0.880351
1.11561
1.03956
0.950788
1.10553
0.980202
0.894561
0.955053
0.975113
0.981395
0.89373
1.05193
0.964136
0.952782
1.1009
0.971415
0.945168
0.971351
0.956795
1.1715
1.13874
0.932646
1.03652
1.0601
0.990849
0.907983
0.967912
1.16451
0.895519
1.03125
1.15881
1.0097
0.861953
0.869383
1.05295
0.97313
0.95015
1.1042
0.963276
0.882409
0.893155
0.958686
1.0658
1.03871
0.973617
1.02547
0.985103
1.03871
0.98117
0.89054
1.06529
0.917818
1.04953
1.00495
0.916058
1.07108
1.04954
1.00016
0.949927
1.08524
1.15532
0.953758
1.04184
1.00753
1.05072
0.974944
0.963274
1.11592
1.15581
1.08411
0.847925
1.10868
1.07428
1.06271
0.854127
1.09488
0.971075
1.01117
0.974767
1.10543
0.921752
1.18525
1.11283
1.02342
0.889622
1.03279
1.05023
0.960456
1.06511
1.02873
1.03561
1.08762
0.964055
0.978652
0.966677
0.928207
0.99463
0.851778
1.05387
1.07279
1.01785
0.894779
1.18165
0.982387
0.987035
1.15839
1.09216
1.05459
1.03363
0.892162
1.08254
0.92207
1.1296
1.06236
1.09808
0.970305
1.10015
1.00417
0.93425
0.934983
1.12106
0.965754
1.11424
0.820152
0.972863
1.03418
1.22772
1.09695
0.994898
1.0909
0.817473
0.999271
0.883006
1.02682
0.994876
1.09233
0.95876
0.950564
0.925116
0.992699
0.836749
1.07892
1.05411
1.06632
1.14295
0.972127
0.928456
0.96351
1.05665
1.14711
1.2066
1.05219
1.24613
0.928552
1.01793
0.917251
1.04175
1.01252
0.878571
0.973392
0.85205
1.06972
0.951532
0.97
0.966383
0.90497
0.974069
1.10281
1.05454
1.01349
0.966691
0.966504
1.11722
0.928452
0.959934
0.929198
1.21641
1.00786
1.09183
1.08752
0.96208
0.733262
0.937193
0.936055
0.934281
1.00752
1.19848
1.09323
1.05208
0.919319
1.09492
0.952537
0.918656
0.946928
0.854842
0.93386
0.958515
1.2332
1.10486
0.968254
1.15727
0.918005
0.877304
0.98509
1.0267
1.05667
0.950696
0.886493
1.11889
0.966709
0.95916
1.02207
0.994722
1.00758
1.05765
0.971128
1.02808
1.1719
0.886787
1.1316
0.947822
0.970372
0.879124
0.916541
0.938029
0.905847
0.935034
0.836957
0.939295
0.998345
1.17599
0.893103
1.05023
1.03128
1.23503
0.989949
0.915619
0.882552
1.02813
1.00327
1.15721
1.07944
0.963186
1.17265
0.983962
0.930095
1.09671
1.01986
0.954946
0.92575
0.914378
1.02147
0.995375
1.03636
0.862096
0.995279
0.883384
0.973352
0.907067
0.998789
0.972118
1.14916
1.01163
0.853597
0.921251
1.04604
1.05642
0.980114
1.04237
1.08937
0.858495
0.855295
0.989583
0.855149
0.848217
1.09731
0.974963
0.938762
1.0344
0.98291
0.868805
1.1058
1.0083
0.878889
0.793233
0.864508
0.981945
1.01131
1.13823
1.03057
1.04301
1.05779
0.936001
1.02341
1.00494
1.16879
0.865959
1.18149
0.953896
1.02121
0.898033
0.863476
0.894056
0.786191
0.991905
0.939594
1.17818
1.06497
0.916015
1.19122
1.18924
1.1283
1.02938
0.903907
0.995459
1.23483
0.907796
0.86053
0.895608
1.20964
0.973073
0.983126
1.0122
1.10767
1.03795
0.966449
0.807367
1.00069
1.06907
1.05623
0.991757
1.07319
0.998289
1.08846
1.03772
1.13084
1.01611
0.908484
0.88605
0.932773
1.10679
0.958449
0.881723
1.10486
1.06831
0.993779
0.927555
1.03095
0.96454
0.990118
1.0974
0.782245
0.966908
0.940943
0.935894
0.848201
1.03109
0.969335
0.950987
1.26325
1.10739
0.908332
0.999495
1.00755
0.819639
1.03434
1.24514
0.92613
1.03394
0.994772
1.02626
0.964663
0.931124
0.827127
0.973931
0.852135
0.82537
1.02954
1.15288
0.937769
0.953065
1.03704
1.06483
0.960144
0.916721
1.13476
0.897823
0.91624
1.12324
0.910032
0.911009
0.847196
0.978596
0.908479
0.963494
1.00928
0.992355
0.965155
1.14544
1.07784
0.988456
1.03077
1.0323
0.844858
1.04725
1.06131
0.924578
0.99831
1.05761
1.19177
1.0469
0.96781
1.10449
0.943916
0.879306
1.00715
0.990518
1.06696
0.945967
1.04276
0.879231
0.908384
0.89938
1.0028
1.04179
0.980537
0.881983
0.904273
0.947796
0.988218
0.93195
1.0047
0.997261
0.897709
1.06903
0.960072
1.01672
1.07087
0.844348
1.16836
1.03428
1.03766
0.953077
0.995997
0.956405
1.02287
0.924454
1.07235
0.86428
0.943935
0.942293
0.876389
1.06208
1.03857
0.969941
1.11497
0.950684
0.969127
1.00356
1.01573
1.0309
1.07328
0.915282
1.07617
1.21503
1.28205
0.994558
0.870666
1.00367
1.14263
1.03352
0.988077
1.02779
0.897087
0.914504
0.937799
0.977049
0.980198
1.00337
0.962085
0.962956
1.10134
1.17453
1.17653
1.00448
1.0247
1.02568
0.934613
0.911482
1.06535
0.959006
1.13583
1.18917
0.885447
1.1266
0.991351
0.983396
1.22768
0.870819
1.12258
1.08097
0.913553
0.998276
0.976998
0.958709
0.836712
0.945609
0.917003
1.00868
1.17232
0.908754
0.99558
1.05111
0.892999
0.973399
1.01167
0.869545
1.10914
1.08746
1.01776
0.95146
0.854152
1.02798
0.871194
0.759975
0.916511
1.00986
1.03269
1.04046
0.896503
0.939862
1.06983
1.03504
0.883473
0.970077
1.09732
1.057
0.820554
0.992865
0.939374
1.10593
0.933502
0.99172
0.990046
1.01219
1.02705
1.05371
0.973365
1.09159
1.15447
1.02775
1.07857
0.882921
0.893086
1.09139
0.997566
0.990886
0.839728
1.07552
0.969109
0.950802
0.880681
0.87498
0.997093
0.979995
0.857308
1.01778
1.17133
0.974013
0.962387
0.912967
0.894732
0.837196
0.946657
1.0526
1.06742
0.969738
1.1084
0.756498
0.934617
1.06171
0.959876
1.07494
0.946105
0.949054
1.12048
1.08156
1.12876
1.12926
0.93191
0.960316
0.924512
1.0298
0.917507
0.964144
0.898368
1.00415
0.850837
1.02506
1.0041
0.900539
0.907496
0.953901
1.00315
1.00219
0.992634
1.10835
0.934391
0.963874
1.07207
0.937639
0.925716
1.05351
1.05059
1.06867
1.09546
0.939929
1.00123
0.935945
0.948682
0.877248
0.97749
0.891948
0.930051
0.825198
1.10616
0.926008
1.00032
1.1652
0.973564
0.957788
1.01581
1.12359
0.942274
0.936697
0.850845
0.979426
0.972934
0.890213
1.10746
0.927413
0.895291
0.998219
1.00288
0.993915
1.18015
0.91634
1.13126
1.07368
1.00086
0.883613
0.973128
0.959974
0.928381
0.957779
1.10729
1.16096
1.0164
1.02636
0.999607
0.970059
1.00287
1.03599
1.06911
0.898033
0.981101
1.17212
1.03834
0.96398
0.834996
1.08799
1.20243
0.97357
1.04919
1.11134
0.964377
0.958139
1.04292
0.889008
1.04673
1.06332
1.03447
0.880231
0.991513
0.988403
0.8782
0.982143
1.10401
1.00813
1.09409
1.2718
0.851988
0.836832
1.10117
0.90391
0.762888
1.00543
1.04074
0.853164
0.796409
0.90666
1.08326
1.07012
1.07739
1.08262
0.88058
1.10096
1.0199
0.929994
1.0019
0.941903
1.0706
0.882222
0.947785
0.994702
0.972142
0.886391
1.10934
0.828477
1.08162
1.14834
0.955224
0.82699
1.00441
1.141
0.963259
1.04146
0.932723
0.873735
0.843412
1.07904
0.884906
0.986764
1.0298
1.10364
1.14693
0.862685
0.902867
1.01742
1.10108
0.942908
0.970466
1.01325
1.02884
1.05236
0.902478
1.03207
0.864307
0.869256
1.15505
0.928766
1.03571
1.07272
1.017
0.815436
0.978145
0.797514
0.942671
1.15452
0.945572
1.04971
1.03697
1.09516
1.10879
0.937513
1.07431
0.851907
0.911196
0.887183
0.904759
0.977733
1.03008
1.20153
0.942525
0.852373
1.10635
1.04624
0.77123
0.910782
1.12367
0.950438
1.23311
1.00323
1.09692
1.06902
0.855204
0.916441
1.05136
1.09444
1.21059
0.901896
0.987309
0.902646
1.21829
1.10769
0.89517
1.19184
1.01098
1.00077
1.04099
1.00537
0.963022
0.959196
0.965156
1.01269
1.09289
0.929734
1.03141
0.912066
0.829592
1.05465
1.13423
1.25211
1.1484
0.843153
1.06054
0.927664
0.931959
1.21339
1.26661
1.0115
1.00076
0.931643
0.891006
0.783395
0.943749
0.890735
1.20893
1.1422
0.98515
1.03147
0.956347
1.07957
1.1015
1.1225
0.962867
0.908091
0.958795
0.867429
0.93106
1.10349
1.10753
0.963278
1.08397
0.865044
1.0608
0.931302
0.985212
1.00566
0.962512
1.04533
1.07444
1.21176
1.12611
1.00275
0.827677
1.16692
1.08466
0.98204
1.05861
1.07374
0.859861
0.954576
1.0927
0.945466
0.926743
1.02971
1.23535
1.05646
0.944757
0.825535
0.907623
1.02968
0.788822
1.17588
1.03126
1.07134
0.84257
1.08853
0.906015
0.973222
1.02297
1.0149
0.916654
1.05675
0.8374
0.913114
1.08112
1.05426
0.930137
0.932418
1.10769
1.10173
1.00551
0.889471
1.06009
0.794752
1.06988
0.856895
1.07096
1.1325
0.993337
1.17966
1.05065
1.00216
1.09603
0.844883
1.07117
0.905193
0.984012
0.858663
0.809171
0.916485
0.947612
1.20066
0.917855
0.991079
0.98557
1.13702
0.795211
1.11699
0.984391
0.948543
1.03715
1.25155
0.916485
1.12456
0.953733
1.04635
1.07132
0.968249
0.91269
0.938805
1.04932
0.957801
0.985858
0.96031
1.02647
1.21884
1.00441
1.07944
1.22419
1.00582
0.94538
0.952932
0.861058
1.08
1.07739
0.949051
0.87163
0.911737
0.982759
1.01771
0.916951
0.992329
1.0273
1.17771
0.972206
0.860468
0.932096
0.911398
0.853223
0.976022
0.940399
0.978583
0.885306
0.894747
0.922139
0.929247
0.995805
0.923122
1.06277
0.928295
1.08507
0.809533
1.0378
0.893329
1.00663
1.07421
0.971612
1.05247
1.03502
1.03821
1.03183
0.93096
0.916981
0.904058
1.0314
1.14537
1.1442
1.07386
0.9968
1.1372
1.13851
1.15648
0.863692
1.05334
1.00019
0.974635
1.10561
1.03376
1.0495
0.999613
1.04596
1.13291
1.11946
1.07208
1.14564
0.889722
1.00962
1.15284
1.05228
0.867175
1.2371
0.904735
0.953905
0.98871
0.909859
1.09864
0.877903
0.975201
0.874714
1.1259
1.03624
0.89734
0.94655
0.852812
0.897489
1.01799
0.901496
0.97078
1.22985
0.976133
0.928539
0.762591
0.995851
0.882337
1.02628
1.02912
0.899319
1.1523
1.14253
1.14604
1.10686
0.96088
1.04873
1.07236
0.993485
0.883704
0.876431
1.0472
0.727443
1.10722
0.941748
1.14129
1.00455
0.954709
1.13826
0.99644
1.04357
1.13499
0.899062
1.1235
1.02881
0.877583
1.06365
0.989792
0.967967
1.03383
0.973703
0.996711
1.15128
0.868711
1.03679
0.919998
1.03307
1.14504
0.994385
0.854705
1.01614
1.09701
1.14607
1.02872
1.02795
1.09783
0.907665
0.897343
1.01644
1.15903
1.16054
0.986149
1.1166
1.10543
1.01859
0.946743
0.989633
0.9253
0.910446
0.820473
1.02234
0.818509
0.941606
0.980214
0.953595
0.908191
0.994195
1.09518
0.921465
1.08379
1.01842
1.10301
0.932733
1.18597
0.993855
0.832943
1.10349
1.02259
1.11092
0.932805
0.939997
1.06328
0.941292
0.83037
0.903593
1.06168
0.827221
0.903397
0.841214
1.11972
1.01923
1.14769
0.889036
0.946607
1.06872
1.27808
1.00645
1.08739
0.895311
1.12247
1.06799
0.980613
0.770241
1.0333
0.907685
1.03901
1.1526
0.92527
0.925299
1.03702
1.11442
0.98571
1.1534
1.18635
1.17511
0.867551
0.983481
1.07433
0.92885
1.05781
0.854022
0.880258
0.993251
0.844319
0.911215
0.95478
0.956256
0.775136
1.16306
0.887112
0.939508
0.967185
1.01774
1.0175
0.99998
0.940254
1.30269
0.830936
1.06234
1.032
1.16722
1.17833
1.0021
0.979459
0.961457
1.0564
1.03701
0.917904
1.06573
1.00276
1.20055
1.04097
0.853483
0.840738
0.917029
1.07005
0.858815
0.995423
0.952119
1.07369
1.01533
1.05783
0.98141
1.10246
0.968372
1.06815
0.922124
0.855279
1.1126
0.964238
1.13731
0.908687
0.97617
1.26243
1.0108
1.03872
0.926077
0.967849
0.88622
1.05968
0.97321
1.13791
1.04249
1.01781
0.988914
0.997274
0.955745
1.0367
0.862409
0.984756
1.11473
1.10279
0.996052
1.03882
0.941769
0.903175
0.928432
1.06678
1.01988
0.963056
1.01375
1.01362
0.988206
1.03868
1.02641
1.15775
1.07318
1.04277
0.888755
1.00787
1.00334
1.10011
1.031
0.895564
0.918576
0.992257
0.961498
1.10907
0.938579
0.925608
1.13869
0.890479
0.967388
0.926106
1.04816
0.953854
0.907138
1.19662
1.13042
0.889095
0.944251
1.13026
1.01737
0.968509
0.966112
0.910717
1.03341
0.732023
1.11215
1.03562
0.83534
0.962374
0.852329
0.944876
1.09455
1.09931
0.944762
1.17216
1.02759
1.05667
0.985344
1.08998
1.07215
1.03302
0.967359
1.2478
0.947921
0.952621
0.892386
0.9157
0.891308
1.00767
0.85879
1.07541
0.924063
1.12174
0.947947
0.972512
1.11829
0.987936
1.05275
1.06144
1.02864
0.947855
1.00737
1.02922
1.01893
0.955674
1.00478
1.05628
0.962985
0.943246
0.8626
0.858344
1.0045
1.0525
1.01013
1.14841
1.05333
1.07833
0.924334
0.937035
0.76266
0.835995
1.04064
1.0019
0.946964
1.12348
0.874677
1.01463
0.911899
1.10816
1.16686
1.11901
0.940976
0.998022
0.998295
0.969879
1.1702
1.0486
1.03126
0.981883
1.00987
1.06853
1.08089
0.962368
0.975467
0.995027
0.999601
0.783742
1.10991
0.895364
0.963145
0.925581
1.1089
1.02775
0.892419
1.02152
0.926838
0.982675
1.04079
0.862922
1.16666
0.835655
1.05301
0.957358
0.999705
0.912069
0.972259
1.0407
0.868008
1.0498
1.09238
0.917854
1.0484
0.998613
0.887258
0.959707
1.11922
0.879768
0.948926
1.01016
0.930172
0.981749
0.879171
0.900534
0.859919
1.0132
1.07528
1.08975
0.968863
1.20083
1.12766
0.920329
1.08192
0.975895
0.941825
0.797712
1.06541
0.882776
1.20254
0.990848
1.11668
0.824419
1.00429
1.01191
0.793586
0.975033
0.889402
1.11272
1.02614
1.01138
1.10623
1.12616
1.07944
1.08383
0.957451
0.996206
1.02405
1.21215
0.950972
0.922378
0.880342
1.09241
0.861314
0.994454
1.01926
0.966189
1.05429
0.991929
1.20396
1.03391
1.01712
0.848233
0.955542
0.825083
0.995965
1.02216
1.07783
1.11143
0.896091
0.976125
1.06646
0.906568
0.88687
1.00455
1.14747
0.905725
1.09167
0.908865
0.954889
1.0864
0.985358
0.871225
1.06239
0.835735
0.980484
1.20246
1.0812
1.14036
0.915248
1.00109
1.16454
0.856755
1.11846
0.859389
1.06444
1.09075
1.30113
0.944681
0.912269
0.986265
1.00261
0.999217
1.10304
0.971595
0.981361
1.07835
0.948552
1.06042
1.07863
0.928386
1.01571
1.23973
1.06423
1.15303
0.880607
1.08761
1.13014
1.07976
0.962575
0.995453
1.18038
0.984576
1.14613
1.06803
0.989415
1.05825
0.986316
0.884315
1.00315
0.947086
0.798125
1.02211
0.950168
1.13156
1.14791
1.23719
0.878499
0.898862
0.912201
0.965596
1.06523
1.15323
1.0725
0.969601
1.09311
1.03518
1.213
0.991304
0.945655
1.10138
1.11272
1.14452
0.943724
0.966726
0.650333
0.907749
0.981244
0.994889
0.825844
1.1881
0.856519
0.939873
1.01387
0.849891
1.04878
0.859138
1.09901
1.04478
0.991206
0.928019
0.961849
0.865979
1.08282
0.962985
1.04469
0.96941
1.07458
0.90162
1.08214
1.10606
0.969824
0.949952
0.985672
1.07367
0.998649
0.82187
0.834905
0.879159
1.09443
1.14379
1.14664
0.899377
0.82624
1.06921
1.04375
1.15412
0.996782
1.0443
1.19109
0.918277
0.858719
0.995637
0.907297
1.16117
1.23431
0.965773
0.830906
0.928073
1.06583
0.947079
1.0255
0.994354
0.920219
0.890584
0.932757
0.990161
1.11993
0.875561
0.888563
1.12072
1.09215
0.73102
1.02488
0.927265
0.981068
1.19123
0.962828
1.03194
0.961176
1.05198
0.904216
1.15353
0.964709
0.924807
0.854873
0.921314
0.995161
0.891396
1.10754
0.99465
1.12374
0.845224
0.961675
0.89682
1.00885
0.936112
0.999859
1.03243
1.21214
0.961013
0.881092
1.01673
1.07526
0.969919
0.947265
1.29079
0.996683
0.982549
1.33416
0.900501
1.02715
0.957665
0.993134
0.8915
0.930173
0.941885
0.953908
0.989292
0.86753
0.807056
0.980762
1.25874
1.00607
1.01311
1.04113
1.03654
1.09901
1.07926
1.09844
1.02065
0.935673
1.14974
0.937285
1.07633
1.09317
0.995445
1.02092
1.14232
1.05999
1.078
1.05783
0.933751
0.982113
1.16143
1.19291
1.24294
1.05154
1.01458
1.1261
1.17057
0.837734
1.02188
0.910042
0.953708
0.883047
0.86935
1.03153
0.807444
1.05291
0.94485
1.093
0.9199
0.945118
1.08677
0.877311
1.1292
0.977005
0.915825
0.902098
1.08054
0.931537
0.944149
0.801194
0.99468
1.02293
0.941678
1.11224
1.12956
1.11391
1.06501
1.00816
0.857368
1.01615
1.07696
0.90246
0.967008
1.03115
1.03014
1.04407
0.959395
0.90041
0.879213
0.922703
1.01285
0.99472
0.882627
0.790284
0.834843
0.847478
0.9715
0.998833
1.05298
1.02074
0.973515
1.0641
1.00131
1.13769
0.886997
1.156
0.976618
1.13019
1.07449
0.927544
0.87524
0.976777
1.02041
1.06274
1.22519
1.17335
0.958501
1.13079
1.05798
0.980305
1.03563
0.897737
1.07791
0.918812
1.11247
0.924282
1.03526
1.11827
1.0314
1.12783
0.964132
0.993061
0.988962
1.02024
1.14402
1.03842
1.05011
0.881627
0.900718
1.01739
0.97026
1.10995
1.06084
0.972617
1.00661
1.00054
1.09376
0.910468
1.11596
1.02652
0.861097
1.18837
0.845349
1.05144
1.14604
1.0983
1.0903
1.01421
0.910007
1.00061
1.0348
1.01818
1.05634
0.920708
0.845014
0.812799
1.12832
1.03475
0.867641
1.0577
1.06702
0.936208
1.0133
1.06379
1.13723
1.14772
1.00158
0.982228
1.03758
0.93565
0.994745
0.955191
1.02058
1.02002
1.02119
1.12586
0.917684
0.879031
1.0067
0.920192
0.902663
0.955602
1.15961
0.965024
1.15436
0.988649
1.22238
0.963393
0.891541
1.03915
1.04762
0.961115
1.03119
1.03361
1.07933
0.987745
1.07244
1.16199
0.965991
0.970863
0.766959
1.03312
1.13357
0.984281
1.15172
0.851112
0.896315
0.828452
1.15198
1.14154
1.1677
0.785746
0.961905
0.895499
0.921754
1.03369
0.854747
0.909743
0.962572
0.917495
1.08443
1.03728
1.18658
1.08462
1.01684
0.964147
0.97145
0.951728
1.02648
0.788208
0.883074
1.00436
1.0277
1.07326
0.866345
0.86868
0.973879
0.912764
1.17665
0.912153
1.09598
1.0093
0.930787
1.0493
1.08762
1.0713
1.09069
0.967627
0.903654
1.15923
0.905631
0.972534
0.869448
0.889567
0.968893
1.12563
1.04184
1.03133
1.03961
0.999926
0.880021
0.958223
1.04268
0.929844
1.15385
1.0583
0.796397
0.949758
1.00782
0.954223
0.987467
0.987012
1.00049
1.11896
0.94068
0.990395
1.003
1.07549
1.00384
0.995276
1.02824
0.90978
0.9137
1.17847
1.15231
0.827551
1.04108
0.997464
1.04193
0.990204
0.992722
1.0667
0.909522
1.00348
0.853715
0.937206
0.977119
0.850396
0.856424
1.00578
0.935696
0.881975
1.07425
0.917654
1.30893
1.13935
0.877186
0.982037
0.915492
1.19153
1.00931
1.26613
0.925163
1.04356
0.948087
1.0011
1.08106
1.11139
1.01457
0.980115
1.11269
1.04632
1.04933
0.968911
0.972611
1.04365
0.862522
0.876124
0.881279
0.797352
0.848286
1.10565
1.14091
1.07884
0.982787
0.864915
0.923536
1.10376
0.894316
1.09962
0.952891
1.10147
1.05967
0.999766
1.1312
1.04903
0.94571
1.07692
0.889532
0.947222
0.930047
1.00081
1.17826
0.923966
1.14777
0.937778
1.00141
1.00951
0.980499
0.994134
1.091
1.1406
0.898689
0.987445
1.02425
0.980605
1.03148
1.08198
1.01975
1.04965
0.916105
0.888191
1.05287
1.02533
0.998086
0.8624
0.990456
1.11854
0.980529
1.08856
0.946837
0.900364
0.895777
1.00329
0.974567
1.11979
1.05455
0.857675
0.872076
0.998317
1.03116
1.08223
1.09793
1.08701
0.875911
0.965203
0.912019
0.973101
1.0835
1.0746
1.14375
0.95828
1.095
1.09124
1.05389
1.0947
1.05913
1.07961
0.982426
1.05119
0.99557
1.02396
1.04144
0.840611
0.817603
1.07699
1.08134
1.13494
0.89931
0.990679
1.25115
0.911215
1.14058
1.0103
0.983092
1.10074
0.889487
1.02107
0.979663
0.993346
0.99398
0.94929
0.915106
0.887033
0.831126
1.02591
0.925109
1.00486
1.06919
1.00353
0.896196
0.940143
1.00439
1.07069
0.810727
1.02856
1.1402
0.947368
0.831627
1.0451
1.10407
1.07301
0.949642
1.11267
0.784746
1.01411
1.15668
1.10952
1.00882
1.12655
0.940196
0.95351
1.04079
1.00343
1.20046
1.07556
1.29062
0.936253
1.05165
0.918311
1.02382
1.1676
0.932
0.911631
0.818625
0.975272
0.953006
0.89003
1.00809
0.983419
0.943085
0.913576
0.927073
0.940533
0.899103
0.843561
0.900426
1.05278
0.995819
1.05784
1.14439
0.962716
1.01362
1.07805
1.02823
0.838912
1.0758
1.0198
1.03337
1.01345
1.07703
1.09357
0.981961
1.00675
1.03539
0.837307
1.03317
0.972907
1.02854
1.09195
1.09164
0.863467
0.954482
1.10979
0.953514
0.935221
1.09231
1.02892
0.934516
0.925506
0.978137
0.773636
1.03756
0.960149
0.995447
0.975524
0.841033
1.04008
0.898321
1.21369
1.03191
1.03594
0.954255
1.1414
1.06905
0.953395
0.994887
1.14984
1.06749
0.905448
0.99788
1.01806
1.02103
1.07882
0.969258
1.05806
1.04682
0.986991
0.972677
1.21351
0.895404
0.892956
1.21147
1.06391
0.980528
0.961362
1.03472
1.02438
1.04988
0.989253
1.01793
1.07775
0.905979
1.00603
0.966555
1.07385
0.969591
1.18805
1.00256
0.933621
0.862771
0.902859
0.936946
1.03386
1.0306
0.901403
0.989464
1.05854
0.75758
0.968485
1.0265
1.05146
1.12046
1.12806
0.882586
1.04809
0.870988
1.03446
1.05453
1.24236
1.18044
0.972032
1.04502
1.02379
0.931905
1.21677
1.03584
0.878048
1.12544
1.13709
0.9693
0.947187
1.13406
1.18572
0.976673
1.10309
0.939459
1.00771
0.894578
1.06538
0.942663
0.909894
1.00545
1.11809
0.937207
1.04456
0.923976
1.02184
0.949282
0.901373
0.990372
1.06562
1.09576
0.923556
0.993824
1.15683
0.889435
0.896103
0.950113
0.959426
0.988012
0.774852
1.07588
1.13764
0.883458
0.974773
0.917246
1.2617
1.09957
0.997911
0.851995
0.977992
0.907269
0.824617
0.915119
1.10382
0.719421
1.02062
1.32635
1.02739
0.906392
1.1169
1.08468
1.07384
1.00299
0.993635
0.929056
0.974471
1.0584
1.14778
0.943331
0.848791
0.920761
1.10021
1.19979
0.950448
0.923749
1.00101
0.904136
1.08304
0.878332
0.956617
1.01643
1.09628
1.07664
0.915984
1.05486
1.05934
0.942004
1.03147
0.994298
1.02272
1.0168
1.07047
1.08133
1.05743
0.892202
0.838111
1.12553
0.993733
0.911957
0.992194
1.02162
1.00901
1.05838
1.0017
1.11244
0.884772
0.934608
1.08641
0.926567
1.026
0.876822
0.968907
1.06154
0.907418
1.12932
1.11394
1.13294
0.902715
1.02478
1.01317
0.793998
0.951561
1.01274
0.985467
0.999511
1.10207
1.13188
0.856918
1.00481
1.05645
0.996879
0.95527
0.921118
0.927843
0.907713
1.09459
1.06209
0.98695
0.794317
0.959847
0.99847
0.895237
0.809708
0.98233
0.890193
0.827055
1.03309
1.12333
0.894091
0.932197
0.915414
1.0561
0.954938
0.974399
0.923271
0.961845
1.05723
0.924157
1.01073
1.04261
1.00494
1.0983
1.00448
0.98527
1.15078
0.937409
0.950186
0.872421
1.14585
1.06514
1.02539
1.21172
1.02719
1.07768
0.952048
0.923398
1.1101
0.892202
1.04314
0.969158
1.17629
1.07363
1.09695
0.916228
0.933858
0.864306
0.968036
0.877196
0.814159
1.1445
0.877902
1.06628
1.04725
0.931205
1.03964
0.946007
0.982624
0.909787
0.946201
0.887406
1.3029
0.873413
1.07619
0.828338
1.03643
1.11295
0.965749
0.942169
0.81554
1.06421
1.01994
1.18173
1.10528
1.05266
1.14408
0.904994
0.93882
1.06166
1.01649
1.12236
1.03089
1.01278
0.937433
0.873086
1.0879
1.08422
1.16505
0.876338
0.843844
1.16412
1.17153
0.958273
1.03271
0.911633
0.883884
1.05929
0.762202
0.864368
0.905901
0.903514
1.04201
0.925532
1.10215
1.05256
0.88305
0.752112
0.921409
0.974573
0.951169
0.898086
1.00913
1.07001
0.980566
0.981695
1.02049
1.12447
1.04912
0.873847
0.982862
0.929448
1.01333
0.997221
0.966842
0.866982
1.10253
0.871656
0.923202
1.02948
1.01374
1.11728
0.9903
1.01423
1.03289
1.18329
1.14735
0.894983
1.12664
0.921967
1.11503
1.01054
0.849782
0.875625
0.996126
1.08618
1.01896
0.92984
1.11837
1.06677
1.04587
1.04021
1.16349
1.11588
1.07279
0.965226
0.85451
1.07935
1.01113
1.00169
0.897097
1.00069
1.03275
0.8857
0.891641
1.15019
1.2184
0.999174
0.976235
0.950329
1.06968
0.928673
0.862204
0.884773
1.08493
0.797979
0.859007
0.858716
1.00193
0.963023
1.08252
1.05544
0.888128
0.944892
1.06365
0.880666
1.09173
0.926611
0.977959
0.919879
0.819468
0.919259
0.963496
0.985918
1.08947
1.15938
0.96839
0.891287
1.0343
1.03453
1.05962
1.00924
1.06354
0.962193
0.98834
0.880569
0.918115
1.21414
0.972849
0.87725
1.00916
1.06292
1.06316
1.00773
1.09777
0.908998
0.929534
0.999824
1.02677
0.998093
1.05109
0.908342
1.10954
1.10016
1.07876
1.11158
0.907944
0.975813
0.973605
1.08652
1.13774
1.07879
0.903947
0.982455
0.895464
0.982593
0.986324
1.04076
1.03104
0.86709
0.96743
1.02847
0.876936
0.985394
0.976299
1.03665
1.04631
0.957703
1.07741
1.31614
1.16848
1.03417
1.08829
0.965633
0.986717
0.869756
0.967026
1.01122
1.05903
1.10276
0.991966
1.12799
1.00667
0.809803
0.931513
0.944153
0.939675
0.955156
0.899979
0.94349
1.03412
0.896726
1.04698
1.06275
1.04843
0.990738
0.904364
0.887076
0.907301
1.01143
1.09334
0.985848
0.932954
1.03086
0.985653
1.10729
1.05197
1.08363
0.843894
1.17436
1.08028
0.916025
1.11517
0.937849
1.06835
0.919067
1.21885
0.921301
0.901732
0.890352
0.863905
0.965941
0.991528
1.09202
1.03444
1.03859
0.913858
1.04651
0.853079
0.906427
1.23008
0.987773
1.11168
0.910082
0.951506
0.87579
1.03702
0.857294
1.01237
1.0517
1.17459
1.02712
0.968412
1.10223
0.895539
0.980565
0.951741
0.876595
1.15297
0.932527
0.849071
0.747149
0.998635
1.11532
1.10027
1.06438
1.00274
1.17342
1.04092
0.867717
1.05615
1.01809
1.00998
1.16393
1.0883
0.918192
0.86749
0.790663
0.987465
0.975134
1.16964
1.08028
0.8217
1.10073
1.05789
0.903291
1.07842
0.930308
0.823997
0.985956
0.90717
1.13729
0.954807
1.01351
1.0138
0.965132
0.923975
1.10455
0.951358
0.975367
1.07107
0.959891
0.932453
1.03471
0.90121
1.03752
1.04942
1.04904
0.965963
1.04531
1.13161
1.10495
1.11831
1.03939
1.1166
0.985649
1.15404
1.13176
0.963439
0.866043
1.05188
1.00264
1.13797
1.07003
0.967621
1.0093
0.996107
1.08727
0.900086
0.939959
0.942784
1.07758
1.11867
1.01692
0.935003
1.06066
0.855877
1.07892
1.08573
0.895402
0.9452
0.80752
1.00575
1.20006
0.952446
0.801876
0.869795
0.932772
1.0378
1.11339
0.917283
0.983487
1.03256
1.00111
1.08991
1.05607
1.00983
0.978973
1.04013
0.975664
1.07031
1.09733
0.99238
0.998387
1.03535
0.884654
0.974294
0.891359
1.05966
1.01736
1.07887
0.912477
0.896969
0.918062
0.889352
0.947125
0.997516
1.03783
1.10378
0.93127
0.997077
0.815804
1.08432
1.184
1.08066
0.86245
1.25778
0.895217
1.12031
0.962437
1.17918
1.10493
1.07962
0.97501
1.08117
0.979138
1.05673
1.08048
0.988949
0.979123
0.881561
1.04718
0.926575
1.00992
1.0561
1.00709
1.08923
1.00802
0.694814
1.07583
1.01319
1.01775
0.898016
0.976732
0.936155
1.01107
0.949148
0.996706
0.990382
1.00017
1.00243
1.0711
1.14869
1.04519
0.904097
1.04374
1.11134
0.892506
1.00419
1.01305
0.838102
0.837949
1.02634
0.925167
0.950387
1.06775
0.7864
0.890913
0.943219
0.845443
0.919489
1.01959
0.906727
0.9246
0.920408
1.11546
0.990621
0.949089
0.983775
0.888908
1.00316
0.876811
0.848684
0.855333
0.957995
0.981695
1.06915
0.954504
0.94156
1.04892
0.9188
1.08121
0.841701
1.01763
0.929008
1.02198
1.05203
0.977374
0.844443
1.12227
1.04549
0.816961
0.889277
0.937068
1.07671
0.958863
1.09575
1.05103
1.14959
0.922972
0.787285
1.07633
1.10594
0.964701
1.18096
1.00328
1.0972
0.928107
0.875387
1.04734
0.921764
0.975472
1.21665
1.0189
1.01841
0.88384
0.837417
0.946369
1.11828
0.898629
0.978541
1.16747
1.0412
1.11667
1.03684
1.02631
0.918161
0.945644
0.988297
0.877796
1.09233
0.903459
1.165
1.12981
1.07363
0.903014
0.808199
1.00657
1.07401
1.0095
1.13736
0.923625
0.928519
0.896902
0.964819
0.852786
0.945748
0.959275
1.01269
0.910971
0.907041
1.08005
1.05054
1.02847
1.01586
1.19144
0.991866
1.02084
1.08773
0.933142
0.953497
1.08957
0.949275
1.01011
1.0501
0.919959
0.99114
0.940531
0.930403
0.901542
1.12421
1.05984
0.800952
0.993129
1.00214
1.10876
0.926798
0.838324
1.05453
0.957182
0.968407
1.07554
1.04702
0.832274
1.07965
1.08925
1.23505
0.93517
1.02048
1.11164
0.924271
1.00731
1.01554
1.01261
1.00653
1.01083
1.19575
1.01684
1.09895
1.08367
0.974946
0.972366
1.04562
0.957094
0.980509
0.943677
0.936289
0.97683
0.817519
0.792132
0.988644
1.05284
0.958766
0.948449
1.06432
0.972121
0.931166
0.874307
1.05171
1.02198
0.977167
1.12444
1.15483
0.990351
0.85383
0.916895
0.951804
1.07611
1.07971
0.859449
0.957147
0.90257
0.858559
0.959572
0.911515
1.01873
1.01662
1.03412
0.987702
0.90206
1.06851
1.22182
1.0838
0.831243
0.964209
0.947079
1.31303
0.915736
1.02119
1.0758
0.950125
0.852111
1.03342
1.1806
0.883421
1.14429
1.17146
1.05517
0.941985
1.03286
1.05389
1.07658
1.12
0.948869
1.053
0.954931
0.862947
0.959433
1.0775
0.963268
0.998154
1.13777
0.928856
0.991069
0.949452
0.872678
1.16865
0.970268
0.961341
1.08375
0.98853
0.899778
0.936103
0.851218
1.08667
0.816777
1.00604
0.943067
0.947515
1.03989
1.22753
1.05911
1.11153
1.02693
1.05106
1.16799
0.996356
1.09622
1.11971
1.04918
0.904739
0.962312
1.15516
1.05789
0.93338
0.807467
0.795398
1.07585
0.981489
1.06823
1.05775
0.98624
1.03097
0.95168
0.932676
1.08421
1.05672
0.816778
0.971919
0.980706
1.16147
1.05075
1.03347
0.965901
0.792341
1.01113
0.937674
1.04613
0.923041
1.1583
0.970844
0.898244
1.03602
1.03837
0.961964
1.08444
0.996299
1.13477
1.10234
0.887626
0.953861
1.02584
1.10806
1.02046
1.0832
1.02969
0.931523
1.24794
1.01995
0.82637
0.893817
1.1525
0.87057
0.949957
1.02135
1.16043
1.06961
1.05448
1.16164
1.01561
0.935495
0.842641
1.06381
1.11864
1.03692
1.03816
1.13673
1.0447
0.980977
1.08392
1.11182
0.914318
0.979623
0.925182
1.07108
0.964047
1.05116
0.835999
0.938461
0.955761
1.03451
1.01338
1.06262
1.0038
0.932422
0.922262
0.961366
1.11202
0.876134
0.86436
0.911659
0.848731
0.856004
0.882657
0.967251
0.919965
0.791201
1.08524
0.998535
1.02247
1.06968
0.994525
1.04158
1.03167
1.02783
0.96149
0.967651
1.01905
0.98369
0.876037
0.988036
0.879688
0.971984
1.01022
0.917414
1.13039
1.08823
1.12386
0.967
1.2447
1.01932
0.970883
0.956532
0.933718
0.954735
0.86633
1.15166
0.929656
1.02448
1.01361
0.845235
0.876701
1.06497
0.986128
0.840276
0.98165
1.10128
1.0328
1.05777
0.951008
0.856141
1.10403
1.11997
0.953495
1.14249
1.17957
0.932097
1.02129
0.932726
0.946336
1.10927
0.989525
0.875949
1.00527
1.10677
1.07708
1.02061
0.997739
0.867114
0.954449
1.07781
0.999605
1.04249
0.949283
0.931128
0.997061
1.00299
0.904091
1.06852
1.03468
1.01656
1.07927
0.905917
1.10428
0.999335
1.06612
0.983054
0.909681
0.977843
1.03417
0.957815
0.903537
1.10433
0.993608
1.00256
1.07364
1.02484
1.02356
1.03396
0.843696
0.964822
0.780039
0.984642
1.00073
1.33042
0.883842
0.94721
1.14003
1.01145
0.942533
0.927892
0.968734
1.11203
1.15489
0.965636
0.993731
1.02319
0.85248
1.00034
0.935866
1.18628
1.14091
0.763821
1.01685
1.15096
0.880565
1.02537
1.03447
1.05025
0.890792
1.12672
0.885954
1.04723
0.951846
1.03539
1.03561
0.902362
0.950477
0.975154
0.845621
0.897821
0.837193
0.847437
1.02211
1.0695
1.17721
0.791991
0.994538
0.880379
1.06593
0.946261
0.978788
1.01758
0.977037
1.10396
0.834292
1.01749
0.870253
0.959445
1.0073
1.10884
1.0226
0.914999
1.26604
1.11983
0.840808
1.01397
0.970701
1.18635
0.937318
1.11193
0.936748
0.92306
1.10136
1.15819
0.923676
0.900674
0.969776
0.979974
0.741895
0.955039
1.01316
0.976634
1.16439
1.12361
1.10285
0.970808
1.0893
1.01148
1.09857
0.960881
1.0712
0.958056
0.942584
1.06645
0.94435
0.906325
1.02478
0.975209
0.937735
1.01575
1.09165
1.02642
1.07043
0.991287
1.11822
1.05407
0.969891
1.03523
1.28339
0.998301
0.883195
0.998718
0.958486
1.11833
1.09965
0.937646
0.873398
1.08745
1.03614
0.988089
1.12805
1.03501
0.829078
1.01176
1.044
1.03372
0.866217
1.08907
0.894067
0.989955
1.03891
0.889908
0.959805
0.803739
0.941782
0.856182
1.03294
0.968672
1.1012
1.05388
0.883498
1.03091
0.970678
0.988
0.921644
0.848983
0.932486
1.14027
0.852693
1.23151
1.04706
0.818933
1.07509
1.00278
1.07801
1.09882
0.760698
1.0686
1.0889
1.05406
1.04325
0.955945
1.05499
0.944429
0.920446
0.998028
1.06777
1.00863
0.973544
1.07238
0.82583
0.754374
0.745564
1.02502
0.992083
1.08131
0.791471
1.08537
0.849983
0.841335
1.02966
0.944236
1.1875
0.944422
1.09597
0.987124
1.04827
0.87528
1.053
1.10256
0.973045
0.885129
0.954847
0.974567
1.13567
1.07846
0.75922
0.883357
1.03856
1.05004
1.10297
1.10268
1.04281
0.998762
0.935792
1.0026
1.04865
0.985159
0.932085
0.918072
1.18529
0.99016
0.93494
0.892584
0.841126
1.06004
0.898541
0.807796
0.945637
0.846043
0.901025
0.855448
0.907737
0.941563
1.1198
1.08428
0.997467
1.02774
1.09085
1.09608
0.966716
0.971682
1.05733
1.09315
1.08421
0.924603
1.07456
1.02537
0.958568
1.25347
0.955521
0.8437
1.07456
1.07692
0.940625
0.98523
0.980658
0.887607
0.92874
0.997535
0.89328
1.11129
1.07681
1.06771
1.14291
0.989142
1.08358
1.03794
0.862796
1.10529
1.02046
1.12742
0.940148
1.02669
1.0927
0.997201
0.993427
1.08351
0.77936
0.994168
0.982015
1.0837
0.823255
1.09219
1.04867
1.02423
1.00702
0.986158
0.952599
0.906714
0.856047
0.853451
0.854878
1.0605
0.989135
1.13511
1.09972
0.904184
0.859713
1.00379
0.964573
0.87547
0.970702
1.00079
1.10202
0.993681
1.07051
1.12044
1.11437
0.934214
0.93872
1.08719
0.983623
1.03724
0.8586
1.03785
1.18796
1.04893
0.843585
1.00429
1.00738
1.18657
0.931569
1.23526
0.87312
1.0125
1.03853
1.06684
1.00587
1.0619
1.18647
0.874996
0.933928
1.00776
0.954465
1.13404
1.17251
1.045
1.11351
1.18358
1.05447
0.849403
0.888522
0.968439
1.05324
0.873047
0.885785
1.05577
1.04495
0.874847
0.954537
0.922292
0.949401
0.753926
0.991333
0.951791
1.01137
0.940461
1.14848
0.753646
1.04965
0.948417
0.849821
1.02601
1.10333
0.957801
1.15294
0.815674
1.02965
1.00871
1.13387
1.04959
0.965822
0.996965
0.976546
1.08447
0.895262
1.05052
0.862019
0.906
0.817811
0.926623
0.913245
1.12229
1.12254
0.933118
1.07622
0.987325
1.00895
0.869863
1.02139
1.0341
1.01165
1.08309
0.956703
1.1599
0.975844
1.07262
0.95164
0.994079
1.08548
0.920462
1.02881
0.925149
0.850337
1.0111
0.979428
1.08039
0.970044
1.01767
0.99445
1.10831
0.847785
0.97697
1.28632
0.894564
0.958118
0.982012
0.901124
1.16121
0.997256
0.985197
1.05931
0.966762
1.03908
0.970879
1.07317
0.857028
1.05918
0.961135
0.979506
0.985408
1.08609
0.923917
0.963984
0.910481
1.0444
1.03481
1.10428
0.834728
0.962783
1.00419
1.09895
1.07747
1.08461
1.1873
0.908797
0.880221
0.962794
1.08959
1.15868
0.992658
1.04197
0.888393
0.958432
1.00051
1.16381
1.04103
1.05417
0.940738
1.07758
0.772364
1.04199
0.885759
0.94433
0.927069
1.22243
1.10098
0.989124
1.09377
1.08476
0.960619
1.07129
1.07236
0.96856
1.16934
0.885597
1.10933
0.994526
0.987271
1.16238
0.859898
1.00768
0.986662
1.00454
0.853758
1.12601
1.0843
1.12608
1.02585
1.16876
1.15388
0.936327
0.929981
0.989783
1.18012
0.88316
1.0837
0.950427
0.847237
1.08882
0.954175
1.01043
0.972837
1.0691
1.08889
1.01252
0.858315
0.956119
1.05881
0.904908
1.02491
0.908855
0.81871
1.08628
0.983004
1.0028
1.01805
0.980861
1.03563
1.02467
1.1947
1.14515
0.970641
1.22148
0.872698
0.898665
0.89448
0.915789
1.04046
1.0216
1.02193
0.942169
1.07309
0.909564
0.910279
1.15938
1.09022
1.01313
0.977892
1.08169
1.06628
1.05296
0.848561
0.871354
1.03919
1.19767
1.02825
1.09494
0.845923
1.00853
1.02836
1.19602
0.987008
0.922985
0.918738
1.00511
0.924825
1.18684
1.05567
0.864433
1.04992
1.01529
0.975391
0.964812
0.994557
1.07729
0.977791
0.837596
0.897464
1.0332
0.828925
1.01701
1.04265
1.02832
0.969049
0.869756
0.839132
1.12995
1.00351
1.06336
1.12999
1.00987
1.08557
0.919138
0.900839
1.09064
1.13089
1.24145
1.07127
0.887334
1.22231
1.00849
0.951538
1.0246
0.870411
0.913513
1.14329
0.946958
1.16574
1.17031
1.04755
0.963711
0.766725
1.09167
1.32189
0.994704
1.23394
0.886317
0.913362
0.990888
1.08105
0.906589
1.08814
0.972111
1.07101
1.04134
0.835106
1.04862
0.942897
1.1209
1.15264
1.02153
0.880773
1.00776
1.05822
1.07869
0.869171
0.971334
0.925593
1.14977
1.00055
0.783351
0.922572
1.07012
1.12403
0.991741
1.10944
0.862782
1.02096
1.02128
0.834019
1.09991
1.01049
0.935766
1.02671
1.00112
0.906876
0.947559
1.22417
1.01612
0.867196
0.790617
0.785478
1.13234
1.0026
1.13467
1.02685
0.939294
1.13994
0.848361
1.04419
0.929099
1.01409
0.929496
1.0295
1.0254
0.945011
1.04101
1.00636
1.02345
0.859553
1.19798
1.02046
0.956204
0.952194
1.13915
0.902043
1.0298
0.965327
0.991405
1.03165
0.8048
0.97674
1.19384
0.873019
0.784272
1.08816
1.13209
0.975066
0.909859
0.882441
0.96057
1.05023
0.983027
1.29332
1.08258
0.905406
0.983938
1.06541
1.15737
1.01505
0.820329
0.908425
1.17213
1.03552
1.14253
0.963377
0.944919
0.976217
0.948363
1.02753
0.885141
0.911693
0.939757
1.20512
1.24584
1.03926
1.05482
0.966475
0.953646
0.963642
1.03482
0.861137
1.09514
1.01854
1.20503
1.01186
0.94523
0.967436
1.07148
0.979681
0.898031
0.97313
1.02681
1.09881
0.980821
0.851296
0.937669
0.9711
1.11219
1.05849
1.00331
0.886499
1.01107
1.16606
1.23943
1.06004
1.16
1.28946
0.818153
0.909667
1.08043
1.10596
0.777383
1.04589
0.951186
0.944187
0.950289
0.966527
0.825233
0.926867
0.877564
0.928319
1.05331
0.961518
0.940513
0.96948
0.887828
1.17281
0.952298
0.875878
1.28218
1.17406
0.978593
1.15154
0.916935
0.882322
0.949821
1.28405
1.18661
0.877052
0.948594
0.985658
0.834449
0.946391
0.881631
1.20836
0.986894
0.994448
0.916926
1.1382
0.985117
0.979892
0.877894
1.10605
0.883728
0.987681
0.922419
1.16859
1.06034
1.16248
0.967322
0.890562
1.10383
0.967489
0.967617
1.20749
0.90594
1.06621
0.848167
0.885323
0.956856
0.993285
0.798663
1.21718
0.979578
1.01813
0.952367
0.946006
1.22986
1.04474
0.989869
0.859607
0.993494
0.86067
0.987765
1.00601
0.92111
0.922946
1.16513
1.02466
1.11987
1.08778
0.81632
1.05438
1.08016
1.0811
1.13092
0.978633
1.01574
0.977544
1.11102
1.04812
0.996394
1.01633
1.13616
1.10112
0.909417
1.02405
0.935341
1.02854
1.05788
0.910711
0.947247
0.990097
0.92929
1.08369
1.00617
1.21985
1.12228
0.889285
0.829065
1.09629
0.878781
1.04152
0.971017
1.06983
1.01168
0.872335
1.04746
0.983099
0.920524
1.0426
0.864297
1.16488
1.00683
0.866069
0.887202
0.935458
1.04592
0.94469
1.00618
1.12395
1.00112
0.997407
0.942747
0.955759
1.10613
1.02131
1.13669
1.02725
0.81591
1.13824
0.834508
1.11261
1.00387
0.934128
0.877383
0.87324
0.758742
1.01936
0.830949
0.988148
1.24974
0.895598
0.984398
0.944274
1.09003
1.02113
1.01772
1.00953
0.966046
1.0583
0.999118
1.01397
0.953634
1.06407
1.09169
0.993659
0.961749
1.02293
1.04903
0.97335
0.902495
0.815509
1.10333
0.938683
0.974649
0.837005
0.874112
1.13442
0.945752
1.10682
1.19709
0.961424
0.994446
1.15579
0.999059
0.993015
0.980235
1.14859
1.03745
1.02887
0.941413
0.947124
0.887263
0.916665
0.976551
0.938523
0.913277
0.855302
1.11493
0.779659
1.02544
1.08979
0.956687
1.11167
1.13225
1.03523
0.845247
1.04701
0.977944
1.07996
1.04
0.986538
0.903004
1.12191
1.16668
0.867945
0.955775
0.974549
0.952237
1.01071
0.965869
1.00629
0.904155
0.798196
0.914657
0.873329
0.987845
0.976563
1.04408
1.08376
0.926284
0.930633
1.09835
1.1289
0.855795
1.07155
1.00269
0.971072
0.96626
1.0114
1.0285
0.974699
0.990601
1.00103
0.988282
0.86118
0.865991
1.14264
0.962488
0.850187
0.973696
0.907762
1.27325
1.00174
0.880219
0.779154
0.989901
1.10326
0.906023
0.975074
0.813348
1.04693
1.15548
0.78637
0.993593
0.875675
1.01898
1.06648
0.850695
0.936284
0.900325
1.06187
0.934223
1.04342
0.907379
0.989445
0.920335
1.16625
0.904096
0.903546
0.937012
1.22785
1.01212
0.857667
0.912162
0.863151
1.00047
1.06312
1.09903
1.06216
1.03363
0.970921
0.775732
0.860749
0.847573
0.919016
0.898515
0.956721
1.02091
0.862556
1.0192
1.04252
0.943681
1.02943
0.957925
0.931778
1.02991
0.90279
1.05753
1.14678
0.978401
1.22496
0.958545
1.04831
1.00455
0.863553
1.00581
0.977058
1.13199
0.893166
0.946086
0.928657
1.04967
1.10858
0.974522
1.02604
0.867729
0.956617
0.910094
0.955869
1.0223
0.993192
1.003
1.08553
0.866859
1.00175
1.16036
1.17178
0.842697
0.658353
0.971576
1.12613
0.907812
1.00934
0.882535
0.939177
0.958556
0.903277
0.92498
0.9717
0.896461
1.04986
0.950971
1.00833
0.952745
0.944811
0.953296
1.23949
1.18365
1.03226
1.06039
1.15124
0.896296
0.913167
0.863398
0.907807
1.15186
1.06505
0.943429
0.829682
1.01981
0.994751
0.874679
1.19663
0.890415
0.996509
1.1105
1.21432
1.26403
1.23883
0.808878
0.985486
0.847632
0.977572
1.04211
0.908804
0.937068
1.05223
1.09831
0.923737
0.963083
0.825457
0.847181
1.04177
1.03065
1.03636
0.779535
1.0944
1.01438
0.964551
1.03705
0.96628
0.84335
1.07052
1.25315
0.987276
1.06517
1.02052
0.917248
1.05038
0.927316
1.12707
0.974946
0.971473
0.915321
1.03548
1.05367
0.887084
0.924708
1.01326
1.03156
0.839791
1.01014
0.902396
0.981795
1.04771
1.07864
1.04777
1.16557
0.862181
0.836875
1.1249
0.973952
1.08095
1.07971
0.967224
1.12935
0.92829
1.03023
1.04269
0.960598
1.01478
1.1202
0.950744
1.10755
1.09673
0.870353
1.10851
0.884472
1.14168
1.20435
0.8816
0.908113
0.836744
0.976615
0.905979
1.05446
1.053
1.1646
0.980792
1.11537
0.928264
0.961894
0.895336
0.990071
0.996122
1.03072
0.926276
0.943762
1.06748
1.0015
0.942426
0.970975
1.02884
1.01891
1.18207
1.11212
0.919726
1.0961
0.886422
0.860066
1.00737
1.1247
0.98044
0.994497
0.914966
1.04374
0.880643
1.2526
1.03985
1.01612
1.11928
1.09013
0.947388
1.13832
0.983602
0.921062
0.949238
0.924215
1.08322
0.99789
0.972534
1.15068
1.07658
0.934783
0.844393
1.00361
1.21569
1.12894
1.08084
0.896562
1.04167
1.024
0.961501
1.07318
1.07271
1.15304
0.987481
1.16569
1.08053
0.93256
0.954023
1.06448
0.980223
0.958105
0.948619
1.24873
1.05192
1.06647
1.07778
1.18786
0.925163
0.975335
0.938099
0.990999
1.01722
0.962146
1.02251
1.15084
0.934834
1.14823
1.00404
1.1055
1.04143
1.06029
1.0548
1.0422
0.864708
1.03752
1.15194
1.1193
1.04041
1.06496
1.26539
1.07182
0.972881
1.09513
1.00937
1.03563
0.905839
0.936106
1.01429
1.00504
1.10925
1.06668
1.0002
1.05185
0.942559
1.12264
1.09181
1.11821
0.908663
0.942784
0.93457
1.1877
0.965232
1.00634
0.976155
1.10626
1.05733
1.12257
0.781297
0.964423
0.99003
0.987272
0.944886
1.01242
1.08791
0.952431
1.04084
1.00824
0.945537
0.821584
0.88086
0.88381
1.01854
0.903735
1.03102
0.889431
1.15592
0.926526
1.06661
0.927875
0.882144
1.00609
1.0709
0.926948
0.935587
0.918454
0.890759
1.03133
1.15627
1.00813
1.00117
1.15443
1.0124
0.893656
1.13243
0.994806
1.0709
1.14113
0.966406
1.14141
1.18605
0.965575
1.09563
1.13445
0.922538
0.994181
0.943656
1.01956
1.07387
1.0463
0.960154
1.10301
0.903857
0.933529
1.05731
0.937411
0.916394
0.978037
1.00344
0.990026
0.999114
1.23163
1.04403
1.02205
0.914756
0.889302
1.06559
0.914372
1.05813
0.953155
1.12906
1.08064
0.931672
1.15181
1.132
1.03198
0.916679
0.818735
0.943987
0.984665
0.922642
1.12765
0.895758
0.913388
0.992999
0.874139
0.953386
0.991827
1.03739
1.0686
1.0674
1.14706
0.884949
0.97157
1.05521
1.11211
1.01272
1.07762
0.999218
1.04786
1.16917
0.942566
0.955702
1.06214
1.00537
1.05585
0.963567
0.907475
1.10781
1.11485
1.0355
0.905054
0.851289
0.92848
0.995928
1.09441
1.03766
1.05622
0.876122
1.04
1.0637
0.969804
0.980294
0.907403
0.920619
0.916616
1.05163
0.973917
0.999109
1.02319
0.958479
0.891627
1.03148
1.07744
1.03054
1.07281
0.92821
1.00077
0.90351
1.0693
0.974572
0.934246
0.959196
1.07368
1.06182
0.836183
0.87521
1.11274
0.935027
0.893951
0.902727
1.04963
1.00276
0.90228
1.05467
1.03838
1.23751
1.04487
0.916632
1.17268
1.05983
1.02875
0.965473
0.836147
1.08228
0.961003
0.933022
1.0083
1.05733
0.924207
1.08328
0.955973
1.03165
1.02446
1.01006
1.05288
1.00768
0.893898
0.997464
0.925219
0.938065
0.825322
0.936276
0.966221
1.07906
1.13268
0.891572
0.991077
1.02433
0.922246
1.10361
0.858884
0.929078
1.2934
0.916368
1.02636
0.829681
1.1388
1.02993
1.11701
1.07867
0.936314
0.956283
0.977893
1.03547
1.05128
1.08612
1.01217
1.03586
0.999324
0.797573
0.962155
0.997798
0.939365
1.01224
1.1317
0.975404
1.17574
0.8192
1.1369
0.967875
0.900115
1.0159
1.03809
1.05249
1.06446
1.00659
1.10632
1.12638
0.884836
0.915133
0.871919
0.938621
0.957699
1.04787
1.23331
0.879865
0.978352
1.08352
1.05334
0.964249
1.03208
1.09096
0.982134
1.06264
1.10609
0.906175
0.954068
1.06103
0.990568
1.16279
1.01358
1.02964
1.08737
1.0501
0.923967
1.01524
0.847101
0.99356
0.936803
1.03607
1.07517
0.982381
0.959844
0.8722
1.16187
1.09698
1.00799
0.985804
1.03641
0.851585
1.03337
1.00414
1.05895
1.05059
0.988385
0.886426
1.10973
1.12699
0.936709
0.974524
0.86092
1.04799
0.92383
0.944005
0.942262
1.15871
1.18849
1.04873
0.952909
0.992424
1.05648
0.95452
0.90791
1.06959
0.861352
0.978637
0.975388
1.25766
1.08923
0.938235
0.906343
0.977792
0.885945
1.02146
0.836219
1.12214
1.14489
0.945923
0.938707
1.12525
1.07619
0.790599
0.985251
0.889081
1.01337
0.962695
0.883045
0.79616
0.836367
0.872369
1.03764
0.895762
0.906634
1.02087
0.893505
0.927003
0.85782
0.917552
1.20843
1.04799
0.780549
0.910183
1.01312
0.959106
1.04631
1.11443
1.13628
0.814997
1.11136
0.949319
0.871976
0.957788
0.970265
0.988785
0.981885
1.08362
1.03844
1.07894
1.03394
0.888721
1.00932
1.23773
1.02446
1.08448
0.941072
1.15128
0.902881
1.01427
1.17631
1.01515
0.98814
0.949425
0.942946
0.917683
0.971698
1.07193
0.968691
0.899931
0.985556
0.893741
0.984474
1.12123
1.05942
0.902175
0.872017
1.06341
1.02519
0.966739
1.06851
0.819022
1.10494
1.10976
1.13497
0.908003
0.970539
0.921977
0.923565
1.11732
1.09067
1.09835
0.932897
1.07122
1.21263
1.01853
0.884914
1.21012
0.94309
0.899937
0.937168
0.885304
1.13463
0.857995
0.879282
0.989408
1.0013
1.04694
1.03073
1.03144
1.12484
0.920285
0.888128
0.987848
0.945356
0.848654
0.837191
0.920705
0.865725
1.05897
0.955734
0.877104
1.13481
0.863419
0.814038
1.0127
1.0104
0.857349
0.970706
1.04312
0.995293
1.00713
1.05327
1.21505
1.11322
0.945178
1.33875
1.06344
1.02512
1.04607
1.12775
0.8373
0.976075
0.939246
0.978861
1.10696
0.76198
1.00202
0.907313
0.992126
0.959092
0.935895
0.865328
1.0346
1.10935
0.90666
0.890863
1.10293
0.967924
0.834408
1.0815
1.08446
0.788504
1.06461
1.02996
0.944888
1.03761
1.02472
0.904956
1.13494
0.847041
0.974409
1.01589
1.21568
1.12086
1.12025
0.938937
1.1481
1.05141
0.947981
0.902342
0.859563
0.995776
0.851133
1.1255
1.07624
0.953961
0.995459
1.08998
1.04448
0.920647
0.985579
1.04096
1.28061
0.978071
0.903823
1.15104
1.00028
0.995801
1.07219
0.912278
1.25199
1.06867
1.0548
1.05796
0.97713
1.20288
1.16118
1.13818
0.91554
0.99181
1.03538
1.02874
0.91736
0.988077
1.01419
0.917051
0.939209
1.13962
0.982599
0.775492
1.07552
0.903385
0.920168
0.861402
1.128
0.96689
0.979554
1.16888
0.873079
0.90018
0.997521
0.953957
0.860388
0.834167
1.01498
0.900609
0.839822
0.865765
0.858487
1.07713
0.968515
1.27767
1.08945
0.949141
0.943062
0.99331
1.11391
0.839848
1.05416
0.813028
0.859706
1.01296
1.20261
1.00404
0.913776
0.929484
1.04042
0.897712
0.921572
0.894635
0.88186
0.896517
0.918949
1.10874
0.865062
1.02371
0.766459
1.08856
1.037
0.947669
1.05165
1.05026
1.01184
0.936563
0.971456
1.015
1.13768
0.909388
1.00249
1.0601
1.07946
0.911388
1.01051
1.05206
1.0593
0.998098
0.951472
0.938125
1.09689
0.904341
1.06343
1.00042
1.19188
1.01459
0.939807
1.07893
1.20318
1.06133
1.01316
1.01817
0.879963
1.12571
0.940368
1.06915
1.14787
0.944148
0.934277
0.847206
1.14585
0.914004
1.0524
1.04132
1.0614
0.936943
0.888561
0.95499
0.957683
0.849231
1.11036
1.06057
0.93947
0.960436
0.940762
1.12029
1.15309
1.04032
1.10163
0.916805
0.944022
0.930626
0.897946
0.958243
1.17086
1.07215
1.06629
1.18991
0.84426
1.06528
0.953242
1.0974
1.01606
0.876176
0.986513
1.11383
0.963353
1.05903
0.879049
0.808734
1.08809
1.04907
0.916707
1.04818
1.06552
1.05209
1.0737
0.827812
0.883465
1.04321
1.01655
1.08474
0.986446
0.955665
1.13094
0.987876
0.921631
1.07269
0.933416
0.976891
1.08484
1.08554
0.937579
1.09651
1.15408
0.890727
0.982071
0.738875
0.896627
0.88508
0.940921
1.08325
0.863827
1.04796
0.91009
0.83595
0.975171
1.00293
0.947218
0.909459
0.880399
1.11834
0.900366
0.904483
1.12174
1.08368
0.912275
1.14055
1.25656
1.13404
0.894992
0.911524
0.95439
0.869871
1.0753
0.681898
1.08331
1.00211
1.14021
1.03877
0.909917
0.99903
0.850624
1.02411
0.973914
0.919961
1.27527
0.954941
0.959763
0.947206
0.961038
1.01019
1.07878
1.28778
0.929381
1.06509
1.02014
0.900489
1.11496
0.930822
1.14224
0.950562
1.0103
1.07038
1.05458
1.15179
0.911014
0.959943
1.0753
0.952163
1.03579
0.784582
1.02396
0.837826
1.15823
0.966889
0.948698
0.966136
1.21039
1.01378
0.925537
0.969356
0.95529
1.32773
0.935301
1.07276
1.13593
0.971199
1.0402
0.859082
1.0222
1.20363
0.951146
1.10119
1.07738
1.07209
1.01137
0.978522
0.961035
1.09011
1.07691
1.10393
0.94515
1.00359
0.826824
1.0421
1.09812
0.99644
1.09154
1.05213
0.867911
1.14103
0.801347
0.90859
1.03525
0.870757
1.10133
1.08505
0.858533
0.993137
1.03337
1.02779
0.954399
1.06106
1.16406
0.915248
0.766041
0.886907
1.09037
1.05788
1.01938
0.810747
1.16209
0.999313
0.959672
1.07102
0.951243
0.993756
1.08652
0.95597
0.985116
1.32864
0.915154
1.09603
0.803432
0.868365
0.957679
1.17377
0.852425
0.911748
0.959444
1.14524
0.856145
1.30384
0.869459
0.894608
1.141
0.981346
0.900914
0.800721
0.841194
0.902341
0.817579
1.13155
1.14832
0.867281
1.00525
0.962918
0.997297
1.08908
0.854835
0.874289
0.962273
1.02915
0.887926
0.920577
1.1767
1.12607
0.963352
1.23343
1.0216
1.18797
1.05167
1.0233
0.940046
0.989996
0.891487
1.23076
0.946411
1.06504
0.848582
1.30165
0.990641
0.944916
1.15521
0.9184
0.971229
0.886006
0.857029
1.12677
0.986713
1.03433
1.09942
0.97018
1.06007
0.957162
0.849734
0.874139
1.03965
0.998444
0.978128
0.970612
0.971048
0.915791
0.871885
0.866636
0.948513
1.06994
1.18041
1.18279
0.914434
1.05486
0.963443
1.04411
0.931565
0.948042
1.06216
1.00286
1.25633
1.13686
1.02411
0.997891
1.01546
1.03436
0.991634
0.996783
1.11626
1.03259
0.978485
0.914378
0.945489
0.952949
0.873186
0.925544
1.19371
0.996813
0.990483
0.964893
0.891888
0.99128
1.14256
1.10553
0.842539
1.08878
0.863706
1.03807
0.998386
1.1262
0.965947
0.989393
1.00976
1.03403
1.00475
1.02525
1.11513
1.10224
1.1551
0.981258
1.06178
0.967813
0.962405
1.06005
0.932854
0.951858
0.984849
0.959497
1.02225
1.03006
1.15486
1.05459
0.949414
0.85595
1.04219
0.902581
1.073
0.926378
1.16986
0.957273
0.877956
1.11418
1.00646
1.16153
0.922078
1.18599
0.994819
0.829873
1.09738
1.05503
1.12908
1.1896
0.925573
1.06392
0.881061
0.922918
0.991105
0.950842
0.90236
1.22275
0.983643
1.05471
0.902583
0.90749
0.835742
1.01397
0.99491
0.975504
1.12743
0.974987
0.876839
1.00633
0.803379
1.07752
1.27227
0.999533
1.0601
0.908955
0.910155
1.14504
0.780358
0.888046
0.964838
1.08215
0.9704
0.799619
0.956472
0.986952
0.723486
0.936463
0.89815
1.05228
1.14699
0.787873
1.00148
1.15443
0.920029
1.13601
0.87481
1.07539
0.882934
1.05019
1.10562
0.864564
1.04251
1.05863
0.988775
0.969598
0.967297
1.00836
1.00222
1.03307
1.12515
1.11126
0.963015
0.916757
0.986268
0.784535
1.03086
1.06081
0.973169
1.03895
1.02444
0.925712
0.823987
0.932802
1.13251
0.983867
0.823068
0.944029
1.08871
0.890773
1.26389
1.11154
0.822176
0.971222
1.03821
1.15806
0.992469
0.812017
1.07897
1.07356
0.94571
0.873922
1.05043
0.820772
0.850117
1.31259
1.13351
1.07879
1.02547
1.18205
0.96734
1.10671
0.96766
1.08651
0.876494
1.02113
1.29543
1.00406
1.01427
1.16089
1.15128
0.852972
1.0151
0.949187
0.909791
1.02793
1.14128
0.942944
0.95363
1.00813
1.15096
1.05166
1.36243
0.924316
0.739734
1.27273
1.02439
1.26719
0.938734
0.843445
0.938579
1.013
0.925888
1.01877
0.955812
0.96333
1.09769
0.955075
1.15002
0.810938
0.927823
0.791692
0.876892
0.918021
0.932793
0.977401
1.03395
0.828905
0.837076
1.09052
0.970588
1.14465
1.02887
1.14527
0.97701
1.03486
1.06766
1.18801
0.872285
1.17689
1.02741
0.927495
1.04874
0.935477
0.958564
1.04559
0.986488
0.965866
1.19365
0.968271
0.992151
1.02969
0.778009
0.983141
0.908217
0.99595
0.794946
0.970686
0.990905
0.964105
1.02946
1.1097
1.02067
1.1228
1.0423
1.0679
0.922954
1.03156
1.17488
1.08769
1.062
0.99974
1.1414
0.843249
1.07853
1.07692
0.910849
1.07658
0.811311
1.04781
1.02183
0.833805
0.916879
1.00142
0.862784
0.999546
0.904201
0.945434
1.0915
1.00889
1.06207
0.91527
1.02306
0.946905
0.919437
1.01521
1.00229
1.02333
0.824687
1.04044
0.942101
1.10317
1.16229
0.99497
0.857811
1.0379
1.0076
0.999864
1.17004
1.02349
1.10423
0.928964
1.10716
0.840743
1.20247
1.19308
1.18067
0.949345
0.924479
1.02944
0.950309
0.8335
1.07361
0.963082
1.00676
1.0099
1.02532
0.99707
1.08734
0.902362
1.00753
1.0865
0.927382
0.924071
1.07895
0.999173
1.07426
0.941986
0.930056
1.16583
1.08254
1.16259
0.991781
0.843325
0.89914
0.871647
0.905373
1.05573
1.09434
0.898743
0.858192
1.08879
1.20609
1.00411
1.05638
1.06205
1.00296
1.13368
0.838857
0.971964
1.14857
0.940461
0.957967
1.21122
0.916947
1.16856
1.22983
1.00695
1.18259
0.829862
0.936098
0.956575
1.09449
1.05281
0.941369
1.03963
0.791835
0.984588
0.937587
1.05474
0.825933
1.14109
1.0089
0.959068
1.07467
0.948551
1.06938
0.862487
1.0136
0.993618
0.89498
1.01497
0.86743
0.771835
1.00463
0.939102
0.991046
0.919822
1.02484
1.01825
0.902613
0.973032
0.851465
0.965557
0.890409
0.948685
1.0475
1.00298
0.979373
1.07709
1.06783
0.939947
1.06182
1.13074
0.993845
0.94806
1.09632
1.07416
0.952963
0.948855
1.13481
1.15739
0.973813
1.14255
0.979207
0.956325
0.86913
0.861829
0.925929
0.995039
1.14968
1.1134
1.01434
1.04355
1.02139
0.790671
0.972466
1.06965
0.966772
0.958165
0.822916
1.09182
0.89326
0.993692
1.05393
1.03229
0.968693
0.951043
1.08095
0.918505
0.929811
1.00949
0.967147
0.768074
1.08109
0.891829
0.969295
1.02254
1.12088
1.15235
0.946738
1.02869
1.06598
1.00233
0.831718
1.15137
0.790538
1.12714
1.18087
0.879943
0.916906
0.863282
1.05634
1.10268
1.08611
1.35308
1.02123
1.0267
1.07401
0.995425
1.02981
0.915266
0.961239
0.934051
1.12124
0.945775
0.953734
0.976824
1.14518
1.07579
1.04113
0.989122
0.976035
1.06351
1.09259
0.999697
0.874254
0.911415
0.794177
0.934087
0.846444
0.871343
1.17524
0.996056
1.09578
1.00301
1.10582
0.852857
0.937433
0.950923
0.818027
0.836858
0.878273
0.848738
0.944088
0.920126
1.09986
0.904574
0.906323
0.864729
1.08162
0.913204
0.988141
1.06714
0.930263
0.985526
1.01223
1.08186
1.01736
1.09313
0.787881
1.1085
1.11529
0.954221
1.11479
1.04248
1.14434
1.21536
0.878889
0.984492
0.950408
1.12813
1.00433
0.904324
1.05469
0.964953
1.1024
0.878815
0.992182
0.91181
0.878235
1.00499
1.08064
1.00649
0.946897
0.850798
1.0563
1.02325
1.12974
1.03239
0.819087
0.911929
1.11645
0.90941
0.88958
0.948478
0.906043
1.09482
0.969164
1.1399
0.90536
0.846611
0.880253
1.10018
1.03088
1.01256
0.904537
0.90293
0.905356
1.01643
1.1126
0.972231
1.11794
0.862828
1.18182
0.945102
0.791013
1.13576
0.922224
1.03528
1.07765
1.05529
0.999741
0.875998
0.890259
0.870057
1.0508
0.82053
1.13005
1.08447
1.10984
1.03444
0.928321
1.04751
0.909766
0.940633
1.12088
1.0091
0.789914
1.00135
0.995572
1.09108
0.830924
0.87991
0.875058
0.769456
0.949311
0.872198
0.883182
1.07826
1.05863
0.987759
1.10673
1.08825
1.03256
1.0397
1.01023
1.02214
1.0342
1.03883
0.862973
0.966806
1.12718
1.09312
0.92894
0.936647
0.861258
0.932724
0.760067
1.08959
0.895562
0.99997
0.934931
0.950232
1.07904
1.01101
0.996908
1.07778
1.08467
0.979526
1.18086
0.899811
1.02836
1.10311
0.889906
0.985784
1.1067
0.983907
1.0909
0.918101
0.986923
0.942663
1.01947
0.802886
0.987164
1.16029
0.954388
1.23048
1.0893
1.14743
1.10091
1.20424
1.25235
0.947595
0.842852
0.822849
1.0338
0.908621
1.18361
0.890531
0.957742
0.999317
0.750579
0.990997
1.08123
1.08022
0.95419
0.979196
1.02524
1.11985
0.780365
0.865756
1.11525
1.05613
1.02787
0.947089
1.00065
1.05546
0.937841
1.0279
0.981147
0.901199
1.04761
1.13911
0.963375
0.926766
1.00819
1.03688
0.687382
1.22837
1.01426
0.992977
0.845273
0.934305
1.03483
0.973355
0.98633
0.847537
0.940671
0.945891
0.999531
1.08263
1.00378
0.978785
0.955775
0.906116
0.890045
1.01792
1.09485
0.993041
0.909824
0.978675
1.0177
0.956653
1.09387
1.03736
0.997779
1.02011
1.00811
1.09499
0.943351
1.10052
0.929793
1.03723
1.04729
0.927014
0.921702
0.897136
0.949356
1.17217
0.969161
0.964232
0.825844
0.901375
0.904151
0.987485
0.987885
0.867114
0.890092
1.05612
1.22759
0.89013
1.01235
0.972688
0.878452
1.07523
0.965379
1.01591
1.16254
0.944883
1.04716
0.968776
1.05081
0.99496
0.999965
1.02127
0.878052
0.946842
0.930251
1.13316
0.863725
0.93052
0.876463
1.02048
1.01759
0.936921
0.918889
0.990835
1.09665
0.958727
0.965998
1.03735
0.94004
0.868711
1.1253
1.00489
1.01878
1.06209
0.915302
1.0252
1.05958
1.06513
1.14002
1.08926
0.965447
0.888293
1.03874
1.10674
1.00983
0.84109
0.870783
1.08005
0.931928
0.961931
0.964479
1.28384
0.923967
1.00696
1.09694
1.02062
1.00015
0.988324
1.09262
1.05956
0.94588
0.99433
1.08549
0.983528
0.850098
0.963627
0.88267
0.856794
1.00179
0.883245
1.03884
0.857517
0.933332
0.89679
1.06716
1.14868
0.96152
0.974697
0.988386
1.04506
1.0193
0.993679
0.896517
0.886173
0.955907
0.934344
1.07535
0.871997
0.906095
0.935223
1.02644
1.05765
0.940494
0.971992
0.871969
1.00559
1.21603
0.986347
1.0216
1.21208
0.987516
1.0379
0.802153
0.967269
1.04359
1.11058
1.23315
0.874021
0.78157
0.879859
0.813743
1.06501
0.875029
0.91708
0.977958
0.996792
1.04407
1.04116
1.06305
1.01599
0.896651
1.19471
1.13587
0.911987
1.09045
0.882395
0.878328
1.03644
1.13578
1.01286
0.816547
0.9947
0.932167
0.907601
0.92717
1.04164
1.07868
1.01447
1.07023
0.965959
0.902318
0.953934
1.08885
0.968014
0.980781
1.05289
1.25715
1.05506
1.08741
1.01367
0.972523
1.03675
1.06489
0.943936
1.06623
1.10197
0.990327
1.06855
1.07607
0.960679
1.09885
0.974279
0.949866
1.00146
0.987622
0.902671
0.953313
0.969231
1.04781
1.07187
1.21531
1.17849
0.875484
1.01073
1.02771
0.864571
0.968067
0.918444
0.883064
1.15144
0.938982
1.01284
1.00667
0.908582
0.882367
0.904636
0.93967
0.982239
1.37024
0.997782
0.929795
1.04141
0.94413
0.942134
0.970286
0.910259
0.99659
0.975112
0.925813
1.02823
1.06707
1.02861
1.02037
0.958493
0.976959
1.08857
1.09177
0.984957
1.04677
0.946555
0.884477
0.980157
1.14432
0.846392
1.12819
0.884401
0.942612
1.06545
0.953218
1.02007
1.06809
0.928842
0.853384
0.968983
1.02519
1.0349
1.19597
1.14069
0.914022
0.937438
1.03937
0.862134
0.857891
1.03777
0.984932
1.17691
0.879341
0.999596
1.1133
1.10738
1.11282
0.850973
0.877677
1.0374
0.882282
1.03957
0.874925
1.00394
0.973628
0.843
0.949115
0.900215
1.06533
1.00055
1.08334
0.785375
0.966002
1.01485
1.04548
0.969134
0.936212
1.06283
0.958933
0.948556
0.886952
0.869387
0.959369
1.207
1.13257
0.911768
1.02434
1.1004
1.13269
1.2179
0.932196
0.972052
1.05313
0.854209
1.08896
1.01729
0.985907
0.96929
1.07334
0.940439
1.13968
0.911188
1.11002
1.24391
1.01043
0.83365
0.980644
0.938609
1.00371
0.84496
1.12832
0.98388
0.945417
0.897052
0.943748
0.894449
0.939027
0.983181
0.999315
0.84483
1.10542
0.879954
1.05101
0.876256
0.971897
0.850274
0.974265
1.21982
0.905579
0.904471
1.07959
0.90472
1.04568
0.831422
1.11802
0.913654
0.912488
0.989922
1.03399
0.920058
1.03236
0.922201
0.803816
0.833353
1.06046
1.05737
1.00777
0.990592
1.1869
1.05227
0.811143
0.996575
1.19004
0.898146
1.14429
1.06621
1.09873
1.00657
0.927139
0.98251
1.10199
1.07678
1.02183
1.17008
0.87162
1.03727
1.24099
0.955637
0.914715
0.971362
0.962982
0.966935
0.899627
1.01436
1.17192
0.998629
0.906188
0.895835
1.05899
0.896187
1.14234
1.09736
1.11454
1.13744
1.00233
0.924297
1.10192
0.930404
0.972081
1.10964
0.952999
0.94089
0.980842
1.14904
1.17434
1.1088
1.01952
0.87281
0.932337
0.987201
1.00363
1.11151
1.04777
0.764541
1.11007
0.9134
1.00376
0.99824
1.00436
1.02629
0.884491
1.19771
1.00519
1.08571
1.05287
0.806629
1.01503
0.843307
0.830071
0.835175
0.809287
1.03841
0.901679
0.956902
0.950291
1.24197
1.10261
0.932784
1.26434
1.00211
1.05369
0.922439
0.870997
1.19445
1.02758
0.881268
0.990061
1.00338
0.932348
1.07065
1.14183
0.991211
0.952516
0.983612
0.988373
0.920758
0.915747
0.969333
0.952034
0.909966
1.08706
1.0117
1.01529
1.07225
0.894002
0.961495
1.00281
0.948838
1.00154
0.966546
1.05761
0.817336
1.12024
1.19937
0.841531
1.09577
1.00833
0.960088
0.931313
0.802739
0.975345
1.06001
1.01992
1.01402
1.03391
1.09296
0.986908
1.01603
1.02455
0.972743
1.01087
1.1819
1.12844
1.05458
0.965782
0.976421
0.920432
0.938034
1.14225
1.06318
1.01165
1.03657
0.986467
1.05652
1.06279
1.11455
1.03399
1.17267
0.825833
0.939826
1.02972
1.03886
0.964916
0.835515
1.03594
0.976675
0.94548
0.875629
1.11796
1.04489
1.13122
1.01075
1.07194
1.01414
1.05086
0.945526
1.15409
0.941049
0.966166
0.967466
0.943565
0.937811
0.942971
0.915178
1.01308
1.02449
0.914821
1.09588
0.85195
1.00815
0.983073
0.9422
1.14459
0.876785
0.776656
1.11374
0.942581
0.830863
0.998286
1.10603
1.05558
1.10173
1.09483
1.10205
1.17312
1.04749
0.995133
0.966893
0.946749
0.909053
1.14371
1.04774
0.973767
1.082
1.03889
0.983825
0.977745
0.991628
1.08289
0.948101
0.783953
1.00678
1.19034
1.06094
0.812051
1.05263
0.93269
1.09378
0.974919
0.992248
0.934357
0.911129
1.10454
1.06035
1.15444
0.882595
1.05675
1.04588
0.941982
1.00914
0.926971
1.03852
1.15293
1.06336
0.977598
1.08941
0.903162
1.0221
0.860677
1.13308
1.18821
0.951127
0.948648
0.965227
0.978829
1.16487
1.14322
1.01339
0.97541
0.966703
1.10955
1.09458
0.986814
1.04369
1.05974
0.931469
0.925363
1.18625
1.04876
0.878042
0.984265
0.901012
1.08377
0.973602
1.05496
1.03339
1.11736
1.10458
0.882985
0.934907
1.08886
1.04321
0.974159
0.905791
0.957402
0.858083
0.851603
0.980338
1.00682
1.00424
0.950683
0.985189
0.971544
0.984011
0.787167
1.06525
0.984047
0.907011
0.96905
0.937993
0.984652
1.0997
1.01472
1.07873
0.877241
1.10322
1.02413
1.08212
0.892816
1.00715
1.21698
0.948808
0.801759
0.902743
1.06421
0.988485
0.921924
0.855619
0.91715
0.857536
1.05475
1.07204
1.03417
0.960243
0.931215
0.993308
1.07519
1.18649
1.03706
1.02547
0.889413
1.07891
1.02155
1.06938
0.900909
1.10624
0.998858
0.8512
0.941857
0.942146
1.02866
1.01683
0.964303
1.04974
0.87649
0.975935
1.01955
0.978431
1.06882
0.989306
0.989958
0.885876
0.846414
0.951845
1.01269
0.999357
1.08716
0.979136
1.06312
1.00301
0.875587
0.863843
1.16004
1.03228
0.923322
1.07934
0.95973
0.848835
0.891492
1.03376
1.08607
1.0373
1.15112
1.08492
0.850845
1.08831
0.998452
0.990797
0.811946
1.02276
1.11486
0.963971
0.977398
1.02974
1.01191
0.87639
0.931912
0.985343
1.13001
0.864456
0.841398
0.936538
1.05041
0.92173
0.946077
1.00545
0.892294
0.866748
1.00235
1.09461
0.914778
1.03708
0.944923
1.02707
1.1547
1.03817
1.03491
0.986535
0.984418
0.981606
1.08576
1.14321
0.964253
1.23019
0.909016
1.03747
1.0142
0.933578
1.08507
0.967092
0.821275
0.888405
0.960054
0.935498
1.06742
0.828982
0.975874
0.938262
1.09041
0.997545
0.995364
0.918656
1.09401
1.04955
0.973717
1.05097
0.760286
1.026
1.08488
1.08691
1.00405
1.04488
0.987706
1.17516
0.837452
1.10885
1.03149
0.953149
0.868992
1.06375
0.956805
0.985187
0.945375
0.957908
1.21528
0.873038
0.976164
1.09172
1.01224
1.00621
0.981545
1.01376
0.946762
0.664042
0.874416
1.07614
1.14088
1.13062
0.816208
0.820038
0.942397
1.04114
1.008
0.912381
0.942268
0.967315
1.12016
1.21221
1.05832
0.986511
1.00492
0.952034
0.944151
0.907736
1.11241
1.13651
1.00795
1.02734
0.985113
1.29786
0.997032
0.911352
1.19909
0.961272
1.23361
1.01325
0.979243
1.04131
0.972475
1.02554
0.947083
0.973057
0.990504
0.909393
1.12495
0.974509
0.777177
0.953576
1.11293
1.04827
0.935938
0.874063
1.09008
1.02789
0.968458
1.10358
1.02447
1.0188
0.970555
1.20764
1.24497
0.921184
1.03645
0.961691
0.96268
1.04987
1.03067
1.0694
1.02766
0.857039
0.934075
1.05535
1.07085
1.02591
1.08527
1.01657
0.95725
1.09398
1.21422
0.827886
1.06014
0.995268
1.00621
1.04616
1.11509
0.965708
1.01673
0.961895
0.86107
1.16217
0.910751
0.954221
0.986976
0.897193
1.00994
0.970118
1.00588
0.914881
1.00763
0.964732
0.991217
0.958569
0.88476
0.909159
0.849531
1.06892
0.880306
0.946475
0.986586
0.960623
0.946962
1.14803
1.02947
1.00031
1.18048
0.879409
1.10596
1.01813
0.912062
1.08223
1.16861
1.00728
1.02933
1.05885
0.866121
0.905975
1.02914
0.844094
1.03297
1.07039
1.05961
1.01095
0.996241
1.02561
1.04085
0.92458
0.817388
0.994059
0.922977
0.802063
1.04402
0.946137
0.741189
0.941691
0.982193
0.91496
1.1316
0.887777
1.0139
1.11203
1.12877
0.90602
1.22603
0.904029
0.994303
1.01298
1.15955
0.990629
0.824087
1.10297
0.814799
0.913741
1.06025
0.960319
1.09239
1.05371
1.12691
0.9359
1.18995
1.04025
0.832928
1.03823
1.15524
0.863044
1.11302
1.04149
1.08343
0.918793
1.0574
0.830201
1.03762
1.05974
1.10815
0.92519
0.903866
1.18866
1.04317
1.08062
1.08819
1.03014
0.986784
1.07495
0.974276
0.893218
0.911797
0.830469
1.02973
0.922109
1.12834
1.01994
1.11748
0.991803
0.930909
0.825289
1.03476
0.898543
1.27277
0.956653
0.946508
1.00081
1.10879
0.925576
1.11472
1.043
0.948806
0.946159
0.950957
1.05134
0.914695
0.830253
0.958534
0.997974
1.08388
0.922883
0.92679
1.02908
0.920576
1.13278
1.10305
1.14769
1.11083
0.968403
0.751585
1.03285
1.0131
0.834822
0.794744
1.0895
0.993192
0.856556
0.983913
1.09874
1.04218
1.10384
1.10737
1.00845
1.09559
0.961007
0.966343
1.08269
1.05265
0.881163
1.10447
0.822099
0.92787
1.00466
1.0956
1.12588
0.811939
1.04108
1.07068
1.00273
1.03316
1.02282
0.958791
0.991976
1.17288
1.01614
0.971094
0.961674
0.997551
0.999536
1.10706
0.954566
1.10285
0.951818
1.04454
0.943187
1.06491
0.949885
1.04737
0.889604
1.07655
0.971203
0.958327
0.975161
1.02269
1.03581
0.958975
0.914071
1.00865
0.901807
0.988579
1.01076
0.995528
0.926655
0.972601
0.954273
0.934906
1.05811
1.07774
0.972812
1.25335
0.90106
0.966515
0.99597
0.882906
1.12848
0.905055
1.01922
1.09476
1.04247
0.919814
0.980703
1.07081
1.05758
1.01923
1.03245
1.07188
1.038
1.02855
1.03934
1.13678
1.04509
1.05099
0.977651
0.876067
0.828166
0.8525
0.893438
0.84852
1.2376
1.15833
1.06839
1.05357
0.939325
1.29976
1.05333
1.22614
1.08389
0.990719
1.01414
0.899768
0.812164
1.04719
1.0466
1.13677
0.883978
1.11225
1.03436
0.831736
0.831817
0.98515
1.12105
1.03554
1.07245
1.01821
1.0339
0.987346
0.998303
1.08693
1.00423
0.955154
1.10539
1.01793
0.922488
0.985104
1.05353
1.09006
0.985037
1.01497
0.867373
1.12435
1.03219
1.1987
1.01478
0.83971
1.06445
1.00459
0.856155
0.924779
0.938649
0.927335
0.789828
0.961033
1.0717
0.853738
0.9494
1.02589
0.938084
1.0111
1.09025
0.975691
0.774356
0.940613
1.03702
1.02311
1.04109
0.862531
0.868522
1.11801
1.02331
0.902373
0.953007
1.16842
0.996258
1.06599
1.05565
0.780564
1.10602
1.04738
0.939159
1.0082
1.02077
1.15647
1.10911
1.10465
1.09148
0.836682
0.935353
1.05772
0.992201
1.33309
0.874504
1.12956
0.953688
1.08341
1.13938
0.961877
0.975094
0.884534
0.948109
1.09029
1.15429
0.790019
1.03672
0.89495
0.957277
1.02566
0.993692
0.969183
0.945757
1.14223
0.880067
1.00214
0.979957
0.894768
0.93831
1.0703
1.2559
1.13548
1.0844
1.04309
1.02658
1.20209
0.945846
0.945283
1.08058
1.10134
0.949676
1.16946
0.874707
1.02991
1.11355
0.964674
1.04736
0.953699
1.00159
0.902277
0.893394
0.971632
1.08052
1.10526
1.10277
0.916629
1.00914
1.17054
0.931548
0.859599
0.978624
1.05455
0.899996
0.944443
1.12632
0.896878
0.934745
1.12773
0.725546
1.04876
0.973209
0.87398
1.03579
0.945796
0.957576
0.999881
1.06584
0.973069
0.967708
1.0668
0.984886
1.00181
0.947054
1.00943
1.08682
0.806365
1.05113
1.02297
1.02224
0.996735
1.01545
0.963673
0.889435
0.895743
0.927398
1.11472
1.02983
0.93906
1.01212
1.16428
0.929595
0.98642
1.01137
1.1114
1.16137
0.89083
0.765398
0.941244
0.902947
0.84892
1.17216
1.05922
0.814843
1.01108
0.878334
1.02155
1.00233
1.03889
0.894871
1.00803
0.92628
0.793878
1.12125
0.987707
1.00926
1.03045
0.898456
1.01132
0.909735
0.894795
1.04201
1.03693
1.02128
0.874433
1.04427
1.06058
1.12279
1.28103
0.958032
0.978714
0.984823
0.974493
0.78446
1.07382
0.996937
1.18596
0.878795
0.88008
0.822654
0.881427
0.800787
1.01354
1.00031
0.994287
1.19649
0.927693
0.969289
1.05321
1.04022
1.09744
1.05714
0.954438
1.07333
0.905767
1.0501
1.00568
0.961399
0.900007
1.11464
1.03037
0.95961
1.0468
1.20166
1.01879
1.02563
1.07961
1.00748
1.07173
1.0075
1.08457
1.02366
1.00735
1.02049
1.20995
1.08431
0.804593
1.1616
1.12348
0.967151
0.992664
0.917811
0.911837
1.18015
0.977473
0.997257
1.0095
0.840086
1.15451
1.06354
1.12634
1.00872
0.940557
1.06161
0.944049
1.05316
1.02241
0.993411
1.03851
1.05414
1.16564
0.993838
0.97963
1.01353
1.04558
0.995042
1.05057
0.9204
1.0492
1.08766
1.10008
0.891566
1.03283
0.982002
0.979232
0.932248
1.09879
1.17229
0.983186
1.18424
0.804318
1.02868
1.03803
0.995519
0.98513
1.05595
1.03321
1.04866
0.945393
1.01432
0.994502
0.805146
1.11024
1.01924
0.894733
1.1224
1.03631
1.10055
1.04943
1.00393
0.962021
1.00551
1.04642
0.916199
0.955519
0.936679
0.890008
0.891052
0.951371
1.25752
1.02827
1.06848
0.980044
1.18179
1.21271
1.02012
0.918477
1.07941
0.993603
0.878672
0.922383
0.975098
0.935475
1.13836
0.874594
0.960522
0.853496
1.08974
1.14614
1.06196
0.907794
0.924317
1.08714
0.943589
0.904437
0.891281
1.06715
0.930199
1.01176
0.902771
1.01721
1.00598
1.02902
0.991653
1.13434
1.05893
1.09388
1.236
1.04056
0.960182
1.00541
1.02145
0.966356
1.19429
1.02595
0.992457
1.08407
1.01292
1.26357
0.876653
0.844784
1.01039
1.03546
1.08365
1.03203
0.997879
1.074
1.01728
1.06467
0.906831
1.1826
0.847374
0.966825
0.815595
1.09287
1.03112
1.01781
1.18374
1.06138
0.92593
0.932824
0.989564
1.05986
1.08123
0.921865
1.01743
1.01061
1.12134
0.799607
0.989432
0.92612
0.951747
0.964428
0.924935
0.998086
1.0834
0.861898
0.901351
1.03506
1.21734
0.845854
0.909242
1.11975
1.15634
1.21724
0.92561
1.08412
1.08475
1.04613
0.746284
1.08334
1.08842
0.86514
1.18776
0.851043
0.974541
1.02774
1.05922
1.0219
0.942549
1.04184
1.01902
0.807601
0.994112
1.11381
0.876167
0.971096
1.14895
0.82617
0.94647
1.05596
0.931433
1.10955
0.965887
0.963559
0.901862
0.939818
1.07778
1.10906
1.15972
0.848098
0.890831
1.09595
1.06996
0.977929
0.887276
1.02425
1.10264
1.2166
1.05155
0.915558
1.05272
0.952379
0.896804
0.965806
1.01396
0.846403
1.00829
1.0471
1.03629
1.06693
0.840529
0.914014
0.85536
0.807836
0.973264
1.07875
0.877465
1.23462
0.987576
0.956321
0.907716
0.982989
1.11782
1.05506
0.843971
1.20125
1.03856
0.917893
0.870833
0.993081
0.890172
1.07864
1.03664
1.1194
0.993954
0.964066
1.00639
0.963987
0.859889
1.0544
0.998417
0.919033
1.09547
0.89914
1.0816
1.09342
0.99753
0.991437
1.03841
1.09427
1.07525
1.13367
0.943126
0.977245
1.12421
0.80996
1.13886
0.912009
0.881365
1.12293
1.08003
0.943537
0.840712
0.824403
1.04803
0.985333
0.948594
1.04918
0.890253
1.14995
0.998582
1.07348
1.09154
1.0447
1.05551
0.868635
1.08527
0.934983
0.883137
0.956702
0.943348
1.06151
1.0861
0.997476
1.02029
0.883636
0.996369
1.03404
1.12094
1.00654
0.985295
0.990095
1.09814
0.978975
1.13294
0.991054
0.906481
0.950003
1.11363
0.753186
1.13225
1.05662
0.913011
0.994238
0.916348
0.988686
1.12323
0.957999
1.00008
0.922211
1.12728
1.00087
0.780172
1.12382
0.940326
1.07327
1.07357
0.957384
0.996294
1.02298
1.03923
1.04741
0.920232
0.988919
0.858157
1.02975
0.855455
1.11212
0.971233
1.04828
0.861342
0.831809
0.993017
1.10032
1.10307
0.875192
0.891745
0.841314
0.992216
1.13499
0.920664
0.887463
1.00495
0.948877
1.23405
1.01808
1.03717
0.999456
0.960131
0.939555
0.824793
1.00387
1.03912
1.00802
1.10216
1.19482
0.986097
0.976246
0.926303
0.739023
0.966287
0.955428
1.0003
0.97036
1.01146
0.963608
0.868457
0.938504
0.912607
1.14283
1.14832
1.03703
1.08897
1.18857
0.888995
1.00399
0.966419
0.92988
1.05184
0.932373
0.931132
1.03192
1.00522
1.11562
1.01993
0.948996
0.890927
1.06288
0.932965
0.937578
1.04104
0.970427
1.02734
1.14728
0.950535
1.16362
1.00789
1.04111
1.18548
1.08034
0.990674
1.08889
0.851235
0.99916
1.0431
1.15329
0.917059
0.997022
1.04624
0.825315
0.945466
1.10218
1.01527
0.95356
0.907475
1.05182
0.972021
1.0183
1.01618
1.07514
1.06191
1.13345
0.995173
0.882205
0.957565
0.825541
1.14661
1.0324
0.746164
1.03488
0.891193
1.0471
1.00391
1.04563
0.998135
1.06654
0.956523
1.04008
1.05239
1.09611
0.95257
1.12487
1.03644
1.00738
1.01534
0.928391
0.956361
1.09999
0.970521
0.988816
1.1474
0.95659
0.873047
0.945337
1.12765
1.15268
0.933765
1.19429
1.08152
1.14902
0.962227
1.11951
1.01531
1.2188
0.835281
0.855618
1.03777
0.934176
0.944955
1.11693
1.00766
1.0385
1.28105
0.823196
1.02103
1.05668
0.932497
1.0951
1.01436
1.04164
0.914203
1.09474
0.999473
1.09089
0.893294
0.957884
1.0916
1.02628
1.0737
0.917355
0.94519
1.09487
1.01423
1.16102
1.04763
0.902324
0.957027
0.950822
1.09107
0.773955
0.947838
1.06941
0.955469
1.03961
1.11348
1.03437
0.928995
1.0111
1.19307
1.06262
1.01834
0.895113
1.15269
0.883313
0.933046
0.990664
0.928692
0.958747
1.01705
0.892236
1.02581
1.07514
0.932995
1.21071
0.836662
0.854049
1.05195
1.05818
0.832426
0.984539
1.03868
1.16378
0.954967
0.980298
1.06607
0.927494
0.725657
0.875583
1.05801
0.962272
1.0316
0.938089
0.932079
0.982342
0.928223
0.952568
1.20788
0.994142
1.12398
1.09979
1.02106
0.954843
1.23717
1.12603
0.8844
0.893413
0.869749
0.787323
1.00116
0.997183
0.913898
0.921941
1.11309
1.03512
1.0985
1.04399
1.04079
1.01199
1.10513
1.07534
0.903176
1.15122
1.22205
1.00754
1.05344
1.00498
0.994359
0.860137
0.966192
1.02176
0.980586
1.20069
1.06732
0.996249
1.01518
0.950526
0.808857
0.950422
1.00738
1.01206
1.19139
1.07063
1.00082
0.999368
0.973417
0.952296
1.00231
1.00137
1.05544
0.915066
1.06604
0.967792
1.04984
0.982576
1.14213
0.862669
0.746431
1.12584
0.997121
0.937494
0.898781
1.08802
0.906584
1.07072
0.822041
0.943431
0.968026
1.055
1.02867
1.28722
0.992211
1.04412
0.975195
0.904922
1.11886
0.907834
1.08127
1.08783
0.945918
0.971015
0.948531
1.14652
1.15022
0.952689
0.961753
0.94251
0.96191
1.12541
1.04617
0.921587
1.11368
0.983673
1.03733
0.984959
0.792056
1.00756
1.0843
1.0217
0.924335
0.947445
0.979288
1.06265
1.01468
0.909618
1.03118
0.960628
1.12394
1.16333
1.12054
1.0375
1.01062
1.04171
0.921453
0.835591
1.07157
1.02935
1.15246
0.957422
1.13491
1.09518
1.09539
0.876998
0.827293
0.979777
0.893292
1.09994
0.794061
0.959961
0.883693
0.985203
0.956647
1.04378
0.98378
1.02112
0.917496
0.944776
1.06838
0.906859
1.02695
0.929503
0.965369
1.0319
0.957546
0.878486
1.05536
1.1476
0.896615
0.919075
1.08297
1.12451
1.13738
1.06305
1.01947
0.991259
1.07854
0.971638
0.954745
1.09696
0.888207
0.915802
0.977924
0.832661
0.921688
1.04308
1.01385
0.955582
0.891732
0.843632
0.984992
0.952053
0.987467
1.02751
1.03749
1.04512
0.881641
1.05695
1.02679
0.826239
1.13319
0.95528
1.10006
1.00257
1.07652
1.00252
0.93537
1.009
0.846503
0.841912
0.987224
1.04267
0.926478
1.08773
0.894316
1.11442
0.789528
0.939672
0.892647
0.994318
1.03808
1.04335
1.05759
0.944071
1.00225
0.945739
1.04817
1.03128
1.01395
0.949512
0.915444
0.856907
0.963635
1.10045
1.02154
0.900187
0.910146
1.0308
1.02388
1.15077
1.04566
1.19395
1.20975
1.07431
0.999263
1.02883
1.14907
1.16119
1.08476
1.03617
0.953381
1.26959
0.947694
0.959792
1.05714
1.04485
0.904966
1.18222
1.13167
1.0528
0.762186
0.883126
1.13617
0.795787
1.17439
0.849042
1.08338
1.04725
0.943841
1.07504
0.953228
1.0532
0.980201
1.03528
0.952413
1.09482
0.909977
0.90662
1.18132
0.973618
0.981611
0.921011
0.93656
0.821087
1.03266
0.92402
1.09518
1.12641
1.00081
0.923603
0.922261
0.999365
0.930909
1.1773
1.02904
1.07646
1.09816
1.02679
0.852693
1.09534
1.04848
0.828781
1.07636
0.982428
0.89327
0.896932
1.10269
0.820639
0.899179
0.875863
0.988771
0.893781
0.965977
0.955056
0.849089
1.2626
0.873294
1.12599
0.947841
0.972987
0.93675
1.03238
1.03766
0.945226
0.950374
0.987912
1.17764
1.00616
0.940487
1.09634
1.0254
1.08587
1.04052
1.02913
1.02026
0.999625
0.956916
0.913072
0.773938
0.953609
0.850559
0.978132
1.05016
0.958524
1.07114
1.01582
1.05463
1.07773
0.894844
1.0613
1.14402
1.01703
0.788914
1.0396
0.905175
1.11764
1.01054
0.857153
1.09213
0.922805
1.09692
0.880242
0.978414
0.947777
0.973067
1.04537
1.00958
0.865822
1.15825
0.885419
0.979516
1.15388
0.986298
1.08007
0.953538
1.13625
0.992001
1.0485
1.05493
1.22565
0.933143
0.957431
1.16457
0.886977
0.891471
1.15288
0.963714
0.862778
0.925032
0.75933
0.995153
0.75522
0.97824
1.06364
0.99173
1.11532
1.06673
0.941373
1.0555
0.973679
0.978162
1.01479
0.984373
1.04407
0.96336
1.05119
1.06627
0.955844
0.99149
1.05682
0.882321
0.901196
0.93556
1.0791
0.912871
0.884439
0.837377
1.11837
0.996125
1.2024
0.96331
1.10734
0.999254
0.801959
0.876448
0.845609
1.10251
1.01448
1.09446
1.10725
1.0155
1.04204
0.992498
1.22092
0.825027
0.873983
0.905217
1.13348
0.951956
0.918467
1.00771
1.10244
0.860677
1.08495
0.91117
1.08108
0.827035
1.03321
1.00813
0.966509
1.10044
1.02435
0.976722
0.82594
0.990233
1.14671
1.0282
0.967195
0.99284
1.13516
1.06212
0.877225
0.959603
0.980782
1.15185
0.96363
0.93511
0.901517
1.02199
0.998264
0.902075
0.965795
0.905456
1.10159
1.08578
0.778104
0.82926
1.13637
0.919247
0.903214
1.00084
0.976272
0.89541
0.984919
1.10331
1.021
1.00902
1.09373
0.959065
0.867141
0.971706
1.00779
0.966618
1.04033
0.879024
0.988675
0.937846
0.726532
1.00156
0.974419
1.04962
1.00135
1.06905
1.04813
1.04509
0.937372
1.06327
0.927241
0.970859
0.933195
1.17022
0.948666
1.14868
1.00757
1.06165
0.889817
0.914325
1.0576
1.00358
0.961409
1.08122
0.784455
0.993568
1.12324
1.01029
0.922841
1.03106
1.01711
0.959366
0.855712
0.940315
0.954806
0.948835
0.777436
0.982345
1.02512
0.835871
0.913781
1.04999
1.13252
1.00571
1.1696
1.04473
0.948648
0.939529
0.785231
0.918403
0.89746
0.966497
0.888969
1.08568
1.15551
0.772944
0.980144
1.10922
1.07927
0.961317
1.01437
1.09726
1.00447
0.873157
0.88518
1.00532
1.08623
1.03535
1.11057
1.1489
0.919928
0.83462
0.953639
0.844458
0.840996
0.929924
1.16502
0.976651
0.898193
0.933686
0.820279
1.04846
0.985055
0.989585
1.2058
1.05709
1.02026
0.831593
1.14696
0.85368
1.04353
1.0503
1.02672
1.13851
1.15406
1.16745
0.947912
1.16069
1.19191
1.11107
1.09811
1.05712
1.01549
0.943024
0.970819
0.897535
1.04253
1.30051
1.04209
0.825666
0.987263
1.01102
1.11966
1.09501
0.945618
0.984847
0.982088
1.02552
0.967363
0.979713
0.977759
1.01019
1.06435
1.07259
1.02727
1.02522
0.962521
1.04579
1.03475
0.930341
0.950516
1.08395
1.04396
0.900446
0.984806
0.914141
1.1105
0.820371
0.982235
1.1008
0.844605
0.962642
0.963869
0.923672
1.03807
0.991187
0.815623
0.949884
0.955474
0.938407
1.12299
1.04118
1.02276
0.888771
1.04887
0.942362
0.986572
0.981008
1.01551
1.09305
1.01069
1.1366
1.12691
1.11214
1.04232
0.942808
0.912573
0.967588
1.12946
0.952398
0.867207
1.03825
1.09274
1.03722
1.10245
0.957247
0.918021
1.0432
0.894162
1.25184
0.967695
0.875147
0.947355
1.05408
0.954589
0.927675
0.898153
1.20146
0.979555
1.06546
1.04297
1.03978
0.856559
1.002
0.981924
0.839061
0.936142
0.904926
0.861638
0.937809
0.892467
1.02832
0.972776
0.927385
0.937561
0.834379
0.865436
0.968978
0.942963
1.14651
1.14861
1.10387
0.851709
1.01916
1.02122
0.939962
0.774199
0.799333
0.905347
1.08855
1.00531
0.822578
1.00507
0.892482
1.06754
0.929062
0.802976
1.04943
0.920876
1.0749
1.04408
1.11524
1.01572
0.841588
0.929905
1.0554
1.00566
0.996047
1.00808
0.923201
1.01291
1.02323
0.98132
0.818113
0.943079
0.865146
1.04168
1.05814
1.07914
0.918917
0.874187
0.91632
1.05788
0.967399
1.02384
0.943753
1.06869
1.00804
1.08865
0.842065
1.12024
0.992157
0.959338
0.97307
0.947263
0.929508
0.917789
1.03586
1.07748
1.05222
0.909171
0.849467
1.01592
1.02317
1.01054
0.883707
1.21671
1.04431
1.1624
0.953075
0.930487
0.980676
0.801567
0.970243
0.997705
1.03503
0.892574
1.01645
1.28056
0.861147
0.895385
0.935142
1.18771
1.01405
0.896613
1.01308
0.924955
0.856029
1.09326
0.88579
1.01183
0.93571
1.12096
1.00894
1.17103
0.795899
1.11883
0.953865
0.860014
0.967367
0.91284
1.07125
1.13058
1.15304
0.99422
1.00944
1.01357
0.935874
1.14205
1.11658
1.02494
0.945783
0.904413
1.01895
1.12273
0.865936
0.966836
0.91275
1.1199
0.865431
1.03927
0.872233
0.941577
0.905266
1.04256
1.031
0.892445
1.05647
0.967392
1.0613
0.826806
0.948002
0.999591
0.927708
1.2484
1.07403
0.987637
0.943646
0.928386
1.14767
1.06443
0.989647
1.11273
1.00098
0.945056
1.06237
0.928198
0.886605
1.05944
0.955395
1.0619
0.938441
0.946814
0.976101
0.986518
0.994613
0.865637
0.974457
0.980291
1.05895
1.04647
1.03801
1.23786
0.912053
1.04689
1.05548
1.07977
0.778639
0.906766
1.13884
0.860998
0.793415
0.896379
0.869794
1.05291
0.982314
0.880958
1.10221
1.11177
1.09309
1.00159
0.891795
1.03923
1.0107
0.784529
1.21209
0.924546
1.0291
1.09365
0.974069
1.22132
1.01122
1.07129
0.951591
1.00641
1.0015
0.900239
0.987316
0.995201
0.93505
1.10579
1.17161
1.00869
0.942117
0.881251
1.06045
1.07951
0.957521
0.941211
1.05276
1.02964
0.816644
1.0733
1.03991
1.08418
1.16759
1.04378
1.35217
1.19246
1.02676
1.00622
0.871866
0.867812
0.954958
1.04954
1.02119
1.00653
1.07658
1.05797
1.00459
0.9779
1.17193
1.08684
0.904083
1.08338
0.98061
1.10121
1.09893
1.1671
1.15275
1.04007
1.01599
1.0831
0.958289
0.92475
1.05548
1.07979
0.912093
1.03475
1.13282
1.06479
1.0751
0.863748
0.914384
0.998881
1.00863
0.930282
0.951909
0.887491
0.952044
1.05331
1.07644
1.11016
1.0441
1.0532
1.0377
0.838496
1.04345
1.01455
1.18959
1.07567
1.02901
0.926527
0.882743
1.11885
1.0958
0.94445
1.02403
1.0789
0.994019
0.984576
0.840219
0.756852
0.886516
0.932702
1.12166
1.08103
0.954871
1.02604
1.22052
1.01103
1.11791
0.966229
0.98175
1.06076
1.05154
0.991095
1.04787
0.877837
1.00136
0.938144
1.00308
1.08154
0.944039
0.948173
0.837338
0.97541
0.946431
1.13277
1.07204
0.821306
1.17143
1.0395
1.0848
0.903423
0.692828
0.969533
1.02593
1.00901
0.939361
1.06775
1.11029
1.13141
0.921243
0.951774
1.11432
0.972329
0.926089
1.10367
1.07344
0.882185
1.14821
0.911037
1.08259
1.06014
1.00438
1.09532
1.18988
0.943393
1.14715
0.992806
1.00446
0.953539
0.954796
0.864291
0.816768
1.04033
0.931526
0.992174
0.925783
0.975861
1.01918
0.965391
1.01402
0.979276
0.811107
0.987653
0.920551
1.21667
1.0461
1.0323
1.04093
0.878891
1.11287
0.932536
0.881049
0.983923
0.997262
0.976556
1.06183
0.896533
1.07028
0.963446
0.898471
0.813139
0.937436
0.977163
0.860116
0.908233
0.92255
1.01122
1.18517
1.00359
0.858931
0.992391
0.944545
0.991114
0.975175
1.23887
1.02621
0.859674
1.20073
1.08204
1.15499
1.0346
1.02612
1.10237
1.02863
0.871691
1.05543
0.912355
1.09782
1.17967
1.16991
0.97431
0.959877
0.890805
1.00335
0.964303
1.02433
0.918903
1.03513
1.0049
1.01649
0.925521
1.06586
0.980393
0.877657
1.00111
0.952865
0.877187
0.940352
1.01362
0.788287
0.970962
1.06469
0.888303
0.990391
0.914061
1.07478
1.10623
1.02799
0.858827
0.988975
1.15974
0.81411
0.867795
0.756932
0.870655
0.915625
0.93519
1.02732
0.954442
1.00145
0.995753
0.974702
0.966835
0.988547
0.958916
0.955106
0.934241
1.0849
1.08137
1.15218
1.019
1.0061
1.02064
1.11047
0.814269
0.906108
1.06391
0.873907
1.08834
0.923547
0.947524
0.843129
0.888658
0.855859
0.900688
0.969375
0.970457
0.929279
1.04117
0.891173
0.840197
0.894777
0.87183
1.12739
0.961997
1.10958
0.991911
1.04911
1.03827
0.940276
0.962554
0.938216
1.01786
1.05326
0.977004
0.939677
0.929137
0.991828
0.993131
1.17745
0.835599
1.07831
0.967303
0.987065
1.20302
1.01362
1.02176
0.953175
1.16075
1.14372
0.908128
1.13193
0.973904
1.03063
0.853668
0.992838
0.944466
1.04457
0.874522
0.997565
0.93581
0.966198
0.975781
0.887427
1.16192
0.920669
1.08163
0.91565
1.03078
1.07544
1.18419
1.05442
0.989985
0.826526
1.04392
1.11396
0.977182
0.888651
0.951825
0.984567
1.12901
1.14229
1.0092
1.20255
1.00873
0.965946
1.09467
1.07657
1.00918
0.966328
0.835606
1.09476
1.06966
1.02163
0.96648
1.06099
1.24448
1.06447
0.984154
1.14333
1.05798
1.0604
0.966729
0.965802
1.04693
0.980567
0.829101
1.18214
0.936632
0.985728
1.13053
0.873394
0.978568
0.940377
0.953542
1.02634
0.955914
1.05234
0.968385
1.21715
0.815854
0.99723
0.975944
1.11211
0.939268
0.871107
0.833701
0.997057
1.04257
1.07802
1.11035
1.04622
0.935639
0.980726
1.04708
0.946668
1.02108
1.15685
1.06786
1.18391
0.963012
1.02818
1.08602
0.982033
0.797785
1.06902
0.924879
0.908707
1.00852
1.01803
1.25653
0.880409
0.875273
0.980241
1.11654
1.07089
0.944516
0.831086
1.18944
0.998757
0.926966
0.924414
1.13895
0.902498
0.908868
1.06918
0.825119
1.05292
0.960714
1.01516
1.19335
1.0193
1.00344
0.988523
0.995689
0.973907
1.10626
0.882303
1.04685
0.930245
0.86741
1.09806
1.08969
0.882783
1.06537
1.02203
0.975711
0.980823
0.942883
1.06973
1.24997
1.08258
1.09091
1.02072
0.948557
1.0058
1.00839
0.950628
1.01921
0.978473
1.06933
0.957477
0.963763
0.883986
1.15142
1.14132
0.757555
0.997575
0.931353
1.02724
0.961292
1.01611
0.93165
0.900172
0.964943
0.890325
0.992469
1.03089
1.14511
0.962855
1.01298
1.04088
0.990355
1.00487
0.90255
1.14322
0.964929
1.07216
1.09512
1.08492
0.836785
1.04526
0.910974
0.928359
0.983893
1.0781
0.99471
0.936912
0.966994
1.13684
0.966773
0.988158
0.98714
0.991694
1.1757
1.18014
0.90809
0.881485
1.07174
1.01001
0.830022
1.05941
0.970704
1.12375
0.92765
1.0656
0.950248
0.811693
1.1892
1.0611
0.89197
1.19163
1.01002
0.870917
0.896508
1.1229
1.0076
0.945166
1.05484
0.830298
1.25631
0.879916
1.02927
0.97525
1.11408
0.917085
1.0734
1.07573
1.08245
1.06514
1.11453
1.06418
1.08732
0.785544
1.09659
0.908666
0.955546
1.01768
0.83159
0.924653
1.07963
0.947578
0.960807
1.09629
1.11336
1.0163
0.841255
1.03572
0.92502
0.845642
0.999103
0.970757
1.02631
1.07853
0.958271
0.941249
1.04266
1.21806
0.921958
1.03374
0.965852
1.14086
0.953102
0.933854
1.13363
0.949185
0.973249
1.26605
0.845129
0.922611
0.947116
0.922659
0.948091
1.02409
1.24956
1.08227
0.971416
0.730639
0.964803
1.0108
1.00835
1.18257
1.11137
0.993573
1.03583
1.19938
1.06333
1.19501
0.854701
0.895956
1.04373
1.03147
1.10407
0.902557
0.907835
1.01482
1.04004
1.05376
0.91594
0.926316
1.09196
1.0215
0.929852
1.24467
0.836165
1.0057
0.987963
1.07442
1.21273
0.895578
1.04378
0.986622
0.916908
0.895695
1.18189
1.0591
1.11557
1.15826
0.992414
0.811361
0.869926
0.941054
1.02736
0.923906
0.989478
0.822944
1.04359
1.04866
0.975175
0.953742
1.05566
0.995494
0.964318
0.97865
1.04275
0.945809
0.910711
1.01153
1.13324
0.953793
1.07825
0.936982
1.09225
1.1983
1.0044
0.992789
1.0689
0.955989
1.1076
1.01498
0.929108
1.0968
0.93607
1.04872
1.08098
1.18515
0.993821
1.18619
1.05457
0.975176
1.02105
1.13724
1.00615
1.00919
1.13961
0.82548
1.13102
0.979918
1.04649
1.0282
0.913646
1.09423
0.859753
1.07351
1.16037
1.18688
0.851777
0.934518
0.879995
0.784123
1.07639
1.09863
1.10843
0.910283
0.895607
0.996758
1.01798
0.951871
1.01313
1.176
0.80994
1.00001
1.1953
1.09791
0.775853
1.01971
0.902373
0.914722
1.12843
1.11697
1.10631
0.940322
0.901697
1.10732
0.975406
1.09405
1.04706
0.817323
1.01479
1.08408
0.916453
1.09237
0.920949
0.961173
1.09502
1.11842
0.986213
1.04697
0.937974
0.963849
0.927292
0.864009
1.0483
0.870514
0.986764
1.06587
1.13644
0.897882
0.953244
0.932986
0.969894
0.946102
1.03685
1.02177
0.999531
1.05832
0.949964
1.07012
0.851554
1.02054
0.895771
1.05223
1.02082
1.03154
1.20157
1.07518
1.05454
1.08805
0.962594
0.993013
0.989074
1.05839
0.831844
1.24427
0.994876
1.08718
1.00786
0.951763
1.10377
1.11372
0.971078
1.02877
0.985555
1.06202
1.01509
0.986318
0.923917
0.98299
1.0373
1.00963
0.930227
1.01727
1.06451
1.00593
1.04172
0.971295
0.954147
0.933123
0.974356
1.00342
0.87675
1.26758
1.07413
1.1887
1.05901
0.958162
1.00278
0.952074
1.0858
1.05956
1.11212
0.998378
0.84941
1.13704
1.09187
0.859037
1.11722
0.868329
0.984683
1.06621
0.953057
0.904802
1.09442
0.962574
0.983025
0.952565
1.03214
0.891025
0.832203
0.989319
1.04714
0.922182
1.17871
0.797594
0.935153
0.851717
0.975782
0.876443
1.06793
0.889026
0.954151
0.897765
0.803802
0.936355
1.1011
1.10923
1.06999
1.05185
1.06826
1.18062
0.970615
0.92717
1.02513
0.986694
0.953015
1.0849
0.867457
1.12429
1.11298
0.990298
1.04627
0.909488
0.802822
0.985408
0.902889
0.884173
0.91881
1.16337
0.943557
1.05185
1.03982
0.957568
1.07437
0.872367
1.01337
0.991868
0.965978
0.918481
0.993393
1.14479
0.801475
0.944443
1.00154
0.849839
1.1505
0.963667
1.09113
1.07506
0.995306
0.905761
0.963767
0.761435
0.991815
0.827788
0.881449
0.995834
1.00715
0.926778
0.993541
1.00975
1.05275
0.88091
1.07556
1.0927
0.895456
0.906978
1.09476
1.19652
1.19044
1.04947
0.871317
1.14433
1.02965
0.905122
0.914357
1.08291
1.06755
0.88864
1.01716
1.18832
0.954388
0.98262
0.928983
1.04462
0.983376
0.99138
0.991138
0.880029
1.00997
0.915677
0.989691
0.933333
0.911133
1.08479
1.03097
1.10557
1.15126
1.04657
1.0001
0.892755
0.887317
1.09484
0.932613
1.12297
1.17677
0.989183
0.917426
1.03226
0.933017
1.07596
0.992144
0.921602
1.05458
1.01818
0.934918
0.912431
0.962668
1.04366
1.08059
1.08901
0.959136
0.902378
0.908311
0.957195
1.00168
1.08433
0.934733
1.04396
0.998408
1.09331
0.94938
1.04222
0.904055
0.836486
1.21659
1.04708
1.04307
0.9225
0.846468
0.911538
1.08252
1.09352
1.08077
1.03172
0.836779
1.0746
0.815804
1.06609
0.922039
1.19019
1.02749
0.987012
1.10939
0.898358
0.987233
0.768328
1.22035
1.03671
1.0195
0.95846
1.12518
0.85379
0.949702
1.13096
1.02137
0.987791
1.0068
1.05512
0.885523
1.10809
0.959677
1.06678
1.06045
0.968142
0.861549
1.02143
1.08911
1.1576
0.818286
0.913774
0.765939
0.977915
1.01686
1.1074
1.01917
1.01111
1.00465
0.875799
0.836397
0.933041
1.06951
0.991543
1.06533
1.10808
1.01348
1.01777
0.975578
1.22018
0.996566
1.02884
0.835828
0.974353
1.09092
1.00426
0.868794
0.86316
0.997492
0.892102
1.09316
0.929729
0.87972
0.980398
1.03368
0.900299
1.15511
1.06012
1.01113
0.901932
0.969115
1.11428
1.18865
1.08061
1.00523
0.944759
0.971508
1.01488
0.912801
0.891511
1.01091
0.897872
0.975472
0.865707
0.968931
0.935738
0.904942
1.07084
1.03609
1.06194
0.9
0.904979
1.00503
1.12492
1.0002
0.963665
1.00574
0.993396
0.896499
0.976593
1.03573
0.819902
1.00002
0.828036
1.02662
0.889926
1.14673
0.968894
0.981779
0.971893
1.23073
1.02808
0.88115
0.964357
0.995767
0.864442
1.0541
1.0819
1.03119
1.06218
0.908736
1.05011
1.02462
0.951199
0.863174
0.978763
1.11019
1.02447
1.03694
0.950604
0.873415
1.09062
1.02392
1.00238
1.01501
0.968967
1.09101
0.871424
1.01683
1.17304
1.0206
1.03494
1.10908
0.946478
0.894978
1.04207
0.865415
0.9528
1.06105
1.02272
0.961547
1.07272
1.02951
0.966621
1.15828
1.07569
0.968112
1.14377
1.00346
1.06566
1.18546
0.971309
1.0893
1.02389
0.98093
1.00904
0.948524
0.984612
0.951798
0.909305
1.01509
1.04251
0.944062
0.982045
1.00093
1.03521
0.99115
0.947442
1.03325
1.24342
0.870854
0.882729
0.872946
0.850836
1.01473
1.13245
1.15736
0.996104
0.812516
1.08939
0.973388
1.04295
1.24924
0.800082
0.867938
0.867534
0.99388
1.00987
0.85819
1.01345
0.928745
1.02155
0.88075
1.19397
1.10251
0.953168
0.864925
0.984656
0.908472
1.15475
1.0849
1.06998
1.05862
0.9051
0.984857
1.01377
1.12311
1.13308
0.861586
0.954762
0.983084
0.920299
1.03665
1.01182
0.960028
1.00662
1.09231
1.18146
0.908286
0.828687
0.985473
0.784815
1.21104
0.929594
1.07142
1.18331
0.960074
1.00049
1.12254
0.806513
1.04785
0.907936
0.957436
0.951482
1.10525
0.894461
0.91926
0.879523
0.888603
0.802415
0.91927
1.13199
0.971149
1.06038
1.10341
1.13541
1.04948
0.979913
0.881152
0.904308
0.985473
1.02856
0.818779
1.32357
0.966198
0.937519
0.852031
0.912877
0.890557
0.962425
0.944241
0.944805
0.897077
0.850552
0.990322
1.03416
0.960543
1.00131
0.975222
0.909644
0.90195
0.92399
1.05924
1.06253
0.897983
1.09439
0.992727
1.0871
0.893322
0.781482
1.05851
1.30974
1.01393
0.916182
1.0417
1.04002
1.0626
0.876875
1.10011
1.07913
0.870382
0.981762
0.992913
1.14914
0.928953
0.950278
0.976091
0.959497
0.893608
0.976996
1.07257
0.970844
1.11142
1.02408
1.09749
0.916838
1.02339
0.954765
1.137
0.751563
0.874106
0.988591
0.770537
1.10378
0.820999
1.00202
0.987034
1.04871
1.15682
0.92029
1.01238
0.918758
1.11208
1.15252
1.00771
1.02
1.00909
1.14726
0.911755
0.886693
0.957222
0.86778
0.896505
1.08475
0.973291
1.074
1.12113
0.892736
0.881834
0.754245
1.0958
0.897037
0.988699
0.750365
0.955384
0.895811
1.0296
0.941205
0.911332
1.05267
1.08771
1.12443
0.928299
1.02148
0.951316
0.946885
1.18618
1.12861
1.16145
1.04288
0.947988
1.11596
1.01325
1.07521
0.991967
0.93337
1.01114
1.14473
0.995561
1.07386
0.966175
1.21041
0.85857
0.961833
1.01724
0.766431
0.915505
1.02049
0.980002
0.962347
1.09748
1.06367
1.09629
0.959037
0.921825
1.39666
0.97692
0.979967
0.94336
1.15519
0.949549
1.15096
0.773298
0.934553
0.998969
1.00681
0.905651
0.841078
0.851442
1.04909
1.00107
0.918406
0.915728
0.957941
0.915872
0.878463
1.07321
1.02547
0.986902
1.0315
1.09775
0.95505
1.11118
1.12089
1.05848
0.963222
1.04031
1.04581
0.851757
1.10763
0.991633
0.901189
0.98398
1.18555
1.03437
1.07771
0.844862
0.876466
1.03332
1.09862
1.08746
0.95289
1.11668
0.984834
0.955968
1.14602
1.03273
1.13309
0.881987
1.14068
1.04265
1.16508
1.06626
1.0354
1.19438
0.984737
0.85357
1.08098
0.865181
1.06741
1.25421
1.05139
0.91291
1.04157
1.05557
0.882824
0.884611
1.06017
0.927666
0.980692
1.17334
1.00001
1.00366
1.05132
0.91941
0.919052
1.22074
1.03214
0.935806
0.97817
1.0512
0.856306
0.897728
0.944401
0.959985
1.05126
0.96566
0.825992
1.03985
0.939888
0.913265
1.12734
0.800308
1.10494
1.05004
0.907123
1.03566
1.07934
0.934704
0.828614
0.99812
1.01039
1.13942
0.939979
0.983454
1.02027
0.971155
1.02812
1.08578
0.970871
0.923534
0.946507
0.857497
1.03808
1.21725
0.87183
0.841798
1.00053
0.938215
0.933577
0.963674
1.04552
0.93689
1.05039
0.912658
1.0451
1.11609
0.928001
1.0365
1.12486
1.04057
1.14021
1.07276
0.939349
1.05495
0.886979
0.875644
1.05429
1.02959
1.0218
0.867468
1.01031
0.994474
1.02456
1.05096
1.20187
0.993612
1.02539
0.846633
0.858359
0.958118
1.0238
1.11631
1.03794
0.853628
1.11517
0.871581
0.900426
0.93906
1.15395
1.01689
1.02046
1.14233
1.03287
1.18715
0.943038
1.07818
0.928878
1.03748
1.13094
0.957614
1.07205
1.0915
0.964431
1.04844
1.12035
0.992624
0.988369
1.03185
1.03111
1.2707
1.06164
0.853799
1.01555
1.14057
1.09652
1.02902
0.85715
0.769371
0.874996
1.06512
1.23126
1.03577
0.972367
0.985781
1.14598
1.01573
1.12718
1.11658
1.04848
0.793326
0.845849
1.08076
1.06595
0.932535
0.730593
0.998104
1.00052
1.0244
0.930491
1.05234
0.923332
0.975849
1.12212
0.884693
0.974897
1.03151
0.955956
0.918277
1.08191
1.0484
1.12787
1.02901
0.902065
0.951271
1.10863
0.92517
1.068
1.0508
1.03013
0.919468
1.07689
1.13602
1.10531
0.982595
1.01315
1.09155
0.945011
1.20726
0.84205
1.03611
0.950383
1.00424
0.901467
1.19201
0.901484
1.14653
0.791378
0.974492
1.12998
0.932777
0.992892
1.13942
1.1109
0.906409
1.0345
1.11203
0.862659
1.0926
0.854732
0.974468
1.02019
0.887127
1.02688
0.941494
1.10797
1.06122
1.02659
1.17082
1.08561
0.92488
1.24609
1.02668
0.887099
0.835945
0.96919
1.21365
0.973048
1.08815
0.924661
0.912124
0.818929
1.08254
0.857873
0.90044
1.29344
0.992043
0.901079
0.909231
0.916529
0.967429
1.0577
1.04124
1.00474
0.96893
1.18782
1.24158
0.974257
0.860437
0.924364
1.0678
0.895266
0.964232
1.02354
0.986768
0.827864
0.963745
0.964463
1.01282
0.882405
0.983706
1.17429
0.849082
0.998267
1.17106
0.99523
0.903006
0.999679
1.13701
1.02801
1.07453
1.12429
1.1333
0.964493
0.86121
0.838947
1.0086
1.05949
0.936696
1.07846
1.15715
1.01947
1.10426
1.09556
0.957502
0.909097
0.926576
0.929825
0.862176
0.923082
0.908972
0.80437
0.859701
0.972633
0.988238
1.04661
0.992208
0.831008
1.04411
0.99488
0.877363
0.930134
1.00336
0.931742
0.97499
1.01798
1.00842
0.860103
0.969701
1.07767
0.949955
1.06925
1.07638
1.07463
1.14374
1.01046
0.895603
0.991615
0.951629
0.886918
0.933513
1.02033
1.13955
1.05678
0.95655
1.01017
1.15702
0.931922
0.905155
1.14407
1.00695
1.04692
0.874673
1.06642
0.886481
0.868955
0.943442
0.926346
1.05555
1.0529
1.0258
0.92038
0.971952
0.933234
0.975385
0.920556
1.04161
1.00327
1.01524
1.01295
0.986726
0.922906
1.07445
1.12613
0.949094
0.93805
0.929058
0.949159
0.81386
1.07893
1.03998
0.878708
1.05427
1.09493
0.858768
1.05494
0.961029
0.995766
1.05287
1.05054
1.03649
0.900958
0.957313
0.996802
0.880779
0.960715
1.04688
0.894477
1.02581
0.980805
0.975527
0.918255
1.12089
1.19741
0.970988
0.828331
1.0501
0.824648
1.01001
0.924967
0.936106
0.838488
1.14144
1.07686
1.02383
1.13012
0.881249
1.06502
1.27346
0.958873
0.9163
0.944428
0.961408
0.927686
0.978762
1.23423
1.14862
0.936141
1.0228
1.07987
0.966082
0.847829
0.858693
0.8762
0.900819
1.08063
0.982624
0.97727
0.991512
0.911026
1.02642
0.989092
0.923888
1.01262
0.925687
0.948959
0.832032
0.986535
1.03567
1.08779
0.903831
0.975671
1.07698
0.9984
1.10466
0.939189
0.97071
0.888606
0.913249
1.03279
0.94666
1.04418
0.994318
1.12438
0.862302
0.884337
0.819199
0.86355
0.95868
1.14626
0.932553
0.963759
0.947855
1.13189
1.14723
1.05677
0.98468
0.978705
1.00401
0.879014
0.904985
0.854951
0.952331
1.1083
0.82136
0.860004
0.982265
0.978122
1.00105
1.01192
0.899529
1.02782
0.917941
0.864908
1.01652
0.958877
1.03398
0.926906
0.903722
0.897455
0.974083
0.821794
0.899102
0.963775
0.941215
1.00319
1.02741
1.0919
0.97252
0.966271
1.16474
0.997379
0.924821
1.06124
0.980427
1.07486
1.14416
1.18996
1.13904
1.00462
1.02099
1.08914
1.21314
1.25748
1.05477
1.15023
1.05305
0.840798
1.01119
1.05102
1.04654
0.964025
0.969434
1.02871
1.10951
1.04181
0.990408
1.01957
1.00996
1.14188
0.979076
0.984023
0.917396
1.21316
0.933964
0.909109
0.916038
0.975131
1.1499
1.00527
1.05009
1.0194
0.915591
0.922881
0.913246
0.872807
0.926976
0.948176
1.00758
1.12978
1.12813
0.846128
0.959147
0.847724
1.04411
0.906108
0.918305
1.15079
0.954228
0.894277
1.01272
1.13821
0.991219
1.01994
1.25633
0.992554
1.07521
0.898578
0.986518
0.98883
1.07588
1.0144
0.913461
0.986215
0.976079
1.00006
0.897897
0.971251
1.14017
0.943527
1.09679
1.20982
0.957831
1.04474
1.15319
1.08314
0.887926
0.908541
1.05875
1.06115
0.881273
0.87774
0.91371
0.7962
0.950771
0.878051
0.943624
1.02714
0.90236
0.955163
0.861314
1.00874
0.950744
0.893449
0.949621
0.915102
0.960163
0.967847
0.932474
1.18981
1.02585
1.10176
0.921799
1.01749
1.04144
0.871752
1.02588
1.07744
0.981135
1.04638
0.936597
0.979711
0.97564
0.982887
1.04276
1.16905
0.981435
0.988382
0.966219
1.01636
0.960693
0.939085
0.89949
0.918426
1.01601
0.939141
0.842125
0.937024
1.00816
1.12033
0.881144
0.937238
0.804708
0.912696
1.0026
0.898209
0.99013
1.04417
0.878948
1.14931
0.996936
1.01257
0.95779
0.928125
0.969931
0.952205
1.11349
0.894808
1.05637
0.904065
1.13424
0.951606
0.835178
1.03911
0.904583
1.0189
1.11418
1.1793
1.19761
0.981161
0.986809
0.845269
1.09405
1.07455
0.92446
0.794867
0.999072
1.16515
1.18889
0.987737
0.956776
0.859335
1.02107
1.01039
1.03587
1.09271
1.02878
0.664046
0.957807
0.875997
0.804703
0.881317
0.978865
1.02932
1.02178
1.03483
0.90307
1.22533
0.82938
0.892166
0.888666
1.00064
1.03319
1.02285
0.969738
1.12929
0.929682
1.01199
0.958455
1.01209
0.879412
1.01635
0.859154
1.10556
1.21992
0.909062
0.941451
0.993376
0.949937
0.949294
0.93504
0.929189
1.11442
1.23417
0.85708
0.990342
0.972813
0.979949
0.944801
0.977416
0.988994
0.973114
1.02045
1.11037
0.957257
1.16369
0.884106
1.02896
0.98304
0.888368
1.09675
0.978316
1.02388
0.895528
1.02062
1.04298
1.02672
0.893417
0.924089
1.09639
0.961168
1.00464
0.933594
0.987288
1.02386
1.1076
1.0535
1.11015
1.15949
1.0114
0.970981
0.875952
0.795167
1.22132
0.892227
0.997197
1.0618
0.982815
1.02638
1.0184
0.967056
1.16819
0.956247
0.759424
1.14017
1.04444
1.03618
0.974511
0.805111
1.04867
0.949361
1.00128
1.04419
1.1509
1.12328
0.937261
0.975766
0.767992
0.916084
1.07314
0.9537
0.98826
0.953137
0.968406
0.998696
0.94996
1.05566
1.12771
0.906433
1.03435
1.05717
0.862137
0.931844
0.927246
0.985053
0.952772
1.03898
0.885944
0.968677
0.918811
1.09561
0.879982
0.951003
1.03499
0.960274
1.22093
1.00721
0.977501
1.07579
0.907158
1.04255
1.07203
0.939469
1.0151
1.30033
0.918027
1.05316
0.946525
0.891573
0.780854
1.13293
0.869106
0.887451
0.81519
0.90997
0.957172
0.990569
1.29182
1.285
0.922894
0.858259
1.05049
1.2494
1.07761
0.917077
1.01013
1.09339
1.27906
0.915525
1.03437
0.841401
1.06674
1.02382
1.13699
0.990542
0.993295
1.066
1.0198
1.08006
0.938775
1.15203
1.09044
1.05149
1.06793
0.994677
1.10311
0.898341
0.976871
1.01832
0.805689
0.948666
0.850164
0.993735
1.05184
1.00511
1.03089
0.982673
0.857362
1.21802
0.980861
1.03497
0.995134
1.03888
1.08601
1.04536
0.871496
0.836819
1.0108
1.06639
1.0515
0.956706
0.928495
0.87201
0.864984
0.968069
1.07661
1.17006
0.839427
0.992662
1.06434
1.06264
1.02658
1.03584
1.0173
0.955516
1.14322
0.939726
0.995418
0.990867
0.999012
0.979359
0.856119
1.0999
1.0272
0.958036
1.06393
1.14754
0.828146
1.05818
1.03525
1.18872
1.09238
1.09275
1.12688
1.09722
0.928124
1.06675
1.05933
0.808089
1.12197
1.08283
1.13225
0.995697
0.987545
0.981943
0.929256
1.09482
0.881671
1.04464
1.03619
0.89526
1.10712
1.05415
0.894899
0.974075
1.01281
0.918717
1.02941
0.858863
1.12701
0.846898
0.95486
1.00972
0.926883
1.15145
0.958185
1.05745
0.965903
1.02966
1.00259
0.940107
1.0439
0.905512
0.930482
0.984973
1.0654
1.16267
1.09429
0.938025
0.992457
0.932483
0.834788
1.00527
1.0718
0.991944
0.950926
0.999878
0.890183
0.978009
1.0072
0.933175
1.05383
0.891219
0.900351
0.925057
0.919539
1.05764
0.858008
0.870711
1.03097
0.865873
1.02365
1.16166
0.873485
1.10705
1.04654
0.88231
1.01718
0.897463
1.04043
0.902707
0.880798
0.951483
0.883204
0.969668
1.04313
1.09913
0.837346
0.851341
1.12115
0.946621
0.932697
1.10212
1.08601
0.870163
0.960332
0.893544
1.09118
0.959915
1.05943
1.07199
0.891631
0.947555
0.975349
0.945427
0.976583
1.16886
1.17396
1.01498
0.939241
0.981554
1.00988
1.07107
0.993115
0.938801
0.980291
1.02562
0.99112
1.0561
1.00779
0.878763
1.03128
0.993204
0.888609
0.963908
0.984575
1.03273
1.01785
0.884198
0.957967
0.990689
1.02701
0.892043
0.898276
1.13331
0.944336
0.979111
0.93286
0.993662
0.947621
0.804284
0.993958
1.04675
0.857038
1.05963
1.15959
1.04722
0.962426
0.939758
1.00617
1.10073
1.04683
1.10757
1.02339
0.885776
0.978114
1.10259
0.829461
1.07019
0.96335
1.05283
1.30236
1.01956
1.04615
1.08286
0.903055
0.912968
1.07024
1.17339
0.937729
1.15397
0.979205
1.03672
1.11397
0.932646
1.02063
1.08588
1.20792
0.964338
1.07074
0.900559
0.956655
0.984773
1.03698
0.924641
0.911451
0.937965
0.989958
0.905135
1.0667
1.07697
0.941712
0.822174
0.982763
1.12567
1.05653
0.917246
1.00929
0.870544
1.11453
1.0621
1.00851
0.902764
1.15244
1.15829
0.962925
0.841986
1.00093
0.96419
1.06426
0.954619
1.01642
0.98147
1.07914
1.0363
0.960306
0.851884
1.03426
1.19368
1.12787
1.05572
1.23391
1.02469
0.929689
1.07248
1.04006
0.949033
1.02636
1.21632
1.03862
1.05637
1.15224
0.93957
0.938945
1.15022
0.874132
1.04986
1.07474
0.928328
1.08619
0.915973
1.17541
1.01608
0.872116
1.00035
0.860188
1.09762
1.0861
1.0404
0.983871
0.998807
1.07272
0.979188
0.921404
1.00094
1.15365
1.03117
1.11655
0.923005
0.950022
1.0973
1.04612
1.0398
1.11412
1.0528
1.25855
0.985423
1.02347
1.09961
1.13872
1.01048
0.895057
1.05626
1.03786
0.999112
1.2107
0.817656
0.967379
1.06451
0.921826
1.17458
0.920555
1.09271
1.20579
0.91217
1.07352
0.995116
1.04491
1.17275
0.921242
1.02345
0.999039
0.966313
1.09723
0.995856
1.15074
1.00682
1.11601
1.03365
0.929305
1.09857
0.990371
0.888798
1.05141
1.05205
0.956034
0.974606
0.980016
0.912555
0.929969
1.03523
0.970092
1.0619
1.20816
1.15549
1.00045
1.06216
1.1144
0.85043
1.12603
0.976674
0.954692
0.842675
1.00274
0.84618
0.881945
0.985507
1.05486
1.03084
0.889916
1.07802
1.11033
0.962203
1.07696
1.01431
0.975618
1.12774
0.91152
0.998328
0.93766
0.970232
0.844596
1.06991
1.00135
1.00762
1.08104
0.889672
0.972854
0.854667
1.00775
0.892482
0.819641
0.72289
0.906661
0.995017
1.12233
1.00347
1.10606
0.972141
0.825037
1.01035
1.11729
0.926234
1.05959
1.08583
0.919656
1.00765
1.15041
1.00774
0.842292
0.878552
0.922084
1.0118
0.947835
1.13275
1.1229
1.13115
0.793832
1.0622
0.822177
0.936992
1.15608
1.04864
1.02929
1.04664
0.9163
1.00735
1.06117
0.940977
0.96859
0.998159
1.0909
0.932512
0.821002
0.99829
0.897997
0.959091
0.949056
1.0229
1.02882
1.05709
1.0722
0.954745
0.847951
1.04791
1.06627
0.807606
1.12028
1.04028
1.03743
0.963432
0.934208
0.987572
0.972167
0.963884
1.17069
1.03217
0.957888
0.903238
0.899928
0.947265
1.08041
1.185
1.17598
0.943069
0.971612
0.997811
0.922655
1.23349
0.996959
0.936659
0.881399
1.08014
1.17759
0.9564
0.97455
1.01301
1.13831
1.04081
1.04721
1.07804
0.797003
1.02215
1.18759
0.984433
0.887451
1.09286
0.932111
1.05258
0.924396
1.09923
0.946471
1.06637
0.865974
0.876904
0.904089
0.947892
0.95259
0.994403
1.0645
0.851011
0.793712
0.937041
0.900158
1.00933
1.09442
1.00167
0.996188
1.10848
0.909217
0.870899
1.06412
1.09092
1.00213
0.974158
1.10414
0.929891
0.79858
0.794202
1.13756
0.885348
1.10382
1.01523
1.02355
0.989805
1.03857
0.992648
0.922769
1.02015
1.10073
1.06164
1.04723
0.97954
1.00605
0.946511
1.03808
1.07902
1.08733
0.902096
1.10225
1.02084
0.941231
1.13009
1.07169
1.02056
0.911067
1.06612
1.09043
1.11092
1.0828
0.904401
0.959595
0.991856
1.0618
0.916707
0.918953
1.10969
0.921318
0.950522
1.10376
0.88986
1.02154
0.975824
1.22798
1.1234
0.922544
1.13859
1.13921
1.02872
0.932035
1.06652
1.06784
0.991632
0.968639
0.90388
1.03478
1.01424
0.844906
0.895342
0.906322
1.00412
1.06328
1.07034
1.07404
1.11238
0.942003
1.17176
0.883006
0.961364
0.825255
0.815048
1.02125
0.976033
1.15289
1.07439
1.01444
0.968593
1.04277
0.930079
1.0215
0.97713
0.935959
1.15442
1.02638
0.799165
0.971121
1.03583
0.913856
0.80997
0.983635
0.944621
1.06504
0.987734
1.22505
0.874702
1.00666
0.992537
1.07829
0.948858
1.06385
0.858199
1.05261
0.919269
1.02297
1.15427
0.877286
0.867353
0.956775
1.1219
1.04023
0.853313
0.879278
0.981088
0.853802
1.11125
1.02119
0.91453
1.08971
0.89642
1.08014
0.919737
0.985904
0.951284
0.725821
1.13778
0.881558
0.960371
0.803177
0.876423
0.842502
1.12352
1.02709
1.06818
1.21343
0.966088
0.936409
1.26009
1.02744
1.06178
0.824677
0.952536
0.948028
1.00346
0.980132
0.939064
0.932808
1.15462
1.08569
1.11752
1.02136
1.08473
0.917181
0.978995
0.924018
0.943503
0.941087
1.04074
1.03771
1.12013
1.00878
1.07074
1.18281
0.77985
1.04066
0.886918
1.13295
1.1266
0.809735
1.10472
1.16308
1.01723
0.814465
0.999047
1.04691
1.03993
1.01411
0.793142
1.06433
1.04145
0.989762
1.05662
0.988196
1.13951
0.89074
1.20916
1.04457
1.07434
1.00893
1.03268
1.0708
0.976837
1.21363
0.902802
0.904848
1.06701
1.18099
1.02219
0.970912
0.847285
1.08813
0.987178
0.879104
0.986653
1.0699
0.794054
0.840393
1.12457
0.953679
0.920412
0.930824
1.30902
1.00565
0.913514
0.955882
1.16813
0.877642
1.04947
0.927784
0.919912
0.875724
0.932889
0.836711
0.968738
0.980216
1.03338
1.07663
1.11732
1.28896
1.17001
1.1718
1.01251
1.02864
1.03784
1.02337
1.02747
0.896402
1.10941
1.20431
1.02736
0.901656
1.0845
1.06761
1.16428
0.997602
0.798429
1.04192
0.995973
0.970228
0.855963
1.02081
0.98856
1.05786
0.885035
1.02481
0.971191
0.924114
0.907236
1.03798
0.87439
0.829739
0.827867
1.06223
1.27987
1.04648
0.960864
1.00771
0.981635
0.926525
0.804698
1.0913
1.05505
1.07349
0.964492
1.02151
0.959377
1.13447
1.00807
0.992448
0.962184
0.858723
1.0426
0.903948
0.996811
0.963663
0.918881
1.05655
0.976872
0.799567
0.95043
0.903695
1.02457
0.975038
0.899478
0.963013
1.0869
1.01277
1.18469
0.982815
0.887444
1.07199
1.04727
1.15492
0.984054
0.93341
0.962436
1.13811
0.996592
1.01653
1.1639
0.777083
0.968414
0.812642
1.17714
1.0152
1.18912
0.836965
1.0578
1.11039
1.08437
0.984259
0.750783
1.04425
0.886929
1.00486
1.05936
0.880366
0.963926
0.880026
1.20298
1.01518
1.0516
1.03443
1.17922
0.997303
0.956326
1.03581
0.951979
1.20902
1.08926
1.00517
0.899817
0.853612
0.777152
0.863589
1.11268
1.08667
1.01247
0.94272
0.962415
0.958372
1.02713
1.00779
1.08408
0.945446
1.07537
0.998757
1.15122
1.0849
0.941975
0.921662
0.852139
1.07119
0.96938
1.10392
0.940208
1.07255
1.18021
0.977896
0.959969
1.03941
0.921872
1.07443
1.00308
0.956944
1.14832
1.09311
1.03605
1.00448
1.12564
1.15144
0.953023
0.98937
1.07129
0.872021
0.991005
0.884331
0.949367
1.09213
0.86741
1.0692
1.09132
0.914687
1.1463
0.877196
1.01152
1.06094
1.06834
1.12459
0.913448
0.95015
0.831325
1.05461
1.05118
1.0375
0.986796
0.955261
0.946204
1.05664
1.11074
1.02199
1.09489
1.28393
1.02083
1.07999
0.937417
0.867099
1.12227
0.981556
0.918343
0.990886
1.13514
0.902188
0.961239
0.900704
0.911285
1.03319
1.11101
0.952456
0.949541
1.16886
0.877097
1.00643
1.14607
0.911555
0.851214
1.05896
1.03175
0.843536
0.960486
0.821956
0.919805
0.871661
0.932325
0.904848
1.06336
0.971672
1.13404
1.025
1.05138
0.854131
0.927399
1.0571
1.09745
0.77671
0.904731
1.02335
1.03172
0.742824
1.0426
0.932055
0.971909
0.983092
0.942124
0.885948
0.996315
0.922998
0.843784
1.00374
1.00761
0.843625
1.00777
0.960662
1.30002
0.885949
1.00744
1.0786
1.12944
0.964067
1.0499
0.985255
0.859655
0.815395
1.02581
1.06162
1.04051
0.897614
0.906687
1.23702
1.02759
0.942126
1.19928
0.856413
1.00263
0.921406
1.03664
0.853244
0.827782
1.13949
1.13265
1.0777
0.932741
0.954808
0.9282
0.889538
1.03016
0.85688
1.01875
1.03811
0.970059
1.03371
0.970387
0.948318
0.942742
0.922789
0.966183
0.857364
0.94291
1.0222
1.04217
1.08472
0.969334
0.993093
1.12562
1.07682
0.948045
0.983078
1.11249
0.939353
1.16054
1.10232
0.924758
0.903485
1.00452
1.13703
0.942096
1.21154
0.739491
1.07265
1.15254
0.889305
1.07034
1.04793
0.867505
0.942141
0.971292
0.914406
1.0372
0.934189
0.787424
0.769378
0.893638
1.13207
1.04527
1.18094
1.07436
1.00487
1.06719
0.997534
0.910332
0.950294
1.02153
1.05327
1.04092
0.905287
0.943878
0.896233
1.13051
0.989355
0.910906
0.914094
0.80487
1.01933
0.912511
0.977946
0.863302
0.841266
1.12921
1.17313
0.960091
0.976675
1.16757
1.02453
1.22765
0.899291
0.923099
1.04924
0.905588
0.848952
0.951371
1.04513
1.02397
1.14471
1.04889
1.03551
1.0048
0.889504
0.894897
0.94347
1.20392
1.19404
1.12116
1.17903
0.792304
0.797713
0.962155
1.01359
1.16053
0.91635
0.854011
0.833708
1.16903
0.966898
0.966483
1.00701
1.04649
1.03716
1.0831
0.938459
1.02733
0.853552
1.05435
1.08056
0.933181
1.02695
0.978929
1.05476
1.0647
1.07293
0.942032
0.93538
1.04259
1.03786
1.00266
0.910759
1.02708
1.17031
0.94989
0.984427
1.16824
1.14271
1.23257
1.07721
1.03409
1.00471
0.923622
1.08419
0.977225
1.06802
1.06142
1.11075
1.02898
0.964028
0.86439
1.12605
1.09674
1.03461
0.916511
0.820533
0.890898
0.921808
0.996145
0.915868
1.19453
1.00935
1.00348
1.16029
0.9998
1.05818
1.12523
1.01784
1.04236
1.01139
0.917648
0.861614
1.00005
1.04313
1.00324
0.96174
0.93811
1.02609
0.795066
1.12236
0.790831
1.24922
0.894077
1.17706
0.95327
0.917034
1.05349
1.17593
1.1927
0.998094
0.953802
0.933821
1.06886
0.935759
0.896493
1.06742
1.12108
1.1022
1.07586
0.994431
0.896732
1.04892
0.843514
0.967698
0.987994
1.12548
1.10742
1.04648
1.02531
0.909446
0.948073
1.00739
0.941823
1.01817
0.960515
1.1257
1.0101
0.99354
1.02833
1.04714
0.891957
1.03357
1.10502
1.01516
0.942311
0.995075
0.974907
1.02645
1.03385
1.03191
1.157
1.09598
1.28876
1.01754
1.08407
0.93824
1.01782
0.846631
1.0718
0.982411
1.10001
0.816253
0.97915
1.14803
0.845792
1.05428
1.06098
0.970065
0.970905
0.955714
0.859679
0.948821
0.991347
0.938142
0.88119
0.979278
0.881345
0.804094
1.09379
1.32295
1.03602
0.95663
1.18188
0.94813
1.19761
0.937868
0.948259
0.976337
0.91471
0.858783
0.977951
1.22052
1.08888
0.948478
1.02552
0.987422
0.954902
1.00593
1.17106
1.04436
0.932249
0.872949
0.92801
1.04189
0.938514
1.07853
0.824077
0.936904
1.12361
1.02151
1.14504
1.0144
1.01872
0.941713
1.03888
1.06106
0.882569
0.937218
0.867763
0.99716
0.964714
0.85742
1.01988
1.03342
0.980827
0.949805
0.882956
1.14114
1.00493
0.952397
0.919754
0.880557
1.12656
1.05976
1.13989
1.04456
0.886189
1.00206
1.05356
1.00679
1.03907
1.05418
0.996816
0.841729
1.18336
1.01809
0.917978
0.994989
1.22113
1.00367
0.956008
0.950795
0.971493
0.962931
0.976756
0.900255
0.988983
0.866238
0.94766
1.03923
1.08323
0.992682
1.08569
1.13621
1.13176
0.978392
1.17062
0.973284
0.985951
0.893636
0.868196
1.10708
1.05662
1.00762
1.01095
1.06133
0.956736
1.02158
1.01507
0.914704
1.01862
1.05127
1.06999
1.17262
0.942592
1.17303
1.11765
1.04925
0.828718
0.987071
1.02642
0.894787
0.932281
0.892148
0.920463
1.0474
0.898709
0.903332
1.18339
0.99439
0.973452
1.10313
1.06699
1.04223
1.07621
1.01203
1.01949
0.862808
0.861518
0.891477
1.21587
1.03057
0.972387
0.933647
1.11175
0.917001
0.875417
0.903071
1.04401
1.14868
0.982371
1.01159
1.03048
0.979172
1.0236
0.85216
0.948277
1.22155
0.907539
0.94231
1.06293
0.858468
0.962209
0.928534
1.02393
0.83284
0.94175
0.882409
0.830131
0.976758
0.882683
0.902757
1.13617
1.01327
0.967328
0.785475
1.02536
0.952636
0.900508
0.88893
1.00506
0.915446
1.22952
1.05197
0.953083
1.11051
0.98421
1.032
1.01624
0.959967
0.824505
0.954491
0.986463
1.02955
0.885287
0.927853
0.948317
1.03814
0.963443
1.00174
0.989237
1.17068
0.817309
0.969121
1.18839
0.934917
1.01624
1.04178
0.902402
0.918272
1.07184
0.983679
0.962254
1.17165
0.944861
1.02864
0.876956
1.19127
0.820617
1.03707
1.07533
1.18677
0.879196
0.954904
0.943253
0.98161
0.927651
0.962019
0.949104
1.07909
0.919385
1.00782
1.00568
0.980764
0.821825
1.11914
0.827298
1.03063
1.06613
0.973275
1.00631
0.992984
0.842004
1.02656
1.01002
1.14461
1.00662
0.884186
0.922423
0.921671
1.03882
0.801301
0.924893
0.964597
1.17184
1.04325
0.9253
1.16778
0.808239
0.965388
0.936125
0.991182
1.19114
1.0779
0.886664
1.01993
0.869678
0.792795
1.15633
1.08323
0.931021
1.06419
0.966019
0.990316
1.0821
0.959285
1.15244
0.883131
1.11415
1.09445
1.11699
0.917198
1.02719
1.0366
0.867434
1.01071
1.16162
0.969178
1.03728
1.0156
1.12284
0.811828
0.968162
0.90428
0.859726
0.874788
1.21986
1.06883
1.091
0.870523
0.921348
1.08769
0.969972
1.01013
1.04652
0.922081
1.02518
0.923721
1.01409
1.05448
0.941442
0.86657
0.965681
1.04317
1.21105
1.00721
0.949433
0.908895
1.03165
1.05043
1.05441
0.969455
0.907636
1.08431
0.936679
0.860858
1.10854
1.08606
1.07419
0.926902
0.914704
1.03219
0.937137
0.955104
1.08523
1.10827
0.946629
0.946011
0.984154
0.982831
0.831466
1.1682
1.21964
1.00389
0.873601
1.09611
0.982862
1.01107
1.13545
1.07435
0.894631
1.02274
0.967373
0.96153
1.13205
1.03204
1.05162
1.11834
0.874527
1.05666
1.02927
1.18593
0.968028
1.03769
1.07465
1.03622
1.15795
1.11963
0.970184
1.03284
0.903564
0.940528
0.994805
0.986758
1.08331
0.995245
0.992064
1.11616
1.02527
1.11774
1.10605
1.03349
0.945159
0.998896
0.847904
1.05966
1.0623
0.882325
1.0199
0.908956
0.846563
0.854761
0.972392
0.850306
1.14014
0.962478
1.05672
1.05431
0.985297
0.830077
0.869935
1.05921
0.970648
1.09258
0.941907
1.06811
0.937844
0.998912
0.83702
1.06018
1.01357
1.16328
1.03232
0.93036
1.11136
0.947895
1.03254
0.969338
1.15065
1.06648
0.999723
1.11312
0.811871
1.21473
0.93569
1.02404
0.824284
1.2787
0.873929
0.9111
1.06085
1.02093
1.10376
1.20024
1.03414
1.21797
0.828411
0.957609
1.07174
0.951092
0.945464
1.0532
0.915719
1.00396
0.936349
1.25129
1.15173
1.05134
1.01911
1.07846
1.02342
0.788596
1.19002
0.781531
1.09911
0.753828
1.0879
0.890039
1.00411
0.869909
1.09399
0.925155
0.904019
0.953881
1.13785
1.01344
0.898418
1.01882
0.860268
1.04308
1.19352
1.06607
1.19169
0.988776
1.00024
0.892774
1.24588
0.782812
0.926859
1.01362
1.21417
0.797922
1.04696
1.12048
0.920979
1.11918
1.35908
0.887378
1.14556
0.930874
1.1591
1.02092
0.976764
1.0503
0.756576
0.969596
1.01985
0.999871
0.975806
1.04973
1.0959
1.05723
0.896867
0.973925
1.08449
0.876409
0.862378
1.07864
1.03702
0.920821
0.976968
0.931227
0.908495
1.05697
1.00761
0.974409
1.07498
1.03827
0.947899
0.744005
1.00082
1.05692
1.08807
1.04978
0.847451
0.968303
0.904069
1.07765
0.90588
1.11286
1.04407
0.866685
0.926087
0.948012
1.00337
0.946196
1.06983
0.98807
1.19473
1.14492
1.01175
0.906029
0.977464
0.909234
0.994883
1.11495
1.07339
0.982163
1.03622
0.942115
1.02483
0.99554
1.06414
0.935041
0.93831
0.904007
1.21601
0.974729
1.00695
0.863549
1.10649
1.01387
1.17689
0.944174
1.04278
1.04603
1.12537
1.01658
1.01573
1.08625
0.830343
0.995602
0.946374
1.0438
0.943509
1.01584
1.03086
1.15268
1.12349
1.08613
0.953098
0.951838
1.07038
0.954318
0.937719
1.1225
0.982692
0.944069
0.842202
0.93723
0.863321
0.983863
0.979874
0.855241
0.925882
1.06515
0.960762
0.981178
1.17865
0.972316
0.892779
1.00141
0.97126
0.81907
1.01477
0.969037
1.05835
1.00494
0.884242
1.17434
0.979327
0.919064
1.0051
1.04072
1.02019
1.05447
0.988127
1.09994
0.981993
0.909658
0.989609
1.09197
1.05624
0.931178
1.04546
0.905356
1.209
1.20414
1.11375
0.962928
1.05122
0.9433
0.988503
0.935803
0.890484
1.18319
1.11694
1.02851
1.01336
1.03293
1.01816
0.976411
1.34842
0.943029
0.926878
0.926699
0.965309
0.857501
0.875829
1.17056
1.14317
1.08997
0.827334
0.872746
1.18801
1.10166
1.03354
1.09521
1.20931
1.20262
0.9855
0.969583
1.05026
1.00073
0.937609
1.10761
1.10045
0.994849
1.03431
0.880193
0.809193
1.09071
1.07253
0.960905
0.944036
0.878871
0.854858
1.23349
1.25158
0.907953
1.00492
1.10833
1.00433
1.1779
1.12147
0.866515
1.0255
0.957979
1.1927
0.977453
0.979349
1.08849
0.895962
0.892545
0.87224
1.23148
1.08842
1.04521
1.00237
1.14477
0.947184
1.13755
1.01873
0.909232
0.886814
0.906846
0.970619
0.838077
0.726938
0.874119
1.03492
0.873053
0.809534
0.93158
0.881371
0.945877
0.999629
1.01166
0.991686
0.964481
1.05272
1.03437
0.86249
1.05407
0.968882
0.901135
0.902119
0.994007
0.880718
1.19764
1.0853
0.935941
1.06266
0.782191
1.06695
1.10927
1.0027
0.920468
0.95091
1.06329
1.04948
0.945829
0.975578
0.961703
0.998624
0.909974
0.996773
1.07858
0.992823
1.08233
0.887532
0.869343
1.10258
0.993883
0.997129
0.97003
1.03314
1.17103
1.07274
1.01891
0.859292
1.02781
0.759986
0.997331
0.921235
0.969346
0.917448
0.971866
1.16549
1.05146
1.04563
0.959007
0.951415
1.06041
1.12951
0.910384
0.908346
0.976592
1.11919
0.918208
1.07654
1.13505
1.0247
1.05619
0.937425
1.12083
0.895164
0.837745
0.800187
0.838306
0.921131
0.954668
1.07848
1.16738
0.901627
1.10484
0.975209
1.09451
0.994842
0.885113
0.982476
0.916187
1.14524
1.04636
0.969537
1.18695
1.14526
0.985315
0.838913
1.15558
0.9694
0.964664
0.985504
1.07167
0.938919
0.94471
1.08054
1.07389
1.02859
0.914606
0.970511
1.03651
1.12577
1.08562
1.03348
0.899719
0.933123
0.939735
0.964452
0.79778
0.876123
0.942091
0.93273
1.04032
1.06951
0.825987
1.00415
0.773351
0.862393
1.0134
0.945871
0.926187
0.968083
0.980085
0.993601
0.838267
1.23173
1.01783
0.881879
0.874061
1.2288
1.00355
0.939126
1.00284
1.01846
0.803598
0.93511
1.05044
1.04577
0.922068
1.01049
0.909806
0.965121
1.00162
0.998739
1.00403
1.09265
0.967623
1.05648
1.08195
1.0119
0.902079
1.2013
1.17464
0.921732
1.05175
0.976317
0.854744
0.996825
1.07239
1.08014
1.00962
1.03218
1.19444
1.07746
1.07158
0.916606
0.993497
0.84211
0.926505
1.05698
0.925404
1.0774
0.809163
1.08506
0.953891
1.1933
0.869282
1.03078
1.16834
1.04439
1.08416
0.853186
0.984567
0.730037
0.99829
1.03105
0.992388
0.810278
0.928857
0.919289
1.0185
0.826716
1.14614
0.974729
1.02599
1.08353
0.97911
1.0567
1.16168
1.18044
1.01247
1.09523
1.04464
0.870579
1.00073
0.886396
0.89588
0.905393
0.914883
0.919565
0.938506
0.949159
0.98155
0.957125
0.883282
0.988949
0.995899
1.00695
0.856943
0.912296
0.921611
0.940436
0.972642
1.0452
1.07418
0.795898
0.921673
1.03138
1.008
0.994475
1.01388
0.894073
0.77411
1.12361
0.990983
1.07092
0.993615
1.18573
0.915051
1.16011
0.95052
0.999883
1.15513
1.13757
0.990785
0.934541
0.826741
0.885512
1.01132
1.14481
0.937227
0.973225
0.964302
0.952838
1.13772
0.998792
1.10315
1.01387
1.02278
1.19094
0.959188
0.973472
0.857213
1.09081
1.23278
0.963701
0.902845
0.881891
0.948381
0.965646
1.07616
0.958628
0.992323
0.926099
1.06253
1.06742
1.05459
0.890973
1.0005
1.04697
0.93654
1.14471
0.987808
1.0513
0.960548
1.0301
1.04266
0.874741
1.04871
0.972081
0.93354
0.843048
1.00025
1.10135
1.1327
0.911288
1.08136
1.3301
0.982687
1.01301
0.981477
1.14062
1.01475
0.890806
1.02778
0.908767
1.05139
0.929665
0.980812
0.914913
0.910652
1.08656
0.989695
1.02768
0.895468
1.10425
0.90812
0.927809
0.961982
1.03395
1.00751
0.799973
1.00431
1.02741
1.11968
1.30572
0.987562
0.952355
1.00624
0.945232
1.0328
1.03315
1.09633
0.984457
0.99944
1.13278
0.810501
1.01301
1.16974
0.858046
1.13427
1.16319
1.15158
1.20307
0.893643
0.878281
0.848973
1.09252
1.12402
0.920608
1.12059
1.05212
0.968905
1.07924
1.0075
0.977911
0.967682
1.09403
0.834203
1.16598
0.927544
1.01627
1.11281
0.990429
0.992005
0.906273
0.973223
0.895423
1.12782
1.16483
0.981917
0.837487
0.906198
1.02918
1.00547
1.01043
1.02035
1.16275
1.02357
0.967493
1.03989
0.907711
0.89349
0.908273
1.14271
0.895852
1.0047
1.11358
0.915392
0.885018
0.989823
1.04768
1.13415
1.11776
1.08238
1.23771
0.989362
0.971202
0.880597
0.890432
1.10666
1.03361
0.901764
1.05963
1.02863
0.947981
0.938654
1.05214
1.12297
1.02087
0.820751
0.923632
0.994513
0.972074
1.03717
1.03413
1.07169
0.95202
1.03619
1.03489
0.907099
1.08189
1.05827
1.13123
0.981638
0.975307
0.8514
0.911368
1.16508
0.985963
0.868674
0.978982
1.12745
1.08326
1.19033
0.978841
0.869615
0.983876
0.944775
1.0472
1.04341
0.981802
0.957743
1.05211
1.04622
0.978441
1.01182
0.943835
0.995879
0.998678
0.908922
1.04767
0.989773
1.23175
0.967492
0.84439
0.986414
0.850961
0.959529
1.1144
1.10698
1.03147
1.10282
1.04394
1.08385
1.03812
0.920868
1.04135
0.946417
1.03693
1.08093
1.05879
0.786988
0.852612
0.962829
1.05677
0.958434
0.982197
1.18699
0.913667
1.08823
1.07474
0.923321
0.953021
1.01224
0.903804
1.08931
0.923051
0.909731
1.20228
1.08345
1.01366
0.88686
0.995889
0.956245
1.05044
0.946357
1.06499
0.973662
0.987663
1.14097
0.999537
0.825294
1.06439
0.948929
1.11429
1.18046
1.01694
0.915981
1.03287
1.25832
1.19948
1.15832
1.10424
0.839765
1.00265
1.07445
1.10328
1.23291
0.942386
0.865677
1.01484
1.04533
1.02992
0.980497
1.04812
0.846232
0.972783
0.989499
1.19933
0.911452
0.882893
0.974806
1.00068
1.03814
0.968684
0.986157
1.29255
1.03073
1.24233
1.11815
1.07766
0.973116
0.948507
0.916115
0.964807
1.0012
1.11376
0.963739
0.997161
0.87299
1.01397
0.871659
0.95252
1.05186
1.37893
0.978057
1.0713
0.904678
1.15609
1.03394
0.996464
1.03342
0.851258
0.990964
1.15266
0.903097
0.855939
1.11296
0.920244
0.899164
1.0016
1.07689
0.972938
1.15633
1.02786
0.798794
0.880771
1.1762
1.01268
0.903634
0.966295
1.01725
0.835004
0.988277
1.03797
1.14789
1.1157
0.974821
1.04214
0.965543
1.0801
0.985908
0.949559
1.08486
0.947085
0.990748
0.868688
0.960144
0.805986
1.08552
1.09094
0.925913
0.960028
0.917467
0.97365
1.03849
0.868439
0.925478
0.984165
1.09208
0.994823
1.19952
0.949351
1.0271
1.08837
0.958465
1.20065
1.19159
0.944804
0.819118
0.945307
0.973995
1.01182
0.990759
0.934666
1.09762
1.06647
0.842498
0.979684
0.99788
1.12309
1.00491
1.10668
1.04334
1.0305
1.17531
1.16291
0.904842
1.01895
1.03604
0.985228
0.930811
0.886123
0.828375
1.0391
1.05615
1.12588
0.768817
1.22053
0.842103
1.14293
0.873668
0.890386
0.902762
0.942356
1.01813
1.2087
0.804128
1.08756
1.00425
0.838234
0.914252
1.0148
0.978212
1.02047
0.995121
1.03928
0.99924
1.26103
0.975079
0.87273
0.96343
1.01878
1.06711
1.12977
1.0302
0.976221
0.97133
1.03481
0.97984
0.920878
0.843763
1.03116
1.1035
1.10125
0.934476
1.0569
1.03504
0.916382
1.01908
0.934184
1.05669
0.942521
0.884211
1.01617
0.814796
1.01678
1.14032
1.03208
0.978028
1.08123
0.955556
0.852418
0.932135
1.01841
0.932621
0.889284
0.971258
0.9093
1.02728
1.0572
0.920058
0.999078
1.2888
1.12665
1.12627
1.09092
1.06098
1.01223
0.923643
1.08988
0.97569
1.00682
0.997585
0.907538
0.846177
0.965404
0.98602
1.02334
1.03766
1.01652
0.91103
0.901926
1.00088
0.88308
1.05512
1.02189
0.982321
1.14043
1.17471
0.96352
1.04439
1.10004
0.854956
1.07522
1.01059
0.939813
0.831546
1.11695
1.02173
0.829201
0.920785
0.971475
0.946598
1.179
0.919409
0.944619
1.10724
0.946075
0.974508
1.07353
1.29525
0.943095
0.969867
0.922409
0.951946
1.1037
1.11765
1.07443
0.901364
0.933276
0.849102
0.970327
1.10234
0.986434
0.935572
0.803788
1.28422
1.0053
0.91294
0.972292
0.890751
1.06259
0.933915
0.976209
1.1197
0.917555
1.0405
0.951078
1.18203
1.03515
1.00914
0.79624
1.07302
1.11742
0.926153
1.17275
1.11016
0.799866
0.908776
1.03815
0.78415
0.923851
1.10007
1.31755
1.16751
1.23756
1.1225
1.02604
0.908314
0.762163
1.03051
1.01037
1.12979
0.986179
0.981981
1.0255
0.962356
1.14655
1.14203
1.05108
0.999266
0.90613
1.08611
1.05003
1.15952
0.978452
0.982052
0.915509
1.15957
0.84537
0.939841
1.20396
0.978426
1.16472
1.07897
1.1081
0.958242
1.00111
1.07822
1.00091
1.09751
1.03113
1.05289
1.05254
1.24723
1.07999
1.05505
0.877392
1.01376
0.929835
1.08975
1.06943
1.0738
0.990227
0.866181
0.811125
1.1492
0.851139
0.940494
1.00383
0.993232
0.862974
1.007
0.992079
1.09173
0.933629
0.87673
1.04273
0.997157
1.13321
0.877937
1.23838
1.06767
0.968895
1.12841
0.926107
0.962636
1.0244
1.0172
0.97354
0.947189
0.985047
0.992426
1.06204
1.05282
0.970586
0.997538
0.989476
1.10025
0.998824
0.941899
1.11731
1.04785
1.05612
0.91647
1.11383
1.13498
1.12193
0.883724
1.08167
1.0316
1.01878
1.06648
1.08394
1.12277
0.939264
1.11511
0.936841
0.840128
1.02965
0.940244
0.948234
1.09119
0.952525
0.948014
0.973882
1.07337
0.960818
1.01025
0.852072
1.02071
1.00888
1.21174
0.904917
0.959559
1.09492
1.01497
0.943275
0.969836
1.1124
1.02132
0.988304
1.00227
0.970223
1.0423
0.952696
0.969023
1.06153
0.856245
0.883614
1.00874
1.02677
0.791523
1.00359
0.956778
1.02005
1.05899
1.15874
1.0704
0.905883
0.941118
0.904475
1.06128
1.26438
0.895424
1.01928
0.934384
1.08034
1.08303
0.927214
0.920592
1.05901
0.999739
0.922613
1.15812
1.0029
1.11281
1.17144
0.992045
1.16725
0.985943
0.846759
1.03971
0.990896
0.867572
0.922978
1.06616
0.946972
1.04266
0.98706
0.929264
1.02085
1.04885
1.06801
0.97814
1.05581
0.957559
0.983813
0.899579
0.93347
0.909121
1.06885
0.798074
1.13516
0.934969
0.89458
0.971002
0.926321
1.03137
0.95422
0.899674
0.825835
1.15936
0.960744
1.08259
0.977425
1.11148
0.906973
1.02367
0.954704
1.06562
0.937769
0.970825
1.11244
1.09914
1.21534
0.966204
0.912246
1.01896
1.00914
1.08474
1.00773
1.03043
0.905233
0.830531
1.08623
1.00042
0.872732
0.913538
0.842453
1.10009
0.928244
0.983305
0.965558
0.90965
0.900353
0.789759
1.09857
1.02282
1.03101
1.0035
0.772264
0.912036
0.942308
0.95881
1.0391
1.04854
1.06533
1.00952
1.07059
1.04171
0.930179
0.949921
0.977697
1.03165
0.897608
0.975224
0.769142
1.15286
1.02086
0.886815
1.00931
0.970933
0.994191
0.964635
1.11325
0.989397
0.934085
1.02615
1.08899
0.830218
0.847353
1.11491
1.04327
1.28588
1.15838
1.00888
0.895575
0.896399
0.909222
1.02504
0.857254
1.06333
0.84019
0.911536
1.06915
1.02014
1.0562
0.941947
1.14143
1.03215
1.09871
1.05355
0.984235
0.965593
0.974597
1.00208
0.933678
0.825109
0.986732
0.998251
0.990105
1.09126
0.908594
1.04584
1.02738
1.01526
0.967579
0.967294
0.936433
0.894672
0.978997
0.981391
1.06162
1.02995
1.13758
0.946673
0.964993
0.903688
0.904719
0.844464
1.08238
0.894299
0.963359
1.02742
1.03707
1.13259
1.0138
1.12006
0.970518
0.964066
1.17949
0.805822
1.11327
1.01479
1.0493
1.14922
0.943933
0.879794
0.887886
0.823166
1.17554
1.17804
0.953347
1.0003
0.846106
0.898493
1.18821
0.946833
0.971881
1.02403
0.932005
0.938616
1.14256
0.914533
1.19198
0.883785
0.99866
0.895355
1.09655
1.02132
1.05413
0.957375
0.962048
0.907062
0.996375
1.11148
0.934744
0.980484
1.11698
0.941402
1.01238
0.985866
0.989507
0.882447
0.95917
1.00737
1.06398
0.843856
1.02033
0.941409
1.0426
1.0231
1.00569
0.966689
0.982687
0.912022
1.04054
0.990856
0.864216
1.07579
1.18616
0.96175
0.937493
1.01554
0.957954
0.886059
1.03557
0.993579
1.072
0.981446
1.09251
0.904696
0.950141
0.97731
1.08946
1.09734
0.975845
0.917799
1.07193
0.957284
0.957844
1.24352
1.07252
0.938025
0.955548
0.994796
1.16174
1.07863
1.12694
0.983221
1.08634
1.01123
0.939687
0.816434
0.849385
0.957241
1.18809
1.11386
0.952381
0.907884
1.12111
0.78267
1.0068
0.91884
1.02141
1.00781
0.920783
0.899853
1.02786
1.0299
1.05372
1.13177
0.980647
0.874333
0.934341
0.83589
1.24798
1.20195
1.13949
0.955084
0.922914
0.898385
0.91487
1.02431
1.16518
0.88889
0.962869
0.950985
0.995496
1.02574
1.00476
1.12863
1.00407
0.905196
1.03344
0.925894
1.06543
1.1848
0.926595
1.0437
0.991199
0.868734
1.09469
1.22761
1.03436
1.03502
1.01153
1.08934
0.940711
0.954197
0.971598
0.822678
1.00884
0.9712
0.954261
1.02652
0.986841
1.10161
1.06285
1.04508
1.0113
0.84568
1.14035
0.944834
1.03595
1.04401
1.04964
0.97286
1.07858
0.910898
1.00761
0.986222
1.01496
1.07678
0.869519
0.860066
1.13788
1.11292
1.00737
1.03562
0.880722
1.0558
1.21175
0.875764
0.949902
0.953072
1.00831
0.931842
0.971552
1.00294
0.781931
0.864186
0.959103
0.998052
0.893458
1.20965
0.879769
1.14692
1.1004
0.898874
0.889681
1.1569
1.12574
0.970434
0.924011
0.854275
0.944721
0.926829
0.989783
1.15353
0.990874
0.991637
1.00755
0.934321
1.10477
0.892993
1.05704
1.13216
0.914654
1.02449
1.05187
0.9689
1.05317
0.926261
0.977939
1.05101
1.06306
1.06069
1.02846
0.982303
0.933551
0.88794
0.999047
0.971947
0.811556
0.993587
1.0418
1.03408
0.848373
0.962585
1.10255
1.13315
0.946474
1.0255
0.758541
0.883869
1.06158
1.04243
1.15566
0.915967
1.22464
1.15818
1.10173
1.09899
1.12851
1.08965
0.903671
0.817682
1.10693
0.921194
0.983631
0.863443
0.866079
0.982695
1.06406
1.00719
0.914808
0.993634
0.988811
1.20659
1.02657
1.09964
1.00379
0.938325
1.38037
1.12173
0.902265
1.05142
0.999861
1.03046
0.887957
0.986203
0.85215
0.902966
0.88943
0.987356
1.01546
0.921229
0.930886
0.928916
0.879919
1.09374
1.04446
0.973105
0.975258
1.10633
0.930488
1.01713
0.907662
1.04348
1.01643
0.995258
0.889925
1.09576
0.964147
1.03972
0.896336
1.1069
1.00893
1.09139
0.991854
0.998877
0.925673
1.05722
0.977766
0.982964
0.866717
1.08058
1.10879
1.06867
0.947002
0.852969
0.878793
0.826889
0.96783
0.842847
0.917012
0.971645
1.00922
0.861244
0.993995
1.03185
1.09511
1.0532
0.963235
1.0217
1.04827
1.16288
0.995568
0.915369
0.886057
1.05893
1.0149
1.11174
1.03925
1.03036
0.959088
1.07007
0.862603
1.00385
1.0265
0.987359
0.860901
1.13016
0.98405
0.994676
1.24106
1.13649
0.930655
1.14926
0.883363
0.831808
1.03454
0.950763
1.01672
1.1332
1.16735
0.909979
0.854228
1.02542
0.873235
1.07289
1.07229
0.993583
0.870538
0.897863
0.863305
0.915203
1.13216
0.974338
0.924888
1.01861
0.930669
0.83648
1.05554
1.04618
0.95912
0.954818
1.04602
0.955278
0.896183
0.943364
0.986941
0.919612
0.826128
1.10468
0.901346
0.959582
0.991018
1.00967
0.929795
0.956299
1.01741
1.01056
0.939196
0.997788
1.02964
1.03043
0.985641
0.944746
0.94675
0.895537
1.07623
1.08007
1.01944
1.03887
1.15718
1.12224
1.02813
1.07697
0.926089
0.978415
0.964474
0.830696
1.0468
0.936574
0.838523
0.985283
1.11556
1.18753
0.996471
0.91231
0.825688
1.05085
0.81497
0.849936
0.829109
1.30034
0.932057
1.05008
0.829298
0.984681
1.21296
1.05556
0.910317
1.2063
0.905997
1.14219
0.889544
0.89668
1.02747
1.20575
1.06114
0.807275
1.09936
1.28093
1.18643
1.03235
1.00669
0.902527
1.05252
0.843698
0.970456
0.935506
1.20089
1.03386
1.21181
0.953963
1.08891
1.03679
1.04181
0.866865
1.03958
0.934485
0.954582
1.10795
0.97917
1.14559
0.995083
1.10082
0.84581
0.974262
1.05601
1.04173
0.832071
1.12581
1.06735
0.946137
0.97238
0.951696
1.02876
1.03678
1.01362
0.868618
0.970489
0.757782
1.01554
1.13758
0.959261
0.973103
0.942425
0.988707
1.04696
1.10862
0.914189
0.964845
0.989174
0.948112
0.990525
1.13312
1.12268
0.961276
0.950925
0.822384
1.04514
0.94957
1.17735
1.19051
0.981122
0.945436
0.926305
1.10395
0.814522
1.12137
0.949281
0.909744
1.12451
1.00217
0.885835
1.17516
1.13846
0.922769
0.861217
1.04007
0.958185
0.973824
0.968657
1.11684
1.1751
1.15533
1.07846
1.05708
1.01379
0.870296
1.09438
1.03643
0.939355
1.09892
0.959599
0.973335
1.21154
1.01516
1.00241
1.05736
0.914693
0.982117
0.942163
0.977726
0.917485
0.886025
1.12935
0.997106
0.99613
0.939973
1.12857
1.03585
1.0466
0.94329
1.07049
0.979508
0.835018
1.00122
1.11395
1.00249
1.02267
1.21725
0.918545
0.966407
0.89552
1.00232
1.05192
0.923916
1.02689
0.961342
1.14251
0.844089
1.1073
1.03424
1.04427
0.970021
1.04658
1.02823
0.741836
0.874154
1.11731
1.08062
0.878809
1.07231
1.08408
0.95084
0.884314
0.967659
1.0471
0.83439
1.006
0.845464
1.04963
1.10943
1.0042
1.10216
1.27049
0.970519
1.0003
0.997231
1.04793
0.918637
1.11565
1.15783
0.983693
0.996607
1.02941
1.17169
0.947948
1.0637
1.10943
1.15766
1.08316
0.937399
1.02898
1.03392
0.989396
0.941633
0.859111
1.0746
1.13688
1.07697
0.998716
1.13378
1.05883
1.11889
0.889283
1.08846
0.959013
1.05017
0.919748
0.893518
1.00003
1.23034
0.942229
0.935805
0.99874
1.10171
0.897103
1.08533
0.873149
0.709429
0.940034
1.09579
1.04667
0.943564
1.02973
0.924652
1.00488
0.932546
0.944675
0.994472
0.842687
0.964778
1.03092
1.15468
0.965742
0.913483
1.01844
1.10358
1.11229
1.11491
1.023
1.14735
1.08299
0.975582
1.20551
0.889263
0.927804
0.906641
1.07909
1.17463
0.878606
1.15866
0.876742
0.889695
1.03488
0.929012
1.14437
0.90409
1.279
0.856438
0.952548
1.07847
1.02588
1.10426
1.10404
0.975766
1.01374
1.00797
0.854359
1.06513
0.882823
1.00115
1.02424
1.0408
0.957186
1.12311
0.972881
0.878311
0.95401
1.00313
0.772275
1.07767
0.95289
1.05923
0.945054
0.895005
1.00333
0.936901
0.903337
0.985979
0.933003
0.938617
0.931514
1.01566
1.07715
1.08836
1.04112
0.998702
0.924428
1.06067
1.02582
0.905348
1.15375
1.01152
0.952077
1.10763
0.920077
1.13068
0.949342
0.980342
1.33637
1.05287
0.834753
1.21393
1.08466
1.02496
0.94497
1.02875
0.877505
1.03616
0.98893
1.00743
0.989917
1.00655
0.828276
1.1678
0.918299
0.997654
0.892075
0.845265
0.974104
1.08878
1.06804
1.03159
0.867977
1.08701
1.1107
0.993884
1.00121
0.990565
1.14406
1.08843
0.935751
0.967647
0.898619
1.00083
0.913653
0.900579
0.939245
0.864703
1.01027
1.13429
0.963266
0.96731
0.894845
0.924094
0.808738
0.923557
0.971226
1.09745
0.91473
0.960283
1.04091
1.11388
1.00905
1.17736
1.0073
1.14573
1.03151
0.825739
0.909901
1.0938
0.947662
1.13306
1.08459
0.901203
1.0548
1.13812
1.08544
0.930675
1.07166
0.910144
0.923552
1.08225
0.910201
1.01867
1.02555
0.971944
1.00029
0.838665
1.11702
1.06851
1.00463
0.997501
0.887269
0.90594
0.978513
0.88086
0.884562
1.02101
0.910336
0.946172
1.10457
1.14391
0.941706
1.0324
0.930166
0.995555
0.982828
1.07659
0.818019
1.10836
0.806085
1.05364
1.07809
0.991638
0.978938
1.07177
1.09959
0.964702
0.883801
0.865207
1.0379
1.11823
0.984602
0.972391
0.910668
1.02365
1.07248
1.01602
0.88629
0.881276
1.00639
0.819461
1.12157
0.975339
1.13259
0.839661
0.940777
1.19094
1.09232
1.03979
0.994744
0.899775
1.08578
0.884265
0.971592
1.103
1.04254
0.974343
1.12389
1.09588
1.01355
0.972743
1.02039
0.822551
1.06975
0.929309
0.979324
0.937089
1.22955
0.968941
1.1678
1.06027
1.04852
0.845044
0.809165
1.26466
1.0594
0.958818
1.17768
1.03849
1.27629
1.03945
1.07632
1.15693
1.00177
1.02672
0.96843
0.869507
1.01221
1.03784
0.847766
0.884603
1.07585
0.918786
0.913742
1.10744
0.910925
1.12115
1.05703
0.88121
0.896142
0.998179
0.949031
1.06743
1.22691
0.843285
0.823513
0.880431
0.946661
1.0369
0.824752
0.925672
1.12105
1.08128
1.02953
0.990436
1.06575
1.07822
0.892317
1.03296
0.88148
1.0382
0.845554
1.11393
1.03425
0.847575
0.984061
1.18066
1.07879
1.00576
0.909965
1.11866
1.0253
1.06738
1.07295
0.905268
1.26576
1.11156
1.0959
1.08053
1.04737
0.965151
1.15851
1.0752
0.865938
1.00833
0.955734
1.11204
0.89171
1.0509
1.10248
0.875175
0.898251
0.891787
1.02437
1.05843
0.983518
0.971618
0.994618
1.05275
1.12291
1.05416
0.920022
1.13641
0.877929
1.10691
0.966357
1.00954
1.08428
0.956919
0.834669
1.02585
1.07212
1.10223
0.879831
1.10853
1.05111
1.12917
1.27238
1.07966
1.0778
0.860766
1.04117
1.20255
0.937931
1.0287
0.992155
1.08198
1.03345
1.04751
0.876478
0.886659
1.00153
0.915531
1.03216
0.952777
1.00401
0.891107
1.03223
0.8237
0.925059
0.933639
0.995511
1.01746
0.949074
1.1371
1.01895
1.01608
1.01301
1.21343
1.03267
0.985641
0.919364
1.07652
1.0261
0.932081
1.02494
1.17219
0.994291
1.01091
0.911323
0.845915
0.944893
0.991301
1.0282
0.970026
1.02809
1.2443
1.0285
0.882507
1.00037
1.03163
0.89512
1.00766
1.21594
1.2149
0.892327
0.994689
0.916096
0.94328
0.895437
0.986937
0.928054
0.952465
0.921819
0.991062
1.02312
0.911698
1.04215
0.92437
1.0144
1.05388
0.931204
0.724939
1.0537
0.869777
1.09107
0.964687
0.783607
0.951179
1.046
1.11196
0.997359
0.940947
1.00379
1.02832
0.754308
1.10012
1.14287
0.818014
1.06637
1.21538
0.969655
0.973568
1.10892
0.988104
0.970967
1.01295
0.934992
0.875498
0.879245
1.00512
1.23444
0.974378
1.00024
1.02832
0.983674
0.913473
1.03856
0.993013
0.996227
1.08305
0.88651
0.988775
0.987768
1.15933
0.925211
1.02245
1.0313
0.929748
0.965825
0.824691
1.04851
0.894258
1.02025
1.45452
1.06749
1.00656
0.866823
0.888174
0.961001
1.07389
0.947883
0.913271
0.955224
0.875334
1.10796
0.949826
0.946453
0.934329
1.05816
0.952033
1.162
1.04349
0.974953
1.06385
1.0684
0.800799
0.999725
1.04197
0.919256
0.862508
0.887871
0.864106
0.912788
0.933611
0.92008
1.00087
1.05718
1.20173
1.02594
0.844052
0.880218
1.11081
1.17654
0.936299
1.02372
0.991626
0.91419
1.00497
1.00841
0.798801
1.01435
0.82285
1.08031
0.928032
0.99662
1.13962
1.12377
0.832914
1.05696
0.864548
1.09974
0.990322
1.01231
1.05333
1.0375
0.934009
1.11994
1.07247
1.05022
0.847169
0.899854
1.09158
1.20607
0.985296
1.21153
1.01393
1.16837
1.15439
0.94336
1.04226
0.961601
1.05537
0.922715
1.01842
0.925283
0.880924
1.06754
0.990819
0.924253
1.18158
0.998983
1.03102
1.05983
0.927857
0.925636
0.91021
0.951298
0.985913
1.10974
0.902911
0.939705
1.16447
0.90816
0.958967
1.12522
1.1316
1.0103
0.878579
1.03977
1.05642
0.890779
0.910051
1.13539
1.07701
1.03899
0.909569
1.07149
1.21673
1.17842
0.97789
0.935708
0.913872
0.950921
0.96029
0.972271
0.976772
1.14649
0.803153
0.973064
0.85702
0.849943
1.06192
1.06563
0.786327
1.0024
0.978554
0.813587
0.974104
0.937573
0.973832
1.03059
0.968816
0.899885
0.985684
0.744797
1.00945
0.828861
0.970307
1.09228
0.997149
0.985896
0.804129
1.04043
0.887099
1.04238
1.00112
1.04665
0.982257
1.0971
1.03891
1.08295
0.940244
1.11721
1.03452
1.02952
1.12151
1.03738
1.16465
0.967348
0.964597
1.01551
0.948261
0.877094
0.878733
1.1118
0.982898
1.14755
1.15205
1.04033
0.981845
1.13181
0.955001
0.956937
1.10805
1.00836
1.03724
0.874168
1.15494
1.01323
0.984635
0.974616
1.02419
1.09028
0.937934
1.03692
0.961572
0.933977
1.01574
1.0454
0.995235
1.15341
0.878412
0.864961
1.02561
1.05837
1.05183
0.89381
1.0877
1.03567
0.92831
1.01798
1.06905
1.04361
1.10117
0.76875
0.97764
1.09218
0.916127
1.12853
1.05764
0.860609
1.05969
1.11171
0.996569
1.04542
0.987361
0.821311
0.957101
1.10556
1.18348
1.16354
1.02124
0.989436
1.02504
0.978791
1.09503
1.0594
1.01907
1.07804
1.0044
0.944502
1.08521
1.25017
0.997557
0.867201
0.968205
0.938849
0.955092
0.985209
1.1254
0.965893
0.974179
0.972329
0.905579
1.01271
0.828365
1.08307
0.898864
0.926056
1.05138
0.890441
0.989712
1.04604
1.01477
1.10065
0.917846
1.03993
1.17021
0.886485
0.964311
1.19416
0.924788
1.09789
1.05309
0.915689
0.99975
0.855352
1.17724
1.00148
1.10116
1.00308
1.21948
1.02676
0.963035
0.943622
0.955588
1.01814
0.828182
1.14446
0.904419
1.05856
1.04446
0.988535
1.02101
1.11998
1.03311
0.87663
1.0923
1.02358
0.955637
0.910456
1.07225
0.899224
0.825442
1.03347
1.01994
1.09787
0.907728
0.977782
0.882494
1.0374
0.949793
0.97491
1.02288
1.17491
0.940704
0.791931
0.824287
0.947623
0.885634
0.887384
0.985191
0.961633
0.850762
1.1344
0.865631
0.925546
0.944892
0.956934
1.13214
0.890447
1.1685
1.02603
1.02502
1.13639
1.13038
0.926803
0.874284
1.09857
0.915786
1.02175
0.962602
0.981277
0.780281
1.14368
1.15901
1.09899
1.0246
0.839942
0.822081
1.14623
1.04052
1.03543
0.894337
1.03563
0.910373
0.803078
1.17631
1.21035
1.01322
1.01278
1.05593
0.861205
1.01588
0.971299
0.983377
0.975044
0.952747
1.23718
1.12276
1.0588
0.917406
1.07348
0.920669
0.97285
1.01541
1.00951
1.06564
1.03667
1.12045
1.03197
1.05154
1.04201
1.00791
1.07056
0.954503
0.913962
0.778344
1.06401
0.974978
0.943291
1.0214
0.873504
0.946334
1.01254
0.816478
1.00477
1.04392
1.29381
1.00581
1.01377
0.972081
1.10797
1.14582
1.12459
1.10494
1.08503
1.08724
0.896791
1.01974
0.919133
0.894903
1.13377
0.954528
0.997867
0.974977
1.09838
0.942742
0.95055
0.934406
0.898608
1.10631
0.953612
0.979701
0.930592
0.979002
1.07672
1.0448
0.957833
0.901313
1.02206
1.03177
1.02241
0.879643
0.906936
1.20632
0.967162
0.935643
0.92985
1.01697
1.11639
0.95121
1.08391
1.00873
0.901691
1.0665
0.99007
0.980317
1.07093
0.982104
1.14874
0.962411
0.963177
0.974632
1.03245
0.987308
0.747136
1.0548
1.04377
1.11102
1.28986
0.933815
1.07545
0.892069
1.03019
0.974116
1.09587
0.929494
0.906996
1.04638
1.10383
0.915405
1.04671
1.06232
0.95234
1.07573
1.11734
0.945025
1.0763
0.971679
1.22565
1.0674
0.856206
0.93499
0.9686
1.05751
1.05285
0.996997
0.950431
0.826028
0.99241
0.886646
1.05606
0.952245
1.04911
0.954217
1.11558
0.960744
1.08512
1.02657
0.948741
0.923865
0.902818
1.05455
0.879323
1.10808
1.06548
0.935001
1.02947
1.05043
1.06371
0.9078
0.926267
0.959623
0.938074
1.06381
0.921597
1.07582
0.949201
0.853089
0.966929
0.985071
1.08269
1.0393
0.995273
1.05537
0.898295
0.907335
0.926669
0.92414
1.069
1.09855
0.8085
1.10572
0.97259
1.06239
0.932901
1.08234
1.15388
1.01842
1.01095
0.926291
1.0047
1.12228
1.13857
1.10521
0.961092
1.04326
0.859019
0.992291
0.948136
1.02731
1.03604
1.20575
0.90445
0.897488
0.955982
0.95908
0.930791
1.11464
0.849738
0.856609
0.924167
1.02088
0.980151
0.893026
0.958061
0.984849
0.858924
1.16699
0.953875
0.967718
0.929409
1.26973
0.901687
0.948809
1.11077
1.01634
0.928991
1.06185
0.912184
1.01113
0.865459
1.09271
1.17724
1.02413
0.931265
1.20211
0.879992
1.06287
0.908257
0.944626
0.885327
1.0573
0.925266
0.944201
1.25547
0.986505
0.917728
0.837558
0.841593
1.01451
0.92267
0.897176
0.927116
0.975892
0.79259
1.06573
0.866508
1.06194
0.944955
1.03072
1.08403
1.10313
0.854046
0.953859
1.06856
0.940565
1.14933
0.980561
1.16281
0.852347
0.93205
1.09306
0.991491
1.06477
1.00862
1.05509
0.945534
0.966701
1.19513
0.992417
0.895012
1.01048
0.856242
0.943344
1.05669
0.929341
1.00578
0.955532
1.09297
1.00645
1.0286
0.878574
0.95237
0.879405
0.958888
0.79186
0.904173
0.775263
1.02051
0.926771
0.800377
0.974078
0.873944
1.09595
0.95094
1.2228
1.00299
0.970269
0.868358
0.962868
1.03302
1.15191
0.964409
1.11265
0.978392
0.937308
0.945663
0.942158
0.935064
0.875981
0.963174
0.993754
1.00441
0.99384
0.953477
1.28258
1.02022
0.972757
1.04357
0.940148
1.01464
1.02698
0.930211
1.00198
1.09965
0.957156
0.841575
0.880748
1.23357
1.16991
1.05902
0.869228
0.941059
0.957139
1.08668
0.968673
1.10058
1.00664
1.13234
0.919647
0.909202
0.971673
0.971661
1.11809
1.05659
0.890444
0.798873
0.947202
1.09653
1.0624
1.02747
1.05579
1.26882
0.947441
0.873691
1.05502
1.26352
1.10309
0.935986
1.13932
1.04917
1.0289
1.08938
1.04304
1.04869
0.855079
1.01902
0.798488
1.00171
0.897189
1.10209
1.07764
1.02
0.989914
1.00185
0.863282
1.10494
1.01829
1.09789
0.994526
0.986725
0.963081
1.2046
1.05036
0.835749
1.0432
1.00428
0.993343
0.940316
0.917004
1.16821
0.870368
0.856227
1.09251
1.09514
0.813877
1.11677
0.962688
1.0419
0.958682
0.91041
1.16008
1.05773
0.956366
1.01967
0.890872
0.874869
0.929808
0.819253
1.08147
0.918249
1.01686
0.980171
0.906135
0.867161
0.841765
1.09474
1.13856
0.933524
1.07894
1.01201
0.997762
0.964754
1.18986
1.08315
0.870367
0.908634
1.08884
0.950853
0.827343
0.901486
0.78097
1.14368
0.966399
1.06009
0.922598
0.908759
1.08293
0.97866
1.04066
1.02386
0.834058
0.993511
1.12518
1.13406
1.07502
0.845567
0.983976
0.967822
0.925434
0.948484
0.975163
0.923842
0.82386
1.03566
1.05077
0.931541
1.03218
1.05134
0.845552
0.874973
1.15893
1.15241
1.11081
1.03596
1.01834
1.16431
0.900901
1.07198
0.976185
0.873739
1.0659
1.14585
0.979618
1.0396
0.926537
0.980912
0.859367
1.07994
1.08154
1.03329
1.11413
0.969281
1.06391
1.10253
0.929293
1.01102
1.09221
1.08338
1.04113
1.00208
0.927584
1.12444
0.97816
1.04004
0.805475
0.846963
1.04783
0.953593
0.882421
1.00395
0.855499
0.842634
0.961234
1.00139
0.999775
0.918785
0.995694
1.03028
0.837804
0.91937
0.897555
0.842335
0.967858
0.963667
0.857829
1.07634
1.10759
1.03538
1.08155
1.15717
0.986644
0.923898
1.37097
0.857928
0.921912
1.02198
0.94158
1.00994
1.03159
1.01608
0.90202
0.992342
1.09008
1.1037
1.04764
0.904553
1.22913
0.796351
1.07122
0.864295
0.845468
0.910471
1.04919
0.893886
1.00128
0.860846
1.01706
0.997252
0.906199
0.8348
1.03993
1.15459
0.924674
0.954908
0.980845
0.957368
0.987379
1.02848
1.01755
0.906631
0.919665
1.02436
0.94458
1.00939
1.00907
0.923217
0.894446
0.997851
1.00272
0.961184
1.05705
0.996473
0.906854
0.968634
1.09229
1.11593
1.21181
1.03628
1.13858
0.982903
0.845547
0.987603
1.05185
1.00843
0.688822
0.896111
1.10957
1.10521
1.17449
1.08628
0.891676
1.03741
1.02326
0.888311
0.952784
0.928335
1.06114
1.08311
0.942636
1.01677
0.968246
0.84213
0.962642
0.902828
0.945231
1.10923
0.989021
0.929732
1.08918
0.980614
0.956803
0.954234
0.919258
1.0891
1.07015
0.883938
1.15397
1.02498
1.03927
1.09601
0.973579
0.990918
0.963525
1.10736
0.912042
0.969734
0.962378
0.921181
1.0535
1.01569
0.904636
0.842727
1.0506
1.05147
1.0827
0.851025
0.888367
0.920705
0.937558
0.940576
1.14072
0.855541
0.995748
0.927681
1.01265
1.12127
0.980685
1.04705
1.05842
0.937213
0.96305
1.05842
1.09752
0.937032
0.96698
1.00759
0.933972
1.08242
1.06803
0.979151
1.01645
0.932723
1.14345
1.17477
1.07035
0.897521
0.943638
1.18109
1.21123
1.0538
1.07636
0.931791
1.08744
0.868754
1.06113
0.846497
0.774293
1.03759
1.18144
1.08956
1.01616
0.987626
1.00518
0.921601
0.983472
0.916546
0.824795
0.953334
0.953616
1.04917
0.898861
0.858474
0.991704
0.763555
1.17542
0.937543
0.995508
0.967039
1.34382
0.951646
0.917049
1.22573
1.00903
0.958765
0.898339
0.982831
0.990311
1.2056
1.14793
0.981992
0.777131
1.06904
0.933484
0.807184
1.07449
1.07199
0.958765
1.01716
1.17347
1.14328
0.902045
1.08814
0.915466
1.06447
1.01726
1.09458
0.89708
0.896103
1.16955
1.20974
1.03879
1.10901
1.09485
1.10197
1.0387
0.981498
1.36072
1.09464
0.901147
0.962142
1.1196
0.991268
1.09374
1.01099
0.935215
1.0736
0.941072
0.99118
0.856785
0.998068
0.976345
0.923614
1.01071
1.07239
1.00844
1.02019
1.00848
1.00378
0.994209
1.02236
1.0343
1.0757
0.996199
0.9929
0.984886
0.85141
0.99247
1.05933
0.915682
1.03918
0.956234
0.958478
0.970005
0.940405
1.08957
1.22762
1.04736
0.874919
1.10282
1.08184
1.05556
1.04196
0.957378
1.10199
1.00668
1.16102
0.804913
0.910775
0.947683
0.922745
0.968862
1.03296
1.09436
1.12708
0.961467
1.1979
1.06049
0.963371
0.989176
1.01974
1.1441
1.22793
1.01378
1.00047
1.05224
0.976068
0.792147
0.981416
1.10153
1.05637
1.14242
0.802463
1.08452
1.01967
0.882968
0.925775
0.869381
0.976362
1.03197
0.955779
0.989976
0.815118
1.01459
1.02482
0.945184
0.940049
0.947861
1.02843
1.01309
1.09859
1.1693
0.94908
1.2504
0.902512
1.02896
0.967682
0.971024
0.944691
0.978413
1.18571
1.07733
1.06555
0.715371
1.08246
0.876299
0.997291
0.990169
1.10611
1.05377
1.06964
0.980923
1.10621
0.960263
0.877831
1.02462
1.02939
1.1544
0.911588
0.951175
0.982085
0.952336
0.965144
1.01933
1.05245
0.907897
1.0444
0.979959
1.04784
1.23622
1.0633
1.00155
1.0754
0.968104
1.02695
1.04076
1.00717
0.966928
1.03866
0.956619
1.17915
1.16915
1.0963
1.122
0.969761
0.859249
0.811372
1.18768
1.0099
1.03529
1.16196
0.961547
0.858523
1.15535
1.06459
1.05041
1.16339
0.94913
0.993856
0.729967
1.20433
1.0277
1.04114
1.02408
1.01302
1.04823
0.879481
0.943688
1.06032
0.964151
0.957099
1.01169
1.0313
1.11441
0.871401
1.01063
1.04773
1.05442
0.926616
0.985766
1.0367
0.960804
1.09135
1.01301
0.991462
0.965229
0.931411
0.998507
1.07835
0.86724
0.980199
0.863226
1.08112
1.02799
1.00041
1.06658
0.929024
1.0106
0.901326
0.915068
1.01938
0.878886
0.979919
0.918647
0.99327
0.908184
1.12855
0.975571
0.965029
1.09949
0.765663
1.06766
0.923785
1.03833
0.879791
1.06889
0.968457
0.924348
0.971374
1.04916
1.02634
1.08293
1.09052
1.15611
1.12456
0.942019
1.03616
1.01203
1.0022
1.14916
0.981912
0.967752
1.072
1.06919
0.863327
1.15098
0.776841
1.11123
0.974877
1.12391
0.825436
1.04498
0.916034
1.01942
1.10653
1.02738
0.990818
0.918658
0.922166
0.886456
0.850738
1.10321
1.00363
1.03075
0.901829
1.08805
1.10819
0.833286
1.11517
0.870705
0.987533
1.00937
0.84788
0.892173
1.10132
1.05272
1.0277
0.863001
1.11092
1.06202
1.03044
0.940139
1.07796
0.923495
1.00643
1.1653
1.20173
1.14496
0.993323
0.863252
0.856312
1.08657
1.21507
1.07054
1.01379
1.06843
1.10892
0.914749
1.00998
0.894986
0.975529
1.11647
0.91932
1.01858
0.956209
0.92016
0.897634
1.09356
1.04095
1.02994
1.05497
1.11352
1.11397
0.869913
0.956889
1.02144
0.951586
1.13845
0.92531
1.03321
1.12165
0.943927
1.11863
0.869135
0.999692
1.08617
1.24831
1.04345
0.898829
1.11633
0.999528
1.05219
0.993852
0.874601
1.09983
0.969298
1.05054
0.952766
1.09135
0.845938
1.06974
0.946479
1.04543
1.21421
0.947961
1.10874
0.943419
0.846016
0.956859
1.04848
1.2627
1.18175
0.892465
0.958004
0.973297
0.830279
1.02755
1.07017
1.03451
1.00647
1.20865
0.930199
0.921864
1.02833
0.831229
0.76857
1.14259
0.974846
0.885915
0.967766
1.08904
0.939816
0.982529
1.00846
0.995795
1.17719
0.833838
0.943691
0.99635
0.987692
1.06578
0.984618
1.22459
1.03899
1.16049
0.997628
1.12539
0.838117
1.02967
0.934781
0.93965
1.0084
0.974432
1.08509
1.0307
1.04346
0.80133
1.17408
1.01754
1.01301
1.1022
0.997212
0.95569
1.1209
0.966501
1.05462
1.16412
0.873326
1.21061
1.00324
0.88951
0.995035
1.0161
0.875854
1.12429
0.848636
0.918628
0.998902
0.891999
1.07325
1.02592
0.892067
1.01175
1.15731
0.991575
1.08075
0.955868
1.1571
0.918397
1.05755
0.919961
0.896512
1.07013
0.865538
0.905716
1.04571
1.06839
0.992301
1.10541
0.923193
1.09723
0.888887
0.89838
0.965045
1.10226
0.940686
1.08458
1.03834
1.01264
0.974373
1.16739
1.04081
1.09303
0.88463
0.940373
1.00624
1.09103
0.926203
0.879621
0.915223
1.1652
0.976009
0.948787
0.921752
0.984169
1.00793
1.05279
0.832971
1.17408
0.999469
1.25391
1.09699
1.08293
0.9991
1.2239
0.862757
1.07774
0.943714
0.955671
1.05995
0.944004
1.2187
0.923065
1.01921
0.995176
1.02266
0.863316
1.13358
0.87165
0.994029
0.980553
0.872638
1.0498
1.13005
1.05636
0.77048
1.06888
0.989476
1.14655
0.932469
1.01046
1.0017
0.939899
0.917344
1.02104
0.88163
1.05647
1.1033
1.01871
1.28497
1.13969
0.900822
1.00968
1.12883
1.0339
1.00135
0.988304
0.869175
1.13741
1.05182
0.824201
0.977855
0.984766
0.807665
1.05516
1.21614
1.03251
1.26438
1.05582
1.00348
0.910642
0.996093
0.930388
1.05771
0.921715
0.958681
1.04694
1.21799
1.05496
0.841827
0.851827
0.910154
0.958108
0.850216
1.05591
0.837569
0.956054
0.963833
0.823965
0.970092
1.09125
0.971571
1.23446
1.05173
0.909165
0.922671
0.967898
0.8869
1.0105
1.0496
1.03519
1.05064
1.10888
1.09662
1.19549
1.06877
0.890333
1.09165
0.948213
1.12104
1.19508
1.02813
1.09293
0.932449
1.03337
1.04784
1.11623
1.02931
1.0318
0.937372
1.07352
0.939494
0.890668
1.22008
0.997955
0.85228
0.832348
0.982088
1.16431
1.08652
0.953539
1.07487
0.916724
1.20438
1.0538
0.749706
0.86333
0.916129
1.03636
1.12113
0.89441
0.836291
1.03986
1.0903
1.06125
1.02091
0.91933
1.1039
1.13466
1.06072
1.03892
1.08113
1.06544
0.992514
1.15557
1.12765
1.09316
1.09999
1.06232
0.979797
0.931761
1.02979
1.07242
0.811719
0.888518
1.09309
0.853934
1.06793
0.853358
1.07111
0.974153
1.04346
0.903183
0.966873
0.935338
0.948792
1.09097
0.940417
1.04959
0.932539
0.925493
1.20387
0.978401
1.00233
0.948782
0.883471
0.919644
1.01877
0.977749
1.08253
1.03718
1.00167
0.985586
1.10119
0.929647
0.914471
1.02174
0.97628
0.935716
0.974056
1.08185
1.11367
0.993387
1.01429
1.03178
0.91203
0.864465
0.992008
1.05676
0.912422
1.11504
1.03383
1.22482
0.857057
1.01943
0.875509
1.14492
1.03513
1.15326
1.1298
0.920365
0.919151
1.13591
1.05281
1.13607
1.06609
1.10148
0.922975
0.944976
1.15032
0.879909
0.851895
1.00401
0.995252
1.05818
0.942427
0.966409
0.869084
1.05801
1.02858
1.09594
1.02349
0.963944
0.971045
0.963907
1.20092
1.01404
0.795472
0.948597
1.10345
0.801652
0.980583
1.00155
0.87144
0.926855
1.21678
0.953637
1.15164
1.04661
1.00926
0.978109
0.966605
1.07853
0.985483
1.03024
1.08658
0.92139
1.06375
1.15122
1.16039
1.07652
0.936821
1.09936
0.910058
0.934957
0.99971
1.08158
0.891602
0.958838
0.977291
1.02333
0.741291
0.953555
0.775123
0.834489
1.03461
1.17095
0.899394
1.02895
0.945069
0.876161
1.09537
1.1534
1.07555
0.965576
0.954697
1.25286
0.901687
1.06529
0.978337
1.12475
1.09214
0.889683
0.917594
1.14122
0.985476
0.950376
1.04951
1.03316
1.04344
1.04355
1.01035
0.983744
0.873947
1.0495
0.951113
0.823836
1.03278
0.807323
0.909692
0.978837
0.915483
0.897688
1.02511
0.975515
1.02493
1.01975
1.15997
1.064
0.992564
1.1044
0.944981
0.913983
0.96503
1.09861
0.878395
0.865443
1.12363
1.10846
0.963242
0.928771
0.793853
0.919712
0.925155
1.03364
1.03116
1.22631
1.1195
1.0585
1.10882
0.946759
1.09739
0.938746
1.09279
0.956968
0.981454
1.07536
0.958322
1.05617
1.02324
0.80864
1.1686
0.967767
0.956088
1.16842
0.976086
1.00595
1.03964
1.14369
0.975967
0.95265
1.04866
0.934312
0.920493
1.04826
1.01156
0.862528
1.03964
0.970383
1.00817
1.0472
0.954743
0.948304
1.03903
0.871913
0.941318
0.991398
1.00871
1.06184
1.03482
0.995496
0.985023
0.965648
1.1763
1.03745
0.901416
1.08026
1.0018
1.0638
0.883656
1.08589
0.951634
1.03243
0.963835
0.983236
1.04327
0.972299
0.903025
0.923198
0.935537
0.984472
0.98019
1.09449
0.975973
1.13231
1.11802
0.954916
0.966799
0.937696
1.0256
1.11094
0.911026
0.93714
1.23404
0.858938
0.996867
0.996997
0.899782
0.996369
1.17402
1.01032
0.899946
1.07716
1.0125
0.862318
0.979353
0.882142
1.06433
1.05478
0.840863
1.00659
1.0849
1.04655
0.998044
0.992093
1.12579
1.03799
1.10842
0.960159
0.991355
0.97488
0.995758
1.03956
1.19293
1.0934
1.01323
0.991744
0.92445
0.870691
0.8907
1.01391
0.975926
1.0417
0.844017
0.941246
0.939448
1.05695
1.04121
0.972176
1.05311
1.01488
1.16411
1.0506
0.88901
0.961917
1.0645
1.12827
0.804897
0.927552
0.893484
0.959561
1.31164
1.11315
0.965323
1.04581
0.960923
1.15709
0.998557
0.870905
1.11066
0.950916
0.83361
1.18768
1.05623
0.949442
1.03697
0.818986
1.03318
1.08578
0.950584
1.16239
1.03418
1.06218
0.99723
0.929878
0.828885
0.970458
1.03759
0.95048
0.934779
0.813508
0.846967
0.859333
0.842226
1.05908
1.03615
0.930069
1.14633
1.05409
1.14792
0.906135
0.923809
1.02848
0.978007
0.871427
0.883821
1.01453
0.891926
0.997862
1.033
1.01384
0.813286
0.823496
0.813358
0.964452
1.03649
1.02762
0.96934
1.24887
1.06487
1.04722
0.912734
1.07242
0.934817
1.03194
0.926843
0.955643
1.01912
1.01694
1.19901
1.02607
1.04333
0.982895
1.02745
0.800508
1.09042
1.27858
1.03111
0.889138
1.00723
0.964767
1.2182
1.16348
0.915469
1.06821
1.14054
1.02753
1.031
1.0165
1.09623
1.02222
0.852729
0.943856
1.03017
1.02675
0.990357
0.993615
0.866449
1.05312
1.03867
0.752459
0.983129
1.05536
1.08495
0.993854
0.993046
1.11323
0.959761
1.03662
0.969723
0.853046
0.953691
1.21097
1.01569
0.949649
0.866564
0.994339
1.10489
0.972218
0.949627
1.04544
1.07209
0.975932
1.00269
1.05348
0.937623
0.97357
0.961292
1.01886
0.903719
1.0396
0.832908
0.900975
0.876274
1.08586
1.1068
0.947095
0.84225
0.976347
0.987043
1.10273
1.09515
0.944695
0.935816
0.937461
0.958096
0.986546
0.85746
0.948279
1.03073
0.984052
0.94797
0.999148
1.01543
0.805176
0.991995
0.762063
1.00718
0.82598
0.954799
0.938725
0.919953
0.922286
1.03131
0.899787
0.917759
1.05986
0.913078
1.01401
1.15707
1.02362
1.203
0.946464
1.0829
1.1056
1.00085
0.863231
1.00699
1.00087
1.08753
1.3196
1.0415
1.11773
1.01041
1.20995
0.9668
1.06317
1.15466
0.926078
0.974564
0.993153
1.10794
0.80058
0.90291
1.01936
1.00798
0.957493
1.04651
1.09018
0.993768
0.999673
0.886553
1.0384
1.10835
0.857319
1.02329
0.980136
0.961479
0.902843
0.932144
1.00806
1.19901
0.880449
0.959742
1.16317
1.02806
1.20694
1.09044
0.846606
0.939119
0.939719
1.00091
1.14322
0.843139
0.904814
1.11765
0.918545
0.976755
0.887831
0.927669
0.820739
0.999214
1.03111
0.957126
0.933898
0.97703
0.95336
1.13056
0.959889
1.0055
1.09244
1.06009
0.776076
1.08925
1.03266
1.00574
1.11488
0.947721
1.13339
0.85221
0.972273
0.88521
0.975556
1.07399
0.872776
1.02558
0.946888
0.831838
1.01509
1.11305
0.821782
0.946154
0.857841
1.06453
1.25287
0.997959
1.01185
0.988333
1.00347
1.02404
0.881992
1.14429
0.977659
0.873585
0.994019
0.864808
1.16622
1.0003
0.99042
0.944932
1.02068
1.02675
1.03587
1.19463
0.897836
0.85939
0.918252
0.994053
1.05012
0.92439
0.920175
1.03273
1.02074
0.813245
0.844525
1.11191
0.862733
0.849145
1.0485
1.08135
1.02416
1.11451
1.03699
1.11725
1.02282
1.06385
1.13705
0.980902
1.0792
0.900818
0.969923
0.941858
0.958861
1.0276
1.25888
1.21111
1.05706
0.965601
1.17013
0.886214
0.994809
1.10599
1.04264
1.00219
0.810784
1.01793
0.885405
0.837134
0.887838
1.03888
1.04816
0.968797
0.968866
0.926119
0.905993
1.06921
1.0291
0.942433
0.866257
0.967461
1.0151
1.14534
0.972105
1.09585
1.05915
1.04451
0.963331
1.13246
0.953977
0.851156
0.970647
1.13729
1.06945
0.963815
1.23324
0.92288
1.09478
0.791925
0.968707
0.969236
0.856624
0.980709
1.00529
1.12233
1.17727
0.948543
1.04663
1.07062
1.01884
0.968013
1.13888
0.958782
0.929018
0.95086
1.06204
1.20764
0.966561
0.946389
1.0471
1.09753
1.13244
0.946075
1.09512
1.10215
1.02884
0.955951
1.20878
1.19173
1.00961
0.955482
1.0339
0.865448
1.16705
0.878233
0.983237
1.13663
0.854664
1.18999
0.898814
1.02087
0.836717
0.817975
0.833922
1.0015
0.929869
1.10238
1.10371
1.05884
1.06775
1.02862
0.968109
1.04239
1.03591
1.129
0.904446
0.863441
0.995366
0.955821
1.00455
0.955284
1.05075
0.841889
1.00756
0.866907
0.872616
0.962012
1.08337
1.02172
0.897197
0.980284
0.934638
0.964642
0.911088
1.08313
0.998938
0.915092
0.998352
1.02854
1.0844
1.11362
1.18047
0.998021
1.07006
1.00573
0.950688
1.05897
0.981049
0.894188
0.87603
0.896396
1.00309
0.974164
1.09767
1.02783
0.987247
1.04931
1.1533
1.08513
0.908072
1.24676
0.828292
1.07566
1.01264
0.984437
0.915121
0.939554
1.03076
0.805721
1.00749
0.967544
0.899019
0.833519
0.906951
0.828693
0.94796
0.940655
1.14166
1.13517
1.06909
0.896397
1.17297
0.995457
0.894087
0.999465
0.971132
1.11684
0.756113
0.954884
0.999889
1.15161
0.903981
1.09475
0.711444
0.915228
1.07694
0.846844
1.17393
1.04186
0.912318
0.948687
1.04769
1.03632
1.05605
0.943076
1.15869
0.929906
0.837954
1.03291
1.01665
1.07336
1.06092
0.908611
0.965571
1.01941
1.03264
0.918287
0.963271
0.955041
1.02276
1.01965
0.974905
1.10885
0.921953
0.925716
0.923889
0.990524
1.01225
0.952459
1.15806
1.33594
1.07095
1.0335
0.945138
1.02332
0.867806
0.739401
1.01494
0.94122
1.0229
0.840451
1.11394
1.10194
0.917308
1.0382
0.81496
1.00177
1.01265
0.966274
1.03278
0.896034
0.948417
1.00205
1.02214
1.11926
1.05874
1.07263
1.02683
0.87829
0.997162
0.722677
0.96406
1.08685
0.763051
1.00408
1.12788
1.06122
1.14025
1.11478
1.16338
1.12589
0.93869
1.0262
1.08191
0.949726
1.09086
0.901208
0.961222
0.681683
0.840542
1.09562
0.809967
0.909613
1.09311
0.862947
1.15312
0.929212
1.04909
0.923087
1.02964
1.07487
0.902393
0.970366
0.912543
0.950746
0.91997
0.94025
0.778355
1.21367
1.27728
1.04467
0.939293
0.860552
1.07737
0.979362
0.889413
0.940981
0.975845
0.890938
1.07652
1.04243
0.877127
0.819318
0.969335
0.820651
1.00614
1.08202
0.957867
1.05582
1.06019
0.913659
0.887275
0.894241
1.12051
0.941836
0.995221
1.07558
1.09697
0.998255
0.992625
1.02317
0.977202
0.921586
1.1608
0.923903
0.882473
0.919021
0.880629
0.905588
1.16673
1.01582
0.911264
1.01123
1.02471
0.938567
1.22781
0.933733
1.01049
0.967049
0.976869
1.08275
0.917514
1.11908
0.991721
1.05689
0.971956
0.975413
1.00443
1.0276
0.930214
1.21283
1.00915
0.913332
1.08125
0.982035
1.0103
1.02639
1.04445
1.14709
0.878396
1.04601
0.918274
0.987128
1.00638
1.07395
1.07866
0.939118
0.918023
1.11638
1.16374
0.866275
1.07462
1.17968
0.963423
0.89548
0.997712
1.05637
0.976212
1.00736
1.25246
0.876053
1.03123
1.00412
0.947251
0.982135
1.00614
1.09757
0.970877
0.858819
0.781039
0.973299
0.974534
1.08412
0.990485
1.00337
0.976228
0.964851
1.19937
1.01853
0.95142
1.00676
0.992168
1.12678
0.771322
1.11535
1.04413
1.07167
0.993922
1.0882
0.914287
1.06217
0.935981
0.818069
0.996577
1.03277
0.98707
0.966593
0.944613
0.956629
0.815504
1.06519
0.891386
0.987119
1.2014
0.909101
0.836517
0.936294
0.958029
1.01404
1.12063
0.914813
0.921781
0.981854
1.1118
1.08468
0.93427
1.02785
0.979609
1.07137
0.911813
1.10895
0.901698
0.962078
1.02083
1.16612
1.0742
0.960502
0.938979
0.908493
0.92838
0.926062
1.0263
1.02087
0.894162
1.04865
1.01396
1.00975
0.967407
0.991689
0.914602
0.824823
0.719421
1.16597
0.992088
0.98988
0.894977
1.00988
0.935025
0.848178
0.888985
0.916852
0.986562
0.744688
1.0483
1.01767
0.998007
1.00763
0.997124
0.714248
1.16665
1.07488
0.92156
0.924491
0.928692
1.08465
1.1374
1.10455
0.888773
1.00552
0.920023
0.917218
0.896588
1.0643
1.09099
1.0769
0.906541
1.03836
1.08834
1.11227
1.02249
1.0865
0.90544
0.98743
1.04173
1.17464
1.04059
0.951215
1.02805
0.995197
1.02663
1.14266
1.0153
1.19275
0.962713
1.04149
0.989946
0.94384
1.04325
1.08989
0.980236
0.871409
1.09616
0.931541
0.891855
1.08394
1.01805
0.797231
1.08226
0.995307
0.967097
0.930112
0.937574
0.974033
0.928984
0.859992
0.970034
0.928846
0.961256
1.11167
1.09064
0.959532
0.766344
0.953006
1.04721
1.06359
0.999602
0.922468
0.857659
1.02188
1.01123
1.06636
1.04971
0.928515
1.06733
1.00745
0.977976
1.13699
0.956887
1.11486
1.00812
0.816295
1.00687
0.940734
0.925676
1.0772
0.99964
1.12839
0.892846
0.889171
1.01947
1.08832
0.928953
1.00844
1.11691
1.11469
1.17447
0.979043
0.930821
1.0843
1.1606
1.22607
1.09987
0.895961
1.19482
0.985504
0.9946
1.10762
0.810197
0.992532
1.13411
0.801749
1.04354
0.884586
0.778861
0.870427
1.05741
1.00606
0.865611
0.882511
0.993161
1.00385
1.01937
1.03949
1.00645
1.1677
0.932558
1.10969
0.981274
0.991249
1.1178
1.12694
1.06139
0.832888
1.10358
1.08594
0.886702
0.949477
0.982686
1.03207
1.13987
1.05561
0.99168
1.06319
1.06972
1.00412
1.14207
0.998463
0.858649
1.01455
0.951197
0.951824
1.08486
0.971493
1.16451
1.09356
1.0523
0.948977
1.02322
1.05914
1.26319
1.20902
1.00418
0.931755
0.982996
1.06534
0.959777
1.02032
0.893853
1.00553
1.01433
1.16943
1.12636
1.04226
1.1138
1.01449
0.96625
1.05813
0.886639
1.12723
1.23065
0.900932
1.0331
1.06068
1.01244
1.23619
1.01218
1.14629
0.882183
0.93969
1.18306
0.995608
0.984257
1.0742
0.927238
0.924515
1.10484
0.919855
1.07839
0.950645
1.02978
0.908171
0.880739
1.11729
0.850447
0.878123
0.895943
1.00857
1.12113
1.25715
0.837959
1.06294
0.962667
0.949541
0.853229
0.831703
0.970113
0.756033
1.0066
1.21376
0.974252
1.06384
0.861121
0.793751
0.857791
1.10342
0.928793
0.917997
0.840871
1.12964
1.17781
1.12262
1.11726
0.986786
0.943187
0.870068
0.977684
0.934641
0.801268
0.883275
1.17038
0.971896
1.04217
1.05785
0.86032
1.07268
0.917413
1.02266
1.11516
0.798552
1.06076
1.00095
1.01885
1.05165
1.17942
0.939019
0.889335
1.02881
0.855132
0.899691
1.07858
0.855156
1.06727
1.02205
1.00299
1.13951
1.07041
0.821558
1.00759
0.853049
1.10378
1.04563
1.00987
0.928296
0.888035
0.816124
1.12614
0.893431
1.01504
0.932272
0.930867
0.999007
1.06874
0.927921
0.88843
0.800424
1.0534
0.958126
1.08863
1.13228
1.00831
0.906362
0.979066
1.07119
0.951815
1.1114
1.0346
0.992154
0.784439
0.918515
0.895343
0.935282
1.14432
0.933111
1.13151
1.0548
1.10204
1.0141
1.04664
1.00673
0.940779
1.01257
0.91628
1.01923
1.06505
1.03469
1.15097
1.02163
1.0674
1.09355
0.933364
1.0809
0.891135
0.879492
1.06395
1.17304
1.14164
1.19608
1.07387
1.0524
1.05504
0.914955
1.21571
0.905144
0.998613
0.980051
1.07589
1.09065
1.04522
0.981251
0.910979
0.863391
0.885178
0.98393
0.857963
1.1048
0.922347
1.17041
0.984818
1.12246
0.990735
1.01271
0.955537
0.790716
1.1072
1.05821
1.01285
0.933918
0.961399
0.958477
1.13057
0.863229
0.999824
0.95909
0.86675
1.02054
0.912829
0.948447
1.04167
1.04146
0.998978
0.974031
1.16969
0.906473
0.870851
0.945276
1.13111
1.09727
1.14678
1.28214
1.0368
0.93309
0.918956
0.989002
1.01376
1.05797
1.13713
0.967209
0.997375
1.02906
0.854472
1.05053
1.04863
1.17925
0.909888
0.976982
1.14232
1.07195
0.962112
1.02067
0.85437
0.887834
0.908816
0.943316
0.962889
1.09376
1.04278
1.12112
0.956319
0.90335
0.921555
1.02276
1.02636
0.99225
0.868322
0.767051
0.903645
1.04321
0.847643
1.05833
1.01539
1.01804
1.00186
0.888689
0.91692
1.18415
0.995012
1.01646
1.02476
1.03996
0.923314
0.987877
1.07521
1.09823
0.980106
1.00082
1.03597
1.06335
1.0929
0.851736
0.876472
1.00859
1.00653
0.778378
0.916559
1.11984
1.09793
1.03982
1.04781
0.981014
0.980459
1.09182
1.17846
0.936152
1.01728
0.942169
0.980948
1.15636
0.963799
0.975571
0.911505
1.00491
0.945055
1.15159
0.983015
0.938542
0.80387
0.994607
0.882994
0.884917
1.00667
1.17716
0.90058
0.989625
0.825161
1.13203
0.920209
1.091
1.09618
0.9103
1.05838
0.875725
0.896476
0.9407
1.00722
0.945046
0.882527
1.03612
1.04616
0.879942
1.13161
0.835851
0.985374
0.977629
0.971014
1.12393
0.939261
0.912087
1.09127
0.934329
1.12113
0.829852
0.784585
0.863547
0.97414
1.08438
1.03199
0.882291
1.00636
0.922476
1.15311
1.05993
1.00524
0.938678
0.959286
1.15497
1.08255
0.948234
0.936182
1.20517
0.835139
0.912409
1.07674
0.971819
0.989404
1.15388
0.943757
1.02422
1.0331
1.05352
1.13919
1.08824
1.13073
0.841305
0.990416
0.86277
0.924699
1.0027
1.02732
1.02358
1.03071
1.06143
0.938591
0.997877
1.08787
0.918311
0.953252
0.845085
1.07907
0.995758
1.04486
0.878677
0.922146
0.826209
0.882027
1.08481
1.05624
0.901958
1.24036
1.19987
1.07857
1.15628
0.883994
1.0983
0.908457
1.13937
0.964481
1.07513
0.898257
0.992356
1.0786
0.74426
0.885882
1.06095
1.16719
1.11636
0.894219
0.943704
1.00355
1.07677
0.951661
0.938622
0.959721
0.929334
0.85375
0.993605
1.10655
0.853323
0.959834
0.986032
1.06343
1.01681
0.94072
1.0668
1.01484
1.1613
1.03523
0.991604
0.933998
0.996569
0.913148
1.03191
1.16462
0.900732
1.04988
0.908134
1.2089
0.917304
0.9622
1.11808
0.886179
1.0383
1.03473
1.01305
1.12247
0.839143
0.982412
0.978508
1.06926
0.923034
1.21262
0.947005
0.929309
1.13309
1.03874
0.770032
1.02396
1.15262
1.0371
0.807064
0.987697
1.03642
0.906512
1.17173
1.01649
0.826684
1.01459
0.972711
0.910735
0.89002
1.17994
1.16022
0.987275
0.996928
0.993613
1.01767
1.09442
0.93663
1.11187
0.894797
0.941435
0.958594
1.10959
0.981307
0.877209
0.923885
1.01651
0.984399
1.06141
0.989208
0.869425
0.951087
0.964406
0.892403
1.08825
0.975136
1.06957
1.01121
0.914203
0.820215
0.977311
1.10715
0.962754
0.992641
0.804954
1.02133
1.12389
0.995051
0.948279
1.03778
0.962482
1.08735
1.02653
0.93211
0.963359
0.939233
1.15288
1.08043
0.924695
1.0432
1.02194
0.846695
1.09543
0.910408
0.901718
0.861643
1.08287
0.896955
1.02208
0.927321
1.01402
0.999727
1.10138
0.860018
0.930677
1.00327
0.930015
0.934983
0.918437
0.797503
0.951385
1.22176
1.01122
1.14232
1.0064
0.905826
1.05723
0.814957
0.966515
0.913304
1.00889
1.18633
0.971964
0.987419
0.96398
1.14592
0.940909
1.15171
1.03282
1.00415
0.937532
1.27296
0.831631
0.98229
1.00381
1.04091
1.11298
0.960805
1.00113
1.03987
0.933086
1.13397
1.06622
0.980329
1.02077
1.05324
0.852163
1.08597
1.0459
1.12884
0.866831
1.00162
1.0166
1.04735
0.825837
1.01831
1.0801
1.00026
1.03684
1.12944
0.901339
1.07105
0.987458
0.948432
1.1615
1.12146
1.16691
1.11277
0.991714
1.13049
1.02679
0.989512
1.04129
1.06267
0.968017
0.877015
1.01242
0.858434
0.885103
1.17019
1.11317
0.902339
1.04779
0.885049
1.20573
1.05409
0.896337
1.11006
1.05329
0.891927
1.0347
0.959871
1.12003
0.856063
1.04018
0.940394
0.907732
1.02488
0.935917
0.977116
0.913866
1.12453
0.749282
1.12416
0.940778
1.00734
1.06865
1.07749
0.98623
0.946859
0.906053
1.09583
1.04378
1.07855
1.13262
0.758544
1.00294
1.09193
0.859188
0.952168
0.944624
0.90134
0.955928
1.02126
1.05816
0.926012
1.1572
0.83552
0.881231
1.04452
1.24716
1.19401
0.981594
0.992989
0.856107
0.907255
1.0168
1.11113
0.996886
0.936687
1.01053
0.995083
1.06292
1.11535
1.0119
0.850745
0.941596
1.05549
0.97987
1.0583
1.1537
1.05773
0.933364
1.15174
1.06377
0.931518
0.988801
0.968144
0.981085
0.934241
0.968759
1.08471
1.04458
0.850905
1.05524
1.04398
0.889235
1.02906
1.02552
0.973727
1.02441
1.05422
0.97999
0.982309
0.970226
0.995684
1.09629
1.08466
1.03978
1.05226
1.07303
1.09381
0.932157
1.06611
1.03984
1.00248
0.989787
0.91757
0.958548
0.865108
0.870136
0.864132
0.921771
0.867567
1.05159
1.00573
1.0231
0.877907
0.840361
0.981455
0.919106
0.928859
1.02747
1.06156
0.998193
1.02434
0.943639
1.09393
1.11341
1.07725
0.96673
1.0184
1.12238
0.999701
0.98846
0.994792
1.04553
0.985752
0.803413
0.943597
0.804474
1.04178
1.05529
1.08929
0.832581
1.22584
0.9245
0.801308
0.892657
0.89143
0.913647
1.00124
0.8225
0.817462
0.883741
1.10177
0.88249
0.937833
1.04749
1.01643
1.00908
1.13668
1.02421
0.933867
1.03477
0.807856
1.13676
1.10315
1.02358
1.07143
1.19604
1.02892
1.13373
0.907539
0.994698
0.885616
0.852472
1.13403
0.899256
1.02659
0.906619
0.831002
1.22545
0.884728
0.926846
0.912224
1.06512
1.13117
1.09339
0.961219
0.871445
0.958497
1.10876
1.06026
1.00116
0.975534
0.914767
1.00805
1.15085
0.920372
0.907722
0.97591
1.0841
1.00476
0.792626
0.982926
0.935036
0.984448
0.993193
1.10137
1.04924
0.975321
0.967834
0.965643
1.23285
1.00042
1.00316
0.908913
0.914344
1.25952
0.994641
0.995641
0.953516
0.865077
1.0646
0.993125
0.909998
1.04725
1.03398
0.996071
1.06146
1.01322
1.04951
1.00089
1.07082
0.925126
0.799674
1.1311
1.13614
1.15936
0.818088
0.846585
1.02542
0.851907
1.21663
1.06692
1.04877
1.08502
0.938632
1.09478
1.13349
0.868155
1.11519
0.985168
0.880216
0.986244
0.903758
1.03996
0.979579
1.14079
0.981566
0.815893
1.07692
0.992098
1.03636
1.01901
1.06487
1.10826
1.04127
1.06965
0.910401
0.899421
0.847516
0.965402
1.02395
0.940828
1.18897
1.11793
1.06472
0.85738
0.980802
0.921477
0.937387
0.976289
1.0988
0.995449
0.953419
1.0083
0.856362
1.06072
0.742573
0.898061
0.946677
0.912561
1.06027
1.08331
0.966652
0.948318
0.86878
1.0091
1.0473
0.933179
0.996458
1.01787
0.915223
1.07955
1.0923
0.865721
1.10923
0.815746
1.05959
1.08547
0.91612
1.00394
0.943188
1.05782
0.974431
1.14677
1.00758
1.01437
0.99653
0.990129
0.985752
0.894959
1.07757
0.918901
1.18815
0.944894
1.00922
1.01172
1.08812
0.919151
1.11924
1.17274
1.01805
1.3022
1.14514
1.02884
1.03724
0.998319
1.03244
1.01495
0.911229
0.939921
1.02318
0.817868
1.14175
0.989727
1.0147
1.09223
1.02951
0.811567
0.964129
1.08838
1.02495
0.935967
0.913309
0.951698
0.999389
1.01072
1.00394
0.896474
0.888195
0.904402
1.04174
1.19382
1.21469
0.942234
0.996229
0.99221
0.893052
0.915437
1.11702
0.9779
0.926726
1.12002
0.907848
1.02058
1.03748
1.0679
1.02899
1.14191
1.0462
0.90388
0.94915
0.959464
0.896893
0.956898
1.05163
0.994581
0.903727
1.05971
1.02258
0.873763
1.02494
0.916044
0.947099
1.06801
0.983873
1.07832
0.956655
0.945456
1.03961
0.766883
1.05167
1.13281
1.22824
1.07125
1.01699
1.03393
0.984471
1.00641
1.03853
0.98525
0.941738
0.878382
0.971212
0.999224
1.18464
0.867284
0.925924
0.850912
0.90961
1.10668
0.864088
0.987739
0.908112
0.905002
0.86879
0.781334
1.11766
0.968638
0.889943
1.06275
0.979909
0.915388
1.11045
0.98258
0.958603
1.038
0.867926
0.9528
1.30122
1.06464
1.08897
1.0038
1.05355
0.953558
0.950961
0.885009
1.0563
1.00116
0.824367
0.867865
1.03221
0.915865
1.1178
1.05162
0.99319
1.21486
1.1587
0.934668
0.891469
1.01821
0.996371
0.941514
1.05173
0.824792
1.02829
1.05309
1.04707
1.055
1.11537
0.950369
0.970775
1.0212
0.897875
1.01309
0.928695
1.01354
1.15252
0.966081
0.831998
0.856886
0.876062
1.15801
1.06276
0.9545
0.926466
1.01954
0.897927
1.1872
1.24991
0.823043
1.14027
1.08059
0.992898
0.987785
0.88465
0.975852
1.01671
1.06402
0.935786
1.04047
1.07099
1.04861
0.98473
1.18971
1.16982
0.940614
1.11291
1.01586
1.05384
0.930319
1.07818
1.0335
0.949858
1.01012
0.935782
1.00923
0.917193
0.863932
1.0763
1.15169
0.886677
0.787515
0.998832
0.962247
1.13149
1.08391
0.974906
0.846037
1.01566
1.02075
0.877281
0.960452
1.02225
0.987179
1.06548
0.912067
1.18432
1.04543
0.909696
1.02909
0.958159
0.891933
0.886827
0.910354
1.1397
0.957197
1.11094
1.01057
0.962512
0.771011
0.98257
1.04415
1.08784
0.869222
1.0405
0.947648
0.977417
1.01177
0.948067
0.961973
1.10549
1.0179
1.01731
0.84915
1.06094
1.00263
0.821246
0.992993
1.02665
1.00831
0.832939
1.04233
0.934128
0.938757
0.976057
1.10221
0.980915
1.15002
0.936736
0.861693
0.974113
0.936944
1.1936
1.00446
1.05279
0.983761
1.0374
0.942466
1.04483
0.979499
1.05198
1.07104
0.959874
1.04968
0.965306
0.992058
1.04603
0.881913
1.03997
0.990831
0.862439
1.00886
0.950179
1.09846
1.12695
0.911402
0.973541
0.971481
1.09968
0.939702
1.2108
1.08474
1.22553
0.991196
0.832624
1.20987
1.10182
1.0598
1.03276
0.944656
0.940273
1.16219
1.13391
1.19212
1.11795
0.874559
0.903042
1.38632
1.14527
1.17319
0.999215
1.09637
1.13661
0.894835
1.11319
0.907018
1.06593
1.04927
1.11028
0.880068
1.06241
1.06228
1.05531
0.867573
1.0287
0.978221
0.862832
1.11044
1.10134
1.03318
1.15388
1.01166
1.17592
1.00265
1.22127
1.04728
0.996399
1.06961
0.908
1.03051
1.22527
1.2001
0.995663
1.02093
0.871219
0.960655
0.823888
0.990843
1.13781
1.01979
0.824052
1.10086
1.07775
1.02537
1.02715
0.927366
0.943955
0.914529
1.07766
1.05866
0.91714
1.02179
0.842058
0.938281
1.06187
0.915974
1.03229
1.19867
1.03952
1.13868
1.28161
0.803561
0.852952
1.14715
0.992632
0.995398
1.07503
0.806166
0.875461
1.12987
0.885407
1.09195
0.954224
1.05619
0.905329
1.03362
0.907734
1.01193
0.967736
0.989218
1.04362
0.952057
0.819986
1.01331
0.900205
0.91534
1.23643
1.16946
0.886153
0.892148
1.06916
0.988181
1.07143
1.0595
1.13192
1.10615
1.03337
1.12681
0.963751
0.929901
0.988359
0.951661
1.05878
1.17076
1.08498
1.07159
0.851631
0.929173
0.926554
1.085
0.876874
0.778251
0.82627
1.05929
0.878553
0.864061
1.17492
1.03663
0.851034
0.994058
0.900144
1.0404
0.92089
0.994204
1.05165
0.992142
0.99753
0.937586
1.08977
0.892744
0.954337
1.22087
0.992957
1.11141
1.04517
1.08353
1.08333
0.805777
1.10699
0.787132
0.997871
0.836379
1.02137
1.10067
0.892491
0.954659
1.05258
1.0098
0.908026
0.978474
0.965975
1.09679
1.10638
0.889699
0.950883
1.0139
1.1555
0.839291
1.0326
0.942699
0.871159
1.0768
0.996201
0.922061
0.929456
1.03977
0.942379
0.939058
0.959067
1.08151
1.03535
0.927622
0.981241
1.04871
0.927678
1.03022
0.972871
1.05513
0.882378
1.00773
0.979855
1.0463
0.986275
0.938449
0.875523
1.02638
0.99362
0.908687
1.13667
0.914063
1.14639
0.914076
0.9941
0.958457
1.22519
0.862845
0.986458
0.940469
0.885989
0.930922
1.23525
0.949546
0.911002
0.896409
1.03931
0.878686
0.836378
0.991311
1.01123
0.937758
1.00581
0.924232
0.92023
0.93962
0.825549
0.968839
0.994098
0.97453
0.868989
0.864331
1.11352
0.908278
1.00278
1.12033
1.0646
0.899936
1.10977
1.06267
0.978392
0.833798
1.11803
0.860173
1.04195
1.0155
1.15707
1.17279
1.12803
0.891006
1.00766
1.07476
0.99568
1.13738
0.884519
1.21802
1.09581
1.11985
0.968456
1.12486
0.96373
0.854288
0.979241
1.03565
0.970302
1.05444
1.04001
0.92441
1.02888
1.10364
0.94789
1.04138
1.05156
1.09809
0.911299
0.905732
0.978296
0.962739
1.14066
1.04449
1.0103
1.02863
0.899665
1.00342
1.0301
0.972599
1.06669
0.939894
1.03291
0.874337
0.985343
1.00952
0.827532
0.995085
0.896321
0.894576
0.772985
1.2052
1.08531
0.973232
0.996127
0.894941
0.955276
1.14382
1.1552
0.956228
0.973112
0.997407
0.933879
1.06788
1.06663
0.9166
0.896635
1.06832
1.09883
0.988003
0.957107
0.989884
1.00224
1.25051
1.06954
0.998107
0.90952
0.953822
1.084
0.830066
0.983252
1.12799
0.902492
1.02431
1.21252
0.983446
0.982161
0.791312
1.18585
0.987285
0.917692
1.00928
0.948403
1.02956
1.04831
0.97063
1.17732
0.871633
1.02993
1.05497
0.919219
1.07675
0.976479
1.00178
1.016
0.820689
1.12963
1.26545
0.926759
1.02433
1.17596
0.923639
1.04565
1.02384
0.895428
0.836484
1.05406
0.852401
0.872659
1.11632
1.06297
0.863073
1.04356
0.913357
0.934751
1.04453
0.96209
0.85498
1.12783
0.980596
0.96781
0.843211
0.981233
1.04717
1.11734
1.02574
0.918852
1.02923
1.07503
0.742841
0.995335
1.06274
0.930303
1.09715
1.00322
1.12509
1.13062
1.01395
1.12496
1.06463
0.993144
1.067
0.952642
0.981658
0.944273
0.797642
0.845636
0.960615
0.915808
0.935648
0.958496
1.13272
1.01476
1.1703
0.880045
1.06015
1.04371
1.08137
1.07427
0.941938
1.09763
1.09711
1.03534
0.839416
0.879229
0.789051
0.827517
1.02461
0.941407
0.993223
0.950589
0.962418
0.992674
0.985541
1.37634
1.01268
0.988057
0.999556
1.04237
1.07434
1.0405
1.02919
0.833396
0.929253
1.11252
1.15863
1.01331
0.979338
1.10023
0.868018
0.850758
0.965829
1.01426
1.08517
1.1322
1.03989
1.07461
0.836819
0.998704
0.892252
0.951805
0.980801
0.976928
0.988129
0.9246
0.972124
0.836357
1.02487
0.992967
0.931038
0.923314
1.10801
0.843016
1.01006
0.969591
1.20996
1.16035
0.864463
0.797486
0.870747
0.969494
1.16459
1.07916
1.07386
0.993421
0.908059
0.95655
0.85154
1.08125
1.00529
1.038
0.919499
0.80091
0.964376
1.05977
1.04475
0.882281
0.89409
1.0307
1.00875
0.996262
1.02567
0.78996
1.04255
0.975393
1.11795
0.938148
1.03586
1.16269
1.06247
0.891782
1.07293
0.791376
1.03216
0.929792
0.986882
1.04141
1.03348
1.01329
1.0604
0.983416
1.0072
0.914853
1.06533
0.876749
0.811713
1.06959
0.763305
1.12905
0.932339
1.11589
1.04197
1.186
1.02218
1.24854
1.05439
0.939734
1.06049
1.13211
0.974148
1.0487
0.959611
0.907527
0.933239
0.978059
0.973529
1.00044
1.12112
1.01841
0.905384
0.93883
1.13691
0.958906
1.25787
1.00172
1.0016
0.859354
0.973284
1.0692
1.12515
0.965395
0.878768
1.02915
0.956551
1.05517
0.975429
0.865352
1.00269
0.918706
1.07282
1.01857
1.26777
1.00207
0.930258
1.23192
0.973874
0.882968
1.06096
0.899771
0.986334
0.833959
1.06949
1.10389
0.92178
1.06407
1.11676
0.924982
1.14412
1.17801
0.908719
1.09018
0.957622
1.04233
0.933065
1.16705
0.82743
0.990161
0.909919
0.923075
1.01168
1.05588
1.05319
1.03608
1.06159
0.869215
1.18207
0.920749
1.06781
0.989472
0.940544
1.05958
0.960551
0.982884
0.909048
1.17431
0.913258
0.986236
0.970788
1.00603
1.08355
1.00933
0.764117
0.973209
1.05863
0.9757
0.903089
0.9091
1.11389
1.03061
0.954083
1.13737
0.904854
1.20453
0.904516
0.923017
0.860054
0.913578
1.06763
1.28981
1.04548
0.943518
1.01865
1.02619
1.09333
1.00781
1.0644
1.09663
0.888693
1.05066
0.99867
1.12247
1.01793
0.925057
1.08136
1.01331
1.07779
0.921533
1.01007
0.936229
1.04462
0.977583
1.11754
1.03512
0.81949
1.12552
0.786901
0.879442
1.04537
1.14189
0.988642
1.15104
1.02048
0.927813
1.08101
0.857981
1.08852
1.18503
0.716506
0.969869
1.04731
0.9344
0.936055
0.967329
0.97273
0.964588
1.08458
0.865189
1.16905
1.12529
0.847483
0.738648
0.929121
0.953422
1.00974
0.929894
0.860699
1.03459
1.00983
1.09981
1.21208
1.18483
0.822803
1.01512
0.998629
0.96576
0.945026
0.946784
0.988559
0.976789
1.15086
0.978941
1.0752
0.947017
1.02014
1.00084
0.967525
0.927353
0.927399
1.1003
0.78836
1.23033
1.05857
0.912402
0.977472
1.02485
0.983315
0.763842
1.08125
1.07018
1.05752
0.887367
1.05659
1.00572
0.988072
1.16376
1.03739
1.08885
1.04112
1.06236
0.958956
1.09337
1.07415
1.12994
0.929333
0.983721
0.870096
1.16462
0.85567
1.04631
1.10599
0.972831
1.01021
0.934372
1.18854
1.13611
1.06774
0.751263
1.20818
0.841577
1.15819
1.02067
0.974753
0.995497
0.925619
0.941248
0.948761
1.14276
0.955119
1.05044
1.03467
0.964
0.931121
0.873223
1.11382
1.12346
0.997752
1.11888
1.04691
1.11646
0.88718
0.967009
1.09031
1.06777
0.94183
0.830935
0.955049
1.06663
1.17598
0.954934
1.01181
0.97051
0.993277
1.03881
1.04233
1.05623
0.909385
1.11732
0.966129
0.923582
1.0232
0.911037
1.03554
0.907584
1.13392
0.891337
1.137
0.853913
0.845535
1.01732
0.803467
0.909963
1.12609
1.0754
0.989809
0.935467
1.03298
1.02997
0.915442
0.960231
1.20432
0.975661
1.02912
0.975601
1.08169
0.927339
0.861375
1.03854
1.04054
1.04948
0.994819
1.13657
1.02649
1.07386
0.951142
1.04646
0.952699
0.836838
1.12231
1.02049
0.861074
0.972933
1.07306
1.02479
1.0968
1.04648
0.985977
1.02328
1.26984
0.955358
1.03829
0.899434
1.14285
1.00896
0.955635
0.925411
1.19527
1.05356
0.911359
1.02138
1.18503
0.80701
0.948779
1.04906
0.917663
1.0705
0.949408
1.1334
0.818206
0.959103
0.949849
1.02732
1.03207
1.24847
0.993712
1.08914
0.987172
1.03382
0.848161
1.06637
1.07789
1.07767
0.855376
0.877839
1.05143
1.15064
0.978526
1.17376
0.987963
0.868184
1.05895
1.06978
0.917974
1.1278
0.977082
1.00209
0.904515
1.04497
1.06926
1.1595
1.04837
1.00149
1.08587
0.914341
0.890857
0.846097
0.751646
0.856923
0.919178
0.959582
0.930474
0.856948
1.04663
0.987115
0.977371
1.05437
0.963074
1.14896
0.940013
0.862559
1.07616
0.882516
0.768336
0.956863
0.956289
1.05035
1.21208
1.21832
1.07817
1.09211
1.04217
1.14643
1.13615
1.04413
1.18806
1.10193
1.09053
1.0104
1.15903
0.969187
1.02249
1.08806
1.15401
1.13202
1.03457
1.09337
1.0979
1.17446
0.807937
0.877835
0.983277
0.941921
0.991509
0.895799
1.05247
1.1227
0.910481
0.95897
0.986402
1.0934
0.956523
1.04885
1.008
1.05563
1.01396
1.10769
0.993768
0.96494
1.18102
0.889637
0.994055
1.00879
0.911885
1.10361
0.963967
1.06985
1.14178
1.02619
0.966276
0.970637
1.12786
1.10079
0.912257
1.05729
1.09471
1.11018
1.056
0.919622
1.02581
0.856439
1.05293
0.850088
0.772089
0.792414
1.01629
0.851797
0.782313
0.90048
1.17379
1.0001
0.982038
0.904627
0.91617
0.947717
0.886901
0.996201
0.947133
0.885712
1.03295
1.12108
1.10521
0.841688
1.11934
1.13706
1.02391
1.02442
1.02467
1.15929
0.865338
0.992511
0.918278
1.09299
0.929948
0.933846
0.893622
1.01541
0.98551
0.998884
0.923546
1.16308
1.0237
0.885152
0.950551
1.01105
1.18755
1.04451
0.92792
0.964678
0.974258
0.989188
0.96644
1.08531
1.13207
0.85913
1.04741
1.01546
0.884511
1.02607
0.97303
1.00941
1.09277
0.93184
0.89233
1.13212
0.940192
0.891441
1.00143
1.02352
1.11765
0.994298
1.10294
0.981718
1.0878
0.947626
0.855078
1.05726
1.01882
0.861422
0.988541
1.01133
0.990167
1.07704
1.00762
1.04352
0.96747
1.03918
1.05805
1.13837
1.02772
0.959485
1.11377
0.88877
1.11904
1.03831
0.934798
0.900078
0.904366
1.11183
0.96838
0.919032
0.864672
1.0962
0.977845
1.07727
0.997021
0.890091
1.12347
0.88329
1.13208
0.856296
0.823265
0.930274
0.87672
1.12832
0.980798
1.108
1.05385
0.869498
0.839358
1.15262
0.921402
1.12707
1.00226
0.996013
1.11616
0.887612
1.04914
0.913289
0.993099
1.13761
1.01707
0.964081
0.946716
1.10561
0.826537
0.95121
1.09072
0.961644
0.946988
0.93608
0.936515
0.949331
0.952615
1.10931
0.966928
0.988917
1.1997
0.96698
0.7974
1.17338
0.888835
1.0504
0.858887
1.06671
1.0689
0.821587
1.07245
0.902632
0.963665
0.921782
0.916361
1.11943
0.926896
1.07307
0.905169
1.03915
1.15811
0.854132
0.949017
1.11417
0.825328
1.03534
1.11836
0.941496
1.06845
1.11008
1.02855
0.930898
1.01488
0.999566
0.947279
0.909908
1.2599
1.05277
0.967653
0.947127
1.05265
1.07428
1.08365
0.977336
0.847094
0.935528
0.920112
0.927431
0.94826
0.976343
1.16681
1.01886
0.951955
0.923779
1.0269
1.04252
0.895431
1.06798
1.00995
0.995473
0.837172
0.947783
1.01084
1.02919
0.981876
0.929129
0.981184
0.977058
0.983623
0.999637
0.837887
1.27722
1.10613
0.923376
1.02455
1.22837
0.975061
0.992903
0.914037
1.09016
1.05218
0.918022
1.16043
1.01082
0.986186
1.15548
1.02661
1.09564
0.997754
0.814699
0.945209
0.882061
1.0253
1.0903
0.953114
1.02462
1.18753
1.07019
1.14586
0.884877
1.10489
0.841112
0.82018
0.902044
0.894003
1.05372
0.957405
0.797207
1.05687
1.00631
0.898309
1.01399
0.776636
1.03452
0.953568
0.930061
0.989251
1.01645
0.7911
1.06277
1.01778
1.06182
0.876504
0.899149
1.11333
0.96832
1.04235
0.7845
0.967309
0.917696
0.921584
1.06288
1.19878
0.91613
0.957888
0.802978
1.1602
0.934319
0.909308
1.23144
0.93316
1.06307
0.833717
1.05045
1.05864
1.03139
1.08392
0.897927
1.23537
1.1498
1.28927
0.904134
1.09963
0.957465
0.992613
1.08126
0.793257
1.15845
1.02255
0.982277
1.07473
1.0783
1.08132
1.09597
0.953909
1.10046
0.950871
0.979019
1.00057
0.954268
0.998577
0.968378
0.927803
0.910015
0.977329
0.952424
0.932118
1.08868
0.981835
0.805938
1.07917
1.17898
0.965123
0.804799
1.13017
0.871968
0.92491
0.885978
1.00424
1.04444
1.00233
0.841772
1.11843
1.10448
0.939891
0.931108
1.06888
0.982903
1.03587
0.846844
1.00947
0.761509
0.902904
1.04686
0.9114
0.952626
0.970517
1.06616
1.16013
0.889305
0.914515
0.977403
1.03345
1.03708
0.909752
0.941473
0.953792
0.985764
1.1291
1.10518
1.09007
1.12709
0.894879
1.02379
1.0047
1.03881
1.04726
1.08007
1.09252
0.846024
1.0275
0.998483
0.963927
1.17526
0.909
0.876782
1.16495
1.05863
0.836532
0.970248
0.933818
1.04481
0.892062
1.0457
0.905149
1.01404
1.19884
1.02481
1.20872
0.898067
0.918506
1.02506
1.13502
1.09531
0.941353
0.959997
1.02424
1.13539
1.11517
1.10121
0.936888
1.19116
0.971452
0.973793
0.995455
0.989631
0.944206
0.865889
1.01658
0.898348
0.98421
1.04122
0.866645
1.04327
0.982885
1.23271
0.869137
0.990074
0.68095
0.932616
0.936299
0.924242
1.03198
0.957482
1.14957
1.0203
1.10341
1.06297
1.21612
0.788129
1.04004
0.948374
0.984797
1.13271
0.813937
1.16205
1.01608
1.00299
0.912203
1.06122
1.1934
0.990229
1.05638
1.12042
1.00734
0.969353
0.978123
1.07537
0.825554
1.10696
1.04633
1.26219
1.11894
1.14397
0.970476
1.00516
0.99093
0.999706
0.911348
1.01101
0.932902
1.10686
0.958211
1.11675
1.09044
0.95261
0.925715
0.938546
1.07845
0.895081
0.943366
0.922487
0.863342
1.02734
0.887689
0.995844
1.05448
1.09175
0.911964
1.01081
0.989433
1.06946
1.02239
0.975713
0.921393
0.965083
0.948847
0.853436
1.13207
1.04681
1.06837
0.926562
1.00277
0.867209
1.11912
1.0376
0.93446
1.03334
0.975174
0.878857
0.934777
0.975755
1.04763
1.0268
1.13971
0.876677
0.973204
1.10946
1.01876
1.07996
1.01519
1.05685
1.0661
1.0126
0.98564
0.945496
0.936882
1.05003
0.941275
0.956535
1.0227
1.0135
1.10601
0.927401
1.01538
0.966808
1.1074
0.901041
0.972498
1.04365
1.07468
0.896248
0.941064
0.952104
0.947855
1.12945
1.12059
0.8825
1.0453
1.14119
1.01219
0.776543
0.829738
0.911572
0.965418
1.149
0.957841
0.811374
1.17417
1.0244
1.09609
1.20244
0.937877
1.05254
1.06163
1.09461
1.08654
0.990791
0.985196
0.936526
1.01937
1.12216
1.00193
1.00347
1.15084
0.9474
0.991413
1.15253
0.831661
1.04286
1.12021
1.0675
0.876519
1.11966
0.999358
0.982608
0.801912
1.00808
0.9196
0.882252
0.994287
1.03294
1.01093
0.937923
1.01593
1.20505
0.887349
0.985838
0.948876
0.9715
0.875849
1.03634
0.943076
1.21425
0.872674
1.11082
1.04044
1.07068
0.947543
0.922346
0.917579
1.03462
0.94451
1.20726
1.07635
0.942948
1.06018
0.888716
1.05196
1.11318
0.926439
1.02928
0.96225
1.13118
1.08941
1.04678
0.930909
1.09763
0.871707
0.977035
1.05213
1.05299
0.90015
1.05711
1.06303
1.01725
1.02928
0.963767
0.96146
1.11005
1.14268
0.804393
0.862323
1.01532
1.0098
0.939842
1.04746
0.934653
0.922265
0.928679
1.07173
0.942291
0.835053
1.13216
0.825557
0.942356
0.956857
1.20274
0.874308
0.993
1.04225
1.05562
1.00639
0.977766
0.959137
0.973108
1.16873
0.982358
1.00109
0.903668
0.848238
0.922645
1.04296
0.792262
0.911784
1.08062
1.13261
1.05182
0.98459
0.898718
0.995859
0.770111
1.17555
0.890654
0.780987
0.955898
0.874518
1.07852
0.84137
1.12863
0.963003
1.05437
0.887782
1.02375
0.932237
0.869909
1.00467
1.01394
1.09601
0.877868
1.20636
1.06182
1.03155
0.966217
1.0317
0.979899
1.04578
0.980319
0.997683
1.01286
1.14221
0.866292
1.05214
0.868964
1.00572
0.903028
0.858632
0.872508
1.01007
0.937238
1.05846
1.00353
1.01449
1.02894
1.02889
1.08725
0.977636
1.03143
0.973496
0.935377
1.09134
0.851494
0.977946
1.1449
0.856931
1.24898
1.18261
1.101
0.949582
0.992604
0.98746
0.949471
0.937985
0.899271
0.914816
0.835225
1.05586
0.923412
1.02458
0.933678
0.997927
1.05021
1.07658
0.881057
1.00501
0.948342
1.1307
1.12669
0.990901
0.890651
0.983608
0.977222
1.05238
0.917895
0.971204
1.05734
0.947109
1.20758
0.853991
1.01527
0.943189
0.981364
0.880517
1.03524
0.862967
1.07958
1.08938
0.992
0.960915
0.961293
1.0629
1.09921
1.02319
0.99616
0.962588
1.20629
1.01884
1.04193
0.925059
0.843073
1.05343
1.02833
0.912215
0.930537
0.941689
0.927799
0.938907
0.99552
0.836643
0.840815
1.12756
1.08166
1.00019
0.965289
0.977294
1.13215
0.902668
0.907923
1.11532
1.05587
1.06742
1.19526
0.889133
1.0304
1.02032
1.14826
1.05965
1.02388
0.975727
1.03144
1.00747
0.916011
1.0272
1.0432
1.11609
1.0612
1.0569
1.06074
1.02188
1.06053
1.00325
1.03834
1.12869
0.911426
1.03907
1.02989
1.00383
1.10481
0.958479
1.00152
1.03885
0.988552
1.21458
1.04255
0.938718
0.972909
0.997584
0.916158
1.13085
1.00647
0.956809
0.779
0.931425
0.886431
0.847164
1.05959
1.02771
1.14885
0.957105
1.00007
0.952028
0.897732
1.03641
1.0905
1.11536
0.88552
1.17103
1.13701
1.00706
1.00336
1.07824
1.10611
1.0585
0.852795
1.2255
1.01299
1.00105
0.937942
1.12575
1.07237
1.01854
0.923648
0.884675
1.08646
1.13009
0.927118
1.05577
0.91743
1.0881
0.973536
1.04444
0.855196
0.965305
1.17128
0.967228
1.06063
0.933302
1.05582
0.958873
1.15594
1.09757
0.973099
0.94818
1.00139
0.884124
1.04027
1.18154
0.968652
1.00707
1.01678
1.01138
0.893717
0.875118
1.39879
0.989505
1.10189
0.995655
1.41213
0.900548
0.870584
1.04282
0.879325
1.0817
1.0121
1.028
0.960342
0.827263
0.968912
0.946621
1.12324
1.04688
1.09171
1.03018
0.830506
1.10025
0.834581
0.905459
1.01677
1.05549
0.958282
1.06318
0.987978
0.986049
0.808009
1.0267
1.07938
0.882413
1.06789
0.95617
0.859643
0.829054
0.983158
1.05311
1.13128
0.863511
1.01711
0.967467
1.07414
0.802637
1.06082
0.991705
0.769999
1.01472
0.965487
1.11014
0.963447
1.13083
0.900354
0.87243
0.906266
1.1963
1.03154
1.16526
1.13086
1.12209
1.04473
0.972041
0.930328
0.998892
1.09034
1.10484
1.1385
1.09602
0.931054
0.9478
1.19624
1.18993
0.965664
0.763593
0.926884
0.841473
1.0318
0.828778
0.981558
0.913286
1.01051
1.01232
0.963549
1.05957
0.982755
1.0263
1.09095
0.916368
1.00989
0.939342
1.1364
0.88956
0.853263
1.1112
1.03059
1.09825
1.05284
1.06504
1.17162
1.04637
0.94311
0.972548
1.02156
1.14685
0.9666
1.24682
1.01049
1.00942
0.982031
1.08107
1.06733
1.05473
1.15999
1.12231
1.11736
0.876437
0.997736
0.948676
0.995184
1.00105
1.19975
1.08168
0.883827
0.933355
1.10673
1.01001
1.07256
1.13788
1.10795
0.975884
1.04904
0.940693
0.960483
1.06575
0.91811
0.923059
1.03445
1.01365
1.00005
1.02306
1.08193
0.873528
0.867215
0.961646
0.876294
0.952273
0.993064
0.874184
1.01461
1.01033
1.05909
1.10286
0.906855
1.02419
0.835345
1.03151
0.944546
1.08919
1.09239
1.0167
0.966525
0.941692
0.94317
0.934774
1.13441
0.811767
0.983327
0.944232
0.916601
0.966842
1.02378
1.00904
1.0792
0.825223
1.09134
0.966716
1.05465
1.08023
0.981891
0.839361
1.12032
1.17016
0.889549
1.1492
0.980956
1.01716
0.928425
1.21788
0.815515
0.967793
0.930092
1.20585
0.89468
0.984559
0.958693
1.12419
1.00037
1.2196
0.990188
0.867824
0.956193
0.951032
0.989025
1.06448
1.00812
1.05251
0.977069
0.989581
1.06638
0.987515
0.958735
0.972827
1.09212
1.05543
1.11136
0.908432
1.03967
0.93371
1.05384
1.00055
1.06547
0.949125
1.04721
1.09169
0.995939
1.06885
1.06635
1.08759
1.04326
0.884937
1.24908
1.29901
1.22276
0.998556
0.94356
1.05684
0.899946
0.900647
0.904505
0.946347
0.885063
0.944337
1.13497
0.975921
0.998678
1.02278
0.905746
0.933337
0.983937
0.933647
1.14812
0.953547
0.994129
1.02893
1.12982
1.07791
1.01693
1.00297
0.966812
1.01886
1.02807
0.8315
0.974338
1.09804
0.854413
0.970383
0.952792
1.09372
0.884667
0.96354
0.969079
1.10398
0.883085
0.835501
0.958463
0.91901
1.21572
1.00807
1.06918
1.18066
1.01296
1.09284
0.973343
1.00937
0.972219
0.991639
1.13052
0.856223
0.88985
1.07996
0.856535
0.882213
1.03676
0.975248
1.04729
0.971402
0.938306
0.876173
1.14147
0.954159
0.97676
1.00776
0.968457
1.11138
1.12212
1.04629
1.06567
0.923405
1.07027
1.03846
0.9374
1.00304
0.910952
1.20829
0.987827
1.01102
1.08369
1.14281
1.04119
0.98308
1.09313
0.957819
1.06024
0.842553
1.01604
1.16849
0.865286
0.937307
1.02684
1.05647
0.938264
1.0555
1.01208
0.88933
1.27473
1.02675
1.17271
0.860227
1.13902
1.10913
1.04579
0.835617
0.955747
1.07743
0.997317
1.04612
1.01014
1.0175
0.909417
1.0127
0.968662
1.04628
0.940346
1.13606
1.08581
0.975944
0.901641
0.93782
1.02853
1.06052
0.999812
0.960959
1.15495
0.984371
0.970883
0.925697
1.02062
1.037
0.899864
0.969179
1.02028
1.1469
0.988229
0.972468
0.937363
1.00877
1.15492
0.981576
0.888302
0.864123
1.05241
1.17299
0.952954
1.0328
0.99232
0.993014
0.871653
1.08847
1.07732
1.00922
1.12379
0.799787
0.97485
0.892218
0.998667
1.14488
0.985463
1.08901
0.787739
1.10112
0.878762
0.904944
0.995212
1.06326
0.885922
1.04861
0.907394
1.08509
0.909257
1.06867
1.07404
0.986391
0.885007
0.91714
1.07668
0.955505
1.00187
0.950816
0.97862
0.857931
0.973226
1.06116
1.01009
0.886595
1.07715
1.08578
1.00254
0.97318
1.05413
0.998389
0.980038
0.964371
1.08051
0.949061
1.08398
0.905513
1.08551
1.15013
0.938989
0.6654
1.14313
1.10459
0.973155
1.01752
1.04733
1.04321
1.00618
1.14151
1.33256
0.883666
1.01818
1.11042
1.07856
0.941703
0.974189
0.785465
0.939878
1.01467
1.12479
0.902725
1.01266
1.08074
0.990081
0.978818
1.05019
0.895979
0.787663
0.809499
0.932129
0.909554
0.979189
0.998977
0.91505
0.929918
0.999955
1.17285
1.0102
0.880286
1.00454
0.982502
1.10057
1.01917
1.10017
1.12457
1.11888
0.986403
1.12038
1.07412
0.814709
1.09903
1.14722
1.02613
1.14697
1.12171
0.886956
0.935132
1.07727
0.976255
1.13868
1.14367
0.887575
1.04411
1.07513
1.0664
0.998711
0.947175
0.990986
1.09609
1.07819
0.917899
1.09725
0.867842
1.09753
1.17211
0.893748
1.05126
1.10116
0.927234
0.919393
1.11852
0.943467
0.827935
1.01005
1.13173
1.04257
0.918018
0.957687
0.967272
0.997522
0.848858
1.17999
0.940515
0.961719
0.977505
0.892691
0.88829
0.873635
1.01517
0.961726
0.970189
1.15969
0.94974
1.068
1.04797
0.953895
1.09203
0.99643
0.971154
0.979864
0.959757
1.02009
1.25922
0.926701
0.701166
1.12285
0.973695
1.03187
0.933746
0.981898
0.882727
0.895991
0.963038
0.863469
1.12476
0.930807
0.788418
1.14268
1.05454
0.918154
1.09673
0.845928
1.13517
0.833021
0.76318
1.03737
1.13019
1.24622
1.03326
1.01062
1.00216
1.08873
0.992852
0.98142
0.838058
0.786447
0.942896
0.875141
1.13333
1.08691
0.766331
0.943368
0.946902
1.16537
0.931405
0.870795
1.10446
0.934645
0.990968
0.909354
0.986035
0.926586
1.01492
1.00077
1.00195
1.03372
1.13815
0.914654
0.898068
1.13623
0.990644
1.14542
1.06577
1.12183
1.0644
0.815365
0.98701
1.15088
1.06215
0.919598
0.88653
1.06902
1.01899
1.02396
1.07056
1.008
0.978221
0.899508
1.0386
0.964454
1.0266
1.04199
0.952732
1.08229
0.85298
1.02173
0.955691
0.952485
0.91557
1.06923
1.1024
1.08302
0.883795
0.886313
0.915915
1.00583
0.979921
1.17452
0.954406
0.906151
1.04016
1.06755
1.04064
0.971768
1.07965
0.805268
0.874652
0.889728
1.01775
0.872722
0.798965
1.00869
1.03092
0.997463
0.731392
1.07267
1.02653
0.910214
0.93209
0.996583
0.96
1.10513
0.928532
0.941013
0.951962
1.08958
0.912874
0.965187
1.04513
1.00761
0.971636
1.04625
0.984535
1.02573
0.973929
1.0386
1.14883
1.21406
1.09155
1.00132
1.02257
1.02492
1.03337
1.16128
1.1267
1.04126
1.01904
1.01233
1.09647
1.09586
0.915513
1.03145
0.93524
0.995596
0.96673
1.00169
0.938748
1.14309
0.947098
1.01942
0.993745
0.986279
0.994245
0.973349
0.88734
1.02921
0.991482
0.864776
1.00832
1.06764
1.08777
1.04929
1.07041
0.897459
1.15573
0.918072
1.03078
0.967317
1.0537
1.17724
0.985562
1.01803
1.00715
1.10377
0.981754
1.02425
1.03949
1.04246
1.09637
1.08847
0.958172
0.862536
1.07357
1.13908
1.06583
1.11448
1.03515
1.02973
0.768126
0.988518
1.22481
1.27832
1.02184
1.0338
1.04436
0.773402
1.17966
1.26421
1.2632
0.932076
0.917232
1.10548
1.08935
1.00344
1.00944
0.952574
0.884741
1.00097
0.944185
0.946972
0.999
1.00905
0.893886
0.95778
1.02612
1.03064
0.90984
0.840592
0.99127
0.955585
0.973009
1.08289
1.00918
1.05996
0.903305
0.963057
0.872875
0.919865
0.962749
1.02598
1.14717
0.923823
1.10735
1.02334
0.988078
0.851323
1.1094
0.905774
1.10478
1.21883
0.965567
0.846409
0.965657
1.04629
0.918911
0.929029
1.01227
0.921892
1.08166
1.00035
1.03112
1.00622
1.02457
0.976649
0.829314
1.02843
0.853007
0.84636
1.02264
1.19108
0.937177
1.12577
1.0538
0.941575
1.02398
1.08033
1.09903
1.08877
0.826498
0.951359
0.973699
0.828097
1.03941
0.793126
1.06776
1.00245
1.11173
0.99833
0.933971
0.908232
1.04508
1.18312
0.833352
0.989202
0.882036
1.00845
0.927383
0.949374
1.06978
0.968844
0.936961
0.896142
0.982262
0.960477
0.985145
0.957241
1.05333
0.939894
1.07562
1.01686
0.930383
1.06548
1.23079
0.961873
1.08598
0.930625
0.900481
1.08242
0.989197
0.902184
0.938716
0.897031
0.898883
0.983236
1.05043
1.11903
1.13342
0.946918
0.941915
1.137
0.924921
0.994273
1.17703
1.11408
0.955793
1.00638
1.1205
1.0541
1.03303
1.05714
1.01193
1.05035
0.962293
1.13881
1.11629
1.12536
0.953093
0.907354
0.948503
0.877103
0.884796
0.866031
1.05726
0.992754
1.1638
1.03731
1.05054
1.03034
0.959172
0.967824
1.01041
0.960464
0.930262
1.07768
0.988026
1.09339
1.17046
0.909096
1.1064
0.859038
0.817265
0.919533
0.997006
0.966133
0.93362
0.894431
1.0818
1.06533
0.965672
1.03979
0.959143
0.890304
0.797193
1.01108
0.857971
1.06795
1.04075
0.897286
0.923891
1.05475
0.925326
1.12503
1.12602
0.856941
0.974681
0.83104
1.21794
1.00004
0.88077
1.06226
0.828668
1.00714
0.988861
0.920098
1.03397
1.01045
1.08108
0.863659
1.0442
1.03724
1.01294
0.957685
0.847012
1.15526
1.13483
1.04441
0.968893
0.996594
1.12036
1.23216
0.95363
0.828812
0.986996
0.980646
1.05224
0.856226
1.05947
0.914305
1.02742
1.1172
1.13127
0.973242
0.840291
0.867398
1.03046
1.04135
0.938196
1.1349
0.993934
1.05298
0.911729
0.85521
0.872786
1.06771
1.02978
1.16156
0.884988
1.24066
1.04413
1.02614
1.03407
1.02964
0.833912
1.20973
0.946157
0.998975
0.961969
0.936618
0.978908
0.940126
0.940752
0.944009
1.03656
1.03342
0.985304
1.01034
0.971386
0.93647
0.925238
1.01135
0.979911
0.924809
1.069
0.988661
1.07375
1.27962
0.865569
1.13044
0.940518
0.969137
1.2251
0.93795
1.0244
1.17788
0.937185
1.13109
1.02579
0.902642
0.955888
1.03764
1.09127
0.902004
0.897034
1.00121
1.12393
0.828588
0.988537
1.03523
1.02646
0.975716
1.09304
1.06866
0.895468
1.07341
0.983685
1.12194
1.05189
1.12194
0.937323
1.02842
0.967113
0.989218
1.04528
1.02458
0.906597
0.89134
1.08179
1.02355
1.05752
0.80064
0.963534
0.928119
1.03605
1.02138
0.966184
0.983389
1.11318
1.05675
1.08027
1.07715
0.884863
1.2058
0.955774
0.932585
0.986391
0.931393
0.910738
1.10301
0.952951
0.990749
0.934376
1.25985
0.975225
0.986905
1.00527
1.07777
0.895694
0.889714
1.08133
1.05691
1.11526
1.05196
1.14258
1.00613
0.975106
1.0401
0.848012
0.903274
0.809206
0.947207
0.735688
1.07287
1.10441
0.912255
0.951762
1.05585
1.03974
1.18857
1.05178
1.14924
0.972686
1.06749
0.912791
0.951422
1.16321
0.943087
0.86286
1.00888
1.06508
1.03521
0.822581
0.997941
1.09828
1.07325
0.950766
1.00024
0.954848
1.01598
0.866915
1.04368
1.0112
0.956334
0.925824
0.968318
1.07039
1.19701
0.877978
1.04788
0.8242
0.778864
1.04093
1.13613
1.0239
1.09534
0.892392
0.846092
1.05737
0.915851
0.9967
1.07508
0.933512
1.02526
1.02259
1.06822
0.95953
0.866211
0.982285
1.03701
0.932744
1.02811
0.97988
1.07851
1.00674
1.10539
1.03798
1.04007
1.05281
1.07571
1.14219
1.06381
0.873313
1.01569
0.980906
1.19823
0.86694
1.01071
1.02463
0.984017
0.978374
0.998285
0.987592
0.99285
0.887017
0.997907
0.858602
0.863504
0.974202
0.9137
0.943693
0.966869
1.1718
0.950802
1.08138
0.950238
1.1397
1.21534
0.826456
1.02255
1.04501
1.09741
1.02062
0.925716
1.24486
0.932315
1.11092
0.988766
0.893514
0.989109
0.854131
0.917759
0.850058
0.906779
1.08291
0.883342
0.933252
1.10381
0.897286
0.914252
1.15827
1.20767
0.97021
0.830019
1.03548
1.00526
0.878321
0.876649
0.931574
1.00266
1.0584
1.02798
1.01899
0.890447
0.987451
1.01365
0.792795
1.11136
0.953005
1.09548
1.12496
1.1984
1.33461
1.00999
1.05913
1.03243
0.972705
1.05707
0.984692
0.943949
1.00043
0.911189
0.875528
0.967218
0.856778
0.945233
0.953865
1.04304
0.708342
0.829684
1.05451
0.993188
0.867621
1.07194
1.06178
1.06113
1.02737
0.962916
1.01443
0.941582
1.10894
1.03621
0.921273
0.826749
1.12553
0.839017
1.05293
0.815449
0.926149
1.02366
1.04071
0.967549
1.0473
1.01497
0.896526
0.859489
0.894468
0.889318
1.03656
0.953891
0.947817
1.04921
0.94186
1.07883
0.934014
0.85772
1.08452
0.922147
1.069
0.88201
0.933011
1.10802
1.10257
1.01116
1.07761
0.938795
1.03101
0.897572
1.05034
1.04118
0.9536
1.01332
0.91867
1.01582
0.967157
0.970983
1.12761
0.894086
0.995356
1.05481
0.878411
0.959291
0.889644
1.17513
0.884485
1.09942
0.93829
1.16754
1.01752
0.853304
0.988468
0.926358
0.97527
0.866072
0.973717
0.967872
0.8927
0.813988
1.0792
0.937532
1.18966
1.07894
0.907269
0.952177
0.855753
1.07204
1.25606
1.01148
1.09964
0.93149
0.858654
0.93037
1.03931
0.89972
0.957094
1.03968
0.887988
1.02572
0.95502
1.07604
1.08202
0.852486
0.98809
0.939458
1.04168
0.903158
1.0747
0.941793
1.04705
0.959662
0.98282
1.05735
0.949139
0.959221
1.19268
1.08193
1.04143
0.901683
1.06225
1.1946
1.0636
1.11256
1.03553
0.936581
0.991721
0.99863
0.953507
1.01098
1.04098
1.04415
0.95666
0.953811
1.20756
0.94639
0.920121
0.908588
1.12413
0.933661
0.91787
0.884804
1.19378
1.20159
1.15047
1.0276
1.12142
1.02896
1.02135
0.98652
1.02834
1.02007
1.04553
1.04966
1.12384
1.00872
0.834954
0.912643
0.883015
1.0612
0.995637
0.817152
1.00194
0.860757
1.23384
0.993228
0.800004
1.11145
1.02749
0.938774
1.00825
0.987398
0.988343
0.899207
1.01504
1.22447
0.987334
0.936089
0.962221
1.16633
1.24554
1.08423
1.01726
1.17099
1.1116
0.865187
1.05999
1.12238
0.93037
0.908122
1.00906
1.00848
0.949041
1.00916
0.936539
0.809281
1.10189
0.958728
1.11189
0.856444
1.18
1.0982
1.10904
1.07876
1.01003
1.14655
0.81283
1.03398
1.17639
0.970962
0.919484
0.905433
1.03727
0.859391
1.05839
1.01372
0.889868
0.892516
1.05885
1.04739
0.962014
0.913061
1.11526
0.975911
1.06708
1.03472
0.903581
0.898373
0.990745
0.936466
1.02822
0.886202
1.00974
0.926252
1.11573
1.13755
1.20103
1.00036
1.06126
1.05125
1.27497
0.914803
0.952762
0.90128
1.0667
0.818501
1.00362
0.813252
0.950285
0.908589
1.04761
0.886101
0.972163
0.768335
1.08064
0.94581
1.10451
0.863458
1.00134
0.987561
1.04395
1.05842
1.22175
0.900425
1.06685
1.0544
1.00741
0.973874
1.0325
0.952505
0.953166
0.959844
1.09943
0.981032
1.00869
0.901702
0.960996
1.13223
1.0492
1.09506
1.03399
0.951759
0.998571
0.898654
0.983241
1.05096
1.09679
1.18522
0.95144
0.943281
0.99577
0.892973
0.999492
0.936604
1.03088
0.805265
0.96131
1.15419
0.967156
1.07021
1.0573
1.04948
0.939541
0.990377
0.937626
0.859219
0.867718
1.06996
0.762543
1.05234
0.900343
0.983678
1.00677
1.0079
1.15222
1.03097
1.00352
1.07575
0.847288
0.885627
1.14985
0.906561
0.814902
0.896231
1.09093
1.00818
0.883077
1.13876
1.05491
1.03732
1.15101
1.05734
0.971645
1.01425
0.954734
0.920935
0.818231
1.02427
0.899857
1.03594
0.930269
0.973617
1.06714
1.15004
0.841297
0.923152
1.07194
1.07429
1.00215
1.01869
0.974203
1.04447
0.969524
0.95594
1.05833
0.959279
0.974119
1.04747
0.839228
1.01371
1.05469
1.24414
1.02691
0.984083
0.925101
1.00055
0.989436
0.935373
1.28646
0.988959
0.97049
1.07884
1.13188
0.91662
1.13621
0.90426
1.11406
0.861088
0.983823
0.95994
0.90983
0.781015
1.059
0.932803
1.015
1.14643
1.00798
1.28239
1.0044
0.982039
0.922501
0.880389
1.15269
0.979836
1.00602
0.936704
1.00217
0.899131
1.13224
1.06788
0.932155
0.897615
0.945534
1.02601
1.1138
0.906138
0.94943
0.97594
0.986677
0.815105
0.971794
1.01232
0.93433
1.23637
0.93887
1.11341
0.928778
1.05421
1.03198
0.830939
0.967575
1.0888
1.03419
1.1245
1.01961
0.914266
0.981473
1.0555
1.11835
0.822651
0.952948
0.935483
0.928285
1.01332
0.900594
1.13696
0.991593
0.986863
1.03963
1.06778
1.00656
0.9181
0.865327
0.980741
1.19641
1.01696
1.0693
0.971709
0.942609
0.960235
0.940576
0.962582
0.99671
0.958731
1.22796
1.15724
1.07936
1.07972
0.946389
1.11624
1.05923
0.969541
1.15631
0.958666
1.05091
1.05719
0.983481
0.83966
0.949216
0.886089
1.13578
1.14192
1.05765
1.05117
0.825404
0.853056
1.07162
1.03728
0.947528
1.0166
0.963033
1.01933
1.02226
0.969428
0.901091
1.1431
1.11556
0.927717
0.950301
0.964061
0.92421
0.891761
0.950736
1.08731
1.01009
0.827832
0.971171
0.937941
0.861887
1.14991
1.01206
0.863574
0.94226
0.921513
0.95167
0.884819
0.95567
0.903422
0.824211
1.11746
1.00078
1.05477
0.989028
0.992873
1.26211
0.941427
1.04367
0.946447
0.757651
0.911598
1.07835
0.937573
0.945695
0.868107
0.903516
0.965821
0.757725
0.856387
0.938547
1.03661
0.936737
0.813944
0.950581
0.9478
0.950475
0.955016
1.13317
1.07764
0.999635
1.06823
1.04643
1.03874
0.857348
1.06148
1.01522
0.928141
0.982403
1.03629
0.884505
0.940704
0.87817
0.974926
0.919462
0.946113
1.06368
0.97292
0.944777
0.934383
1.02612
1.02568
0.951869
1.03893
0.975542
0.854386
1.02165
1.04663
0.989825
1.02221
0.973529
1.03298
0.930354
0.86472
0.994283
0.99819
1.11907
0.951267
1.01808
1.19529
1.00263
1.08137
0.971042
0.948732
0.890591
1.00023
1.02897
1.24091
0.943593
0.998387
0.9837
1.05432
0.88499
0.913136
0.993154
0.930775
0.898916
0.921149
1.01058
1.08294
1.02856
0.943677
1.07241
1.04472
0.92408
1.05911
1.00219
1.03677
1.06336
0.865014
1.28296
1.10497
1.21938
0.936448
0.891497
0.821898
1.10276
0.905925
0.893597
0.923775
1.17066
1.09935
1.02
0.944977
1.03909
1.03483
1.09363
1.01063
1.09424
0.866167
1.05841
1.00906
0.929543
0.990281
1.15931
1.2307
0.801558
0.899145
0.786731
0.858386
1.00927
0.716416
1.03273
0.917827
1.0798
1.22279
1.20729
1.06146
0.978991
0.944797
1.00504
0.877612
0.986796
0.965494
1.04639
1.02026
0.996417
1.02495
0.847729
1.17547
1.12316
1.06845
0.892157
1.04157
1.20517
0.975852
1.03936
0.965347
0.922783
0.846889
0.965105
0.892463
0.958072
1.06744
1.08145
1.04853
1.04321
1.00276
1.00107
0.987515
1.15814
0.957193
1.16941
0.984421
0.919353
0.912306
1.03744
1.0599
1.14426
0.903871
1.06595
0.935024
1.01203
1.03911
0.987024
1.03754
1.0592
0.957603
1.02082
1.12638
0.896981
1.00492
1.0186
1.21644
0.96348
0.911546
0.805275
0.982174
1.0452
0.995668
0.884607
0.971056
0.879143
1.06099
0.971639
1.02805
1.0647
0.999363
1.13345
1.08146
1.09952
1.01716
0.976525
1.02893
1.03029
0.951124
0.933758
0.971018
0.992965
1.02529
1.014
0.93163
0.973379
0.922656
1.04489
1.15939
1.07205
0.937887
1.18261
0.83159
1.03891
0.887697
1.13721
0.936956
1.0912
0.974658
0.840299
0.824337
1.02222
1.06391
1.11774
0.855819
1.00514
1.08968
0.823518
0.905267
1.19687
0.87622
0.874841
0.83797
0.89229
1.03721
1.03128
0.991709
0.927315
0.986004
0.995841
0.924305
1.013
0.887084
0.956462
1.09948
0.866739
0.973652
1.20567
1.03009
0.986055
1.23177
0.893231
0.866897
0.881215
1.03925
1.13303
0.94959
0.907096
0.896177
0.924818
1.13679
1.19647
0.934466
0.88593
0.804517
1.10636
0.891784
1.06686
1.05638
0.933999
0.897594
1.03673
0.950873
0.82337
0.892956
0.905902
0.979907
0.982034
0.887925
0.921922
0.985454
0.807614
0.877176
0.887146
1.12878
1.06411
1.2354
0.912482
0.970931
1.09685
0.978177
1.03954
0.902733
0.964622
1.05402
1.01994
0.867682
0.920565
0.975031
0.992689
1.16258
1.04955
0.958191
0.932558
1.14647
1.05454
1.02869
1.00705
1.08245
1.03524
0.932079
1.07276
0.928794
1.16275
0.868784
1.07691
0.977632
1.04445
0.906039
1.08876
0.856138
1.00735
1.0774
0.832613
0.897402
0.960998
0.958366
0.904535
0.99575
0.952427
0.902128
1.0429
1.11031
1.14404
0.901361
0.953971
0.921599
0.925391
0.925892
1.08439
0.936803
0.987703
0.987645
1.02664
1.01507
0.882234
1.12492
1.02837
0.976474
0.995387
0.805739
0.976191
0.871411
1.02269
1.09286
0.962747
1.2319
0.94764
0.958827
1.12375
0.850023
1.21017
1.01151
0.992068
0.950868
0.890987
1.16144
1.19268
1.20844
0.85116
0.905711
1.01393
0.951225
0.949635
1.02439
0.860799
0.93426
0.811065
0.942933
0.847151
1.02687
1.08833
1.14888
1.04854
1.09661
1.07464
1.194
1.0279
1.0832
0.928972
0.959671
0.948952
0.900215
1.16393
1.05964
0.91392
0.948232
0.891231
1.11183
0.984171
1.04719
0.914467
1.11397
0.909815
0.903641
0.939113
0.856225
1.00879
1.06825
0.91885
0.893875
1.13738
1.07038
1.11545
1.01389
0.913316
0.954458
0.812316
0.925866
1.0526
1.1678
1.08911
1.11707
1.01084
1.02117
0.912301
1.23119
0.958633
1.04517
1.12648
1.2294
1.21034
0.828933
1.2551
1.10972
1.02809
0.977593
1.00105
0.922246
1.10825
0.954734
1.00867
0.937292
1.00893
1.14245
0.98706
0.999345
0.895122
0.911277
0.87619
0.870177
1.01021
1.09985
1.13046
0.90172
0.957415
1.08781
1.00961
0.961945
0.958983
1.23316
0.947981
1.00107
0.881137
0.913041
1.02148
1.09111
1.0034
0.913009
1.24137
1.18454
1.05204
0.912669
0.923879
0.943521
1.17204
0.927084
0.821199
1.19646
1.00695
1.09704
0.919918
1.07345
1.06422
0.983375
0.763963
0.917456
0.96951
0.892488
0.889638
0.941009
1.06295
0.93607
0.963294
0.985881
0.987303
0.95226
1.08759
0.91966
1.11733
1.00276
1.08777
0.941441
0.991702
0.95421
1.13645
1.13696
0.941631
0.961513
1.09179
1.18115
0.967666
0.82737
0.797927
0.802207
0.969507
0.984538
1.03513
0.783857
0.84522
0.997111
1.11581
1.06982
0.955366
0.874688
0.953967
1.12441
0.885613
0.926085
0.937226
1.12555
1.19985
1.03661
1.09211
1.06115
0.960184
1.02181
1.03404
0.850197
1.15396
0.922069
1.13287
1.0237
0.978311
1.08249
0.946459
0.998323
0.960488
0.930147
1.01758
1.03501
1.0006
1.29029
0.943591
0.968207
1.00033
1.03461
0.867761
1.18996
1.03127
1.0812
0.788916
0.845417
0.906689
1.03947
0.901041
0.896515
0.965635
1.11903
1.108
1.01008
1.08321
0.977881
0.983915
0.954359
0.996995
1.28731
1.05219
0.932109
0.838732
1.07948
0.926203
1.09469
1.06702
0.876872
1.05414
1.01875
1.00528
0.960321
1.04046
0.93435
1.02383
0.977783
1.14474
0.980825
0.94734
1.06871
0.892555
1.12516
0.873107
1.01741
0.954488
1.05164
0.984842
1.03339
0.967227
1.26262
0.870069
0.987858
1.14633
0.95798
0.98646
1.01594
1.004
0.882042
1.17667
1.15932
0.993118
0.840799
1.08645
0.874727
1.11641
1.16627
1.03761
0.918468
1.07836
1.03336
1.08533
1.18889
1.15602
0.992755
1.13767
1.03502
0.935518
0.948202
0.985574
0.95175
1.03932
1.19408
1.18649
0.977703
0.988396
0.861336
1.10062
1.14267
0.97769
1.14318
1.14902
1.03829
0.963335
0.862459
1.14686
0.992983
0.94908
1.08122
1.0363
1.05302
1.00119
0.873913
1.13864
1.08178
1.09119
0.8507
1.05259
0.971961
1.17332
0.937529
1.09537
1.09035
0.873437
0.95431
0.896484
0.939444
0.938904
0.902985
1.09832
1.03128
1.06796
0.987782
0.865418
1.16458
0.89941
0.89195
0.918515
1.07608
1.05024
1.10728
1.03096
1.05819
0.936522
1.09137
0.853073
1.01968
0.951549
0.752253
1.02273
1.0191
0.997947
0.997317
0.959506
0.997331
0.880742
1.06283
1.10928
1.18235
0.899608
0.979515
0.894833
0.849366
0.873584
1.04497
1.14069
0.971047
1.06806
1.00206
0.904751
0.890706
0.947951
0.941141
1.00126
0.936037
0.874926
0.981573
1.01989
1.0235
0.916956
0.945632
0.985637
1.20848
0.984234
1.18178
0.928215
1.12849
0.92315
1.06971
1.05393
1.02368
0.931943
1.11169
1.06075
0.9566
1.0956
1.09216
1.07156
1.04373
1.06504
1.00866
1.01678
1.0426
0.996591
0.897454
1.03668
0.947794
0.892938
0.90667
1.05201
0.871991
1.12481
0.86023
0.966182
1.10961
0.918304
0.882997
0.908647
1.0846
0.92315
0.922878
0.76565
0.886294
0.851133
0.894837
0.933746
1.19411
1.15156
0.898458
0.834717
1.01525
0.97787
0.920638
1.02235
1.20457
0.909095
1.00651
1.03492
1.05256
0.949959
0.994622
0.973969
0.932041
1.01047
1.131
1.05253
0.897952
1.03103
0.987219
1.08496
0.919246
0.952526
1.02409
0.957258
0.975572
1.01811
1.07086
0.979397
1.003
0.877257
0.892936
1.06756
0.924767
1.10456
0.924511
1.18017
1.02324
0.894471
1.12378
0.956087
1.11741
1.04042
1.01003
0.989493
1.16393
1.05386
0.845156
0.941527
0.81466
1.05467
1.02281
1.05946
0.919136
1.02827
1.11383
1.18059
1.14161
0.875829
0.874279
0.99023
0.933632
1.04197
0.975149
0.890902
1.07239
0.785381
1.1553
1.03056
0.921979
1.08643
1.11134
1.00359
1.03813
0.947355
1.00496
0.965579
1.05485
0.991776
1.09615
0.941047
0.930303
0.908528
1.05366
1.10042
1.04644
0.879959
0.879752
1.08509
0.935975
0.959839
0.881823
1.08811
1.12491
1.03441
1.03028
1.07518
1.27128
1.1231
0.940213
0.996966
0.914162
1.0919
1.1332
0.852625
0.905506
0.877368
1.10429
1.02125
1.26829
1.02812
0.97228
1.0802
1.1521
1.09857
1.07401
0.982653
0.933411
1.08691
1.13512
0.972479
1.04143
1.00346
0.969958
0.872388
1.11652
1.16683
0.885387
1.03452
0.963856
0.991075
1.03159
0.927948
1.01584
0.826732
0.980821
0.857069
1.16502
1.05849
0.950608
0.896773
0.842257
0.98974
0.96899
1.10234
1.04006
0.9433
0.926659
0.995359
1.0875
1.07912
1.046
0.931723
1.17554
0.976654
0.949736
1.02274
0.996128
1.15341
1.0516
1.01218
0.759864
0.886347
1.05809
0.964292
0.936935
0.84326
1.13688
0.82498
1.02116
0.886314
1.07084
0.979256
1.0218
1.03063
0.905244
1.05921
0.961608
0.932157
1.00069
1.10495
0.925437
0.978948
0.996774
0.947071
1.23251
1.02321
1.06395
0.952906
1.02203
0.963789
0.976978
0.976227
1.00696
1.07495
1.03836
0.75138
0.927687
1.05728
1.04337
0.869763
1.15049
0.919651
0.925025
1.06527
1.16861
0.951148
1.03712
0.877745
1.04137
0.776644
0.914944
1.09417
0.986583
0.911894
1.20988
1.11834
1.12846
0.843939
0.911487
0.931132
1.09493
0.919858
1.22393
0.915005
1.02534
1.01479
0.961072
0.957101
0.86728
0.969477
1.00897
0.814953
0.844396
0.819099
1.04865
1.05591
1.07013
1.08954
1.09522
1.23412
0.993432
1.06673
0.992012
0.866286
1.0977
1.04131
1.06767
0.893935
0.951867
0.930917
1.04506
0.954259
0.938767
0.917641
1.00561
0.948757
0.933548
0.880848
1.09714
1.02751
1.26014
1.07715
1.10199
0.889105
0.933743
1.06349
0.985426
0.858644
1.29229
1.2798
1.13249
0.979937
0.890378
1.15358
1.24837
0.917524
1.00453
0.97667
0.986609
0.973579
1.07501
1.27994
0.878239
1.00508
1.10977
1.10482
0.910699
1.01591
0.960926
1.00804
0.819923
1.13419
1.09943
1.09556
1.05259
1.05187
1.02046
0.992355
1.13012
0.949232
0.893942
1.04301
0.989948
0.838242
0.869382
0.916101
1.05869
0.912487
0.876749
0.898733
0.802808
1.06062
0.969956
0.963316
1.10155
1.13081
1.00564
0.923375
0.811278
0.90006
1.07613
0.965173
1.03154
0.884166
0.986365
1.02013
1.00494
1.12978
1.07573
0.773301
1.10829
1.02452
1.04308
0.997112
0.955993
0.991652
0.964995
0.923494
1.00448
1.07674
1.10882
0.972406
0.991505
1.00664
0.936059
0.979724
1.06341
0.97593
1.03991
0.939441
1.07115
0.990696
1.26598
0.93508
0.84834
0.938703
0.994042
1.02023
0.921382
1.02824
0.887714
0.994382
0.908002
0.95095
0.980407
0.999788
1.01668
1.15496
1.09527
0.920071
0.805443
1.00723
1.00532
0.922371
0.986545
1.05277
0.873803
1.01377
1.07391
0.89777
1.03506
1.14623
1.18548
1.01401
1.30846
0.989398
0.994103
0.960038
1.07972
1.10384
0.949604
0.856791
1.02198
1.0902
0.921645
0.958539
0.998532
1.16612
0.806072
1.00615
0.974539
1.04718
0.967263
0.791303
0.977182
0.878835
0.878266
1.18326
0.951792
1.11949
0.855675
1.1064
0.9791
0.967012
0.869439
0.95293
1.10733
1.07356
1.08574
1.14883
0.963907
0.972467
0.969649
0.824446
1.01082
0.94441
0.887495
1.02752
0.98451
1.01685
0.952148
0.894803
0.907678
0.991884
0.856824
1.0829
0.939686
1.09243
0.887214
0.948439
1.06348
1.15195
1.00846
0.974516
1.13523
1.09204
0.929292
1.08289
0.891566
1.01011
1.09515
0.938737
0.94977
1.27307
0.859413
0.905894
1.0852
0.931757
0.849832
1.1014
0.947302
0.96731
1.11872
1.03324
0.877808
1.09
1.1545
1.01993
0.944589
1.15782
0.915179
0.977054
0.985321
1.13014
0.90544
0.966861
0.952749
0.944315
0.8475
0.998402
0.96495
0.934862
1.13343
1.01387
0.858416
0.880239
1.12995
0.956189
1.06896
1.09716
1.01889
0.902132
1.2124
1.0169
1.18078
1.1025
0.855425
1.18517
0.969272
1.11436
1.05243
1.25133
0.961879
1.02404
1.1305
0.968396
1.04992
1.03327
1.03801
1.00989
0.893601
0.941641
0.975793
1.04272
0.91259
1.01464
0.950644
1.11884
1.11561
1.0074
1.16342
0.830157
1.09508
0.995998
0.922348
1.09811
1.08008
0.867925
1.00918
1.05379
1.34578
1.116
0.797764
1.09849
1.19713
0.932642
0.901761
1.11785
0.830977
0.890888
1.07334
1.0945
0.862031
1.11401
1.11035
1.03322
0.852733
0.965504
1.0433
1.06708
1.0547
1.10789
1.16165
0.930788
1.1207
0.886308
0.936818
1.14886
0.969505
0.782433
0.932303
1.08141
0.984018
0.969503
0.85803
0.930248
0.945922
1.1081
1.19168
0.846538
1.11432
0.92214
0.903903
1.09564
0.879614
0.991911
0.91113
0.80385
1.00743
1.06451
0.880403
1.03344
0.981077
0.886238
0.95432
1.34517
1.04432
0.998695
1.11698
1.0463
1.25163
1.04376
1.05468
1.11117
1.12516
0.953096
0.975178
0.945161
0.976125
1.02152
0.884127
1.10621
1.28144
1.0307
1.00828
1.17006
1.00732
0.960076
0.934761
1.05951
1.02939
1.18157
1.04885
0.958751
1.07238
1.05434
0.92487
1.0099
0.906807
0.855075
0.987884
0.990952
1.18239
1.12099
0.917326
1.04183
0.996907
1.01714
1.02551
1.06989
0.895651
0.925464
1.05509
0.901852
0.88119
1.23656
1.07595
1.23197
0.99392
0.9807
1.09906
0.943157
1.03838
0.9884
1.01842
0.995535
0.976611
0.952481
0.971313
0.954381
1.06478
1.01752
0.926596
1.05779
1.01892
1.2535
1.08286
1.08128
0.856296
0.978179
0.960443
1.09741
0.811895
0.95946
1.08948
1.04326
1.10387
0.752716
1.01627
0.979911
1.08116
0.914351
0.941484
0.930311
0.999246
0.938604
1.07247
1.05194
0.892561
1.02181
0.948966
0.89418
0.992309
1.04436
1.01221
0.97412
1.01799
1.15672
1.14761
0.98304
0.986962
1.23239
0.895454
1.21051
1.00376
0.961641
1.21024
0.958176
0.992095
0.838479
0.939749
1.08252
0.919344
1.10179
1.08911
1.05662
1.08102
1.14278
0.873521
1.19125
1.01835
1.11504
0.942112
0.916691
0.906514
0.950023
1.04473
1.07152
1.00602
0.966012
1.08409
1.00298
0.867657
0.968413
1.06984
0.950143
0.869018
1.03679
1.10029
1.15831
0.984529
1.12909
1.09296
0.972761
1.1749
1.11378
1.08695
0.941958
1.02876
1.06925
0.918821
0.916127
1.01902
0.976543
1.0107
1.13893
0.901101
1.10032
0.898445
0.870822
0.930767
0.992293
0.908645
1.08976
0.966129
1.13804
1.06417
1.03514
1.03387
0.894358
1.08212
1.14223
1.00438
0.901447
1.19637
1.04827
0.919475
1.01284
0.996494
1.16957
0.950201
1.04587
0.963343
1.21229
1.05786
0.859756
0.971102
1.08235
1.19433
0.924423
1.07666
1.09651
1.04232
1.03171
1.06227
1.17261
1.06584
1.05781
0.957922
1.20998
1.02928
0.914118
0.776968
1.06796
0.905386
0.925634
1.10715
0.993978
1.2296
0.884237
1.1414
0.934853
0.989102
0.893866
0.886154
1.07686
1.13941
0.950462
1.06858
0.92721
1.09551
1.02238
1.26058
0.9804
1.11579
1.03919
0.83275
0.90791
0.946642
1.29293
0.767363
0.934538
0.931372
1.12584
1.03
0.940729
0.917719
1.00699
1.0109
0.951555
0.976794
0.940155
1.00296
0.938628
1.02661
1.03296
1.05292
1.05346
1.05557
1.00936
1.1601
0.944217
1.05702
1.10503
0.933913
0.843284
0.923312
0.842058
0.997557
1.19451
1.08268
1.04179
1.14028
1.07277
1.07775
0.989743
0.896078
0.971021
0.917787
1.0958
0.896295
0.87456
1.16673
0.782045
0.999277
0.96886
1.08053
0.947051
0.957552
1.02049
1.09672
1.01565
1.07785
1.1206
0.876254
0.960533
0.945298
1.04278
1.21244
1.02708
0.895015
1.005
0.989469
0.956611
0.858833
1.02625
0.910928
1.09477
0.824617
0.829939
0.937282
0.938438
1.19126
0.915291
1.00769
1.04851
1.09304
1.06058
0.972732
0.906435
0.92315
0.985761
1.09137
0.989067
0.974822
1.00701
1.04997
1.01924
1.00394
0.907231
1.05086
1.09341
1.03248
0.970884
0.949704
0.955136
1.01937
1.14565
0.927219
1.27417
0.963151
1.10347
0.937721
0.969555
0.893978
0.91342
1.04774
1.24425
0.877066
0.942914
0.902564
0.992343
1.00634
0.897394
0.903304
0.938486
1.04392
0.934116
1.1054
0.993857
0.816432
1.11175
1.18389
0.912558
0.998823
0.967397
0.980217
0.868476
1.00546
0.81326
0.906406
1.23184
1.05375
0.984801
0.889949
0.912216
1.04496
1.07291
0.985808
0.990344
0.811083
0.897391
1.15349
0.871978
0.985866
0.934987
1.06497
0.954552
0.935028
0.900777
1.04721
1.27798
0.982862
0.985324
1.09932
0.804464
0.994124
0.887625
1.14488
1.05498
1.05829
0.881839
1.02463
1.01588
0.816422
0.949637
1.23879
1.13995
1.05582
0.972742
1.00045
1.09104
1.14111
1.32206
1.06895
0.912045
0.974659
0.917126
1.07701
0.894682
0.927922
0.910314
1.03931
0.97849
0.886132
0.99099
0.938711
0.914525
0.930026
1.03506
1.00889
1.10567
1.0774
0.988887
1.12449
0.896538
0.968942
1.03989
0.93488
0.856642
0.872302
0.96102
0.915847
0.951227
0.905274
1.1043
0.868324
1.00376
0.916335
1.0868
0.863553
1.04109
1.07974
1.18508
0.886536
0.964059
0.925742
0.883485
0.965056
1.12173
0.910916
1.07881
1.01127
1.10662
1.00447
0.985886
1.0019
0.998674
1.03276
1.17127
0.936724
1.13411
0.961389
0.878815
0.977647
1.11088
0.855307
0.966189
0.914244
1.02099
0.934594
0.98948
0.970014
1.0189
1.06656
1.01449
1.12426
1.02904
1.04799
1.17795
0.996972
0.994154
0.905198
0.959034
1.13901
0.975124
1.03077
1.10252
0.907466
1.22773
1.15192
0.906417
0.928818
0.940316
0.853512
0.952422
1.02157
0.922712
0.906651
1.18463
0.727036
1.0938
0.986709
1.1287
1.07768
1.16614
0.964891
0.904366
1.02693
0.958403
0.919517
0.95274
1.00301
1.15649
0.936016
0.882513
0.856994
0.912028
1.00848
1.03204
1.09978
0.919092
0.945354
0.920806
1.07652
1.00383
1.02407
1.06135
0.967736
1.03919
1.11154
0.994255
1.03876
1.13483
0.886439
1.0803
0.947555
1.13888
1.05393
0.98083
0.997075
1.18079
0.958595
0.968949
1.05991
1.04145
1.11129
1.02104
1.08779
0.951391
1.06287
0.995039
0.891919
1.155
1.06756
1.04022
0.981609
1.01153
1.00105
0.974895
1.01096
1.10901
0.968378
0.962084
0.942338
1.05617
0.957625
0.960896
1.14847
1.00612
0.958735
1.01438
0.798127
0.932368
0.966193
0.896516
1.02975
1.03305
0.982957
1.10333
1.07047
1.05906
0.882064
0.973651
0.970395
1.0969
1.01696
0.945673
0.940703
1.04543
0.860216
1.04728
0.990829
1.02171
0.920276
1.02884
0.906073
1.06671
0.845453
1.18353
1.15007
0.972425
0.896766
0.931759
1.08752
1.08438
0.949846
1.2071
0.914531
0.985501
1.02956
1.19289
0.983696
1.04541
1.01556
1.08807
1.09928
0.978952
0.857963
1.09781
0.945191
0.95125
0.91414
0.902657
1.05318
0.96469
1.02741
0.947557
0.867867
0.847965
0.997626
0.964127
0.998431
1.15549
0.815841
1.04781
0.944435
0.911883
1.11632
1.05075
0.897622
0.88214
1.00542
0.853112
1.20268
1.02418
0.911499
0.911757
1.18897
0.894441
1.01926
1.03219
0.907771
0.929519
1.18042
1.02576
1.02914
0.964014
0.918782
0.975617
1.0422
1.06545
1.08328
1.00915
0.899636
1.0701
1.1105
1.06295
1.20219
1.04532
1.03641
0.966293
0.896045
0.971901
0.894005
1.11158
0.873006
0.86629
0.857594
1.07827
1.02675
0.972811
1.02412
1.0461
0.911857
0.939546
1.04275
1.08106
1.06041
0.848967
1.11661
1.04029
0.936545
0.999321
0.897528
1.14716
1.08008
1.13285
1.10791
1.07979
0.992581
0.924396
1.15745
0.994298
0.940099
1.1099
1.07931
0.856727
1.28051
1.06254
1.02116
1.10495
1.07573
0.945347
1.03235
0.969362
0.9369
1.03133
1.02105
1.07848
0.942802
1.16422
0.91752
0.952067
1.04372
1.11272
0.854758
1.06201
1.10833
1.15156
1.09287
1.03331
0.962999
1.01983
0.807147
0.899915
1.07946
1.13806
1.02549
1.09175
1.10283
1.12506
0.992867
0.914029
1.07519
1.11549
1.14089
0.903592
1.09259
1.16491
1.02767
0.877679
0.885798
0.99037
1.05614
0.882414
1.05182
0.980138
1.06081
1.0034
1.15329
0.938436
1.07259
0.89282
1.05653
1.17251
0.862024
0.868275
1.07074
1.18604
0.840307
0.97387
1.06105
1.13222
0.870035
1.11115
1.02612
0.855361
1.05125
1.16258
0.946143
0.82494
1.06464
1.00428
0.931778
0.866036
0.950491
1.08239
1.12457
1.1279
0.928062
1.13427
0.953209
1.02864
0.995252
1.03374
1.12681
0.864202
0.906222
0.990925
1.03015
1.03919
1.00006
1.0974
1.03625
0.999938
0.907853
0.854666
1.05666
1.08495
0.91995
0.929537
1.01149
0.988919
1.05602
1.09482
1.1659
1.03294
0.807241
0.967426
0.822685
0.975661
1.07801
1.06498
1.03821
1.002
1.03653
0.857195
0.823616
1.06212
1.08657
1.19072
1.1252
0.957121
0.939119
0.900756
1.10736
0.938694
1.10556
1.17811
1.01237
0.990785
1.16232
1.04255
0.969609
1.13271
0.994658
0.934043
0.922792
1.14999
0.966132
1.07555
0.918673
1.0522
1.05111
1.05319
0.872881
1.02784
0.987096
1.15213
0.933744
1.03747
1.15487
0.981641
1.09878
1.00829
1.14265
0.995969
1.06054
0.919567
1.07524
1.07457
1.23005
1.08384
1.08293
0.89451
0.903011
1.1027
1.04856
1.02792
0.908962
0.878473
1.09405
0.966118
1.0135
1.06349
1.0896
0.972719
1.04916
1.15591
1.04804
0.969213
0.906703
1.11941
1.04925
1.06025
1.03387
0.859761
1.09594
1.25609
0.960956
0.939952
1.09717
1.13742
1.07822
0.937518
0.922993
1.11101
0.892482
0.920218
1.02783
0.948903
0.812609
1.11848
0.875316
0.892241
1.09201
0.936509
0.924121
0.848016
0.901536
0.788012
1.06983
1.13633
1.01377
0.926321
1.02098
0.973562
0.984428
0.81806
0.982363
0.96974
1.0147
0.996395
0.949948
0.901359
1.18409
0.892736
0.981824
1.06519
0.948449
1.00862
1.11454
0.862401
0.958463
0.927014
1.00128
1.05976
0.78447
0.835171
0.975433
1.08375
1.20614
0.928956
0.888141
0.985991
1.00788
0.849655
1.0481
0.893774
1.14049
0.976099
0.916431
0.93506
0.985577
0.818973
1.14498
1.05319
1.0612
1.01567
1.08205
0.985869
1.06472
0.993081
1.03125
0.9462
1.08038
1.22086
1.06367
1.05364
0.978389
1.04561
1.00457
1.16211
1.0028
1.07112
1.05957
0.979546
1.04226
0.853614
0.930749
0.840994
1.03796
1.11903
0.916181
0.96862
1.05509
1.04462
0.955781
1.0259
0.989859
1.17464
0.921418
0.888652
0.95369
0.963829
0.999277
1.14328
0.989432
1.02555
1.09676
0.87069
0.998364
1.01727
0.992831
0.92086
0.974897
1.14261
1.13416
0.962058
0.735508
0.953436
0.950081
1.00207
1.0465
0.826668
0.896955
0.926355
1.04809
0.793859
1.07869
0.922193
1.03611
1.07111
1.13735
1.00076
0.908919
0.921256
0.915412
0.756426
0.976315
0.974118
0.940851
0.924484
1.26909
0.995827
0.890387
0.947132
0.830251
0.908514
0.842422
1.05735
1.13705
1.08714
0.904388
1.11897
0.894071
1.15404
0.885686
1.00949
0.88738
0.959599
1.0162
1.02401
0.99293
0.968671
0.89406
1.01227
0.9357
1.0364
1.11044
1.20328
1.02894
1.0798
0.871753
0.896551
0.930154
1.18572
0.896712
0.956898
1.042
0.918855
1.03203
1.00717
0.944822
1.02662
1.02992
1.01938
1.03379
1.11873
1.07802
1.00386
0.9829
1.0268
1.10372
1.08453
0.984684
0.95485
0.994131
0.977901
1.26693
0.996689
1.09394
0.94015
1.06574
1.01971
0.814894
0.972099
0.955722
0.926181
1.18928
0.977225
0.888197
0.945663
0.880101
1.05877
0.970396
1.02261
1.19096
1.04952
0.94038
1.21782
0.972791
0.943906
0.919433
1.21893
0.943889
0.819798
1.0846
1.01055
1.01511
1.05065
1.01666
0.895905
1.09219
0.791224
0.959093
0.98318
1.07775
1.1541
1.0945
1.05979
1.10799
0.914973
1.23835
0.963553
0.722324
1.10263
0.973122
1.13021
0.833275
0.992905
1.14756
0.934626
0.860719
0.929442
1.06081
0.951149
1.0633
0.930518
1.23865
1.0978
0.868283
0.925076
0.997615
1.23
0.988359
0.93259
0.881472
1.01904
1.155
0.961968
1.03741
0.913959
1.04836
0.931752
1.09387
0.991322
0.814069
1.00531
0.885745
0.934267
0.998188
1.21233
0.871101
1.0398
0.746796
1.17997
0.91678
0.981446
0.921556
1.23248
1.12286
0.966174
1.11982
1.07944
1.05951
0.818089
0.870879
1.09873
1.05875
1.22113
0.929368
1.00342
1.13772
0.97776
1.12788
0.945185
0.848215
1.13167
0.999254
0.977025
1.10204
1.11932
1.09777
1.21817
0.89228
0.925084
0.97738
0.923189
0.914616
0.993415
0.859293
0.880919
1.29577
1.12849
0.95115
1.1297
1.05899
0.967666
1.09811
1.01899
0.864143
1.01118
1.1976
1.01818
1.02008
1.0777
1.01742
0.926371
0.975265
0.885871
1.30028
1.08008
1.12926
0.979582
0.968073
0.906112
0.892104
0.845655
0.963599
1.03584
0.990082
0.993812
1.03023
0.896324
1.0939
1.06671
1.05774
1.2487
1.18891
1.01836
0.98757
0.985468
1.08328
1.19285
0.890408
1.0671
0.807488
1.04291
1.02702
1.13409
1.15418
1.23117
0.865499
1.02535
0.970927
1.24107
1.17444
0.93926
0.96534
1.04047
0.954808
1.0784
1.01996
1.01707
0.873789
1.03084
1.13023
1.02487
1.14702
1.02015
0.940222
0.972758
1.01588
0.99986
1.07707
0.954141
1.09708
1.00219
1.04941
0.866033
0.954603
1.07439
1.15197
0.847383
0.993875
1.06081
0.845827
1.05476
0.865919
1.15964
1.0339
1.03636
0.889297
0.989691
1.13165
1.13275
1.06271
0.913881
1.01296
1.12947
1.04901
1.24812
0.971845
0.85414
1.05465
1.11758
1.06802
1.1583
0.915937
0.85307
1.11948
0.995771
1.11315
1.11707
0.96691
1.08646
0.924529
1.06526
1.00116
1.05482
1.01297
1.04164
0.883582
1.0691
1.05434
0.889411
0.849015
1.01006
0.937917
0.88262
0.928722
0.918291
1.07288
1.017
1.13235
1.14831
1.04101
0.921348
0.959933
0.927696
1.03365
0.765633
1.07436
0.940246
0.925402
0.975427
0.868294
1.04838
1.02657
1.13659
1.12286
0.834205
0.734145
1.04794
0.961739
0.862525
0.786972
0.897669
1.0123
0.879244
0.855812
0.949209
1.11814
0.86242
0.983001
0.833581
0.975434
1.06543
1.01452
1.13552
1.03555
0.971192
0.92274
1.14163
1.07459
1.03244
0.906275
1.12188
1.1015
0.952265
0.950967
0.793575
1.17878
0.977659
1.04986
0.9677
1.16893
0.892501
1.18126
0.920182
0.927812
0.938197
1.05365
0.922436
1.12148
0.990812
1.07308
0.937714
0.867704
1.07785
1.04359
1.02029
0.958523
0.993935
1.20155
0.995468
0.978974
1.08424
1.14019
0.849998
0.823638
1.04457
0.972913
0.951068
0.845712
1.15589
0.892995
0.808858
1.1185
0.906253
0.874119
0.914502
0.964306
1.06741
1.10597
1.02095
0.980014
0.932524
1.10894
0.951268
1.00777
0.977802
0.938141
0.989986
1.14569
0.932331
0.855547
1.01926
0.918212
0.990184
1.0193
0.881996
1.09126
0.970473
0.938078
1.01187
0.940725
1.07225
0.81694
0.924615
1.00254
0.731998
1.03548
1.3125
0.928087
0.887645
1.13578
1.05249
1.02218
1.11594
1.08314
0.99432
0.807172
1.04246
1.0145
1.12118
1.04234
0.994431
0.840272
0.90553
1.00468
1.06211
0.89386
1.13833
1.05642
1.0807
0.922961
1.16225
1.10455
1.0934
0.877768
0.938195
0.997567
0.902995
1.01939
0.84641
0.846464
0.944472
1.00426
0.853593
0.922807
0.857962
0.959415
0.974323
0.995644
1.05798
1.04158
0.942929
1.03716
0.954869
1.01739
0.945189
1.08548
0.961514
1.03683
0.985844
0.841464
1.08913
0.874084
1.03163
1.1126
1.00423
1.10525
1.10241
0.801933
1.08046
0.927638
0.95865
0.847206
1.10318
0.904698
1.08892
0.946035
0.973393
0.965056
0.890738
0.974933
1.03556
1.04647
0.913345
1.08137
0.847515
0.959275
0.949077
1.03002
0.910607
0.983082
1.10094
0.976381
0.986939
0.876229
1.01022
0.964542
0.86692
1.18817
0.918895
1.1551
0.883099
0.99792
1.24567
1.06828
0.892997
1.12751
0.821204
1.13462
0.805907
1.06406
0.918748
0.832826
0.800437
1.0766
0.937132
1.04001
0.985743
1.04219
1.05032
1.03506
0.945395
1.20119
1.02424
0.920012
0.858231
0.998077
0.992261
1.08625
1.05139
1.15651
1.01824
0.923947
1.11866
0.859488
1.11936
1.10734
1.18237
0.963452
0.935591
0.898199
0.888861
1.08297
0.90502
0.828468
0.896362
1.02897
1.11032
1.00786
0.915766
1.05853
1.04577
1.03448
1.00309
1.0156
0.955623
1.00442
0.958042
0.956924
1.16234
1.10378
0.99807
1.04136
0.879692
0.946157
0.974311
0.963086
1.0701
1.05269
1.14257
0.914693
0.838556
1.00807
1.07506
1.16755
0.960191
1.18771
1.15002
0.983844
1.03362
0.851669
0.827429
0.901172
1.08502
0.990502
1.05247
0.953093
0.976514
0.982833
1.15958
1.20929
0.778122
1.03282
1.07004
1.17664
0.931693
1.04875
0.883845
0.933226
0.888954
1.04246
0.975174
1.23898
1.01894
0.920579
0.916984
1.15793
0.975615
1.00017
1.16195
0.931027
0.961492
1.0145
0.963487
0.82524
1.00326
0.807258
1.05976
0.857897
1.04941
0.975901
0.847122
1.06982
1.12419
1.03904
1.00123
1.05102
1.16931
1.15545
0.956627
1.05161
1.02329
1.16381
0.892665
1.08274
1.10583
0.948479
1.10314
1.03477
1.11571
0.960099
0.969099
1.06628
1.01147
0.937547
1.08694
0.981487
1.11907
1.22961
0.972674
1.08178
1.00306
0.924169
0.981795
1.10538
0.782623
0.979025
0.773405
0.848557
0.908405
1.03814
1.00513
0.971085
0.827455
1.09067
1.13177
0.896772
0.951982
1.00429
1.02589
1.16739
1.31622
1.07626
1.03627
0.976623
0.831555
1.13594
0.91158
0.935492
1.05461
0.994981
1.06709
0.957259
1.16646
0.939281
0.999477
0.841686
0.94439
1.04298
0.948819
1.17283
0.916716
0.966248
0.974992
1.19495
0.938029
1.08124
0.889539
1.18511
0.947735
1.08081
1.08269
0.820216
0.956531
1.03508
0.979467
0.782838
0.874756
1.17223
1.02294
1.05675
0.974223
0.868745
1.02465
0.869154
1.05657
1.01309
1.06487
0.874655
1.10742
0.96806
1.12688
0.906092
0.872666
1.16938
0.920575
0.89225
0.973065
0.84902
0.955646
1.13268
0.870929
1.00304
0.735752
1.0353
1.06955
0.980399
1.02026
1.07838
0.855852
1.01254
0.994725
1.10451
1.03851
1.00402
0.838348
0.941429
1.04437
0.869441
1.11528
1.09805
1.02996
1.01473
0.969937
0.900155
1.05167
1.05458
0.905461
1.00986
1.11916
1.09119
0.949559
0.967584
1.15993
0.973753
0.896356
1.25658
1.01531
0.950468
0.982662
1.08656
1.05627
0.988537
1.0243
0.901981
0.886481
0.94596
1.02707
1.10548
0.873916
1.01575
1.24717
1.22713
1.05608
0.907719
0.964772
1.07732
1.0836
0.965334
1.00099
0.981506
0.997616
0.851379
1.037
1.01887
0.939558
0.997918
1.12932
1.10614
0.886465
0.921592
1.00178
1.02237
0.902191
0.907207
0.957191
0.996667
1.03698
1.01679
0.889325
0.871305
0.99742
0.994379
1.21624
0.910477
1.00611
1.14898
1.03254
0.989076
1.08813
0.765929
0.960344
0.931948
1.04076
0.948169
1.06098
1.02439
1.00122
1.16836
0.911575
1.02129
0.923998
1.04931
0.989658
0.928392
0.849199
0.987652
1.22307
0.902099
1.06871
0.976784
1.03989
0.910667
0.985333
0.869954
1.17073
0.966664
1.11358
1.06473
0.908233
0.88288
0.951925
0.942658
1.06088
1.0759
0.948559
1.11721
1.0281
0.962243
1.08412
1.08468
1.09368
0.983888
1.09163
0.932999
0.919467
1.06969
1.18125
0.951513
0.762181
0.942378
1.09777
1.11461
0.927717
1.03751
0.9375
1.09353
1.18678
0.954919
0.942508
1.13957
1.01832
0.970325
1.02773
1.29862
1.1284
0.807625
1.01149
0.771921
1.12003
1.00211
1.09029
1.03303
0.950721
1.13323
1.06944
1.07928
1.14749
0.908241
1.1547
1.13442
0.975202
0.826063
0.888283
1.00473
0.779431
1.03786
0.938832
1.15305
0.893918
1.11438
1.15683
1.02709
1.08174
0.950651
1.02126
0.955165
0.933595
1.0801
0.911764
0.970355
1.08104
0.891821
0.881654
0.817104
1.04094
0.930328
0.890468
1.01787
0.889833
1.08229
1.25492
1.11143
0.846542
0.940308
1.03658
1.06785
1.02731
1.07435
0.954102
1.14343
1.05106
1.14468
0.906374
0.884415
1.10282
1.1929
1.07147
0.925319
0.964145
0.992169
0.868438
0.863255
0.977823
1.08365
1.25202
0.973674
0.995892
1.03808
0.989809
1.05669
0.879145
1.12838
0.934115
0.984079
0.909508
1.03817
1.07149
0.975307
1.0422
1.0239
0.779361
0.957105
0.957466
1.09186
1.17108
0.96167
0.887801
1.09872
1.01707
1.199
1.10566
0.946046
0.943037
0.975734
1.0693
1.14428
0.939029
1.06082
1.04161
1.0818
1.09484
0.927951
1.05036
0.928036
0.948919
0.889752
1.01309
0.956237
0.98742
0.930722
0.869873
0.864858
0.999005
1.01478
1.02374
1.00683
0.909956
1.06346
0.88884
1.05994
1.05553
0.925566
0.98067
1.01233
0.930134
0.919783
0.788296
0.950084
0.990863
0.949849
0.831521
1.18586
0.939274
0.958189
0.949699
0.826359
1.05594
0.894906
1.0194
0.931581
0.986646
1.01438
0.966743
0.985112
0.912364
1.03501
1.01477
0.882429
0.991621
0.940094
0.909799
0.906086
1.10944
0.968713
0.977983
0.958775
1.21833
1.09685
0.998406
0.916101
0.96707
0.828401
0.955539
1.08627
1.19257
0.960958
0.915417
1.04324
0.960353
0.995363
0.948292
0.794537
1.00484
0.961125
1.00848
0.816728
0.996079
0.990003
0.909348
0.874227
1.05851
1.11454
0.929592
0.980467
1.02193
1.08085
1.02788
0.966477
1.25361
0.804723
0.898552
0.960086
1.11297
0.957316
1.05152
1.08304
0.886131
0.939403
0.974627
0.930245
1.00844
1.0119
1.13704
0.900125
0.959968
0.892378
0.941262
0.995556
1.06759
0.841039
1.13646
0.947839
0.906717
1.06426
1.15675
1.13135
1.09569
1.16136
0.906105
1.28437
0.907293
1.03698
0.900257
0.930783
0.88871
0.983212
1.19086
0.970784
0.920105
1.28041
0.939394
0.861173
1.07709
1.00588
1.07398
1.06362
0.946506
1.04366
1.09476
0.971965
1.03491
0.978708
0.895456
0.966108
1.07427
1.0454
0.936947
1.07613
1.05918
1.0286
1.02909
0.883594
1.15932
0.84884
1.1754
1.05035
1.12715
0.951377
1.09187
1.00082
0.991521
1.00198
1.15636
0.977807
1.03688
1.10843
0.985723
1.01637
1.09576
0.990797
0.986907
1.03639
1.14884
1.00945
1.0963
0.907653
0.952373
1.02502
0.838491
1.01518
0.918006
1.06312
1.11213
0.843237
1.04247
0.969599
0.849127
0.974752
0.985756
0.847079
1.12452
1.15683
0.997081
0.956007
0.906245
0.853479
0.958067
0.893378
1.01601
0.997901
1.04545
1.10855
1.02272
1.03103
1.21591
1.03354
1.01656
0.883413
1.0814
0.927398
0.718652
0.996577
0.924433
0.925876
1.1519
1.00136
1.11251
1.16952
1.00814
0.940835
1.09943
0.919055
1.20662
1.0248
0.991792
1.08503
1.00276
0.931583
0.959992
0.968462
1.15484
0.844857
0.95364
1.13462
1.26504
0.997079
0.931497
0.918629
1.09482
1.00642
1.02275
1.02058
0.921785
0.956196
1.0099
0.870409
1.15132
0.824728
0.79944
1.10396
0.964487
0.747748
0.894549
0.753231
0.990615
0.814449
0.986918
0.936578
0.947544
1.17864
0.948178
0.988702
0.978829
0.986666
0.961428
1.22354
1.09921
0.931622
1.07196
0.840837
1.03374
0.951405
0.960078
1.00559
0.954537
0.931669
1.00986
1.20817
0.93481
0.915102
0.99612
0.945691
1.09731
0.81505
0.998223
1.06255
0.875213
0.930184
1.05102
0.950578
1.09623
0.922365
1.15612
1.02545
1.08602
1.02862
0.973685
1.12789
0.841049
0.903837
0.761323
0.875717
1.02325
0.772084
0.869864
0.929041
0.888279
1.04555
0.891953
1.04637
0.946871
1.17639
1.05731
0.93965
1.01902
1.06611
0.995273
1.15721
0.841931
0.994568
0.903726
1.03416
0.942466
1.06935
0.991883
1.00279
1.17173
1.02982
0.985674
1.07229
1.18816
1.07361
1.02811
0.930177
0.958189
1.05492
1.06763
0.921295
0.936549
1.04152
0.927409
0.895847
1.03497
0.879196
1.12079
1.07409
1.10164
0.963134
1.01647
0.934018
0.801034
1.03429
0.91314
0.985966
0.924996
1.12369
0.932353
0.949568
0.956531
1.04648
1.13094
1.0719
1.10921
0.927101
1.13424
0.938651
1.05489
1.02377
0.817095
0.781722
0.946593
0.971137
0.904637
1.05501
0.888312
1.04987
0.909092
0.849089
0.966054
1.04608
1.02703
0.95853
0.872344
0.848055
0.922637
1.07885
0.972948
1.09034
0.936532
0.931231
1.06644
0.955524
0.953847
1.13953
1.16266
1.22169
0.992252
0.915509
1.07821
0.91927
1.19008
0.988173
1.03117
1.09439
0.921058
0.993947
1.08118
1.00189
0.850421
0.971469
0.982281
0.9054
1.14376
0.98839
0.983049
0.937861
1.07708
1.07322
0.894954
0.812622
1.08694
1.06963
0.810709
0.941661
0.844205
1.09594
1.00026
1.00741
1.23414
1.082
1.01556
1.11838
0.993733
1.0108
0.887303
1.10349
1.00999
1.0601
0.96837
0.893228
1.07025
1.02728
1.04912
1.17804
1.04555
0.980501
1.1804
1.0035
0.984258
0.99287
0.963316
1.18496
1.09106
0.914544
1.06228
0.915715
0.952406
0.882715
1.00341
0.955639
1.00522
0.898278
0.936993
1.09302
1.09233
0.998462
0.976395
1.0654
1.07692
0.791324
1.04448
0.781581
0.81338
0.722098
0.913076
1.02044
1.08869
1.09003
0.974045
1.04662
0.862813
0.963377
0.985522
1.09584
0.968756
0.961574
1.08421
0.896808
0.992844
1.11647
1.00819
1.21998
1.04158
0.92039
1.22506
1.12284
1.14174
1.25094
0.989457
0.962633
0.869206
0.916143
0.771524
1.03892
1.02014
1.01103
0.922438
1.05214
0.936547
0.873486
1.01442
0.986558
0.932269
1.03035
0.928125
1.0139
0.876077
1.10219
0.97338
0.854277
0.976275
0.8562
1.04289
0.999808
1.01385
0.999048
1.05453
1.12267
1.11949
1.07916
0.839075
1.0285
0.997603
0.91791
1.15249
0.98341
0.948879
0.886388
1.08636
0.744406
1.07564
0.911359
1.0573
1.03486
1.12388
1.08093
1.01075
1.1843
1.06049
1.06561
0.894071
0.882257
0.874161
0.87825
1.14883
0.983051
1.11422
1.01491
0.954801
1.05921
1.02906
1.01365
1.06338
1.09194
0.968736
0.911325
1.20818
0.921061
1.03148
0.953592
1.05575
1.02444
0.770716
1.06409
0.85775
0.992893
1.12885
1.13038
0.919273
1.12069
0.916181
0.954575
1.03731
1.14306
0.973838
0.904006
0.908732
1.0513
0.921587
1.027
1.03788
1.18345
0.990289
1.1882
1.1646
1.01764
0.988417
1.02627
0.923128
0.942741
1.09109
0.998287
0.843746
1.10108
1.07765
1.12457
1.18674
1.04864
0.869574
1.11724
1.02344
1.03989
1.11642
0.892067
0.95552
1.16748
1.0301
0.983927
1.13603
1.11675
1.15235
1.09051
0.938454
1.04545
1.11017
1.18042
1.00797
1.02873
0.892913
0.910194
1.02349
0.913352
0.943395
1.03171
1.24025
1.01264
0.785075
1.11281
1.14116
0.929889
1.11283
0.992222
1.01686
1.13693
0.919616
0.943624
1.18476
0.999798
0.906441
0.960688
1.05471
0.928376
1.09023
1.09379
0.954634
1.08347
0.791259
0.924592
1.02774
1.0202
0.875904
1.03081
0.850688
1.04736
0.93156
1.11413
1.04519
1.05881
0.986662
0.861921
1.14638
0.948325
1.01784
1.0051
0.939992
0.85944
1.06678
1.16816
1.03423
1.00835
1.12712
0.951478
1.00875
0.904502
1.00364
0.823479
1.00959
1.12059
0.872319
0.968236
0.981356
1.12177
1.12164
1.03462
0.970052
0.990622
0.946267
0.918891
1.04664
1.04417
1.11598
1.05825
1.02697
0.883232
0.884408
1.01841
1.10402
0.937961
1.06098
1.13819
1.1357
1.0286
1.21629
0.951378
1.02024
1.14263
0.943812
1.04889
1.05464
0.943955
0.937268
0.888616
1.15676
1.07802
0.906052
1.11099
1.14607
0.955382
1.16183
0.899696
1.21806
1.08171
0.97237
0.979728
1.05451
1.01983
1.16055
0.91936
1.02029
0.973904
0.905549
1.06239
0.986746
0.995266
0.966437
1.00345
0.943371
1.10116
1.07531
1.06127
0.847131
0.922915
0.93689
1.04669
0.978897
1.18454
1.2076
0.885578
1.05237
1.12964
0.93208
1.00263
1.0811
1.09735
0.911483
1.15843
0.855829
0.953537
1.02205
0.840814
1.10788
1.03168
0.775809
1.11792
1.24898
0.873453
1.09092
1.06695
0.941461
0.995954
0.960159
1.0204
1.04428
1.12588
0.965139
1.13874
0.810477
0.831766
1.04445
0.873121
1.12781
0.867742
0.95913
0.965551
0.866369
1.2244
0.911162
0.821266
1.15077
0.877122
1.17128
1.07783
1.06824
0.892607
1.10627
1.04443
0.8941
0.875743
0.88743
1.01996
0.923733
0.982174
1.11858
1.0421
1.12637
0.871778
0.969362
1.02163
1.03236
0.984687
1.22286
0.868576
0.788643
1.06466
1.25311
1.00139
0.975261
1.34001
1.09048
1.14923
1.24436
0.909289
1.04764
1.06976
0.907165
0.971929
0.936689
1.00372
1.05625
1.0858
0.824951
1.11588
0.917913
1.05066
1.03924
0.891851
0.962237
1.12999
1.19672
1.03007
0.988635
1.05628
1.00546
1.03189
1.09427
1.07175
0.962863
1.1478
1.12388
0.961317
0.98843
0.922645
0.87006
1.16365
0.969057
0.912745
1.02488
1.14632
1.09575
0.929737
0.973812
0.966962
0.992734
1.14532
0.773032
0.941033
1.27914
1.1732
1.25294
1.07884
1.01313
1.09292
1.02327
1.05416
1.16589
0.763366
0.998542
1.01533
0.958702
1.08515
0.926204
0.968342
0.989782
0.942439
1.05809
0.861203
0.851315
0.972701
0.979003
0.894081
0.868276
1.13418
1.02254
0.892091
0.95197
0.992204
0.973865
0.854397
0.945282
0.976361
1.21352
0.957745
0.932398
1.00061
0.97809
0.960615
0.97127
0.889472
0.985432
0.946721
0.882588
0.910268
0.878393
1.13808
0.957921
0.896239
1.00047
0.84943
0.912309
1.18701
1.02061
0.986422
1.03521
1.00129
0.861426
1.01377
1.02689
1.28754
1.08957
1.14308
1.10195
0.998567
0.952897
0.870886
1.10211
1.04767
1.11705
0.94035
1.04098
1.04239
0.907371
1.06642
1.03008
1.099
0.967135
0.903725
0.946001
1.02201
0.898955
0.877018
0.973415
1.13611
0.90018
1.07703
1.17285
1.04789
0.839911
0.886321
0.967544
0.858521
1.01626
0.962678
0.963234
1.10368
0.938437
0.988416
0.931522
1.11417
0.907759
1.09168
0.994474
1.09368
0.936505
0.996103
0.985765
1.03484
0.95887
0.875013
1.14747
1.08773
1.01606
1.05472
1.12544
1.01657
1.10229
0.999025
0.855477
0.976431
0.953316
0.774381
0.932679
1.05436
0.891047
0.872829
1.00748
0.998757
0.936107
1.04762
0.982513
1.06289
0.734356
0.980695
1.02597
0.90104
0.963136
0.957685
1.06658
0.810841
0.884017
1.14999
1.12542
1.0267
1.04926
1.18379
0.931063
0.909184
0.919672
1.09839
1.03505
0.977562
1.0604
1.23415
1.06968
0.90079
1.11285
0.907538
0.902136
1.05701
0.743681
0.966404
0.946761
0.950793
1.20429
0.961377
0.933513
0.971202
0.975175
1.02543
1.0651
0.984404
0.982078
0.978102
1.09069
1.07478
0.889751
1.16041
0.858659
0.924934
1.10026
0.902666
1.08363
0.939964
0.881789
0.891721
1.05784
0.880086
1.02507
1.02571
1.15507
1.0112
0.907843
1.03237
0.936965
0.893093
1.07384
1.02224
0.970225
0.891478
1.03159
0.903729
0.9425
1.09767
0.886338
0.751537
1.0699
0.874324
0.959106
1.09524
1.12747
0.846242
1.06209
1.05928
1.07148
0.917976
0.918034
1.19015
0.976749
0.868659
0.915615
1.03262
0.938644
1.03477
0.79175
1.11255
0.859169
0.89633
1.00205
0.854866
1.01338
1.05255
0.90261
1.00348
0.92041
1.04496
1.04015
1.02156
1.07808
0.962769
0.993497
1.16068
1.05705
0.957406
1.02514
0.917958
1.10514
0.993692
1.06765
0.813206
1.05485
1.17615
1.05064
0.900624
1.08292
0.84944
1.08894
1.16511
0.889337
0.836808
0.95635
1.09218
0.916699
1.11465
0.8088
1.07929
0.989845
1.18871
1.04464
0.931017
1.10435
0.959571
1.06847
0.856111
0.930494
0.994012
1.08232
1.11629
0.9899
0.918287
0.90409
1.0948
1.03723
0.937011
1.0391
0.918806
1.01647
0.845398
1.05941
1.18036
0.916498
1.01974
1.08494
0.859056
1.1325
0.944063
1.06987
1.08795
1.17766
1.20053
1.1492
1.0573
0.880185
1.13128
0.946455
1.15915
0.932569
0.927444
1.01098
0.874338
0.886272
0.921466
0.86885
1.08103
0.859196
1.01784
0.916975
0.931078
0.849718
0.842763
0.986671
0.952848
1.03666
1.00944
1.143
0.995941
0.99523
1.09291
1.16032
0.942528
0.999614
0.957701
1.01074
1.0429
1.04021
1.07422
1.18829
0.988596
1.08729
1.10856
0.906554
0.847102
1.16376
1.01679
1.05022
1.04216
1.16502
0.969376
1.01794
0.885025
0.865468
1.00768
0.918895
1.02898
1.02111
0.971528
0.990144
0.954291
1.10733
1.07067
1.10383
1.01813
0.858101
0.950507
0.927442
1.14769
1.07883
1.14018
1.02309
0.959391
0.882893
1.0581
0.978913
0.971138
1.0063
1.01022
1.08139
1.05277
0.845853
0.965617
1.0259
0.844488
1.0704
0.96293
0.943621
1.01299
1.01307
0.781966
1.05441
1.14724
0.919035
0.905631
1.12233
0.991382
1.16036
0.777341
1.33565
1.12038
0.931327
1.12586
1.19297
0.901449
0.923494
1.12347
1.0719
1.05189
0.854917
1.00562
1.2231
1.05422
1.01876
1.05598
0.910432
0.820239
1.0537
1.30631
1.03083
0.970199
1.09831
0.923866
1.04819
0.893053
1.12042
0.991381
1.02418
0.976673
0.990177
1.19196
1.1662
1.17503
0.954129
0.825053
1.07316
0.992497
1.06967
1.18527
1.12068
0.941687
0.951296
1.05428
0.890511
0.778211
1.08532
1.12703
0.961042
1.03627
1.10154
1.04154
0.815495
1.1543
0.975761
0.948927
1.15288
0.980919
0.976664
0.904712
1.06365
1.06409
1.0514
1.0203
0.931815
0.925667
0.993474
0.936297
1.15769
0.872888
0.923184
1.16175
0.981904
0.842702
0.942245
0.862374
0.836957
1.02428
1.06313
0.983479
1.09402
0.992069
0.995452
0.781198
1.15822
0.923665
0.897256
1.01737
0.973648
1.0238
0.968889
1.07993
0.940933
1.0256
0.911894
0.956163
1.07516
0.778883
1.10999
0.993279
0.980641
1.01433
0.895774
1.05208
0.936714
1.00988
1.11468
0.966453
1.08569
0.921704
1.11046
1.21055
0.785699
1.0725
1.14349
0.98147
1.09898
0.864699
1.00592
0.984832
1.09066
0.92629
1.00618
0.913053
0.881769
1.05644
1.171
0.97009
1.12024
0.94425
1.2453
1.19416
0.921726
1.05456
1.02077
0.876185
1.00701
0.845164
1.06581
1.0949
1.12621
1.11334
1.09678
1.23779
1.0233
1.046
1.03185
1.03811
1.01603
1.27879
1.03335
0.975046
1.04313
0.793375
1.06244
1.03112
1.00765
1.00184
1.0546
1.09179
0.901116
0.944177
0.879041
1.13116
1.05144
1.12162
1.1217
1.10544
0.902274
0.994624
1.03249
0.91959
1.04191
1.01721
0.88069
1.15962
1.07537
0.971416
1.05439
1.02076
0.964399
0.932019
0.935084
1.00178
0.889115
0.883362
0.939323
1.12685
1.13887
0.889798
0.953332
0.987385
0.924678
0.924313
0.996329
1.00923
0.895898
0.849602
1.13344
1.01489
0.950706
1.06877
0.96696
1.11979
1.03496
1.15541
1.02734
0.958524
0.924852
1.00571
0.929641
1.03318
1.00196
0.966048
0.936354
0.935918
1.0788
1.01704
1.26486
1.02353
0.922112
0.914793
1.13236
1.00029
0.9812
1.01643
1.10363
0.888492
1.06979
1.09051
1.02918
0.982246
0.96486
1.05105
1.07788
0.949532
1.02312
1.12275
0.931504
1.10579
0.807829
0.863126
1.03717
1.10452
0.901572
0.926147
1.00536
1.03055
0.976601
0.846684
0.98684
0.879828
1.0221
1.01107
0.908662
1.04177
1.24444
0.854709
1.05406
0.84532
0.991047
1.10917
1.09961
1.03802
1.11585
1.19681
0.966213
0.883223
1.17583
0.976939
1.0306
0.916673
1.0557
1.04177
0.989085
1.14002
0.955483
1.06136
0.975374
1.05201
0.887353
0.868311
0.967247
1.09043
1.00534
1.005
0.976722
1.03357
0.989412
1.10629
0.826988
1.18041
0.815936
0.932806
1.09509
1.06561
1.11115
0.954786
1.05507
1.24304
1.1494
0.997205
1.01162
1.05354
0.78871
0.990964
0.932088
1.04218
0.954405
1.04102
0.934984
0.902911
0.889745
1.06407
0.965733
1.12203
1.02629
0.969951
0.974787
1.06423
0.930981
1.1756
1.13139
1.11429
1.11313
1.07092
0.934505
0.840777
1.00301
0.920033
0.926255
0.94505
1.0785
0.958316
0.991661
1.03533
1.10571
0.91624
0.935213
0.987147
0.885573
0.969487
1.10493
1.16013
1.1602
0.978201
1.13626
1.18359
0.888255
1.16284
0.997022
0.922888
0.976264
1.10485
1.12751
1.0294
0.982193
1.2013
1.06904
1.07179
1.01762
1.08319
0.916076
1.01546
0.840662
0.915732
0.950463
1.05787
1.01334
1.04449
0.912893
0.833624
1.17202
0.965221
1.00983
0.9672
1.15599
1.03958
0.950307
1.04753
0.884263
1.01586
0.993878
1.19503
1.13699
0.972911
1.02174
0.900037
1.15449
0.829909
1.03759
1.07744
1.00353
1.14246
1.03008
0.957539
0.967261
0.9173
1.13772
0.974982
0.892067
0.93974
0.945594
1.08385
1.10927
1.00155
1.09069
0.870709
1.13631
0.980026
0.989346
0.817364
1.03228
0.988201
0.955645
1.12586
1.14366
1.00869
0.821529
0.975651
0.763114
1.00289
1.09987
1.00016
0.853228
1.09535
1.14359
1.02363
0.882259
0.980865
1.06645
1.15894
1.079
0.907128
0.878845
1.04171
1.03306
1.07191
0.959369
1.08573
1.04683
1.01855
0.970496
0.871815
0.881821
1.05799
1.07462
0.997573
1.17751
1.07803
0.980338
0.915859
0.98509
0.897294
1.03112
0.937134
0.767144
1.03919
0.937032
0.898848
1.08853
0.890181
0.956026
0.948324
0.943777
0.973668
0.951777
1.12812
0.913076
1.06485
1.01049
1.1059
0.839443
1.29961
0.98701
1.15818
0.926533
0.918339
1.05114
1.06735
0.916784
1.23221
1.09811
1.03656
1.00594
0.900195
1.15941
0.971633
0.926839
0.967052
1.13747
1.01159
0.889269
0.938365
0.840285
1.02705
0.957225
0.905361
1.04908
1.05253
1.02549
0.918037
0.994896
0.968247
0.897179
1.04991
1.08799
1.2114
1.06588
1.16552
1.04447
0.900602
0.885833
1.10815
1.02837
0.934367
0.904731
0.902242
1.25016
1.19156
0.932671
0.997757
1.05501
1.10044
0.910011
0.964398
0.913663
0.933641
0.923211
1.05035
0.938748
1.04716
0.931147
0.947384
0.9641
1.02291
1.08277
1.07824
1.06132
1.03212
1.09821
0.920287
0.85808
0.913841
1.14077
0.972665
0.786675
0.99327
0.977924
1.03326
0.846486
1.00258
0.935734
1.03324
0.864598
1.15149
1.01514
1.14489
0.865546
0.973985
0.989371
0.94536
0.948185
1.02289
0.88083
0.994182
1.15264
0.792457
0.8632
0.993311
1.01818
0.923848
0.825808
0.802478
0.969216
1.04102
1.14114
1.06342
0.966282
0.937846
0.955677
0.904358
1.19251
1.0178
1.03254
1.13748
1.03714
1.0106
0.910402
1.13403
0.995489
0.732241
1.01209
0.861061
1.00597
0.895301
1.15313
1.0573
0.920773
0.849601
1.02903
0.919276
0.98995
1.01417
1.146
0.975943
0.926079
1.02013
1.06912
0.855765
1.02118
1.0001
1.06994
0.968516
0.817162
0.955537
1.15034
0.989713
1.12476
0.908933
0.916888
1.18068
0.923011
1.02795
0.972948
0.959229
0.978533
1.14327
1.10255
1.15265
1.12921
1.11382
0.962165
0.9395
0.911422
0.949859
0.83002
1.02963
1.02549
1.06571
1.05338
1.15647
0.889182
1.02249
1.07982
1.16988
0.955205
1.08173
0.963627
0.915163
0.982443
0.884602
1.01432
1.09154
0.857348
0.988661
0.983699
0.89655
0.949524
1.15724
1.03446
0.970156
1.09804
0.968983
0.838798
0.895527
1.02368
0.881995
0.973981
0.925157
0.856945
1.09203
1.02542
1.02063
1.0914
0.966096
0.801159
1.00358
1.01282
1.1086
1.02137
1.04428
0.956165
0.839833
1.09952
0.99053
0.789561
1.07436
1.04766
0.971037
1.01564
0.987983
1.10717
1.01141
0.984192
0.973985
1.04523
0.792311
0.977506
1.08778
1.06643
0.991156
0.847843
1.00361
0.97044
1.07902
1.03637
1.02274
1.18241
1.06589
0.915891
0.975936
1.03136
0.868089
0.957952
0.742631
0.944814
1.01964
1.0077
1.10158
1.24466
0.970382
0.961718
1.20677
0.914194
0.951541
0.900006
0.981865
0.886839
0.998942
1.05414
0.871285
1.09962
0.974773
1.18758
1.07348
0.90722
0.915713
0.946858
0.976519
0.94918
1.27096
1.05252
0.913914
1.06156
1.00015
0.949357
0.948223
1.00816
0.885007
1.11744
1.11192
0.93372
1.02226
0.998996
1.04405
0.976845
1.02091
1.17126
1.05484
0.985436
0.969518
0.883541
0.820292
1.03959
1.13245
1.12639
1.14744
0.821234
1.0975
0.939398
1.11175
0.878589
0.986545
1.04492
1.30289
1.1028
0.969471
1.14798
0.977901
0.831953
0.959686
0.992847
0.939227
1.09966
1.14886
0.947692
0.938958
1.05133
0.984611
0.920371
1.03099
0.919595
0.894335
0.991682
1.29841
1.15634
0.915703
1.06457
0.951856
1.18026
0.918062
1.09645
0.929444
1.0278
0.841091
0.975205
0.938943
0.972854
0.871914
0.96651
1.09524
0.82388
1.24191
1.15583
0.906816
0.908265
0.994951
0.950141
1.05678
1.19077
0.838429
1.27074
0.952661
0.98854
1.03361
1.08537
0.876385
0.9602
1.07848
0.943687
1.02727
0.988134
1.02668
1.01987
0.977117
0.999483
1.04323
0.978814
0.989408
0.994
0.942282
1.04496
1.00385
0.991136
0.881514
0.885889
0.955983
0.892122
0.957249
1.04314
0.978425
1.06927
1.10054
1.13481
1.07605
0.958479
1.16907
1.02107
0.797514
1.00972
0.934796
0.941274
0.866135
1.07696
1.01941
1.18879
1.03061
0.912447
1.06996
1.00991
0.966865
1.0415
1.01617
0.970736
1.04056
0.916553
0.990729
0.923183
1.06689
1.19549
1.01148
1.01875
1.18918
1.05755
1.16366
1.09741
1.00148
1.04485
0.992635
1.00046
1.14481
0.958973
0.90255
0.915933
1.10918
1.06131
1.10655
0.999499
1.06878
0.806625
0.941676
0.934401
1.09731
0.919354
0.969787
0.879734
0.967366
1.12508
1.17215
0.871006
1.1415
0.950009
0.906725
0.951004
0.94656
0.957567
0.915374
0.95084
1.01725
1.14045
0.896517
1.01943
0.972771
1.32163
1.04905
1.06512
1.0977
0.924623
1.01125
1.09338
0.998068
0.999578
1.0271
1.03651
1.03403
0.87476
0.988731
1.00815
1.06363
0.941997
0.97174
0.932559
1.1735
1.00118
0.863705
0.822181
1.09009
1.00983
1.06778
1.11214
1.31391
0.937444
1.02513
1.24789
0.814533
0.827993
1.00714
1.0366
1.08377
0.874952
0.842197
1.07116
1.00492
1.06571
0.936946
1.03603
0.95499
1.02915
1.0025
0.881301
1.03238
1.03043
1.01201
0.919404
0.96368
0.922122
0.955836
1.15833
0.842578
1.01594
0.968309
1.11625
0.943361
0.779593
1.0267
0.987861
0.780827
1.05801
1.24038
0.919468
0.904126
1.03239
0.848327
1.10365
0.928937
1.05186
1.08215
1.14288
0.987525
0.926573
0.968421
0.866962
0.982216
0.882837
0.940837
1.13978
1.03936
0.87404
1.01503
1.03118
0.947447
1.03984
1.01331
0.982323
1.05971
1.04172
0.946694
1.00773
0.947555
0.917468
0.92442
0.990574
1.18601
1.09967
0.920603
1.01632
1.00895
1.03093
1.03184
0.886313
1.05207
0.959843
1.13024
0.975229
1.32164
1.02072
0.932787
1.10176
1.17649
0.944927
0.911945
0.850085
0.892287
0.989006
1.03819
0.90313
1.00246
0.995138
1.01908
1.13464
0.961734
1.02779
0.973291
1.0609
1.11871
1.1705
1.0878
0.872054
0.83843
0.977514
0.901686
1.13913
1.14167
1.08057
0.980504
0.926073
1.02408
1.05871
0.899696
1.06538
0.834178
1.05652
0.968054
1.10929
0.926545
0.927256
0.829127
1.05863
1.03121
1.05502
0.98504
0.911218
0.772803
0.878037
1.10904
1.02141
1.06755
0.899978
0.801219
0.938992
1.02432
1.10498
1.05301
1.08688
0.892585
0.915504
0.90907
0.925161
0.876495
0.991924
1.08222
1.08598
1.17603
0.757615
0.824661
0.938775
1.0294
1.09717
1.08319
1.04793
1.1109
0.846279
0.947213
1.01511
0.980009
1.14186
0.866934
1.0792
0.851777
1.00805
1.0727
1.02904
1.1066
1.06754
0.874162
1.09761
1.16574
0.825983
0.872128
1.04664
0.91791
1.01488
1.00321
1.2147
1.03853
0.85988
0.930564
0.777997
1.04549
1.06212
1.17654
0.951566
1.09444
0.994222
1.12225
0.993738
0.74768
1.00129
1.04253
1.10641
1.02007
0.950754
0.918292
1.06339
1.07033
1.05956
0.93729
1.03246
0.77174
1.12941
1.02178
1.06335
1.05268
0.952869
0.889904
1.15435
0.930728
0.941517
0.940062
1.06691
1.04424
0.947527
1.07506
0.821338
1.00307
0.921742
1.04803
1.07238
0.985521
0.981
0.984243
0.926917
0.820525
0.922524
0.866642
0.863024
0.978933
1.055
1.06491
1.17691
0.949476
1.10445
0.918229
0.988536
0.948132
0.850917
0.990497
0.790648
1.23458
1.15833
0.928476
1.03058
1.01303
1.09304
0.765593
0.930159
0.998442
0.926015
1.08123
0.811145
0.968712
0.905805
0.976337
0.980726
0.930181
1.06246
0.899486
0.990811
0.992022
0.850254
1.10162
0.925468
0.912679
0.870567
1.07161
1.0311
1.00979
1.04399
1.01037
0.894276
0.904395
0.723152
0.908211
0.934579
0.938464
1.12609
1.03288
1.07018
1.22547
0.941662
0.93577
1.07834
1.04754
0.914325
0.961748
0.932542
0.824655
1.1709
0.937538
0.95794
0.879408
0.987475
0.851285
1.01132
1.09649
0.81794
0.805047
1.08398
1.08192
0.860405
0.987386
1.07566
0.990488
0.898786
0.849117
1.13031
1.13585
1.03034
1.18127
1.17055
0.934248
0.8605
0.930028
0.98739
0.974096
0.84559
0.934602
1.00404
0.949366
1.19556
1.08423
1.09533
0.83252
0.925637
1.05567
1.03159
0.863982
0.959039
1.02753
0.992193
0.907904
1.03248
1.00499
0.974737
1.00552
0.958733
0.946516
1.08968
1.02851
1.18221
1.18759
1.03848
1.05909
1.02415
0.944302
0.992456
0.978688
0.881904
1.06134
0.912299
0.819431
0.972138
0.886577
0.81575
0.904377
0.99343
0.938114
1.05644
0.894708
0.900597
1.04303
0.974838
0.94811
0.982289
1.13439
1.1995
0.926223
0.929512
1.02201
0.967773
1.0876
1.06317
0.90374
1.06083
1.07434
0.977784
0.988515
1.14579
1.04914
0.999749
0.932414
0.973164
0.860908
1.00816
1.09771
1.06789
1.0039
1.03503
1.09415
0.968974
0.961338
0.987093
1.10578
0.847327
0.814838
0.881482
0.955732
0.914261
1.25129
1.01509
0.869099
0.964921
0.872083
1.02547
0.965384
1.10244
1.14266
1.20644
1.02598
0.753305
0.932704
0.895922
0.973943
1.19859
0.994474
0.952449
0.823343
0.928552
1.06454
0.976161
1.09588
0.991266
0.965345
1.0573
0.990469
0.993226
0.985407
0.927769
0.752383
0.977334
0.899931
0.997011
1.05242
1.02789
1.0247
1.10298
0.829952
1.04532
1.10339
0.846273
1.15158
1.05447
0.876325
1.11799
0.886684
1.02663
0.998863
0.972563
1.01069
1.03829
1.0052
0.982835
0.937933
1.1186
1.1601
0.977096
1.00243
0.903006
0.913414
1.06585
1.16864
1.13237
0.926897
1.1409
1.07283
0.963419
0.818321
0.846738
0.997205
0.930796
1.04486
0.879294
1.13343
0.969462
1.0344
1.03876
0.956614
1.15425
1.12811
1.09374
0.861688
0.980578
0.947356
1.00451
1.27139
1.08227
0.946722
1.01385
1.03433
0.917106
0.77719
1.03364
0.932175
0.988532
1.14693
1.0167
0.934065
0.886778
1.11208
0.997824
0.990565
0.845468
1.04151
1.01523
0.965452
0.926034
0.824171
1.05663
0.942526
0.94828
1.09834
1.18778
0.934188
1.11933
1.12452
1.07827
0.825013
1.03727
1.25018
0.90611
1.23172
1.01594
0.877942
0.909912
0.912985
1.08716
0.991625
1.13767
0.958707
0.961985
0.949592
0.953766
1.22162
0.863228
1.06817
1.06113
0.952656
0.948098
1.09037
1.04071
0.96772
1.16648
0.935877
1.08362
1.01181
1.02848
0.915707
0.89421
1.12352
1.03122
0.983162
1.0394
0.931739
1.07833
1.03192
0.855311
0.921819
0.967314
0.923662
1.01192
0.942054
1.05121
0.947948
1.13804
0.964522
1.01523
1.11345
0.952221
0.86753
0.920576
1.05004
0.848277
0.872451
0.975156
0.826594
1.01213
0.974479
0.812112
0.994735
1.09786
1.07169
0.996688
0.891262
1.03564
1.09626
1.04102
1.03881
0.864212
0.886523
1.0119
1.00189
0.916652
1.05499
0.944047
0.967066
0.968288
0.988426
0.989961
1.00908
0.943906
1.03361
1.11547
0.79714
0.952513
1.18776
1.09918
1.11185
1.11262
1.0232
0.965636
0.914596
0.919646
1.01692
0.907991
0.892441
0.832586
1.02637
1.039
1.06358
0.916919
1.01183
1.07022
0.911563
1.01613
0.95918
1.06968
1.20558
0.900305
0.959721
0.973527
1.12516
0.93853
1.08281
1.09501
0.975777
0.947811
1.03386
0.874927
0.954165
1.09145
0.8507
1.04419
1.08574
1.24533
0.953939
0.900911
0.89
0.886323
1.02206
0.931501
1.02954
0.812426
1.13919
0.92858
0.894609
0.911813
1.0623
0.91358
0.925292
0.947179
1.06767
1.0531
1.02331
0.926101
0.846765
0.771784
1.08705
0.891796
1.1233
0.846186
1.03499
1.10507
0.912894
0.873242
1.04372
0.963
0.830883
1.07122
1.0556
0.966469
1.07287
0.825874
1.03959
0.953937
1.14929
0.977876
0.95076
0.955337
1.1297
1.06876
0.974782
0.941589
1.14173
1.06776
1.01259
1.10841
1.17871
1.05949
1.13834
1.00944
1.18915
0.97534
0.785347
0.964868
1.02737
0.871649
0.88949
1.03912
1.25679
0.842278
0.967169
1.00584
1.11113
0.925962
1.18632
1.00191
1.01582
1.13112
0.946876
0.968282
1.09617
1.07599
1.07329
1.13586
1.04289
1.0614
1.00156
0.882203
1.11847
1.09618
0.886202
1.04569
0.849959
1.05185
1.13466
1.06432
1.0222
1.04368
1.14822
0.826541
1.10436
1.01282
1.12526
0.967693
1.01694
0.953178
0.891286
0.921436
0.980713
1.0638
1.08095
0.91118
1.17079
1.00839
1.00021
1.05857
1.06201
1.03513
1.17969
0.969883
0.947794
0.921889
0.984126
1.03313
1.05373
0.944538
1.09787
1.13714
0.996051
1.04013
0.88251
0.901558
1.00772
1.05508
1.12587
0.982879
1.081
0.904275
1.00433
0.922862
1.00427
1.07609
0.933766
1.05047
1.02329
0.860337
0.95864
0.947701
1.14813
0.967884
0.883613
0.946744
0.950962
1.07694
0.892869
0.923156
0.960453
0.771421
1.14901
1.06142
1.15851
0.98718
1.02988
0.905747
0.928734
0.898686
0.997605
0.999288
0.918448
1.06259
0.982757
1.03211
1.09608
1.09425
1.02315
0.944947
1.13384
0.916974
0.960916
0.964683
1.24681
0.952495
1.25187
1.0274
1.15202
1.04096
1.14259
0.919627
1.03206
1.05262
0.949717
1.11656
0.945455
0.938368
0.965507
0.917201
1.08007
1.12068
1.1429
1.04192
0.999528
0.828299
1.03117
0.85954
0.785835
0.816685
1.04628
1.0733
0.978917
1.00344
0.962878
1.18286
0.939185
1.11171
0.89612
0.989743
1.00677
1.05917
1.12247
1.00863
0.899987
1.19472
0.863621
1.22829
0.872037
1.01759
0.999866
0.995762
0.958004
1.07984
1.1126
0.955495
0.971827
1.02394
1.07604
0.997431
1.0172
0.95869
1.1018
0.961296
1.15914
0.820183
1.16145
0.974729
1.07162
1.11174
1.37344
1.2581
0.991784
0.932455
0.995769
0.983613
0.950982
1.03807
0.949099
1.10164
0.936149
0.974885
0.912864
0.94701
0.938997
1.12403
1.04428
0.982245
1.01623
1.39458
1.09063
0.829946
1.00741
1.0431
0.823167
0.902368
1.34582
1.06651
0.970287
1.03436
0.72004
1.10283
0.918859
1.07494
0.973169
0.822324
1.03031
0.961753
0.88079
0.833444
0.747073
1.00721
0.866273
1.06241
1.14416
1.01829
1.14214
0.851091
1.09054
0.955627
1.18226
0.89109
1.01472
1.0043
1.13603
0.888174
1.00653
1.04123
1.04031
0.818764
1.18249
1.1018
0.969823
1.16398
0.801631
1.00338
1.04854
1.17135
0.988522
0.832433
1.02449
0.984833
0.887752
0.961448
0.885049
1.07076
1.12884
0.830641
1.08986
0.896041
1.14019
0.976821
1.15405
1.15228
1.00485
1.07397
0.872221
0.840302
0.897863
0.92827
0.875937
1.04084
0.929438
1.09148
0.939249
0.972233
1.03943
0.90294
0.990924
1.11567
0.966296
0.891717
0.856908
0.979652
1.10207
1.29065
1.02362
0.858943
1.09554
0.950134
0.942412
0.854475
0.946586
1.08234
1.07148
0.954692
1.00653
1.13261
0.900603
0.947093
1.14359
0.869606
1.05811
1.05253
0.932006
0.977373
1.04759
0.834105
0.975131
1.01977
1.13093
1.08747
0.904547
1.02375
1.03002
0.845172
0.960671
0.944123
0.868442
0.917857
1.02119
1.02377
1.21082
0.967753
0.900018
1.10369
0.91233
0.970855
1.07486
0.903438
0.965733
1.02889
0.969411
1.00083
0.873791
1.06707
0.964212
1.13431
0.936185
0.797875
0.953843
0.957564
0.94706
0.960267
1.05496
1.22297
1.09829
1.02732
0.910289
0.893663
1.00201
0.936777
1.17294
1.20575
0.978546
0.982967
0.993554
1.06816
1.02043
0.923943
1.06191
1.01176
0.919512
1.14595
1.11015
1.04705
1.09706
0.985574
1.15068
1.2884
0.916457
0.973208
0.987296
0.969268
0.958424
0.986949
1.27389
1.04896
1.0351
1.07914
0.937961
1.00613
1.09106
0.864952
0.977726
0.993264
0.937794
0.917461
0.86989
0.920978
0.957727
0.882001
0.911066
1.07269
1.0044
0.972489
1.15052
0.950879
0.979834
0.982379
0.950412
0.797719
1.12482
0.881507
1.15141
0.951857
0.798595
0.974805
0.857375
0.970693
0.82037
1.19232
1.00472
1.10401
0.937629
0.971843
1.14873
0.763912
0.962017
1.0809
1.13875
1.0773
1.06152
0.889555
0.91526
0.84269
0.997047
0.941317
1.00623
1.2296
1.08688
0.951881
1.01316
1.04068
1.19056
0.940631
1.16794
1.02395
1.02146
0.912751
0.962849
1.01014
1.0457
0.995449
1.03666
1.13798
1.02141
0.841782
1.04205
0.822466
0.87085
1.04479
1.0461
1.07899
0.917728
0.977276
1.07157
1.15113
0.967675
1.0639
1.11954
0.933879
1.1254
0.912635
0.910463
0.979516
1.11552
0.99416
1.01021
0.957039
0.893925
0.930139
1.11056
1.1317
0.838464
0.96456
0.906821
1.09729
1.21215
0.93046
1.11642
1.14049
1.01328
1.04038
1.01474
1.03506
0.946254
1.10774
1.01045
1.16828
1.0068
0.86343
0.834066
0.907759
0.99202
0.851426
0.751383
0.733982
0.97714
0.857953
1.2008
1.1677
1.21983
1.08042
1.08985
0.898094
0.985262
1.04437
1.21419
0.954777
1.09994
0.982799
0.861421
0.973761
0.943791
1.02604
0.856657
0.939954
0.844655
1.1379
0.982118
0.954349
0.907944
1.02581
0.947403
1.00311
0.839833
1.22329
0.853068
1.09144
0.922922
1.16166
0.794688
0.980655
0.984723
1.04038
1.06627
1.23778
0.846663
1.00111
0.887926
0.97553
1.06125
0.849947
1.10035
0.915809
1.10038
0.871832
0.939893
0.96131
1.01823
0.9835
1.08027
1.03148
0.942949
0.843642
0.851134
0.939094
1.0211
0.953409
1.09206
1.06291
1.09985
1.03594
0.875859
0.950843
1.11096
0.889722
0.789185
1.043
0.956706
1.10342
0.892265
0.954468
0.859046
0.92169
1.08551
0.955873
0.885349
1.09542
0.835853
0.897685
1.0957
1.11933
0.807133
0.792129
0.946004
0.904747
1.11143
0.925193
1.00198
0.991501
0.797535
0.905639
0.984303
0.937421
0.926892
0.892952
0.996523
0.984425
0.897044
0.908167
0.952618
1.01401
1.07966
0.945155
1.10551
0.859409
0.971994
0.797297
0.891036
1.02601
0.920293
0.954085
0.871217
1.03325
0.88276
0.955285
1.15273
1.00086
1.04436
0.965874
0.995998
0.978426
0.988358
0.934433
1.00382
1.05386
0.968813
0.890255
0.866875
1.26631
1.10507
1.07002
1.00884
1.06534
0.923627
1.09599
0.859926
1.119
1.16834
0.95852
1.06465
0.988429
0.831903
0.837073
1.01057
0.898428
0.852998
0.903617
1.0204
1.0778
1.05496
0.893086
1.18736
0.899245
1.01975
1.0812
0.921808
1.15457
1.05075
1.00493
1.0254
1.19541
1.12535
1.09874
0.955874
1.06584
0.788875
1.01925
1.05976
0.879398
1.09295
1.27278
1.09592
1.00411
0.947041
0.943997
0.983304
1.07175
0.992037
1.09104
0.955833
0.786141
1.03901
1.04018
1.03788
1.14704
1.06709
0.982925
1.14954
0.833377
0.935946
0.928456
1.11082
0.939748
1.0047
0.934822
0.983589
0.987532
0.83947
1.0185
1.02148
0.836648
0.878849
0.995372
0.987746
1.11792
1.08359
0.968835
1.10269
1.07215
1.06926
0.993898
0.807489
1.06032
0.894078
1.00253
1.05017
0.889552
0.952636
1.08789
1.17514
0.929219
1.11806
0.986648
1.14041
1.04679
1.07968
0.946061
1.0826
1.12831
0.845933
1.01587
1.05139
1.03216
0.814623
1.02318
0.836499
1.01388
0.949247
0.995613
0.94862
0.842681
1.10199
1.01965
1.01997
0.819128
1.10778
1.01725
1.13269
1.05572
1.08017
0.983638
0.974185
1.00849
1.13898
1.02024
0.947925
0.93129
0.993247
0.855044
1.29375
1.08746
1.06975
0.910668
1.223
1.02241
0.967915
0.979464
0.954243
1.06078
1.01693
0.744357
1.05376
0.929361
1.10699
1.11856
0.986355
0.92445
0.949078
0.972814
1.11326
0.969795
0.881746
1.00869
1.25066
0.994667
0.997285
1.1997
0.90272
1.18245
0.942292
1.01943
0.91101
1.11185
1.13606
0.992368
1.10114
0.899942
1.03749
1.06293
1.03409
1.08501
1.03932
1.00095
0.868121
0.803509
1.10638
0.931837
0.994469
0.802171
1.10479
1.03625
1.11996
0.970352
1.02168
1.06032
1.01533
1.09839
0.946993
1.11971
0.816005
1.07764
1.016
1.14092
0.928668
1.05716
1.08117
0.913536
0.975508
1.01878
1.04958
1.25937
1.0125
1.02792
1.05071
1.01637
0.846759
0.961992
1.16552
0.993027
1.16887
0.94432
1.15056
0.949454
1.11858
0.909344
1.05149
1.0579
1.15306
1.16695
0.929236
0.983402
1.01649
1.07526
1.05123
1.04317
1.07128
1.03156
1.07939
1.07096
0.977031
0.989188
0.995693
1.11801
1.07549
0.901172
0.869641
0.951335
0.903964
0.946373
0.972086
0.92747
0.975266
1.12346
0.999811
0.94955
1.03642
1.14864
1.1507
0.875457
1.00953
1.02979
0.996241
1.0408
0.871254
1.01067
0.927868
0.898669
0.84704
1.01798
0.985123
1.16516
1.12218
0.943003
0.956219
1.18296
0.935201
1.01315
1.16547
0.942137
0.954592
1.02358
0.996965
0.957891
0.814105
0.944492
1.00505
1.06934
1.03479
1.03579
1.00845
1.03834
1.08328
1.05358
0.88101
1.02213
0.953207
1.18134
0.988308
1.0781
0.969352
0.935184
1.05815
1.05259
0.907935
0.948027
0.939318
1.08294
1.02055
1.2139
1.09384
1.04549
0.902297
0.992126
0.949958
0.941454
1.20362
1.18531
0.865315
1.047
1.11397
0.946765
0.943844
1.06192
0.998317
0.876109
0.863701
0.877242
0.887846
0.931351
0.883645
1.13433
1.01693
0.93498
1.03995
1.01607
0.893123
1.06954
1.00536
0.993891
0.933006
0.967687
0.935026
0.884654
0.873374
0.982378
1.17028
1.00203
0.94808
0.951421
0.968044
0.91387
0.925952
0.926233
1.01801
0.941752
0.895043
1.02237
1.02729
1.0388
1.00911
1.10373
0.906281
0.861335
0.826214
0.986907
0.975803
1.04876
0.777686
1.11201
0.920064
0.878291
1.24127
0.951774
0.951181
1.00984
1.169
1.01123
0.914095
0.874363
0.887136
1.12431
0.956489
1.08844
1.00246
1.04566
1.12697
0.963824
0.917452
0.963635
1.0489
0.889948
1.22476
1.0303
1.00518
0.942744
1.0859
1.05205
0.965363
1.04746
0.892284
1.01935
0.977887
0.911357
0.95782
1.18623
0.921208
1.0957
0.991853
1.01177
0.751313
0.925874
1.01408
0.980482
1.01568
1.01973
1.1741
1.02354
0.747091
1.0243
0.80299
1.08316
1.09132
1.13236
0.972081
0.954353
1.17849
0.827635
1.03586
0.981662
1.01685
1.08425
1.10145
0.80201
0.87565
0.937832
1.25716
0.954223
0.995635
0.876011
1.04041
0.955298
1.03811
0.981219
0.947766
0.930909
0.916466
0.940752
0.913781
0.93181
0.833734
0.877931
1.03752
1.02774
1.07715
1.10754
0.900746
1.0446
1.01269
1.03708
0.961906
0.824459
0.872628
1.05434
1.05789
1.02148
0.832272
1.12304
0.882343
0.958088
1.2347
1.08375
0.882271
0.989812
0.937796
0.958869
1.09295
1.04363
1.08975
1.00469
0.874405
0.902071
1.05216
0.989353
1.0546
0.918688
0.992541
0.947255
0.739687
1.0365
0.983735
1.08969
0.875261
1.07765
1.10297
0.932977
1.14263
0.941118
0.976383
1.10633
0.884913
1.03619
1.07111
1.03943
1.05246
0.973423
1.16811
0.925989
1.15311
1.05488
1.0279
1.09042
0.989859
1.05921
0.918182
0.998543
0.920872
1.03902
0.849537
1.01559
0.826672
1.02459
0.896016
1.03371
0.915185
0.865999
1.02053
0.843709
1.0157
1.09627
0.923594
1.12144
1.2717
0.967666
0.989444
1.01252
0.780957
0.776385
0.890027
1.02109
1.0161
0.948264
1.05503
0.943786
0.943078
1.11333
0.838787
0.932569
1.01094
1.01143
1.03101
1.04587
0.795478
0.965511
0.860298
0.854527
1.07376
0.973208
0.985965
1.07415
0.922843
0.986766
1.14257
1.19863
1.01362
0.956069
0.989868
0.851377
0.951389
1.14321
0.880546
0.815538
1.05509
0.829838
1.0345
0.871342
0.861944
1.08219
1.03449
0.98911
0.901787
1.06593
1.01685
0.897145
1.00029
0.953152
1.06765
1.09523
1.0101
0.980537
1.28737
1.09357
0.997822
0.936267
1.09322
0.974803
0.915727
1.1127
0.850551
1.02792
1.02183
0.929941
1.0783
0.956942
0.961642
1.07094
0.998053
1.13883
1.03702
0.980153
0.962302
1.04535
1.19725
0.981692
0.888154
1.04601
1.09471
0.818261
1.09757
0.947232
1.04494
0.994278
1.08898
0.916887
0.797474
0.892861
0.971067
1.04315
1.02062
0.851948
0.871099
1.13358
1.01165
0.808272
1.0354
1.01555
0.933704
0.971115
1.18654
0.871545
1.0391
0.96111
1.22148
0.923503
0.966946
1.0672
0.982579
0.994726
0.905694
1.19
1.07109
0.819816
0.943325
1.16281
0.882463
0.910146
1.11415
0.888728
0.87449
0.873666
0.989664
0.917845
1.01381
0.929877
0.899301
0.830555
0.940727
0.845853
0.923906
1.0872
1.15162
1.00328
1.08696
1.08351
0.901555
0.959743
0.901044
0.984657
0.951574
1.06243
0.988085
1.05361
1.08421
1.01729
1.06961
0.988336
0.952142
1.04965
0.95078
0.87702
1.09348
1.07963
1.0533
0.935793
1.00756
1.09883
1.01131
1.11813
1.07154
0.841189
0.959108
0.939279
0.921322
1.2416
0.782018
1.0276
1.04828
1.04586
1.15121
0.998318
0.896201
1.13799
0.950882
0.759391
1.00262
0.893642
0.800927
1.00906
1.16579
0.932397
0.942617
1.03789
0.909637
0.933046
0.861559
1.04887
0.94644
1.0165
1.00522
0.896997
0.991376
0.907575
0.924414
0.987727
0.926126
0.961436
0.98556
0.895989
0.764055
0.923154
1.03238
1.03647
1.13606
0.943515
1.04516
1.00453
1.09995
0.786056
0.990801
0.873109
0.964573
0.9264
0.903048
1.0031
0.923436
1.01927
1.07989
0.991334
0.944545
0.934419
1.01626
0.933683
1.04119
0.938076
0.951795
0.962407
1.06931
0.977252
0.995714
1.04871
0.975906
0.971431
0.799443
0.998049
1.00402
1.04588
1.00973
0.98441
0.950697
1.03439
1.1673
1.05831
0.92247
0.797019
0.91323
0.995198
1.24472
0.957778
1.02046
1.13569
1.0965
0.873147
0.9771
0.906958
1.05453
1.03314
0.931932
0.800448
0.9053
1.00532
1.16202
0.982574
0.948343
0.967464
0.875652
1.02893
0.913051
0.900239
0.917619
0.746951
0.989849
0.965044
1.13398
1.04717
1.09293
1.03937
0.89056
1.25362
0.989717
0.988148
1.12299
1.03617
1.07008
0.922545
1.00307
0.784254
1.02526
1.23267
1.01413
1.20758
1.00283
1.17787
0.992371
0.946862
1.02572
1.03321
1.17822
1.04494
1.37352
0.805782
1.02216
1.02552
1.05435
0.807212
0.881944
0.974871
1.09659
0.862471
1.18605
0.873215
1.00281
0.792544
1.14847
1.09061
0.743028
1.07015
0.932375
0.845945
0.892875
0.949557
1.07619
1.07757
1.11729
0.986262
1.18283
1.02074
1.18708
1.05178
1.01533
0.982081
1.19636
1.12457
1.12603
1.09508
1.13163
1.02503
1.23692
0.865729
0.961242
1.12819
0.926101
0.811295
0.925444
0.930902
0.913316
0.909495
0.935728
0.94226
1.08779
1.00476
1.15916
1.14081
0.933555
0.884955
0.889431
1.03456
1.14299
0.88959
1.03169
0.942304
0.798386
1.01599
1.12935
0.985786
0.781919
1.03065
1.15342
1.04329
0.892586
1.11033
1.04687
1.06852
1.01378
0.849142
0.979495
1.0519
0.939196
1.20649
1.01731
0.878198
1.03783
0.982949
1.03044
1.10546
0.900821
1.10149
0.924648
1.00205
0.894871
1.08609
1.07537
1.09366
1.0137
0.986086
1.07394
0.867313
0.84119
1.05712
0.949701
1.22597
0.860775
1.04777
1.03299
1.11619
0.976461
1.12113
1.25263
1.11906
1.00836
1.06688
0.762467
0.998938
0.906952
0.896343
0.979792
1.0164
0.957016
0.926253
1.13819
1.12229
0.947127
1.00525
1.06666
1.09831
0.924105
1.14108
1.15314
0.922555
1.02093
1.0515
1.10517
0.945112
1.03288
0.93917
1.1295
1.0504
0.891667
0.972541
0.939433
1.10485
0.934425
0.921876
1.05318
0.985918
0.861265
1.15941
1.17643
1.13456
1.07424
1.06398
0.874624
0.957543
0.86672
0.990488
0.914606
0.981108
0.991081
1.04338
0.854726
1.22494
0.982165
1.08282
0.923591
1.05289
0.91546
1.06938
0.819656
0.910653
0.876997
0.944488
1.07464
1.01457
1.10343
1.03897
1.1031
1.2171
0.766556
0.944515
1.04397
1.0279
0.967604
1.11272
0.943756
0.834017
0.869706
1.1307
0.907038
0.914535
0.979028
0.992568
1.03602
1.09057
1.21733
0.937016
1.02346
0.975727
0.852931
0.890295
0.925507
1.12849
0.893149
0.950102
0.930781
1.08165
0.766291
1.05492
0.908473
0.853018
1.05888
1.07108
0.928993
1.10388
1.0342
1.08278
0.931443
1.08696
1.0113
1.0245
1.21151
1.09037
0.954328
0.996891
1.01457
0.930838
0.837148
1.11696
1.15502
0.968084
0.929762
0.902448
0.863862
0.802331
0.89191
0.991263
0.949288
0.868219
1.12618
0.992636
1.04339
0.871384
1.3105
1.00027
0.962664
0.972647
1.03077
0.968211
0.962005
1.01255
0.934098
1.0209
1.06286
1.06651
1.17988
1.0495
1.1128
1.05278
1.09456
1.09194
1.08289
0.874704
0.966739
1.15787
0.961132
0.888083
1.11784
1.1332
0.959272
1.05796
0.866263
0.923616
0.90749
1.03038
1.22943
1.04757
1.03665
1.05361
0.918951
1.21809
0.971062
1.10572
0.858842
0.948001
1.12461
1.00051
0.939094
1.06926
1.10739
0.840188
1.02566
1.20593
0.903615
1.05443
0.990144
1.03874
0.877456
1.16969
0.911561
1.10448
0.949097
1.03585
1.03925
0.91502
0.857637
1.09688
0.978651
1.01756
0.856933
0.881053
0.950373
1.0873
0.969672
1.04054
1.01545
1.06235
0.824475
1.00609
0.925123
1.31867
0.988754
0.911805
0.969291
0.901431
1.02651
1.08112
1.04391
0.96492
0.854512
0.835409
1.06967
1.00231
1.04302
1.02342
1.02229
1.01062
1.18094
0.871777
0.993728
1.06271
1.0875
0.876581
1.19946
0.723714
0.948609
0.930511
0.937466
0.92647
0.961777
1.06225
0.944258
0.9378
0.809407
1.10825
0.953143
1.03442
1.04721
0.873739
0.885729
1.08742
0.858491
0.841988
0.934923
1.00721
0.779753
1.04866
0.970647
1.02021
1.11003
1.23478
0.966256
0.935845
0.914279
0.898741
1.16302
0.942771
0.961414
1.00929
1.0365
1.03507
1.01412
0.975515
1.10095
0.957144
1.18465
0.820337
1.16985
1.10003
1.02484
1.03637
1.06337
1.03686
0.960562
1.10026
1.08614
0.932388
0.961357
1.05239
1.02675
1.14037
1.01681
1.0251
1.07612
1.11611
0.880749
0.955977
1.02257
1.13385
1.0016
0.84846
1.21239
0.886166
1.0827
0.958781
0.997372
0.955644
1.08014
1.20329
1.0175
1.04976
0.954271
0.821044
1.05077
1.0318
1.02481
1.11057
1.00638
1.00018
0.903301
0.882776
0.951219
0.958273
1.16496
1.11553
1.08534
0.995255
1.22965
1.08891
1.05758
1.13978
1.21361
1.05983
1.13081
1.00952
1.05383
1.11738
0.907411
1.11642
1.07095
1.16673
1.04949
0.944447
0.93175
1.06053
0.911344
1.08665
1.19037
0.935629
0.963795
0.973746
1.02996
1.06711
0.940919
1.03799
0.846415
0.973624
1.0146
1.1497
1.1218
1.17068
0.947457
0.911647
1.25437
0.897082
1.10452
0.940735
0.902642
0.951967
0.97507
0.846998
1.11746
0.888546
1.00394
0.940301
0.875171
1.07693
0.943716
0.943807
0.900786
0.873229
1.09651
1.05647
1.02451
1.11006
1.08413
1.05285
0.962998
1.05018
1.16093
0.957971
1.05707
1.03553
1.04252
1.16296
1.08216
0.877074
1.01157
1.08172
0.931155
1.12712
1.11736
0.979895
1.07318
1.00742
0.955547
1.18021
0.94321
0.840218
1.01688
0.943609
0.985877
1.11567
0.818341
0.835352
1.03281
1.01248
1.07333
1.09537
1.02737
0.977085
0.967103
0.810539
1.00797
0.87517
1.03998
1.14889
1.05201
0.928291
1.13718
0.841528
0.96468
1.10687
1.00876
0.917895
0.938619
0.895496
0.944797
1.33752
1.08905
0.970369
0.802907
1.13959
0.941145
0.998013
1.00863
1.05356
0.985704
1.33036
1.02626
0.998262
0.980628
0.973114
0.974767
0.93808
0.989265
1.07931
1.14416
1.11094
0.862995
1.18972
0.892748
0.917302
1.04946
0.855705
0.971019
1.1012
0.949883
0.929567
0.972427
1.07009
0.88391
0.985416
0.902493
1.05951
0.971608
0.824143
0.966941
0.961247
1.04056
0.873623
1.05603
0.951411
1.24357
1.00158
0.903586
1.07906
0.963169
1.03302
0.847287
1.16625
0.897438
1.09368
1.0326
0.959886
1.0836
1.07127
0.896219
0.950876
1.06623
1.0106
0.947789
0.980111
0.963862
0.935756
1.10975
0.978042
1.13884
0.949403
1.11733
1.03676
1.00466
0.868866
1.05475
0.962203
1.18338
0.942358
1.1756
1.09063
0.969859
0.879743
0.99508
0.922878
0.913987
1.09559
1.25906
1.07573
1.08931
1.17745
1.13549
1.06197
1.00662
1.01594
1.04759
0.836839
1.01305
0.830212
1.03547
1.05796
0.750645
1.09428
0.930689
1.20361
0.957942
0.869836
0.956447
0.900983
1.10912
1.16679
0.947315
1.17445
0.975347
0.987997
1.13616
0.853771
1.05566
1.07548
1.00262
0.93079
1.05416
0.955888
1.1145
0.890397
0.865734
0.942756
0.857289
0.960657
1.07768
1.00471
0.973826
1.14421
0.990853
1.09455
0.874456
0.940184
1.07311
1.10606
0.993062
1.00152
0.878407
0.981225
0.924603
0.935391
0.875205
1.07955
1.06999
0.905217
0.874375
0.914737
1.08231
0.958938
1.04244
0.970397
1.01804
0.960501
0.782163
0.956533
0.879237
0.96192
0.948971
1.087
0.823515
0.952879
0.950951
1.05226
1.03249
1.10204
1.0934
0.986913
0.974678
1.18796
0.99658
1.25997
0.885347
0.972676
1.01728
1.01614
0.965311
1.18662
1.06575
0.987652
0.8882
0.936423
0.873282
1.01788
0.935049
0.909716
1.13274
1.02171
0.973023
1.01918
0.987173
1.13255
1.20454
0.959064
0.961686
0.981172
1.04952
0.992229
1.22965
0.90521
0.815113
1.01699
1.0184
1.08357
0.988198
0.921713
0.908564
0.927346
1.06528
0.992415
0.947797
0.991989
1.19447
1.19347
0.988949
0.938251
1.11135
1.14325
0.949571
0.964179
1.0084
1.07889
1.07606
0.958563
1.02595
0.965189
1.01589
1.01625
0.936142
1.07417
0.973861
1.09954
0.860372
1.02861
0.869414
1.13366
1.08613
1.01741
0.994738
0.982205
1.13036
0.947393
1.04114
1.08721
1.16839
0.901304
1.25386
1.20233
1.02162
1.10911
0.9342
0.806434
1.1842
1.02676
0.974454
0.847789
0.837779
1.06235
0.922521
0.886865
0.960471
1.11422
1.12724
1.01744
1.08605
0.938822
0.89692
1.15059
1.17267
0.861868
1.00804
1.03263
0.878089
1.00385
1.02544
0.84326
1.04038
0.876612
1.10027
1.07584
0.945887
0.914911
0.90189
1.02563
0.952967
0.961763
0.946443
0.845534
0.845007
1.07891
0.866894
0.903499
1.0879
0.980261
0.907117
0.910435
0.976149
1.11196
0.894145
0.84981
1.16336
0.99259
0.813309
1.14346
0.836726
1.28749
1.01699
1.09219
1.01695
1.11631
1.14935
1.16605
0.992537
1.11096
1.019
1.24334
1.00764
1.02625
0.975603
1.04986
0.957276
1.09397
0.973622
0.755815
0.94488
0.957587
0.954709
0.933147
1.00198
1.05359
0.86899
1.02343
1.00045
0.896546
1.07845
1.00841
0.953992
0.966274
0.878708
1.03331
1.13885
0.856249
0.884761
0.92698
1.08582
1.02989
0.8151
1.1247
1.13927
0.899981
0.977457
0.941311
1.09378
1.07983
0.864083
0.916785
0.98182
0.95521
1.10668
0.884037
1.0694
0.916237
1.0161
1.13523
0.932899
0.910256
1.1505
1.04217
0.972011
0.999341
1.04096
0.851459
0.88823
0.974619
0.896745
0.924542
1.06021
0.928413
0.852108
0.977272
0.929265
1.0523
0.891535
1.21088
0.941657
1.20849
1.12578
0.999465
0.986474
0.997416
1.0783
1.27665
0.78647
0.898886
1.11622
0.97708
1.09105
1.18953
1.22781
1.04468
0.943464
0.943056
0.866678
1.0683
0.819623
0.959896
0.875268
0.951441
0.866601
1.02876
1.06333
0.940155
1.09494
1.14897
0.872374
0.984034
1.01935
0.931697
1.08477
1.16326
0.910078
0.987112
1.02014
1.09421
0.999245
0.846116
0.855446
1.12847
0.812575
0.903975
0.738539
1.06981
0.994337
0.901169
0.983648
0.910324
1.19586
0.963581
1.02629
1.11124
1.00629
0.97906
1.10345
0.822075
1.01303
1.13442
0.908948
1.00974
0.968494
0.954844
1.18343
1.12282
1.00423
1.01082
1.07327
0.87076
1.04509
1.04839
0.978214
0.912806
1.0051
0.94337
0.904747
0.76871
1.06387
0.971855
0.997278
1.0285
0.859925
1.02899
0.845353
1.06293
1.05732
1.01059
1.22686
0.846832
1.11758
0.909177
0.875709
0.905691
0.841546
1.02159
1.1027
0.903234
0.992241
0.932277
1.03433
0.956969
0.987269
0.957142
0.826658
1.13869
1.00955
0.946527
0.972885
0.818745
1.08532
1.06284
0.864553
1.03904
1.02462
1.11808
0.988406
1.00355
0.989648
1.09548
0.89183
1.07138
0.983037
1.05694
0.938194
0.965608
1.02511
0.913823
1.0819
0.974962
0.95747
1.00914
1.06386
1.0156
0.97058
0.889747
0.955305
0.965795
0.944168
1.17689
0.768704
0.946773
0.923883
0.878293
1.00879
0.852014
1.20598
1.05944
1.15533
1.04403
0.949358
1.11976
0.869291
1.17038
0.894966
1.02801
0.77428
0.969896
0.936235
0.883683
0.966004
1.01004
0.935911
0.999295
0.854502
1.01609
0.869424
0.971382
1.02241
0.916017
1.15094
0.899356
1.01288
1.00009
1.00048
0.975847
0.847978
1.12037
0.858136
1.13143
0.975154
1.03536
1.05118
0.966467
0.886985
1.01149
1.0548
0.954497
1.02387
0.816408
1.12181
0.991744
0.919442
0.855695
1.111
0.769811
0.953245
0.93969
0.867869
0.993302
1.22615
1.05926
1.09731
0.867993
1.07516
1.1228
0.925131
0.972353
1.03288
1.07314
1.08227
0.996929
0.877109
0.998231
1.00563
1.0869
1.05373
0.931336
1.15512
1.00555
1.14264
0.83658
1.11291
1.05222
1.03421
1.03578
0.931517
0.883874
1.11924
1.09071
0.960434
1.15173
1.00031
1.11473
1.07453
0.99976
1.02123
1.12333
1.06962
0.998775
0.853278
1.0327
0.925181
0.967156
1.01087
1.12932
1.02197
1.04025
1.03074
1.08031
0.982431
1.02165
1.2112
0.977394
0.916987
1.03607
0.946691
0.911501
0.912882
0.880394
0.793449
0.927585
0.965304
0.860963
0.970865
0.799104
1.09649
1.01752
0.974634
1.1858
1.02306
1.1601
0.993404
1.04041
0.909902
1.07456
0.892297
1.16491
1.00097
1.12586
1.15675
1.03291
1.07716
1.05027
1.23905
0.825511
1.04728
1.01284
0.969781
1.09474
0.86079
1.07154
1.05364
1.20377
0.969466
1.11983
1.21344
1.04701
0.981894
0.913449
1.06837
0.966802
0.901629
0.825057
0.748937
1.00801
0.846297
0.967147
0.975857
1.0167
1.1908
1.03527
1.07734
1.15474
0.915317
0.821493
1.0968
0.922275
0.954554
1.06686
1.11824
0.999569
1.03591
1.03881
0.852662
1.01015
0.873584
0.994626
1.00261
1.15432
1.07866
1.11622
1.20664
0.906257
1.04963
1.04323
1.1585
0.978499
1.12909
1.0352
0.937735
0.916409
1.01286
0.722074
1.16744
1.11247
0.831164
1.03435
0.984145
1.02279
1.08716
0.825823
0.919677
0.889641
0.855646
0.973851
1.11222
0.932023
0.825125
1.18246
1.06877
1.10141
1.01488
1.16373
1.08502
1.13111
1.02091
1.01704
0.872692
0.936363
1.134
0.885431
1.00985
1.00699
1.0336
0.955517
1.01533
1.03575
0.995624
0.955496
1.11217
0.959996
1.01746
0.893908
1.019
1.12232
1.03896
1.03338
0.958997
0.810376
1.08218
0.986909
0.847482
1.01005
1.12213
1.05804
1.11109
1.01969
1.00354
1.24254
1.0459
1.12298
0.945199
1.10922
0.978585
1.05333
0.992286
0.953091
0.994537
0.928906
1.09489
1.05308
1.14309
0.850822
1.01732
0.874734
0.864068
0.963359
0.91231
0.999579
0.956233
0.974762
0.918618
1.10434
1.09599
0.955626
1.04951
1.34289
0.975035
0.962537
1.03587
1.05647
0.955842
1.07427
1.04712
0.959314
1.10859
0.979902
0.966045
0.867967
1.24678
1.17358
0.994277
1.24891
0.882035
0.858386
0.932901
1.12827
1.05918
0.924383
1.05336
0.875834
0.953625
1.01004
1.05486
0.933072
1.12457
0.790118
1.07079
0.959568
0.891168
1.03899
1.11008
1.03275
1.09314
0.783885
0.880288
1.00043
1.09529
0.901317
0.82418
1.04094
0.939021
0.894049
0.995659
0.925159
0.833798
0.867589
0.8881
0.962288
1.10379
0.989697
0.99307
0.972144
0.992461
1.01264
1.27335
1.01999
0.973205
0.974008
1.05116
0.984285
0.942209
0.902813
1.10706
1.27428
1.04021
0.970882
1.0734
0.917133
0.921776
0.882891
1.09484
1.1362
0.860979
0.991419
0.958326
1.02815
1.0225
0.952494
0.988104
1.11891
1.1688
1.0481
1.06722
0.985459
0.984059
0.978752
1.0472
0.969743
0.851219
1.00599
0.883462
0.95097
0.933582
0.942822
1.01894
1.07825
1.01856
0.99433
0.878833
0.950806
0.880768
1.07428
0.952891
1.07365
0.918672
1.05127
1.1153
0.956469
0.956785
1.18101
0.815758
0.94092
1.12785
0.916806
1.02175
0.895723
0.950021
0.942743
1.09731
1.01869
1.06999
0.922383
0.899435
0.743524
0.84759
0.987434
1.00513
1.03722
0.917532
0.947341
1.03508
1.10364
1.11298
0.871246
1.2195
0.712379
1.18856
0.894658
1.07349
1.14313
0.910929
0.889177
1.09811
0.856189
1.16917
1.16354
0.842616
0.928932
0.879995
0.867924
0.891965
0.804757
0.894263
1.08797
0.907918
0.895098
1.07024
0.738005
1.08679
1.06488
0.842983
0.80874
0.926252
0.874308
0.880125
1.04086
0.952221
0.94958
0.929734
0.915185
0.948214
0.961136
0.984402
1.19785
1.04634
0.949898
0.816945
0.934219
1.01778
1.01414
0.882552
1.122
0.977385
1.09716
1.14444
1.17732
0.965208
1.02738
1.00822
1.0333
0.893386
0.948939
1.0563
1.08208
1.1334
1.13756
0.932896
1.04321
1.20411
0.925345
0.862822
1.08552
0.996787
1.16366
1.03173
1.11952
1.07029
1.06438
1.14863
1.14007
1.09156
0.981203
1.08487
1.03244
0.936008
1.02183
0.993282
1.05512
1.06043
1.02649
1.00791
1.02502
1.01758
1.13584
1.10075
1.20863
0.989437
0.918039
0.953112
0.864528
1.09826
0.973808
0.939488
0.941374
1.07903
1.14282
1.01857
0.980208
0.901669
1.13999
1.10191
1.14482
0.875844
1.00219
0.831167
1.07887
0.971513
1.10811
0.944232
1.04757
0.947262
1.10022
0.991789
0.755439
0.947772
0.972273
1.02171
1.08488
0.928855
1.01574
0.828848
1.10198
1.0081
0.915975
1.00461
0.94309
0.9231
1.17613
0.967497
1.0439
0.958955
1.07959
0.954255
0.996034
1.03442
0.943097
0.974715
1.02671
1.06262
1.02802
0.727394
1.00387
1.12368
1.06727
1.09408
1.12434
1.0173
0.914853
0.90591
1.12597
1.09293
0.857051
0.909081
0.863348
0.949739
0.948996
1.12471
1.0447
0.947186
1.08697
1.05127
0.846005
0.889255
0.973021
0.931385
0.876432
0.880067
0.997709
1.00718
0.887839
1.07184
0.945646
1.16625
0.940569
0.930764
0.953914
1.20965
0.79944
0.97842
0.751016
0.928822
0.945671
0.958789
1.12607
0.995732
0.987298
0.913251
1.03951
1.021
1.04987
0.950716
1.07464
1.07108
0.921179
1.08751
1.0449
1.07742
0.968326
1.08905
0.832905
0.922012
1.04823
1.05683
0.79339
0.970768
0.898065
0.938503
1.04461
1.01234
1.02053
0.91639
0.996277
1.03696
1.03151
1.00182
0.938646
0.905541
0.897753
1.23869
0.928239
1.10733
0.830939
0.967445
0.781026
0.816968
0.957707
1.02139
0.894999
0.934694
0.941379
1.19519
1.0325
0.889481
0.948673
0.998297
0.921033
0.981138
0.886604
0.837865
0.87286
0.950815
1.08992
0.978829
0.945535
1.08664
0.906146
0.992924
1.11251
1.04597
1.09319
0.831689
0.980523
1.12762
1.0281
0.965587
0.871123
0.988948
0.977288
0.906041
1.08253
0.955223
1.12597
0.956344
1.05037
0.759008
1.05256
1.23778
1.03178
1.08558
1.05595
0.99202
1.00192
0.912644
1.06867
0.901633
1.02271
0.916138
1.02323
1.23895
1.01211
1.19556
0.971878
1.18931
0.824871
1.04776
1.10087
0.931686
0.938575
0.977235
0.881352
0.940933
0.973566
1.0572
0.955168
0.981914
0.93032
0.873035
1.00498
0.97438
1.10569
0.925947
0.963687
0.911147
1.09187
0.878475
1.03332
1.07121
1.00357
1.08978
1.03623
0.962884
0.890706
1.11108
0.815511
1.18009
0.84779
0.93961
1.08329
1.16122
0.943235
1.09457
1.13726
0.929983
1.03258
0.994401
1.07746
1.01326
1.15917
0.943996
1.11855
0.99654
0.948365
0.939334
1.30404
1.14275
1.0099
1.16652
0.955906
0.989785
0.96451
0.918609
0.900128
1.04669
0.982333
0.92619
0.840139
1.0722
0.902316
1.11492
1.05241
0.995132
1.06064
1.09834
1.0492
0.973988
0.944748
1.02548
0.943118
1.12223
1.04818
1.13534
1.06017
0.920493
0.972865
1.07316
0.958202
0.930136
1.06646
1.05019
1.09451
0.866537
0.988025
1.2084
1.17967
1.07834
1.00307
0.810994
1.00469
1.04602
0.890407
1.07199
1.06512
0.949035
1.07351
1.01724
0.861453
0.921562
1.05365
1.02267
0.916119
1.1412
0.991973
1.04548
1.10258
1.09297
1.0709
1.0075
1.00453
0.86932
1.14668
1.04288
1.14758
1.06357
1.39645
0.882189
0.885513
1.05023
0.967174
0.981622
1.08532
1.0155
1.12105
0.989629
1.04294
1.10552
0.951498
1.1038
0.743804
1.03997
1.00518
0.760706
0.892742
1.09536
1.0323
0.958304
0.979895
0.911948
0.984314
1.22276
0.846782
0.986588
1.08014
1.24794
1.01116
0.95867
0.904749
1.02365
1.0946
0.921434
0.988401
1.05174
1.05216
0.987596
1.0778
1.04186
1.09104
0.959597
1.21289
1.01032
0.983394
1.04516
0.917698
1.00027
1.09355
1.01189
0.921682
1.07644
1.06572
1.00576
1.03958
1.0265
1.169
0.93572
0.921774
0.898187
0.958598
1.01221
1.1537
1.0668
1.20308
0.89576
0.933997
1.05085
1.16063
0.968453
1.0872
0.952932
0.928192
1.08888
1.08331
0.885819
1.04449
1.02761
1.04411
0.853355
1.12374
0.915988
1.0966
0.999297
0.876506
0.909391
1.00804
1.13488
1.17024
1.08195
1.0576
0.912753
1.00262
0.98712
0.877629
0.670941
0.908854
1.04612
0.888875
1.1156
0.871322
0.925831
0.998874
0.97893
1.0026
0.973526
1.0565
0.86188
0.970264
1.14058
0.973722
1.06699
0.878929
1.02229
0.882887
1.00935
0.938506
1.11319
1.05848
1.0225
0.959603
1.06344
1.10564
0.92214
1.04896
0.966783
1.13322
0.846677
0.905183
0.846323
0.876833
1.01839
0.946884
1.09508
1.12333
0.998645
0.907253
1.11963
1.04436
1.00548
1.0077
0.800909
0.92577
0.869766
1.19172
1.04791
1.14021
1.05001
0.992963
1.13061
1.07386
0.955047
1.12824
1.15741
0.887025
0.915506
1.05558
1.02148
0.93427
0.936941
1.16108
1.04856
0.760414
0.943403
1.01117
1.03579
0.943244
1.14888
0.957577
1.27768
0.952339
1.01102
1.04778
0.825949
0.997515
1.13179
1.08983
0.892993
0.931229
1.01459
0.952973
0.888601
0.914796
1.21078
0.958011
1.01936
0.837827
0.952161
1.00479
1.0692
1.06665
1.06915
1.14684
1.0333
0.864389
0.934738
0.892439
0.993909
1.00913
0.871578
1.00152
0.97277
1.04041
0.902445
1.00682
1.00423
1.14595
1.14932
1.06819
1.07043
1.08451
1.02377
0.831499
0.932817
1.05157
1.15852
1.0384
1.03752
0.789896
1.10734
0.991316
0.993537
1.00276
0.866525
1.13387
0.973181
0.997729
0.94924
1.10432
0.978917
0.835755
0.979315
0.865127
0.971196
1.06122
0.970361
1.19032
1.0565
0.929645
1.02648
0.969727
0.912115
0.962025
1.08779
1.05156
0.98938
0.987778
1.01536
0.940518
1.25376
1.01712
0.854007
1.15888
1.01913
0.927541
1.13155
1.17185
1.2108
0.957487
0.857236
0.936933
0.920115
0.989159
0.989776
1.04222
0.793366
1.09275
1.04839
0.862225
0.995527
1.08052
1.04764
0.993597
0.926923
1.04414
1.07726
0.966318
1.03577
0.926714
0.929684
0.977399
1.00642
0.988025
1.01137
0.99168
1.01407
1.02527
0.964117
1.08688
0.852725
1.01049
0.905046
0.947303
0.92749
0.914582
0.950816
0.892596
0.941057
0.9746
0.911252
1.01224
0.939698
1.1007
0.89178
0.85721
1.07545
1.07167
0.948714
0.892074
0.956316
1.03905
1.22138
1.07203
0.910274
0.85778
0.963189
1.01613
1.02943
1.0217
1.10848
0.912803
0.876377
0.873428
0.851742
0.901832
1.05904
1.08082
0.797938
1.07431
1.11417
1.02403
1.09375
0.986573
0.920006
1.11717
1.00579
1.02066
0.908518
1.07235
1.1485
0.961624
1.07112
0.998293
0.842425
1.09574
1.22268
0.849268
1.07589
0.85537
1.02232
0.946186
1.19825
0.91662
1.0513
0.995358
1.0856
1.05475
0.877063
1.14801
1.1317
0.902166
1.1267
1.06633
0.922641
1.009
0.953752
1.16221
1.03938
0.797796
1.06482
0.934282
0.940312
0.992546
1.18899
1.05835
0.787503
1.08844
1.0005
1.06557
0.987069
0.864555
0.994858
0.986434
0.959528
0.998089
0.870175
1.17991
1.20886
1.21584
1.0311
1.06435
1.03306
0.965809
1.04795
0.940586
0.967456
0.86085
0.957431
0.829981
0.886977
1.01899
0.769292
0.99389
0.961642
0.984578
0.96042
1.17515
0.803232
0.992387
1.03012
1.02482
1.22171
1.02624
0.931911
0.874737
0.907708
1.20244
1.26819
0.940247
1.03438
1.07856
1.13943
1.13353
1.06883
0.905044
1.15577
0.843786
1.16837
0.978755
0.968732
1.07785
1.15228
1.10911
1.26726
0.863668
0.94355
1.03761
0.904241
0.911109
1.08323
0.966523
1.12122
0.90296
1.01916
1.08579
0.928108
0.989982
1.12751
1.01278
0.93136
0.79038
1.03693
1.05484
0.960233
1.10724
1.0439
1.11506
0.84806
1.01069
0.866914
0.768829
0.924619
0.916821
0.991131
1.0332
1.02703
0.86557
1.01035
1.02
1.14432
1.01822
1.14522
1.00058
1.03999
1.01749
1.03697
1.08638
0.983903
1.16065
1.05464
1.14379
0.923166
0.899079
0.973259
0.882579
1.00322
1.00266
1.03647
0.983954
0.853653
1.12389
1.01422
1.25943
1.07761
1.05684
1.07811
0.901814
0.962387
1.04302
0.943271
1.00883
1.08854
0.873666
0.94174
0.974253
1.03729
0.94418
0.939303
1.09572
1.0216
0.979423
1.18438
1.10561
1.08888
1.02627
0.924378
0.999218
0.956575
1.00356
1.03405
0.838077
1.02938
0.96084
0.931522
1.06659
1.02115
1.01178
1.0322
1.05404
1.04439
0.932348
0.891264
1.08481
1.05047
1.03677
0.786694
0.951537
1.12181
0.937585
0.970683
0.967058
1.18794
0.903688
0.894075
0.976471
0.775893
0.916908
0.836736
0.919975
1.12524
1.22925
1.13546
1.07353
0.979212
1.00587
0.939834
0.940761
0.928108
0.918395
0.935263
0.951492
0.955774
0.864636
1.20376
1.05062
0.920869
1.07205
1.1111
0.756744
0.939362
1.13645
1.02084
0.78453
1.0824
1.01265
1.16569
0.995423
0.903872
0.935475
0.913022
0.933685
1.02731
0.911573
0.848742
1.13376
0.979947
1.07103
0.856779
0.821789
0.957005
0.902619
1.11217
1.08193
1.00413
0.975585
0.972667
0.988651
1.16497
0.889205
0.957727
0.998204
0.933464
0.823666
0.840964
1.08367
1.05606
1.12645
1.13636
0.981713
0.960934
0.924026
0.935845
0.98844
1.05374
1.16412
0.90086
0.977324
0.939716
0.787907
0.923246
0.997645
1.09853
1.08829
1.16602
0.890493
1.03092
1.09012
0.930019
0.995825
1.07719
1.06198
0.938315
0.762763
1.09155
1.16267
0.994385
0.86947
1.04509
