0.13496
1.05451
0.792458
1.4186
0.654463
1.28469
0.524435
2.20636
0.371122
2.62748
1.17022
0.715317
0.167936
0.78112
1.08266
0.835008
0.385894
0.0508776
1.57568
0.745175
0.812016
0.0797412
0.922711
0.758095
1.35843
0.393628
0.864975
0.885266
0.779336
1.97448
0.799225
1.46741
0.657135
0.149666
1.23296
0.35175
0.360657
1.49667
0.791481
1.76212
0.475247
2.52327
1.03071
0.166843
0.464007
0.761038
0.500619
3.63618
0.957495
0.792836
1.54919
0.780928
1.86652
0.935913
2.24941
0.209927
1.01057
0.964423
1.34827
0.652446
2.87285
0.953642
0.40294
0.0675227
0.26105
0.442964
0.795886
0.376141
1.73503
0.781172
1.30634
0.881369
0.895284
1.56093
1.15146
0.424846
0.349813
0.381771
0.46636
0.829205
0.668664
0.477145
1.48248
0.359077
0.912858
1.05066
1.12183
1.7131
0.183667
1.42304
0.473902
0.0100014
0.755042
0.340405
0.639832
2.56746
1.17412
0.845634
0.461524
0.510645
0.528303
0.73949
1.53344
1.52476
2.4432
2.15604
1.39813
2.02171
0.37539
0.3008
0.201949
0.682644
1.72422
0.66197
0.691044
2.04491
0.834125
0.786177
0.787607
1.5261
0.243049
1.0141
0.15385
0.839289
1.1363
0.218927
0.418413
0.24695
0.108282
0.563352
1.89583
0.577863
2.16871
1.13962
1.93081
0.144596
0.371088
0.326541
0.248194
0.394811
0.344337
0.917704
0.237993
0.444608
1.48573
0.988901
1.49982
0.721571
0.687791
0.826235
0.373268
0.808671
0.875473
0.135463
0.480891
0.23583
1.10295
1.62253
1.17716
0.524266
2.68229
0.463696
0.268542
1.10546
0.232295
1.51505
0.0266811
0.059813
1.07831
0.738256
1.34719
2.18201
1.16252
0.390241
0.968842
1.30415
0.545922
0.491392
0.956127
4.30246
1.31742
1.47194
0.463209
0.450833
0.712025
3.31576
0.99577
0.916636
0.40818
0.264543
0.64146
1.01345
2.32318
0.721356
1.42302
0.961034
1.09517
1.05741
0.496877
0.685901
1.23731
0.658245
0.275831
0.189833
3.13089
0.43281
1.01058
0.492309
0.755431
0.909705
0.399676
0.941147
0.750786
1.44079
0.164786
0.648247
0.382296
2.72013
0.446305
0.566328
1.09196
0.293434
0.25546
1.99682
0.490893
1.62773
1.00557
0.845986
1.32887
2.33223
1.78908
1.51903
0.398163
0.294712
0.601922
1.52067
0.808632
0.260387
1.11914
0.500991
0.946976
1.07715
0.459745
0.184502
0.43403
1.35208
0.137659
1.40205
1.18005
1.01279
0.320545
0.923428
0.408982
0.768099
4.09531
2.05232
0.540874
0.641363
0.274206
2.06832
1.54409
3.03123
0.464713
0.900112
1.22721
1.18157
0.289869
3.17932
0.677049
0.848194
0.357678
0.072535
0.174419
0.373515
1.43954
1.04332
1.58465
0.644909
0.620757
0.702697
1.8544
1.30724
0.058467
2.82613
0.383052
0.679949
0.527373
0.272594
0.176935
1.58512
2.13511
1.25273
0.967344
0.394801
0.645732
0.687116
1.07842
0.305692
0.184978
0.110624
0.403034
1.6685
0.73382
0.76361
0.580424
0.253274
1.25345
0.165099
0.370232
1.39333
1.35853
0.675271
0.344435
0.277008
0.311069
0.73691
0.811095
0.127839
0.747445
0.351249
0.778067
0.554771
0.175055
0.93012
2.40283
1.63995
1.59164
3.26564
0.911573
1.59019
0.251953
2.6896
1.0473
1.4065
1.34662
0.825455
1.99621
0.71247
2.29278
0.562144
1.83464
1.19935
2.46383
1.48306
1.38121
0.399924
0.544973
0.137995
1.40131
0.164525
1.00788
1.35359
0.762826
2.07641
1.13954
0.520361
0.368663
1.31358
2.5115
0.572515
0.402542
0.106282
1.20427
2.05603
0.581921
1.10096
0.838478
0.831021
0.0257661
0.525261
1.01407
1.22514
0.716766
0.882374
0.486407
0.42122
0.476197
1.03314
0.342656
0.234435
0.342197
0.973436
1.29632
0.376881
0.926397
0.563018
0.38721
1.15035
0.839037
0.0987624
1.5684
1.00608
0.297275
0.442395
2.3226
0.44963
0.652026
1.55974
1.53862
2.11507
0.796866
0.599611
1.74223
2.77153
0.571259
2.35101
0.332055
1.33507
0.394273
0.68985
1.6451
0.835953
1.84116
0.55248
0.654605
0.808765
0.746493
1.27957
0.782938
0.896711
2.16538
2.6653
0.327362
1.30528
0.0656101
1.47082
0.482427
0.266632
0.600093
0.532098
0.573315
0.583611
0.590895
0.550799
2.45693
1.97914
1.2839
1.53871
0.77398
1.24285
1.25199
1.93616
0.993321
0.634781
0.511667
1.39967
0.912376
1.12102
1.08615
0.439044
0.632162
1.95898
0.542298
0.653611
0.412328
1.5498
0.0494242
0.854708
1.03817
0.817579
0.572601
1.62213
0.672991
0.821437
1.3291
0.128432
0.774667
0.819888
1.30538
0.48463
4.11684
2.33334
3.05514
1.07763
0.371944
1.0184
0.18769
0.696698
1.44494
0.961599
1.00756
0.469005
0.226741
2.9226
0.44929
0.672829
0.422058
1.8309
0.760892
1.19654
1.3095
1.29293
0.507139
1.53524
0.522977
0.391654
0.558501
0.334571
2.1295
0.601721
0.604583
0.0286614
0.568985
1.94951
0.857067
1.28767
1.33007
1.46126
0.391685
1.92341
0.757603
0.749956
0.746501
1.15846
2.16021
0.644543
0.28535
1.54978
0.98154
1.45419
1.95543
1.0791
0.424671
1.52816
0.581339
0.876831
0.243152
1.21635
0.402714
1.01247
1.30344
0.23272
0.152635
0.335473
0.873545
0.334289
2.20232
0.796469
2.17708
1.42082
0.369514
0.728035
2.29767
0.243023
1.75263
0.447705
0.722678
0.723497
0.191022
0.407402
0.272139
0.587195
1.23962
1.42954
0.692526
1.31316
0.270864
2.07583
2.92914
1.9658
1.29061
0.732202
0.893975
0.321782
0.216985
0.443523
1.43054
0.307419
2.35312
0.433211
0.133496
1.09669
0.469187
1.58032
0.712006
0.158578
0.604283
2.87606
1.15236
1.55892
0.758856
0.348778
0.242064
1.00945
0.7875
1.99365
0.329822
1.295
2.02518
0.519345
0.546767
1.21528
0.353082
0.606974
0.949655
1.03021
0.743786
0.842081
0.185658
0.33266
1.53827
0.531644
0.699686
0.458967
1.05748
1.88591
0.980789
0.467391
0.638879
1.75636
0.847558
0.301343
0.515186
0.732429
0.940716
1.04335
0.795765
0.845828
1.96932
0.363985
0.589066
0.341025
2.16526
0.438369
2.26999
0.509305
0.731602
1.30982
0.857846
0.17742
0.646172
1.71261
0.562307
0.905196
1.11162
1.13042
0.895908
0.327135
0.360467
1.13094
0.247481
1.02089
0.376114
1.25075
1.59483
2.33379
1.57482
3.31887
0.664949
0.50557
0.512779
0.815702
0.769465
0.389984
0.660916
1.35052
0.750156
1.7517
0.609393
0.877744
0.125788
1.14218
0.557714
0.516722
0.264085
2.94778
0.966662
0.464601
1.77767
0.390582
1.22783
0.694071
0.986945
0.340461
0.297021
0.839628
0.623113
0.287537
0.347119
0.470865
1.40008
1.04424
0.250293
0.948256
1.2118
1.03965
0.904191
1.62677
0.515191
0.421209
0.729032
0.782897
0.862483
1.91962
0.792533
0.255003
0.760777
3.05205
0.0774119
0.0687623
0.146612
3.19566
1.36812
0.381056
2.16731
1.86176
0.426171
0.842554
1.13139
1.72062
0.890832
0.671851
1.35908
0.554669
0.715264
0.687197
0.135451
1.38212
0.52195
0.397337
0.546249
0.6279
0.545985
2.23033
0.788933
0.396204
1.94839
1.23092
0.990088
0.778167
0.403711
1.26486
0.734059
2.05228
0.275947
1.90601
2.13524
0.247662
0.649
1.96119
0.40125
1.67577
0.357246
0.918706
1.78001
0.937015
1.43935
4.21263
0.490267
1.09604
0.32079
0.390362
0.441321
1.64974
0.776543
2.66194
0.851666
1.37467
1.39024
1.43698
0.558303
2.62345
0.337551
1.62473
2.24502
1.12455
1.68487
0.151194
2.27833
1.55498
2.55968
0.480767
0.825161
0.303218
0.2415
1.64883
0.915932
1.04701
5.78567
0.843113
0.788585
1.68054
0.649542
0.675221
0.590256
0.670031
1.52346
1.02173
1.1325
0.255303
0.395585
0.550797
0.385234
1.52478
0.197391
0.877077
0.396172
0.461688
0.709201
0.272454
0.825989
1.03214
0.803606
0.331339
1.43174
2.86894
1.22984
0.457533
0.5561
0.621793
0.527941
0.244533
0.527103
1.96914
1.90806
0.586688
2.90143
1.64363
1.34237
0.710862
0.446183
0.10466
0.228051
0.860515
0.588636
2.45381
2.55248
1.52059
0.484017
1.09958
0.313566
0.876871
0.100393
0.77386
0.261845
1.2692
0.80343
0.997066
1.49922
0.400851
0.323508
2.21384
0.169464
0.676288
0.121154
0.41755
0.985727
0.178742
0.479392
0.360134
1.9795
1.5
0.622283
0.328994
2.21982
1.50223
0.806779
1.82913
0.738944
0.121411
1.30147
0.484233
0.323621
0.827964
1.30696
1.05097
1.14344
1.12536
0.129578
0.429302
0.344821
0.727441
3.1242
0.279993
0.462425
0.577014
0.884824
0.484611
0.953082
0.297871
3.45371
0.627445
1.94225
0.889145
0.291483
0.735112
0.254819
0.503808
0.45104
0.67769
1.56453
0.687273
1.51638
1.00025
1.53282
1.01863
1.47768
1.27691
2.14603
1.09023
0.424673
0.576962
0.239969
0.871332
0.372845
2.63726
0.192031
0.487832
1.6505
0.890771
0.686888
0.352225
1.02933
0.586194
0.254045
0.335958
2.57656
1.43782
0.580942
0.116148
0.425608
0.324089
0.609675
0.517231
0.859383
1.17567
0.644257
0.774557
0.607656
1.55492
1.09545
0.711339
1.29422
0.499852
0.361666
0.66124
1.25155
0.576327
0.630623
0.273828
1.15406
0.550836
0.573893
0.686238
0.561815
0.331846
1.83071
1.04184
1.6744
2.2385
0.639148
0.352759
3.4508
1.88826
0.426482
0.758024
0.603626
0.335615
1.70188
0.339218
1.16817
0.188371
0.164661
0.927651
0.973007
4.24461
0.562471
0.079312
0.732339
3.87249
0.730294
0.562397
1.50865
0.980593
1.49323
1.18968
2.12909
0.90154
0.213077
0.283576
0.387303
0.647836
1.524
1.06183
1.22685
0.825026
0.0290063
1.21971
0.403485
1.29382
0.455582
1.51508
0.699266
1.53594
1.19419
0.36959
1.72081
0.838747
0.347309
0.840743
0.758572
0.715092
3.75794
1.78984
0.655485
0.240336
0.544805
3.86973
0.848001
1.7739
0.481515
0.770911
0.825751
2.82865
0.206628
0.649818
0.933617
0.668792
1.12775
1.78594
0.888023
2.01694
0.921259
0.607142
0.639844
0.240513
2.48619
0.443063
2.61019
0.242417
1.10279
0.560975
0.505414
0.963928
0.0873427
0.334154
1.07019
0.477802
0.639319
0.378848
0.656185
0.372651
0.297438
1.10736
0.619653
0.37393
1.66557
2.39413
1.55318
2.21359
2.77891
1.35404
0.544464
0.497574
0.283062
0.120823
0.638288
0.412018
1.16695
2.24039
1.99723
0.193454
0.528267
0.96588
0.223898
0.791472
0.623863
1.17523
0.459543
0.899898
2.10918
0.613847
0.162339
1.05588
0.876908
3.14579
0.725302
1.63598
0.215787
0.836395
2.9422
0.232013
2.24291
0.367736
0.398938
0.157872
2.62951
0.492339
1.51655
0.273964
0.270855
0.140606
1.15105
0.947723
1.08178
0.526686
1.16645
0.548083
1.80606
0.516655
0.439584
0.185303
0.663942
0.519609
1.32592
1.47173
0.68627
0.468933
0.44278
0.356687
0.78152
1.3505
2.15063
0.253123
0.967955
2.19777
0.275115
1.10885
0.280779
0.380569
0.463515
0.656313
1.37096
1.26172
0.80285
0.616584
0.43776
0.449174
0.734307
0.861998
0.868712
0.246553
1.05392
1.59359
0.213756
0.77952
0.674234
0.356919
0.420852
0.349953
0.7292
0.170568
3.08568
1.65925
0.900738
1.13289
0.433704
1.66947
2.13732
1.91471
1.30149
0.256466
1.14184
0.0166527
0.569728
0.175107
0.985895
0.318124
0.655693
0.410103
1.9805
1.62608
0.731349
0.78314
0.177233
0.274737
0.541321
0.572141
1.58089
0.61907
1.46337
0.953421
0.259059
1.6423
1.70691
0.399189
1.96297
1.69629
1.35276
0.688845
0.232144
2.73329
0.516771
0.892859
0.798163
0.599579
1.29324
0.846408
0.116414
0.583654
0.358276
1.77558
0.466533
0.781671
1.07199
2.58269
0.478005
2.81769
0.841911
0.160629
0.756111
1.20983
1.24719
1.302
0.172927
0.674515
0.588625
0.444858
0.109993
1.70121
0.2091
1.00977
1.12944
1.23098
0.476071
0.59819
1.00187
0.378182
0.5032
3.11579
1.10996
0.963009
1.25987
1.22976
0.810499
0.212647
1.5362
1.15792
0.561761
1.34194
0.114064
1.35079
0.456242
0.489567
0.333523
0.994282
0.360022
1.20719
0.490357
0.511752
2.44913
0.751562
1.13167
2.93289
0.592445
0.656128
0.331876
0.142696
0.662928
0.280467
1.36431
0.335671
2.06403
0.479564
1.52315
1.23117
1.79761
1.17716
0.498649
1.37679
0.820985
1.3447
1.4359
2.19262
0.80337
0.463464
0.115891
2.04656
0.515168
0.834196
0.295794
0.556007
0.790965
0.641329
1.19511
0.580504
1.33264
1.21499
0.909435
1.28513
1.58753
0.429135
3.2246
0.0862871
0.907207
0.592142
0.832683
1.24258
1.55613
0.800543
0.334474
0.495783
0.420911
1.10523
0.745314
1.94441
1.99044
0.552087
0.4164
0.441548
1.15632
0.808087
0.321251
0.397689
1.04157
1.24934
1.05118
1.02033
1.32267
1.43419
0.788067
0.723067
1.76621
1.47801
0.631585
1.40183
2.04199
0.631943
0.354135
0.337447
2.65202
0.434384
1.0207
0.532947
1.00474
2.70448
1.03737
0.849347
3.09263
1.0765
0.732366
0.422802
0.218952
0.113338
1.01534
1.13681
0.824813
0.466491
2.69087
0.462927
1.52954
0.606034
1.15026
0.639933
0.743659
0.663726
0.801496
0.771397
0.840913
0.434558
0.648301
0.0567639
0.648453
1.36657
1.33095
0.748999
0.604768
0.510662
0.447217
0.218579
0.593726
1.6778
0.546643
2.08484
3.94403
0.792182
0.247642
1.07147
1.00714
0.94565
1.90495
1.78928
1.14929
0.991749
1.88302
0.0170827
0.396896
1.73269
0.788153
2.33
0.790733
0.287454
1.32725
0.324901
2.72268
2.6499
0.538679
0.730819
0.163595
0.494482
1.28877
1.2895
1.22642
0.64902
0.1579
1.88968
0.756431
1.19274
2.5284
0.365826
1.18044
1.43344
0.803309
0.882584
0.767694
0.436341
0.972621
0.451148
0.381253
0.434142
0.259859
0.962803
0.669537
2.70071
1.00373
0.530226
0.520058
0.958114
2.96621
2.06896
1.83031
1.14923
1.41756
2.16773
0.63426
0.864597
1.43942
2.7787
2.43516
0.112501
0.850829
3.22965
0.609367
1.23113
0.768534
1.83095
1.33484
1.12034
0.332024
0.503712
2.08904
1.79034
1.50942
1.46825
0.944124
0.582979
1.07804
0.762155
0.419021
0.694647
0.649332
0.322135
0.144149
0.617933
1.86168
1.76186
1.01433
0.429809
0.179306
0.348939
1.26105
1.65191
0.334095
1.57956
1.75164
0.250858
0.328498
0.303756
0.554968
2.48434
0.270053
0.715509
1.72894
0.930963
1.16642
0.397501
0.249499
0.476177
0.37321
0.464471
1.05835
1.95754
0.390644
1.00745
1.74762
2.01286
2.00701
1.17773
2.60694
0.989459
1.073
1.00222
0.606106
0.705247
0.813564
1.6082
0.94867
1.44326
1.02191
1.69696
0.674481
3.40611
1.28227
0.706304
1.32513
0.234969
0.194111
1.93527
0.418107
0.892716
0.874354
2.11007
1.05041
0.974105
0.101738
2.03882
0.35677
0.537115
0.154428
1.70012
0.505743
0.741848
1.5462
0.398793
0.234295
1.31916
0.216696
1.58082
1.02264
1.10195
1.47425
0.0325409
0.443531
0.51726
0.75071
0.648878
0.675839
1.21214
1.52146
1.11197
2.10252
1.11656
0.630085
0.375264
0.842829
1.2843
0.0995528
0.411445
1.20224
1.72907
0.375118
0.944258
1.39304
1.23922
0.773734
0.484343
0.826225
1.44242
1.21281
0.472348
1.19313
2.79906
1.35071
0.147348
0.19454
0.710955
0.060783
0.417533
1.28525
1.36051
1.34008
1.71656
0.747751
0.636452
0.915285
1.74105
0.368315
0.872054
2.07758
1.12675
0.496643
1.28679
1.01252
0.27515
0.962457
0.709547
1.0899
2.66689
0.285995
3.14703
1.47532
2.40208
0.8354
0.438441
1.11528
1.14539
0.308927
1.50101
0.467583
0.436987
0.380048
0.85731
0.803482
0.101213
0.663782
0.689792
0.698554
2.18665
0.619019
1.27413
1.58879
0.472108
0.467212
1.22297
0.689725
1.34414
1.70123
0.357811
1.11648
2.35379
0.51
0.385388
0.956474
1.04442
1.22853
0.422835
1.08793
1.29602
0.598622
1.76314
1.15189
4.02621
0.350551
0.93675
1.27565
1.30894
0.907561
0.807135
0.140968
0.619974
0.991282
0.559327
0.848536
0.224833
0.175259
0.896041
1.36206
0.615353
3.20255
0.513549
1.3978
1.6629
0.454042
0.598662
1.03389
0.294344
0.794079
0.727841
0.815622
0.840916
1.39637
0.39439
1.21471
1.7459
0.317022
0.578433
1.74495
0.820125
0.638103
1.86291
0.745188
0.652741
0.211906
1.33005
0.62916
1.23321
2.37591
1.34101
1.02937
0.433932
3.17703
0.574689
1.13937
2.71144
0.876769
0.72465
1.59093
2.3311
0.555344
0.787194
0.237976
0.599647
0.307118
0.219986
0.940604
1.14362
0.146202
0.531537
0.175021
0.449361
0.643392
0.254854
1.34481
0.739037
1.61576
4.42354
1.58523
1.47959
1.19198
0.349175
1.15238
0.595836
1.29647
0.68295
0.816818
0.989593
1.64263
2.41264
0.0352979
1.97024
0.136003
2.03529
0.865267
0.722259
0.525629
0.853495
0.127224
0.74374
0.442391
0.747914
0.705279
0.409597
0.370707
0.291939
0.534185
0.509279
0.594684
1.59736
2.02363
0.549243
0.715209
0.316799
2.47097
0.297091
0.33491
1.21624
2.99919
2.34278
2.45031
1.23269
0.959049
2.2333
0.861468
0.541459
0.589411
0.58976
0.505335
0.354202
3.23682
0.499645
1.71305
1.02531
1.53563
0.845498
0.296165
0.306404
1.01251
0.439847
0.980442
1.83155
0.396405
0.870467
0.533951
2.23844
0.5171
0.927121
0.902526
1.98463
1.05737
0.114189
0.608021
2.01659
1.11076
1.32805
1.30996
0.139895
0.50105
1.32244
1.44627
1.08139
1.06668
0.642874
1.0659
0.680984
2.16444
0.521177
1.99152
1.23353
0.283724
0.831868
0.261729
0.471125
0.403874
0.600665
0.880107
0.694183
0.900338
0.632513
0.403629
1.34861
2.65354
0.497601
0.592651
1.17218
0.812936
0.442746
0.71838
1.49289
0.692905
0.46099
0.979575
0.221838
0.731375
0.855526
0.395501
0.109875
2.11593
0.553104
1.83091
1.80264
0.678305
1.53139
1.23577
0.797916
0.461422
0.647108
1.59418
1.28071
0.774815
0.156214
1.02538
0.489697
1.70709
0.181332
0.325172
0.871868
1.70416
0.650924
1.42726
0.506258
0.645193
1.00665
0.156901
0.729011
0.900578
1.36137
0.516361
1.07348
1.50577
0.624466
1.00679
0.752951
1.88145
1.54653
0.47564
0.478562
0.664338
1.9419
2.9754
1.69525
1.81794
1.00706
0.672371
0.710041
2.57199
1.23977
1.20133
0.099975
0.276095
0.195955
0.458106
1.47808
0.27138
1.35455
3.39443
0.813148
1.09576
0.427621
1.73399
0.268349
1.31733
2.30881
0.233502
1.06385
1.08359
0.202647
1.43922
0.43591
0.48344
1.0169
0.520195
0.848609
0.845922
1.41051
0.230528
1.04277
1.66692
0.174296
0.437921
2.26299
0.638595
1.34502
1.14895
0.674439
0.823247
1.80938
0.458348
1.08154
1.65709
0.67495
0.566142
2.43564
0.419718
0.0752205
0.842296
1.42765
0.13599
0.616775
1.29336
3.35446
1.30065
0.514888
0.933888
0.341588
0.967276
0.185983
1.11262
0.174685
0.36875
0.283106
0.259722
1.56216
0.182859
0.66199
1.48394
3.02861
1.3327
0.205482
1.12865
0.970876
1.29844
1.79673
1.45244
1.14728
0.694737
1.30024
1.12091
0.575242
0.319112
1.64043
0.225155
2.68144
0.960199
2.09888
1.45189
2.21753
0.671459
0.642835
0.498164
0.370249
0.849466
0.859179
0.278191
0.336392
0.281239
0.368867
0.187145
0.795953
2.91919
0.879372
0.807676
1.62948
0.341057
1.5393
0.478265
1.3317
0.964064
0.18975
0.901571
0.585464
0.675093
0.579945
1.90599
1.30558
0.850253
0.159935
0.293347
0.824345
0.765712
0.71768
2.16741
0.524525
0.839738
0.175945
0.714614
1.08561
1.53922
1.11534
0.792318
0.995017
1.4426
0.152101
0.973687
1.02311
0.497898
0.940334
2.19422
0.87594
0.473793
0.620324
1.21787
0.833847
0.908039
2.05394
1.54049
1.67689
0.839924
1.59335
0.536902
0.347165
0.273948
1.18312
1.0727
1.54374
1.27861
0.768295
1.42818
0.734502
2.77241
0.242066
0.351895
2.41363
1.92467
0.334744
0.603335
0.804922
1.01256
1.08988
1.07975
1.42086
0.962137
0.57665
0.169146
0.580085
2.64632
0.458238
0.24819
1.47655
1.57688
1.2626
0.855689
0.326763
0.571781
0.688502
1.23092
1.17448
1.09821
2.12144
2.27575
0.297744
1.15734
0.737138
0.766657
0.607258
2.03893
0.664691
0.528476
0.170804
3.85512
0.435692
0.362671
0.805603
1.05746
1.06023
0.736492
1.14417
1.41971
1.13202
2.08089
2.18084
0.334431
0.220944
0.120692
1.2438
0.973793
0.4562
0.318891
1.84257
2.62381
0.209415
2.06388
0.375981
0.527514
1.60349
0.843763
0.778919
0.158317
0.0779842
2.25798
0.723823
0.3978
0.806602
0.231577
1.08946
0.652181
0.1289
0.190236
0.506875
1.86045
1.66348
3.46609
1.95225
0.270252
0.286783
0.555143
0.882126
1.50755
1.03083
0.942531
0.800477
0.622611
1.87968
1.90896
2.24279
0.481656
0.181354
0.730674
1.11369
1.3428
2.19472
0.890833
1.09582
0.186034
2.39337
1.33572
0.687529
0.776777
0.241446
1.39774
0.215532
2.55667
1.40986
0.809169
1.03226
1.58074
0.519103
0.865005
0.738215
2.46775
0.693231
0.3069
0.483659
1.0399
0.28875
1.3525
0.433025
0.3185
1.16351
0.0909564
0.791347
2.36041
0.900196
0.380165
0.406979
1.27879
0.964355
1.00259
0.303398
0.217185
0.663729
1.76688
2.61787
0.209006
0.785247
0.825733
0.179948
1.764
1.88143
0.302688
1.39098
1.11
0.344887
0.873128
0.712972
0.471412
1.77975
1.74992
0.580283
0.669208
0.197113
0.11323
1.0846
0.396595
1.07777
0.66408
1.20373
0.51932
0.860058
0.193432
0.991957
0.158171
1.43509
0.44702
0.71038
1.5764
1.14126
1.4004
1.20393
1.05023
0.944735
0.491323
1.03436
1.31464
3.87917
0.712205
0.776205
0.245111
2.32048
1.81395
0.623438
1.40179
0.441873
0.192012
1.65514
0.956891
2.30353
0.0246123
1.25666
1.5616
0.72428
0.348661
0.428448
0.214956
1.13896
1.97417
0.66138
0.919298
0.777154
0.512058
0.530357
1.84453
0.390416
1.33797
0.451183
0.724081
2.2444
0.450066
0.357619
0.378495
1.45179
0.985061
0.293949
0.90338
1.20757
1.22274
0.909647
1.13427
0.593443
0.886312
0.861506
0.54767
2.60913
0.652413
0.119544
0.443509
0.932142
2.11267
1.17768
0.599804
0.994081
0.83334
0.596907
0.328021
0.930165
1.96124
0.591168
1.6772
0.404339
0.685797
0.362376
1.22314
2.4585
0.36905
1.20391
1.57939
1.43019
0.877249
1.59326
0.180606
1.64407
0.276791
0.554522
0.819349
1.54315
0.617724
1.31314
0.887971
0.243742
0.981005
0.488064
1.70209
0.675005
0.178098
4.3114
0.379196
0.198855
1.81328
0.859013
0.739538
1.83858
0.422584
1.3317
1.48115
1.08347
0.62854
1.61193
0.453021
1.32029
1.22536
0.362681
0.507083
2.13856
0.464281
0.295305
0.79775
4.07109
0.811609
0.687373
0.708186
1.94087
0.718048
1.73448
0.384366
0.434124
0.831594
0.652322
0.926055
0.229096
0.986777
2.14259
0.676573
1.31559
0.335124
0.219433
0.0491974
2.16769
1.21552
0.336289
1.5105
0.337841
2.2844
1.49637
1.8721
1.0497
2.0213
0.477773
1.02742
0.643828
1.38797
1.71178
2.30528
1.80691
1.6104
1.82858
1.09152
0.893705
0.919051
0.539503
1.67919
0.58028
0.598471
1.27255
0.899805
0.870446
1.7631
1.47678
2.20826
0.990391
1.71509
0.743805
0.959131
2.30322
0.693925
0.218343
0.898952
1.82701
0.627473
0.589528
1.08459
2.54899
0.369248
0.496107
0.261436
1.40636
0.239976
1.49645
0.67711
1.09689
1.47508
0.26122
0.364593
0.874629
1.2227
1.42976
0.391853
0.779934
0.353942
1.40225
0.393683
0.490522
2.01687
1.40933
1.34591
2.08682
0.174498
0.582785
1.04262
0.679535
0.570936
0.922734
0.37987
0.747314
0.615136
0.0758591
2.10581
0.411016
0.352477
0.625413
0.443116
0.8635
1.15041
1.38693
1.77052
0.540956
0.373244
1.48934
1.7303
1.10912
1.10815
0.925275
0.385577
1.25112
1.78223
1.33559
0.51411
1.30948
0.12929
0.789482
1.45278
0.490917
1.70767
0.51265
0.536822
0.859627
0.74288
0.239434
1.53769
0.665527
2.44293
0.245313
1.10619
0.363393
0.0406739
0.531943
1.02872
0.146319
0.744771
1.54884
1.36399
0.0257887
0.514515
1.16563
1.70741
0.320833
0.944696
1.00887
1.8196
0.922927
2.38096
1.67564
0.874088
0.386455
0.364318
1.33698
0.710121
0.903665
0.348231
1.10376
1.39241
0.596032
1.48766
0.697232
0.53398
1.00121
1.89413
1.99958
0.578875
2.02369
0.766694
0.906223
1.90509
1.62944
0.62175
0.841558
0.97063
2.86355
0.816357
0.451246
1.29824
0.576645
0.743569
0.824521
0.335762
0.485702
0.232262
0.250318
0.472383
1.02815
0.654499
0.997624
0.702661
1.56529
0.501371
0.671149
2.05558
0.0328467
0.749213
1.63779
0.207405
1.07116
0.587344
1.14872
1.08862
0.939528
0.237727
0.402536
1.33401
0.521942
1.01597
0.406986
0.228783
0.568923
0.344663
0.782438
1.03636
0.534358
0.85584
0.701406
2.02621
3.36813
0.178617
1.04581
2.88554
0.83396
0.511619
2.20426
0.885534
0.694882
0.845131
0.814718
1.57745
0.997171
1.61521
0.229252
0.245818
3.27286
0.144973
0.814912
0.436099
1.56705
0.977505
0.139338
1.23813
0.98995
1.1748
1.80107
1.52651
1.01372
0.65071
0.205673
1.35933
0.698571
2.1844
0.173923
0.979497
0.998169
1.0058
1.28551
0.966724
2.22194
0.460768
0.318371
0.195165
2.23148
0.255964
0.659775
1.35228
2.17668
0.437668
2.56084
1.67265
0.25309
1.43385
0.870149
0.466981
1.26622
0.69847
1.80452
0.915945
1.0198
0.841253
1.40646
3.17933
2.19835
0.803986
0.813064
0.75328
2.55742
0.241241
0.15267
0.291894
2.24796
0.948165
1.67017
0.638234
0.503879
0.921781
0.826437
0.48741
0.581913
0.463226
3.52174
1.54991
2.49296
0.321022
2.16594
1.87814
0.814838
0.898441
0.369663
0.689494
3.01273
0.235817
0.16405
0.816334
1.02642
0.837659
0.863956
1.50823
0.608769
1.14797
0.543397
0.0682211
0.878535
0.409091
0.682374
0.635072
1.10816
0.393732
0.590956
0.944856
0.567988
1.17843
0.66987
0.542129
0.0763567
0.854551
0.464013
0.168868
0.702005
1.70587
1.47134
0.793011
0.223772
1.04786
0.334855
1.5248
1.14548
1.05333
0.616665
1.66625
0.0729647
0.582907
0.513973
0.699205
0.964959
0.245143
1.30059
1.38141
0.768621
1.69482
1.08004
1.43764
1.66961
0.444644
1.41213
1.07554
1.13311
1.09758
1.3555
0.846487
1.53602
1.27839
1.05759
0.891677
0.934408
1.98244
0.13462
1.70298
0.65705
0.945743
0.580209
3.53017
1.51264
3.5766
0.127243
0.812584
0.643449
0.0569766
0.760419
0.235485
1.84899
0.849071
0.63215
2.2451
0.759582
1.23119
0.384439
0.582873
0.145435
2.69834
0.251656
2.80347
0.879918
0.651529
0.293713
2.82566
3.67234
1.83847
0.16014
2.3275
0.53344
0.988666
0.809496
1.79635
0.935626
2.4697
0.367666
0.439741
0.844153
0.612145
2.04194
0.582085
0.786344
0.335299
0.186781
0.497382
0.226085
0.616111
0.160868
0.915924
0.41467
1.19603
1.28853
1.44643
0.332855
0.377399
0.682596
0.732583
1.19407
0.478874
1.02844
0.90184
0.581731
0.248003
1.49653
1.06645
0.211953
0.159681
0.916026
1.90362
2.52844
0.669982
0.603523
0.0937847
0.269197
1.90998
1.62198
1.66507
1.38497
0.104819
1.3085
2.38496
1.39319
2.57443
1.66868
1.53046
0.6437
2.02893
1.12367
0.153415
3.05603
0.613221
1.16283
0.445489
1.87026
0.947322
0.217609
0.580827
0.60989
0.850581
1.15959
1.04344
1.92933
0.32095
0.932344
0.625246
0.596148
0.236402
0.796761
0.923378
0.496314
2.78285
0.581056
0.922348
0.969001
0.301455
0.512841
0.864003
1.09812
1.04418
1.16575
2.81501
0.676573
0.308673
1.58745
0.807168
0.703217
1.31836
0.951333
0.473003
1.05724
0.851938
0.27102
0.977975
0.645046
1.34039
0.451449
0.558496
1.22721
0.385797
0.868662
1.47245
0.424047
3.15449
1.24615
0.200524
0.952796
0.519198
0.771784
0.18561
2.21103
0.780976
0.201365
0.194091
0.794542
0.914605
0.215725
3.17446
0.817488
1.32698
1.66751
1.15415
0.198408
1.47384
0.50508
0.536305
0.596887
0.75398
0.802936
0.902945
0.808086
4.00322
2.15901
0.436852
0.992888
0.288002
0.219463
0.429402
0.801342
0.559175
0.545461
1.08626
0.802847
0.933704
0.419793
1.03564
1.04314
0.908995
0.747406
1.41019
0.173107
1.78156
1.4216
1.36765
0.938354
0.328546
2.18116
1.14217
1.98725
0.245088
1.0386
0.597845
1.3054
0.601479
1.74394
0.306311
1.40085
1.42609
0.79101
1.2822
2.17243
1.07687
0.347665
0.632507
0.993087
0.95558
0.695402
0.326032
0.65135
0.798404
0.916693
1.68995
0.171051
0.493007
0.571949
0.630717
0.60224
1.99008
0.962487
2.75633
1.2119
0.576727
0.402711
0.440002
0.502211
1.00852
0.0370046
1.71865
2.60384
0.299315
1.08144
0.90301
0.24347
1.86058
0.260158
1.21386
0.449705
0.374593
2.06669
0.506018
1.63882
1.27856
1.19481
1.01276
0.76455
1.001
0.583663
0.701287
0.999757
0.772361
1.43804
0.665443
0.896394
2.32602
0.432098
0.858698
0.713363
1.54058
1.91691
0.62226
1.48423
2.32909
0.340778
1.5169
1.61401
0.645666
0.351547
0.892285
1.46865
1.6011
0.58878
0.26159
0.755737
0.45965
1.00973
0.976804
0.76761
0.568995
1.91879
0.557847
1.35732
2.33824
1.215
1.09879
0.937257
0.474615
2.10603
0.45208
0.334779
1.26755
0.64013
1.25218
0.564134
0.496955
2.04422
1.12826
1.85276
0.867648
0.692872
0.781233
1.42755
0.801766
1.80219
1.18957
1.02965
0.479374
0.688971
0.530315
0.399481
0.690095
0.350786
0.953625
1.61237
1.73463
1.98109
1.59696
1.21446
1.1387
1.03877
0.12369
0.282381
5.38051
1.53657
2.13422
0.389434
2.01781
0.401745
0.242461
2.50665
1.20068
1.06524
0.99447
0.242304
0.340213
0.81509
0.219727
0.572333
0.62724
0.604718
0.514476
0.85459
1.57402
1.74782
3.03734
1.52246
1.19595
1.94996
2.02526
0.181209
2.10749
0.373765
1.79654
0.192628
0.782528
0.671924
0.766325
1.25597
1.57218
1.35152
1.57703
0.731856
0.801175
1.37982
0.641763
1.45684
1.59016
2.39429
1.55663
1.85886
1.44498
0.928024
0.885397
0.257712
3.24392
0.949216
0.769187
0.757645
0.429699
0.442682
1.12935
0.132097
0.467983
0.64881
0.295524
1.42108
0.636386
0.380038
0.623147
2.44458
0.784105
0.272009
1.05074
1.53231
0.775967
0.156953
1.61992
1.74972
2.70305
0.83172
0.205801
0.707384
0.0475813
1.15922
2.06086
2.47497
0.867071
1.41298
0.328925
0.983411
0.5111
2.67636
1.34118
0.0301113
0.219299
0.309872
1.68765
0.131891
0.727922
0.651714
0.233543
0.648128
0.518979
3.62917
1.63578
1.70968
1.04846
1.16498
0.516174
0.499331
0.738316
1.55993
0.96239
1.23041
1.22851
0.236259
0.462431
0.819368
0.315307
0.392212
0.0917888
1.07495
2.20529
0.516658
0.417505
0.474425
1.02819
1.14864
0.245787
0.138028
0.15561
1.76941
0.76854
0.493906
3.60257
1.17136
1.39134
1.47929
0.818146
0.788161
0.963449
0.871142
0.269751
0.638455
1.64107
0.162026
0.362157
0.201733
1.88297
1.50454
2.38003
2.27651
0.120388
0.804476
2.01743
1.3149
0.768827
1.52753
1.57102
0.323692
1.23978
0.810193
2.93272
1.56308
2.53023
0.743064
0.868149
1.20183
1.08065
0.982823
0.888067
0.224832
1.17781
0.366387
1.81796
1.08279
0.790257
0.47461
1.93002
0.701383
0.762317
0.428601
0.854298
0.576424
3.01232
0.280264
0.844705
0.674164
0.328629
0.820519
1.15744
0.447025
0.428437
0.73394
1.22489
0.104143
0.870518
0.709972
0.397361
0.918958
2.4598
1.04563
0.43517
0.0160244
0.503587
0.911481
0.736981
1.05331
1.39886
0.682842
0.866562
1.11932
0.495509
2.42062
0.0661844
0.349764
0.107895
0.232215
0.217609
0.0295407
1.17572
0.845285
0.220207
1.3466
0.511479
0.75661
0.94495
3.22033
0.822008
0.247165
1.20304
1.93414
0.231032
0.785127
0.196533
0.291422
0.510376
0.925093
1.88967
0.772719
0.422807
0.736065
1.49248
0.621505
0.195918
0.547379
1.22654
1.03123
1.23136
0.360758
0.631972
0.757191
0.698631
2.39316
1.33497
0.902191
0.252034
0.959397
1.15719
1.52564
0.469768
0.186662
0.488458
1.59558
0.710243
0.915322
1.68793
1.55349
1.28109
0.66155
1.6919
2.13508
1.01975
1.57852
1.44489
1.15024
1.40392
1.07776
1.08027
0.756657
0.256584
0.517549
0.210689
0.841346
1.05488
3.18007
0.236618
0.264577
0.684293
0.651906
2.12355
1.0476
1.25618
1.19003
0.702492
0.457914
0.770149
2.49792
1.2302
0.953451
1.42277
1.2519
0.330077
2.28225
0.286262
0.77035
1.62169
0.847861
1.12696
0.702294
0.978722
2.35565
0.261555
0.976967
0.0652168
0.192007
3.50977
0.671587
1.30858
1.50306
2.47619
0.680688
0.996456
0.635501
0.911406
0.976905
0.191423
0.676845
0.174303
0.712688
1.54957
0.132926
0.804809
1.2977
0.264171
0.583884
1.51652
0.876666
1.93843
1.65738
1.48154
0.132527
2.86676
0.358824
2.68384
0.831338
0.891556
0.59519
0.809551
0.522745
0.928083
1.35959
1.19896
1.89496
1.43963
0.654585
2.20818
0.209138
0.636194
0.253783
0.342828
1.83795
1.72756
0.709561
1.90756
0.985571
0.746237
1.14634
0.611123
1.18773
1.24126
0.247598
0.510482
0.465181
2.0403
1.7488
0.911947
1.2717
0.779948
1.31017
0.7472
0.457799
0.293769
0.440053
1.45187
0.296154
2.28729
1.28397
0.816138
0.494467
0.503073
0.222614
0.819292
0.877333
0.592666
2.81838
0.532698
1.08359
0.63709
0.453085
0.406678
1.35777
0.219424
0.205397
0.531945
1.22403
1.6424
0.910248
0.721686
1.01812
1.17455
0.308009
2.52685
2.10354
0.10463
0.567077
0.219372
1.98177
1.51688
0.364051
0.75941
0.485308
1.06699
1.34556
2.86847
0.95254
0.409029
1.66344
2.68744
0.612094
0.921188
0.250143
0.526722
0.848043
1.86422
2.58673
0.850167
1.09477
1.3379
2.47684
1.68729
1.81902
2.42172
1.18554
0.489823
1.08095
1.15319
0.922673
0.205674
0.0836662
1.42628
0.287619
1.55191
0.258634
1.22515
0.908102
1.20146
2.46857
0.655707
0.574787
0.688388
0.423664
0.519379
0.69217
1.45829
0.898097
0.614203
2.29839
0.892607
0.237655
1.21612
0.962049
0.891415
0.976752
1.2576
0.364167
5.53052
0.413325
2.20908
1.12987
0.9158
0.627989
1.30699
0.781145
1.94707
2.20105
0.75455
0.966852
0.101284
1.92359
0.894828
0.737165
0.425844
0.949636
0.0365616
0.114224
0.590422
0.0663519
0.215345
0.535312
1.36219
0.289869
2.243
0.385079
2.07852
0.455523
0.552431
1.41326
1.48359
0.869523
0.624383
1.08935
0.166016
0.967236
0.141952
1.29
0.763772
1.86612
1.59544
1.42527
1.34512
1.06631
1.1236
0.599122
1.33387
0.439449
1.20758
1.20473
1.00447
0.398527
0.557123
1.45731
0.753468
1.37377
0.562473
1.07954
1.21673
1.15199
0.478316
0.0742001
1.25137
1.7773
1.12272
0.89836
0.666378
1.32495
1.07117
0.806129
0.828103
0.568665
0.759629
2.05056
0.787505
2.35879
0.783359
0.86264
0.175178
0.36879
0.584766
0.706022
0.420443
3.21015
0.83632
0.399253
2.04832
0.871783
1.26767
0.478896
0.964527
0.714044
1.20951
0.693536
0.579845
0.251503
1.35016
0.686693
0.73361
0.447724
1.49792
1.17077
3.0261
0.736539
0.679486
2.96136
1.44592
1.08742
1.38988
1.41207
0.264872
2.35602
2.02038
0.601978
1.46905
1.18874
1.50745
0.13283
0.478718
0.871472
0.674147
0.0402742
0.690519
0.351941
0.804387
0.479392
0.346751
1.02873
2.44768
0.103288
0.770491
1.80084
0.495157
0.175929
2.13631
0.479376
1.08524
0.416614
0.939833
1.72051
1.31121
0.702043
1.15438
0.274591
0.498238
1.34287
3.5974
1.22112
0.725337
1.50922
0.118851
0.231434
0.249697
2.31358
2.82205
0.890833
1.18577
0.323439
1.56927
2.15168
1.1806
1.97218
2.07505
3.75468
0.284957
1.46625
2.63031
1.27137
1.15504
1.54876
1.59915
0.406357
0.115121
2.21759
0.119564
0.250686
0.787688
2.39502
0.340295
1.36497
1.07472
0.0707716
0.616028
1.43137
1.37639
0.664323
0.930156
0.585036
2.64822
1.50535
0.686663
0.904814
0.108117
1.27927
0.628189
2.02132
0.768314
0.825161
0.405662
1.5441
1.65134
1.35659
0.419877
0.140404
1.29566
2.78894
1.07787
1.80355
0.871988
0.387531
2.10463
1.00577
0.979204
0.906881
0.348798
0.887095
0.318849
1.17285
1.18526
0.870149
0.734304
0.833191
0.495339
1.34126
2.03928
2.18003
1.13787
1.4648
2.8572
0.164002
2.95854
1.32121
0.442601
0.503948
2.29495
0.89103
1.04606
0.672829
1.72125
1.17685
0.85319
0.279441
0.0669157
0.19708
0.782276
0.880039
0.451157
1.24181
1.16317
0.629365
0.783928
1.81646
0.568777
2.44752
1.28582
1.68124
1.79942
1.20625
0.359571
0.702014
1.35413
2.17946
0.494892
1.96639
3.30445
0.76018
1.51285
0.258523
2.23241
0.542716
0.691411
0.11945
2.21415
0.315595
0.912394
0.648305
0.505863
0.918039
2.03058
0.793636
0.793326
0.361363
1.66956
0.801055
1.11197
0.297615
0.482936
0.664203
1.03522
0.199161
0.774865
0.956553
1.29076
1.10392
0.24654
0.241953
1.99521
0.96998
1.75261
0.779792
0.986411
0.127035
0.540089
3.38038
1.7542
0.310796
0.586803
0.818369
3.77154
1.38813
0.904131
2.38005
0.0947135
0.737585
0.622302
0.967691
0.766679
1.59508
0.267623
1.47857
1.50264
0.552279
0.912459
0.511826
0.706641
0.327165
0.712964
1.951
2.5902
1.69928
0.457908
1.16476
1.5264
1.06051
1.72838
0.990075
1.95006
1.36367
0.637941
0.618221
0.898283
1.66924
2.42813
0.262178
0.880538
0.66114
0.0877264
2.01447
0.768246
0.318403
1.80011
0.544809
1.17595
1.31171
1.31112
0.162916
1.59286
0.816682
1.72744
1.84064
1.38632
1.22271
0.743985
1.04955
0.721158
0.451705
3.16425
0.813327
0.677375
0.779248
0.670044
2.14043
0.638067
1.07198
2.35159
0.955725
0.638279
0.187802
0.791213
0.582695
1.14354
2.93653
0.236054
0.884622
0.437859
0.094673
0.260428
0.547064
1.30142
0.135377
1.9727
0.917969
3.03491
0.126225
0.563854
0.176875
0.735052
1.6652
0.643781
2.72582
0.568909
1.15266
1.85364
4.15514
1.33793
0.796339
0.793781
2.21785
0.924252
0.503491
1.09707
1.42854
0.704031
0.070347
1.02265
0.522752
1.03159
0.987851
0.0974235
0.973205
3.16568
0.961832
0.558991
0.472372
0.786451
0.965175
0.853138
0.585693
2.46489
1.19052
0.28081
0.365354
1.29058
3.25938
1.62081
1.07459
0.721219
0.307708
0.382631
0.425374
0.775114
0.52184
0.362594
0.662021
0.716195
0.72922
0.351866
0.180343
0.865598
2.1888
1.71668
1.29552
1.224
0.787592
0.280187
0.0988426
0.759988
0.602566
0.313496
0.781295
0.107426
2.66337
0.356481
1.03154
1.11191
0.902129
1.55132
4.02485
3.06232
0.518824
1.59161
0.718744
1.08707
0.58735
0.493631
0.610285
0.8316
1.07124
1.24483
0.622721
0.655794
0.880458
1.88253
0.136038
0.128517
1.061
2.02647
0.533386
0.95906
0.262297
1.08433
1.0361
0.416411
0.0586383
0.474471
2.19005
1.8187
0.264188
1.23788
1.36473
1.38977
0.775819
2.0951
0.674452
0.112325
1.49054
0.0547681
0.564997
0.67316
0.668942
1.1385
1.06703
0.560955
1.6198
2.10856
0.71779
0.797698
0.175465
1.85789
0.298505
0.131823
0.915718
1.87049
1.26394
0.739068
0.555886
1.39421
1.05496
0.700417
0.218954
0.859668
0.0645436
0.770559
0.484826
0.280818
0.132199
0.438015
0.182072
0.713453
0.424926
0.498293
0.719667
3.01422
0.530756
1.7421
0.326052
1.59404
0.967652
1.45549
0.620408
1.81044
1.25887
0.414051
2.47916
1.79401
0.480693
0.270552
0.630662
0.0601588
1.00203
0.209739
0.604353
0.655564
1.87296
1.61869
2.07502
0.618131
2.06818
2.91048
1.31874
0.804686
0.771651
1.23037
0.863159
1.71517
2.56662
0.281538
1.51032
0.735844
1.00946
2.20399
0.227435
0.97771
1.38013
0.28536
1.60937
0.471792
0.631447
1.50375
1.31127
1.14197
0.589651
0.687197
0.878647
1.03744
1.07686
1.95054
0.895138
0.880324
0.201507
1.65905
0.538565
1.79831
0.387124
0.211106
1.42071
1.18344
0.467781
1.33686
0.486329
0.950057
0.197862
1.66243
0.386018
1.42548
1.00911
0.687589
1.22828
1.06005
0.162901
1.51689
0.697859
0.433249
1.5356
1.27412
0.715344
1.26342
0.36893
1.7254
0.944437
0.822384
1.16669
0.357321
1.39251
0.258797
0.309142
1.20667
1.1059
1.29581
2.60605
0.979765
1.25477
0.812862
0.441204
0.080613
0.308096
1.69008
0.357963
0.082677
1.52408
0.608203
1.16768
1.01212
1.60057
0.780025
1.05189
0.771864
0.886554
1.03795
0.952141
0.814212
3.07376
1.48359
1.0452
0.44653
1.93969
0.526648
1.0236
0.214023
3.46918
0.643474
1.15792
1.16803
1.1823
1.61236
2.04317
0.706847
0.867256
0.925637
1.02742
0.208443
1.04148
1.43352
1.76115
2.68898
0.21963
1.13598
0.434421
0.245545
1.10983
0.771052
0.382825
1.12251
2.47187
0.913408
0.6715
2.13856
0.874998
1.86422
1.51553
0.359012
1.89182
1.41078
0.986323
0.242101
1.06243
1.40106
0.476265
0.87286
1.24284
0.27704
1.12266
0.935628
3.06974
1.24509
0.574431
0.294677
0.683549
0.135464
0.506591
0.392296
0.426128
0.274419
0.982395
0.527161
0.144819
0.706123
0.286606
0.932717
0.683065
0.223167
0.691026
0.869875
0.738334
0.202946
1.58152
0.123593
0.482458
0.992259
1.53281
0.551966
1.80718
3.18635
1.04623
0.299484
0.29812
1.4596
0.746856
0.717091
0.72113
0.871223
0.413444
1.66847
1.10523
1.01003
0.965438
0.903058
0.93712
2.15369
1.30429
0.311177
0.728812
1.63251
0.714375
2.16095
0.824926
1.49165
0.086845
0.854389
0.452678
1.11205
0.754023
0.204164
0.948187
1.36902
0.643213
1.80719
3.14798
0.28373
0.42358
1.07999
0.775962
0.489112
0.360799
1.23676
2.03034
0.895001
0.958978
2.71695
1.24987
0.764797
2.59067
0.677968
0.730117
2.52759
0.806396
1.5194
0.53155
2.03793
1.23951
0.930303
1.84166
0.705087
0.351176
0.584203
1.69989
0.353921
0.302614
0.197223
0.302648
1.75237
0.99356
0.88775
3.11409
0.262884
0.429559
0.860725
0.313139
0.365007
1.10668
0.525217
0.67157
0.232987
0.324254
2.18698
0.735583
1.17508
1.40511
0.138328
0.227526
1.18814
2.00363
0.587575
0.282749
1.62849
0.600659
2.32716
0.648292
0.161618
0.72988
1.59287
0.260548
0.22546
0.836252
1.70713
0.804137
0.769688
1.80573
1.02976
1.41588
1.79146
0.619644
1.05264
2.53956
0.38096
1.54527
0.312537
0.346968
2.0976
0.826861
1.25154
2.15726
1.91081
0.363939
1.0065
0.540262
0.275097
1.93189
0.835493
1.51379
1.02732
3.75974
1.27616
0.668002
0.938641
0.965267
2.98412
0.62553
0.295932
1.31304
0.694403
1.08396
2.48465
1.87528
0.944897
0.209963
0.270645
0.387412
0.584718
2.15913
1.96196
0.301184
0.261511
1.43255
1.56732
1.17234
0.646999
0.66285
0.627079
0.420151
0.712066
1.59934
0.232985
0.288981
1.08386
0.433726
1.56208
1.33966
1.7482
1.3302
0.70338
0.499443
1.12612
0.324227
0.620207
0.848721
1.53197
0.605754
0.460615
0.388256
0.215774
0.988109
0.95273
1.31984
1.21207
2.0072
0.481449
0.726503
0.796641
0.335232
0.857663
1.30907
0.298973
0.378987
0.0998964
1.26919
0.958815
0.475678
0.287988
1.44453
0.941158
0.589175
0.25616
2.17119
0.851529
0.0804145
1.59537
0.527167
1.92298
1.31291
0.794443
0.961392
1.34793
1.87098
0.764253
1.29317
0.725334
0.563861
0.637436
1.11663
0.186738
1.36786
2.75632
2.10097
1.46644
0.484182
0.592461
2.11744
0.417352
3.59775
0.811522
0.385212
0.824687
1.40064
1.42792
0.959506
2.75135
2.29176
0.479298
0.913875
0.930086
0.515331
0.57172
1.43896
0.453285
0.974958
0.444132
0.401544
0.453835
0.527972
0.596863
0.678023
0.27487
1.18975
0.259749
1.007
1.69175
2.24121
1.28092
0.607334
0.157536
0.441585
0.318643
1.88572
0.258807
1.2129
1.732
0.884513
2.88095
0.880943
1.37292
1.28455
0.0731371
2.32719
0.591559
0.241099
0.958469
0.358827
0.254656
0.347901
1.40846
0.574549
0.481596
1.03516
0.653072
0.545792
1.14511
0.812416
0.903961
0.937737
1.24384
0.379502
1.005
0.535704
0.398155
0.459097
0.239576
0.554381
0.653937
0.928315
0.574257
0.154252
0.57959
1.89841
3.06496
0.313495
1.42689
1.9795
0.123152
0.118009
1.12004
0.228558
0.469645
1.59161
0.636347
1.76722
0.469523
1.43192
1.03755
1.08684
0.200695
0.321131
0.664898
0.33961
0.51304
0.958928
1.01225
1.48422
1.81616
0.182542
0.654808
0.394614
1.08421
0.69265
0.322655
0.707322
1.59292
0.858657
1.29596
0.567757
0.962293
0.226648
1.22921
1.79936
1.94881
0.48128
0.534641
1.20926
2.70447
0.584684
0.689798
1.1418
2.12931
0.649604
3.1986
0.549457
0.455764
0.587942
2.13391
1.16701
0.678162
0.405665
0.286628
1.54483
0.208552
0.70163
1.26151
2.91622
1.57229
0.223164
1.03067
0.272482
0.709132
0.728734
0.602803
0.0640255
0.561036
0.220361
1.01889
1.39476
0.839588
1.03822
0.28549
1.5165
1.83608
0.471622
0.257586
0.748831
0.162517
1.35115
0.859803
1.6844
0.531483
0.897529
3.5496
0.51775
0.421642
0.203412
1.70009
0.416814
0.108431
1.4123
0.467197
0.942631
0.728133
0.918026
0.87203
0.679369
0.15956
1.49209
0.840575
0.850097
1.69408
1.24469
0.63508
1.19819
0.774041
0.279427
0.5614
0.0361026
0.311043
1.20995
0.437243
2.75162
1.86778
0.616699
1.52868
2.07757
0.794118
1.01575
1.32135
1.33219
0.366135
0.0987781
1.43645
0.606399
1.3883
2.62728
1.19419
0.956651
0.422968
1.25128
0.395875
0.441261
0.87154
0.334986
0.0935578
0.840822
0.296544
0.496156
0.596036
0.572429
1.53612
1.56637
0.211387
0.902675
1.10951
0.342825
1.24617
1.01185
1.38144
1.04351
0.354212
2.00861
1.2852
0.224239
0.916245
0.28744
0.187752
0.916991
0.959175
2.80344
0.917882
0.902414
1.64009
1.1566
0.407588
0.575345
1.06054
0.167855
0.577125
1.06753
0.37378
0.302434
1.61423
1.08066
0.668647
0.421023
3.22501
1.44365
1.11864
1.11417
0.761115
0.332192
1.456
0.623226
0.222177
0.738575
0.888368
0.728683
0.763043
0.663081
0.431981
0.151088
0.397728
0.55493
0.226643
1.43328
0.109858
1.5449
5.0748
1.23603
1.81053
1.61737
1.40725
0.154727
0.808823
0.127415
1.36778
0.446771
0.064904
0.0655633
1.20264
0.420375
0.407834
0.501323
0.607442
0.718595
0.966481
2.17999
0.223588
0.558834
0.185342
0.457585
1.41534
0.840247
3.83952
1.53108
0.49011
0.267278
0.160567
0.784435
0.99531
0.214041
1.22952
0.99149
0.342981
0.914868
2.67878
0.336686
1.18143
0.426941
0.585057
0.386068
1.68429
1.40303
0.726467
0.12467
2.14834
0.537517
1.01183
0.733392
0.394141
1.178
1.07094
1.78914
0.308411
0.379686
1.72038
1.75674
2.95218
0.342086
0.687135
0.63494
1.81741
0.658703
0.428383
2.64517
0.682723
0.300902
0.692686
1.27367
2.3874
0.850493
0.701625
0.931234
1.44474
0.330615
0.0478104
0.912957
0.101682
0.648553
2.14706
1.20402
0.485015
1.71144
0.74365
3.07464
0.454297
0.555952
1.69714
0.904749
2.15737
0.362204
0.834519
0.694688
2.17365
0.880732
0.54077
3.9536
0.668752
1.46157
1.90739
0.400527
1.44002
0.0752175
0.351472
1.31438
0.952682
1.32461
0.770874
0.668413
2.95752
1.24267
1.81531
0.90909
1.01339
1.75235
2.15641
0.38804
0.234668
0.771122
0.30774
0.457815
1.30837
1.34325
0.133519
0.184344
0.561167
2.31117
1.36459
1.07031
1.88013
0.802737
0.722751
3.49566
0.756602
0.256441
0.233402
0.411555
0.29495
0.533071
2.8087
0.783192
1.3611
0.504315
1.14899
0.29168
1.91553
0.539207
1.20737
0.0683943
1.32486
0.222317
0.765151
0.62812
0.219696
0.721332
0.203309
0.244607
0.78534
1.86496
0.522015
0.664381
0.421781
2.38192
1.05462
0.288298
0.607727
1.1629
1.46103
0.556791
0.286976
0.708137
1.13477
1.36299
0.695626
1.84864
0.731177
1.58895
0.547877
0.262861
4.06215
0.573664
0.219174
0.447402
0.925205
0.359482
1.96749
2.84417
0.594308
1.72162
0.16214
2.07198
1.08347
1.03828
0.647594
1.37509
0.420747
1.55418
0.796685
0.580187
0.826783
1.12117
0.743357
0.786398
1.57188
0.102278
0.276708
0.276366
0.325891
2.05957
1.17608
0.249816
0.141602
0.465001
0.655723
0.371582
0.859593
1.05248
1.34625
0.422802
0.541422
0.861999
0.326248
0.409558
1.19229
0.705077
0.141972
0.642593
0.945094
0.773319
0.215774
1.25056
1.967
0.299538
1.72229
0.393176
0.3554
0.552938
0.680434
1.98773
0.559055
1.48256
1.71739
0.919646
0.15746
1.73406
0.798065
2.10225
0.449453
0.708684
2.03547
0.294426
1.4243
3.88656
0.75061
0.379591
1.02927
1.94452
1.04244
1.54521
0.885398
1.08908
0.522597
0.642585
1.64814
0.651312
3.53987
0.824141
0.504832
0.835825
0.925616
0.0399877
0.369777
0.545739
0.122202
0.487221
0.575083
0.418993
0.124137
0.586188
1.40086
0.463451
1.50429
0.3796
2.50272
1.42637
0.957442
1.02392
1.68214
1.49358
0.388817
1.53964
0.563383
1.14955
1.6727
1.48489
0.697583
1.26182
0.843514
4.80586
1.10972
2.78336
0.722522
0.155692
0.221361
1.26451
1.04198
1.66787
1.95652
1.19522
0.853978
0.762331
1.07308
1.02029
0.836868
1.63944
1.39153
0.273109
0.525405
0.877223
0.345166
0.475327
0.406916
0.143375
0.322368
0.980017
1.73112
1.54813
0.572508
0.23303
1.46381
1.45284
1.65726
0.754819
1.97194
0.237972
1.09574
0.496196
0.559285
2.09019
1.68538
0.292185
0.478406
0.529596
1.1389
0.664108
0.331045
0.460887
0.588176
0.692488
2.51988
0.624379
0.53109
0.147175
0.484401
0.191639
1.52448
0.555747
1.82388
0.811973
0.30339
1.58372
1.27943
1.92685
2.64367
1.39356
0.488932
0.794674
0.655371
0.711205
1.77321
0.823126
0.42788
0.203512
0.319735
0.809156
0.365042
0.956127
0.2692
1.64213
2.4024
0.506533
0.284475
0.240031
0.261321
2.29307
0.819151
1.54653
2.26383
2.25869
0.451491
0.462526
0.771652
0.473932
1.26554
0.779126
0.16088
0.0734639
0.637502
3.31806
0.575631
0.973278
0.31237
0.672857
1.42854
2.83145
0.452786
1.54853
1.40714
0.673195
0.684756
1.50531
0.466372
1.32401
0.835456
0.226675
0.336506
1.0594
0.791207
0.76598
1.40687
1.42329
0.0244993
0.561081
0.903762
1.60259
0.684435
0.379359
0.386668
0.524246
2.26027
0.448284
2.13691
0.30353
0.914926
0.759978
0.496903
0.386757
1.97555
0.230835
0.369332
1.81726
1.09893
0.861216
0.636732
0.524916
0.263032
0.714867
0.493267
0.394611
0.0856487
0.904062
1.46817
0.06272
1.21183
1.71167
0.460138
1.2733
0.987504
1.14659
0.345798
0.983532
0.623487
0.102265
0.629953
2.88403
1.32187
0.926586
0.604646
0.895986
0.184321
0.0953547
0.961173
1.28711
0.243891
0.742011
0.710259
1.5824
0.653654
1.14787
1.20044
1.43601
0.811789
0.971617
1.35136
1.86719
0.96427
1.11638
0.959903
1.48923
0.726306
0.235236
1.21024
3.01603
0.636988
0.0384587
1.31323
0.719684
0.921036
0.810558
1.05736
0.638499
0.391752
0.780517
1.69927
0.132379
0.440722
1.82209
1.08241
0.299509
0.486788
0.492311
1.15358
1.34742
0.734159
0.936754
2.99936
0.343376
0.913452
0.29379
1.07864
0.591023
1.91213
0.375843
0.413264
1.92462
1.31532
0.769484
0.494485
0.663025
0.932444
0.705707
0.308894
0.959157
0.524745
1.04814
0.765279
1.9612
1.47704
1.03257
0.305144
2.28168
0.180571
3.82417
0.738638
0.636643
1.13421
0.847423
1.54033
0.239035
1.87075
1.04274
1.28974
0.404156
1.22689
0.856321
1.10241
1.52257
0.740629
0.202286
0.746983
1.35807
0.59767
0.711546
0.285657
1.22227
0.297746
0.557169
0.669098
0.177485
2.03284
0.966395
1.28021
0.286453
1.53315
0.758554
0.4153
2.2854
0.637708
0.201707
1.417
0.544673
0.566109
1.05544
0.249347
0.570823
0.8851
0.598526
0.880353
0.746812
0.112
0.816464
0.450424
0.751396
0.877512
0.503263
0.877353
1.88149
0.0530026
1.08986
0.922704
0.397431
0.758425
0.485212
1.93317
0.455855
1.11359
1.26682
0.799261
0.393075
1.75106
1.23767
0.764652
1.69118
1.18629
1.27877
2.33671
1.06747
0.354081
1.23329
0.840171
1.66529
0.691303
1.72047
1.52641
0.805769
1.18062
0.570901
0.54004
0.749507
0.866782
0.615556
1.29775
1.19278
0.790716
1.35554
0.580938
0.0217447
1.28211
0.982586
1.39525
0.468484
2.2474
1.13088
0.874467
1.37772
1.08913
1.79681
0.930604
1.18012
0.327651
0.368693
1.99467
2.11002
0.175192
1.07477
1.63709
1.25435
1.4335
0.737771
1.95941
0.181941
1.36771
1.39265
0.327597
0.607731
0.726677
0.153441
0.597201
0.186224
0.384249
0.575112
1.13084
0.303863
1.42335
1.99936
1.05282
1.83828
0.582334
0.236515
1.88792
1.16238
1.21104
0.482699
1.89189
0.520697
0.214581
2.18839
0.584437
1.71984
0.340783
2.01607
2.19865
0.420175
1.08258
0.342685
0.598611
1.44198
1.64515
0.761493
0.744868
1.7297
1.43953
0.203612
0.907268
0.924707
0.66695
1.94845
1.03433
0.207566
0.870314
0.873286
0.686239
0.0254516
1.68477
0.87571
1.95989
0.417573
1.31721
0.741533
0.627289
1.73393
1.67699
1.06721
0.615686
2.00293
2.13077
0.85511
1.46683
0.862588
0.673625
1.22866
0.265595
0.85251
0.749359
1.09497
0.389937
0.64347
0.656399
0.605539
0.66982
0.608906
0.906075
0.685486
0.624471
0.837173
0.872159
1.2916
0.923185
1.15536
0.663894
0.473996
1.50615
2.01376
0.33258
1.32371
0.610646
1.39125
0.723547
0.32478
1.9502
0.896841
1.15087
1.87542
0.306753
0.500551
2.68883
1.19457
1.13003
1.06255
1.38838
2.39042
0.488232
0.986878
1.14787
0.450639
1.49611
0.264678
0.287935
0.297569
1.14553
0.85945
0.645304
0.0783186
1.49119
0.818956
0.985741
0.696239
0.369779
0.103487
0.539759
1.09164
0.982715
3.22384
0.591015
1.15503
0.451358
1.07123
0.903406
0.801836
0.506278
0.657302
1.26288
0.435612
0.763423
0.299272
0.867345
0.22152
1.17212
1.37658
0.974612
0.954804
0.408567
0.351827
1.45166
0.256413
0.744944
0.383139
0.618804
1.47825
1.75414
0.298876
1.05906
0.504358
0.835211
1.68208
2.11426
0.914035
0.300151
0.504731
0.472123
0.516868
0.539098
1.45434
0.934635
0.993773
0.829733
0.904861
0.111585
0.680159
1.2077
0.335388
0.509839
0.858604
0.503846
0.468923
1.35107
0.309099
0.715923
0.666128
1.47314
3.21998
3.01609
0.647915
1.30102
0.154702
0.47932
0.277112
0.506869
1.25398
0.540946
0.758404
1.70471
0.728456
0.499228
1.3815
0.0403633
0.316705
0.40546
4.19166
0.127793
1.21277
1.4125
1.36675
2.24088
0.425304
0.220003
0.345376
0.0346834
0.134418
0.59348
1.96811
2.0732
0.869007
1.80448
0.424762
1.35284
3.08507
2.72504
1.73902
0.436178
2.63981
0.57076
0.138509
0.964586
0.71083
0.645913
1.65357
0.730087
1.34733
0.778236
0.6679
0.6308
0.269843
1.48983
0.316059
1.27905
0.595859
0.603209
0.542551
0.723026
0.800995
1.08189
0.838132
2.76097
0.891379
0.936027
0.61715
0.774841
2.02342
1.19608
1.35481
0.321014
1.06657
0.470081
0.962368
1.03839
1.55918
0.386629
1.0804
1.07406
0.733306
0.440724
1.02284
0.363343
0.654828
0.548673
1.57037
0.296837
0.587941
0.677538
1.06993
0.982049
0.200675
1.69775
2.29617
1.14266
1.50566
0.114235
1.42919
0.887379
0.910767
1.3654
2.86919
1.58756
1.46043
2.66346
1.39731
1.41302
1.71424
2.62035
0.377434
0.397175
1.1208
0.463123
1.23882
1.52471
1.19264
0.855901
0.558435
0.336784
2.38886
0.85291
2.26127
0.912061
0.749046
0.250837
1.10163
0.0563605
1.28716
0.222886
1.71262
0.716354
0.609006
1.76876
1.44388
0.052219
1.76958
0.916165
0.985464
0.957276
0.504391
0.207465
0.907275
1.05708
0.567255
2.16712
0.591829
1.45085
1.16505
0.175351
1.21575
0.704878
2.07356
1.68414
1.06208
2.60885
1.42432
0.376513
0.564968
2.19203
0.0769991
1.52864
0.723071
0.669872
0.744448
1.39361
1.67853
1.08656
2.07505
2.32667
1.248
0.414965
2.69959
1.42074
0.47139
1.60866
0.563343
2.12758
1.0321
1.31696
0.487604
1.3156
0.0645803
2.82526
0.684008
0.643121
1.17157
0.411632
0.928921
0.506559
1.5749
1.46364
2.15645
0.466897
0.473617
1.68025
0.748149
2.02652
0.430584
0.997448
0.486395
1.80469
0.63532
0.770714
0.548867
0.67208
1.50163
1.17181
0.12288
0.311664
2.5487
0.260778
1.46898
0.102109
0.342165
0.352703
1.27204
0.763497
1.00472
0.610004
1.87365
0.614836
0.807131
0.723295
1.14706
0.565923
1.07993
0.722534
1.36859
0.685823
0.513658
0.402155
0.28974
0.929782
0.454923
0.817563
0.876886
0.63635
0.60362
0.831872
0.636141
0.410825
1.86245
1.41632
0.0830829
1.16731
0.302508
0.290153
0.802749
0.254328
2.53469
1.06882
2.74918
0.712833
0.561856
0.687081
0.241568
0.317602
0.524883
0.149852
1.63311
0.410493
0.210943
0.642848
0.71378
1.80179
1.01468
0.640101
1.13499
0.833631
0.383167
0.427832
0.705147
0.599774
0.438419
0.280707
0.206898
0.5481
0.386118
0.603759
1.35061
0.225904
3.45799
0.359789
0.407022
0.147559
0.800708
0.569025
0.496811
1.80931
0.306757
0.292909
0.673265
0.872279
0.848673
0.121859
0.30637
3.06467
1.03296
0.228806
0.532461
0.548368
0.872994
1.6095
1.68573
1.34461
0.661292
0.907761
0.426915
0.503543
4.61117
0.543424
0.584673
1.12539
2.58468
2.18312
0.820216
0.924343
0.796544
0.693915
1.30174
0.378681
0.29262
0.224186
1.95614
0.647245
0.396825
0.189065
2.6983
3.78315
2.40963
0.143402
3.52838
0.899049
2.51845
0.186447
1.43457
0.511834
2.17878
1.289
0.965958
0.447962
0.981012
1.40723
0.152257
0.630319
0.475326
1.42009
1.22056
0.925098
0.343345
0.970283
1.13407
2.30176
0.759017
0.11475
0.472377
0.302693
1.10714
0.686612
1.69029
1.61944
0.721179
1.24946
1.57705
0.423394
1.27694
1.35655
1.13681
1.55383
1.43976
0.564673
0.313416
0.537261
1.11567
2.1701
0.427679
1.21837
1.2896
0.146155
0.839351
0.998923
1.05077
0.274102
0.274468
1.35607
1.64025
0.313389
1.01303
0.56169
2.87432
1.28474
0.906022
0.76823
1.06295
0.489886
0.389304
0.148234
0.797602
0.494904
0.427654
1.93258
0.759533
1.10507
0.944378
1.48549
0.569786
1.91486
0.53538
0.870868
0.519774
0.302248
0.27061
1.22914
0.809538
0.712692
1.43903
0.456384
1.03705
1.09716
1.28638
1.56594
0.163551
0.283089
0.945356
0.721751
0.800662
0.102759
0.443586
0.665964
1.71255
0.150457
0.671177
0.688645
0.109477
0.416851
2.67571
1.68349
1.71024
1.65699
1.03129
1.59948
0.832305
0.711148
0.240608
0.0582506
0.247695
1.71275
0.883976
0.978724
0.312466
0.127106
0.402614
0.607655
0.824113
0.995553
0.502294
0.739438
1.58757
1.92599
0.700742
0.836499
0.625506
1.97494
0.941613
0.308686
0.296462
0.904709
1.36262
1.50133
1.20745
1.99134
0.51505
1.3878
1.36301
1.6303
0.560307
0.729649
1.32856
0.268837
1.59699
0.477634
1.08477
0.466776
0.527307
1.1169
1.05156
1.15437
0.89833
1.57277
2.45254
2.09458
0.989643
1.13398
2.45019
0.888661
0.380755
1.46309
0.653455
1.79977
1.36508
0.903395
0.9104
0.414155
1.45036
1.414
0.338015
0.778738
1.04171
1.85864
0.680315
0.786454
2.22991
0.893361
0.970101
1.66558
0.702801
0.713279
0.57893
0.931595
1.50871
0.79839
0.785904
1.14474
0.212401
0.397255
0.897882
0.874103
0.963884
0.642589
1.03167
1.13464
0.435271
0.38795
1.64771
1.613
1.26271
1.23222
0.752246
0.28036
2.73875
0.756269
0.930692
3.03406
1.28231
2.03174
1.33674
1.41405
0.577324
0.505018
0.222618
1.03805
0.178753
0.123566
0.803624
0.926295
0.852316
2.10882
1.39989
0.482927
0.277418
1.07427
1.07815
1.06136
0.355212
2.15631
0.776763
0.443506
1.35208
1.09331
0.469107
0.627177
0.874198
1.17054
0.466565
1.74305
1.28228
0.0891149
0.491801
0.156622
1.15568
0.364705
0.111062
0.895677
1.55683
1.3149
0.418271
0.542185
0.671901
0.297871
1.80865
2.11164
0.832167
0.334178
1.67621
0.660229
0.166432
1.43334
1.36028
1.24368
1.02553
1.47327
1.17198
0.642957
0.187944
0.426733
1.27328
0.540142
0.742856
0.247034
1.8468
0.867055
1.99911
0.353854
1.67161
0.920995
0.924192
0.478117
0.484932
1.25377
1.8536
2.06474
0.994676
0.545767
1.99321
0.112013
0.527462
2.03045
1.73605
0.266389
1.31722
0.317017
0.346736
1.12205
1.33115
0.501474
1.47985
2.81691
0.237525
0.704401
1.4783
3.24438
1.4173
2.14664
0.633011
0.861428
2.51295
1.89028
1.93877
0.358476
0.344467
2.31652
1.48512
0.390595
1.99097
1.70429
0.788946
0.742829
0.149915
0.495017
2.46231
1.16428
0.305959
3.12786
4.1527
1.54396
0.465738
3.06688
1.21616
2.41817
0.75347
0.48353
0.255887
1.34799
0.775876
1.74089
0.748786
1.2442
0.677802
0.0660934
0.565031
0.663875
0.348154
0.677145
1.01856
1.28816
1.58293
1.0746
0.171237
0.520051
1.04195
2.31431
1.57933
0.827609
0.721599
2.77041
0.305282
0.590299
1.60055
0.24504
0.864
0.826171
1.22212
1.27675
0.810012
2.59621
0.782949
0.290625
0.389328
0.800799
1.23353
0.227396
0.820349
0.699492
3.4694
1.20245
1.44639
0.555326
1.23974
1.72215
0.631051
2.47881
1.46986
0.426309
0.600166
0.897942
0.813156
0.368017
1.0431
1.19073
0.696943
1.25887
2.43636
1.11185
0.962317
0.480419
0.413183
0.457712
0.820018
1.80057
1.34902
2.34545
0.769659
0.167877
0.332715
0.902192
1.09053
0.147538
1.82986
2.83653
1.00502
0.24534
0.0726462
0.197742
0.854346
0.584037
0.957775
0.0509378
2.03212
0.527081
0.838447
0.631789
0.0639455
1.02397
1.17839
0.310257
1.75245
0.268809
0.361574
0.378225
0.45463
1.80971
1.4331
1.30634
0.748409
0.43934
0.12615
0.405807
0.733234
0.949315
0.724755
1.13322
3.44944
0.71455
0.874554
0.763029
0.656646
0.144768
2.27254
0.994826
1.52507
1.9959
0.331661
0.220946
1.05378
0.121168
1.26872
0.833254
0.110295
0.310895
1.12964
1.7416
1.92613
1.64763
0.645263
0.974599
0.395688
0.615003
0.362185
0.954505
0.303356
0.57929
0.970442
1.10544
0.500609
1.36614
0.844602
0.229866
0.296924
1.26466
0.998737
2.94225
0.678829
1.2133
1.08959
0.158143
1.31892
0.374292
2.04325
0.280738
1.60866
0.91185
0.382186
1.36171
1.02752
0.361435
1.40121
1.6975
1.16133
0.203556
0.780111
1.08679
1.59339
0.455121
1.02768
0.293962
1.42065
0.307823
1.43187
1.67206
0.436457
1.21862
1.33764
0.608717
0.323903
1.18358
0.153874
1.92901
1.1366
1.82832
0.193593
0.538384
1.56543
2.08026
1.39238
0.172311
0.621029
1.44306
2.02496
1.25243
0.559835
0.393896
0.701212
0.961845
0.646372
0.596285
0.570364
2.02135
1.94728
1.7289
1.24565
0.0619222
0.320127
0.263058
1.44849
3.88272
0.50604
1.63638
0.627143
1.69678
1.26971
1.55405
0.573156
0.830222
0.337237
0.93067
1.8606
0.1701
2.8253
1.37558
0.910913
0.846593
1.16188
1.72147
0.681248
1.77455
0.331411
1.70814
1.59117
1.25012
0.436805
0.742392
0.830079
1.59669
2.54423
0.443717
1.0811
0.478834
0.706839
0.307252
0.437691
0.234853
0.260767
1.1579
0.22891
0.480252
0.241266
0.447186
0.33369
1.82503
0.491038
3.02237
1.14154
1.60434
0.133213
0.739762
1.33586
0.238324
0.964645
0.721307
0.985862
0.529357
2.02325
1.01736
0.939176
0.459599
0.608062
1.04532
0.860543
0.0959545
0.355074
0.876341
0.307065
0.548259
3.01796
0.545664
0.69716
0.535532
1.01905
0.290074
0.486895
0.941779
0.287039
0.900844
1.36427
1.41389
0.615679
4.2917
3.94588
2.38879
1.12401
1.60134
0.725825
0.166411
1.7526
0.959132
0.861491
0.351189
0.216159
0.85864
1.88387
0.268717
0.107315
0.432386
1.73269
0.928732
0.166953
0.201643
0.398093
0.803614
0.621123
1.77095
0.153165
3.111
1.26698
1.27264
1.32327
1.33483
0.801537
0.27867
1.01965
1.09856
1.55107
2.86872
1.35365
1.26719
0.70092
0.586394
0.904574
1.08644
1.21584
0.39625
0.105602
1.26069
1.18153
1.28213
1.73622
1.14074
1.58015
0.456877
0.486464
2.48761
1.43068
0.824959
0.133738
0.668057
0.289647
0.394202
0.386154
1.30918
0.638406
0.721503
1.84285
0.924509
0.468756
1.25276
1.98465
0.865754
0.784171
0.258813
0.680733
0.818911
2.48761
0.0791943
2.64064
0.436037
1.20483
0.160332
1.13209
1.61296
1.0684
1.15692
0.694169
0.365501
1.81523
0.631818
0.750812
1.23412
0.119302
0.818936
1.71833
0.736384
0.466458
1.47324
1.9025
2.00285
0.485725
0.707785
0.401092
1.76839
0.947903
1.48395
1.5818
1.50225
0.42194
0.30926
0.407903
1.47793
0.259827
0.55141
0.634865
0.172352
0.186886
0.253636
1.3037
0.268357
1.44399
1.61314
0.437924
3.36878
1.90385
0.648931
1.91565
0.679302
0.905018
0.491582
0.961747
1.71498
1.6279
1.23046
0.394931
1.16688
0.167293
0.604291
0.558815
0.684668
1.22763
1.48689
1.76767
0.308827
0.242496
0.118758
0.364976
0.2274
0.269901
0.914555
0.424328
4.48164
0.346123
0.0811409
0.898583
0.935107
2.00339
0.756957
2.681
0.937062
3.27719
0.663979
0.30396
1.20368
1.33305
1.78795
1.36633
0.360203
0.171859
1.29598
1.00272
1.01927
0.66192
1.87245
0.423958
0.441541
0.929769
4.83625
1.82904
0.919561
1.1001
1.5986
0.368553
2.3956
0.26579
0.628484
0.582935
0.0529611
1.66448
0.739958
0.668045
0.886421
0.983565
0.660277
0.779845
0.558154
0.184334
3.75587
0.341352
0.136709
1.44751
3.58619
0.550845
1.08427
0.591916
0.996496
0.928033
1.25044
1.1601
0.393623
0.5571
0.604944
0.872487
0.710559
0.484556
0.643524
0.135667
1.42165
0.183929
0.541361
1.47526
0.255654
1.03413
1.36565
1.99175
0.807723
1.8935
0.857851
0.768292
0.477697
1.43559
0.791519
0.286656
1.1841
2.217
0.311198
0.605623
0.198047
1.10292
0.526388
0.277499
1.49552
1.638
0.30819
0.392275
2.44317
0.574796
1.74435
0.161406
0.476611
2.34315
1.68389
1.34307
0.897237
0.609247
1.8447
1.69761
1.65423
0.121154
0.300771
0.703706
1.39083
3.64638
0.6251
1.63182
0.414791
0.16657
0.763859
0.636315
1.28498
1.08733
0.859306
0.951534
0.397078
2.04361
0.437353
3.49013
2.38159
1.19612
0.925691
0.410258
0.399957
0.872948
0.279887
1.68261
1.24566
0.711573
0.930419
0.739916
0.406785
2.26896
0.732524
1.59088
0.568005
1.27175
1.66339
0.443941
1.87928
0.884641
0.286454
0.11223
0.590163
0.709578
2.02345
0.78497
3.49338
2.3859
0.734004
1.98177
0.744377
1.51667
0.99559
0.919377
1.35502
1.01134
1.56407
2.02244
0.776871
1.52382
1.29881
0.167538
1.57447
1.44402
2.49489
0.30168
0.814095
1.80899
0.180744
0.62993
1.09979
0.77952
0.197185
0.304245
0.407329
1.50908
1.40931
0.455625
0.543185
1.7151
0.795337
0.372752
0.956219
0.975405
0.97514
0.448359
0.676802
2.36608
1.26554
1.38075
1.82154
0.543899
1.20964
0.899561
2.80095
1.10402
0.61818
1.34617
0.3298
2.29592
1.48092
0.69828
0.815692
0.481493
0.262483
1.37402
0.494397
2.25057
0.762161
0.903473
1.39614
3.34385
0.796548
2.75869
0.515938
0.0761051
1.87934
0.797267
0.916668
1.28395
0.226722
0.793893
1.78877
1.45308
0.240189
0.756786
1.25856
2.19622
1.04358
2.66714
1.60625
0.494861
0.303242
0.999282
1.91914
0.481018
1.69733
1.00438
0.760778
0.487105
0.603796
1.23957
1.85943
1.04685
0.9193
0.267445
2.01655
1.32556
0.452048
0.602637
2.47184
0.724573
0.569779
0.510283
0.657013
0.262264
0.161932
0.296288
1.4795
0.795896
0.980014
0.502095
3.0114
1.16808
1.18698
0.821405
1.38194
0.543863
0.548654
0.774966
0.702198
0.447466
0.852351
0.0772583
0.356755
0.269701
0.114228
0.776229
1.90466
0.290561
0.780995
0.251446
0.564715
1.25983
0.932038
0.218843
3.52191
1.4653
1.02604
1.08362
1.04775
0.337008
2.00783
0.618296
0.337644
0.662476
1.9184
1.33119
0.941064
3.11249
0.978017
0.212384
0.640593
1.19724
0.17208
1.58288
2.10459
0.758615
1.43069
2.62317
1.31345
0.742455
1.96952
0.570413
0.4013
1.41598
0.765488
1.04167
1.06645
2.25599
0.746766
2.08867
0.285098
0.687541
1.24537
0.848783
1.83651
0.715263
1.63873
1.50493
0.877632
1.57636
0.931377
0.0748721
0.215433
0.973167
0.427163
1.15628
1.85337
1.39934
0.185088
0.216211
1.95426
1.7539
0.785321
0.521013
2.34525
1.32222
1.09033
1.25229
0.107505
0.789401
3.84299
0.260937
0.421569
2.13519
0.6596
0.565795
1.70247
0.417682
0.976914
0.471526
0.179459
0.421944
0.575249
0.364673
0.872009
0.311068
0.14181
1.36738
0.560753
0.498745
0.942853
1.43687
2.09006
2.20346
0.639957
1.07241
0.400464
0.303004
1.5775
0.309852
0.535123
0.145952
0.238304
0.350508
0.747287
0.708287
0.262304
1.25967
2.26409
1.04323
0.892859
1.13499
0.826782
1.30247
0.665133
0.483738
2.06051
0.348388
0.310721
0.375066
0.531669
0.293012
0.563817
0.739449
0.104571
1.1363
1.03225
0.571951
0.576144
0.0946782
1.06231
0.91835
0.867338
0.787985
1.82509
0.527534
0.152267
2.48579
1.19606
0.455869
0.492359
1.39148
0.783636
0.666701
0.396149
1.19659
1.08756
0.181261
0.640231
0.352198
0.4675
0.457923
1.11878
1.18178
0.0845361
1.06314
1.04385
0.0354933
2.15706
1.8476
0.205365
0.755357
1.38544
1.65431
0.497082
0.180571
1.63418
0.56425
2.22987
2.25301
0.608193
0.469409
1.63546
0.653732
0.120729
1.47808
1.16495
1.69759
1.08174
0.182058
0.448638
1.78052
1.75291
0.5757
0.496386
0.475236
2.66393
0.802291
1.51498
0.832413
1.75152
0.299771
1.20111
0.557199
0.306665
0.621428
1.13546
1.42789
0.383707
0.597365
0.869511
1.10375
1.12605
2.69726
0.763435
0.754902
0.603406
0.901298
1.61135
1.16177
0.706342
2.45246
0.637
0.679147
0.318458
0.464604
0.549531
1.6742
1.56419
1.31737
2.0872
0.935186
0.624506
0.745308
0.689096
0.759958
0.288559
0.226992
1.40331
0.640788
0.393226
1.21561
0.16361
1.85027
1.22078
0.73887
0.510589
0.678139
3.88431
0.271293
3.49283
1.66978
0.912391
0.712457
0.702599
1.23485
0.756987
1.11673
1.70527
0.697837
1.44664
1.30086
1.00479
1.93951
1.06868
0.200936
2.52956
1.38621
1.65814
2.10969
2.25054
0.426416
3.03748
0.582558
0.301602
0.773596
0.243745
1.5401
0.743246
0.618851
1.91575
0.508913
0.919719
0.576349
1.86512
0.673989
2.89622
0.919319
0.293157
0.636788
1.7916
1.08114
0.674668
0.667929
1.80493
0.731679
0.122072
1.6495
1.45575
1.57904
0.613757
0.912388
0.462048
0.224376
0.545963
0.810627
0.29024
2.92415
2.67213
0.614026
1.143
0.847034
0.853311
0.487159
1.46719
0.0708423
0.307734
0.161948
0.609722
0.505487
0.593929
1.93236
1.73564
0.507872
1.22746
0.95531
0.663436
0.94549
0.776249
0.63061
0.295983
0.785304
0.0788418
0.660615
0.487696
0.133167
0.169847
0.592934
0.937105
1.8766
1.32513
0.77484
1.21174
0.778391
0.849958
1.02806
0.684753
0.476018
0.906154
0.212167
0.69254
0.606353
0.562963
0.978438
0.582323
0.314588
1.17301
0.456946
2.74093
1.13389
0.237051
2.8827
0.546966
0.468332
1.31231
0.23272
0.454651
0.827061
1.86934
0.628908
0.492122
0.882092
1.28731
0.674661
0.833548
0.253829
1.26317
0.486985
0.179602
1.27917
1.89224
0.552356
1.06464
3.02979
0.647025
0.471313
0.322576
1.16625
0.180182
0.363398
0.310317
0.652925
0.984564
2.34946
0.100517
0.406271
0.337047
2.3327
0.884631
0.322633
0.341018
0.528497
0.349752
0.856238
2.96366
1.97686
0.719318
1.17384
1.3296
0.5742
0.602713
0.679829
0.256402
2.07989
0.621622
0.549284
1.63268
0.199762
0.50081
0.846306
0.530256
2.00636
1.42827
0.527411
0.811307
3.1917
0.743115
0.888379
0.748106
0.986366
2.18219
0.929397
1.28372
0.401475
2.29374
0.895176
1.23169
0.99374
0.476165
1.68162
0.0496687
1.01362
0.968952
0.791066
0.594752
0.935846
1.75817
0.864042
0.838553
0.320858
1.04086
1.17155
1.70431
0.609762
0.922545
0.955157
0.83857
0.547257
2.48497
0.382514
0.294139
0.239843
0.69828
1.17263
0.907013
0.769909
0.969197
3.03844
3.09397
0.385211
0.169558
0.399349
0.912459
1.9995
0.655891
0.171252
2.21346
1.58659
1.07599
0.593966
0.592468
0.939621
1.1267
0.0990382
1.29089
1.04742
1.29368
0.130264
1.99585
0.83026
0.327843
0.632112
1.2352
0.292161
1.04154
0.272509
0.0691543
2.73006
0.0930547
0.482251
0.800852
0.717523
0.500754
2.0029
1.03497
1.03208
2.51988
0.535903
0.793155
1.03361
0.655071
1.26877
0.514917
0.256943
1.20002
0.504073
1.79423
2.70325
0.767027
0.323465
1.60135
2.7175
0.690734
0.426265
0.119001
0.107738
0.830439
1.89201
1.34038
0.519586
2.03471
0.58015
1.63909
2.04351
0.315778
0.72655
0.299873
0.165756
1.41568
0.802107
2.42784
0.882828
0.845068
0.224488
0.402386
0.440281
1.36745
0.619559
1.32179
1.22533
0.562047
0.790132
0.642348
0.87014
0.537004
0.535066
2.75886
0.775268
0.347745
1.18458
1.15536
0.293374
1.82499
0.540697
0.135675
0.919911
0.474275
0.595007
1.80073
2.16534
0.321757
0.309031
0.25545
0.403318
0.399939
1.63686
1.00388
0.366018
2.66273
0.350263
0.270884
0.618182
0.435447
1.56609
1.93439
0.972382
0.738234
0.33809
1.44546
1.64732
0.103936
0.241675
0.489834
0.690004
0.515633
0.249759
0.925867
0.344829
2.3909
0.524464
0.470638
2.48438
1.3921
0.761868
0.500915
1.42668
1.15845
1.20458
2.73587
0.927606
0.590362
0.990211
0.620507
0.882588
0.249859
1.54513
0.375117
0.753673
1.50564
1.86964
0.492773
1.22223
1.86218
0.850665
0.818037
1.26386
1.57913
1.15683
1.06503
0.910404
0.616724
0.493609
0.164876
0.186171
0.519037
1.49352
0.823919
0.761481
0.317616
0.81264
1.42993
1.42372
2.24206
1.87813
0.34053
0.86304
1.08149
0.375949
0.298599
0.471082
2.05521
0.631844
1.49799
1.58074
0.136916
1.78004
0.512811
0.407615
0.510104
1.14774
0.480438
0.226634
0.499679
0.901968
1.17028
1.05594
0.180969
0.265954
0.971234
0.729049
0.752998
1.49005
1.78995
1.34746
0.149855
0.38944
0.491353
0.234545
0.910173
1.0495
0.499514
1.92343
0.630239
0.906076
0.131
0.1206
0.515042
0.452191
0.402622
0.762053
1.07843
1.16444
0.567732
0.144935
2.89047
0.422161
1.41094
0.905385
0.859353
0.753019
1.89717
1.3965
1.07466
0.868823
1.07416
1.64246
1.54728
1.61646
1.25428
0.139745
0.322325
0.53501
0.574551
1.11978
2.9676
0.185086
0.899702
1.09182
0.282251
0.329228
2.43504
1.44709
0.255037
1.97361
0.561109
0.59221
1.27922
0.846666
1.74576
0.646721
0.194148
0.581688
2.03041
0.346187
0.486337
0.640468
0.417052
0.94248
1.41807
1.8914
2.1133
1.35472
0.233907
1.26515
3.29049
0.442741
0.814368
1.56531
0.655234
0.329002
0.931639
1.03012
1.03626
0.490631
1.38809
1.08796
0.414194
1.64802
0.09649
0.431366
1.23855
1.08419
0.738779
1.58546
0.834037
0.239036
0.237965
0.364088
0.305017
0.945616
0.662747
2.08538
0.850933
1.86165
0.662756
1.17099
0.681729
1.06802
0.205813
2.14879
0.987989
0.470988
0.832457
2.70659
1.64763
1.36473
1.38429
0.762669
1.25653
0.994931
0.48576
0.176581
0.858243
0.389013
0.926223
0.235927
0.151738
0.212749
0.766539
0.697955
0.960083
1.31407
0.41347
0.824559
0.619078
1.21801
0.262182
1.62104
0.329698
1.35477
0.64184
1.99236
0.299187
0.822944
0.679648
0.302592
0.906184
0.689708
0.203921
0.389441
0.719158
1.13023
0.745944
3.31301
1.772
1.11876
1.39587
0.664427
0.315622
0.806146
2.03657
0.377057
0.227136
2.24076
0.224073
0.782109
0.657595
1.51295
0.0358043
0.889865
1.97497
0.123256
0.131857
0.529285
0.991607
1.63509
0.278314
0.211613
1.67293
0.278501
0.505455
0.860024
0.935865
0.324272
0.344447
0.133403
0.484447
0.965345
0.591173
0.297645
1.11657
0.970626
0.935203
0.959198
0.553893
0.620243
1.89193
0.269096
1.01422
0.953527
0.621274
0.829961
0.889143
1.25796
0.265469
2.35726
0.696615
1.52652
1.90319
0.464845
1.76722
1.92145
1.63957
1.97899
0.687751
0.509128
0.756417
1.24027
0.186646
0.411329
2.48553
0.384748
2.14458
0.0287804
0.229918
1.2669
0.644593
1.83673
2.12908
0.830066
1.42859
2.07666
0.450154
0.518397
0.278232
0.0895687
0.75744
1.63892
1.05464
0.221772
1.22962
1.00277
0.463222
1.19354
1.35385
0.340218
1.35516
1.40866
1.43736
1.42957
0.78069
0.17533
1.65862
0.471627
0.909993
1.15127
1.97521
0.397412
1.73069
1.17517
1.13344
1.34561
0.471234
1.05759
0.527163
1.13863
0.422555
1.33891
0.435297
1.21082
2.52663
1.52676
0.565991
1.63889
0.274385
1.8552
0.786532
1.2815
0.955921
0.989229
1.42612
2.4526
1.26978
0.699379
0.814204
0.919739
2.02072
0.417471
2.62997
0.177115
0.714318
0.980079
0.665199
0.65751
0.814477
0.0591713
1.91726
0.831693
0.740447
0.542354
2.04035
1.24475
0.792527
0.786361
2.29804
2.77489
0.696148
1.79556
0.622299
0.551382
0.381185
0.346024
0.760381
0.372749
0.405719
0.304911
0.878163
0.624866
1.03722
0.430064
0.793767
3.302
2.06834
1.02599
1.39354
3.55617
2.27464
0.63646
0.60815
1.2535
2.00831
1.73765
0.795962
1.26852
1.53279
0.317361
0.268117
0.262441
1.31553
1.09078
1.43036
0.229265
1.29438
0.743615
0.729571
0.195967
1.41538
0.521027
0.0822174
0.283993
0.648243
1.12464
0.952169
0.152054
0.746047
1.43617
1.0809
0.509533
0.368484
1.52461
0.576908
1.54347
0.072478
0.986827
0.614083
0.808111
1.32316
0.75112
1.38125
0.601995
1.04278
0.807305
2.0911
0.0336417
0.649855
1.25815
0.165094
0.0811313
1.08195
1.07861
0.378701
0.42862
1.9682
0.402815
0.466746
0.27242
1.2442
0.888328
1.92982
0.317739
2.71239
0.137361
2.25242
0.168796
0.0360078
0.306303
0.656845
0.311073
3.63042
0.969495
0.843789
0.778308
1.07881
0.194306
2.5184
2.15371
0.470135
0.655243
0.875477
1.15343
2.25435
1.38866
1.30171
1.97147
1.04476
0.96579
0.219955
1.25741
1.24806
0.285197
2.00776
0.743906
0.326036
0.550959
0.383183
0.139174
2.37565
0.58647
1.98552
0.281133
0.417405
1.71069
0.108595
0.418977
0.70311
0.738378
0.546491
0.284852
0.503167
1.48034
0.784408
0.785747
0.984227
0.980649
1.75755
0.468595
0.617274
1.17621
3.41901
0.179924
0.0940657
1.38632
0.229723
1.45184
0.454454
0.850681
1.90591
0.607928
1.08226
2.41849
1.12929
0.26955
1.22195
1.11613
1.30956
0.602749
1.92085
2.05115
0.800023
0.387862
1.26675
1.06469
0.291741
1.11813
2.57511
1.00948
0.0688296
1.99172
0.882328
0.636664
0.7089
0.136143
0.473544
0.401992
0.719901
1.42234
0.775654
0.429784
0.908424
1.24692
1.70131
1.43052
1.92218
1.20736
2.15001
1.08678
0.414175
1.19677
1.45618
3.0586
1.60103
0.610498
0.359089
0.98511
1.51476
0.480401
0.498798
1.81686
0.887205
4.01193
0.621003
0.540259
0.610295
1.26015
2.65466
0.999347
2.26911
0.808454
1.18807
0.53667
0.664908
0.23379
0.250528
1.38244
0.532969
0.470898
0.198829
2.87717
1.24659
0.510408
0.923406
2.07988
1.94169
2.32678
0.727332
1.06342
0.443558
1.09811
1.48466
2.07203
0.702102
1.23424
1.5917
0.280858
1.26869
0.692662
0.958742
1.10229
0.35617
0.946956
1.74448
2.14978
0.613293
0.499373
1.77005
1.41724
1.82636
1.6147
0.970638
4.04719
0.663776
0.387331
1.02583
0.528911
1.33587
2.06224
0.217241
2.47237
1.02339
1.1316
0.705763
0.45624
1.19006
0.300488
0.813073
1.46835
0.416217
1.48596
0.150494
0.886376
2.38984
1.94493
0.979128
1.17378
0.452285
1.11788
1.66841
0.0915366
0.662879
3.03573
0.356435
0.992289
0.993181
0.535387
0.991797
0.87157
0.863242
1.24037
0.897342
1.30088
0.450576
0.504295
0.981794
0.382652
0.366411
0.0905153
1.06782
2.8795
0.953115
0.23169
1.13734
1.62757
1.31425
2.64205
4.38075
1.38827
0.669764
0.470246
1.03482
0.452375
0.403024
0.949052
2.18479
1.61182
0.375267
0.420927
1.12615
0.135202
0.967987
1.17303
0.346016
0.479308
0.852748
0.69295
0.671394
1.62307
1.19853
0.292966
1.30459
0.316502
0.359115
0.96005
0.366266
0.992498
2.40106
0.728969
0.0274431
2.17189
0.283037
0.175462
0.633543
1.7517
0.289703
1.21361
0.861173
0.424845
2.64417
1.27362
0.917115
0.840831
0.246454
0.74474
2.12534
0.855938
0.940613
0.918942
0.426894
0.442706
1.24595
3.64016
0.323907
1.15167
0.426175
0.842662
1.01099
0.476054
0.173618
0.745704
0.800696
1.06169
0.281665
0.410328
0.451747
0.384979
1.84949
1.1078
1.32623
0.269201
0.377172
0.436975
0.552233
0.574603
0.322197
0.488023
0.615158
0.691974
1.55711
0.219786
1.4246
0.494444
1.89295
0.562626
1.04238
3.18713
3.61824
1.21992
0.516567
0.145206
0.177696
0.1349
1.11319
0.421934
1.30779
0.482787
0.711457
0.814383
2.1348
2.55935
1.25063
2.03944
2.36412
0.0973415
0.343406
0.993711
1.2268
0.948494
0.559016
0.922979
0.344238
0.896847
0.497608
0.248582
1.37961
0.225656
0.778264
0.709419
0.994343
0.699833
0.561634
0.666094
0.0674757
0.409137
0.454181
1.80397
3.20688
0.996327
0.715254
0.918053
0.512743
0.597399
0.302135
1.09
0.400618
1.93694
0.689562
1.19309
0.34459
1.38043
0.97888
0.991522
0.462852
0.37342
1.30235
0.963219
0.611413
0.9684
1.35079
0.313323
0.316489
1.02438
0.927697
1.6479
1.3733
1.34336
0.535067
0.0990318
0.15814
1.30137
1.21544
0.84027
0.933166
0.75037
1.48549
0.998926
0.983128
0.237681
1.29765
0.244801
1.27584
1.26837
0.349481
1.18754
0.666068
1.72552
0.999236
0.395454
1.84657
2.62558
0.51422
1.22186
0.691478
0.591643
1.55484
0.956259
1.43675
1.02948
1.1658
0.571521
0.772598
0.783749
0.501038
0.477105
0.765768
0.427615
0.164007
0.362194
1.22736
0.505456
1.88256
0.42046
0.926116
2.0708
1.22563
0.0866249
0.618362
1.33589
0.686125
0.513646
1.12261
1.54887
1.33737
0.330375
1.88659
0.81068
0.785931
0.63359
0.867783
0.53726
0.945489
0.770416
1.21014
1.77303
1.59111
1.48405
0.365868
1.22892
0.304176
0.837493
1.24013
1.76346
0.901618
1.9269
1.191
0.794986
0.223679
0.798
1.83613
0.415111
0.426254
1.19342
0.434467
0.943136
0.260362
0.317865
0.707159
0.325263
1.72824
0.813496
0.789961
0.16647
1.5102
0.943877
1.10129
0.844426
1.21776
0.290385
0.499149
1.16964
0.220084
0.429296
0.345987
1.17251
1.25578
0.454332
2.73363
0.323082
0.375192
0.798409
0.988841
0.528295
0.326982
2.03299
0.480602
1.34002
1.53518
0.854053
0.542533
0.0387725
0.244663
1.28582
0.954774
1.23741
0.768324
2.95767
1.02923
0.85225
2.74625
1.13592
0.890277
0.532159
0.591078
1.18894
1.4649
1.58663
0.877318
0.746488
0.376632
0.217257
0.6884
0.787147
0.711875
0.867662
1.71104
1.94817
1.2823
0.678576
0.844713
1.76422
1.08176
0.574796
0.34763
1.40227
0.203044
1.12837
0.515581
0.119268
1.60955
0.565868
0.957854
0.619223
0.189019
0.774127
0.304781
1.38661
0.325114
0.970682
0.77619
0.176973
0.817726
0.918259
0.589709
0.804618
1.84414
0.784432
2.07518
0.367947
2.56477
0.815789
0.548461
0.248799
0.939523
0.679675
1.68197
0.180915
0.454331
0.57754
0.785329
0.278943
1.47679
1.16588
0.230038
2.53394
2.27571
0.209094
0.281599
0.769128
0.827434
0.635294
2.15657
0.173717
1.06478
2.44146
1.77607
1.97755
1.38015
1.51819
0.428144
0.724082
1.48095
0.33621
1.17337
0.658371
0.547807
0.296417
0.727464
1.43674
1.65799
0.356576
0.837162
2.61219
1.32752
1.11631
0.169063
1.6699
0.375862
0.609353
1.0603
0.695211
0.726768
0.637872
0.0984677
1.03673
1.05363
0.26778
0.222426
0.461085
0.417417
0.452385
0.907842
0.563965
0.38794
0.0992207
0.248845
0.71322
0.326562
0.453732
1.88059
0.552323
0.658658
0.0667501
1.28281
0.939569
0.688336
1.77942
0.230051
3.69839
1.44721
0.657798
0.561265
0.958462
1.15869
0.197741
0.935349
0.282092
0.713431
1.03191
0.543177
0.62494
1.54711
2.33018
0.383365
0.517845
0.350301
0.406622
1.0313
0.27674
1.21574
0.423117
1.84598
0.320815
0.684888
1.5656
0.728088
0.614868
0.124128
1.21584
0.454539
1.07288
0.879927
0.966589
0.491487
1.36033
0.41791
0.975019
0.74272
0.650234
0.905968
0.21841
0.461669
0.644749
1.82954
1.14752
0.646116
3.42597
2.54829
0.788915
0.100531
0.627054
1.36749
1.2527
1.03364
1.33865
0.779495
0.128446
0.847215
1.14701
0.0285409
0.537914
0.173724
0.555733
0.287607
0.581262
0.952521
0.463298
0.230971
0.593811
0.645791
2.68497
0.561496
0.212646
0.0980316
1.72006
0.349902
1.67153
1.63944
0.907232
0.20818
1.12218
0.251297
0.278492
0.128695
0.539999
1.39005
1.90724
0.926622
1.22966
1.0486
1.05956
0.114549
0.671213
0.545223
0.880173
0.206525
0.124712
1.47315
0.299702
1.93832
0.151556
0.671531
1.2627
1.40614
1.15645
0.525102
0.519715
0.709582
3.90219
0.308612
0.78234
0.515764
1.01379
0.512572
1.54338
0.136375
1.74819
0.613749
1.24802
1.01105
0.789763
0.173807
1.66642
1.04245
0.663184
1.60855
0.193479
0.266593
2.31154
1.35532
0.0929248
0.720131
0.856896
0.85244
2.97013
0.381853
0.433296
0.827555
0.398335
0.175825
1.63876
0.927693
0.977475
2.5406
0.399452
0.204429
0.949514
1.18681
0.130784
0.742956
0.462379
1.93823
2.44143
1.29845
2.49842
0.233149
3.34629
0.122423
0.149206
0.427168
3.37314
1.01335
1.66281
1.14379
3.64201
1.74705
0.218886
2.34276
0.959543
0.534117
0.572604
1.01455
1.47483
0.947367
0.986258
0.577062
1.5005
1.55123
0.658333
0.914672
1.00999
2.28064
0.530052
0.90333
0.548092
1.96636
0.58473
1.33732
1.02886
1.27731
0.489706
0.540001
1.58405
1.38255
0.353126
0.861599
0.394953
2.23311
0.507666
0.996282
0.645
1.75404
0.158375
0.203268
1.97032
0.475598
0.158067
0.327834
1.12946
1.57333
0.127229
0.249662
0.141304
0.461858
1.91384
0.619004
0.328587
0.869506
0.752297
0.45741
1.16688
0.542701
0.547721
0.53886
2.59337
1.10106
0.687679
2.17969
0.746272
1.7656
0.76366
2.03045
0.480746
1.85576
0.892847
1.21026
0.749895
0.700252
0.968457
0.222177
0.640247
2.14065
0.864474
1.36505
1.06924
1.12151
1.37807
0.357138
1.18266
1.3728
1.03343
0.548603
0.97613
2.66246
0.570497
1.98259
0.952495
0.340246
1.25225
0.667747
0.921041
2.35178
0.786543
3.16476
1.01898
0.818048
1.03864
0.352365
0.230293
1.08925
0.305942
1.86433
0.32684
4.45743
0.29766
0.903212
0.312798
2.48095
0.773696
2.81892
0.430181
0.737414
1.37988
0.534447
2.26668
0.202421
1.19787
1.06164
1.17823
0.264652
0.246745
1.09133
1.04851
1.33961
1.22007
1.24356
0.055063
0.565583
1.06835
1.03614
0.718225
0.991484
0.346807
0.393761
0.58647
1.32172
0.665324
1.48922
1.07341
1.6219
1.14225
0.73021
1.1407
0.909692
0.867983
0.253019
1.21557
0.6778
0.227747
0.591688
4.25655
1.56177
0.797152
0.807429
0.813387
0.817277
0.624334
0.78017
0.26494
0.136143
0.877632
0.838391
1.87141
1.37066
1.44189
0.169419
0.934263
0.464107
0.278909
0.460415
0.763037
2.61903
0.744237
0.725983
2.20132
1.15973
0.593795
0.892881
0.593639
0.375033
1.78571
0.611658
0.0786707
0.192276
0.739058
0.814314
2.52029
0.771829
1.51949
0.367587
0.371402
1.69286
0.212921
1.34451
0.517255
0.896193
1.74093
0.605358
1.10928
0.387055
0.551961
1.73836
0.731835
0.214712
0.390891
0.795179
1.2712
1.5828
0.968846
0.779246
0.658443
1.91412
0.826743
1.76789
0.706099
1.7475
0.737831
0.601356
1.15329
1.50014
1.11705
0.921333
2.85704
0.625233
1.20733
0.392022
0.928993
0.912658
0.774285
1.1045
1.60409
0.975676
0.219974
0.197611
2.40755
0.69189
1.39348
1.41935
1.03671
1.88983
0.923833
1.29919
1.37763
1.65068
1.33934
1.47896
0.1381
1.05412
0.669932
1.19539
0.326149
1.38772
0.856369
0.06974
0.878354
1.66292
1.17535
0.638337
0.480144
0.510231
1.65483
4.40457
2.0064
1.03742
1.45531
0.0247227
0.537939
1.16792
0.447412
0.584336
0.14716
2.0346
1.7693
0.684671
0.627895
0.169916
1.71316
0.370993
1.25386
1.72046
1.12427
1.53138
0.798775
0.256332
0.348375
0.363321
0.709405
1.14801
0.762964
0.718156
0.910851
0.74321
0.314896
0.279713
2.1102
0.564872
0.269448
2.08956
1.2537
0.441061
0.759325
1.59554
0.364265
0.47619
0.620967
0.73902
0.47708
0.319651
1.1727
1.8368
1.76587
0.39277
0.0932875
0.183526
0.176321
0.922667
0.23081
1.29306
0.383162
1.46374
0.122973
1.6555
1.37429
0.109544
0.235266
1.58089
0.832832
2.95055
1.7353
0.324162
0.0776314
0.585863
0.335647
0.449897
0.755796
1.21092
1.01605
0.221722
1.28151
1.51081
0.412811
1.36881
1.36854
1.29553
0.918934
0.91803
2.58079
0.768524
1.63082
0.580003
1.32562
1.87808
0.136988
0.848095
0.0920513
1.56488
0.245368
0.186835
0.853698
0.500978
0.66551
0.824503
1.15572
0.324324
0.651506
1.54523
0.946463
0.938994
0.801335
2.06275
0.84103
0.568094
0.206953
0.205064
0.868265
0.765715
0.990139
1.45249
0.46701
1.20872
1.16158
1.98942
2.67475
0.304936
1.68715
0.49737
0.0603764
2.38132
1.02911
1.10948
0.099469
1.13339
0.077064
0.550483
0.569689
1.08358
0.615935
2.5349
1.1523
2.09834
0.797632
0.878333
0.523931
0.541332
1.42223
0.107496
1.18425
0.515894
0.921525
1.59118
0.427832
0.419754
0.387542
1.02717
0.137179
0.655172
0.628842
0.957126
0.194336
1.74395
1.13681
0.465397
0.119457
0.272457
1.08837
1.13958
0.435819
0.925987
0.719304
0.733732
2.33993
0.44622
0.550694
0.699426
0.287429
0.491842
1.02097
0.644479
0.982416
2.54089
1.19553
0.0797304
0.912045
0.13142
0.990874
0.800314
0.978104
1.36525
0.893493
1.24501
1.56169
0.981644
0.0796107
0.25442
1.04473
1.35545
0.911006
0.899429
0.350724
0.59199
0.187704
0.34736
1.24135
1.04333
0.241459
0.369916
0.169426
0.40054
1.42835
1.55691
2.09174
0.715569
1.01542
3.32132
0.335068
0.5244
0.407914
0.456856
2.16198
0.916179
1.01428
0.678888
0.504865
1.63971
0.497027
0.256605
1.09267
1.09653
1.54595
0.245871
1.26887
0.463204
0.520166
1.12224
0.348672
1.08576
1.32044
2.08447
0.154948
0.293545
2.41354
0.294539
1.32079
1.02564
0.0661607
0.741333
1.32918
0.68055
0.304183
0.720397
0.49412
1.6345
0.748797
2.51877
0.369089
1.24426
0.201907
0.279013
1.49425
0.369741
3.40825
1.28517
0.204927
0.472615
1.03349
0.908694
0.741906
0.438696
0.820439
0.668525
0.94541
0.517176
1.13668
2.31517
0.563921
1.03804
0.350738
0.138965
1.23502
1.37556
0.0927098
0.872747
0.933152
0.76178
0.604594
2.78741
1.82286
1.75064
0.23934
0.72562
1.19863
0.824494
1.15003
0.567465
0.429851
0.523267
1.13155
0.604886
0.191502
1.7741
0.745321
0.560672
0.458575
0.848133
2.07528
1.42107
0.730639
0.134699
0.271776
1.754
0.298934
0.490337
0.874083
1.20905
1.13323
2.0631
1.13021
0.462531
1.34855
0.25183
1.51574
0.658255
0.194464
0.680211
0.818971
1.93254
1.2854
0.823561
0.8192
0.937445
0.86965
0.74307
0.0397292
0.409687
0.182146
0.799588
0.286407
1.50906
0.454036
0.838305
0.644422
1.61398
2.90884
1.9266
0.800054
0.255669
2.24355
0.792784
1.02346
0.835046
0.602062
1.02287
2.04952
0.622918
2.65003
0.863041
1.01986
0.321931
2.04201
0.79281
1.61186
0.52916
0.137527
0.723455
1.07488
0.613231
0.272472
0.986032
1.19178
0.484729
0.266442
0.425812
1.41371
0.778656
0.815952
0.173282
0.404967
0.969884
0.207034
0.238307
0.48361
0.673092
0.227012
1.63669
2.69402
0.922728
1.08299
2.93866
0.280618
0.669889
0.519241
1.45175
0.289258
1.01692
0.498888
0.634916
0.660571
1.5333
0.790168
0.0681296
1.51897
1.07549
1.27238
1.85864
0.661102
0.961615
0.754068
0.569516
0.967009
4.52776
1.06828
0.948189
0.867817
1.54271
1.10569
0.657366
1.4714
0.389152
1.1142
1.48904
1.49621
1.35403
2.47464
0.184317
0.82438
1.63832
0.792124
0.13601
0.262325
0.831097
1.40276
0.364277
0.220982
0.425716
1.01527
1.60303
0.472646
0.720373
0.457891
2.18582
0.942929
1.7749
0.429813
0.498519
1.44931
1.22692
1.54862
0.910219
0.795643
1.77535
0.884861
0.913706
0.283967
0.650504
0.98935
1.5303
1.41851
0.637238
0.402681
1.29497
0.633202
0.506544
0.623832
0.924152
0.180191
2.32227
1.33655
0.391496
0.340439
0.917014
0.462437
1.01234
3.87886
1.37781
0.664848
0.437653
1.68354
0.486342
2.80076
0.792308
1.21932
0.609557
0.267594
0.818494
1.72191
1.30599
0.72641
0.777558
0.627119
2.04269
1.87314
1.51446
2.10495
1.04695
1.3686
0.58407
0.653082
0.577326
0.712376
0.569454
0.494535
0.72726
1.00535
0.72392
0.819764
1.28421
0.890263
0.606687
0.285825
0.755034
1.39532
0.23993
0.453805
0.972727
0.36771
1.75185
2.43404
1.27124
0.539649
0.465772
1.20719
1.24822
0.344669
2.02204
1.30992
1.74961
0.754412
1.2285
0.315505
0.386608
1.94636
0.710041
0.35544
1.02281
2.21282
0.245292
3.12375
0.427252
1.16199
1.0565
0.340675
0.260605
0.782761
0.610797
0.973137
1.70937
1.4231
0.950908
0.778241
0.359549
1.09211
0.846331
0.225352
0.433218
0.946595
0.750444
0.272202
1.76465
0.475523
1.10821
0.45925
1.32635
0.769877
1.62449
0.345142
1.51584
1.83907
0.801123
2.84806
1.93674
1.75597
2.85929
0.191334
2.11099
0.401337
0.65791
0.778933
0.19575
1.78987
2.43784
1.88693
0.877187
0.505532
0.25062
1.02943
1.67082
2.01285
0.748421
0.785958
1.52455
0.54596
0.604718
1.75045
1.2581
1.55241
0.420599
0.468172
0.631197
1.13078
0.723812
1.42412
1.1596
0.0780197
0.300431
1.23098
0.407343
0.332898
0.31076
1.18186
1.59031
0.291482
0.77175
0.456335
0.766103
0.881142
2.19089
1.01532
0.556635
0.524701
0.678412
0.293485
1.15827
0.688051
0.836442
0.31276
0.357305
0.92832
0.157293
0.852784
0.285721
0.598549
1.69462
1.05139
0.538966
0.62212
0.174845
0.956422
1.14091
1.09228
1.03679
0.655795
0.616523
2.65395
2.04399
1.15746
1.47656
2.62771
0.464722
1.62496
2.66527
0.6921
1.11289
0.0495153
0.494139
0.769468
2.93116
1.05124
0.823821
1.30113
0.47463
0.461714
0.69119
1.03253
2.08851
0.758569
0.461067
0.412905
0.451734
0.813046
0.380889
0.260769
0.236435
0.567553
1.16201
1.42781
0.821543
0.814623
0.502752
1.55705
1.88408
2.20765
0.383674
1.43068
1.12411
0.629524
1.09278
4.90928
0.962532
0.979496
1.15527
0.446218
0.580586
0.323096
0.910779
0.351636
2.00653
1.28432
0.421705
2.5118
0.673793
2.49053
1.86112
0.811038
0.899507
0.636323
1.56843
0.954197
1.21289
1.25346
1.94262
0.876211
1.55037
1.75551
0.904672
0.734897
0.439103
1.09592
2.13964
0.709193
1.01495
0.500428
0.443889
1.16214
0.270438
1.0137
0.826624
1.51308
1.75115
0.644979
0.269514
0.358767
0.940946
0.20766
1.62876
1.27705
0.181018
0.86131
0.765502
0.99771
1.02815
0.266507
0.905742
0.702986
0.355938
0.741791
0.77893
0.556071
0.571986
1.42966
1.11322
0.201981
0.17188
1.47979
0.275661
1.66079
1.75084
1.05661
0.67316
1.37673
0.868455
1.53705
0.481425
1.48463
0.789242
0.33766
0.653258
0.907731
1.92404
0.463928
0.94792
1.17057
0.814343
2.00164
1.26416
0.920714
0.525343
1.17482
0.56245
0.645882
0.613378
0.473105
0.534215
0.181264
0.481589
0.469051
3.60829
0.389886
0.309558
1.49579
0.678902
0.643412
0.488035
0.356399
0.124741
0.695891
1.99767
0.416564
0.726213
0.361989
1.33106
1.02613
0.31599
0.15459
0.061746
0.570922
2.13424
1.43098
3.65611
1.42404
0.652592
2.12241
2.23329
1.32734
0.472698
2.55894
1.63999
0.435094
1.65042
0.459701
1.98569
0.631151
1.16813
4.43623
2.19364
1.06038
0.768128
0.430536
1.72537
2.73703
0.132301
0.679765
0.534198
0.937566
0.704156
0.488413
0.61791
0.259296
0.133771
0.372956
0.792594
0.465044
0.457747
0.111963
0.122761
0.464995
1.26555
0.378685
0.192126
0.868706
1.42075
1.04155
0.824954
1.46556
2.96356
1.20616
5.3921
0.301062
0.353729
0.357579
0.268755
0.194015
0.0709374
1.4481
0.698397
0.70732
1.07109
0.411842
0.882566
0.780271
0.698918
0.868739
0.537462
1.39997
0.997802
0.416552
0.169295
0.311825
0.282274
0.334451
0.587037
0.0787762
1.16933
0.476528
1.04696
1.68017
0.200441
1.58329
0.533596
1.16299
0.485269
1.81693
0.570992
1.3263
0.702908
0.575501
0.717507
0.578273
0.407728
0.736345
1.53399
1.61878
0.321338
1.25024
1.22072
0.273144
1.14726
0.320668
0.424995
0.450248
1.11553
0.930921
0.687201
0.199202
0.672613
1.62782
0.243366
0.491877
0.420177
1.3833
0.508757
1.14559
1.55982
2.26084
0.344449
1.99758
1.6936
0.200042
0.102224
0.527453
0.685461
0.208279
1.06759
2.00854
0.265095
0.595519
0.271841
1.87623
1.05722
1.26198
0.846612
0.213509
1.28186
0.479578
1.65513
1.70762
1.08384
1.39058
1.31214
0.501721
0.465712
0.456699
1.20001
0.906836
1.17721
0.764356
0.721759
0.858413
0.612003
1.43477
0.810046
1.37291
0.498034
0.727435
1.40316
2.24593
0.879431
1.07631
1.0431
2.41467
1.4734
1.17164
1.27402
0.498185
1.07263
0.524669
0.491167
1.21293
1.24021
1.22383
0.637659
1.4105
0.758649
2.79562
0.345803
0.651918
0.721172
1.01222
0.7321
0.746139
0.65531
0.801137
2.07549
0.44007
2.62186
0.117669
0.749471
0.58904
0.686521
0.545822
1.02733
1.68021
1.73831
0.501862
0.805922
1.02192
0.51492
0.170253
0.194019
0.366039
0.546455
1.23598
0.750866
0.581403
0.3595
0.469025
0.311168
1.01421
2.14749
1.80041
0.709374
0.843822
0.469408
1.83136
0.92921
0.298423
0.687156
2.97085
1.56052
0.329193
0.0375067
3.074
0.706769
0.805842
0.22911
0.50557
0.438923
0.909483
0.832615
0.309381
0.883219
0.838438
0.914817
1.45216
1.10939
0.730142
1.53208
0.8873
0.981926
1.3755
0.51581
0.721508
1.01886
0.242557
1.18637
1.53457
0.54354
1.02407
0.802187
0.589927
0.506661
1.42319
0.902626
0.821629
0.0882089
1.54762
1.60336
0.287184
0.0990076
0.31388
1.61932
0.335571
0.530721
0.566159
0.57604
2.21872
2.38321
1.05606
0.96968
0.939306
0.902361
1.99759
0.580948
0.559746
0.743282
1.70724
2.55176
0.417149
0.895439
0.415459
0.480008
1.78121
0.993253
1.13398
0.503199
3.07321
0.289162
0.803289
0.594431
0.66661
1.42851
0.539034
0.176176
0.910038
1.46816
0.355944
2.82006
1.05777
0.875506
0.715327
0.373581
1.02469
2.34498
0.627148
2.64045
0.799018
0.928321
0.265298
0.834037
0.690115
0.990415
1.00018
1.2211
1.082
1.63793
0.137764
0.300897
1.50166
0.860385
0.210189
2.54532
2.51023
0.658403
0.228564
0.660223
0.67601
0.673498
1.13509
0.358474
0.868594
0.511003
1.43581
0.0645013
0.63731
0.323327
1.35292
0.430537
0.445352
0.504579
1.08499
0.833559
1.21621
0.697354
1.41062
0.0940673
0.351312
1.30201
1.27656
1.95936
0.512588
1.43137
0.276077
0.726619
3.04878
0.171824
0.117854
1.21545
0.409022
0.502064
0.224
1.12838
0.400198
0.202008
1.82548
0.811727
2.02709
0.188493
1.10063
0.797501
0.219458
2.2178
1.45347
1.24684
0.96609
0.220212
2.07104
0.161006
0.270402
0.176929
1.18885
1.63434
0.799555
0.321544
2.30454
1.07719
0.835727
0.868826
0.366644
1.26421
0.891097
0.480371
0.831828
0.780826
1.02478
0.662811
0.804044
0.430398
0.574095
1.08162
0.890668
0.580842
0.940178
0.491634
1.7643
0.674101
0.560119
0.63951
1.50168
1.3923
1.34055
1.51344
0.724891
0.980906
1.37156
1.81671
1.79502
0.75277
1.08348
1.0102
1.19347
0.478804
0.0454972
1.41434
0.424033
0.922518
1.2045
1.89986
0.805577
1.23101
1.12088
1.02751
0.249565
0.733835
0.693684
1.34673
0.750605
1.8789
0.491128
2.50272
0.110503
0.575571
1.13398
0.946337
0.382816
0.388697
2.01932
2.78297
0.324845
0.96485
0.773575
0.309697
0.614128
0.525615
0.236076
0.242329
1.00114
0.852799
1.03075
2.19101
1.44278
0.950218
0.980698
1.09898
0.847839
1.49928
0.356526
0.809187
1.70003
1.08445
2.26967
0.574196
0.332288
1.17843
0.529788
1.7319
1.62169
1.9062
0.352643
2.56457
0.594027
1.40613
1.3741
0.528818
0.488953
1.75076
0.968509
2.15101
0.502693
0.266933
0.24484
1.18831
1.39973
0.0910544
1.21261
1.20564
0.726666
2.51547
1.41292
0.396782
0.459597
1.03329
0.183789
1.47613
0.0786754
0.224134
1.09151
0.388744
0.693933
0.832211
1.37374
0.265745
0.677233
0.713175
0.587663
1.56383
0.514333
1.35585
0.852765
0.999692
0.838763
1.75903
0.32222
2.184
1.24322
0.705112
1.41293
1.68365
0.377583
1.472
0.979397
0.498884
0.421807
0.174581
0.203903
1.64197
0.218628
1.14026
2.52021
1.21589
0.792272
2.31887
0.499776
1.73363
2.13908
0.546576
0.500565
3.33984
1.95323
0.78682
0.315418
1.24429
3.96727
1.27592
1.56421
1.22998
2.56367
0.0964197
3.00105
2.08032
2.03319
0.310814
1.0093
0.518964
2.04971
0.696349
1.67898
1.74571
0.240269
1.92775
1.13885
0.253778
0.669724
0.265196
2.66765
0.264807
1.08999
0.60865
0.625275
1.03985
0.958272
0.95538
1.40077
1.18546
1.33875
1.34327
2.18039
1.24387
0.628435
0.622923
0.404474
0.690635
1.30848
1.9561
2.10266
1.04767
1.03467
0.157107
0.710192
0.206213
1.10961
1.03239
1.46802
1.09839
1.62191
0.798666
3.08705
0.906905
1.3613
0.761818
1.65888
1.44306
1.3177
1.98903
1.05042
1.05997
2.03945
1.59495
0.693132
0.677137
2.30442
1.14174
1.47667
0.0534905
1.26069
1.63368
1.13068
0.348822
0.48216
0.627271
0.821256
0.635903
0.827691
0.517263
1.3476
0.920262
0.834091
0.590969
0.924331
2.25781
0.900852
0.853706
1.33583
0.632106
1.30779
0.545562
1.04624
0.175958
0.239954
0.13308
1.15456
1.8061
0.700526
0.808142
0.666389
1.36452
2.44211
0.954005
0.960331
0.594068
0.534855
0.661243
1.73305
1.34879
0.76085
0.347218
0.459414
0.649298
0.917179
1.14534
2.61385
0.171398
0.582088
0.180374
0.85773
0.634122
0.80079
1.05163
1.01824
0.621339
0.566537
0.487537
1.50142
0.955666
0.124623
1.34341
0.894887
0.117047
1.68439
0.612064
1.01517
1.20121
0.739035
1.413
0.597092
0.767566
1.27432
0.423575
1.58833
1.50423
0.512573
0.730299
0.252755
2.40704
1.11372
0.651484
0.464351
1.22775
1.52416
0.324059
1.10465
0.758797
1.50255
1.03912
0.883924
1.08221
0.823668
0.361446
0.454988
0.205439
1.71335
2.55738
2.10616
0.586624
0.421371
0.120411
1.38362
1.35268
1.52674
0.148327
0.422464
0.553256
1.06491
0.211028
0.42255
1.06881
0.283981
0.129809
0.562157
0.836573
0.849358
1.36891
0.371039
0.521528
2.51185
0.258558
3.33508
0.361193
0.363639
0.421621
1.42161
1.34545
1.27555
0.574221
0.257451
0.677781
0.402377
1.64673
0.130243
3.04792
1.78293
0.704516
0.439122
3.03042
1.59931
0.688409
0.204845
1.65967
0.795563
0.936223
1.44257
0.770367
0.847147
0.0519649
1.33799
0.579174
0.175407
1.21644
1.71524
1.33742
0.386644
1.32496
0.946884
1.80644
0.394239
1.79347
0.519082
0.800397
0.902584
1.15079
0.565371
1.75287
1.04433
1.32831
1.10873
0.494236
0.589588
0.2771
0.869846
0.0940608
1.24616
0.854145
0.606858
0.657108
0.579733
1.27897
1.05922
1.15234
0.874973
0.826365
0.130228
1.62259
0.196499
0.2164
2.02184
1.02127
0.878945
0.428506
1.34965
0.614678
0.27674
0.333841
1.59776
1.47041
0.286566
0.53399
0.535739
1.98165
0.923965
1.27325
0.26906
0.645061
1.79221
2.28817
0.0192142
0.100652
2.14396
0.354189
0.901502
0.952839
2.66305
0.357616
0.592586
0.437898
0.809996
0.852014
0.965883
0.807278
0.704952
0.885523
1.44478
1.94845
0.490466
0.582642
2.52258
0.678883
0.354406
0.627536
0.206492
1.28627
1.18744
0.97468
2.01084
1.68239
0.223648
0.511591
0.126427
1.5248
1.55215
0.219106
0.467011
0.756994
1.20912
0.460389
1.27166
1.67687
2.62317
3.89544
0.990782
0.942591
0.479065
0.586851
0.879774
0.942462
0.487469
0.548295
0.909517
0.557492
1.20123
2.8773
0.361921
0.278978
0.242075
1.9796
1.24274
1.33069
0.349536
0.199171
1.19897
1.34295
1.22917
1.4675
1.32033
0.54863
0.362957
2.11085
0.256197
0.450789
0.0998298
1.63126
0.858088
2.11892
0.651611
0.385999
1.31919
0.792599
1.87193
0.778516
0.202899
0.505492
1.34251
1.56724
0.363894
1.59225
0.910337
2.163
2.41333
0.28808
2.56431
0.805611
0.423246
2.01599
0.32155
0.855257
0.656726
0.393527
0.380976
1.19996
0.693081
0.10383
0.709886
1.70617
0.726638
0.760857
0.77774
2.10302
0.233557
1.62126
1.03665
2.194
2.51137
1.69156
0.821715
0.763789
0.275271
0.327405
2.58536
0.191563
1.39794
0.703789
0.200267
0.309838
0.373216
2.07517
0.371603
1.11827
0.218678
1.75015
1.51175
0.967594
2.04485
0.791311
0.277562
0.0980978
0.579557
0.258431
1.45232
0.731229
0.695671
0.674873
0.273922
0.500476
0.490481
0.06077
0.447966
1.56585
1.10287
0.880176
0.223574
0.718145
2.04259
0.245489
1.05902
0.189838
1.62226
0.426079
0.311835
0.473432
0.113274
0.342652
1.14337
1.91197
0.521454
0.0352051
0.457463
0.687428
1.07494
0.416806
1.53556
1.50105
1.01518
1.96772
0.407876
0.847858
1.81876
0.863246
1.00846
1.65235
2.18318
0.640712
0.455692
1.62491
0.77919
0.969049
0.316357
0.892988
0.449793
0.687702
0.307338
1.58787
0.6839
1.58408
0.719982
2.7736
0.500239
1.8252
1.59763
0.854022
2.40655
0.98516
2.62429
0.249704
1.41432
0.234676
0.801153
1.16087
0.843066
0.624902
1.01625
0.0639957
0.89611
0.896245
0.734215
1.48219
1.81148
0.733707
0.575416
0.70458
0.407785
2.73762
0.761308
1.18693
2.40658
3.01576
0.406835
0.285456
1.19849
1.13976
0.531494
1.48086
3.24692
0.773045
1.07985
1.84007
3.45947
3.89924
1.64478
1.39423
0.598491
1.18723
0.819476
1.15975
1.8803
1.19741
1.02142
0.598902
2.06089
1.96052
0.148675
1.64242
1.25538
1.31476
0.437915
1.22357
0.284542
0.163897
0.295216
0.735531
1.75885
0.207342
0.503274
1.57576
0.248867
0.594729
0.39916
0.672661
1.21013
1.76921
0.178191
1.14652
0.292317
0.07065
0.270049
0.668339
1.46499
0.707479
0.651054
0.604506
0.65932
1.3463
0.531325
0.843588
0.138868
0.773563
0.436051
1.28934
1.92256
2.94006
2.17745
0.342253
0.805395
0.90779
0.111263
2.64497
0.115403
0.226571
0.508265
1.957
2.32695
1.96241
1.15939
0.238395
1.53142
0.26982
0.635839
2.85595
0.0626187
0.588362
0.33268
0.565478
0.443167
0.832797
1.99531
1.38263
0.4328
1.04003
1.13235
1.0409
0.985083
1.02891
0.480023
0.514507
0.265451
0.821537
1.01787
1.52276
0.381484
0.401441
0.360612
1.45703
1.75132
1.98307
1.69684
1.79229
2.93829
1.68754
0.666177
0.949926
1.86261
1.47958
1.2254
0.76182
0.781163
1.21521
0.166709
0.508475
1.50513
0.589492
1.15537
0.940233
2.24449
2.58334
1.21184
0.766313
2.55035
2.17166
1.15678
1.05259
0.091913
0.402664
0.622706
1.70429
0.405581
1.0891
1.00473
1.01026
0.570668
0.267264
0.510012
0.33535
1.03669
0.576999
1.21177
1.52802
0.824549
0.798106
0.428212
1.41915
0.690752
1.60274
0.793966
1.10964
0.265053
0.856033
1.07078
0.717587
0.293084
1.20007
0.617651
0.86859
0.471
1.85202
0.333075
0.258282
0.923816
0.718136
1.05287
2.51277
1.13182
0.0229428
1.15454
0.921094
1.11886
2.34405
1.5937
1.71535
0.898312
0.418741
0.842874
1.40921
1.17827
0.927748
2.31726
1.16585
0.648821
0.399469
0.348852
0.345376
0.072547
0.603192
1.71997
0.731833
1.85935
1.59926
1.47875
1.54145
2.42977
1.04908
0.790689
0.754052
0.802259
0.575507
1.88352
0.3656
1.45075
0.974577
0.413471
1.15488
0.236131
1.26258
0.325607
1.50467
0.316039
0.879739
0.209252
0.313105
0.62377
1.22461
0.399795
2.39321
0.371897
0.14038
0.509987
2.53844
1.40587
1.04252
0.075968
1.78069
0.581553
0.953125
2.85498
1.2654
0.373976
1.20139
0.623294
2.84196
2.0304
1.11737
0.213666
4.01722
0.509596
0.540752
0.329344
0.66367
0.898208
1.31773
0.514125
1.97781
0.582733
0.766983
1.93026
0.178291
2.76323
0.74435
2.31757
1.5453
0.640345
0.651681
0.750577
0.679646
0.556276
1.61496
1.68574
1.44277
1.4279
2.13746
0.389188
0.331765
0.584898
0.379462
1.05201
0.666795
1.09299
0.575547
1.42168
0.381494
1.26975
0.201166
0.429966
1.96482
0.798173
0.343464
0.987266
1.36121
1.041
0.84939
0.743102
0.664984
0.470023
1.32768
1.27784
0.602056
0.58832
1.08178
0.796021
1.38999
1.64745
1.54269
0.289686
1.79634
3.2279
0.2687
0.565182
1.81355
1.03283
0.4925
0.653631
0.146979
0.623448
1.09469
0.631588
2.0945
0.891475
1.77518
1.59894
1.34964
0.0662563
1.47328
1.33869
1.07087
1.05603
0.447479
0.666768
1.56088
2.06689
0.272432
0.162151
0.670061
4.2623
1.24219
1.38571
2.06674
0.885139
2.14534
0.478392
1.01455
1.00327
1.29393
1.20703
0.833087
1.93357
0.601264
2.39917
0.578824
0.340588
0.271183
0.899504
0.497527
1.10469
0.411591
0.708679
0.0311909
2.62953
0.840083
0.7046
0.123963
2.23671
1.66483
0.618203
1.04887
2.26823
0.728111
0.776731
0.465231
1.03804
1.231
0.545772
0.86348
1.27018
0.831226
0.384438
0.253828
2.33682
1.09553
1.68231
0.671952
2.2593
0.47028
2.15601
0.846872
0.346906
0.414542
1.83746
0.583311
1.00152
1.92932
1.31143
0.55843
1.34152
0.592692
0.609696
1.19493
0.358569
2.25554
0.355786
0.997149
0.970155
1.13457
0.291682
0.590544
1.37618
1.6191
0.356931
1.63334
2.98512
0.193114
2.28324
1.43205
1.20797
1.88421
0.697179
1.94813
1.66886
1.9249
1.27513
1.24221
0.865311
0.623968
1.33304
1.23137
0.895331
0.271653
1.05219
1.48355
1.31888
0.742179
0.419944
1.62002
0.643239
0.453962
1.0064
0.560378
0.542535
1.25227
1.45737
0.409
1.8365
1.34004
1.40236
0.622672
0.453812
1.06921
2.75586
1.1995
1.02585
1.10101
0.737451
0.395783
2.69602
0.748982
1.30815
1.47015
0.807913
0.453502
0.232973
0.864559
0.31644
0.987426
0.806442
0.877329
0.714031
0.816691
0.825441
0.711989
0.254871
0.582326
0.514386
0.399257
0.418568
1.39135
0.716614
0.419673
1.04433
0.825315
0.26577
1.18427
1.51791
0.81797
2.41411
0.617935
2.23936
0.569665
1.70683
2.01574
1.69444
0.500654
0.822956
0.523737
0.844395
1.97163
0.990243
1.61486
1.42676
0.718003
0.188663
1.4844
0.607889
1.34599
0.739058
2.01597
0.230566
0.307607
0.0878546
0.996123
1.90513
0.124342
0.703389
0.932829
1.29766
1.20652
1.32071
3.92446
3.07524
2.15077
0.442864
1.6304
0.631963
0.236532
1.55432
0.534234
0.547262
1.54356
1.84983
0.248995
0.138102
0.584765
0.128472
1.35085
0.156211
0.505228
1.2474
2.07956
2.24986
0.505168
0.208493
0.623968
0.816286
0.653007
1.45158
0.123187
1.81855
1.00079
0.665095
2.87272
0.601076
2.2911
0.783113
1.50566
0.395462
0.357895
0.676714
0.565574
0.749075
0.122499
1.51576
0.184699
0.294222
1.94223
0.580007
0.536948
0.790642
0.431771
0.509476
0.957118
2.01825
1.39498
1.45788
0.140233
0.545835
1.43748
1.39842
0.948381
2.1465
1.80007
1.80549
1.27729
0.610025
0.515285
2.02772
0.932269
2.03952
1.18839
0.199869
1.36072
1.28526
0.632567
0.416504
0.24239
1.9355
0.871316
0.952353
0.436054
1.35846
1.92809
0.600258
0.993874
0.692727
0.440952
0.685824
0.602881
0.749321
0.577611
1.43554
0.726058
0.789901
2.95933
2.0563
2.15195
1.04821
0.100458
1.88556
1.18318
1.04619
0.601994
0.798479
1.0469
2.00632
1.76005
1.36187
0.621237
0.911961
0.516641
0.153326
0.772089
1.22183
1.12021
0.531213
0.484549
1.07637
0.666593
1.19444
0.50634
0.832502
1.69688
1.67672
0.601411
1.06548
0.661964
2.96778
1.33429
1.27895
0.292846
0.622876
0.484069
1.54348
0.767783
0.922194
0.293858
1.02228
1.90938
0.843591
0.646422
1.2596
0.513138
1.53133
1.33799
0.712734
0.888029
1.8003
1.28349
0.661634
0.482454
0.746723
1.05941
1.41683
0.548817
0.382118
1.18683
2.10582
0.494359
0.548329
0.30069
0.0685131
0.483137
1.91618
1.56421
0.286693
0.175803
0.221159
1.01995
0.523415
0.53603
1.3773
0.993279
1.4825
1.16779
0.74332
0.545885
0.138176
0.888393
0.400551
3.59345
0.431842
2.25388
0.569853
0.771949
0.823013
0.222892
1.3873
0.48862
1.45977
0.374808
0.282435
2.03535
0.109463
1.41554
0.384047
0.484367
2.10169
0.431574
1.37419
1.38719
0.32895
1.41899
0.381672
0.398122
0.666866
1.2068
0.407922
0.702665
0.277951
1.2887
0.136759
1.02018
1.18302
0.571456
1.35654
0.910967
0.541766
0.443861
1.06178
0.73086
1.13875
0.363493
0.132151
1.51114
0.255547
1.70088
1.8201
1.40938
1.86895
0.868683
0.656872
1.6664
1.50823
2.11647
0.833467
0.559081
0.863629
2.71727
0.642375
1.24666
0.121031
1.85152
0.398186
0.69748
0.601792
0.169848
3.1651
0.303392
1.87708
0.745182
0.460404
0.75989
1.53355
0.486013
2.06713
0.644405
1.45548
1.65697
1.34584
1.21307
0.537634
0.675117
0.922093
2.10662
0.273691
0.285597
2.45865
0.369426
0.333758
1.21867
1.58538
0.546769
1.48425
0.43493
0.755194
0.59548
0.710254
1.24457
0.542672
2.93702
0.503179
0.0561103
0.512388
1.2485
0.401207
0.317602
2.04896
1.31238
1.51641
1.70655
0.716928
0.197166
1.84551
0.274185
1.86926
0.479876
0.539499
0.580601
3.49166
1.20743
0.741479
2.36649
0.727622
0.831002
2.73908
1.32265
1.66108
0.39502
0.402803
0.97213
0.384015
0.505017
1.22408
1.22095
1.22475
1.28507
0.109712
1.87755
0.230402
1.80472
1.65289
0.675885
1.78171
2.82873
3.10687
0.462881
1.1768
1.09648
0.478392
0.66634
0.303261
0.762406
1.74425
0.332316
1.28065
0.170038
0.332365
1.63417
1.23422
0.385814
0.326165
1.85543
2.37438
0.824652
3.72439
1.27673
3.13144
1.60313
1.28151
0.839092
2.68152
0.786119
0.863754
1.47233
4.60385
0.952874
1.07596
0.412759
0.138623
0.344457
1.18821
0.463293
1.0125
0.528005
0.437991
0.522042
1.99302
1.68182
0.703981
0.891201
0.309297
3.26073
1.28494
0.174733
0.163862
0.399845
0.576585
3.02772
0.787416
0.720807
0.111706
0.280255
0.854949
1.07401
2.47061
0.47663
1.4024
0.907449
2.33951
0.971221
0.326116
0.937391
0.938663
1.82761
1.97564
0.837821
0.669184
1.25252
0.449236
1.06891
0.715568
0.507629
1.24232
0.488495
1.08931
0.861914
0.0831544
1.86103
1.40962
1.10313
1.08458
0.497742
2.71877
1.20581
1.30394
1.51828
0.95594
0.577091
1.24178
0.314598
0.538339
0.238048
0.19531
0.435452
0.914921
0.905039
0.718118
0.844466
0.882654
3.13783
0.990869
0.435248
0.901091
0.613008
0.12401
0.425105
0.242979
0.393267
1.03818
0.803464
1.23136
1.982
1.38333
0.810735
1.71594
1.57321
0.257325
0.406964
1.42419
1.90388
0.612181
0.865495
1.21093
0.292449
0.663315
1.50409
0.369082
1.07451
0.957155
0.467647
0.544154
1.0428
0.844692
0.775525
1.49164
0.736218
0.654416
0.756285
1.09144
0.217726
0.503635
0.70844
0.685767
0.723685
0.406728
1.53114
0.605589
0.752603
1.67262
0.938941
0.312103
1.73221
1.11422
0.683764
0.918679
1.04895
0.488664
2.24499
0.231321
1.41666
1.07178
0.593003
0.394029
0.496069
0.426994
0.263754
1.15266
1.31488
1.1135
1.68266
0.948961
1.49906
1.10835
0.506173
1.23141
1.7908
1.26066
1.5813
1.2498
0.337383
1.77686
0.744595
1.10422
1.14455
0.614827
0.655763
1.31823
0.534398
0.481407
0.671443
1.09501
0.11104
1.28182
0.127966
0.759041
0.298084
0.941722
0.842288
0.758738
0.726186
1.20658
1.35674
2.20181
0.720227
1.95664
1.3463
0.39511
0.960688
0.122206
2.00322
1.3575
1.53716
0.707776
1.23813
0.791201
0.130299
0.122449
1.17669
0.391125
0.333167
0.807566
0.0713653
2.36926
0.493847
0.910824
1.17491
0.377958
0.79107
0.564424
1.22895
0.961847
1.66683
0.976016
1.88135
0.639059
0.537415
1.47504
0.276119
0.372755
0.967193
1.07915
0.363244
0.718988
0.099047
0.680406
0.256592
2.01404
2.42273
0.434852
1.4573
3.06387
0.690379
1.1194
1.17016
1.61996
0.650351
0.921959
0.781088
2.03783
0.113066
0.888955
0.341661
0.949354
0.390358
0.181156
0.266795
1.28322
1.37391
0.773434
1.51507
0.305791
0.434954
2.46672
1.35206
1.1884
0.943632
0.734049
0.92593
1.74241
0.73058
1.8024
2.73763
0.798992
0.534599
1.06871
0.773931
0.351489
0.66221
1.85756
1.45738
1.49788
2.73473
0.894013
0.190678
0.351148
1.31723
0.628183
1.14746
0.960621
0.587965
0.583314
0.375546
0.536427
1.15482
0.941914
1.26033
0.470872
0.589905
0.420708
0.285361
1.44256
1.34355
2.7051
0.882109
2.1049
1.14117
0.809021
0.980666
0.614532
0.614388
1.03019
0.45986
1.00011
1.05765
2.35569
1.74226
0.266087
1.30452
1.826
2.95746
1.62891
0.268606
0.392556
0.549315
4.23565
2.24113
0.840423
0.377412
1.16004
0.516309
0.208862
0.723308
2.44054
1.40244
1.09092
0.780107
0.76149
0.66258
0.653552
1.10705
0.100569
0.531973
1.27083
0.265642
0.25835
0.268762
0.705855
0.0788953
0.606143
0.796198
1.94228
1.14242
1.62364
1.73856
1.46261
0.863234
1.38391
1.02897
0.220054
0.936062
0.95898
1.07588
0.766758
0.346277
1.97173
0.338763
1.03123
0.358776
1.2379
1.38435
0.495589
0.650941
1.24212
0.613293
0.233466
1.13476
0.975212
1.15547
0.252919
0.704039
0.710299
1.96987
1.78512
0.0993025
2.2396
1.14117
1.43146
1.70801
0.870319
0.34223
0.54357
0.682648
0.333664
1.3138
1.62017
0.166009
0.942335
0.30842
0.6728
0.76826
1.86825
2.82778
0.99273
0.617244
0.710296
0.910968
1.44108
2.16725
1.10101
1.27502
0.497395
0.33004
1.29699
0.370719
1.64932
0.287119
2.73345
1.85213
0.222898
0.96627
0.319125
0.983511
0.875364
1.3837
1.27319
0.0239019
1.42489
0.748625
0.630344
1.1099
0.814587
0.727576
0.473801
0.218064
1.67653
1.10106
0.634826
0.915655
0.849669
1.40046
0.962666
0.53987
0.869213
1.98907
1.9216
0.276199
0.230463
1.00002
0.596395
0.609082
0.0371797
0.77576
0.731072
0.0823267
0.729748
0.288715
1.8262
0.6883
1.65454
0.184211
1.27225
1.17356
1.27838
0.155999
0.218374
0.562389
0.730346
2.71374
2.24707
0.654349
1.22291
0.669801
1.61452
1.42526
0.542617
1.8066
0.668097
0.66966
0.708175
1.53405
0.863418
0.12199
1.4856
0.460724
0.231724
0.223174
1.40419
0.825555
1.08784
0.545706
0.366978
0.384072
0.594649
0.789117
0.897137
0.186245
1.20129
1.08972
0.182115
0.918083
1.77018
0.617428
1.89097
1.45258
1.32826
0.488935
0.882016
0.189373
0.976275
0.135624
1.2399
0.985981
0.258998
2.60534
0.488673
1.7971
0.866011
1.43685
0.442745
1.42408
1.51255
0.487519
1.56503
0.304666
0.199899
0.287779
0.980115
0.834329
2.30708
0.675067
0.461318
0.444096
1.17398
0.393208
0.460105
0.829828
0.699301
0.508241
0.632247
0.688464
0.478149
2.24828
0.621576
0.710685
0.962398
0.838116
1.19914
0.252798
2.05538
0.928675
0.268241
0.392177
2.3663
1.30323
0.506929
0.22697
2.21545
2.36733
0.571833
1.07074
1.1292
1.0593
0.636355
0.327587
0.773647
0.606434
1.14693
1.27228
0.903731
2.40079
0.894703
0.264636
0.656593
0.233901
0.468572
0.541851
0.261219
1.89675
1.87329
1.31731
2.30076
2.03754
1.77352
0.481773
2.28679
0.581411
0.223644
0.690313
0.667541
0.264037
0.705795
1.88043
1.07607
0.793611
0.616574
0.342587
0.961574
0.621866
0.0951999
0.200385
1.12794
0.658833
0.520738
1.84409
0.77976
1.32251
0.856659
0.463134
1.69832
2.03462
0.236687
0.510293
0.289537
0.0729681
2.2749
0.373261
1.15681
2.54939
0.188923
0.468978
0.174258
1.77958
0.877523
0.229541
0.381868
0.234892
0.789978
1.0387
2.06996
1.14869
1.76033
3.14815
1.47929
0.876547
0.58515
0.66845
1.35835
0.728765
2.13983
0.913409
1.09376
2.13099
0.275817
0.979649
1.40001
0.200352
0.987181
0.831802
0.977479
0.469209
0.914262
0.698096
1.70695
0.695413
1.54707
0.767373
0.970622
1.04512
2.84292
0.358048
1.06729
0.445327
0.480959
0.481903
0.273536
0.942935
1.31723
0.335891
3.337
0.451831
0.185182
0.953372
1.11709
0.911274
0.677419
0.729713
2.23892
0.681911
2.31828
1.13373
2.04302
2.22264
0.20869
1.51819
1.52586
0.375589
1.89871
0.433262
1.09632
0.495412
0.590778
1.72247
0.301733
0.39836
1.3519
1.44957
0.61128
0.45093
1.19116
2.41895
0.970646
0.54356
0.758553
1.309
0.723002
0.658282
2.74694
0.479278
0.317325
0.205424
0.637604
0.364983
0.212956
0.638306
1.26947
2.49783
1.95321
0.237441
1.15637
1.2451
1.07536
1.51662
0.735917
1.20735
2.73686
0.470017
0.506778
0.207015
1.83695
0.88529
0.143628
0.49801
1.45117
1.38201
1.68339
0.386545
0.231183
1.71082
0.802414
1.56377
1.00362
3.34976
1.31744
0.253676
0.502065
0.895334
0.473768
0.846551
1.2609
1.67753
0.857271
0.450254
4.76708
2.51081
0.571696
1.29067
1.46579
0.605337
0.105654
1.15761
1.03824
1.63365
0.0144918
1.90539
1.0083
1.0765
0.744564
1.31442
0.774216
0.240977
0.467481
1.93635
0.597771
1.26626
0.377041
1.72152
0.678732
1.73357
0.449735
1.49692
1.88293
1.54152
1.74186
2.87543
0.531402
0.862392
1.96311
0.0799904
1.60562
0.623805
0.671512
0.996502
0.792264
0.0815707
0.653707
0.453711
0.852
0.277515
1.11595
1.22766
0.415272
1.11581
0.680002
0.312081
1.41753
0.600774
1.09544
1.58209
2.10238
3.03852
1.01952
1.67961
1.01165
1.14602
1.18577
0.447801
0.316817
1.25766
0.550848
0.034491
1.07314
0.416278
0.871409
0.328733
2.55524
1.20634
0.803316
1.15543
0.457869
2.15306
2.16159
0.186241
0.112017
0.530891
1.12149
1.07701
0.824559
2.78242
0.849566
4.26287
0.624839
0.607809
1.5822
0.873965
0.741975
0.787712
0.590646
0.157965
0.841169
0.7859
1.31479
0.310294
0.870722
1.91247
0.347382
0.779183
1.52936
0.454181
0.825924
1.84576
0.348736
2.10855
0.81653
0.0489762
0.722814
0.384407
0.363593
1.11508
0.254645
2.23457
0.960144
0.724955
0.41089
0.320655
0.9084
1.35492
0.381139
0.813072
1.15108
0.506347
0.637171
1.26379
0.491345
0.134434
1.88158
0.121267
1.45449
1.18773
0.134277
0.180456
0.929861
0.382627
0.312157
1.17823
0.97673
0.319596
1.20264
0.612682
0.601069
1.42543
0.30706
0.821328
2.41619
0.59959
0.361372
2.17187
0.921931
0.616293
0.282726
0.662251
0.063922
1.38029
0.254914
0.268883
0.268616
0.643013
0.345579
0.774423
0.677359
0.149003
1.88378
1.1285
2.29305
0.333463
0.209418
1.00367
0.912726
0.952135
0.992322
0.487596
0.446409
0.467104
1.22326
1.20668
1.53236
0.0500233
1.21064
1.56673
0.681716
0.404411
1.08879
1.97891
0.379243
1.0132
0.149168
0.501105
0.495244
0.68657
2.66712
2.00272
1.31357
0.46635
1.68219
1.96136
0.290052
2.31378
0.524126
0.664206
0.970922
0.876443
0.59412
0.388273
0.721388
0.755847
2.33482
0.851696
0.479022
1.93941
1.68962
0.557999
1.65329
0.373461
1.57755
0.504344
0.41954
0.441717
2.23265
2.1489
0.537912
1.45043
2.90845
0.402724
1.69049
0.0622676
0.599598
1.58434
0.41106
1.15317
0.128296
0.471305
1.64539
0.362322
1.4467
0.231266
0.620681
1.33875
0.867605
0.739646
0.180305
0.32172
1.53665
1.70318
0.897781
1.20168
0.435361
0.160135
2.60192
0.330883
0.569344
1.65063
1.67611
1.34662
0.164128
0.873133
1.15232
0.944654
0.958695
1.12111
0.891341
1.43915
1.44324
0.420845
0.159978
1.42562
1.11331
1.95065
1.43362
2.50827
0.428322
2.93548
1.35757
0.316629
0.186165
0.645526
1.1767
0.328045
0.643306
0.810547
1.1953
0.480522
0.201858
0.922173
0.179467
0.564348
0.462885
0.92306
0.430033
0.774018
0.535593
0.557961
1.596
0.788704
1.17239
0.944783
1.59144
1.01877
0.449505
1.43905
0.645512
0.776782
0.633607
0.859724
2.18637
0.681212
1.08088
1.01304
1.00129
0.537998
2.17373
0.911729
0.21685
0.82077
0.423126
0.756846
1.46874
0.956421
0.27958
0.845339
0.171018
0.869785
0.333095
1.39698
0.371075
0.380724
1.90758
2.56083
0.432213
1.2691
0.25466
0.708419
2.00491
0.641738
0.610959
1.77102
0.778045
0.975807
1.41786
0.869769
0.163728
0.136665
0.537385
0.5772
2.6833
1.24223
0.380327
1.18468
0.711796
1.81754
0.493394
0.856862
0.669547
1.21385
2.05468
0.422265
1.69271
0.473928
1.23319
0.871961
0.716369
0.951
0.682306
1.58732
1.22091
2.00514
0.654624
0.872376
0.9369
0.357323
0.460014
0.48005
0.950119
2.81568
2.0038
1.10017
1.38143
0.226471
1.14271
0.0947232
1.32217
2.70516
0.557399
0.583926
0.294565
0.99284
0.550343
2.24166
0.95548
1.23411
0.576168
0.348074
2.2507
0.269429
1.16871
0.805279
1.43428
0.943751
0.252381
0.0822971
2.07229
2.91722
2.68756
0.597457
0.253847
1.72831
0.505452
0.443816
2.61568
0.989565
0.377267
0.934264
1.16307
1.74923
0.854251
0.93834
0.840712
0.736727
1.2439
0.756358
1.1749
1.10172
0.897545
0.524257
3.27681
0.418262
0.0300468
0.555132
0.721587
0.872764
1.56059
0.265326
1.83909
3.34952
0.393033
0.343895
0.32256
0.237616
0.100554
0.380225
1.23071
0.962642
0.860686
0.283689
0.336248
0.757643
0.248496
0.646067
0.987623
1.13937
0.675084
1.91661
0.731818
1.24731
0.686751
0.622992
1.95767
0.139002
0.329139
0.252121
0.314033
1.29655
1.16513
2.14541
0.933414
0.772654
0.916514
1.0018
1.53069
1.52559
0.582742
3.25118
0.0954499
1.68961
1.77609
1.02037
0.996146
0.60313
0.421332
1.14763
0.974591
2.90795
1.34225
1.80318
0.224636
0.900861
0.983029
0.207081
1.28899
3.6805
0.679663
1.14846
1.42797
0.716786
1.57315
0.3963
1.01117
1.61789
1.74892
1.78535
0.322992
0.525796
0.678187
1.38856
0.697598
0.151146
2.20786
0.447731
0.425807
0.386882
0.65051
0.511835
0.17764
1.65689
1.22712
0.677563
0.231295
0.909959
1.20525
0.802357
0.627153
1.00634
0.856642
0.683509
1.99573
1.28522
1.94079
1.47103
0.762757
0.901186
1.04792
1.46431
0.362687
2.27782
0.783852
0.841579
0.995672
1.51023
1.21935
0.46112
2.08123
0.181234
0.955742
0.197886
0.388079
0.290704
1.6897
0.812402
0.46401
2.29993
0.414504
1.35141
0.362712
0.812228
0.408588
1.40961
2.21383
0.815085
1.02982
0.516834
0.830534
0.152501
1.6814
1.56951
0.911411
0.873186
0.996989
0.232055
0.62791
0.823933
0.546704
0.0984455
1.41669
0.255205
0.490174
0.588946
0.208427
0.974719
1.00614
1.02451
1.40473
0.933385
0.595825
2.44906
0.90534
2.35801
1.40047
1.20634
3.28134
0.897689
1.26082
0.279506
0.0946455
0.788448
0.660364
0.438348
1.1221
0.146167
0.0495693
1.25624
0.425879
1.08659
1.84684
0.483439
0.470693
0.265724
0.670234
0.774165
0.84788
0.825642
1.54245
0.296898
1.11048
1.28451
1.98687
1.49317
0.217148
0.859647
0.813275
1.45412
0.369116
1.76502
2.41051
1.05154
0.205342
1.1048
0.383756
0.285146
0.566546
0.70856
0.118812
0.826426
1.37034
0.323086
0.206518
1.03641
1.10566
0.606966
2.79709
0.409944
0.655702
0.691329
0.55644
0.246601
0.562705
0.621905
1.56231
1.32432
0.917066
0.853153
0.0847791
0.901487
1.00511
1.37306
0.431186
0.225174
0.7315
1.37066
0.486738
1.2565
1.06752
0.984938
0.844143
0.696128
0.239951
2.26959
1.09266
1.54233
0.648966
0.61701
0.349014
0.959514
0.552961
1.00595
0.538572
1.44674
0.312966
1.18812
0.165652
1.88862
3.79441
0.413416
0.594481
0.407565
0.710092
0.373079
1.03722
0.41859
0.291112
0.282874
0.731576
1.13473
0.774229
0.928675
0.617093
0.227815
0.861948
1.72478
2.36117
0.735915
0.980863
0.387361
1.2067
0.385088
0.183494
1.4648
0.353376
0.618034
0.198356
1.33612
0.274663
0.0236306
1.13806
1.38556
1.88368
0.552477
0.708812
1.98085
0.87147
3.11108
0.264781
0.965857
1.58724
0.766476
1.94718
0.496427
1.72379
0.105386
0.378825
0.286968
0.100117
0.378311
0.154657
1.04476
0.615104
1.28534
1.22733
1.46396
1.02013
0.224848
0.149547
0.618986
0.721303
0.632177
2.54488
0.523334
0.242067
1.1046
1.11443
0.397696
0.234747
0.175366
0.559936
0.675622
0.569459
1.5265
0.0775531
0.736525
0.51573
0.692983
0.301125
0.843279
0.705951
0.817754
1.55182
0.761781
0.614345
1.4759
0.86612
0.869241
0.449595
0.732189
0.119687
0.503056
0.54469
0.205937
0.71946
2.38719
2.47048
0.824053
0.437404
1.39675
0.423936
1.45486
1.58466
1.95694
0.332351
2.47266
1.23548
1.28157
1.1119
0.622396
0.408225
0.816957
1.03665
0.241517
0.837737
1.59205
1.10529
0.804699
1.52646
1.51013
0.364262
0.137155
0.916746
2.10473
2.07465
1.2306
1.67665
0.736596
0.468114
1.28267
1.08322
2.05375
1.02028
0.157432
0.265244
2.57544
0.36249
0.684325
1.55661
0.74489
1.26106
0.38505
0.658046
0.208582
1.14199
0.609125
3.51856
2.12121
0.214877
0.254774
0.463268
1.56656
0.548385
1.46689
1.75893
1.02836
0.509538
0.583709
0.20993
0.200852
1.16074
0.493492
0.548276
1.32307
2.65716
1.09276
0.682119
1.93715
1.43611
2.13463
0.0343621
1.61055
1.36942
1.38271
0.857798
0.669358
1.0319
1.6948
0.78681
0.456428
0.789123
1.51435
1.73189
1.68928
0.972794
1.19404
0.604363
0.722243
1.10334
0.15418
0.0946704
1.23311
0.957008
1.15891
0.53804
0.939501
1.70361
0.817896
0.936769
3.40781
0.626902
0.806277
0.342038
1.39996
0.740954
0.821455
0.792842
0.0918564
0.285596
1.6099
0.808681
1.1007
0.395756
0.346248
0.789343
1.26929
0.708949
2.02669
0.649858
0.384999
1.67705
1.22678
3.07988
0.179203
1.05351
0.375439
0.807176
0.456132
1.91828
0.236611
1.13581
3.78632
0.632447
0.967123
1.05098
0.305924
0.530261
0.549038
1.27236
0.274991
0.943061
0.852988
0.781524
0.496942
1.20631
0.803918
0.669753
0.974035
0.63712
1.06637
0.752976
1.16372
0.845454
1.91828
0.156481
0.80045
0.423018
1.80783
2.22766
1.09718
0.672707
1.62051
0.774092
1.84792
2.57654
1.96373
0.802644
0.738897
0.713319
1.60373
1.02638
0.961583
1.26099
0.92112
1.06251
2.45299
1.30988
0.344982
0.0806971
1.30859
1.15424
0.808666
1.1798
1.60824
0.397171
0.217443
2.95669
1.58162
1.69666
0.157067
0.447792
0.297869
0.722074
1.25183
0.67521
0.470189
1.14277
1.47326
0.867302
1.05179
1.81433
0.640967
2.295
0.671048
1.15555
1.08551
1.07915
1.5483
0.94508
0.305221
0.413329
0.766756
0.504843
1.59916
0.629329
1.57827
0.387808
0.277109
1.06682
1.52279
0.693555
1.19388
0.832659
2.15474
0.208605
0.0859665
0.412513
1.01994
2.52855
3.91539
2.15561
0.468483
0.510328
0.171683
0.378566
0.470777
0.586929
0.425818
1.16852
0.103287
0.41638
1.46868
0.112443
1.34555
0.496693
1.54686
0.482196
0.708866
0.563618
0.539343
1.61817
0.378252
0.99465
0.352115
0.53858
1.72975
0.202133
0.395927
0.511133
0.559379
1.1205
0.204702
0.287373
2.70834
0.378988
0.389176
0.483254
2.56608
0.54491
1.03034
2.05494
2.6663
2.61316
0.726016
1.10436
0.741934
2.75815
1.14783
0.786808
0.330197
0.549087
0.840138
1.8458
0.219969
0.459136
0.456866
0.63848
2.25578
0.746796
0.742836
1.16025
0.805153
2.34626
0.426386
0.671395
1.06749
2.27911
0.950116
1.04223
3.53105
1.31748
0.641704
0.414348
1.53539
1.44705
1.12966
1.24834
0.302793
1.26093
0.491438
2.09467
2.03126
0.964809
0.466385
0.225672
0.544737
1.77831
0.0527731
2.53409
0.151923
1.03569
0.534613
1.17892
4.28777
0.647671
1.00185
1.50446
0.344209
1.06179
1.27449
0.0428123
0.900617
0.514095
0.898388
0.462695
0.877637
1.37045
0.937105
0.521896
1.1595
2.32598
0.181891
0.34772
0.214946
1.08175
0.811347
1.22372
0.293491
0.0949271
0.889058
0.929271
0.516783
0.957104
2.03274
0.929503
0.282809
0.426572
0.959005
0.247674
0.746553
0.457036
1.09101
0.556999
0.642643
0.762022
0.937884
1.21872
1.18191
0.682632
3.80178
0.45122
0.725597
0.745428
0.552278
0.103181
1.2418
0.222815
0.0274411
1.06764
2.23127
1.14709
1.60431
2.36264
0.610989
0.320723
1.24172
0.718814
1.09097
0.0781559
1.61914
0.666146
0.451329
0.446269
1.54879
0.963137
0.308558
0.204342
3.37797
0.346439
1.5972
1.64308
0.502498
0.255026
0.834099
0.350326
1.41111
0.441735
0.226285
1.26534
1.60389
0.522515
0.918559
0.865095
1.72945
1.34705
0.629762
0.512086
1.93112
0.48911
1.25718
0.454391
0.374862
0.797761
0.336392
0.548312
0.655425
0.70665
0.963841
0.705236
1.23671
0.196605
0.454827
0.158916
1.40562
1.90249
0.0482164
0.963278
0.433101
2.20897
0.0675423
1.38874
0.400021
0.826396
0.572783
0.12722
0.609275
0.266108
0.67993
0.404844
0.614452
1.05786
0.675411
0.33503
0.66769
0.470439
2.97929
1.25827
1.53896
0.861512
0.456098
2.22995
2.09879
0.9245
2.1491
0.405476
0.582037
1.23764
0.116168
1.55513
1.42997
0.304951
1.75412
1.16747
0.869334
1.84241
2.7888
0.18754
1.13023
0.149625
2.17383
1.5994
1.07144
0.690022
0.19511
1.55243
0.769033
0.591996
0.65221
0.523731
1.04578
0.37178
1.56987
0.565902
0.619182
0.84213
0.432961
0.163244
1.07998
2.50976
0.623827
0.572325
0.846786
0.446639
1.60291
0.413039
0.368641
0.766483
1.02876
0.209689
0.87357
0.568572
2.69149
0.492841
1.2769
0.28439
1.30793
0.725211
1.34837
1.06584
1.03057
2.00117
0.553015
0.789562
1.57892
2.10875
0.289506
2.19088
0.716439
0.631356
0.71607
0.803575
1.23883
0.845588
1.05962
0.711154
0.45471
0.668249
1.12635
3.33426
0.680274
1.19389
0.451452
0.485563
1.39815
0.701454
1.74165
1.39912
1.07085
0.506259
0.528598
0.135349
0.758599
0.153897
2.10347
0.616619
1.44139
0.939782
0.667105
0.62756
1.1038
1.61226
0.421726
1.57347
0.398094
1.79406
0.589342
1.04162
0.601014
0.889637
1.82705
1.36397
0.0741883
1.28895
0.627606
0.858666
2.95788
1.34002
2.41786
1.00561
2.42625
0.725051
0.983216
0.540714
0.907593
0.992031
0.537938
0.727158
0.8471
2.40199
0.874633
1.41633
0.241502
0.99345
0.593456
0.416539
0.389485
0.121479
0.483298
0.990021
1.95977
0.817036
1.46049
0.697926
0.565094
0.55744
0.636407
0.994523
1.29242
1.881
1.52108
0.866143
0.605439
1.28709
0.121814
1.54903
1.07257
1.06445
0.290218
0.383626
0.551286
2.29348
1.3052
0.523927
2.75093
1.2965
0.778538
0.328509
0.997214
0.746287
1.34125
1.78048
0.329589
1.8038
0.94335
1.40335
1.3826
1.53431
0.47008
0.135514
1.1104
1.32262
0.0810456
0.346391
0.746363
1.72647
0.402079
0.601664
1.11695
0.58241
1.91568
2.12843
0.455185
0.618934
0.533292
1.52987
0.246202
0.327526
1.36005
2.28895
0.336034
0.31975
1.02785
1.17909
0.500334
0.7423
1.57531
0.762385
0.303924
0.847629
1.01347
0.300641
2.5566
1.18656
0.717285
0.285363
0.494504
0.34887
0.583888
1.11283
0.15429
0.447996
0.833748
1.23246
1.86438
0.630117
0.747297
0.36804
1.64877
0.635259
0.636164
0.412328
1.4439
1.53492
0.921684
1.89597
0.076886
0.496942
1.27681
0.377951
1.1107
0.746735
0.165294
2.89192
0.596233
0.800421
2.05003
0.216296
1.20536
1.2512
0.296614
0.614361
1.21191
0.89711
0.315705
0.433557
1.59383
0.983957
0.800279
1.22406
0.937726
1.20723
1.57629
0.953234
1.34149
0.230672
0.728658
0.497549
0.543891
1.17541
1.34434
0.308356
0.270008
1.0078
0.711331
0.612107
0.973469
1.10971
0.196335
1.25258
1.85181
0.903548
1.03715
0.321271
2.40312
1.72597
0.548844
0.575005
1.67425
0.9437
1.26422
0.972048
0.27353
0.189918
0.804185
0.340823
1.2619
1.22929
1.55939
1.49242
2.76316
0.842772
1.18057
0.610983
0.600148
0.847629
1.189
1.23155
0.729016
0.513195
0.323866
0.888425
0.780006
0.948515
0.432185
0.897855
0.46027
0.230865
0.583244
0.292697
1.34012
0.323099
0.94065
0.957757
1.32958
1.01901
0.872556
0.946732
0.684314
1.43051
0.531557
0.181038
0.654906
1.04812
1.0483
0.88684
1.92451
0.369905
0.285547
1.21948
0.270745
0.934121
0.632715
1.95706
0.4216
0.277959
0.337927
1.75392
0.0474096
2.25783
0.586745
0.904451
0.0872843
0.36845
0.110051
3.729
3.79676
0.163317
0.261789
1.44258
1.08004
0.412237
1.04219
1.59773
1.20446
0.849294
0.664036
1.47828
1.39206
0.539173
0.374942
0.302395
0.415994
1.63071
1.12985
1.50235
1.24526
0.204208
0.417666
2.43226
0.951751
1.44415
2.41314
1.79912
0.249081
1.51725
0.177482
2.58608
0.746456
0.563898
0.547698
0.504427
0.883392
0.244761
0.567506
1.47792
0.271775
0.760518
0.233903
0.74359
0.393822
0.508144
1.37021
2.20236
0.712819
1.20052
1.24507
1.35256
1.59945
0.24152
0.777288
0.234025
2.06514
1.07742
2.17517
0.529632
1.01764
0.836117
0.129059
2.63298
0.503102
0.628973
1.86349
1.35708
1.55939
1.31586
0.435464
0.334451
0.441482
0.515259
0.0974498
1.46452
1.07828
0.486615
2.08586
0.930569
2.07507
1.07421
1.22952
0.230945
1.10284
0.71708
0.81038
0.235473
0.616462
0.14904
0.779925
2.0013
0.541841
0.682158
0.284742
0.789596
0.714424
3.02695
0.240089
0.21453
1.24307
0.834116
1.37253
0.413152
0.642674
0.218911
1.48551
0.672956
0.288929
0.25197
0.825716
0.733914
0.641731
1.60584
0.817867
1.08582
1.08167
0.868786
0.190501
0.151117
0.773672
0.545857
0.267147
1.34191
0.769042
0.608742
1.80618
0.095876
2.09308
1.37044
1.03014
0.989121
0.328475
0.891901
0.613466
0.7584
0.391948
0.358897
0.226457
0.519578
1.15814
1.6622
0.419459
2.35207
1.36048
1.10348
0.349764
0.383464
0.64333
0.648687
0.828393
0.546992
1.00223
0.625489
1.12222
0.902311
1.2965
1.02427
1.82254
1.36309
1.0374
0.97031
0.195174
0.597285
0.411207
0.347566
2.09338
1.12877
1.13655
0.596359
1.5317
0.225977
1.36786
2.02
0.846458
0.450951
0.636127
1.85727
1.01821
0.175269
0.803944
0.360227
0.873581
1.54384
0.187911
0.210257
1.48229
0.417476
0.267176
3.23997
0.689992
0.914826
0.864411
0.733256
0.407018
0.713195
1.60543
0.774804
0.369631
0.089567
0.757847
0.75984
0.290915
1.2635
3.41377
0.427678
2.7619
0.671778
1.05081
0.323544
0.960559
0.86797
0.470632
0.938294
0.551356
0.431531
0.551144
0.902758
0.529943
1.75077
0.470346
0.533327
0.155774
1.10708
0.925944
0.151871
1.0677
0.11151
0.691842
0.317385
0.995613
0.532365
0.544117
1.97501
0.24932
0.742805
0.181914
0.886158
3.43534
1.91236
1.05313
1.34657
0.75929
0.899085
0.081647
1.47936
1.48672
0.879866
2.20126
1.36354
0.525627
0.279854
1.41612
2.10368
0.984663
0.447872
0.563136
0.302717
0.69851
1.12401
1.03089
0.47458
0.0186948
0.719044
0.551586
0.587305
1.24093
0.253641
1.45663
0.74909
0.179386
1.26505
0.52769
3.82846
0.0694883
0.428945
1.19316
0.254272
0.783319
0.3585
0.157712
0.653238
0.392017
0.191099
0.628627
0.434923
1.12928
0.65784
1.25132
2.61153
0.433292
0.683159
1.86221
1.16205
0.999704
1.42764
0.251634
0.441066
1.5857
1.47906
0.384905
1.47032
0.633481
1.02288
1.56509
1.48863
0.630039
1.66428
0.4036
0.735383
2.13124
0.768429
0.76929
1.68609
0.553845
1.03198
3.50515
2.04706
1.13376
0.264699
1.02179
0.820806
1.33789
0.702908
0.985701
1.07039
0.407572
0.555369
1.77201
0.580662
0.188365
1.2156
0.584123
0.604936
2.46952
3.18816
0.47864
1.86472
1.76289
1.01293
0.161511
0.60878
0.126846
1.25444
0.308544
0.68642
0.246291
0.887451
1.27995
1.53222
0.218496
1.23689
0.609677
1.2239
0.792626
1.80569
0.876513
0.885576
1.79897
0.979507
2.30867
0.855223
1.36799
0.364477
0.590861
1.84111
0.686514
0.294587
2.84829
1.29368
1.41778
0.888895
1.39335
0.0788063
0.900627
1.08294
0.285258
0.551673
2.097
0.389989
1.47367
1.66393
0.433165
0.76169
0.26921
0.161497
3.83818
1.91339
0.330786
0.559471
0.242965
1.05982
1.52489
0.939408
1.77079
0.923518
1.00421
1.69245
1.0506
0.916881
1.18487
2.57944
0.886697
2.1862
0.843902
0.534767
0.65838
1.65764
1.59231
0.556941
0.228148
0.512646
0.639037
0.477262
0.770083
0.367575
0.404594
0.496277
1.38892
0.367279
0.823012
1.33557
1.314
0.723705
1.69411
0.312805
0.267227
2.00052
1.11597
0.0749877
0.859679
2.36331
0.119338
1.45951
2.90626
0.444555
0.41874
0.111002
1.31738
0.935842
0.864596
1.79136
0.686866
0.564286
0.292387
1.31281
1.58826
0.424642
1.92526
1.02859
2.72898
0.79471
0.535203
1.43343
1.37442
2.06794
0.536419
0.410043
0.563329
0.321214
0.0815098
1.00149
1.751
0.233983
1.79673
1.09351
0.10687
1.42676
0.451208
0.384561
0.673123
0.277858
0.237025
0.561194
0.74112
0.287878
0.30476
0.906126
0.376129
2.47179
0.138648
1.12453
1.04653
0.500964
0.524535
0.775661
0.388537
1.30345
1.23334
0.868956
0.612632
1.83818
0.702859
1.16986
1.45288
0.508309
0.404558
1.91716
1.80434
0.513756
1.67689
4.48261
0.852984
2.56186
1.02277
2.22518
0.134755
0.675979
0.261532
1.09194
1.54481
1.38589
1.00057
1.16903
0.813909
0.632144
0.389525
0.685035
3.37806
4.32649
0.635613
1.16173
0.195123
0.612835
0.918455
0.215812
1.75127
0.373213
1.04133
0.832694
0.791084
0.674985
1.24095
0.0321496
0.833084
0.382869
0.740402
1.18402
0.815692
0.428944
0.362667
0.0855308
1.78827
0.423489
0.413594
0.921646
0.572289
1.10366
1.15138
0.692191
1.42629
0.263291
1.74646
0.263885
0.321075
1.68664
0.719191
1.84506
1.49823
2.21491
0.889451
1.65392
1.77326
0.620083
0.770054
0.273892
1.43483
0.337945
1.32267
2.96329
1.50577
0.804253
0.408844
0.971124
0.776197
0.664861
0.515933
0.178289
0.409673
0.413747
1.68253
0.971995
1.51409
0.604091
0.424009
0.871045
1.09998
0.895153
0.567502
0.964751
1.21481
1.46325
1.20192
0.884714
0.397761
1.16657
0.48361
1.69926
0.731012
0.982841
0.630959
0.29092
0.690947
0.830736
1.17462
1.01662
1.63161
0.807304
5.15455
0.607038
0.982775
1.36436
1.03114
0.439714
0.875556
1.49783
0.171419
0.583154
0.306753
0.712851
0.807595
0.477404
0.378517
1.06925
0.560465
2.06563
0.303437
1.29691
0.814047
0.0421233
0.411562
0.259127
0.613941
0.102587
0.266058
0.519889
2.8734
0.282549
0.339943
0.616485
3.09808
0.274303
0.684127
0.373496
0.511419
1.4884
1.44208
1.6178
0.637839
1.33078
1.21626
0.784293
0.11959
0.343145
0.927819
0.179779
0.140231
1.17497
0.777057
0.229467
0.999662
0.837356
1.2825
1.4864
0.811315
0.166953
0.449509
1.47689
0.867441
0.711675
1.44404
1.50811
1.14907
0.803059
1.77059
0.305047
0.3551
0.828301
0.412614
0.181703
0.897159
0.722959
0.697911
0.147744
1.43883
0.527565
1.82066
1.36784
1.43048
1.38605
0.322735
1.66111
1.34088
0.89801
1.51722
1.29182
3.57335
0.0967377
0.869501
0.971639
0.2935
0.561865
0.427824
0.517888
1.0816
0.203493
1.72047
0.188946
0.902504
1.36419
0.802125
0.785494
0.142591
1.20768
0.821897
0.809409
0.897603
1.00821
1.74803
0.0651284
0.571399
0.511053
1.21139
2.61824
2.0405
2.53393
0.646225
1.09807
0.948984
0.49428
0.324624
3.04121
0.333004
0.817859
1.83177
0.872226
0.336763
0.114028
1.12245
0.684658
0.501862
0.521786
0.228639
0.665956
2.07243
2.1674
1.02776
0.700954
0.984076
0.563318
0.232167
0.869872
1.00022
0.229741
0.569034
2.06517
0.279129
2.20643
0.0721365
0.571237
0.342021
0.380916
0.355461
1.06774
0.534977
1.18188
0.524711
0.148899
0.518474
0.621381
0.647918
0.155266
0.770495
1.75961
0.762194
0.529637
0.347159
0.859876
1.93938
0.851167
0.634598
1.32473
0.599661
0.903052
1.74347
1.34715
0.25969
0.982917
0.694283
0.765107
2.81134
0.281622
1.06264
0.378127
0.804051
0.447743
0.929665
3.60846
0.894914
0.60504
0.733674
1.09128
0.785315
0.813972
1.37531
0.486512
1.99418
0.174987
0.438118
0.240648
1.23247
2.31805
0.653337
1.13803
1.04127
0.442152
0.724303
0.492584
0.436395
1.26611
1.29725
0.102217
0.707782
0.186746
0.343168
0.250473
1.19168
1.56272
0.0694118
0.19979
1.12626
0.669395
1.61738
0.642178
0.489707
0.481705
0.894976
2.52002
1.2867
0.316352
1.6848
0.519
0.422095
0.948052
1.05937
1.21157
0.299223
0.939195
1.08115
1.20682
0.817483
2.65376
0.905919
1.39153
0.986837
0.827724
0.391822
1.04546
0.560502
1.67998
0.170501
0.65468
1.23043
0.473605
0.506395
1.27308
0.497259
0.224458
0.32531
0.24131
0.315064
0.796447
0.938018
0.666409
0.574462
0.702274
0.911992
2.24654
0.511864
1.54447
0.617201
1.87495
0.950443
1.36517
1.87322
3.93207
0.216877
0.372235
0.460087
0.479834
0.677166
1.13994
0.223385
0.384937
0.924387
0.391745
0.211283
0.858673
0.690306
0.0581279
3.23932
1.01644
0.1153
1.44556
1.01951
0.0860679
0.613467
2.04457
1.88465
0.90435
0.762836
1.21693
1.48856
1.83608
1.44069
0.412403
0.303108
0.558828
0.715861
0.534522
1.81804
0.166302
1.02268
0.627411
0.297473
1.59969
0.405886
1.13508
0.252187
0.769481
2.30587
1.36891
0.421853
0.384194
0.170863
0.985878
0.163618
0.451414
0.138486
0.568818
0.971611
0.920777
0.469759
4.16993
2.94593
0.508922
0.193821
0.757777
2.45829
1.08038
0.980932
1.67496
0.283863
1.10267
1.39048
1.16115
0.749138
1.71164
0.790559
0.37234
1.6719
1.53525
1.61617
0.219255
1.13255
3.60022
0.683536
0.278134
0.446589
1.25681
0.203804
0.461576
0.870745
0.365523
1.91217
1.17839
2.16238
0.723087
0.0979526
3.33214
1.89246
0.798339
1.92904
0.991653
0.816382
0.66608
1.91577
0.697151
1.43485
0.411833
0.680321
0.468086
0.642146
0.15689
0.73162
0.665392
0.149231
0.563168
0.955097
1.93682
1.20531
1.46477
0.396369
0.473287
1.5412
0.251105
0.252159
1.22139
0.32619
1.26145
0.192449
1.81842
2.04223
0.179671
0.319888
1.2566
1.02684
2.49013
4.0933
0.301734
0.817097
1.28173
1.22172
0.848126
0.634702
0.761196
0.534252
1.76566
0.778843
1.33846
1.31312
2.7273
0.727195
0.422931
0.279108
1.11968
1.41281
0.47726
0.844243
1.26617
1.5638
0.478385
1.25914
0.766266
0.367045
1.03811
1.15522
1.60548
1.09981
0.434817
1.10621
0.290143
1.49642
0.416249
2.36875
0.137333
0.521324
0.446259
0.196293
0.906381
0.861326
1.88198
0.51794
0.641085
0.852853
1.33329
0.076528
0.425861
2.08146
2.15573
0.624755
0.861017
1.51883
0.909642
0.371221
1.36834
0.217315
1.27804
1.4745
1.15862
0.64832
1.22739
1.12798
0.543966
1.01652
1.65691
0.199213
1.00652
1.94657
0.0933877
0.33127
0.848887
0.936575
1.49638
1.64625
0.724988
0.822134
0.299194
0.801268
0.278629
0.978567
0.166451
0.877868
0.599364
0.899341
2.58231
0.663215
0.792033
1.79001
0.929492
1.64451
1.26837
1.58979
1.01848
0.997954
1.72534
0.386294
2.3202
1.64024
0.403829
0.235928
1.96172
1.68635
0.337246
1.17367
0.678785
0.211416
0.102188
0.529903
1.47072
0.459506
1.02862
0.197831
0.675604
0.866055
1.49373
0.756819
0.366872
1.81996
0.905893
1.71799
1.70346
1.20581
2.02691
0.622254
1.72776
0.801305
0.0357044
0.309932
0.994109
0.385903
0.188482
0.492069
0.461464
1.90616
0.626216
0.777245
1.33656
1.57336
0.910576
0.654019
0.755768
0.249993
0.249315
0.479651
1.06718
0.920528
0.413122
0.865563
0.529165
2.62213
1.34416
0.727863
0.33989
0.37154
0.292493
0.532118
1.52623
0.507676
0.897801
0.667925
0.417285
0.608642
1.53388
0.346859
0.823042
0.718899
1.42396
0.5426
0.615041
0.818659
0.595664
0.935232
0.744373
2.42056
1.84603
0.523687
1.03505
1.40384
0.452374
1.19049
0.999461
0.0384405
0.783356
1.04972
0.100168
0.233456
1.09863
0.923976
0.664381
0.178116
0.3975
1.02431
0.464069
0.788627
0.19218
0.411117
0.326117
1.11077
1.86851
1.14732
0.405828
0.93996
0.70213
0.373405
0.985753
1.58541
0.702276
1.15179
0.716877
1.11486
0.56925
1.58649
0.508937
0.965482
0.377646
1.28228
0.474078
0.292953
1.08789
0.712924
1.99262
1.2814
0.772077
0.862145
0.777738
1.70219
0.38809
1.4458
0.37977
1.20149
0.459561
2.12204
0.718326
1.26651
0.470274
0.36455
3.12094
0.195349
0.965625
1.58316
0.541738
0.786035
1.35754
1.81793
0.367604
0.484757
1.66172
0.816508
0.404388
1.99503
1.59614
0.4688
0.52014
0.425642
0.902248
1.03818
1.90929
0.285896
0.841912
1.49054
0.796605
0.791416
1.46031
0.611203
1.15244
0.386405
1.06174
2.12515
1.23368
0.969218
1.37363
0.13491
0.860484
0.367758
0.354276
1.27821
1.86034
2.08962
1.20206
1.97585
0.939759
0.264491
0.335274
0.822904
1.25822
0.865471
0.22273
1.84936
0.680734
1.0783
0.46253
0.582892
0.244909
0.522401
1.17292
0.664284
0.351279
2.42664
0.667019
1.16932
0.609238
0.82095
1.54271
0.548566
0.334943
0.718562
1.41966
0.767855
0.342282
1.07658
1.08287
0.171886
1.10604
1.02575
1.01764
1.61415
0.394172
1.40557
0.925997
0.879444
1.66828
0.477358
0.990054
1.55471
0.0272604
1.41937
0.526922
0.343973
2.22641
0.282492
0.828987
1.06882
0.570049
0.304668
0.316569
2.87067
0.36176
1.35513
1.3486
0.197528
0.934394
1.52383
1.21677
0.351906
0.835847
0.395731
1.0971
0.917097
0.414004
0.945286
0.323815
1.05652
0.711926
0.906347
2.83984
1.16345
0.789703
0.184683
0.484288
1.37293
0.433782
1.09518
1.61362
0.35385
0.837546
0.591569
3.86741
0.270103
0.557036
1.53144
0.51998
0.360996
0.652169
1.01069
1.21324
0.15297
0.742567
0.266592
0.0853377
0.827331
1.05011
2.19746
0.997473
1.62143
2.22223
1.26606
1.18844
0.247279
1.88782
0.146535
0.640722
1.26473
0.3886
0.734862
1.33414
0.252223
0.752084
0.742674
2.44274
0.87539
2.02288
0.286542
0.316183
0.156298
0.398466
2.38306
0.572141
2.29452
1.30999
0.517674
1.0088
1.73086
0.634063
0.18313
0.760119
0.739059
2.13739
3.18498
2.54849
0.709334
0.711204
0.200716
0.887401
0.451682
1.85623
1.07954
0.817415
0.342854
1.08926
1.15459
1.23264
0.336196
1.43851
1.37958
1.12984
1.45984
0.410516
0.619557
1.69444
1.23447
1.75683
0.990605
0.662093
0.448399
2.8795
0.275697
0.654081
0.607884
1.59709
0.919865
0.316202
0.170751
0.4945
0.843484
0.925995
3.81428
0.308586
2.39092
0.550362
1.32973
0.50512
1.5216
0.846037
2.01805
0.520159
0.647167
0.770058
0.574629
0.843934
1.06435
1.29066
0.323386
1.43754
1.13216
1.52239
0.130344
2.51996
0.460894
0.603655
1.6355
2.30613
1.35176
0.586603
0.697179
0.765164
0.268703
2.32415
1.05661
0.710167
1.02207
1.45666
0.51534
1.13867
0.588073
1.57515
1.48615
3.55565
3.18113
0.617897
2.08278
0.110706
1.26641
0.920919
0.666873
0.786903
0.622498
1.51521
0.554416
0.321274
1.03083
0.540215
1.97343
0.741374
0.878642
0.526044
1.29097
0.618542
0.440105
0.606244
0.76329
0.642836
0.705956
2.75081
1.36955
1.1454
0.36257
1.86444
1.73997
0.742928
1.51993
0.815674
0.627503
0.334973
1.35055
2.81941
0.385125
1.09117
0.543882
0.145528
0.434283
0.930534
0.292098
0.354469
1.2537
2.30877
1.22308
1.55491
0.165452
0.451017
0.144147
0.301045
0.77827
0.551177
0.212552
0.654801
0.327641
2.52289
1.44982
1.83902
0.946275
0.705419
0.764769
0.374354
1.03415
0.364726
0.288621
1.4974
0.269038
1.56673
0.786862
0.586503
0.642439
0.494943
0.82919
0.610031
0.65291
1.10232
1.13673
1.27886
0.566992
1.17124
0.397769
0.62603
1.05687
0.206852
1.68023
0.788518
0.941193
0.728177
0.800987
0.33463
1.19246
0.374613
1.01028
1.10952
0.899493
1.06553
0.733194
0.435279
0.613384
0.405733
0.506219
0.98237
1.88243
0.915423
1.36897
0.685974
0.358359
0.108219
1.33638
0.283193
2.02897
1.30519
1.31253
1.4335
4.04002
0.314794
0.43615
1.27609
0.782745
0.541977
0.805862
0.600421
1.0204
2.10166
1.47986
1.81147
1.42694
2.4981
0.524871
0.785638
0.591466
1.02547
2.00203
0.39605
0.185934
2.02143
0.602978
2.67014
3.29563
0.898308
1.47455
0.725439
0.756488
0.641191
0.80471
1.77575
0.355038
0.769648
0.204675
3.61019
1.68457
0.348445
1.13321
1.65348
1.59223
0.212151
1.30804
1.06173
0.665917
2.73754
1.66705
0.926398
1.00242
0.460186
1.93685
1.11261
0.960715
1.12959
0.778121
0.973737
1.2981
0.185
0.577467
0.826042
0.348678
0.530266
0.697438
0.320539
0.0656102
0.811425
1.20504
1.45072
0.570805
0.660512
1.56045
0.881157
0.567492
1.25011
0.263002
2.23553
2.05201
0.671743
1.78439
0.841838
1.56991
0.813848
0.218406
0.306425
2.873
0.16595
1.40909
0.431957
0.98457
1.02626
1.62219
2.96177
0.333252
0.755509
0.647073
0.385009
0.420105
0.705416
2.4752
1.12836
2.09516
1.19571
0.695431
1.35733
0.181728
0.778617
2.1109
0.546038
2.64527
0.277226
1.16062
1.29772
1.93914
0.595498
0.367616
0.650495
0.108546
0.268936
0.480469
0.991362
1.02657
3.36705
0.40416
1.23129
0.625075
0.237412
0.397415
0.650565
0.048796
1.914
0.221151
0.822014
1.21839
0.625559
1.61364
1.14935
1.42035
0.444382
1.7975
0.759954
0.820859
1.87893
0.527679
0.935316
0.799065
0.409643
0.890944
1.20041
0.904439
2.15418
1.35247
0.39967
0.990507
1.1231
0.428942
0.420527
0.544782
1.21723
0.35147
0.290007
1.34551
0.3071
0.681252
1.88127
1.93735
0.862347
0.9053
1.23332
0.728698
0.70515
0.635934
0.370032
1.55738
1.53379
0.496262
0.612693
0.0400569
0.302239
2.56176
0.730402
0.132271
1.27587
2.48481
0.7524
0.489488
0.990927
0.431391
2.1914
1.92942
1.09395
1.07303
0.817914
0.473608
2.06792
0.783708
0.519236
0.385838
1.0214
0.441148
1.32377
2.1147
3.99352
0.507549
1.50815
1.06131
0.106081
0.72577
0.234532
0.331253
0.643989
0.448952
0.667698
0.294114
2.14963
0.962399
0.254824
1.00974
1.32565
0.335034
2.03255
1.14803
1.21658
1.83856
1.62682
0.89417
0.519271
0.869249
0.952601
2.27039
0.0371187
2.03346
0.270715
0.528856
0.732376
1.15465
0.150415
1.4029
1.6924
0.0591689
2.226
0.741956
0.198565
0.236682
0.750803
1.72702
1.73216
2.84283
2.03185
0.466311
0.443985
0.798005
0.891386
3.46287
0.142292
1.91402
1.75604
2.39131
1.10716
2.04264
0.111479
0.389041
0.151523
0.510854
0.413412
0.808794
0.508467
1.5853
0.431053
0.465123
0.322798
2.18119
0.290145
1.87251
0.349365
0.759377
0.635442
2.41412
0.605873
1.15117
0.693353
0.78589
1.62434
1.78804
1.56133
0.35305
1.86732
1.34828
0.945985
0.483526
0.945298
0.785685
0.714796
0.736519
0.06713
0.558737
1.47727
0.465129
0.178753
0.146836
1.25853
0.585044
0.501785
0.983417
1.19443
0.534529
1.28496
0.364729
1.71047
0.427928
0.391377
0.529954
0.776545
0.286237
1.04368
1.33363
2.47263
0.758664
1.04505
0.682635
0.932428
0.850831
0.966177
0.135895
0.845771
0.709652
1.12982
1.00756
0.497135
0.420841
2.53477
0.365542
0.83143
2.51369
0.256239
0.504162
0.635891
1.04524
1.48166
0.525214
3.30135
0.774401
1.11436
1.16608
1.21122
0.254713
1.31678
0.408642
0.41171
0.130018
1.09736
1.03787
0.0980347
1.1581
1.5602
0.901811
1.2378
1.15769
1.27532
0.848877
1.76123
0.39041
0.370581
1.11889
0.612445
0.928096
1.14718
4.89595
1.52518
0.964642
0.294004
0.8854
1.272
1.27353
0.688279
1.34908
1.5721
0.652087
2.37458
0.292484
0.968797
0.393798
1.24401
0.378211
0.755554
0.986216
2.59155
0.273782
0.50273
1.05429
1.93663
1.17008
1.57275
0.881398
0.40439
0.557576
0.949774
0.909117
0.471441
1.55226
0.606534
1.18322
0.250376
1.37888
0.805071
1.42702
2.8646
0.574182
0.322271
1.26366
2.80458
1.25187
0.614495
0.275399
0.280935
1.47787
0.438861
1.44186
1.0565
0.801706
0.297987
0.384765
0.65698
1.06961
0.534353
1.51025
0.641096
2.61292
0.849552
0.414746
1.76266
0.734023
0.220903
0.909021
1.64697
0.179837
0.767531
0.980296
0.362117
0.721064
1.25083
0.645249
1.09526
1.07334
0.341141
1.50994
0.789121
0.772512
1.15722
0.781209
1.61637
0.423142
0.774314
0.288049
1.41596
0.934779
2.34303
1.14512
0.0908549
1.13146
0.907653
1.02188
1.2826
0.405977
0.233162
0.897417
0.813812
1.66051
0.123094
1.92609
2.16283
1.5222
1.88984
0.206982
1.69806
1.53173
1.14471
0.28594
0.213896
0.872495
0.671691
0.397559
0.296117
0.713719
1.80564
0.0601816
0.576388
0.664593
1.94192
2.46793
0.308653
0.446104
0.903139
0.544747
1.58767
1.73478
0.0951572
2.33574
1.61667
0.275954
0.769053
0.242395
2.41893
0.830301
1.00946
0.405699
0.194679
4.17283
1.23367
0.347399
0.455591
1.27409
0.445225
0.385698
2.95701
1.9201
1.31602
0.335319
0.303785
0.185437
1.50693
1.35219
0.459976
0.209288
0.384001
0.237114
1.00229
0.815986
2.24762
1.33895
2.54385
0.923605
1.35997
0.273413
0.657996
0.747627
1.05213
0.384877
1.25634
1.48753
1.50579
0.505899
0.76017
0.357228
0.679434
0.494697
0.733946
1.17284
0.450527
3.09157
0.853281
1.0207
0.652455
1.17485
1.3191
0.506914
0.541002
1.85038
2.81786
1.0535
0.426528
0.730205
0.015508
1.89223
1.44338
0.166219
0.804342
0.031568
0.721522
0.377008
0.115207
1.81922
0.62694
0.737954
0.47495
1.20983
0.719141
2.75147
0.792135
0.756015
0.522307
0.399925
1.45807
2.58782
1.51363
0.39867
1.0154
1.21933
0.619552
0.348991
0.956198
1.50414
0.470646
1.09903
0.222885
1.06345
0.306384
0.873455
3.35512
2.70582
0.398223
0.78806
2.31562
0.678676
0.667093
0.798771
0.719483
0.720179
0.522777
0.166411
0.68417
1.18583
0.416777
0.865349
0.684331
1.34484
1.6895
0.545553
1.61279
0.745867
0.413134
1.12542
0.218369
0.133528
2.2272
0.159244
0.274155
0.336719
1.119
1.41219
1.18641
0.811118
0.127602
1.13538
0.291452
0.712737
0.555656
0.233033
0.330067
2.36808
0.189464
1.77686
2.11939
0.516138
2.93686
0.82914
0.669414
0.530486
0.234081
0.408495
1.0612
2.0975
0.912833
0.950636
1.17395
0.975446
2.22109
0.849431
0.571644
0.433372
1.05417
1.19625
0.85763
1.35218
0.455509
0.91342
1.00712
1.06361
0.446729
0.841426
1.43711
0.674414
1.39995
0.765697
0.495981
1.73317
0.309865
1.23486
0.17798
0.582855
1.38894
0.765522
2.0072
0.558383
3.3387
1.8538
0.217916
1.35969
1.16731
0.249143
0.387689
0.743622
1.25761
0.674263
2.05429
0.547244
0.160837
2.59649
0.395752
0.833809
0.428076
1.64944
1.74359
1.00312
1.13389
0.18978
2.93654
0.185925
0.850948
1.45793
0.243655
0.693442
0.950991
2.2899
1.15346
2.61281
0.391995
0.415582
0.921609
0.190724
0.418002
1.0405
2.31304
1.81617
0.339131
1.95766
0.0981549
0.664896
2.81824
1.43128
2.32152
0.362001
1.50267
0.589652
0.573556
1.97962
2.26089
0.679525
0.279655
1.02485
0.941804
1.40289
0.115784
2.68327
1.25798
0.54999
1.19716
1.14586
0.229571
1.25371
0.722313
1.31336
0.0915748
0.842861
0.156791
0.857276
0.525811
2.01031
0.624416
1.7301
0.561836
0.420007
0.491479
0.230005
1.0325
1.27723
0.524584
0.417337
1.54074
4.31474
0.289978
0.868361
0.835186
0.108103
0.726007
2.41352
0.784486
0.222996
1.41304
0.433902
1.46297
1.24628
0.844117
0.343163
0.0338953
0.516942
0.754571
0.898971
0.420013
0.634618
0.493901
0.440873
0.541954
0.391365
1.3224
1.8229
0.655509
1.15629
2.01712
1.98735
0.709854
0.653823
0.551988
0.613704
0.572728
0.790394
1.25947
0.551902
0.162195
0.552992
2.55213
0.184901
0.904566
0.745309
1.0837
0.659454
0.587046
0.433933
0.324809
0.394584
1.17418
0.999755
0.284302
0.945555
0.807037
0.586703
1.14871
1.18825
0.981699
0.559608
1.69766
2.39651
0.966433
2.10441
0.622851
1.022
0.507715
0.845745
0.782013
0.603413
0.930945
1.21815
0.16853
0.549364
1.32165
1.87144
0.86479
0.598687
1.125
1.30843
0.564162
1.46913
0.882165
0.859139
1.43044
2.25054
0.762306
0.253925
1.73009
0.545546
1.35777
1.08934
0.808376
0.573565
0.7139
0.779226
0.261737
2.60556
0.888159
0.845848
0.735654
1.01116
0.523031
1.20215
0.817172
1.14505
0.516424
2.3069
0.912006
1.37801
0.213659
0.553322
0.522478
1.53801
0.290284
1.25948
1.5319
0.37204
0.674442
0.115525
0.75611
0.247114
0.369717
2.35313
0.639409
0.728678
0.364637
1.34186
0.999602
0.989495
1.05463
1.47247
1.33705
0.60908
1.03927
0.475994
0.550312
1.2896
0.264214
0.864853
1.94709
0.906806
0.235994
1.28996
2.36056
1.09346
0.456766
1.00091
0.65752
0.99161
0.237761
0.722696
1.42025
1.45337
2.28859
0.373647
1.2931
0.996715
0.460374
0.350377
0.693221
0.768642
0.886225
0.650725
1.21547
1.07015
1.0276
0.579612
0.0346192
1.82342
1.20158
1.28494
0.605464
1.62337
1.17445
0.97335
1.8806
0.469518
0.687188
1.34307
0.858862
0.303415
0.96609
1.09385
0.469227
1.01313
0.606926
1.18597
1.04603
1.08336
0.893341
0.845572
1.21023
1.48984
1.50448
0.640389
1.15833
2.01101
0.45665
0.657643
1.32374
0.0978415
0.2452
0.780074
4.11152
0.313564
0.318783
0.608017
0.596105
1.10262
0.461012
0.0767402
0.425848
1.15745
0.26991
0.864966
1.78117
1.08591
2.01605
0.635443
0.183544
0.685258
0.412564
0.271121
1.5178
2.01803
0.926877
0.265948
0.213172
0.976619
1.91409
1.74622
0.681401
0.61677
0.204789
0.469778
1.36049
1.05291
0.675542
1.78444
0.848458
1.56374
0.253754
0.770575
1.16273
1.11039
0.705897
0.547788
0.859376
1.45675
1.07848
1.07871
2.06438
0.91607
0.261936
1.48315
0.335355
1.38173
0.346769
1.28453
1.13086
1.01884
0.277806
0.0563294
0.591676
0.548348
1.73951
1.02797
0.295955
2.59307
1.16729
0.599304
1.04209
0.455789
1.11716
1.11854
0.52379
0.807622
1.60195
1.28697
0.601637
0.16934
1.04845
0.691945
1.16025
3.16751
1.99319
0.375836
0.459766
0.271776
0.788385
0.455878
1.3845
1.03336
1.32287
1.24595
1.03177
1.98144
0.364927
2.19397
1.5897
0.478823
1.6164
1.42573
0.745481
1.80946
1.78958
0.428533
0.617492
2.22955
2.31022
1.3286
0.239367
1.36048
0.249445
0.460963
0.67775
1.02745
0.301636
0.566052
0.943269
0.598586
1.16516
1.04177
0.871112
1.27499
0.818229
0.747219
0.574449
0.472366
1.97473
0.24571
0.982906
1.76453
0.19834
0.938543
2.12129
2.29347
0.247848
0.379722
0.299416
0.356023
0.875251
1.3013
0.251658
0.957428
0.398887
2.02194
1.02088
0.404954
0.835286
0.976257
0.566894
2.77986
1.54213
0.442851
0.237223
1.14077
1.63273
1.51689
0.284218
2.54064
0.682477
0.0924008
0.970104
0.473885
2.37533
0.932893
1.50471
0.534757
1.28699
0.492223
1.55985
0.473505
0.142549
0.455852
1.87904
1.63598
0.924664
1.12098
0.754308
0.476716
0.622219
1.08389
1.60369
1.57084
1.87433
1.19268
0.600539
0.298861
1.30058
3.82125
1.13295
1.01456
1.17384
0.637391
1.73404
1.1533
0.835511
0.214283
1.06759
1.60187
0.286096
3.11852
0.959455
0.244195
1.0266
0.0292536
0.0494049
0.365388
0.507477
0.536052
0.545285
0.773584
0.211975
0.695105
0.335012
1.72808
0.639674
0.70981
0.678454
2.46397
1.73072
1.73216
0.320938
0.831065
0.420799
0.670347
0.127351
2.32056
0.446293
2.01833
0.468533
0.0375777
1.7268
0.286481
2.01221
0.56939
1.71295
0.7252
0.522986
1.26155
1.31301
1.25536
0.762454
1.60054
0.214747
0.904544
0.648005
0.309495
0.190759
0.780013
0.907052
0.741831
0.304443
0.200147
0.641849
0.72658
0.578443
1.30746
1.0182
0.155598
0.648957
0.461935
0.670533
0.715405
0.506235
0.654231
0.577134
0.172012
0.308436
0.811048
1.24973
1.4018
0.39943
1.6773
1.17049
0.195824
1.09504
0.662572
0.495711
1.43414
1.69158
0.466347
0.405528
1.3962
0.331551
0.329378
1.70303
2.29574
0.815257
0.240161
0.749766
1.53869
0.308719
2.5226
0.0721908
0.748879
0.619501
3.66453
1.27909
0.916261
1.31891
0.405004
1.24879
0.360724
1.28192
0.143257
0.467189
0.698068
0.220308
0.211581
1.48239
0.371158
2.82979
0.588444
0.146671
1.04526
0.60121
0.86952
1.34676
0.296664
0.718783
1.24955
0.935055
1.54772
0.992543
1.79179
0.740835
0.657206
0.214209
0.343848
2.41709
0.678307
0.948553
1.22497
1.32802
0.577828
0.619281
0.316864
2.12949
1.19963
2.31763
1.21825
1.09463
0.667984
1.2881
1.39629
0.277106
0.980342
0.668107
1.67321
2.73055
0.2367
1.24719
1.706
1.88372
0.942733
1.56071
2.39278
0.266264
0.8288
1.12539
1.50394
0.341358
0.648442
0.963361
0.86485
0.878302
2.61331
1.79275
1.8235
1.88071
1.95522
0.488972
0.273128
0.360343
0.907719
0.689607
0.229507
1.25694
0.88395
0.892542
0.466242
0.509056
1.37972
0.203488
1.29532
1.1428
0.582743
0.799289
0.164225
0.468644
2.69109
0.837772
0.918345
0.830481
0.249378
2.05709
0.229795
1.56166
0.571523
1.40134
0.56732
0.258792
1.46953
1.68977
1.24923
1.44474
0.27188
2.08165
1.86796
2.37557
0.671092
0.742265
0.22848
1.88811
0.545188
1.43841
0.893559
0.475325
0.425698
1.10128
0.337266
0.983403
1.53173
1.12764
0.148543
0.493044
1.01345
0.135688
2.89845
1.50946
0.452475
0.903833
1.15265
1.02775
0.396317
0.642346
0.535785
0.863672
1.9898
0.541559
0.524464
1.50519
1.11912
0.844121
0.822885
2.48949
0.559778
0.682536
0.738871
1.27379
0.356
1.52886
0.687485
0.384941
1.90754
1.35947
0.689627
0.211726
0.819514
0.972393
0.872925
4.06145
1.3012
1.21973
1.16057
1.06079
1.0758
1.99671
0.369858
0.489744
0.221135
0.238722
0.689282
1.9667
1.31485
1.63174
2.08155
1.18056
0.342764
1.67622
0.474946
0.983271
0.633628
0.636644
1.0726
0.785821
1.93784
0.781419
1.0117
1.04563
0.488104
2.22279
0.416883
0.188431
0.792577
1.15932
0.146121
0.327013
0.346159
0.657306
0.769553
0.80026
0.43661
0.0364898
0.371534
0.762233
1.02323
1.23702
1.27107
1.91986
0.198533
0.517025
0.441857
0.603666
1.47052
1.56842
1.08835
1.39837
1.08129
1.69567
1.24344
1.3496
1.44904
1.28924
0.600742
1.24963
0.699041
1.13165
0.550917
0.700514
0.442312
1.20268
0.633681
0.174688
1.10455
2.84582
0.603966
1.22488
0.369123
1.36287
0.951284
0.555057
2.36829
3.7974
0.269472
0.873579
0.511042
1.69112
0.932913
1.09513
1.69003
0.389125
0.917132
0.466856
1.79896
2.12596
0.373601
1.32039
0.950071
0.266934
0.482215
0.435814
1.41127
1.41926
0.350626
0.807747
1.06016
0.576349
2.31212
1.0172
2.86888
0.16441
2.05772
1.25426
2.21903
0.758021
0.084749
1.39013
0.453381
0.225737
1.31177
1.93774
0.562791
1.51642
1.72081
2.20637
0.179421
0.902498
0.0191945
0.306933
1.1802
1.20853
0.50879
2.36288
1.70325
0.557367
0.278047
0.535757
0.102127
0.517387
1.53786
1.01447
0.850778
0.785639
0.868284
2.22074
0.884121
0.495725
0.295401
0.27067
1.65907
0.132158
0.283253
0.100223
0.675583
0.657952
1.30026
1.06332
0.106163
0.259927
0.596834
0.826832
0.589365
0.917624
0.0300631
0.729353
0.331772
0.856352
0.662779
1.47123
0.838945
1.56756
0.658721
0.402884
0.399402
0.223304
0.337984
0.335808
1.18168
1.21882
1.58671
0.241763
1.79098
2.23307
0.237311
0.757624
0.456275
1.18787
0.949037
0.418847
1.22027
0.461237
0.444141
0.621018
0.800619
0.468206
0.488915
0.892766
1.34114
2.5803
1.11603
0.714042
1.1831
1.52843
0.845301
0.172845
0.773739
1.45898
1.32939
1.0304
0.529565
1.60301
1.29322
0.372273
1.22339
2.84216
0.474645
0.525304
0.46333
2.67633
0.6675
2.46098
1.32421
1.0556
1.35063
0.722091
0.735515
0.193088
1.50845
2.0453
1.03071
1.47728
1.04446
1.39017
0.698089
0.263408
1.12846
0.909502
1.86995
1.006
0.770867
0.929779
2.02716
0.865058
0.348233
2.27684
0.879462
1.71071
0.516284
0.398937
0.681525
1.69923
2.38924
0.18495
0.500116
0.276793
2.18552
0.150216
1.14454
1.78667
0.375904
1.19832
0.55938
1.05769
2.10664
1.79821
0.874018
0.493665
0.20309
1.29545
0.868133
1.16044
1.98348
0.422637
0.559339
0.341596
0.328418
0.30594
0.843174
0.440496
1.80648
1.42459
0.794593
0.745515
1.68261
0.37742
1.37065
1.06883
0.662464
0.737526
1.18813
0.310776
0.318969
0.194415
0.462882
0.659916
0.354878
1.63405
1.06538
0.929731
0.231233
0.943587
0.611915
0.856358
1.81417
0.270521
1.28759
0.516202
2.20069
0.161047
0.138165
0.635146
0.771713
0.413306
0.526784
0.754954
0.727557
1.20266
1.04833
2.91611
1.43306
2.03443
1.35072
0.642098
0.598684
1.49519
0.955966
3.49496
0.829317
0.434584
0.255751
2.21564
1.69435
0.73817
1.85056
1.95733
0.712058
0.938388
0.496843
1.82199
1.4653
0.0349161
0.597776
1.63318
0.34348
0.82272
1.46088
1.88865
0.544658
1.24353
0.86131
0.710846
1.58549
2.2769
0.0381575
1.08407
0.533195
0.542445
0.251599
1.11712
0.348231
0.348976
0.380288
1.10343
0.612002
1.05793
0.899361
3.78571
0.52958
0.5358
0.820815
1.22029
0.384788
0.165779
0.202383
0.856507
0.944412
0.292471
0.626704
0.786569
0.676392
2.03139
2.39707
2.0127
2.27705
0.271324
0.474907
1.24274
0.212644
1.0356
1.26368
1.15777
0.786055
0.739647
1.62812
0.31743
2.19318
0.883644
0.609537
2.42224
0.452692
1.89974
1.53051
2.01539
0.63386
1.22339
0.30802
0.731793
1.1852
2.24532
0.95923
0.801979
2.06218
0.715421
0.827605
0.93864
1.04212
1.69104
0.172121
0.816776
0.335017
0.858291
0.754989
0.465079
1.29488
1.34397
0.982391
0.469743
2.5593
1.52476
1.12
0.753456
0.92978
1.00992
0.617477
0.788437
0.370729
1.41523
0.436689
2.04995
0.529455
1.63355
0.509267
0.754879
0.5824
0.410979
1.42004
1.09298
0.665245
0.563795
0.709056
0.901469
0.889773
0.0735622
0.468901
0.864997
1.3729
0.624456
0.305287
1.14793
1.46914
1.89309
1.17695
1.32117
0.300791
1.24368
0.707047
0.850592
1.43411
0.171367
0.726485
1.83213
0.801103
0.131144
0.0702062
0.347684
1.01381
0.347222
0.551585
0.665291
2.05944
1.04855
1.27147
0.670954
0.935498
0.790296
0.670103
2.63989
1.24655
0.76367
1.23823
0.322327
1.72884
0.0628798
2.3456
1.61389
1.05476
1.28161
0.371588
0.526863
0.859665
1.13884
4.41326
0.166185
2.08176
0.991451
0.554931
1.11473
0.391081
1.41036
2.90303
2.19979
0.327654
0.13167
0.850298
0.752293
0.541992
2.22659
0.302358
0.45815
1.35981
0.876172
0.207701
1.42588
0.428521
3.04587
1.62523
1.52629
2.08293
4.09731
2.05873
0.383056
0.514884
1.19383
0.778611
0.604992
0.417845
0.230062
0.766647
1.11068
1.34903
1.23962
0.555457
0.431341
2.14459
0.513397
0.402627
1.29868
0.99223
0.64942
0.274951
0.525592
2.33039
1.67527
0.290677
0.584257
1.33062
1.66539
0.368275
1.50238
0.962577
0.564973
0.629013
3.3686
0.940457
0.616822
0.668678
1.43749
0.912666
1.27986
1.52047
2.01325
1.04891
1.29271
2.06476
1.21687
1.41376
3.73781
1.03126
3.55823
0.948566
1.28581
1.05871
0.323587
0.348632
0.617216
0.626258
0.389937
2.00555
0.684626
3.03971
1.92143
0.525086
1.76355
1.26546
0.595041
0.390594
1.78757
0.737403
0.860237
1.03812
1.95675
1.19796
0.569807
1.88623
2.1738
0.953999
1.12498
0.675046
0.857407
2.63845
0.0712955
1.17526
0.107914
3.96226
2.11551
1.54518
0.646339
3.21855
1.08973
0.667936
0.262874
0.266938
1.40893
0.654372
0.605764
1.2269
0.0288165
1.20945
0.489683
2.01927
1.34882
1.26923
0.128645
1.76356
0.293046
0.6556
2.12722
1.19142
0.0661991
0.90959
0.436222
0.727875
0.806463
0.665555
1.07138
0.846855
0.689556
1.77406
0.108266
0.694155
0.937828
2.71667
0.89996
0.89684
0.35284
0.778794
0.948445
0.202289
0.292017
1.60674
0.33344
1.2134
3.82748
1.08239
0.645667
0.577544
1.21757
1.2483
1.66014
2.24522
0.614167
0.474797
0.102896
0.201737
0.639923
1.12551
1.69391
1.63702
0.575971
0.559555
2.08976
2.36839
0.30063
2.6141
0.865129
0.438588
0.124843
0.847603
1.88435
0.264854
0.229157
0.922015
0.237776
0.232158
0.73116
1.53585
1.9515
0.188888
0.353802
1.12547
0.866731
0.586963
0.966974
0.386747
0.574346
0.730928
1.53384
1.13927
0.446769
0.512391
3.87086
2.01045
0.61462
1.38377
2.49788
2.19977
1.3673
0.930081
0.493634
1.03974
0.914208
1.40533
1.0662
0.505695
0.790697
0.531256
0.5444
0.0492613
0.659523
0.88886
1.75319
1.93375
0.826359
0.529416
0.576799
0.869119
0.58099
1.40146
0.261302
0.515866
0.372295
0.910901
1.5595
1.24021
0.533017
1.01257
1.27151
1.09117
1.2819
0.461519
0.536599
2.47137
0.193398
1.35859
1.51046
1.03038
0.17743
1.96705
0.572633
1.22193
0.664776
0.842746
0.54155
0.269823
0.656299
0.830669
2.72859
0.875789
0.454719
1.62589
0.246996
0.739484
0.943661
1.50305
0.218591
1.25688
0.879528
1.98267
1.09117
0.242143
1.77937
1.22584
1.52072
3.16661
2.60467
2.11032
0.435081
0.973574
0.871672
1.67692
0.0271462
1.05216
0.683988
0.892426
2.98888
0.954153
0.439246
0.125219
0.214796
1.14765
1.9772
0.596672
0.512161
1.02335
1.34156
0.227602
0.237855
1.27391
1.53515
0.277609
1.05465
1.59069
1.73102
0.197005
0.354935
0.956091
1.72892
0.169824
0.670185
1.20995
0.24466
0.3946
1.14884
0.289898
1.43311
0.608216
0.797489
0.555498
0.62826
0.909598
1.89997
1.46
0.182153
0.707004
2.47205
0.517285
1.38156
1.24366
0.99506
0.278705
0.578241
0.464179
0.368419
0.579567
1.61588
2.64516
0.100104
0.467235
1.77315
1.79705
0.88738
1.04689
1.30102
3.37661
0.891518
0.205873
1.47403
0.0490031
1.32052
0.832067
3.13166
1.29799
0.304932
0.620619
0.223925
0.905964
1.52234
1.33057
0.240377
3.06386
1.74188
0.964932
1.41136
0.866886
1.61593
0.436809
0.383682
0.826222
0.18345
0.558607
2.09913
0.34346
0.923736
0.629155
1.99562
1.66586
0.54505
1.30206
0.928724
0.318302
2.18829
0.854474
0.319835
0.449003
0.169787
0.746775
1.8626
1.34718
1.54458
0.339671
1.8127
1.17261
0.581411
0.274569
1.30104
1.03187
2.66658
0.146014
0.884963
0.187382
0.589191
1.76184
0.525282
0.986001
0.142965
1.28654
1.46849
0.875833
0.187106
0.550954
0.900143
0.985511
1.53617
0.885178
1.12036
1.64522
0.40534
0.0850162
1.59821
1.31345
0.570509
1.83601
0.487799
1.91531
0.679106
0.415586
1.30641
1.00275
0.633122
1.26448
0.317362
0.339514
0.110744
0.208621
1.15808
1.58992
1.03861
0.511747
0.326846
1.38628
1.7154
1.00925
0.600749
3.05233
0.73284
0.785377
0.429085
1.48308
0.361692
0.573129
1.22617
0.307025
0.542063
1.0751
1.40559
1.12798
0.232171
0.32968
0.731403
2.32058
0.559479
0.504812
0.922893
1.08734
1.12823
0.394248
1.72571
0.923822
3.04957
0.5269
1.7408
0.69569
0.451758
0.781381
0.778633
0.964459
1.18702
0.358388
0.883463
2.42134
1.72395
0.157128
0.999373
1.26213
0.334708
0.131749
0.166143
1.32993
0.1471
0.692476
0.311072
0.823022
0.693853
1.23598
0.583098
2.16249
0.905846
1.60593
0.926005
1.25207
0.271144
0.604363
1.10569
0.408045
0.707094
2.14274
2.77669
1.2336
0.898505
1.54385
0.394721
0.780167
0.63799
0.235824
0.742765
1.18839
0.343777
0.999785
0.0616188
0.748442
0.352897
0.696812
0.802152
0.449961
0.583768
1.57778
2.78389
1.28937
0.817127
0.81662
0.0512669
0.613491
1.9617
0.363748
2.48625
0.426628
0.835039
0.581923
0.608282
0.827947
0.57986
1.45769
1.68294
0.350078
0.718117
0.962313
0.498054
2.56975
0.899309
1.65733
0.398142
1.85211
1.16518
1.1623
0.432867
1.07207
1.06687
0.621654
0.62734
1.16504
0.436118
1.09825
0.365246
0.233327
1.04872
0.303038
1.88017
0.751533
0.466635
1.1887
1.62041
2.07858
0.562849
0.394421
2.2538
0.965923
0.447187
0.379871
0.116626
0.939015
0.565369
0.448191
0.458431
1.20874
0.800373
0.500782
1.00989
0.719261
1.18158
0.546353
1.47311
0.696361
1.1676
0.376444
0.422683
0.615307
1.73989
0.545049
0.831459
0.916244
1.46412
1.08687
1.09084
0.296958
0.249332
1.5007
1.50869
0.935283
1.45859
3.85622
0.800553
1.12057
0.252895
0.998928
3.53609
0.0732089
2.54182
0.60792
0.367433
0.964472
0.514327
1.26937
0.459366
1.44167
0.455504
0.433874
0.907553
1.17729
0.666522
1.07851
0.150441
0.467892
1.71214
0.86432
1.49297
0.154105
0.98076
2.66559
0.296602
0.849107
0.586113
1.57673
0.666672
0.335102
0.594267
2.53715
2.26849
1.5154
0.489065
0.19087
1.02389
0.99725
0.238687
1.06898
1.02975
0.214058
0.809351
0.537851
0.182738
0.860239
0.314388
0.634094
0.498495
1.03509
2.66936
0.557816
0.455824
1.08276
1.73844
0.134987
1.4235
0.348268
0.873635
1.63084
0.756804
1.96974
0.0175922
0.726983
1.52093
3.59744
0.574006
0.748774
0.344409
1.16007
0.917802
0.624888
1.29786
0.98939
0.42265
4.2977
1.50859
0.670998
0.169381
0.786124
1.69815
0.407103
0.726694
0.931957
2.00833
1.17975
0.936807
0.753517
0.260319
0.639003
0.863014
2.99054
0.783216
1.04976
0.217465
0.552089
0.954324
1.41561
0.488579
1.16992
0.728397
0.588519
0.613908
1.03162
0.483555
0.752984
0.968125
0.928966
0.721092
0.189354
0.738253
0.197717
0.223039
1.41393
0.463763
3.77374
0.344641
0.622748
0.885324
0.807767
1.0727
0.939497
0.449376
0.148289
1.96077
1.02628
1.09004
0.371739
0.415208
1.02833
0.28372
1.14909
0.687436
1.14926
0.28092
0.0771904
1.08312
1.94729
1.18094
0.256645
2.04884
0.228901
0.32065
0.302618
0.373437
0.525905
1.18843
1.4479
0.543618
0.552564
0.95131
1.83946
0.588507
0.882821
0.445791
0.513905
0.103801
0.49186
0.855569
1.72794
1.08256
0.915648
1.54794
1.38599
0.95894
1.01508
1.05742
0.254428
0.93388
0.706364
0.205187
0.543351
1.17741
0.745134
0.591608
0.770004
1.07412
0.659686
1.66761
1.83272
0.16261
1.40047
1.415
1.52565
0.761457
0.631343
0.136026
0.527745
1.28761
0.860848
1.54899
1.64581
0.389762
0.652167
1.28506
1.52659
0.405793
1.07065
2.2564
1.62574
0.762687
0.383797
2.00715
0.471709
0.101875
1.26088
0.770906
0.901553
1.08658
0.577148
0.140374
0.780709
1.17411
0.524721
1.46389
1.20832
0.379403
0.111158
0.82859
0.526655
0.214683
0.964517
1.87915
0.740241
1.01297
1.0759
1.04686
1.1769
0.294285
1.34238
1.36327
3.88009
0.505441
0.37454
1.21648
0.629593
1.14893
1.0265
1.97803
1.49116
0.568282
1.87106
0.329085
0.980179
2.03157
1.50979
1.33303
1.3173
0.608684
0.355072
1.31873
0.148245
0.847277
0.999113
0.741346
1.97666
0.815823
1.38868
0.210406
0.492648
1.31704
1.022
1.60193
1.46134
1.90844
0.54715
0.488094
1.99376
0.589779
0.911417
1.32352
1.48549
0.499689
0.501688
1.45606
0.192259
0.690154
0.268593
0.759715
0.164298
0.744632
0.363767
0.796406
0.374899
2.59917
1.70666
1.82514
0.798159
1.82431
1.22287
0.759109
2.47899
0.589733
1.60112
0.204226
0.881272
1.39472
0.635807
0.145941
0.473105
0.418055
0.908259
0.777287
0.674091
0.400423
0.183891
0.369427
0.277722
0.463964
0.854398
0.129246
1.86048
1.35883
0.343221
2.09757
0.74064
0.781514
0.472613
4.09995
1.388
1.35249
0.312395
0.635207
0.78864
0.883232
0.814102
0.828198
0.57775
3.61763
0.431762
0.553547
1.04982
1.94382
1.14158
0.769441
0.339077
1.33062
0.71656
1.45709
1.4427
0.36911
0.149564
1.05806
0.29425
0.3359
2.55317
1.03674
0.941315
2.59058
0.613983
1.55047
0.855251
0.149183
0.756843
0.216557
0.0469802
1.05832
0.502522
0.256819
0.442563
0.279261
0.0803931
2.03699
1.11285
0.119078
0.369213
1.12406
0.542407
1.62781
1.65365
1.59391
1.98389
0.36468
0.338986
1.41579
0.832187
0.11111
0.386555
0.732696
2.99452
1.23459
0.466661
2.03425
0.229899
0.952117
0.220497
0.558004
0.358375
1.07865
0.980613
0.348614
0.442071
1.15555
1.11327
0.987237
0.965283
0.781803
1.17779
1.46032
0.368081
0.64388
1.47965
0.532118
1.4119
0.949194
1.12683
0.362503
0.851853
0.802698
2.96605
1.04064
0.25022
1.3176
0.433552
0.272703
2.23312
1.06154
0.904702
1.78364
0.538132
0.461084
1.57732
1.5532
1.11159
1.92205
1.10222
0.144631
0.990309
0.849981
1.78306
0.251842
0.336479
0.356409
0.27948
2.61418
1.01279
1.1539
1.31139
0.604362
1.59671
1.45559
1.35759
0.616198
0.467567
0.428973
1.24575
0.703756
1.6511
0.67535
2.29813
1.99368
0.592756
0.64908
0.974602
0.480832
0.355353
0.503853
0.505736
1.63017
1.35629
1.09836
0.992239
1.8397
0.35562
1.21169
1.36048
0.133058
1.28625
0.455377
0.114258
0.409603
1.22274
0.387307
1.13429
0.487515
0.341478
2.55224
1.34902
0.365281
0.813069
1.42631
1.02096
0.531085
1.70302
0.535628
1.01652
1.29468
2.39178
1.895
0.960682
0.521562
0.34621
1.76769
1.54392
0.786659
0.516926
1.94332
1.26559
3.78518
1.05457
0.6056
1.03929
0.479677
3.54696
1.32781
0.926856
0.769401
2.0819
0.630393
1.13803
0.810196
0.538358
0.420289
0.573679
1.239
0.696446
2.14819
0.586387
0.74209
1.73406
1.05504
1.69302
2.13262
1.2028
0.568682
0.976013
0.330498
1.60223
0.521845
0.818617
0.59206
0.347831
0.867661
2.64114
1.27909
0.641719
0.830947
1.6872
0.414919
1.58204
0.200705
1.62338
0.21721
1.63956
0.660899
0.645133
1.07622
0.744144
0.78727
1.39463
2.31879
0.424235
1.50002
0.457903
3.16708
1.00202
1.1101
0.863005
0.926852
1.30496
1.03985
2.88947
2.61179
0.0905134
1.85699
0.494095
0.675582
0.242069
0.323766
1.77473
3.11947
0.133439
0.430159
1.02941
1.79881
2.21758
1.1429
1.04279
3.32197
0.334264
0.647845
1.35064
2.87789
1.05814
0.813449
0.0402876
0.531759
0.328477
0.554573
1.02804
0.682532
1.40311
0.859627
1.37184
1.86114
0.83745
1.68939
0.464666
1.23455
0.514655
0.245021
0.385696
1.65349
0.472428
0.174656
0.742843
0.584874
1.32967
0.891678
0.723989
1.30602
0.72037
0.448553
2.19815
0.443701
0.194127
0.145199
1.88504
0.201861
0.311526
0.222548
1.88401
0.998847
0.194298
0.0838226
0.323403
0.933845
0.981413
1.66488
0.767606
0.466463
0.0764295
0.391719
1.53391
2.36417
0.407139
1.90442
0.442717
1.3471
0.988497
0.572911
0.372765
1.29644
0.158766
0.180345
2.58666
0.680428
0.327088
1.16977
1.41761
1.54875
2.47207
0.97903
0.897143
1.62017
1.33285
2.92771
1.40241
1.43314
1.72656
2.18619
4.33025
1.64203
1.80763
2.36829
0.537212
0.726179
0.973261
0.808247
1.67283
0.182093
0.719439
1.22341
0.44354
3.03502
0.881097
1.3923
2.4158
0.556963
2.97727
0.821991
0.801357
2.79628
0.829466
1.77914
1.1112
0.787485
1.32873
3.46961
1.76254
1.83975
1.03465
1.06126
0.366461
2.66373
0.680739
0.775301
0.318731
0.983417
2.22487
0.609407
0.213413
1.77337
0.213316
1.91075
1.61298
1.78168
0.773266
0.487304
1.841
2.1158
1.65003
1.53309
0.506486
1.01631
0.719322
1.18082
1.15533
0.878598
0.531401
0.25635
1.20803
0.429774
0.0591117
1.13434
0.938501
0.20274
1.28272
0.452802
0.869686
0.807783
0.909351
0.241878
1.7355
0.675271
1.16848
0.404951
1.50429
0.958112
0.606034
1.18256
0.429063
1.28926
1.13751
0.144866
1.14212
1.52037
1.18366
3.01097
0.285977
0.270106
0.567846
0.523571
0.977868
0.399227
0.32059
1.32593
0.597524
0.0585121
3.01222
0.885342
0.699399
1.45581
2.16759
2.71941
0.540196
0.552139
0.632752
0.853425
1.99371
0.224132
0.833315
0.198693
1.19861
1.28342
1.36008
2.41649
0.59995
0.446903
1.76985
1.32948
0.0415978
0.322312
0.528481
1.31729
1.00581
0.728573
0.902156
0.472223
0.179574
1.03116
1.48674
0.545209
1.32803
0.0706728
0.43019
0.728042
0.404132
1.34248
0.623959
4.02172
1.01583
2.05331
0.0867626
1.2472
0.742556
1.71164
0.694407
0.49561
0.741417
1.28942
0.461413
1.80654
2.43464
0.593058
0.791212
0.124939
0.957929
0.123115
1.81182
2.51751
1.92709
0.424305
3.0853
0.24026
1.35005
0.25302
0.945027
2.1485
0.669663
0.822462
0.479294
1.45157
0.887473
0.0712942
0.512454
0.289053
1.47214
0.348138
3.01854
1.0789
2.13979
0.900924
0.59296
0.388206
1.73452
1.41051
0.307291
0.93285
0.57072
1.67746
0.40179
0.506484
2.04954
0.731891
0.368585
0.119569
0.225898
0.691903
0.695191
0.359863
0.666933
0.273889
0.826796
0.168363
1.19515
0.484829
0.403521
0.707684
0.157173
2.45442
1.16983
1.08684
0.721773
1.03168
1.55213
1.07165
0.940596
1.32258
1.36925
0.862888
0.411235
2.11315
0.776898
0.863865
1.00253
0.79764
2.63906
1.85968
0.380389
1.48053
0.205018
0.482217
2.04191
0.968574
0.373714
0.674733
1.1688
0.166104
2.49087
0.288419
0.185556
1.18359
0.944902
3.20419
0.533406
0.0711785
1.11944
0.1907
0.674212
1.28842
0.745132
1.46807
1.81347
0.314541
1.94623
2.08009
0.671413
1.41663
0.845406
1.42161
0.944893
0.202802
0.279662
0.478413
1.36019
1.23195
0.637153
1.78311
0.961916
0.687033
1.22959
1.56094
1.70443
0.774346
1.46744
0.247255
1.42315
2.67286
2.31161
2.36091
1.22216
1.03972
0.905518
0.560673
1.50483
1.18197
0.178621
1.67756
0.132877
1.75636
0.348138
1.6776
1.46305
0.727621
0.218903
1.36025
0.651021
0.787251
0.324143
1.02905
0.41124
0.738853
0.954825
0.266341
1.14901
0.422309
1.30771
1.21995
0.222672
0.609191
2.16795
0.326946
0.928787
0.624994
1.52372
0.712404
0.360219
0.572865
0.510654
0.397925
1.04436
1.89457
2.04658
0.939865
1.15749
1.80536
1.17395
0.832445
2.30766
0.950847
1.01595
0.852363
0.843297
0.778233
0.32532
3.52601
1.2194
0.350015
1.37306
1.73889
4.29875
1.0176
1.57984
1.53387
0.280282
0.698435
0.559003
0.284208
0.968622
0.868382
0.776696
1.22589
0.604393
1.22859
4.00529
1.53308
1.05489
0.327064
0.661727
2.186
0.790765
0.561864
0.249424
0.306746
1.02395
0.386982
2.0995
0.562262
1.04558
1.46061
0.480676
1.63706
0.173528
1.1369
1.87135
2.60039
0.253309
1.54371
1.09797
0.565068
0.128652
0.33449
0.708088
1.88225
0.820476
0.676328
0.321561
1.72807
0.921313
1.78205
0.306385
0.778882
0.530888
0.438698
1.86531
1.37936
1.2454
1.83208
1.00956
0.581476
0.468128
1.83625
0.229606
1.60096
0.937059
0.844521
2.13327
0.473417
1.63943
1.66253
0.289365
0.596198
0.47279
0.336598
0.235727
0.212385
0.231666
1.47838
0.480888
0.114287
0.335114
0.508606
0.857339
0.12807
0.466697
0.216317
0.746769
0.400465
1.24273
1.41341
0.267982
0.227625
0.88121
0.0567799
0.523494
1.56817
0.271862
4.19484
1.10348
0.636811
2.67127
2.3018
0.80355
0.663767
0.856818
0.0422189
0.488365
4.38548
0.795987
0.25158
0.953853
1.8989
0.164664
0.7781
1.57084
0.169784
1.58954
0.495133
0.40381
1.74915
0.603797
0.247622
0.112969
0.229217
0.37591
0.318222
0.768095
1.16827
0.353763
1.10051
0.336832
0.377532
1.02542
1.20911
0.55675
0.690836
0.364024
1.29367
0.687625
1.55074
0.373646
0.577142
0.828392
0.258229
1.23707
1.21519
1.99106
1.61193
0.508654
1.73438
1.33133
0.931828
1.62409
0.573067
0.102953
0.566073
1.75629
0.671541
1.5226
1.01193
1.74889
1.99691
0.327277
0.615831
1.58404
0.489143
0.733476
0.165555
0.822031
0.807225
1.14292
1.35773
0.555335
0.822084
1.41132
0.517778
2.44237
0.289473
1.09715
0.672367
1.31231
1.52522
1.22955
0.971603
0.381611
0.822621
0.651084
2.23947
1.60536
1.31414
0.801718
3.30088
0.62613
0.874365
1.26128
1.71676
1.87453
0.77048
2.62385
0.567169
0.937679
0.181029
1.53522
0.947396
1.25054
0.930689
1.0923
0.708678
0.0884832
2.00056
0.353489
1.4075
1.46821
0.740003
1.23525
1.89992
0.910746
1.01818
0.0843655
1.55554
1.00954
0.138393
0.459552
0.448534
0.197221
0.796146
0.917672
0.621821
0.952202
0.995293
0.325994
1.83925
0.762925
0.993771
0.500698
1.43512
0.282675
0.884521
2.12225
0.114071
1.6516
1.41845
0.905904
0.470664
2.3041
0.381514
0.297406
0.746775
0.557039
0.400957
0.433403
1.40314
2.21337
0.193634
0.443596
1.73962
0.446607
0.498896
0.885965
0.657312
0.29165
0.481862
0.234624
1.01898
2.74893
0.65175
1.20981
1.96033
0.679248
1.9012
3.18448
1.55884
0.308889
0.935714
2.58511
1.57799
1.03409
0.973253
0.797134
2.62094
1.22472
0.263835
0.480224
1.78533
0.89361
0.471169
0.578261
1.49873
0.326386
0.628389
0.34136
1.5242
1.37143
1.12778
3.48139
0.262132
0.762932
0.718455
0.153277
1.05182
2.08159
1.10546
1.46881
1.05204
1.84682
0.62137
2.0839
0.900236
1.09918
1.22688
4.94915
1.13
0.851279
0.46835
1.0661
0.657485
0.685562
1.73313
0.442425
0.950803
2.88288
0.678374
1.34891
1.77691
0.0810561
0.755764
0.570371
2.72322
1.42987
0.0351741
0.938878
0.895758
1.04614
1.16171
0.354953
0.0163516
0.733434
0.359143
0.163908
0.530374
0.426749
0.565748
1.03047
1.4035
0.145654
1.083
0.624899
2.92142
0.449299
0.742298
0.85349
0.305555
1.50592
0.881799
0.424749
0.117143
0.641162
0.465583
0.647261
0.464246
0.211503
0.640004
0.592493
0.389646
0.828455
1.7483
1.69381
0.990604
0.0577975
0.087615
0.442918
0.751581
0.865535
1.2317
0.869541
0.503003
0.491714
0.490614
1.73772
2.4183
1.24456
0.504843
0.540076
0.165928
0.4418
0.944572
0.926034
1.30283
0.500122
0.381266
0.605741
1.34431
0.51214
1.12313
1.11916
1.39174
1.68537
1.79704
3.84872
1.93485
1.69561
0.774215
0.136519
0.811738
0.287689
0.80416
0.556387
0.0542294
0.514952
1.03778
1.3205
1.00572
0.354809
1.49131
2.9675
0.623757
0.478829
0.397489
0.626258
1.4254
0.78065
0.742042
0.143187
0.520599
1.02229
0.447849
2.03298
1.59184
1.89439
3.14229
0.15669
1.84767
1.16889
1.41608
0.174763
0.469586
1.27296
0.512803
1.17945
0.374619
0.553093
0.98294
1.47855
0.602222
1.67385
0.406292
1.22724
1.03528
1.65581
1.19953
1.62179
2.5246
1.07037
1.08481
1.13969
1.22953
2.09205
1.45525
0.450682
0.650794
0.452239
0.734704
0.293765
0.275615
0.724411
0.228436
0.389609
0.189232
1.57153
1.83357
1.88832
1.2556
4.29979
0.764809
0.216558
1.56385
2.8817
1.00902
0.986513
0.353254
1.75196
1.87411
1.24785
1.41069
0.844197
0.136045
0.885067
1.31894
0.476642
1.10883
0.155397
2.18616
0.13754
0.514236
1.92144
0.336275
0.653574
0.612413
1.87032
0.714176
1.53816
1.06112
0.553168
2.14689
0.235236
0.821304
4.57173
1.19946
0.311335
1.28512
0.586032
1.14638
0.553736
0.814688
1.02613
0.907461
0.409664
1.44685
0.558004
3.49075
0.712396
0.30599
1.69046
2.38155
0.37663
0.504983
0.393764
1.10015
0.308338
1.21663
0.955341
1.61738
0.00531241
0.539547
0.366294
0.466659
1.20773
2.3588
0.617245
1.2385
0.180634
0.667179
2.04075
1.71985
0.805956
1.98771
0.920219
0.217739
0.743414
0.584562
1.51773
0.248743
0.553381
0.452976
0.286291
2.97947
1.02324
1.16485
0.445065
0.569657
0.615735
1.03126
0.809143
0.758338
1.23041
0.413072
0.0692332
1.74611
0.723306
0.573613
0.807998
2.1439
2.8477
1.75001
0.271886
0.243265
0.711358
2.01744
1.69311
0.404363
2.01585
0.322217
0.264486
1.3206
0.861385
1.4598
1.97166
1.39099
0.236784
0.333748
0.575612
2.50193
0.925555
1.13563
1.70676
0.608786
0.531024
0.793786
0.237237
0.2404
1.19227
1.12545
1.38309
0.780873
0.766839
0.312863
0.363549
0.547887
1.66476
2.15997
0.233064
0.708262
1.45422
1.54319
1.08535
1.27594
0.145744
0.159953
0.943782
2.09092
0.519097
1.39537
1.24721
0.733517
1.35611
0.489216
1.66366
3.23907
0.964921
0.726884
2.69171
0.116111
0.693473
1.53718
0.235058
0.237346
0.583836
0.577333
0.309423
0.630814
0.293956
0.467817
0.517058
1.9351
0.348411
0.587197
0.560656
0.324792
1.18377
1.87219
1.20951
0.11072
0.244989
0.28677
0.108018
0.443069
0.125936
0.169882
0.334285
0.2626
1.23202
0.397112
1.2904
1.66418
1.50241
0.762421
0.784097
1.43296
0.103481
1.69124
1.17371
1.73892
0.744062
0.655177
0.039159
0.571108
0.639506
1.36911
0.267919
1.33767
0.977074
0.548901
0.357002
0.257972
1.10675
1.30611
0.58194
2.62775
2.84286
0.798127
0.670797
1.1423
0.323953
1.31196
0.420066
0.590148
0.650195
0.215292
0.251656
2.78233
2.7606
1.87001
0.443483
0.448347
0.929841
1.0082
1.11478
0.635733
0.287602
0.67787
0.306376
1.6062
2.22206
0.29584
0.767207
1.56385
0.906367
0.807796
0.0514092
0.594573
1.05897
0.655868
0.692397
0.311723
0.350725
0.91094
1.09246
2.25171
0.957892
0.0677332
0.588052
1.58045
2.40408
0.946707
0.702235
0.178799
2.15682
1.31206
0.268404
0.365992
0.335877
2.09806
1.01002
0.945542
0.793489
0.61793
1.3757
1.36744
1.29655
1.4745
0.292076
0.254049
1.5901
0.364355
2.19461
0.380303
0.598028
0.401421
0.207744
0.411719
0.151863
0.976675
2.23862
0.968782
1.0773
0.749698
1.73892
0.718728
1.34993
0.437556
0.496412
0.986935
1.83939
0.864391
0.778626
1.28572
0.465213
0.446815
1.91411
1.56613
0.578359
1.45101
0.268999
1.07896
0.5471
0.976158
0.159177
0.84349
0.164987
0.200058
0.483916
0.570857
1.98907
1.12147
0.0832135
0.054202
0.180535
0.652613
0.251471
1.00102
0.902008
0.259101
1.19077
0.788515
0.411462
1.37722
1.27554
1.58093
0.546883
0.560676
0.954502
0.210394
0.892339
0.528422
0.61114
1.67788
1.53271
0.395872
0.781817
0.672264
0.466562
1.65206
0.745969
1.36046
1.00054
0.323802
1.12883
0.755274
1.70927
0.0709592
0.246964
1.21225
0.647106
2.51747
2.48353
1.05901
1.75921
3.78125
1.3573
1.07775
0.508981
0.729968
1.12728
1.81613
0.253871
0.69698
0.232327
1.7191
1.28225
2.27622
0.783566
0.427529
1.65083
2.50511
2.96611
0.426348
0.9629
1.65095
1.18687
1.24275
1.05025
2.34502
0.82754
1.14978
0.594875
1.273
0.961572
0.670163
1.09325
1.13507
1.37973
1.22605
1.08944
2.75685
0.590656
1.84952
0.918538
0.416969
0.634404
0.180396
0.845635
1.2624
1.0906
0.363796
2.77514
1.38098
0.160176
0.796758
0.623256
1.58149
2.404
2.21416
0.229102
1.19838
0.361742
1.86873
1.99945
3.04704
1.21334
1.0936
0.111332
0.550441
1.58245
0.852304
0.24636
0.993439
0.627263
0.68766
0.740574
0.683829
1.08126
0.224387
0.270475
1.24053
1.96893
0.818984
2.0237
0.443786
0.544974
1.83525
0.712858
2.23258
0.458097
0.056268
1.41817
0.428173
0.740145
0.629285
0.402067
1.12163
0.235526
0.56165
2.91997
1.92062
0.378344
1.94421
0.656725
0.765402
0.986402
1.97487
0.268576
0.753407
0.817535
1.96187
0.516774
1.061
0.569064
1.05072
1.82347
1.29516
1.42843
0.872889
0.0393561
1.99342
0.763878
1.4783
1.42407
0.33901
0.910165
1.7591
1.18478
1.49998
0.698753
2.02078
0.919999
0.439936
0.919946
0.388758
0.490039
0.481994
0.546284
0.984971
0.809712
0.260981
1.92514
0.739488
1.08049
1.75701
0.803593
1.41194
0.317087
0.573881
0.413739
1.46643
0.270648
1.32922
0.410386
1.84244
1.16327
0.840836
0.191994
1.2922
0.10529
0.690417
1.41746
3.56183
2.48254
1.13427
0.195708
1.3391
0.93756
0.41618
0.665944
1.80828
1.59598
2.07497
1.20156
0.912557
1.58974
0.453756
0.830747
0.05284
1.31811
1.02948
2.50115
0.809298
0.5585
0.451197
0.634123
1.42394
1.46347
0.503979
1.33923
0.093975
1.38743
0.267527
0.585482
0.829911
0.953448
0.110968
0.122752
1.11015
0.470796
0.277195
0.422037
0.92358
1.59133
0.71147
0.624451
0.152547
1.55005
0.103031
0.505776
0.831718
0.332081
0.205663
2.02971
0.341926
0.471244
0.86108
0.51528
0.645405
0.51285
0.514277
2.65193
0.320695
4.50643
0.35638
0.68047
0.433061
1.37052
0.977094
0.363398
0.99556
1.6408
2.48832
0.665754
2.58355
1.82935
0.361415
1.52684
0.660146
0.740424
0.420826
1.12388
0.883016
0.688407
0.376436
0.497666
1.17243
1.2696
0.42924
0.770282
2.78986
0.540856
0.229287
0.536977
0.990846
1.71516
0.253858
0.796526
0.435735
0.923927
1.38434
0.748975
0.348188
1.31743
1.14433
0.479751
0.593713
1.02613
0.610403
0.37041
0.469485
0.353176
1.20139
0.0923093
0.433906
0.930847
0.713312
0.378491
0.921816
0.198533
1.65185
0.288167
1.17718
0.30673
0.712694
1.74739
0.36947
0.8338
0.671777
2.25945
0.315341
0.99155
1.96543
0.955753
0.246843
1.43748
0.767646
0.308207
3.3632
2.20131
0.592352
0.960259
0.63022
3.05754
0.508682
0.856413
0.346645
1.12316
0.486408
0.484381
0.251481
0.552375
1.27233
0.812447
1.05987
0.248765
1.15642
0.921217
1.88039
0.243129
0.285466
0.34149
0.566658
0.94158
0.321145
0.29827
1.52566
0.49
2.02492
0.517315
0.183106
0.840792
1.34368
1.08185
2.13266
1.48586
1.06609
1.1473
0.0249377
0.482518
2.14261
1.3319
0.304286
0.659681
0.867256
0.397246
1.44719
0.768705
0.726636
0.824366
0.732415
1.4949
1.30472
0.196229
0.770881
0.178358
1.33115
0.325671
0.769222
0.743868
0.0570875
2.29986
1.31421
0.68003
0.625172
1.06209
0.568834
3.17561
0.922245
4.64095
0.108869
0.672344
1.21021
0.148983
1.78333
0.454503
1.00823
1.41535
1.67789
0.827921
0.822184
0.625429
4.73961
0.0922266
1.19973
0.391685
0.370883
1.80278
1.45676
0.494903
0.0692655
0.575673
2.44158
0.107006
0.964414
0.736256
1.64656
0.336106
0.765811
1.14624
1.46246
1.19743
0.320301
1.75579
1.10895
0.38509
1.7592
1.49378
2.19628
0.213711
0.290799
0.872794
0.481797
0.929138
1.34552
0.596608
1.14223
0.841134
0.461801
0.459676
1.24918
1.0725
1.74232
0.998557
1.17111
0.392119
0.650708
1.54921
1.07577
1.2593
1.66539
0.407215
1.587
1.29231
1.27704
0.864515
3.8763
0.452562
0.61225
1.23529
0.626091
0.663636
1.32786
0.139389
0.208326
0.784513
1.72199
1.52753
1.15572
1.18294
1.15586
0.664507
0.774058
1.22315
1.09964
0.806883
0.411652
0.644698
0.663321
0.319643
2.78361
0.519184
2.90522
1.29409
3.18168
0.59938
0.654825
0.86937
0.119472
0.98696
0.422347
0.544922
0.570306
0.878442
0.575176
0.417768
1.83991
1.48229
1.97788
1.24011
0.178549
2.16556
2.02521
1.48936
1.82217
0.319691
0.33979
1.16725
1.77047
0.12876
1.26602
1.36022
0.570207
0.126049
1.22975
1.71255
2.69824
0.732084
0.263741
0.649566
1.50517
1.44106
1.04048
0.689895
2.26647
1.57476
0.211595
1.84699
1.50516
0.829188
0.550599
1.48504
1.02494
0.70805
0.647174
0.618686
1.82673
0.35173
1.02413
1.02782
0.118613
0.548372
0.611464
0.659557
0.83389
0.311174
0.412561
0.621304
0.968224
1.17214
1.70374
0.859917
1.36618
0.93066
0.299015
2.58174
0.557041
0.0356609
0.384974
1.34773
0.290458
2.25141
0.634427
1.0533
0.476169
1.65633
0.12747
0.505471
0.556624
0.267737
0.470046
2.08215
0.526954
1.06517
1.8409
0.591598
0.66297
0.691137
1.07329
1.20365
0.77838
0.984141
1.15342
1.71789
0.869423
0.822664
0.182841
1.38405
0.316841
0.037222
2.19776
1.68971
1.08837
2.3105
2.52958
0.535995
0.710243
2.28426
0.919979
2.24335
1.25261
0.326111
2.14932
0.755711
1.31117
0.386243
1.92894
0.771719
0.629506
0.737886
0.975574
1.34894
0.429779
0.513213
1.29953
1.5889
1.48083
0.422597
0.926611
0.398405
0.583459
0.527523
1.95356
1.5755
0.657228
2.79223
2.10002
0.299564
0.37143
0.932277
0.172073
2.06267
0.168247
0.380334
0.835134
0.747321
0.899545
0.921174
0.769858
1.41318
0.328599
0.185717
0.748975
1.80828
0.928314
0.612133
0.688537
0.70251
0.491357
0.847729
1.49467
2.06227
1.31835
1.19916
0.494886
0.211828
1.20597
1.95294
0.742887
0.834877
0.665723
1.98933
0.288709
1.55435
1.80394
1.57723
0.692393
0.800076
1.14992
0.880339
0.765669
0.865694
1.52466
1.49007
0.786938
0.671249
1.85642
0.27879
2.34271
1.16571
0.593802
0.684523
0.932016
1.71298
0.916077
1.35405
0.61485
1.32623
0.255066
0.281566
0.594284
1.18513
0.963349
0.657195
0.616931
1.48528
0.405978
1.99689
1.43934
1.93591
2.12109
0.656053
0.773918
1.1329
0.775614
0.822859
1.45344
3.39589
1.73417
0.507199
1.0351
0.714589
0.651785
0.663314
1.41832
2.23395
1.89178
0.858574
0.787283
1.43489
0.826145
0.703137
2.7923
0.205458
0.914898
2.66327
0.261747
0.225181
2.58279
0.515603
0.412678
1.34385
0.360822
0.841855
0.69718
0.924091
1.14361
1.22731
0.394439
1.6095
1.57777
0.205499
1.00892
0.767591
0.911615
1.09072
0.466279
2.72359
1.66427
1.27338
0.8878
1.00188
0.594243
2.22535
1.24382
1.13953
0.272912
0.191019
0.833767
0.727155
1.30831
0.983975
0.773207
1.74351
0.599828
1.05685
2.29967
0.827968
1.21845
0.0992558
1.49341
2.44116
0.946205
0.792147
2.76862
0.191696
0.289065
1.14961
0.275789
0.784811
1.13978
0.716289
1.33736
0.229311
0.9236
1.44142
0.345553
0.513491
2.15562
0.703713
2.48809
0.349629
0.952022
0.0672495
0.48142
0.370498
0.916419
1.00152
1.02809
1.26306
0.381787
0.541466
0.280849
0.713242
0.462322
1.51886
2.33899
1.67203
1.12111
1.4294
0.47922
1.70482
1.12353
2.08793
0.706999
1.62044
2.87358
0.909431
1.50719
0.848937
1.12485
0.594327
0.149395
0.478179
0.376174
1.81225
1.05534
0.415716
1.82986
3.50069
0.0857402
0.408216
1.52239
0.0819879
0.596826
1.16485
1.37608
0.837689
1.24215
0.228491
0.907168
0.982712
2.92415
1.43846
2.1786
2.59903
0.943496
0.615455
0.903798
0.693358
0.488098
0.230272
2.13675
0.193982
0.428431
0.581522
1.27651
0.749787
2.18134
0.525439
1.0601
0.927673
0.361866
3.93577
1.78101
3.3459
0.208242
0.164091
1.36978
0.837303
1.12169
1.48891
1.34848
1.46933
0.343013
0.668017
1.1708
2.03511
2.09904
1.9655
1.28371
2.33822
0.710769
0.30441
0.714605
1.66476
0.853889
1.00183
1.65121
0.609761
1.381
1.01786
2.06195
1.49927
0.396094
0.536322
0.978453
0.0647304
0.326435
0.54775
0.445772
0.735537
0.389543
0.442432
1.02883
0.564583
1.19494
0.530005
0.994801
0.996052
1.53462
0.519206
0.230508
1.2709
0.432001
0.874055
1.90418
0.619829
1.48345
0.260334
1.91027
0.751546
1.26106
0.252978
2.50435
0.585742
0.447206
1.68779
0.452317
0.677946
0.834518
1.03479
0.630136
0.842452
0.943283
1.18958
0.203136
2.23751
0.907274
0.949118
0.507936
1.1484
1.48956
0.966847
1.14937
0.781702
1.16807
0.346784
1.42788
1.55999
0.841224
0.34723
0.710064
1.54774
0.544087
0.146487
0.61313
1.00686
0.62537
0.512919
0.57745
0.24406
1.91252
0.849958
0.505372
1.47853
0.515096
3.9888
1.02407
1.255
0.851784
1.32447
3.26501
1.10407
0.620157
1.04886
1.87667
1.79541
1.31586
1.07345
0.845609
0.686038
1.15283
1.00721
2.19248
0.743042
1.02219
1.7294
1.09453
0.995982
0.612707
0.652214
1.03705
0.0632934
0.496246
0.153721
2.61223
0.823924
0.849847
0.779846
0.853764
1.0798
0.55619
0.095688
0.783628
0.168908
0.839849
0.682322
2.06775
0.479486
0.366237
1.30243
1.52337
0.54034
0.170313
0.33936
0.676204
2.57084
1.62665
1.88722
2.30753
3.9953
0.888321
1.52829
0.29786
1.65682
1.11186
0.549922
0.988683
0.67647
0.346099
0.522347
0.676989
2.867
1.54493
3.25491
1.3834
0.672934
0.381385
0.205527
0.745612
0.410045
0.717106
1.09718
1.03096
1.28402
0.707849
0.424056
1.1217
1.21248
1.12638
0.858675
0.763654
0.316195
0.46904
0.326344
0.673561
1.66732
0.725265
1.76097
0.915151
3.86394
1.67426
0.89824
1.68681
0.355805
1.84705
0.931149
0.554511
0.597692
0.906137
0.907312
1.43311
0.212226
0.58647
2.26509
1.32629
0.681388
0.30523
1.25874
1.17405
1.34824
1.01732
0.712938
0.926449
1.34553
0.184234
1.74546
0.343067
0.946696
1.26772
0.30087
0.523938
0.142493
5.21106
0.265316
0.836799
1.89507
0.819485
1.25981
1.56963
1.51691
0.14867
0.408558
1.1179
1.47408
0.47441
0.212393
0.386686
1.14977
1.63652
1.37814
1.56035
0.683387
0.70153
0.96206
0.680879
1.0188
0.770145
0.828222
2.26537
0.770493
1.24778
1.49542
0.0662441
0.943301
1.17367
1.19557
1.61823
0.884691
0.677492
0.303586
1.63006
1.83066
1.61195
0.570124
0.274503
0.601662
0.191745
0.808305
1.01671
1.87751
1.4826
0.35043
0.420443
0.0117036
1.34064
2.50434
1.53989
0.130487
0.498493
0.336606
1.12889
1.23937
0.813724
1.09278
0.123877
1.82385
1.14958
3.29029
1.4834
1.57368
1.43378
0.270228
1.15762
0.0719486
2.66083
0.119389
0.783332
1.05176
1.00768
3.53348
1.11716
0.349616
1.79141
0.838939
0.756917
0.92703
1.20455
0.249147
4.16863
1.64353
0.441665
2.07414
1.00984
0.793667
0.487338
1.90355
1.72066
1.12604
1.80812
1.07255
0.799584
1.0238
0.17018
0.519256
1.31952
1.01278
0.315255
2.42437
2.09449
0.363772
1.34712
1.83539
1.38282
1.13252
2.3317
1.44826
0.707384
0.932385
0.670611
1.4821
0.620525
1.05655
0.876432
0.917797
1.55579
0.317734
2.29712
2.28941
2.12489
0.207982
0.569436
0.634822
0.593876
3.60233
1.28096
1.44404
0.187212
0.549713
0.995698
0.106599
0.371676
0.950949
0.253091
1.47313
0.833863
0.828795
0.166534
0.0997918
0.20647
1.07613
2.14861
0.0761421
1.16234
1.22424
0.938046
0.701164
0.74663
0.565657
1.20437
0.823906
0.116136
1.48088
0.720247
0.820192
0.65682
0.847413
0.337629
2.41167
0.538119
1.18216
1.16125
0.496827
0.611713
1.49877
0.579307
0.918455
2.58092
0.552645
0.935775
0.609243
1.96709
0.69277
0.385387
2.52041
1.52113
1.04209
1.16615
0.728125
1.16856
0.587512
1.42141
1.50691
0.83672
1.42873
0.142647
0.477847
0.304109
1.30366
1.70393
0.059101
0.315757
2.54289
1.65516
0.576701
0.591887
1.72839
1.00889
1.07426
2.00234
0.452782
2.23854
1.64697
0.715126
0.310118
0.21442
1.36237
0.270208
1.24936
0.822271
0.586684
1.3745
0.744526
1.1396
0.803586
0.324171
2.31172
0.883695
0.447139
0.365978
1.40516
1.96462
0.341363
1.59393
0.580596
0.913107
2.82443
2.15334
0.701694
0.557849
0.197442
1.86553
1.2908
0.286255
0.500025
1.86509
1.15334
0.341719
2.7869
0.358643
1.05363
0.787723
1.62909
0.410532
0.226434
0.696387
2.22598
1.03209
0.59843
0.565307
1.63586
0.932997
1.53956
0.435873
0.869815
0.828174
0.474848
3.45918
0.567885
1.31658
0.608105
0.727744
1.60611
1.43068
0.290948
1.58377
0.847843
2.07638
0.17003
0.631337
0.624549
0.378504
2.7496
2.26576
0.140725
0.261006
0.17299
0.285247
0.135993
0.804
1.13239
2.21133
0.899274
2.27322
0.366286
0.334283
1.81487
1.82341
1.59653
0.810181
0.453637
0.352045
0.106562
1.30644
0.603846
0.206924
1.10287
1.09558
1.4342
1.75832
0.147676
1.56612
1.32791
1.08483
0.625434
1.11142
0.485789
0.132084
0.730261
1.38848
0.850315
0.248499
0.608165
1.0128
0.287399
2.08948
0.389198
0.1054
3.14092
2.22833
0.815193
0.783659
0.927032
1.74948
0.244534
0.653382
0.326727
1.63572
0.510722
1.33831
1.14655
1.90556
1.83428
0.823781
1.68961
0.448089
0.293093
0.511088
0.307497
0.790666
1.23607
2.93834
0.560035
1.17185
0.553562
1.50872
0.90925
0.0908217
0.479734
0.979788
1.02781
1.26624
1.99044
0.471178
1.1955
0.909578
0.498621
1.70637
1.05079
0.403616
0.646093
0.24033
2.62386
2.45336
0.796612
1.57479
0.259261
2.30678
0.783477
0.675433
2.24564
1.06658
1.20965
0.727263
0.529227
1.12709
1.4593
0.366281
0.73309
1.02562
0.531925
0.790241
1.727
1.47595
0.529854
1.37163
1.05115
1.02215
1.88295
1.26151
0.717168
0.583183
1.08593
1.42627
0.628191
0.383546
0.756557
2.20404
1.17341
0.742881
2.49659
1.84924
1.39476
0.374053
4.15949
0.666707
1.47005
0.172921
0.665267
1.3937
1.06884
1.31966
1.55293
0.308386
0.215897
1.03669
1.42553
0.933036
0.750768
0.389922
0.0414833
0.786623
2.13745
0.75545
1.03737
0.75234
0.615762
0.799116
1.17299
0.774782
0.889455
0.535681
0.472238
0.811833
0.531071
0.448022
1.22224
1.45068
1.98895
1.19573
0.713207
2.08556
0.88558
0.52155
0.469193
0.0654993
1.26752
1.41124
0.38519
0.345878
1.2709
1.83282
0.7936
1.28826
0.82117
0.852569
2.30995
0.481913
0.573551
0.113754
2.21619
2.61337
1.53321
0.719827
0.41657
0.235692
0.461728
1.36632
0.306777
0.289878
0.317355
0.324375
0.495984
0.531572
0.90003
2.35423
0.395118
3.23303
1.74289
0.309256
0.251501
0.207121
0.374976
0.30018
0.627773
0.950278
1.26907
0.886088
1.36212
0.130495
0.21689
1.68068
0.672374
0.997657
1.10581
0.802731
1.66326
1.20305
0.245818
1.30712
0.665032
0.246687
0.607191
2.41841
1.51478
1.59785
0.85256
0.820421
0.616021
1.47676
0.481852
1.11433
1.11628
1.99192
0.719007
1.55805
2.28525
0.292316
1.36653
0.143532
0.573024
0.175588
1.04928
1.42183
1.46071
0.898691
1.16871
0.511103
0.402648
0.573981
0.365624
0.587449
0.969295
1.08024
1.55305
0.627921
1.22975
0.995741
1.60963
0.338844
1.12338
0.564966
2.7272
1.97939
0.303183
0.0450582
1.55074
1.24457
0.837115
0.133568
1.98387
0.559623
1.14853
1.26567
0.907046
0.410889
1.47507
0.625011
0.532927
0.640553
0.453486
0.657629
0.527822
1.71004
0.180311
1.56388
2.45321
1.07375
0.502458
0.653176
2.92134
1.29896
1.19734
0.333555
1.56073
0.479176
1.79971
0.553493
0.754653
0.837015
1.89131
0.771622
0.695572
1.49491
1.13799
0.313095
0.34722
1.60696
1.58266
0.072267
0.33807
1.31213
1.01133
1.02045
1.45138
0.588017
1.49918
0.56978
0.241632
1.12664
0.577601
1.2035
1.11623
0.245946
0.747191
1.68512
1.33052
1.65758
1.54144
0.632552
1.47983
1.10268
0.58246
1.64445
0.302238
0.721989
0.998008
0.74012
1.14819
0.67064
1.5815
0.21469
0.142801
1.42737
0.23714
2.27616
1.01428
0.154054
0.608746
0.618642
1.5616
0.223349
0.632923
2.82667
1.20065
3.86307
0.31972
0.327125
0.871974
1.77368
0.577429
0.470397
0.755382
0.676166
0.793493
0.537024
0.440338
0.468876
0.223027
0.00934475
0.68365
0.719064
1.0772
0.599696
0.536582
1.03488
1.02667
1.11634
1.6653
0.79342
0.39618
1.01015
1.95863
0.584079
1.33875
0.54192
0.218404
0.597386
0.196863
0.389237
0.131909
1.17708
0.681527
0.810627
0.785399
0.843194
0.0648989
0.771521
0.594871
0.883747
0.583346
0.545456
0.470321
1.37324
1.29111
0.512177
2.66946
0.834794
1.16356
0.892683
0.039393
0.395247
0.285941
1.77094
0.240675
0.321192
1.76417
1.33334
1.00843
0.534924
1.54806
1.25974
0.185482
1.18601
1.1151
1.36531
1.72197
0.342549
1.16205
0.683436
0.735013
0.120492
2.06594
0.222021
0.22668
1.15713
0.794899
1.96565
0.883432
0.314163
0.537485
0.99566
2.19905
0.765371
1.07657
0.418797
1.37001
1.11463
0.440771
1.26065
0.17607
0.379805
1.4471
0.569401
0.602472
1.14053
0.791456
2.20495
0.797731
0.495447
1.73717
0.683011
0.186041
0.363543
0.0930474
1.53906
1.61472
1.0696
0.153974
0.404453
0.234445
0.947922
0.118313
0.488699
0.595638
0.382538
1.02754
0.524359
0.0794937
0.435422
0.572985
0.539997
0.522668
0.792969
0.823251
1.18726
1.89243
0.739225
0.63286
1.57403
0.677108
1.40679
0.381215
0.0728133
0.712611
1.21621
1.90908
1.4791
3.82455
1.5427
1.76789
0.442139
0.33662
0.468954
0.166176
0.285038
0.981736
0.944026
0.228469
1.93987
0.983298
1.59502
0.160173
0.0813712
0.498958
0.696921
1.40676
1.10941
0.581094
0.914635
0.966329
0.320217
0.0623767
1.47304
1.46615
0.0257703
1.97856
1.41533
0.404889
0.580514
0.443186
0.986921
1.12816
0.499665
1.20726
1.10573
1.63152
0.587256
1.15362
4.06326
0.376046
0.998216
0.555387
1.74956
0.610944
1.08973
0.654159
1.02123
0.176564
1.80247
2.48906
0.837797
1.24736
2.15499
0.803159
1.2471
0.35116
0.956123
0.390204
0.363138
3.69555
1.80795
0.211328
1.67017
1.11759
1.00479
0.631045
1.58169
1.69623
1.0191
0.376278
1.44001
1.46837
2.84179
1.49757
2.6653
1.30679
2.96161
0.59526
1.84233
0.725378
0.266721
0.747184
1.72655
0.826859
3.2228
0.710664
0.591328
0.974992
1.16403
0.806712
0.170785
1.31796
0.692814
0.405695
0.925664
0.36804
1.25773
0.914039
1.27364
1.25524
0.292583
0.868987
1.56481
0.904501
0.362966
0.222399
1.93649
0.906562
0.648186
0.983835
0.322114
1.26732
0.756046
1.22074
0.495508
1.37117
1.71391
2.27123
2.32002
1.51626
0.342793
1.23867
1.18742
0.231052
2.30184
0.4597
2.12426
0.890004
0.409371
0.340483
0.214099
1.22632
1.31272
0.544296
1.69375
0.488318
0.737
1.94753
2.34476
0.732119
1.17174
1.59121
0.374782
0.872534
0.192966
1.60094
0.109931
1.39353
1.53637
0.391801
1.37342
1.83894
0.773697
1.1427
1.18029
1.25892
1.16459
0.383947
0.31028
0.599253
0.0907898
2.66143
0.709844
0.641147
0.687433
1.55747
1.05071
1.70723
0.443661
1.05721
1.09563
0.598122
1.43331
0.222803
0.790566
0.527838
1.10552
0.731518
0.20727
0.714064
0.286838
1.38458
0.809427
0.825863
0.61907
0.382419
0.605436
1.98788
3.17167
0.967158
0.574415
0.140106
1.2578
1.38549
0.480632
0.128869
0.213459
0.160312
0.892935
0.608229
2.55295
0.739142
2.64658
0.439328
1.19228
0.482797
0.379763
1.11089
0.684458
0.92051
0.813477
2.76436
1.40437
1.33856
1.00169
0.159913
0.222765
0.405329
1.26029
2.46491
0.736239
0.0848227
0.307275
0.252084
1.19334
1.67205
3.53731
1.44866
0.299566
0.647772
2.0048
0.224282
2.04776
0.189936
0.344018
2.07643
0.787503
0.443267
0.442406
3.12853
0.77801
0.644124
0.616112
2.42683
1.86358
0.917594
0.190406
0.778095
1.91203
0.789384
0.00967371
1.75593
0.237396
1.37243
3.14563
0.215174
1.61487
0.844187
0.655972
0.164088
0.831863
0.786463
3.135
0.798676
0.063309
0.902797
0.034746
0.403965
0.800611
0.560129
4.5304
1.0974
0.573756
2.03188
1.04914
0.281046
1.01119
1.44328
0.441464
2.47458
1.02914
0.366594
1.93414
0.753986
0.500067
0.634419
0.504997
0.790135
2.27247
0.51132
0.417559
0.0844836
0.612102
0.666721
1.38786
1.14114
1.23813
0.956369
0.943172
0.969734
0.743375
1.05391
0.304411
1.87613
1.04522
3.28707
1.24406
0.180951
0.508311
0.890248
0.644739
1.5124
1.20598
0.439679
0.520865
1.42238
0.272363
1.81098
1.11384
0.144906
0.525509
0.163627
0.59841
0.748634
0.301199
0.817147
1.13587
0.843424
1.33476
1.31766
0.565573
0.297539
0.768887
0.402379
2.08663
1.4595
0.163686
0.654407
3.17426
1.65856
1.12194
1.41827
0.425939
1.38084
1.19883
0.449955
0.0622818
1.32248
0.666819
0.238065
0.493278
1.35467
1.19159
0.245827
2.05862
0.194177
0.374836
0.826907
0.955533
0.3607
0.718303
1.69471
0.929959
0.342199
0.849064
0.627822
0.796291
0.409764
2.29212
1.60603
1.50053
1.17131
2.62287
1.44197
0.213879
2.26839
1.10367
0.190782
0.211156
0.891264
0.88814
1.15557
0.529365
1.94448
1.02764
0.305941
0.40975
0.878755
0.661441
1.7412
1.01368
0.869031
1.09166
0.270631
0.507184
1.06511
1.18546
1.02199
0.151281
0.105965
0.0604907
0.872776
0.558516
1.13378
2.33599
1.50551
1.72821
1.53318
0.878908
0.394766
0.629677
0.642831
1.05685
2.64351
0.507182
1.57052
0.750564
0.710416
2.51145
0.837587
1.12801
0.474101
0.987839
1.29553
1.12017
0.179843
0.799648
0.587775
1.17019
1.5468
0.87897
0.756204
1.02326
0.887683
1.32468
0.280045
0.386132
1.26203
0.817854
1.3765
0.246358
2.86591
0.395067
1.34152
1.6584
0.878039
1.95941
0.461791
1.91851
0.0278651
0.706131
1.67133
2.5293
0.539178
1.46229
0.748958
0.970111
1.10349
0.662807
0.244077
0.671842
0.366053
0.832811
1.52455
2.36453
1.79213
0.546262
2.78238
1.92506
0.328119
0.171771
0.348956
1.14505
1.42831
0.631323
0.650374
6.4138
0.418132
1.34251
1.18484
1.4022
0.686853
0.505719
1.31731
1.27194
0.15553
1.99682
0.380109
0.516956
1.50717
0.258909
2.28324
0.0377364
0.156524
0.0837269
1.20072
1.48733
5.11666
0.98135
1.24215
0.181578
0.557602
1.33528
0.853055
1.31798
0.602444
0.714873
1.35062
3.18773
0.854057
0.315105
0.99733
1.12763
1.15083
0.851047
2.22903
1.48564
0.38482
0.280697
1.1592
2.03581
0.407718
1.3884
1.00028
1.42479
1.03329
0.227553
1.16502
0.718394
0.449766
0.0341797
0.532115
1.38835
0.723723
0.50737
0.120927
0.324998
0.677658
1.5513
1.07096
0.977227
0.266729
0.747213
0.605179
0.579738
0.299413
0.268858
0.389028
0.379237
1.51713
0.437751
1.97023
0.825103
1.15764
0.604248
1.94574
1.11608
1.01278
2.35858
0.34151
0.554454
2.15255
1.55255
0.876055
0.81823
0.914257
1.99206
0.137083
0.863387
0.722473
0.064056
0.755413
1.49625
0.0398159
0.893153
1.21304
0.450086
1.42385
0.714015
0.570345
1.62294
0.312611
0.811702
0.389383
2.07994
0.709346
0.25365
0.243535
0.907307
0.401819
1.28764
0.659516
0.714821
1.99025
1.74733
1.36756
1.04383
0.814162
1.48951
0.774825
1.46427
0.391473
1.16868
0.36624
0.24317
0.6438
1.99878
0.542616
0.405552
0.55872
2.06808
1.25885
1.66148
0.582016
0.882101
0.446088
0.487091
1.33029
1.59274
1.5404
0.627023
0.418957
0.418563
1.01341
1.6715
1.53748
0.584496
1.43073
0.193779
0.559279
0.84541
0.893848
1.10124
0.897872
2.92181
1.3645
2.25172
3.26833
0.56849
0.859378
1.19715
0.528852
0.672205
2.97502
0.449455
0.906482
0.155242
0.0554396
0.379546
2.63913
0.923907
0.714129
1.10002
0.849163
1.01652
1.20448
0.465403
0.591765
0.136436
0.471079
1.49561
2.19546
2.07201
0.580479
0.469894
3.63412
0.693265
1.86944
1.89236
0.625623
0.222883
0.503138
1.99563
0.295301
0.943014
1.01952
0.555768
1.11893
0.964332
1.93943
1.71596
0.286352
2.7791
0.230918
0.676848
0.201765
0.67007
0.252018
0.198039
0.724459
1.11783
0.751948
0.376236
1.61325
3.99451
0.606475
0.240287
0.723878
0.513375
1.86897
0.514863
0.414377
0.0795566
1.35185
0.304453
0.491581
0.0901803
1.04746
1.17593
3.16635
0.342848
0.38989
0.52788
0.916397
0.410464
0.808008
2.34453
0.473358
2.11372
1.57396
1.65258
0.174369
0.440317
0.644246
1.45772
2.21212
0.958752
1.22975
1.21827
0.383742
2.01075
0.688833
0.556535
0.863595
0.113863
1.88196
0.310204
0.523803
1.1947
0.624817
0.436204
0.233919
1.84459
0.0881264
0.398061
0.378252
1.95759
1.16077
0.178994
1.28407
0.64392
3.97105
0.747848
1.28192
0.513977
1.23965
0.443503
0.551152
0.956574
0.286693
0.338449
1.70306
0.441762
2.12859
0.595866
2.73586
0.553135
0.433196
0.873643
0.729598
1.62827
0.389957
2.22922
0.787906
2.96857
0.572893
0.994499
0.119199
0.544177
0.532275
0.439855
0.489314
2.31779
0.83326
0.435229
0.468321
0.795255
1.57698
0.678111
1.24286
0.44165
0.947907
1.46009
1.10408
0.884788
2.35794
0.551808
0.691453
0.0774042
0.505579
1.12498
0.436861
0.470619
0.498307
1.01143
0.329362
0.974437
1.20216
0.366407
1.62067
0.678387
0.374162
0.402836
0.408789
0.686916
0.303258
1.03802
0.610451
0.147611
0.711784
0.713469
0.66752
0.976043
1.52316
3.29113
0.29035
0.833887
0.73697
0.57677
0.521855
1.80623
1.21737
2.3726
1.14122
1.55247
1.2367
1.86174
1.32314
1.53403
0.232571
0.411015
1.55301
0.896962
1.56319
0.734994
0.172522
0.211848
0.557082
1.32265
3.14615
0.367714
1.74916
0.748925
0.834241
0.833935
2.3681
0.201799
1.09224
0.502026
0.788172
0.112994
1.6309
1.89452
1.35218
1.32632
0.70533
1.71681
1.16392
0.889302
0.613155
0.490235
0.530224
0.714459
1.25604
1.18803
1.40472
0.847941
1.35686
0.284596
0.799502
1.45635
0.660108
0.642713
1.00629
0.677927
1.09206
0.682927
0.613676
1.21214
0.51758
0.298213
1.27827
1.04768
2.66571
0.688307
0.235631
1.8171
1.26949
0.120728
1.51964
1.09802
0.537104
1.83973
0.963334
1.38621
0.937886
1.56331
0.447158
0.0937156
2.91308
0.327762
0.93317
0.443066
1.08891
1.3781
1.50522
1.11985
1.90863
0.377234
0.675443
1.00117
1.94328
1.45353
0.462477
0.467454
0.207665
0.878483
0.918435
0.205471
0.290177
0.371064
1.10308
0.652964
1.56975
0.334471
0.468281
1.1418
1.11649
0.362138
1.25749
0.593705
2.09773
0.797283
2.83271
2.30094
0.593474
1.18575
2.52232
0.543296
0.431819
2.48648
0.590095
1.2506
0.3489
1.02615
1.41555
2.02683
0.355004
1.11673
0.974625
1.13836
1.11285
0.589391
1.19844
1.43751
0.462026
0.607648
1.12208
1.2014
3.63032
2.38207
0.512126
1.0416
0.135803
0.458853
0.458546
0.173926
1.41459
0.59604
1.85031
1.19112
2.55774
1.23154
1.33415
0.893296
0.211498
0.621637
2.70052
1.43195
1.28246
0.640552
3.03467
0.831671
0.588384
0.35693
1.29777
0.526979
1.20694
0.475194
1.21262
1.80108
0.876383
0.769427
1.53465
0.173644
3.13851
2.13307
1.16114
0.318376
1.62388
1.17965
0.389807
0.0455657
2.09895
1.09426
1.5679
2.20644
0.82386
0.991314
1.03762
0.751354
0.898608
1.12039
0.395433
1.64271
0.395803
0.911361
0.969602
0.338202
0.738638
0.803895
0.485221
1.90915
1.07014
1.76686
1.89631
0.92254
0.938926
0.250888
0.328797
0.769804
1.32686
1.99835
0.540746
3.0737
0.305233
0.833497
1.43946
0.84002
1.2723
0.805385
0.109177
0.895919
0.369454
1.93391
0.409245
1.37976
0.954685
0.199752
0.721771
0.515081
1.69867
2.08206
1.27405
1.26246
1.12419
1.13917
0.328389
0.851655
0.907154
0.903109
0.787149
0.494433
0.347084
0.424716
0.686551
1.05464
0.417221
2.08371
0.857998
0.861667
0.323177
1.77359
0.493435
0.074375
1.97487
0.913867
0.0807704
0.205861
0.124659
1.33085
0.301627
1.94683
0.996428
0.545215
0.770711
1.39499
0.632069
0.179938
1.06065
0.403302
0.55997
0.497586
0.877354
0.0531022
1.29719
0.104295
0.965194
1.30352
1.39296
0.503636
1.11091
1.29735
0.753214
0.283887
1.31034
0.578966
0.354587
2.63967
0.889846
0.910318
0.563272
0.430613
0.22636
0.59474
0.376695
1.37845
0.669876
1.64093
0.36591
0.0649596
1.49485
4.60303
0.785823
0.107234
2.09947
1.57121
0.846466
1.42025
0.96008
1.89055
0.428058
0.752987
0.639022
0.0395077
1.30255
0.423711
1.38139
0.0745363
0.384775
0.0806112
0.531374
1.58878
1.08993
0.632519
1.7451
1.05297
1.88119
0.982987
0.318893
0.858967
0.171749
0.904753
1.42612
0.232616
0.889499
0.504238
1.3099
0.0831871
1.37016
0.938766
2.59256
1.9523
1.37501
5.10545
0.831434
1.61296
0.549161
0.497619
1.62033
0.473926
0.784545
0.266674
0.770001
0.690067
1.90819
1.70785
0.386118
1.10426
2.49655
1.55617
1.91499
0.791776
0.977436
2.41442
2.47626
0.836515
0.804677
0.270582
0.644036
0.541048
0.912108
1.69401
0.121736
0.762206
0.137478
1.79724
0.197711
1.46029
0.851898
0.863323
2.57909
0.499805
2.32405
0.588155
1.67557
0.869143
0.666401
0.747597
0.613072
0.0664462
1.67535
1.02488
1.464
0.290096
0.91759
0.787569
1.04712
1.19921
2.03433
0.52017
0.481293
0.570683
0.672635
0.770771
1.43444
0.96327
0.609638
1.08075
1.75427
0.75212
2.08539
0.266802
1.28705
1.17214
0.839611
0.442868
1.43548
0.477287
2.13976
0.387933
0.830671
0.861108
0.4214
0.843763
0.414252
1.14986
0.584948
0.252862
3.57449
1.63966
0.325215
1.68977
2.83216
0.317536
1.98666
0.140552
1.58592
0.0657188
0.252451
1.87836
0.172762
2.32889
0.230356
0.64527
0.78275
0.512578
1.66003
0.284075
1.56286
3.16437
1.62995
0.724912
0.509945
1.18844
0.791702
0.728723
2.6783
0.901304
0.455884
0.198385
0.0566411
1.5177
4.23572
0.861734
1.73011
1.40049
0.913945
0.91736
0.765245
1.48367
0.245985
1.18369
0.236468
0.530563
0.381664
1.69099
0.44778
1.04966
0.0287198
0.939614
0.69127
0.480927
0.337945
1.66974
1.26159
1.8445
1.35724
0.204115
0.283806
1.35997
1.38821
0.912445
1.88179
0.307201
0.402159
0.122273
0.561335
1.03847
0.876236
1.20673
1.53229
0.952668
1.00221
2.23433
3.41619
1.29151
0.506877
0.336153
1.73408
0.621166
0.162098
0.968723
1.52094
1.16871
1.72027
1.23566
0.992364
0.86921
0.712287
0.375623
0.341814
1.4715
1.42597
0.480609
0.943052
0.429285
0.0427527
1.07884
0.628016
0.850011
0.482722
1.21904
0.444028
0.999282
1.98041
2.01929
0.055896
0.484467
1.12953
1.88333
1.57016
0.364818
0.232889
0.881655
1.01117
0.75867
0.93249
1.31942
1.45896
1.11322
0.693364
1.36801
1.37425
0.857921
0.55512
0.223701
1.37962
1.93289
2.40597
1.82315
1.93966
0.464051
0.37453
0.141531
0.199766
0.775198
1.51
0.877452
0.460864
1.71341
0.334813
0.166544
1.11202
1.00028
0.78596
0.526078
1.42124
0.680917
0.610279
1.23105
0.584008
0.227905
1.04865
1.01429
0.72224
0.338615
1.10982
0.830549
2.19109
0.244158
0.590817
1.13057
1.33222
0.555161
0.744044
0.918226
0.588267
0.901215
0.591693
1.95098
1.25375
1.09182
1.1812
0.63942
0.408269
1.2301
0.467322
1.41508
1.19068
0.344812
0.603646
1.71905
1.30139
0.46762
0.425414
0.819515
1.25096
1.03327
0.310702
0.325387
0.517512
1.00687
0.930475
1.19412
0.463502
0.263186
1.02883
1.56421
0.603712
2.97522
2.56116
0.974029
0.796158
0.432437
2.29798
1.8293
0.260931
0.918627
0.307837
0.309083
1.38619
1.04117
1.43808
0.31491
0.416553
1.50243
0.294255
0.246775
3.40906
0.468403
0.299688
0.881252
0.725679
1.40094
0.531961
0.903547
0.361542
0.872993
1.39914
0.363749
0.639208
0.389792
0.440074
2.23206
1.69974
0.54723
1.25914
1.35218
0.459332
0.409503
2.28284
0.513847
0.935704
0.980428
0.988723
0.918799
0.297572
0.0931868
0.694749
0.88589
0.312009
1.03126
1.71911
0.772634
0.453297
0.156268
0.956027
0.195815
0.41481
0.33367
0.897546
1.65583
0.310147
0.863456
0.462344
1.08613
1.00849
0.806728
1.04605
0.32178
0.480649
0.373135
3.14067
0.612032
0.34541
1.18571
0.991557
2.47391
0.666717
1.13197
0.569082
0.931496
0.626065
0.373734
0.605971
1.20252
0.975272
0.792669
0.938733
0.672258
0.643584
0.617346
1.68636
0.70372
0.356944
0.287097
1.45286
0.415579
0.478046
0.162212
0.695342
0.899094
1.0647
1.11311
0.644995
0.762943
1.02422
0.437777
0.403501
1.65241
0.397803
0.98595
0.689146
0.338476
0.591663
0.671115
1.44492
0.434353
0.857393
1.53578
1.46655
0.9737
0.409199
2.02765
1.58926
1.00545
0.29914
0.306728
1.19312
0.40659
3.96651
0.590425
0.766327
0.995971
1.57856
0.608207
0.456993
0.750893
0.523322
0.067374
1.3956
0.0632984
0.202236
1.77199
0.642586
0.635737
0.36108
0.560141
0.162728
0.540036
0.779665
0.474876
0.314464
2.01252
1.63178
0.842761
0.521526
0.539647
0.853064
0.454399
1.74057
1.02533
0.180508
0.718225
2.57008
1.38507
1.32137
2.64818
0.339372
2.02431
0.864036
0.615825
0.330854
0.97202
1.14222
0.376565
0.371338
1.66655
0.269812
0.207126
2.67148
0.429516
1.21303
0.153585
0.57632
0.739811
1.36425
0.547183
1.29244
1.33921
0.8497
0.974081
0.999961
0.517805
0.728174
1.5462
1.02764
1.05914
0.434678
0.266645
1.7838
0.561807
1.73843
0.164894
2.84893
0.754872
1.25897
0.439407
0.613092
0.387413
2.0701
0.351467
0.243502
3.65287
0.202623
0.940554
0.720322
1.91945
1.11881
0.857328
0.246808
1.08722
0.445634
0.342941
1.38268
1.74902
0.872075
1.78621
1.9046
1.60468
0.50448
1.29771
1.01861
0.192313
0.810309
0.999582
0.911429
1.26769
0.569456
1.59106
1.81618
0.747017
1.15253
0.129233
0.943574
0.406447
0.729935
0.775326
1.13516
2.36443
1.44287
0.333148
0.290853
0.57833
0.462831
0.553493
0.398716
0.520467
1.27563
1.01624
0.359628
1.65459
0.317834
1.79516
0.426622
1.21516
1.0432
0.402647
0.65867
0.570387
0.911641
2.45591
0.136516
0.433569
0.549377
1.10041
0.270348
1.40155
1.18537
0.916566
0.541827
0.0839693
1.2114
1.80244
0.521398
0.23663
1.37351
0.856296
0.385101
1.49876
0.149521
0.881902
0.299815
0.41727
0.99787
1.85944
0.357754
0.723154
1.61574
0.45942
1.12205
0.651561
1.2484
0.749365
0.44188
1.63064
0.75575
2.69213
1.30186
2.24139
0.939343
2.28745
0.0527203
1.02142
0.0820264
0.0552523
0.360138
2.37443
1.75233
0.441685
0.708783
1.4173
1.87637
2.2117
1.37925
0.57448
0.525664
1.02614
0.612284
0.245584
0.40855
1.54037
0.603368
0.686925
0.86699
0.154122
1.23118
1.95366
1.43759
1.314
0.376953
1.94924
0.637544
0.488152
1.243
0.833398
0.237307
0.93393
1.0034
2.46868
0.693091
0.584532
0.528993
0.505258
0.8529
1.28898
0.9776
0.430483
0.488234
0.738223
2.91853
2.58887
1.00793
1.54367
0.432707
0.630815
0.715231
0.451788
0.763184
0.794847
0.201409
1.31086
1.00056
1.21804
1.73092
0.555161
0.384628
0.56389
0.571567
1.08048
0.456961
1.68334
0.971375
0.718003
1.04141
0.890996
0.724931
1.87813
0.366396
0.106472
1.51818
3.14561
0.256969
0.466402
0.182171
0.76033
0.35013
1.8462
1.06055
1.52245
2.29617
1.06885
0.447602
0.322601
1.5623
0.60805
2.85269
0.464789
0.858979
1.15636
1.11211
0.078926
0.103498
2.0082
0.899946
1.28069
0.126375
1.12389
0.355965
0.129979
0.271067
1.03401
1.55566
1.04674
1.40971
1.43475
0.751295
1.35282
1.80704
1.19595
0.808077
2.56417
0.430496
1.39505
1.07737
0.144723
1.63752
1.24174
0.504261
1.8106
0.632103
2.13777
0.62331
1.52935
0.363345
0.452988
0.642344
0.516117
0.760461
1.3996
0.600159
1.3237
1.45981
3.42534
0.436489
2.43791
0.318356
0.922122
0.529667
0.631115
0.470435
0.391591
1.27471
0.203772
2.57505
0.875285
0.569825
0.613778
1.36574
1.6795
0.632788
0.264592
1.27339
0.471415
1.1271
0.653103
0.60471
0.689155
0.764036
1.20594
0.184828
0.225271
1.66945
0.43855
0.604852
0.864202
0.146193
1.90624
2.45233
0.682278
2.00363
0.153527
2.69772
0.842083
1.37307
0.874711
1.1818
0.403637
0.508624
0.844158
0.938665
0.169475
0.848467
0.937573
0.113295
1.54003
0.326926
2.01213
1.83713
0.761729
0.161841
0.167919
2.38425
0.98883
0.828871
0.482129
0.14698
1.60491
2.21908
1.19612
2.50199
1.18722
1.36416
1.61305
0.248476
0.735457
0.192142
2.3265
1.38424
0.618752
0.958436
0.748984
1.16737
1.52589
1.31891
0.745393
0.853335
1.72005
0.737628
2.18571
0.651821
1.08106
1.18126
1.89522
3.72078
1.99116
1.03474
0.256236
1.10026
0.295514
0.888527
0.41526
0.541183
0.586657
0.385274
0.072159
1.16791
0.625768
0.434076
0.569817
2.84577
0.951443
0.539912
0.933334
0.210566
0.504358
0.556314
2.16762
0.744695
2.57184
0.219133
1.99266
0.40508
0.422062
0.991307
1.92
1.16045
0.616658
1.77674
1.4845
0.55733
1.26275
0.459493
1.4406
0.369322
0.182337
0.529357
0.153735
2.29036
2.39956
1.27827
1.58563
1.19456
0.609604
0.560277
0.26525
1.38654
0.642335
4.09697
0.728595
0.622334
0.71745
0.819048
0.226051
0.115387
0.213631
0.832803
0.391437
0.730887
1.04031
0.41808
2.44051
1.26055
1.29901
0.093844
1.16341
0.495677
0.984281
2.32592
2.48551
0.607704
0.57479
1.42056
0.913536
2.47635
2.19103
1.90255
2.26847
0.583756
1.05504
0.434054
0.597575
0.256714
1.15432
1.48413
0.532159
0.583457
0.856372
0.49615
1.83747
1.02279
0.961763
0.58354
1.21985
2.24018
2.08661
0.182643
0.830632
0.812546
0.954707
0.17913
0.817187
0.328477
1.03677
0.674488
2.41838
0.417562
1.03661
0.404866
1.16937
0.151478
1.53288
0.458659
1.21561
1.82045
0.127427
1.0983
0.433057
0.32767
1.36128
1.47505
1.38169
1.09774
1.78554
0.92
0.830999
1.49404
2.06568
0.554578
1.10242
1.85394
1.5157
0.47089
0.572503
1.08304
0.221885
0.370837
0.256692
0.965427
0.845433
0.29394
1.80284
0.583057
0.776643
2.80368
0.743638
1.02232
0.600732
1.20649
1.59086
0.564618
0.0863548
1.28167
0.746145
1.49106
1.12277
0.270954
0.773105
0.807764
1.62691
1.40273
0.920834
0.271001
0.86884
0.672363
0.93371
1.5529
0.409458
0.810406
0.826289
0.689311
2.78956
0.183865
0.16805
0.391544
1.26812
1.71138
1.3248
0.814016
1.2583
1.47112
0.832864
0.229108
1.28771
0.40807
0.972044
2.30659
1.5553
3.01119
0.549459
0.113897
1.10037
1.4943
0.595071
1.74283
0.835959
0.638011
1.03051
2.47381
0.232237
1.47601
0.442928
1.97296
0.502701
0.690109
1.00539
3.28905
0.364805
0.420876
1.14724
1.41131
0.016503
0.80368
0.492639
0.589131
0.570572
0.520883
1.12346
0.616111
0.871413
0.686941
0.316251
0.247602
0.533495
0.61899
0.44561
0.952621
0.673107
0.520465
1.10769
0.542783
0.32324
0.775633
2.09313
0.408541
0.375927
0.661882
1.92727
2.3635
1.23278
0.514379
0.201073
1.13802
0.688343
0.622432
1.34903
0.606541
0.997788
0.457321
0.675202
1.03589
1.48922
1.15982
2.25261
1.39252
0.381116
0.447664
1.48986
1.01512
0.954192
1.4552
2.51581
1.92691
0.599449
1.28619
0.860323
0.976235
1.49803
0.649892
0.283232
0.269953
0.426746
0.508811
2.0102
0.872972
0.666325
0.133974
0.972675
1.13119
0.638911
2.09191
0.560992
0.438535
1.48614
0.531811
0.294492
1.36957
0.754847
0.223253
1.13124
1.56767
0.945625
0.423562
1.66236
0.917944
0.964329
0.909648
1.02334
1.59452
2.76833
1.87096
1.39939
1.87172
0.849938
0.595052
0.641876
1.10918
1.47233
0.206388
0.53948
2.57465
0.0482376
2.08633
0.236216
0.600897
1.25275
0.399502
1.87573
3.05507
0.44665
0.49278
0.282032
2.01408
0.211934
0.120252
0.310855
1.20442
0.915951
1.47577
0.842915
0.996284
2.05946
2.78083
0.861557
0.639813
1.19517
1.0152
1.82793
0.913133
0.248704
0.529376
1.44227
1.57699
0.651718
0.998522
0.460019
1.12563
0.14377
0.870886
0.153962
1.83887
0.850064
0.10858
1.18818
2.09702
1.19233
1.09435
1.52833
1.17858
0.474096
1.5599
1.03101
1.45907
1.61137
1.35971
0.834665
0.923863
1.16116
0.198246
0.373056
1.51368
0.637832
0.32929
0.958499
0.580159
0.950522
2.14629
1.57342
0.809323
0.0809991
0.28513
0.581027
0.716162
0.20842
0.700431
1.81083
1.48104
1.71549
1.20074
1.86287
0.453386
0.459465
1.54212
1.31728
0.259503
0.761459
0.563471
0.675402
0.706285
0.559754
1.78252
0.752695
0.691728
0.841628
3.15506
0.391108
1.0017
1.22656
0.62104
0.740789
0.918829
0.57612
0.314036
0.0386506
0.532861
1.26614
0.553797
1.02597
0.682114
2.16911
0.365851
0.387752
0.357634
1.2881
0.815697
0.845272
1.12504
1.5144
1.27347
0.93296
0.87312
1.01704
1.21999
0.0998713
2.1582
2.5223
0.391161
0.13116
1.40295
0.191835
0.663579
0.970349
1.16932
1.12257
0.559398
0.955461
0.971132
4.39544
0.961227
0.726621
0.612604
1.02347
1.11545
1.19891
0.600612
1.21713
0.739324
0.944067
1.16289
0.90712
0.742049
1.27262
1.67533
0.843224
0.398976
1.46521
0.242257
2.26758
1.54714
1.35491
1.37006
0.375061
0.822127
0.0819176
0.0936487
0.700042
0.900517
0.393795
0.804827
0.639398
0.622061
1.18718
0.704692
1.04601
0.200601
2.39047
0.189076
0.579796
1.7638
1.72177
2.62922
0.553132
0.758422
0.323853
0.255924
1.03407
0.569424
0.174846
0.184174
0.451675
1.82073
1.25354
0.330572
1.40482
2.1152
0.367697
1.67227
0.102614
0.174852
1.15527
0.580371
0.802862
0.493824
0.542473
1.12062
0.885075
1.09286
0.615754
0.823155
3.10067
0.34531
0.319175
1.98254
1.64293
1.62369
0.957376
0.216422
0.776232
0.153327
0.263391
0.879362
1.03233
1.27463
1.418
1.66116
0.749832
1.3155
0.939293
0.690876
1.89191
0.681517
0.541273
1.31963
3.6127
0.290979
2.02503
0.405642
0.170321
0.35693
4.44333
1.05828
2.22939
1.48808
0.905557
0.181538
1.71257
1.72037
1.21466
1.68783
1.0876
0.0577673
0.615986
0.650109
0.406672
1.04957
1.47303
0.799755
0.956034
1.03859
0.767336
0.95499
1.04433
1.66934
0.83591
0.3158
1.07741
1.24738
0.699151
0.961143
0.323914
0.894704
2.28818
3.55745
2.2466
0.183308
0.753972
0.30146
3.85829
0.735999
1.09811
1.42749
0.440336
0.223738
0.190798
1.19153
0.464642
1.02116
0.838525
0.67526
1.28019
0.0839915
3.08858
0.54523
0.0666944
1.00111
0.461134
1.39
1.3845
0.379489
0.546606
0.19187
1.0207
0.263885
1.39039
0.281287
1.64246
0.547524
0.162807
1.10382
0.531975
1.15378
1.45206
0.81207
1.25648
1.23972
0.490018
0.273512
0.37919
0.511282
0.324153
1.11451
1.28299
1.34325
0.622898
1.05498
1.27038
1.33238
1.71512
0.855157
1.07817
0.423006
1.84313
0.0340097
2.1142
1.26848
2.52526
0.37462
1.6911
1.37189
0.683956
2.23881
0.67041
0.472067
2.28509
2.63297
1.90493
1.96086
0.34667
0.720874
0.289517
0.287855
0.262357
0.391118
0.318377
1.56905
1.02582
0.519018
1.82388
0.670951
0.673406
0.436276
1.00372
1.21745
0.822737
0.470627
0.0278045
0.577647
3.38234
0.674372
0.225612
0.664477
1.82444
0.403063
0.0506555
0.664341
2.40672
0.236433
0.642257
0.0157737
0.910393
0.177966
1.43747
0.454775
1.0541
0.106639
0.591506
1.59178
3.8483
0.626434
0.36925
0.312028
0.136537
0.0715151
1.83933
1.39757
0.957941
0.220879
1.09274
2.27782
0.379638
0.992078
3.44694
0.283176
1.05728
0.766653
1.79307
0.0883275
1.37687
0.433212
1.12811
1.35088
0.69878
0.999744
2.06771
0.629099
1.05779
1.1069
0.90601
0.455592
1.12634
0.270785
0.517732
1.16114
0.917973
1.38476
0.637425
0.601327
1.09672
0.233344
1.22684
0.110256
0.457596
2.84006
0.536451
0.367688
1.34226
0.471822
1.5207
0.188363
2.79824
0.36721
0.981982
0.402238
0.884063
0.185193
0.261992
1.15498
1.05312
0.297295
0.259947
0.761675
0.344005
0.773422
0.273399
0.17043
0.47499
0.885288
2.30948
0.972373
1.55999
0.122255
1.08121
1.88144
0.997315
0.868192
0.379205
0.194859
0.438154
1.03398
1.08426
2.9154
1.19885
1.22746
0.98973
0.692496
0.306047
0.661304
0.869615
0.898592
0.487396
1.19887
0.256505
0.524062
0.721389
0.265476
0.843436
0.463751
0.702274
1.9423
0.223864
0.912491
1.17648
2.14208
0.381138
1.41707
0.914704
0.201194
0.375764
0.543333
0.700627
0.459746
1.29838
0.863129
0.736303
0.904529
0.423926
0.707182
1.14303
0.571656
0.685842
1.28459
0.731385
0.530057
1.28528
1.81717
0.424395
1.01127
0.853022
2.54913
2.58195
0.951776
1.76713
1.31922
1.07311
0.61693
1.49389
1.84792
2.60755
0.868057
0.912136
0.56413
0.829431
2.39772
0.88189
1.96514
0.306717
1.09121
0.688896
1.18089
0.6237
0.49591
0.309295
3.15829
1.06858
2.10023
0.936806
0.743848
1.16107
1.71821
1.63751
0.750715
0.47096
1.30846
0.265049
0.366904
0.803735
2.67939
1.13929
1.66974
0.699831
2.07008
0.64163
0.471554
0.460591
0.921698
3.77472
0.862336
0.683287
2.6023
1.25342
0.667862
1.65175
2.00434
1.87719
0.295849
0.894863
1.31923
1.20269
0.759425
0.0923876
0.499447
1.53831
1.28247
0.799572
0.552113
0.69047
0.997898
0.892494
1.00931
1.73858
1.12056
0.698441
0.382482
0.369338
0.929075
0.250763
2.69517
1.26889
1.73543
1.38307
1.19569
1.68628
0.627615
0.499928
0.793432
0.577769
2.22513
0.634464
1.91583
1.95389
0.976153
0.323931
1.22014
0.137314
0.831683
2.75186
0.289191
1.23927
0.985042
0.66043
1.54131
0.67425
1.61431
0.719991
0.315925
0.895794
0.882125
0.716224
0.438551
1.26048
0.636432
2.32114
1.61725
2.22328
0.809284
1.65203
0.0784545
0.848023
2.69138
0.278448
0.307614
0.67098
0.235835
0.241489
1.52532
0.315069
1.17191
0.926912
3.3627
0.361241
0.506548
1.1798
1.17618
0.897862
1.36791
0.299686
0.539411
0.230035
2.00981
1.69181
0.745533
1.18445
0.831887
0.149741
1.54643
1.13309
1.30276
1.31537
0.322603
0.804563
1.34926
0.327069
0.400931
0.117701
2.7676
1.91855
0.153184
2.76664
2.55575
0.5633
1.36329
1.66777
0.750118
0.542919
0.103234
0.484383
0.932318
0.464198
1.32806
0.601741
0.747166
0.449994
0.544017
0.686697
0.306174
0.790529
0.755532
1.2915
1.37374
1.53703
0.330924
1.17079
0.402132
3.1736
0.539108
0.598493
1.17635
0.609998
1.88389
0.828019
0.143703
2.47897
1.47743
0.246018
0.867417
1.96532
1.42496
1.63797
1.4788
1.65355
3.60269
0.921099
0.530894
0.448377
0.566315
0.496562
0.515508
0.444184
0.395892
2.60164
1.46089
0.863694
0.574655
0.5744
0.959762
0.478638
0.490431
1.58261
0.306087
0.916696
0.687229
0.575983
0.226797
0.80973
1.71198
1.49518
1.36061
0.254352
0.273679
0.271961
0.727661
0.660973
2.85877
1.36417
1.01577
0.137641
1.41552
0.632629
0.589966
0.397036
0.500639
0.301885
0.608448
1.63527
0.643204
0.379332
0.993085
0.752343
0.466811
0.606268
0.409799
0.83269
0.25926
1.04805
1.07906
0.66313
0.661136
0.899578
0.494245
0.772609
1.13471
0.955911
0.999704
1.76886
0.345686
1.3952
1.53773
2.02478
1.44779
1.57242
0.759432
2.24087
2.95404
0.593517
0.742073
0.778845
1.13453
0.466268
2.96398
0.873588
0.760732
1.66827
0.5722
1.28285
0.256691
0.931331
0.796442
1.08493
0.930359
0.264364
2.08592
0.517986
0.598781
1.45443
1.30816
0.597977
1.40467
0.608332
0.346705
0.933975
1.16816
0.731421
0.692471
0.797181
0.552849
0.988729
0.641832
0.543458
1.04402
0.0278254
0.686172
0.504056
2.39308
0.253558
1.08733
1.31374
2.27575
0.341223
0.527647
1.28669
1.79448
0.36375
0.241734
0.489227
0.340915
1.64232
0.409324
0.512463
0.52694
0.334267
1.3018
0.164456
1.91551
1.70734
1.57664
1.37236
0.29151
1.7374
0.12222
0.763119
0.12385
0.811768
1.28377
1.46023
0.316009
0.406007
0.454302
0.840554
0.0875045
0.322546
1.09313
4.38138
1.7241
0.286935
1.7967
1.93942
0.570263
0.774782
0.335263
0.93844
0.187958
0.430477
1.30664
0.273181
0.533036
0.535946
0.228399
1.26047
1.43952
0.991074
0.13876
1.17591
0.399517
1.26738
0.420311
0.920392
0.552154
0.0740621
1.80725
1.63869
0.592554
0.101065
0.169113
0.610162
0.937443
0.556324
1.11082
1.14635
0.571721
1.36944
1.08867
1.60711
0.721025
0.719266
1.91117
0.581553
0.815294
1.73981
1.53744
0.121233
1.12499
0.730798
0.730748
0.473798
0.440562
1.412
2.06325
0.27606
0.43853
0.343868
0.431495
0.115665
0.454452
0.644346
3.19844
0.497046
0.376739
0.278854
0.567564
0.724656
0.877088
1.03052
0.416167
1.66846
0.427032
0.194249
0.692356
0.589272
1.98362
0.700771
0.58523
1.42827
0.550795
0.582284
0.546057
0.0712331
0.865035
0.462875
0.779838
0.245942
1.37488
0.07827
0.227013
3.53387
1.11061
0.724982
0.469729
0.84358
0.42605
0.227336
0.787743
0.597482
4.02361
0.198932
0.559923
0.0172261
0.478263
0.434637
1.17345
0.99842
0.966548
1.28006
1.41845
0.947679
0.308869
1.10291
1.96112
0.271214
0.171103
0.235731
1.29882
1.51788
0.384413
1.97152
0.326914
0.240828
0.670627
2.56898
0.587357
1.46493
1.02709
0.669459
2.12331
1.44382
1.90668
0.825117
0.985135
1.69869
1.08428
1.16222
1.62689
1.09563
1.02347
0.858649
0.668523
0.666227
1.35588
1.9071
0.542151
0.489906
0.458186
0.985141
1.5957
0.821058
0.785638
0.167956
0.407117
0.349772
1.12539
2.61271
1.92704
0.643963
0.521184
0.855689
0.333764
0.444299
2.60631
0.292197
0.19823
0.766077
0.456842
1.41531
2.14922
0.43016
0.634381
1.25929
0.0683238
0.626755
0.552459
0.329781
1.94598
2.41648
2.32739
0.652695
1.17274
0.808303
0.812936
1.54474
0.3854
0.330345
1.5671
1.97598
1.27823
0.397998
0.364831
1.16255
1.60972
0.641363
0.734495
0.907061
0.467847
1.03335
0.419567
0.32749
1.02427
2.00707
1.2121
1.90843
0.772612
1.03855
1.75317
1.92293
0.928253
0.536151
0.467318
1.18905
1.25858
0.922444
2.84187
0.446745
0.454253
0.302847
2.60372
0.753581
0.777398
2.81363
0.714657
1.68361
0.439695
0.255107
0.164274
1.58981
0.294664
0.360411
0.61579
0.713725
0.700455
0.270387
1.58985
1.29846
1.20697
0.595567
0.153328
0.349827
0.461074
1.38833
0.182109
0.44151
0.490991
0.859398
0.816861
1.11367
2.05094
1.09177
0.663791
1.85687
0.312195
0.51251
0.734932
1.27182
0.656417
0.220989
0.0987354
1.27336
1.89839
0.207654
1.56131
0.325729
0.521747
0.734712
0.0367935
1.97367
2.37107
0.50764
0.787449
0.307076
0.337718
1.53723
1.43757
0.679608
1.66155
1.20528
0.594995
0.34674
0.814057
0.899333
0.694588
0.292164
0.886734
0.571527
0.0643887
0.880885
0.332348
0.970778
0.803842
1.19687
1.26626
1.46581
0.898607
0.0684188
0.329903
0.799626
2.14725
1.99688
0.814481
1.36806
0.636486
1.78126
0.310693
0.610031
0.450896
1.07887
0.405344
0.0806348
0.740599
0.988173
2.00449
0.441457
0.380259
2.83994
0.358701
1.26092
0.270677
0.82447
1.40322
0.381024
1.83071
0.0519802
0.349084
1.07897
0.611521
0.629814
1.84767
0.126889
1.28004
1.03423
1.0429
0.807521
1.31448
0.52375
2.09656
0.974837
1.00274
0.245755
1.3026
0.32746
3.06187
0.995286
0.593728
1.89908
1.8526
0.420957
0.406441
1.06555
0.429621
1.56872
0.885803
0.662025
1.20004
2.847
1.94637
2.68939
0.692802
1.76598
0.80679
0.9592
0.39891
0.303982
1.29489
1.79291
0.249384
1.6737
0.113369
0.311288
1.92448
0.301775
0.942569
0.352821
2.12197
0.681704
1.00186
1.47136
1.74285
2.19274
0.502939
0.213653
1.16553
0.466887
0.649533
1.72774
2.01058
2.19248
0.75348
0.192561
0.704176
1.26775
3.85594
0.958414
0.0768724
0.512758
0.830011
0.372311
0.2373
0.670543
1.77448
3.0592
0.880846
0.0608227
0.74695
1.38818
1.01122
0.212855
0.9525
0.261844
0.499766
1.39039
0.203752
0.651474
3.15037
1.68633
0.292506
0.512041
1.25574
0.272655
1.8639
0.633419
1.08756
1.26791
0.804161
0.470822
1.01744
1.04172
1.60904
0.203897
0.102931
0.225715
1.09058
4.4516
1.15747
0.672936
0.970525
3.89431
1.22963
0.498543
1.61433
0.734624
0.695697
3.51122
0.115193
0.0732238
2.49495
1.05567
1.45617
0.56401
2.44156
0.863315
1.60207
0.905207
2.12305
0.647103
1.58717
0.131014
0.13533
1.84079
0.579284
0.994218
1.89258
1.19146
0.843773
1.98145
0.403078
2.27614
0.865572
1.6008
0.911152
2.19068
0.371349
1.00481
0.810978
1.14383
1.03999
1.43966
0.401443
0.392449
0.231367
0.642783
0.861132
1.37875
2.02844
0.666441
1.19468
0.885607
0.279044
0.305256
1.44417
1.31774
0.367143
1.40935
2.69147
2.46289
0.105019
0.510083
1.57187
0.804303
2.32875
1.21442
0.548896
1.92483
0.850909
0.813255
0.616751
0.171893
1.17234
0.340347
1.26506
2.37273
1.78675
1.59407
1.14515
0.440105
0.552669
0.847373
0.392053
0.846172
0.439166
0.602691
1.20965
1.09149
0.379356
1.1183
1.29287
0.911069
0.399602
1.11705
1.15467
0.138305
0.549062
1.78833
2.92003
0.0312275
0.515213
0.259287
0.0292943
0.492656
0.35923
0.503189
0.369276
1.50061
0.171916
1.45287
0.545748
0.568654
1.09433
0.772222
0.654438
0.238794
1.54148
1.14342
0.545006
0.419246
3.02558
0.464475
0.371647
0.569982
0.308686
0.367286
0.968162
0.917717
1.28519
0.150394
1.07944
0.163388
0.592964
1.32068
1.41743
0.0275483
1.00878
3.11516
2.43661
1.68117
0.551296
0.4626
1.37584
1.83264
0.787735
0.711928
1.23151
0.691331
0.0979124
1.86495
0.600123
0.198593
0.940862
0.206284
0.722354
0.390367
1.02678
0.945193
2.17181
1.17786
0.365694
0.113133
0.769981
0.773432
2.28091
0.375517
0.918869
0.0946905
0.992966
1.41481
0.570608
0.538901
0.988159
0.504401
2.01459
0.235191
1.12652
0.898359
0.580281
2.12907
0.764758
0.664342
1.07425
0.535945
2.76016
0.836159
0.818332
0.538109
0.108712
0.568699
0.772974
0.576829
1.62188
0.270943
1.24885
0.999025
0.585703
0.460372
2.77264
0.263263
0.186326
0.951592
0.626351
2.21755
0.685273
0.48172
0.147463
0.329671
0.869666
1.46278
2.21844
0.875909
0.417662
0.47171
0.23649
0.0610634
2.14561
1.59227
0.569209
0.579891
0.599411
0.25947
0.423089
0.361094
0.41471
0.699119
0.881926
0.85029
0.412044
1.41823
0.760668
0.83625
0.603095
0.752356
0.914164
1.66933
0.147517
0.619729
1.25768
1.24403
0.664124
0.77067
0.716525
1.09717
0.257675
2.62042
0.90026
0.665534
1.09035
0.870202
0.762227
1.14474
2.15178
1.28051
0.566867
0.649354
1.2321
1.88263
1.49644
0.138146
0.404796
0.59532
0.565588
1.48794
0.84298
1.1656
0.103865
2.13553
0.526839
0.817053
0.421117
0.338183
0.776018
0.469329
0.746855
0.453392
0.456298
2.13387
2.51354
0.614328
0.662531
1.08074
0.631532
1.1952
1.25585
1.12741
0.652049
0.390933
1.27497
1.96903
0.253018
0.576093
0.352783
0.440046
1.96536
0.417476
0.857028
0.470168
1.2898
1.59424
1.67118
0.416935
0.395282
3.04155
0.155876
0.28898
1.16361
0.446435
0.881823
0.474315
1.22242
0.597104
0.194242
1.9547
0.316034
1.72653
1.04924
0.0760502
0.776808
0.144725
0.160707
0.405843
0.703836
1.81028
0.410519
0.192329
0.509766
0.754133
0.856652
2.51852
0.995556
0.558933
1.51721
1.05271
1.53803
1.1184
0.755267
2.03947
2.75003
0.648798
0.510049
0.232784
1.41611
0.859433
3.17115
0.770522
1.40061
1.33302
0.881294
1.29684
0.472587
0.393283
1.59837
0.166265
1.26851
0.775966
1.63226
0.361027
1.31769
0.974472
1.07616
0.513376
0.780414
1.96953
0.929412
0.564593
1.47775
0.672986
0.976131
1.10141
3.43864
2.31031
1.09983
0.538898
0.732829
1.12995
0.106247
0.963115
2.5009
0.963519
0.241272
0.343573
2.0934
0.310053
0.797977
0.923123
0.855975
1.07965
0.397201
2.10303
0.207612
0.440511
1.16191
2.38135
0.833126
1.9992
1.2865
1.98392
1.70488
0.609204
2.09922
2.98075
0.935112
0.380129
1.0521
2.89909
0.831701
0.878681
0.593703
2.2605
1.03537
1.12098
0.324205
0.584391
0.606602
1.36664
0.921456
0.970065
0.655155
0.89263
2.77515
2.78295
0.138611
1.29803
0.949587
0.884073
2.38842
0.176177
0.430703
0.783154
1.19193
0.374668
0.376481
0.38917
0.782097
0.762274
0.81518
0.716538
1.09104
0.471718
2.43803
1.34647
0.0455588
1.48842
0.955371
1.3613
0.619333
0.316539
0.796494
1.13625
1.19076
0.533712
1.22293
0.747717
2.97581
0.0980448
0.192548
0.325832
0.542308
1.60539
1.31849
1.11473
0.786109
0.54127
0.733825
0.126655
0.56711
0.677376
2.19105
1.11095
0.650096
0.780434
2.18737
2.52459
0.178738
0.434788
1.1234
1.07195
0.842307
0.814702
0.149198
1.50629
0.547365
0.136608
0.477183
1.27847
0.277456
0.537153
2.00377
1.5032
0.686431
0.2683
0.924668
0.963456
0.820979
0.488137
2.70886
0.686044
0.672798
1.36595
2.77234
0.925659
1.039
0.568877
1.18142
0.715976
2.05704
1.0695
0.750248
1.49649
1.40745
0.70328
0.632827
0.478411
1.1034
1.42893
0.594019
2.6221
0.838376
1.21152
0.752805
0.434535
0.619353
3.81449
1.54379
0.421982
2.01269
0.512246
2.04258
0.227309
0.379711
1.06053
0.3969
0.403612
1.06696
0.903729
1.22786
1.18969
0.70722
0.870435
0.727899
0.20823
0.154848
1.05
0.166558
1.33753
0.96164
0.677621
0.59867
0.607614
2.68007
0.184461
0.989635
1.26171
0.920212
0.602137
0.511514
0.444022
0.484128
0.1915
3.69838
2.08037
1.48692
0.863506
1.30075
1.40209
1.80153
1.02627
0.966069
0.834386
0.885142
0.548555
1.0813
0.869465
0.648304
0.439073
0.169576
0.724555
0.519478
0.771731
1.68816
0.882336
0.59325
0.763077
1.78676
1.32278
0.458757
1.19732
1.67129
2.22527
1.01363
0.46855
2.23379
1.40294
0.45424
0.572221
1.03456
0.0972468
1.31677
0.474248
0.706832
1.77565
0.889646
0.091521
0.680323
1.05094
0.295915
0.86123
0.144297
0.954383
0.647281
1.47156
2.25303
1.41349
0.751775
0.711166
0.496021
0.844616
0.374293
2.27658
0.904013
1.43713
0.531109
1.08003
1.60218
2.55257
1.01421
0.339532
0.707963
0.321558
0.591403
2.1153
0.364719
1.23469
1.74797
0.704333
0.174252
0.603593
0.888251
0.581663
0.615104
0.603365
1.67429
0.696986
0.356556
0.304743
1.24087
1.01406
0.272062
1.30132
0.342061
0.285748
1.00103
3.08616
0.462033
0.667962
3.69538
0.423741
2.66096
0.225434
1.13346
0.126409
1.77695
0.31076
2.37126
0.169265
0.677262
0.0520789
2.23223
0.490029
0.646445
0.0814462
3.02233
0.185693
2.61694
1.35034
0.32878
3.2347
1.48606
2.46922
3.15042
0.509313
1.21763
1.43355
0.381596
1.1458
0.309566
1.23051
0.393567
0.215627
0.579125
0.68112
2.37821
0.39348
0.61637
1.05243
0.974646
0.35767
0.277543
1.596
1.59924
0.883489
1.79696
1.52042
0.256307
1.36509
2.51901
0.638923
0.892413
0.854355
0.440529
0.513011
1.6012
0.275464
1.31306
1.22413
0.548673
2.13599
1.68145
0.316963
0.545888
1.22978
0.167904
1.01055
3.91289
1.57497
3.41473
0.717329
1.78064
2.34212
0.936197
2.1805
1.12196
1.30946
0.529914
3.62521
0.268605
0.101168
0.474012
1.18155
1.61478
0.675137
0.222073
2.30203
1.12464
0.423152
0.63633
1.72169
1.15868
1.29294
2.88115
3.10664
1.05838
1.68638
0.828702
0.520381
0.640398
3.74777
0.147659
0.434169
1.71932
0.859533
0.319079
0.755693
1.29465
0.368971
0.331147
0.182658
0.643963
1.42741
1.09392
1.04536
2.9063
3.49599
0.815823
1.223
1.873
0.79163
1.17551
1.43229
1.02844
0.395187
0.476545
1.1792
1.54434
1.11053
0.845868
0.363174
2.10117
0.849106
1.20091
1.1679
1.51271
0.372214
1.23789
0.900986
0.84893
0.708505
0.845694
0.165977
1.52796
0.387535
0.279431
1.17834
2.52468
0.940972
0.93522
0.865857
1.33238
1.80517
0.859482
1.10924
2.17261
0.403346
0.918291
1.16249
1.53876
0.666396
1.35898
0.270524
1.08981
0.629103
2.05958
0.128135
1.38948
1.47679
0.643281
1.73479
0.396038
1.10848
0.623899
0.351986
0.407897
0.775631
0.631075
0.730776
1.12117
1.24823
0.723547
0.264479
0.144637
1.27813
1.43672
0.887897
0.426805
1.085
0.369768
0.494099
0.543083
0.155847
1.12173
0.880373
0.599267
0.398922
0.648535
0.822441
0.454994
1.59148
1.20424
5.29384
0.898581
2.03239
0.237961
1.26771
0.309778
0.484712
0.677664
0.732347
1.01779
0.263778
0.183413
0.319576
0.105534
0.397473
0.978841
0.884272
0.936134
0.319246
0.450615
1.23762
0.539541
0.938659
0.479808
1.59394
0.691238
0.937634
1.03023
4.56814
0.44271
0.797445
0.495737
1.70399
0.735364
0.185719
0.594971
2.32282
0.326728
1.92072
1.41009
0.195667
0.442402
0.591022
0.0702171
2.51108
0.453451
2.69347
1.1581
0.314852
1.80002
1.2436
1.42372
0.125071
0.410692
0.324704
1.27231
0.543519
0.231748
0.903263
0.875028
1.31762
0.143015
0.690396
1.32374
1.56877
0.416528
1.7064
1.27531
1.16307
0.506886
1.3754
1.77553
1.13036
0.50556
1.09387
0.582986
1.56455
0.818092
1.45051
0.613606
0.95944
2.20225
2.47996
0.199742
1.98085
1.0633
1.40303
1.75614
0.422684
0.294588
0.335278
1.27974
1.36786
0.664431
0.680666
1.18826
1.76518
1.54769
0.291288
2.89439
1.30547
0.334564
2.20549
0.135007
1.27812
0.101327
1.8847
1.02701
0.973302
1.475
0.457993
2.81781
0.541889
0.966987
0.425806
1.9417
0.127795
0.468563
2.02363
0.355062
0.276342
0.378235
1.53047
1.04286
1.14597
0.55944
1.35699
0.233275
0.564902
0.70539
0.0303191
0.32149
1.38041
0.104926
1.21776
0.246589
0.49548
0.516651
0.754018
0.824544
0.367965
0.44311
0.289705
0.796153
0.706443
0.612095
0.967109
0.677016
0.142992
0.676317
2.23714
0.886575
0.452578
2.65729
0.417579
0.891965
0.821655
1.43626
0.311577
0.615745
2.73031
1.37787
0.882444
1.52542
1.30474
0.246864
2.42903
0.439583
0.453445
0.865918
1.11242
4.19861
1.56925
0.769088
1.17313
0.525825
0.247732
0.923692
0.278496
1.53037
0.826327
0.309704
0.20961
1.10264
1.28539
0.0402736
0.857827
0.604139
3.39473
1.14388
0.261739
0.341932
2.10265
0.917936
0.0112622
0.926115
0.685562
0.598277
1.39075
0.0771367
1.12877
2.89934
0.725881
0.308067
2.32581
0.159285
1.82291
0.132562
0.948499
0.760229
2.84279
1.84882
2.01712
0.725665
0.920777
1.88731
0.24933
2.68631
0.267839
1.42368
0.445803
1.49837
1.3829
1.25199
0.592705
1.3722
0.998903
1.82572
1.60617
0.48498
0.111482
1.57048
1.09906
0.984311
0.443205
1.38143
0.980947
0.601449
0.801111
1.58099
0.45554
0.936164
1.93545
1.06021
1.04514
1.64288
0.701379
0.402843
0.464886
0.156037
0.28336
1.16282
0.386691
0.408108
0.566974
1.03633
0.672223
0.642483
0.142929
3.26526
1.2824
2.3558
0.0975247
0.232582
0.759909
2.36353
1.34963
0.356223
1.43686
0.835647
0.700136
0.237826
1.58008
1.20075
3.57246
0.724446
0.869313
0.143749
1.77498
0.926161
0.251531
0.695374
1.11762
0.277791
0.299588
1.72134
0.698786
1.07043
1.34381
0.612053
0.10233
1.88882
0.799575
0.246174
1.18722
0.971725
0.630009
0.0721168
1.83501
0.515971
2.65863
0.830428
0.855897
0.690607
0.687311
0.362693
1.38185
2.98448
0.224605
1.50547
0.355031
0.631487
0.181252
1.06168
0.908978
0.385716
0.649966
0.222489
1.15643
1.00156
1.14215
1.52515
0.225526
1.09901
0.511039
0.427348
1.48513
0.122679
0.447259
0.960034
0.435616
0.387036
2.03601
0.706799
1.4234
0.707814
0.822928
0.46531
0.758446
0.814327
0.300042
1.17081
0.386474
1.09966
0.69903
2.11753
0.933821
0.300953
0.0939245
0.601284
0.707177
0.573923
0.244918
0.434176
1.24474
0.882017
0.455386
1.86827
0.548527
0.779992
1.1915
1.74457
0.970339
1.22885
1.15417
0.693099
1.73872
0.813435
2.26629
0.327453
0.466386
0.666604
1.99084
0.538025
0.474894
0.191192
1.88935
1.50776
0.793768
0.970587
0.582886
1.3553
0.266178
0.298475
1.68827
1.20088
0.945252
2.07418
0.953956
0.0763027
1.03353
3.8817
0.478077
0.370373
0.0263341
0.844251
1.15098
0.698367
0.88606
0.391017
0.748319
1.41608
1.06841
0.224213
1.42667
0.612866
0.596933
1.4877
1.21251
0.361602
0.796366
0.298475
1.36196
2.22709
0.52398
0.581456
1.03348
0.571193
1.96181
0.880653
0.561949
1.67364
1.82341
0.797583
0.227904
0.729785
0.322534
0.116339
0.441628
1.31452
0.812769
1.23876
0.104999
0.973153
1.10525
1.37395
0.330004
0.747293
1.3307
1.05016
1.65757
2.12858
1.59642
0.194208
0.880372
0.10254
0.642951
1.54257
1.05434
0.658285
3.56968
0.847808
1.57671
0.513627
0.2787
1.77792
0.472106
0.177063
1.37404
0.0556645
2.06455
0.507514
0.805953
0.793931
0.712769
1.00651
1.22056
3.24653
0.796007
3.75257
2.82326
2.15973
1.82089
0.709068
1.92634
0.619474
0.204703
0.372829
0.239564
1.65773
1.31093
0.504155
0.816423
0.266867
1.06468
0.387281
0.473115
0.420606
0.373671
0.334955
0.294769
0.268021
0.623584
3.35164
0.459754
0.416166
2.0581
0.190728
2.16653
2.34952
0.653924
0.0202688
1.00078
1.47477
0.544004
1.131
1.54517
0.186817
0.595431
1.30262
0.911475
1.33377
0.93085
0.207753
0.897731
0.351817
0.613878
1.00855
0.563761
0.138722
1.54901
1.23839
2.27993
0.242926
0.841671
0.594064
1.02324
0.81861
1.64707
0.85407
2.41604
0.725844
0.43421
1.02103
1.70654
1.56665
0.545104
0.887521
2.28624
1.40914
0.955605
2.01482
1.42726
1.62458
0.822447
1.79824
0.336252
2.49039
2.2129
2.05191
2.2764
1.08308
1.05983
0.139237
0.678104
1.14327
1.20658
0.311481
0.707514
0.365647
2.77031
0.429063
0.731632
0.276195
3.1366
0.576088
0.953122
0.456004
0.99189
1.92546
0.949235
0.290011
0.823684
0.885138
1.51101
1.83102
0.459984
0.997542
0.107537
0.837681
0.813689
2.784
0.95149
0.242872
1.82692
0.429131
0.196136
0.95597
0.335058
0.159639
0.641892
0.444663
0.589455
0.081692
0.439658
1.43876
1.29769
1.61287
0.960747
1.09832
0.363401
0.924752
0.427361
1.31801
0.583263
0.907709
0.396893
0.938874
0.803849
0.445841
0.432956
0.0862273
2.34455
0.718294
0.525196
1.11591
1.51293
0.681358
1.23201
1.65036
0.593618
0.491623
0.420228
0.707768
0.757769
0.572152
0.44334
0.348294
2.96019
0.36569
0.618785
1.70472
0.199979
0.708761
1.48463
0.453773
0.17754
0.145141
0.59861
1.83196
1.90088
2.84131
0.624595
0.588247
1.76598
0.361215
1.46039
0.464876
0.919342
1.03238
1.46215
1.56266
1.94712
2.51284
1.90125
0.204701
0.201458
1.89628
0.571409
1.81328
1.12444
0.160002
0.513715
1.43337
1.65032
0.596634
0.152335
0.464377
0.988524
1.5934
0.739668
0.845009
0.107284
0.484257
1.52811
0.964266
0.738505
2.08618
2.26395
1.00049
2.12182
1.99292
0.24563
1.39183
2.32848
1.28465
0.409313
0.991206
0.707757
2.6028
1.88458
3.04671
0.523332
0.979953
0.389116
0.489994
1.23721
0.368941
0.706137
0.667618
0.355713
1.18312
1.06289
0.619565
0.525646
1.00822
0.542314
0.919608
2.17655
0.459528
0.724777
0.443553
0.499601
0.212824
0.848305
0.431531
0.557175
0.424839
0.295688
2.333
0.104213
1.34026
0.292494
0.427226
0.45701
0.931971
0.820344
0.228889
5.34692
0.623204
1.66309
0.732853
0.270797
0.764555
0.743372
0.388062
0.375078
0.15152
0.644699
1.25565
0.48903
1.15912
0.263698
1.86665
1.14346
0.775378
0.82907
2.26598
1.00096
1.13392
0.679482
1.07976
0.571654
1.64815
0.458128
0.425253
1.03491
0.751929
0.830342
1.7652
0.853537
1.52672
1.07402
3.68304
0.10727
0.303704
0.995998
2.80944
1.09547
1.85041
0.769345
0.259244
0.473702
1.15351
0.911508
0.729437
0.481493
0.759968
1.41272
1.45451
0.792644
1.84181
0.256004
1.10618
1.40962
1.21458
0.553135
0.305117
1.10443
0.991415
1.00432
0.91305
0.930435
3.03312
0.265912
1.60709
1.07728
2.87529
0.732725
0.418445
0.48073
2.60854
0.717121
1.17282
0.216793
0.731853
0.911741
0.916589
2.07378
0.447929
0.942261
0.666659
0.968048
2.01868
2.51315
0.766833
0.318353
0.373939
2.50528
0.267125
1.61805
1.23594
1.50045
1.45319
0.35924
1.10638
0.509173
0.373303
1.38483
2.51202
1.40909
1.54934
0.851789
1.23309
0.82962
0.609782
0.664635
0.243425
1.56269
0.674412
2.21051
0.737199
1.81347
0.247252
0.585382
0.491569
0.789483
1.01123
0.487635
1.23622
1.09068
0.7933
1.89676
2.52766
0.674011
0.940703
1.91418
1.41103
0.450873
0.51235
1.84604
1.0663
0.576983
0.465058
1.43515
0.484748
2.39393
0.568728
0.771658
0.373696
0.737961
0.33257
2.31203
0.795528
1.10154
0.926505
0.935554
1.68303
2.02684
0.393541
0.325084
0.211217
0.314364
0.713636
2.22659
2.97263
1.31187
0.895881
0.794352
0.530663
0.289771
0.112737
0.751518
1.15619
0.883746
0.330075
0.936843
0.15568
0.58365
1.69632
0.299643
0.293115
0.441971
2.10238
0.876811
0.81233
0.916836
1.04065
2.49026
1.15627
0.84673
2.06134
0.628949
0.928405
1.19904
2.50481
0.75826
0.548137
0.910772
0.559088
0.510302
0.576093
0.912536
0.726234
0.507816
4.10662
0.903241
1.4953
0.527175
1.29178
0.286552
2.74259
0.498393
2.54445
1.2816
0.318043
0.234894
2.00972
0.900274
0.95254
0.0786022
0.505744
1.51733
0.494967
0.432138
1.16909
0.50361
0.501978
1.17877
1.77741
0.740161
0.659033
0.697948
1.43327
0.15486
1.07795
0.339378
0.9881
0.206933
2.81729
0.30154
0.745183
0.266981
1.27148
1.5569
1.21399
0.143685
1.07484
1.44046
1.35521
1.15998
0.552102
0.535578
0.82436
0.148605
1.09368
1.59941
0.500834
0.381222
0.53805
0.402597
2.36983
0.750328
1.29462
0.748701
1.15059
1.36225
0.992681
0.678681
1.1507
0.642649
1.21561
0.941124
0.62104
0.456037
1.64976
0.202731
0.812908
0.526513
0.159647
0.263454
0.308557
2.71529
0.403407
1.20187
0.166774
1.02091
0.389228
2.81527
0.220731
0.233469
1.92568
0.558845
0.941724
1.37469
1.98314
1.27876
1.89112
0.506888
1.15015
0.297984
0.597489
1.96712
1.03369
2.56175
0.386102
1.5135
0.446932
0.319761
1.81975
0.778087
1.2154
0.847424
1.481
1.63593
0.320878
1.53832
1.50791
2.67758
0.328128
2.05734
0.773621
1.29815
0.154807
0.0894999
1.39712
0.215216
0.983992
0.285691
0.392797
1.13641
0.394489
0.58821
0.878493
1.28942
0.51573
1.3918
0.668256
0.446881
2.7501
1.14817
1.49914
1.35826
1.12969
0.220054
0.532007
3.32504
0.949454
0.987458
0.609863
1.01983
1.88698
1.32861
1.47542
0.897555
1.35844
1.17778
1.68151
1.57149
1.58011
0.749708
1.4131
0.512799
3.05372
0.217329
0.152515
1.10952
0.197916
0.536343
1.04875
0.856193
0.808439
0.482267
0.830543
0.00818137
0.177575
0.746367
1.7764
0.917809
0.374893
0.31142
1.65661
2.353
1.69608
1.03661
0.426633
0.233384
1.11663
0.62743
0.634232
0.419952
0.834498
1.59451
0.140027
1.61951
0.563644
0.975777
0.593851
0.26383
1.00753
1.37136
0.801406
0.209985
0.201875
0.622271
2.66934
0.365976
0.501039
2.74073
0.631663
1.29361
0.372418
0.376127
0.778272
1.8751
0.557247
0.259892
1.38983
0.276014
1.50881
1.0094
0.270087
2.37506
0.961774
0.429461
0.698724
0.703775
0.356718
1.7033
1.64311
1.1492
0.558162
0.735784
0.196484
1.30821
1.83629
0.845228
0.227482
0.613707
3.70107
2.5752
1.08356
0.516857
0.655184
0.222789
0.565064
2.12575
0.571859
0.914198
1.31234
1.68723
0.329362
0.0885397
1.31257
0.117777
1.29262
0.573353
0.526642
0.341433
1.81578
0.351526
0.342366
1.45656
0.42379
1.16888
1.65257
4.02972
1.67963
0.693092
0.901286
1.04924
1.56372
2.13669
0.88098
0.621429
2.01788
0.543462
2.74819
1.93376
0.194671
2.38662
1.66413
0.739107
1.74342
0.0564569
0.313329
0.0539292
1.30381
1.09062
2.19754
0.424714
0.586313
1.25129
0.481783
0.327577
1.25218
2.23601
2.07827
1.02862
0.42095
0.602475
0.895738
0.641724
1.60036
1.92683
1.83387
0.2547
0.656972
2.1853
0.845632
1.67064
0.704155
0.419003
1.1189
0.34285
0.777424
1.19903
0.977889
0.494238
0.653323
0.273612
0.558132
1.27637
1.18529
1.04784
1.01228
0.495452
0.396049
0.794111
1.80555
0.802305
1.68129
2.08178
0.413869
0.330457
0.619931
0.626284
1.5144
0.866177
0.682104
0.934043
0.754749
0.226595
2.33323
1.65446
0.168181
0.575967
0.866188
0.337044
1.42484
0.889708
1.19107
0.289495
0.970865
0.0133486
3.05409
0.493847
0.768313
4.36609
0.240762
0.322511
1.44437
1.22299
2.97321
0.255998
0.407289
0.497296
1.52899
0.168637
0.865402
0.452781
1.36296
0.385815
1.11447
0.392401
1.69937
0.520748
0.517647
1.38208
1.44719
2.69761
0.349662
0.727986
0.179926
0.775826
0.529755
0.564814
0.499838
0.453547
0.708671
0.902118
0.882459
1.03811
1.00141
0.410722
0.757809
0.309796
0.577754
1.03872
0.829089
0.918919
0.31379
0.731968
0.490683
0.907655
0.185554
0.6293
1.11943
0.472198
1.20212
2.85602
2.19999
0.329162
0.224758
1.48238
0.702271
0.501815
1.24256
0.650469
1.75984
0.518196
1.55035
0.278924
1.06199
2.3946
0.219574
1.11672
0.561785
1.26329
0.592079
0.658175
1.54542
0.675765
1.19396
0.510336
0.891159
0.874998
1.97691
2.43056
1.96554
0.190224
0.336159
0.593096
1.484
0.694077
0.969654
1.33733
0.373516
1.21393
0.473242
2.48898
1.96757
0.53598
0.499507
0.557174
0.75009
0.617423
0.877719
0.270716
0.552912
0.133929
1.30341
0.259603
0.967249
0.900824
0.487376
1.79661
0.782257
0.140828
1.92753
2.92916
0.684364
0.454172
0.654565
2.73943
0.564437
1.20433
0.709491
0.647673
0.911805
2.37414
2.85764
0.730451
0.277934
0.685162
0.188499
0.689117
0.219649
1.88303
1.08621
0.57698
0.659785
0.440912
1.40738
0.580713
0.430743
1.58298
0.675912
1.09464
0.40361
1.44696
0.795842
0.551585
0.922757
0.397078
0.558477
1.23197
0.793339
1.48818
1.10879
0.515079
0.442227
1.15756
2.44784
0.780191
1.23273
0.499337
0.434349
0.324097
1.79936
0.239394
1.38301
0.724988
0.404856
2.73209
0.467014
0.289799
0.0709587
1.46177
1.99742
0.438569
0.322867
0.848117
0.761651
2.64808
2.2715
0.720133
0.743245
0.748352
0.202049
0.390595
0.376704
0.824881
0.420134
0.323477
2.32577
1.59116
2.78992
2.06005
0.623882
0.587573
1.01983
0.41704
0.569013
1.37936
0.48994
0.410811
1.24216
0.154334
1.35662
0.157569
1.06666
0.812315
0.33578
0.469487
0.203984
0.366525
1.94631
1.19658
2.10813
0.310922
1.89004
2.48433
0.85226
0.167658
0.114357
0.182331
0.428635
1.84774
0.412704
0.337712
0.204765
0.60602
0.990316
0.614005
0.79969
1.11432
1.00368
2.03868
0.31339
0.476815
0.666755
2.09219
0.572001
1.16948
0.252118
0.636821
0.343461
0.374203
0.338218
0.835684
0.479927
0.942282
1.46922
0.620195
0.61697
1.42792
0.536556
0.476601
0.643474
1.38309
0.640532
2.02031
1.43619
1.16028
0.897049
0.237622
1.2373
0.36562
0.56523
0.626913
1.00276
0.52192
2.43049
2.17872
1.26007
2.10015
1.6869
0.948114
0.861288
1.64237
0.583245
0.308398
2.42565
1.10594
1.10899
0.393185
2.14079
0.87298
1.83912
0.293135
1.72868
0.204463
0.978037
0.840627
1.1069
0.340756
1.37684
2.32244
1.78432
1.08691
2.73697
0.822712
0.716752
0.71059
4.96996
1.27282
0.330347
0.31453
2.64167
0.793524
1.22936
1.1106
0.0207764
0.228833
1.11577
0.255353
1.39173
1.0021
2.49182
0.835021
1.02676
2.56009
0.93714
1.1575
0.410376
0.150263
0.247195
1.64606
1.18461
1.22815
1.33431
1.11095
0.0830776
0.549156
0.798991
1.43684
0.2325
1.82032
3.59187
2.53839
0.77507
0.621542
1.8047
1.37219
1.77028
0.282904
0.431725
1.56437
1.22939
0.578459
2.63644
0.786084
1.31308
0.446838
0.898351
1.17815
0.66058
1.23388
0.416353
0.629456
1.89326
0.155025
2.83871
1.8834
0.381205
1.5827
0.317289
0.23473
0.53938
0.805017
0.667928
0.199127
0.0314732
0.69251
1.01899
1.24049
0.939593
0.430314
2.49944
1.69924
0.693962
1.00865
0.36211
0.228815
1.60528
1.4985
0.886438
1.71779
1.46975
2.21984
0.435359
2.09349
0.674401
0.215139
0.143814
0.246255
2.08994
1.8875
0.31014
1.58504
1.50897
1.03786
0.965748
1.45202
0.81799
0.550647
0.212364
0.128986
0.804184
1.57827
0.193023
1.22129
0.71306
0.835781
0.793581
1.38507
0.333125
0.749351
1.1188
0.56874
0.816864
0.595291
0.599409
0.684834
0.126481
1.08511
1.35201
0.331556
0.984352
1.06986
1.1938
0.461968
0.336532
1.23341
2.54467
0.769706
1.23464
1.22673
2.17347
0.627744
0.393763
0.277025
0.429836
0.332628
0.898657
0.537074
0.686101
0.409802
0.960255
0.669701
0.929131
0.456915
0.467158
1.46084
0.323453
0.302812
1.11026
0.814984
1.37882
0.841253
2.18809
1.84519
1.91878
1.27981
0.666448
1.30188
0.347542
0.0971396
2.07806
2.30052
0.6623
0.656099
0.187269
1.08371
0.994056
0.533102
2.98245
0.55496
1.85536
1.65226
0.480519
0.622498
1.46405
1.14903
1.07375
0.456491
1.81543
0.637163
0.684288
0.688126
1.34156
0.288889
1.16055
0.464351
0.441047
0.195908
1.0165
1.08279
0.181619
0.416158
2.52377
0.521397
1.65779
0.450307
1.00719
0.27582
2.20516
0.351125
1.15707
0.797491
1.40959
2.46877
3.01138
0.190632
0.349387
1.97087
0.216262
0.506727
1.84023
1.38702
0.422904
0.32994
0.321306
1.02538
2.20435
0.586598
1.32176
1.08575
0.770505
0.298338
0.769701
0.829247
0.202712
1.12421
2.02914
0.428613
0.143381
0.764202
0.81713
0.699807
1.38164
1.06657
0.444469
1.17423
0.685362
0.500388
0.278771
1.21232
2.36676
0.970682
0.582759
0.649446
0.886193
1.64978
1.40603
0.651966
0.687505
1.82757
1.42618
1.19254
0.3566
1.92772
0.666897
0.399898
2.44183
1.12852
1.65561
1.06733
0.787991
1.03375
0.68117
0.982257
2.73547
1.59336
1.81979
2.12583
0.401251
0.601495
0.412694
0.538051
0.641653
1.13792
0.73275
0.579478
0.366153
0.835885
1.18893
1.81859
0.552784
0.778956
0.422113
0.206325
1.38778
1.48896
0.635735
1.91101
0.715123
0.987485
0.305938
1.98067
0.564095
1.29783
0.624844
0.531143
0.919022
1.54612
0.861102
0.647598
0.831784
1.65063
3.77926
0.815918
1.09971
0.778139
0.50412
1.42993
1.26379
1.18843
0.270476
0.577354
0.906614
1.10138
0.607861
1.65933
0.750114
1.18527
2.53036
1.40235
0.40036
0.968247
1.31828
0.615691
0.132012
3.38672
2.82575
0.222934
2.96349
0.808143
1.04191
2.91593
0.70859
0.375356
0.380731
1.29994
1.35309
1.36871
2.67881
4.3481
0.55448
1.28495
1.24451
0.427769
0.819773
1.24
0.677215
1.24288
2.76044
0.294259
2.15387
0.878282
0.0811659
0.341965
0.375048
2.83478
2.35848
0.431012
1.21081
0.191692
1.07692
1.61129
1.7769
0.864374
0.820262
0.833899
0.341611
2.29571
1.55506
1.02421
0.72731
0.380923
0.849404
0.747042
0.202217
0.850122
0.232578
0.449462
0.923977
1.16909
0.469248
0.867258
0.985444
1.5945
0.395627
1.13685
0.372778
0.351915
0.615953
1.18481
0.485851
0.508827
0.267297
0.22387
0.35706
0.196561
1.57539
3.10069
1.05086
4.12997
0.47063
1.37297
1.1857
0.961164
1.35414
0.626324
0.91629
0.753128
1.62469
0.720447
0.751037
0.453158
0.614395
1.63453
0.567857
0.892672
0.51825
0.647548
0.426078
0.564678
1.06996
0.38846
0.35873
0.675717
1.30113
0.604692
0.517211
1.24851
2.21143
1.11907
0.560878
0.624052
1.17797
0.768375
0.345533
1.82585
0.71983
2.76038
1.799
1.49338
2.07407
1.24465
0.954549
0.295268
0.527898
0.486862
1.58016
2.97547
0.869935
0.326685
0.126293
1.24268
0.684715
1.08787
1.46999
0.918275
0.676435
0.817029
1.9032
2.9355
0.558064
2.62716
2.04538
1.04391
0.747252
0.449073
0.312797
0.156295
1.3446
1.05287
0.418754
1.2125
1.72568
0.992898
1.21661
0.310693
0.321473
1.34208
0.560414
0.645904
0.659089
1.70682
1.48945
1.01629
0.633258
0.589084
0.300651
2.35236
2.47288
1.76133
0.313372
1.00267
1.02017
0.634211
1.27134
0.657792
1.31242
0.752483
3.97194
1.65045
1.0121
0.920184
1.31554
0.592866
2.11231
0.493309
3.55628
0.876379
1.0157
0.46407
0.331765
0.922127
0.0370058
1.63132
2.45608
1.01851
0.924481
0.627844
1.75157
0.802237
1.93055
1.84936
0.115472
2.27676
0.707604
0.626776
0.565215
0.123522
0.469471
0.945138
0.163879
1.03553
1.25494
0.509992
0.996276
1.02805
0.536424
0.560571
1.1434
1.09012
2.03778
0.257602
0.424804
0.804505
0.0959053
0.799447
2.17891
0.115854
0.843819
0.817988
0.734773
0.453041
0.541495
1.36782
1.20153
0.10901
0.978244
0.38527
0.787627
0.77052
0.432768
0.713118
0.622024
0.486148
0.808777
4.79991
1.16099
1.03681
0.92383
1.02484
1.15632
0.369107
0.976159
1.61018
0.855409
0.310608
1.05168
2.86844
0.416584
0.577687
1.13663
1.8307
1.15783
1.2899
1.21679
0.39375
0.865201
0.615199
1.31517
0.380458
1.4631
0.846444
2.19731
0.336567
0.447337
1.69306
0.776721
0.479757
2.10893
2.40227
1.1532
0.859319
0.579098
2.80951
1.2906
0.992759
0.413938
0.683579
0.0525955
0.84553
1.02602
2.76172
0.489775
0.798183
1.1405
1.59113
1.60578
0.317124
2.56803
1.12517
0.881956
1.18358
0.294365
1.28401
1.88532
1.29264
0.716468
1.31122
1.04035
1.82018
0.338138
1.37992
0.722324
0.228172
0.102149
0.736332
1.13381
0.551991
0.19897
0.384338
1.86443
0.628619
1.42891
1.66854
2.11823
0.318574
1.50377
0.0843728
0.518778
0.690973
0.156091
0.0961725
0.788091
0.662028
0.818778
0.363933
0.734323
2.10792
0.857229
1.45621
0.38905
0.414593
1.49947
0.647277
0.310854
1.0851
0.432567
2.14734
0.519781
2.86805
0.34563
0.422198
0.899686
0.795446
0.756875
0.969298
1.23989
1.85021
0.698635
1.11266
1.83649
2.87207
0.328152
1.53671
0.900806
0.916427
0.896206
0.824632
0.537507
0.347899
0.160766
2.38038
0.764396
2.25468
1.5734
2.11515
0.182575
1.07688
0.570158
0.470263
0.680151
0.348268
0.919825
0.397523
0.502064
1.02433
1.492
1.24273
1.59196
0.350908
0.344912
1.32704
0.516295
0.973584
1.95473
0.0486511
3.52612
0.884147
0.619878
1.41955
1.17935
0.125308
0.733251
1.33175
0.602235
2.71733
0.917171
1.37558
0.374538
0.219286
0.799115
1.01308
0.253266
0.903736
0.293256
0.60115
0.689057
0.197338
0.401264
0.537098
0.674923
0.791215
0.484817
0.299514
2.76299
0.40774
0.466922
0.507479
0.362126
0.534325
0.137917
0.480087
0.335934
0.671648
0.263981
0.791746
0.885148
0.470942
0.763432
0.581934
0.280286
0.800778
1.34772
0.225832
0.809622
0.312445
0.804342
1.53561
0.15351
0.452278
0.125734
1.92506
1.83903
1.53418
3.1824
0.540847
1.82115
0.241613
0.442561
0.63648
2.21709
1.02269
0.64919
0.938112
0.447308
1.42925
1.42148
1.13408
0.637481
0.571149
2.81371
0.739965
0.418935
0.847339
0.312576
0.464512
0.61086
0.521621
0.28347
1.15111
0.764559
1.1414
2.28357
0.089203
0.545881
0.858004
1.19556
1.01175
0.660706
0.910353
0.193569
0.382253
0.611204
0.420899
0.400811
0.729883
1.04231
1.19339
1.6814
0.339459
0.849511
0.228901
0.1212
0.553856
0.917963
1.40628
0.401725
0.953996
1.18572
0.372479
0.277802
2.43165
0.264961
0.627164
2.52627
1.61869
0.372923
2.13577
0.170789
1.51121
1.01166
0.461972
1.35456
0.698481
1.67167
0.3784
0.471935
0.588226
0.190529
0.435642
1.35565
0.234353
0.720721
0.390238
0.817098
0.492015
0.216129
0.451712
0.758975
1.39382
0.84754
1.11884
0.860932
0.589516
3.24782
0.545978
1.58073
0.242028
3.33411
0.140658
0.321342
0.941548
0.942667
1.66163
1.31657
3.13304
2.10584
0.876966
0.598549
1.98778
0.390278
0.991378
1.23552
0.738882
0.927533
1.13432
0.978498
1.01679
1.55469
0.576496
1.48697
1.6156
2.24004
0.240105
1.26235
1.26655
1.29963
0.340234
0.806657
0.49885
1.11562
0.53256
1.25754
2.13813
0.176604
0.0598075
0.509368
0.524763
1.1342
1.53677
1.97617
2.06828
0.698451
1.8762
0.0891666
0.724092
1.11619
0.69529
0.184975
1.54724
2.24196
0.495198
0.893198
0.590322
0.765594
1.57007
0.683983
1.02877
0.812408
0.434042
0.0604199
0.405274
0.735298
0.936343
1.46817
0.526401
1.39908
2.03983
1.74873
1.91351
1.91257
2.3425
0.175721
0.97579
0.49957
0.686458
0.454288
0.685744
0.861674
0.950049
2.72372
0.689255
0.955768
0.864655
1.03009
0.709887
1.18484
1.43148
1.07537
0.560965
3.1329
1.20894
0.746516
0.850629
1.16662
0.73024
0.663554
0.58966
0.635347
1.14428
0.108454
1.03085
0.76299
0.289065
1.1242
2.32382
2.17907
0.436977
2.23413
1.0283
1.19635
0.770106
3.40379
0.542537
0.237456
0.135717
0.309312
0.447744
0.323935
1.07405
0.412194
0.260824
1.64629
0.902986
0.261712
0.141178
1.64271
0.338052
0.573094
0.416294
1.16089
1.37826
1.78619
1.89867
0.346765
0.963915
0.415675
2.7905
0.503072
1.43852
0.212103
2.39979
1.9067
0.74768
0.604052
0.653996
2.39658
2.40919
0.107576
0.898318
1.22089
0.565758
1.52687
0.45231
0.541255
0.314113
1.44461
0.766859
0.836782
0.10413
0.269855
0.627029
0.324921
0.668447
0.650822
1.89332
0.672391
0.0914634
1.2846
1.93745
1.5349
0.339817
0.453732
0.212408
0.846469
0.252085
0.486961
2.04616
1.02453
0.531133
0.734111
0.643694
1.15633
0.378054
1.19292
2.17382
0.283886
1.41833
0.0588883
1.67603
0.475167
0.828878
0.194927
0.683949
0.828027
1.33353
0.843171
1.00386
1.04635
0.157426
0.275656
0.724567
0.962438
2.2482
1.99301
0.304687
1.07987
0.489222
1.12457
0.331229
1.03236
0.265982
0.884007
1.32068
0.631494
0.215151
0.165129
1.14569
0.865199
1.24938
0.186242
1.0859
1.11702
0.986099
0.595427
0.568356
1.01825
0.40761
1.04601
0.163928
0.818287
0.116122
0.475536
1.20166
0.649986
0.372399
1.47985
0.700347
0.441486
1.87893
0.412374
0.518971
0.355084
2.58409
0.189996
1.02325
0.252702
0.0652227
0.0727421
0.434441
0.103803
0.231586
0.805696
1.72319
0.484451
1.11656
0.286531
0.71828
1.54052
1.58348
0.278455
1.58349
0.780769
1.0709
0.800543
1.60874
0.675543
0.477687
0.480815
1.3795
1.15812
2.40028
0.945045
0.0783894
1.05863
3.02216
0.509698
1.96524
1.50082
0.116911
2.13748
1.33379
1.12925
0.463708
0.419424
1.17181
0.52671
1.0011
2.23979
0.172084
0.693976
0.928018
0.252891
1.63711
1.38829
0.625489
1.13906
0.417085
1.36728
0.664896
0.483565
0.699082
1.3147
0.252038
0.166723
1.35096
1.34222
0.804923
0.629828
0.419226
0.305223
0.256186
0.263559
0.918481
3.33599
0.739384
0.346192
1.32452
0.398374
0.365423
0.482368
1.25233
0.76003
0.758999
0.956708
2.44235
0.468183
0.730508
1.37114
0.580459
1.46831
0.35498
0.41981
1.25258
0.765448
0.115003
1.72213
0.698779
0.89866
0.30794
0.803062
1.11279
0.380677
0.0471822
1.1672
2.16101
1.78123
1.49873
0.630697
0.657489
0.114373
0.913973
0.428177
1.0495
1.67411
0.496055
2.07173
0.14685
0.384297
0.26018
0.954025
0.66078
1.0842
0.585692
0.200179
0.670481
1.0126
1.16936
0.587475
1.05208
1.77784
1.34817
0.913331
0.678787
0.843022
0.836813
0.666774
0.518595
1.51194
2.90745
2.25695
0.477861
0.164809
0.52539
0.26448
1.07243
0.360684
1.18352
0.814509
1.09655
1.80706
0.933994
0.347274
0.777688
1.14269
1.5488
0.627551
0.357567
1.09625
0.457593
0.439435
1.27502
0.478451
0.237087
0.407477
0.502352
0.80849
0.852746
1.73877
0.729736
0.552168
0.72226
0.944997
1.76394
0.96976
1.28381
0.442093
0.788189
1.01147
1.36392
0.37675
0.398997
0.272344
0.813974
0.310673
0.293139
1.62848
1.56338
0.598496
1.17377
0.992733
0.629302
0.225565
0.825069
0.88554
2.17088
1.49382
0.41225
1.27885
2.58952
0.733959
1.9187
1.94895
0.773138
0.752676
0.34356
0.653288
0.315677
1.70162
0.405238
0.681658
0.726197
1.08117
1.07024
1.01971
0.583018
1.89494
0.954703
0.949007
0.419566
0.624101
0.465056
1.26099
1.8166
0.888036
0.350078
2.08722
0.52138
1.86781
0.2323
1.01697
2.20395
1.2971
0.513027
1.14562
1.18197
0.780494
0.47849
0.656869
1.62992
0.773957
2.63356
0.113752
2.43693
0.65937
0.658957
0.972308
3.06911
1.56121
0.837279
0.885665
0.154389
0.368433
2.72841
1.14448
1.02122
1.32008
1.18795
0.895042
1.32589
0.89701
0.920123
0.450869
0.680713
1.81106
1.81081
0.0862784
1.40941
0.156669
0.357585
1.37744
1.0445
1.88478
0.0685444
0.704182
1.3252
0.428255
1.35249
0.170866
2.55018
1.59331
0.751495
0.231814
0.335739
0.853502
1.83481
0.239922
0.678573
0.666474
0.808478
1.65355
1.20783
1.58586
0.644279
0.266221
0.0701182
0.860763
0.84965
0.699076
0.290868
0.78774
1.14058
1.65686
0.934191
1.11194
1.12351
2.06747
2.17599
0.269879
1.39781
1.44122
1.01936
0.0363305
2.32808
1.76753
0.616473
0.743316
1.56264
2.13589
0.327994
0.574377
3.30168
1.85466
1.32338
1.96168
1.69993
1.50253
1.82412
0.821273
0.420375
0.695353
1.3742
2.60531
1.59239
0.795623
0.537396
0.143651
1.14763
0.769165
0.953038
0.358996
0.390507
1.51472
0.365309
1.49796
0.838497
0.604562
0.795292
2.86638
1.89771
0.965932
2.29975
0.402266
1.46881
0.473658
0.0466649
0.73821
1.12689
0.0821982
1.24381
1.01674
0.212473
0.575288
0.569232
0.371357
0.66306
0.402556
1.57392
0.197244
3.25377
1.45091
1.93112
0.708059
4.22065
1.59365
0.742026
3.71232
1.56062
0.712606
1.02623
1.93374
0.470493
0.626628
0.233436
0.731002
0.370212
1.54096
1.12579
0.804637
2.16724
0.25597
0.755395
2.23628
1.40253
0.322016
1.52768
1.91795
0.387832
0.544818
0.342836
0.442931
0.671248
0.147146
1.84599
0.96686
0.744899
0.523555
1.44472
0.61588
0.533024
0.876117
0.353718
0.250338
0.32919
0.891792
0.366797
0.609275
0.525553
0.449979
1.63584
0.893556
1.44237
0.674398
2.60726
0.55245
0.922399
0.750845
0.705284
1.91449
1.8333
1.2274
0.866342
1.0551
1.18719
0.38821
0.249902
0.137963
0.953012
0.393023
1.037
0.875943
0.792283
1.08412
0.783126
1.38314
1.3654
0.565157
2.40433
0.43022
0.780947
0.910384
1.43093
0.841557
0.163501
0.233162
0.879176
0.521927
0.669213
0.698206
0.821137
1.90672
1.5548
0.281901
0.312482
0.433005
0.695469
1.10225
1.07559
0.265776
0.942535
1.40389
1.38083
1.73998
0.38485
0.288364
0.785181
0.986441
0.831953
1.27156
0.836637
1.63245
0.550629
0.994947
1.25901
0.640962
1.24294
1.41879
1.18658
0.763357
1.69469
0.331401
1.57982
1.72287
0.251807
0.13315
0.715946
1.6771
0.759276
0.402645
0.519469
1.19664
0.441264
0.742278
1.18613
0.464789
0.460848
0.949717
1.88523
1.0139
1.59739
1.67142
0.671064
2.6886
0.504932
1.1604
1.17255
2.84989
0.978908
0.390471
0.420411
0.505498
0.79357
0.417039
0.504624
0.272547
0.379806
1.76364
0.493546
0.509312
0.689964
0.125274
3.41463
0.514315
1.02524
0.205696
0.206176
1.12462
0.17088
1.59453
1.02227
0.405702
0.695434
1.08172
0.811389
1.01542
1.92043
0.26707
1.65843
0.235079
1.42607
1.01357
0.434818
1.55117
1.50663
0.706011
0.316631
0.282998
2.62866
0.155723
0.566475
2.48539
0.145476
1.02091
1.42298
0.371505
0.516321
1.15517
0.714444
0.267207
0.42151
0.730062
1.0777
0.552143
1.64338
0.36011
2.07316
2.42442
0.625797
0.461505
0.749615
2.01593
0.614502
2.56024
0.420684
0.831554
1.48227
0.682612
0.29073
0.368355
1.27948
0.27943
0.523164
3.23143
0.477945
0.542903
1.67449
1.30154
1.67449
0.35077
1.2643
0.991331
0.870024
1.389
1.26199
0.0983924
1.5811
0.473039
1.32345
0.191302
1.73533
0.459504
0.0761568
0.416736
1.33523
1.61456
0.842791
0.638596
1.44715
2.76041
1.73808
0.836981
0.607471
0.866811
1.21086
0.641003
0.738737
0.192581
0.426514
0.765602
2.2479
1.50692
0.436145
2.06268
0.609469
1.2407
0.351094
0.245177
0.222182
1.55599
2.30947
0.22103
0.336724
0.702625
1.88788
0.0956599
1.78372
1.15253
1.27229
0.852737
0.801646
0.283474
0.240476
1.11029
0.940239
0.875296
2.65982
0.423237
1.32049
0.403556
1.68881
0.361053
0.689165
0.724494
0.746237
0.711934
0.350233
0.353907
0.542578
1.20036
1.49822
1.0433
0.406693
1.73518
0.874428
0.560905
0.552431
2.49392
0.920384
2.51544
2.13099
0.276276
0.506442
0.477291
0.947291
0.913916
0.399573
3.13524
0.751032
1.33003
0.396314
0.750793
1.1229
1.60632
0.842786
1.24946
0.405283
2.08692
0.799912
0.361536
0.205533
1.37564
0.909897
1.72744
0.76492
1.49543
2.26099
1.10658
0.372862
1.10937
0.584891
1.17175
0.912694
0.22848
1.55503
1.91766
0.249212
2.91762
1.03279
0.917018
1.02067
1.59742
0.278916
0.882731
0.112717
0.24242
0.919957
0.968127
0.32725
1.39801
0.609456
0.684774
0.482449
0.278906
0.408169
0.127304
0.876556
0.424215
0.406387
0.199408
0.657842
1.43671
0.792764
1.22989
1.65281
0.407584
0.401373
0.432691
2.14445
1.07462
0.241785
0.430265
0.474478
1.05539
0.166704
0.419199
1.11716
0.942049
2.77094
0.018543
1.07687
0.63154
0.45973
0.273643
0.738043
0.711385
2.08313
1.05221
0.246585
0.437745
0.522106
0.850287
0.442953
0.433849
3.10963
0.611547
0.822017
0.923899
0.208543
1.06732
1.23032
1.01631
0.37674
0.565789
1.62227
0.605438
1.60409
0.742857
3.00872
3.41041
1.54131
0.526355
1.63885
0.618657
0.876685
0.583012
0.256218
0.137817
1.46382
1.06305
1.05947
1.33687
0.805466
0.75738
2.26943
1.63277
0.568986
1.47134
0.827965
0.682496
0.806744
1.06062
0.686743
0.268902
1.79548
0.322747
0.860879
2.67773
1.55713
0.495683
1.23669
1.97327
0.650242
0.704873
1.2452
0.5239
1.06654
1.25851
0.637547
0.769469
0.154801
0.720478
0.454153
0.640363
3.41388
0.135544
0.448518
0.530312
2.06566
1.46096
1.32868
1.26529
0.37986
0.756721
2.30905
2.03435
0.782597
0.0620346
0.965058
1.54852
1.69701
1.41561
0.235943
0.279969
0.572293
0.345075
1.45479
1.90276
0.463302
0.340555
0.831469
0.429748
0.25618
1.48454
0.238928
0.728895
0.702627
0.718719
2.6136
1.11947
1.49751
1.10217
1.14246
0.444391
0.225056
1.70795
0.31853
0.490335
0.0811707
1.02911
0.967201
0.677536
1.89961
0.894877
0.624781
0.484673
1.13253
1.01102
1.20529
1.89926
2.22105
0.231822
0.800807
0.491865
0.75096
0.856497
0.913817
0.336369
1.93921
1.39822
0.600243
0.219445
0.90477
0.842356
1.67343
0.351839
0.377841
2.60784
0.2994
0.227392
1.73911
0.647667
2.95331
0.321609
0.322101
2.00984
1.1105
0.470817
1.07423
1.16687
0.56506
0.653589
1.76367
0.542595
1.50907
0.715018
0.997935
0.447415
0.884673
1.04286
1.48899
1.45863
0.925828
2.09439
2.31633
0.834094
0.880901
2.16444
0.438919
2.97433
0.974487
0.375942
0.704565
0.606494
0.587177
1.03435
0.952783
0.575755
1.60085
1.58329
0.270612
1.13305
0.726947
0.48879
0.921092
1.26082
0.158631
0.979872
1.02045
0.476434
0.712273
0.509169
1.1505
0.854567
1.25591
1.95153
1.49696
0.689376
0.745688
1.49861
0.982582
1.05031
0.719358
0.988528
0.468258
0.492825
1.17943
0.261621
1.31269
1.65019
0.807377
0.649726
0.784885
0.390292
1.0872
0.704881
1.82605
1.09528
1.62699
0.988793
0.521805
0.185582
1.36333
0.377959
1.12756
0.10324
1.36222
1.47804
0.511167
1.1294
0.149911
0.907082
1.68133
1.11163
0.234729
2.60823
1.68969
1.16835
0.974842
2.52038
1.64753
1.53538
0.394492
1.50836
0.377377
0.543349
1.63362
0.805307
1.03642
0.718278
0.33805
1.55716
0.112043
0.183163
1.71357
1.13842
1.35012
0.31075
1.25444
1.22371
0.93404
1.30403
1.11936
0.327748
0.782095
0.746137
1.2124
0.48161
0.407777
1.22449
2.23851
0.908695
1.47073
1.78086
4.48185
0.344756
1.9051
1.00359
1.56335
1.41202
1.7517
1.67201
0.880344
1.22005
0.743882
1.87128
1.0985
0.334229
1.01413
1.0929
1.90714
0.38918
0.467039
0.369841
0.977388
0.323022
0.106229
0.395816
0.710973
1.74284
0.758399
0.23756
0.884488
0.95742
1.25503
4.97955
1.92757
1.53604
0.264837
1.57086
0.0967066
1.52991
0.406175
0.63827
0.650424
0.844337
0.518213
0.323431
0.344696
0.287756
1.30933
0.104377
1.06403
1.11507
0.309834
5.28199
0.918496
1.45456
0.217172
1.09628
0.4712
0.0756854
0.479856
1.78482
1.03527
0.499692
1.54336
1.0133
1.83813
1.34299
0.511305
0.126337
0.882048
0.164944
0.275235
1.55229
0.277062
0.549077
0.875175
1.95734
1.36451
1.22677
1.41036
0.462242
0.744912
2.2657
1.04233
1.37453
1.23966
3.24794
2.82499
3.3075
0.301679
2.00398
1.89792
1.46305
1.01781
0.138323
0.472786
0.464282
0.714345
0.986988
1.89345
1.54757
1.20975
0.580292
0.251161
0.566517
0.726093
1.74542
2.45339
0.707969
1.55907
0.414847
0.929961
0.673522
1.11459
1.06789
1.18305
0.494503
1.03486
1.3149
0.321957
0.753999
0.277249
0.226003
0.270079
1.21
1.39634
2.11828
1.14493
0.737539
0.557334
0.56445
0.0341242
1.02469
0.26483
1.18492
0.685303
1.97157
1.16935
1.48221
0.156535
1.0785
1.10435
1.77967
2.48685
0.354766
0.190387
0.602635
0.981012
0.632332
1.45125
0.140975
0.0706045
1.04734
0.793938
0.677279
1.4142
0.586892
0.217586
0.403818
0.316108
1.07852
0.418593
0.132315
0.982127
0.860917
1.02436
0.353404
1.04313
1.81218
0.223258
0.96337
0.363977
0.578177
1.18187
1.17668
0.505895
0.124166
1.91519
0.758408
0.852517
1.55311
0.0626171
1.22343
0.288852
0.327943
1.08099
0.537628
1.08402
1.81576
0.378039
0.172414
0.829323
1.00179
0.47898
0.847631
1.12248
1.02774
0.88331
0.874999
0.881471
1.25178
1.5244
0.984067
0.851576
0.23359
0.587054
0.271786
1.87805
0.646546
1.01089
2.12269
1.52348
0.925054
1.62352
0.433703
4.32219
1.2163
0.701089
0.22694
0.431991
2.17412
1.66054
0.371694
0.90124
1.34807
2.57866
0.398735
1.52872
1.26028
0.342891
1.71916
1.06198
1.39609
0.517948
0.115016
2.01017
1.60714
1.25619
0.645133
1.23723
0.852705
1.21863
0.227617
1.23457
0.941377
1.51604
0.575219
1.8423
0.154856
0.60285
3.4478
0.18852
0.783937
0.630823
0.401896
0.756009
0.959833
0.483203
0.480256
0.203127
1.25697
0.743254
1.87001
1.72716
0.674602
0.222509
1.30125
1.21163
1.29747
0.675425
0.424645
2.47741
0.683832
0.490299
0.692379
0.309238
0.203774
1.33514
0.893534
0.887994
1.45176
1.95106
1.76634
0.412338
0.87121
0.910405
0.17431
1.87424
0.510989
0.292408
0.73766
1.10147
4.94761
0.967387
0.268462
0.251017
0.483915
0.539705
1.99711
1.85186
0.588637
0.367454
1.20935
0.339053
0.502011
1.04308
1.03362
1.17028
0.993784
0.217586
0.467168
0.909824
2.283
0.443315
0.616797
1.35677
1.56873
0.163575
0.867108
1.1121
0.272411
0.533795
0.373101
0.429723
0.54531
0.334063
0.557595
0.752483
0.364525
0.413355
0.13391
2.22165
1.15695
0.813259
1.26506
2.57353
0.0849692
0.348262
0.223862
0.842323
0.699898
0.492735
0.241097
0.428782
0.640136
1.55233
0.892706
1.27386
0.419405
0.690173
1.77287
0.599168
1.23235
0.0581389
1.04724
0.805049
0.148387
3.25382
0.228539
1.83694
0.246707
0.0693444
0.334974
0.917229
1.23567
0.263056
1.10738
1.09248
1.09503
1.83493
0.702556
1.23399
0.267529
0.147519
0.564347
1.09223
0.77466
2.77661
0.623012
0.629054
1.29273
1.45697
0.666567
2.24354
2.09364
0.470562
0.738936
1.4745
0.359672
1.35903
2.37154
0.630648
0.376368
1.30982
0.284481
0.932831
1.39124
0.610159
0.498161
1.54087
1.3165
0.435939
0.947158
1.15731
0.84679
1.05469
3.80615
1.22306
0.042845
0.254181
1.22512
0.736471
0.803146
1.08927
1.64685
0.394012
0.520592
2.29347
0.405883
1.07805
0.283108
0.900492
1.36352
1.44453
3.42963
2.05802
0.512798
0.871452
0.981813
0.245087
0.763188
0.726391
0.312048
0.830037
1.40545
0.506701
0.830247
1.17333
0.590466
1.39224
0.609511
2.36148
1.0464
0.299573
0.653189
1.96739
0.502671
0.216785
0.361753
2.08053
0.831735
0.590399
2.14314
1.25257
1.77057
0.942895
2.02346
1.08511
0.905372
2.07883
0.110876
1.30853
2.65354
0.948539
0.27456
0.953778
1.40945
0.431345
0.386903
0.483094
0.92485
0.570155
0.375887
0.182991
0.397272
0.880221
0.192094
1.91084
1.09378
0.433117
0.48329
0.692614
1.34641
1.88704
0.792792
0.167723
0.683709
1.69177
0.399802
0.78578
0.401536
0.36768
0.709236
0.693143
0.40635
1.06374
2.97788
0.788398
2.32022
1.04083
1.37701
0.162077
1.58967
0.996502
0.721588
0.224975
1.66149
3.54704
0.343176
0.527649
0.839494
0.169423
1.36071
3.2268
1.23214
0.992134
2.74446
0.470978
0.0784346
1.75432
1.98335
3.3005
1.89891
0.704967
1.19443
0.992942
1.37378
1.56981
1.2577
0.574482
0.657496
1.246
1.23004
0.303691
1.80485
0.230547
0.0574141
2.13315
1.18951
0.302765
1.67378
1.14571
0.966708
0.746536
1.96344
0.788593
1.06021
0.480351
0.396123
1.36789
0.236831
1.60167
0.198678
1.99256
1.26674
1.19641
1.87393
2.35692
1.12093
1.43147
0.838374
1.16204
2.189
1.83158
2.77634
0.181994
0.124604
0.419881
1.48059
1.04209
2.26877
0.423078
0.143539
0.577058
0.274818
0.160588
0.864034
0.673133
0.291699
0.758455
0.853459
0.907229
0.898574
1.37872
0.86238
0.534713
0.865651
0.355021
0.582839
1.06919
0.644123
0.674463
0.678113
3.59969
0.991663
0.447128
1.31599
0.320419
0.696349
1.18162
0.65902
1.99932
0.471171
0.565459
0.613007
3.49814
1.54493
0.623596
2.05097
0.585602
0.849812
0.999567
0.692363
0.743701
1.0809
1.92624
0.280885
1.69507
0.299676
0.207956
0.612709
2.46453
0.874125
0.38014
0.988848
0.816107
0.213372
0.757226
0.222673
0.353438
0.524034
1.78249
0.100579
2.9229
1.9304
0.190239
1.1495
0.368922
1.40838
0.552889
0.878782
0.79034
0.551189
1.20005
0.294758
1.3801
0.551466
0.989456
0.326822
0.289586
0.816256
0.891247
0.301456
0.703889
2.16686
0.434346
0.726507
1.10496
3.01994
0.12327
0.72167
2.62156
0.561308
1.58664
0.977183
0.420274
0.458508
0.162025
0.262296
0.603296
1.92843
2.39491
1.52484
0.309826
0.461478
0.324755
1.74258
2.38954
0.889744
0.687676
0.767928
0.885993
0.492705
0.237651
0.753015
0.752539
2.55343
0.195482
0.281619
0.547961
1.77178
0.507015
1.15058
0.64749
0.895128
1.43346
0.516155
0.361597
0.272357
0.289832
2.44895
2.55315
1.64889
0.665089
1.73588
0.316475
0.860329
0.305074
0.883652
0.812629
0.356214
0.599414
0.172957
1.42795
1.36918
1.39854
1.06422
0.114222
1.09945
1.75533
0.133027
0.317648
0.141509
0.870691
1.50186
0.457185
1.25905
1.02548
1.17155
0.117539
0.600713
0.26844
0.0962889
1.29196
1.11295
1.45083
1.52978
0.604077
0.976579
0.364678
0.250067
2.11332
0.855942
1.30145
0.35868
0.162104
1.79341
0.435991
0.0713122
1.15276
0.346401
0.583716
0.811357
1.84894
0.947363
1.30953
0.320461
0.828483
0.241726
2.83376
0.481406
0.826381
0.0575024
0.154597
1.15968
0.677917
0.632327
1.21002
0.597269
0.417741
0.640765
1.0232
0.0489564
0.287734
1.05894
2.04617
0.629189
0.57755
0.591151
1.11327
0.477428
0.302671
1.45517
1.22301
0.73034
0.164331
0.438704
0.720622
0.737193
0.318935
1.03029
0.614107
1.14791
0.278264
0.430704
0.483092
1.69973
0.983702
0.397506
0.74181
3.29177
0.226479
0.3475
0.8469
1.76525
0.80694
0.335418
0.757732
2.06218
0.519313
0.412409
0.156393
0.742309
2.2084
0.19697
1.55975
0.174191
0.982035
1.17712
2.22764
0.274618
2.4832
2.2214
0.853491
0.477763
0.595046
0.312899
0.118155
0.556975
2.18832
1.18812
0.166969
1.1155
0.665022
0.73205
0.759155
2.05251
1.41426
0.652096
1.50317
1.28834
1.41579
1.31926
1.96619
0.0175639
2.50708
1.65849
0.128794
0.927643
2.36333
0.306647
0.279432
0.0791532
0.401617
1.40259
1.89223
1.33521
1.06274
0.12889
1.42356
2.63263
0.25529
0.631424
0.979378
0.559475
0.291997
0.219508
0.167289
1.56239
1.34937
0.483119
1.36225
0.68321
0.330974
2.45128
1.89083
0.663671
0.275934
0.789541
1.29546
0.453927
0.326813
0.979691
0.798836
1.42513
0.5288
0.664637
2.02008
0.576648
1.48012
0.356481
1.09318
0.896271
2.03425
1.74754
1.3198
0.417883
0.557399
0.362661
1.118
1.52964
0.987678
1.17936
0.121544
1.01607
1.54458
0.434556
1.2763
0.409309
0.0995967
0.717657
1.16501
0.114247
0.918685
1.70042
0.435562
1.02491
0.853229
0.0991894
0.359631
0.604019
0.782122
0.109039
0.297811
0.562657
0.769743
0.702545
1.14885
1.84776
0.182334
0.887484
0.579542
1.21172
1.44225
1.2043
0.95558
0.687895
1.41811
0.666365
1.83373
0.725429
0.811016
0.249731
1.50785
0.309436
0.420748
0.793674
0.144279
0.587897
1.05437
0.0855531
0.366146
1.79868
0.917315
1.10471
0.88182
0.360637
0.487279
0.114866
0.916187
1.47961
3.2227
0.899639
0.334941
1.89921
0.42612
0.609617
2.26724
1.40181
1.29115
0.706491
1.1611
0.613477
0.275904
1.31053
2.88343
1.10133
1.21411
2.14834
0.440184
0.566631
1.23124
1.2452
1.76642
1.12232
2.76407
0.503311
0.41359
2.09275
0.777853
1.08063
0.991277
0.483798
1.02863
0.496847
2.02765
1.00988
1.42696
2.16525
1.77333
0.556146
0.777431
0.507506
0.571346
1.39957
0.346252
1.42102
0.935568
2.60472
0.305741
1.10588
0.678137
0.702532
1.07099
2.85288
1.79716
1.00585
0.755493
1.01741
0.804403
0.671578
0.161109
2.07372
0.683083
1.21709
1.91496
0.822772
2.16194
1.37007
0.719568
0.877598
1.56095
0.143712
1.83605
0.743458
0.238829
0.456567
0.987856
1.02217
0.84395
2.11777
1.05955
0.686813
0.62716
0.384573
1.67223
0.572696
1.12566
0.300122
3.4418
2.23953
1.47939
0.556163
0.456393
1.10748
0.794074
1.99132
0.109412
1.39876
0.269583
0.26915
0.576558
2.40662
1.20786
0.62799
2.77399
0.63624
0.212229
1.09411
1.28282
1.45891
0.137674
1.10269
0.28624
0.720141
0.325822
0.983779
0.629032
1.26201
0.864168
0.134164
1.3915
0.107835
0.895166
1.08176
0.831472
1.70982
0.677605
1.327
0.207579
2.12649
1.66203
0.497381
1.02042
0.366167
1.6396
1.68362
1.88829
0.875841
0.380799
0.661843
0.656289
1.98882
1.65937
2.35096
1.17892
0.700029
0.722156
1.32564
1.64596
0.559971
0.552913
0.428859
0.478689
0.477433
2.07587
0.47271
1.23101
0.617887
0.978346
0.245499
2.85642
0.883439
0.233443
1.85288
0.937746
0.309703
0.676391
1.54845
0.515492
1.81571
0.19303
0.493991
1.98094
0.489712
2.48944
1.12465
0.86484
0.909805
1.02182
0.409781
0.368168
1.54095
0.563684
0.849115
0.889898
1.07793
2.60854
0.964814
0.865959
1.00871
0.975634
0.958277
1.02078
0.667318
0.387705
0.0594968
1.34095
0.32172
0.751498
2.19555
0.789101
0.848547
0.193683
0.764784
0.878982
0.683189
0.740979
0.134577
0.648916
0.911503
0.877548
0.573268
0.829801
0.205588
0.725557
1.51585
1.09006
0.810323
0.478473
0.27415
0.914065
0.523049
0.159809
2.72941
0.963648
0.141432
0.547384
2.36829
0.685441
0.993256
0.039636
1.55719
3.15346
0.230811
0.409435
0.382039
0.471741
1.14897
0.79458
0.526589
0.34454
3.94273
0.704071
1.08164
0.381234
1.20111
1.36898
1.42008
1.06062
0.205906
0.810147
1.15525
1.24175
0.481166
0.358821
0.461953
0.468669
1.5331
0.596243
0.838376
0.328663
1.15144
1.14225
1.51106
0.743923
1.57768
0.413317
0.240015
0.525704
1.39295
1.0151
0.295588
2.23908
0.648824
1.07204
0.748709
0.541693
0.216416
0.247549
1.11676
0.999689
0.607285
3.2925
1.75469
0.642547
0.133125
0.0165455
0.642692
0.338254
1.70408
0.686752
1.69961
0.435918
2.25648
1.0863
0.834324
0.267412
0.129282
0.995801
0.633456
1.127
0.403116
0.0748715
0.562971
1.13404
0.941305
1.99658
1.85715
0.656161
1.02109
0.61868
0.630182
1.17003
0.665305
1.37701
0.758862
2.62574
0.500876
1.70375
0.265626
2.21009
0.448331
0.140945
0.906338
2.72206
0.487928
0.448842
0.51732
1.0218
2.78415
0.808335
0.641151
2.32164
2.23966
0.250386
0.330113
1.10251
2.0183
0.965496
0.910529
2.37389
0.78942
0.989594
0.254472
0.869929
0.829768
0.94231
0.133015
0.879392
0.573413
0.775336
2.46561
0.553004
0.0545588
0.626021
1.12277
0.0289139
0.611712
0.616023
1.89668
0.49939
2.07377
0.469187
1.62262
1.87171
1.42535
0.244291
1.38701
0.742184
0.623294
1.66674
1.06265
0.668802
1.82413
1.34523
1.3625
1.70994
1.85359
1.21413
0.195357
1.53429
0.530595
0.25504
0.506449
0.978142
1.85151
0.45062
0.565005
1.16078
1.34511
2.11835
0.404428
1.44769
0.643403
1.09398
0.587036
0.387012
2.78109
0.31491
0.535473
1.95156
1.22354
2.18527
0.617717
1.83952
0.403482
0.858348
0.468739
0.877149
0.754876
0.503561
1.00345
0.788943
1.69197
1.56927
1.10888
0.693812
0.272848
0.0440193
0.895251
0.310493
0.174707
0.918321
1.94205
0.330396
0.84121
0.0500955
0.504959
0.348038
1.29072
1.63151
0.726445
0.340114
0.193717
1.78631
1.24326
0.89498
0.239056
0.264385
1.04406
0.594226
0.36637
0.611351
2.24008
0.722657
1.10226
2.01068
1.01454
0.966886
0.347894
0.909188
1.85046
0.302617
1.50742
0.725614
1.782
1.00557
1.59156
1.13037
1.51662
1.02566
0.318325
0.7374
1.21865
1.53127
0.351975
1.00602
0.77146
0.777977
1.82289
1.51058
0.489121
1.15954
0.82889
0.605588
0.869921
0.295578
0.568682
0.773026
2.35456
0.503438
1.59203
1.8008
1.05913
0.65285
0.331523
3.81838
0.245007
0.537578
0.160685
0.603885
2.63861
1.38732
0.528358
0.84384
0.297668
0.499214
1.47038
1.20464
1.54292
1.55656
0.493291
0.906697
0.28463
1.73901
0.531722
0.915639
1.27413
0.59378
0.384988
0.622375
2.55191
0.805759
0.448804
1.32356
0.187076
0.33351
0.549266
0.777211
0.450249
0.471329
0.782598
0.917049
0.57893
1.71611
2.90832
1.15412
1.0377
0.740413
0.54935
2.93248
0.264766
0.743279
1.08618
0.966357
0.467246
0.408516
0.783782
0.614529
0.364111
0.424575
0.460808
0.758106
1.40972
1.57562
1.70775
0.266035
2.04667
0.734791
0.450277
1.67552
0.717378
0.195982
0.723332
0.0520347
3.14702
1.22822
1.63631
1.91101
0.463387
1.24834
1.2325
2.07749
1.49531
1.19298
0.86902
0.895355
1.98526
1.01621
0.874938
0.185045
1.12388
2.20317
0.955358
2.23017
1.65873
0.772083
1.24746
0.960326
0.870276
0.252991
1.07409
0.5662
1.14031
0.796942
0.783542
0.779207
0.871408
0.509552
0.157641
0.226146
1.21006
0.291347
0.881017
0.674218
1.25852
0.353305
0.603661
0.485187
0.295512
0.282207
0.426177
1.84698
0.338716
1.16103
0.892552
0.228409
3.90778
0.0787269
2.00031
0.310671
0.586683
0.422616
1.21887
2.21905
0.114957
0.586163
0.228271
0.590808
2.34005
0.871135
2.53383
0.638965
0.355666
3.71522
0.877652
1.25922
0.811628
0.169827
0.545776
0.73522
0.274601
2.04729
0.591374
1.09723
0.34423
1.84526
1.92607
1.3883
0.0272315
0.59476
0.297907
0.925272
0.865838
1.08198
1.12445
0.363306
0.340599
0.858988
0.613789
1.05694
4.21521
1.38634
0.658816
0.175012
0.641794
0.443395
1.7411
2.8387
0.946002
1.80772
0.604254
0.973336
0.363974
0.891626
0.330645
0.68944
1.17342
1.25645
0.562727
0.539931
0.739838
1.1489
1.13225
0.333527
0.336193
0.745101
0.507062
1.18929
1.81482
0.636302
1.2108
1.30208
0.106527
0.524684
0.680079
1.90256
0.367929
0.991949
4.07777
0.265363
1.00486
0.805828
0.266087
0.329556
0.197234
1.62011
1.77146
0.424442
0.188731
0.805798
1.24355
0.860338
0.751232
0.228826
1.53126
1.74096
0.281434
0.805473
0.556852
1.36004
1.29768
0.734917
1.11416
0.918119
1.45373
4.21966
0.349383
0.119637
0.927519
1.54176
0.550572
1.2944
0.389814
0.827431
1.07279
1.1988
0.651157
0.776984
0.171402
1.06999
0.491773
0.614064
0.683359
0.779703
0.558813
1.42869
1.13962
0.726579
0.668925
0.614253
0.59137
1.38453
0.892328
0.239974
0.926192
1.74681
1.10431
0.0286577
0.388431
0.586163
1.59544
1.68406
0.191845
1.1508
1.33549
0.69731
1.65422
0.35138
0.815356
0.470038
0.85119
0.97504
1.50657
3.37128
0.570281
1.49724
3.4119
1.33246
0.358679
0.264552
0.943513
0.946263
0.45107
1.76675
0.650703
0.835161
0.295589
1.19216
0.545367
0.607598
0.151698
0.996102
0.994365
1.45582
1.54584
1.5596
1.57177
0.852681
0.673064
0.213611
0.436217
1.09428
1.62655
1.46022
0.742107
0.264781
1.06341
1.25623
0.643684
0.916063
2.01893
1.85346
0.131973
1.46731
0.781341
1.36794
1.14786
0.787379
0.648988
0.987672
0.466725
1.97978
0.297643
0.619151
0.18205
0.78
0.799827
0.388344
3.521
1.16334
0.296018
0.485519
0.497015
0.808207
0.472271
1.51068
1.3541
1.43581
0.678784
0.415439
0.491002
0.192062
1.74574
0.540096
2.8259
2.95542
1.29234
2.55981
0.336174
0.779405
1.52913
0.55533
1.19743
1.45076
1.119
0.692149
0.843954
1.07337
2.09753
1.04352
0.685071
0.935764
1.09633
1.47583
0.784536
1.14564
0.85932
1.05734
1.22909
0.320821
0.753819
0.697782
0.403559
0.607035
0.654178
2.66827
0.552065
1.49701
1.32332
0.533333
0.300248
0.946318
0.787021
1.03758
1.22253
3.09282
0.155874
0.709857
0.604289
0.0979035
0.988413
1.44967
0.289901
1.6292
0.696142
0.691547
1.43503
0.790678
0.185743
0.239559
1.44612
0.504434
0.450021
0.394371
3.06967
1.10855
1.68651
0.702045
0.88956
0.288698
1.46955
1.17308
0.973508
0.479647
0.879541
2.24312
0.349738
0.366298
1.86695
0.549544
0.536152
0.302041
0.547583
0.634853
0.904219
0.552876
0.0905046
1.9918
0.9094
1.1435
0.861585
0.890257
0.673596
1.03682
1.39457
1.10658
1.38939
0.566422
0.598831
3.72931
0.0462492
2.90913
0.554095
0.877642
0.670101
0.337876
0.489651
1.42725
0.712919
1.61234
0.963756
0.394521
1.45258
0.903409
0.998611
1.11757
1.55261
0.393277
1.75221
0.892661
1.13118
0.855977
1.3224
0.403825
0.452146
0.630364
0.967245
0.0683123
0.431828
1.55257
1.51294
0.418997
1.36665
0.673467
1.71233
0.446396
1.58318
1.02874
0.886095
0.538183
0.193821
2.37427
1.75874
0.854544
0.760105
0.0997448
1.44156
0.770275
0.809397
0.324654
0.998632
0.711331
1.25566
0.490912
0.680545
0.610928
3.57124
0.211301
0.684399
0.361814
1.01249
1.54474
0.906823
0.428982
0.187988
0.189701
1.38822
2.60881
1.61379
1.32857
3.09568
0.709426
1.62145
0.564414
0.130113
1.16696
0.965271
0.723072
1.04487
0.224547
0.276607
0.313747
1.60471
0.745632
1.62124
0.828299
0.686873
0.374536
0.868059
1.18285
2.2898
1.49564
2.51981
2.38635
0.222533
0.582545
1.59201
1.18802
0.370884
2.17313
0.53757
0.601899
2.85696
0.619367
0.962785
0.968027
1.74637
0.136588
2.02196
0.528855
0.466671
0.571543
1.00653
1.1139
1.01461
1.87789
1.75942
4.10872
0.746833
3.04199
0.861793
2.62282
0.631615
0.761238
2.26328
0.526595
1.10624
1.87575
0.305963
0.416636
0.919068
0.776073
0.308576
2.18518
0.500211
0.624346
0.357793
0.321559
0.904377
1.15305
0.145467
1.23157
2.55652
1.17843
0.518498
0.299107
0.52949
1.77636
0.526561
0.85114
0.841455
0.499804
1.07652
0.427928
1.06909
0.798222
0.326918
0.955819
0.438738
0.908942
0.753792
0.401228
1.27854
0.737689
1.08669
2.7534
1.9331
0.293185
1.81527
0.522117
0.623546
0.745847
0.146017
1.10042
0.952077
0.269919
0.997904
0.759883
0.927633
0.0832784
0.974306
1.0179
0.952901
0.126853
0.188215
0.120482
1.09887
0.877774
0.464483
0.491844
0.331079
0.479647
1.33002
0.561678
0.758861
1.68602
1.30755
1.58739
0.431829
0.764765
0.627405
0.14685
2.51409
0.705739
0.528358
0.389507
0.227028
1.37778
0.142252
0.899191
0.385133
0.159044
1.44843
0.784221
1.11111
0.391126
1.02818
2.11797
0.506864
0.564118
0.656685
1.11231
0.122956
0.294381
2.43778
0.892703
1.94777
1.13096
0.562424
0.698516
0.915155
1.80633
2.80181
0.560156
1.01504
0.313569
1.65824
0.064216
0.912799
0.629002
0.840877
0.628823
0.85242
1.81373
0.718628
1.17412
0.392725
1.36144
0.652665
1.40277
0.247352
1.73649
2.65291
1.79451
0.0846142
0.48103
0.314701
1.5181
0.326266
0.121255
1.24286
0.94109
0.13244
0.12024
1.39685
0.486426
0.46994
0.623944
0.783852
1.52416
0.965124
0.818097
1.02587
1.31645
0.810687
0.32608
0.719423
0.140019
0.279861
1.18972
0.590457
1.18122
2.98813
0.811775
0.989322
0.835214
1.39437
0.457553
0.986556
0.543086
1.06619
0.79926
0.16405
0.723694
0.117661
0.784328
0.178282
1.77372
0.233567
0.781549
0.616282
0.727174
1.64778
0.617422
0.335341
0.805873
1.16327
0.73035
0.703092
2.33499
1.78939
1.38788
1.52531
1.16191
1.33349
0.866727
0.755564
0.876346
1.90005
0.445058
1.29646
0.19629
0.65323
2.16737
1.71083
1.12309
0.214615
0.327065
0.467149
0.932715
2.14204
0.898297
1.37399
0.673299
1.0343
1.47747
0.328805
1.4652
4.02624
0.852833
1.06722
2.45568
0.175697
1.26491
0.42626
0.289937
0.244658
2.1688
0.451457
2.24069
1.63371
0.136905
2.93758
1.31991
1.07878
0.443832
1.27887
0.405489
1.02348
0.77225
0.40179
1.38918
0.788434
1.04409
2.68693
0.564044
1.12178
0.376411
2.30849
0.764576
1.87794
0.20062
1.01099
1.06632
0.783228
0.356807
0.443178
0.567338
0.909576
0.768286
0.07941
1.03824
0.32864
0.988968
0.484081
2.21179
1.54283
0.207801
1.28777
1.4411
2.13761
0.953901
0.383544
1.96246
1.19358
1.29619
1.2252
0.784084
0.251141
0.810297
0.984938
0.263425
0.975062
0.478539
0.581537
1.02625
3.67154
1.30437
0.163652
0.303377
0.836613
0.0474557
0.155554
0.524465
0.203725
0.475511
0.75932
1.03796
0.131838
2.05963
1.43703
0.618423
0.836263
1.03288
0.338483
2.30977
0.769233
0.620069
0.14747
0.622578
0.0744446
0.944551
0.109801
0.859211
1.49425
2.24424
0.691343
1.34686
2.37716
2.61445
0.290354
1.58146
1.12107
1.39827
0.563704
1.24403
1.49891
2.7034
0.827403
1.61426
1.26176
1.94846
0.224748
0.936901
0.530749
0.623186
0.942252
1.26722
3.19857
2.43541
1.3858
0.366556
1.37902
0.995449
0.199937
0.858491
0.629206
0.563501
0.0457138
0.72932
3.59804
2.73247
0.435732
0.295867
0.0259561
0.485378
0.152341
1.31797
0.417263
0.525575
1.06344
1.18737
0.337346
4.45106
2.83814
2.76958
0.734373
1.94438
1.09401
1.68862
1.32872
2.26799
0.466741
0.500567
1.33209
0.0827227
0.265705
2.14457
0.639911
0.89705
1.66129
1.01653
1.14838
1.32453
0.199364
0.583226
0.641867
0.334179
2.3282
0.715202
1.00732
0.710541
1.4882
0.888452
1.09838
0.732228
1.44027
0.544204
0.978223
2.19308
0.732854
0.662757
0.534571
0.228777
1.62434
1.47701
0.403128
0.956271
0.587206
0.280364
0.595168
0.190764
1.66813
0.0772556
1.32338
1.36158
0.321367
0.721244
0.895022
2.20663
0.808537
0.739041
0.694385
0.489538
0.449264
0.542926
1.82241
0.203058
1.02547
1.94947
0.430377
0.353376
0.462629
0.595627
1.21232
1.53593
0.530955
0.825165
0.621502
1.33032
4.12945
1.80033
1.28359
1.03758
0.145648
0.471624
1.66211
0.180529
1.13275
0.954103
1.57782
0.643263
0.692908
0.650118
1.53009
0.536857
0.681854
0.951432
0.455445
1.48597
0.4193
0.288808
0.890688
0.368498
0.907921
3.65037
0.475515
0.441178
0.612045
3.37579
1.65805
1.12336
1.63076
1.2853
1.56143
1.08551
0.716278
1.93419
0.605556
0.0670523
0.742419
2.26072
1.45604
2.58058
0.842754
0.644963
3.20384
1.23554
1.64195
0.191899
0.685565
0.129051
2.4071
0.403161
1.15481
0.202532
0.0512788
0.592844
2.42987
2.48886
0.620515
0.407863
2.92367
0.527427
0.274756
0.175081
0.675722
1.37206
0.929017
2.62139
2.00243
0.318319
0.469201
1.46887
1.85881
0.268575
0.731548
0.176016
0.430941
0.286854
0.0937339
0.680887
1.73889
1.47611
0.557657
0.749562
1.35705
1.32655
0.486197
0.891322
0.390408
0.366516
0.0905584
1.53283
3.07699
1.90561
1.24434
0.976582
1.00396
0.884114
1.23897
0.437655
0.368346
0.496749
0.528655
0.280156
0.74569
0.113045
0.695553
0.489938
1.05188
0.633841
0.543727
0.157437
1.62251
0.608684
1.75796
0.299512
0.666277
0.681995
0.0948939
0.83383
0.955786
0.516238
1.31232
0.927358
1.16727
1.01147
1.53082
1.40814
1.75668
0.177517
1.26463
0.68167
1.16106
1.01855
2.06539
1.17274
1.96467
0.18652
1.7037
1.39341
1.15208
1.52014
0.882856
1.40796
0.468839
0.856283
0.929142
0.425042
0.479986
0.528553
0.566797
1.05698
1.77567
0.686611
0.278599
0.353239
0.592732
0.440207
1.61795
0.833606
0.835426
2.16576
0.704251
0.746124
0.451247
0.856222
1.12625
1.27824
0.945739
2.25284
0.864909
0.405027
1.26068
0.551588
0.451473
0.59501
0.257703
1.2492
0.260354
0.707947
0.76416
0.870871
1.54263
0.7454
0.53425
1.28488
2.10058
1.44613
0.45087
0.931295
0.639664
0.421929
0.817889
0.504692
0.402556
1.13559
0.569639
1.37776
0.221937
1.17315
0.443957
0.856456
0.49361
1.63738
1.12239
0.747582
0.419772
0.480978
2.60194
0.416239
0.605331
0.821449
0.585914
3.62183
1.03727
0.956895
0.410137
0.334654
2.31646
0.728173
1.83495
1.13202
1.04833
1.53598
0.0688506
1.32829
1.12229
1.99866
0.2902
0.500971
0.829979
4.15642
0.595119
0.33192
0.539181
0.67748
0.842772
0.740937
0.73779
0.504679
1.05945
0.625348
1.19201
0.230117
0.56509
0.335748
1.71218
0.474139
0.932664
1.344
0.208155
0.194894
0.485768
1.11972
0.0357057
2.74326
1.34579
0.594663
1.29805
0.79528
0.484721
1.18002
0.408305
1.64043
1.67352
1.16123
0.170037
0.695656
0.784285
0.185733
0.276308
0.206282
1.84202
0.41585
0.526071
0.405064
1.7958
1.10267
1.94055
2.47441
0.262351
0.342125
0.591637
1.04663
1.51618
1.66778
1.10168
1.734
1.12843
0.568147
0.184988
2.40972
1.9139
1.07352
1.61305
1.08694
0.853148
0.695769
1.38494
1.3438
1.09223
2.22623
0.941124
0.362054
0.405927
2.3745
2.37388
0.855503
0.915227
0.351336
0.778091
2.20158
0.992822
0.493698
1.28765
0.220775
1.20068
1.54581
1.37923
0.433246
1.0311
0.56885
1.59877
0.628035
0.502833
2.28765
0.874139
0.567723
0.587769
1.06894
0.882157
0.170892
1.03956
0.233081
3.21478
0.119387
1.78575
0.613619
0.49794
0.617309
2.66796
0.0886525
1.32155
0.904112
0.161165
1.29361
0.5572
0.427868
0.499209
1.15935
1.25116
0.518316
1.51046
0.763085
1.39435
0.261106
1.79803
1.11439
0.536778
0.931577
0.959426
0.60385
0.685295
1.07995
0.367405
0.654805
0.436538
1.15394
0.829414
1.255
0.351538
3.37999
0.0868532
1.16073
1.24916
1.46314
1.15912
0.114981
0.276302
0.240434
0.700811
0.92808
0.847685
1.81912
0.798319
0.521532
0.881555
1.04871
0.307967
0.590462
0.602907
0.13741
0.316108
0.927801
0.13634
0.436885
0.0412979
1.88518
0.817169
1.79968
0.856597
0.356428
1.03029
0.529624
1.06198
0.427716
0.507201
0.656494
1.33444
0.134977
0.881618
1.12994
0.38904
0.813266
0.12027
0.911792
2.27562
3.0855
1.04334
1.75242
2.72506
1.2271
1.41729
0.68013
1.437
0.467611
0.109337
0.355199
0.666273
0.587122
0.599726
0.376079
0.825113
0.04624
1.43883
1.21398
1.07481
0.954043
0.76206
0.499011
0.410703
0.458944
0.359327
4.97833
1.75786
0.582327
2.11429
1.13246
1.22121
0.396469
1.79415
1.40947
1.31545
1.9493
0.566433
0.428324
1.15701
0.913688
0.145757
2.12609
1.31896
1.27851
0.949475
1.28941
0.809615
1.07719
1.24899
0.458593
0.665848
1.67524
1.45215
0.231371
1.10681
0.398267
0.419174
1.14613
0.314843
0.973969
1.87991
0.203538
1.04028
0.599816
0.806502
1.36491
0.510395
1.10206
0.232406
0.796277
0.52234
2.70314
0.536559
0.649617
0.318277
0.0881055
1.12364
3.44729
0.0644978
0.610587
0.667125
0.798569
0.887971
0.503731
0.0881698
2.7769
0.76648
0.482989
1.4463
0.212402
1.19633
0.853616
0.280364
0.351908
0.397516
2.05857
0.448877
0.521058
0.813685
0.647358
0.294502
1.63686
0.686663
1.25487
1.21434
0.239177
0.338893
0.138455
0.698795
3.08814
0.66126
0.504741
0.496053
2.54063
1.0792
0.97683
0.630425
0.406262
0.69873
1.71428
0.33649
0.719427
0.162744
0.588692
0.553249
0.422627
0.342076
2.26437
1.74179
4.3103
0.31976
1.06366
1.28843
0.773146
0.21875
0.562033
0.685088
1.04204
0.577863
0.448365
1.21681
1.10858
2.12283
0.267532
0.583696
1.58659
0.501989
0.143664
1.00595
1.51778
1.29847
1.49025
1.25952
0.46588
0.793261
0.7409
1.07717
0.90849
0.727504
1.44757
1.60353
1.55542
0.197163
0.815073
1.11153
0.778698
1.19393
1.04593
0.779416
1.83367
0.417574
1.73239
0.477056
0.142785
2.76516
1.25321
0.321353
1.0071
0.0676353
0.779827
0.785089
0.949175
1.15251
2.16985
1.18973
1.77385
0.972986
0.448488
1.38741
0.717587
0.36308
0.869086
1.94535
0.222969
0.623683
2.49375
1.66661
2.16307
0.986067
0.34414
1.42003
1.48802
0.243936
1.12749
0.295024
0.680049
0.667495
0.815297
0.363465
1.05998
0.658411
0.239148
0.959532
1.11862
1.18148
0.35883
0.742634
0.279242
1.42984
0.694825
0.756394
2.80317
0.800928
2.7094
0.746323
0.888739
0.555722
0.645422
1.40358
1.64031
2.54995
0.382073
1.81581
2.08616
1.33187
0.920318
2.57405
0.655741
1.68653
1.12819
1.08858
1.57223
0.767291
0.924011
0.414767
0.0917207
1.13821
1.96829
1.19612
1.10199
0.669505
0.364539
1.55632
1.35605
1.79149
1.38907
1.03853
1.18842
1.05551
2.84941
0.379203
0.909513
1.04284
1.22146
1.09999
0.210303
0.990883
1.37348
1.63606
0.622287
0.544748
0.224441
0.662209
1.49269
0.6415
0.193274
1.26982
0.0633347
0.398324
1.60379
0.565996
0.170996
2.2293
1.09591
1.165
0.996984
1.19978
0.747979
0.973692
0.12723
0.582548
0.888967
0.602906
1.09004
1.45287
0.541833
0.214098
0.62493
1.38695
1.35506
0.508307
0.190371
0.950101
0.826609
0.702356
2.3506
2.4692
0.386418
1.98854
0.59982
0.269599
0.264326
0.394637
1.71595
1.59282
0.459863
1.13983
1.45761
0.89196
0.948813
1.33678
1.53739
0.504453
1.14363
0.0874163
0.603802
0.841196
0.529164
0.881921
0.307028
0.671877
1.39
1.38813
0.598743
1.11137
0.250345
1.3242
0.92743
1.15299
3.51524
0.928961
0.653643
0.437455
0.335439
1.46604
1.19418
0.659447
0.338618
0.420669
0.423316
1.73108
1.13125
0.995442
2.49776
0.610903
1.22482
0.772123
0.311911
0.170803
0.424925
2.30999
1.17897
0.496594
1.55415
1.53696
0.330811
1.02177
0.222445
0.490923
0.624815
1.10078
0.465906
0.315647
0.601259
0.609877
0.457025
0.744971
0.314798
1.05234
0.838528
0.448642
0.592495
1.2649
0.269046
0.298958
0.82968
0.126403
0.2208
0.335468
0.36636
2.30953
0.41111
0.557069
1.60742
0.41679
1.54408
1.05756
1.15624
0.156805
1.13943
0.659432
0.864903
2.3331
0.336737
0.167511
1.35978
0.345018
0.799957
0.506793
0.73931
0.846424
3.34928
0.553807
1.26492
1.74368
0.666068
0.966712
1.2241
0.421814
1.10199
1.87795
0.753487
0.296673
0.893836
2.5693
0.154216
1.25845
0.261331
1.90114
0.114865
0.358994
1.38504
0.403854
2.23844
0.597438
1.99249
0.107692
0.597472
0.462642
1.01892
1.80214
0.269324
0.560273
0.909457
1.1637
2.23828
1.24478
0.250099
0.811928
0.738556
1.02202
1.66914
0.40755
0.357639
0.929057
1.37202
2.05164
1.34435
0.368193
0.722431
1.97331
2.00855
0.42649
1.02006
1.0841
1.45551
0.722619
1.05293
0.550207
0.135067
0.74858
0.568094
1.17875
0.590118
0.219195
0.20664
1.26274
0.443645
1.50885
0.522665
1.32615
1.01468
0.537034
0.564606
0.460263
0.687706
0.353943
0.789094
0.177644
1.83862
0.749032
0.957396
2.14817
0.460304
1.68953
0.261005
2.54387
1.91052
1.96836
1.36466
0.301141
0.387767
0.430604
1.50842
1.32081
0.287872
2.37153
1.39072
1.81203
0.0817382
1.01789
2.69441
1.40184
1.02357
0.228408
0.85557
2.46828
0.223091
0.906992
1.80009
0.34159
0.698983
1.02882
0.574266
0.591386
1.06127
1.72507
1.13118
0.47786
0.604088
1.40553
1.04962
0.19483
0.84562
0.724311
2.22761
0.627914
0.930391
0.383567
0.525881
0.223323
0.434221
1.5901
0.625681
1.24587
0.75315
1.02191
0.536059
0.50779
0.970073
0.932354
1.16942
3.39741
1.98063
0.908917
1.54268
0.779644
0.528794
1.05476
0.280537
0.645735
1.60325
0.173341
2.49472
1.40369
2.46515
0.197225
0.187388
0.770565
0.604123
0.0802175
0.340685
0.127779
0.786547
0.0372556
1.2068
0.943283
2.28406
0.580523
1.30066
0.329692
0.892886
1.09669
2.80362
2.23514
0.304068
0.379652
0.479852
0.157231
0.546813
0.421388
0.849856
1.30275
0.149877
3.22501
0.798065
0.532889
2.70193
1.14371
1.32111
1.6232
1.16734
0.801978
1.27313
0.599398
0.731635
0.888013
0.791787
0.537119
1.41699
1.31537
0.188288
0.826705
1.09753
1.75431
1.1699
0.457393
0.243628
3.3641
2.02872
0.509906
1.46284
1.62181
0.876447
0.127529
0.364177
0.282263
2.82026
1.33957
0.633702
1.04856
1.27703
0.604272
1.081
0.452098
1.91016
0.636928
0.445981
0.880797
0.586998
0.311072
1.02713
2.85677
0.269711
1.32651
0.923393
1.30193
0.404204
0.537978
0.830707
1.15129
0.983108
2.46098
0.508379
2.22808
0.312243
0.365263
1.62095
0.225552
1.04625
0.402064
1.92793
0.65412
1.4129
0.836351
1.77375
0.591357
3.14706
0.171642
1.68081
0.994829
1.19344
0.940937
3.01936
0.834287
0.728087
0.494957
0.618813
1.19407
0.248065
0.787525
1.18104
0.832224
0.468258
0.505074
2.44241
0.373734
1.10359
1.52777
0.46533
0.59139
0.908109
1.39048
0.364896
0.611881
0.597498
1.0465
1.4488
0.940201
0.304953
2.90487
0.887653
1.09722
0.905601
0.986062
2.39362
1.07472
0.645236
0.546396
0.279896
0.313458
2.50638
0.490608
0.254809
1.06473
1.1753
0.353948
2.09631
0.660496
0.00549961
0.0751566
0.759965
0.170498
0.42219
0.722475
0.196926
0.685625
1.75501
0.602995
0.436269
3.11359
0.69413
2.03959
0.68915
1.63675
0.261698
3.58215
0.693077
0.682049
0.605843
0.0931328
1.9315
0.434188
1.03823
0.170509
1.00805
0.543972
1.08976
0.601182
0.154606
0.598765
2.58366
0.846743
0.621821
2.02308
1.37609
1.06972
2.35773
1.46351
0.0899891
0.388063
2.37402
0.126953
0.919427
1.27762
0.609628
0.293234
0.426084
0.419905
0.800753
0.317598
1.48588
1.4804
0.684145
1.17298
2.55406
0.428298
0.72649
0.642108
0.627283
0.661843
0.285065
0.62119
1.84913
0.484984
1.53839
1.22039
1.78264
1.08752
1.28168
0.436916
1.11387
0.680881
0.630532
0.722531
1.45532
0.237671
1.20612
0.73211
1.70473
1.89491
0.940174
1.18348
1.28343
0.867115
1.43539
2.02139
1.09097
0.289302
1.38676
1.73197
1.24205
0.824788
0.580582
2.98945
0.171153
0.827996
1.10703
1.0548
0.510039
0.57887
0.217582
0.579928
3.06231
0.512423
0.106861
1.70315
2.3291
0.917244
0.71553
2.50934
3.07959
1.25544
1.43118
0.517797
0.26469
1.31948
0.968756
3.78622
1.16309
0.72949
0.657643
0.492785
0.243646
1.10584
0.175624
0.389421
1.16445
0.791945
0.433627
2.77074
0.406941
0.60515
1.33952
0.425368
0.259394
0.262333
1.26929
0.550655
1.79174
0.421587
0.784042
0.882231
0.484215
2.6046
0.509362
1.41033
0.20394
1.97949
0.153089
1.61517
0.868114
0.0892605
0.506789
1.07323
1.84025
1.38911
2.0666
0.958061
0.819321
1.29982
1.54143
1.00722
0.455862
1.09833
0.437358
1.21343
0.258092
0.0382467
0.992415
0.4333
0.359916
1.01272
0.837623
0.318529
2.49643
2.8481
0.722289
1.22764
0.693076
1.36628
1.65307
0.75992
1.02136
0.604765
0.641244
0.75383
0.778807
1.63726
1.10788
0.707021
1.01014
2.23006
0.857167
1.60515
0.39005
0.58174
0.252266
2.0012
0.345027
0.319196
1.0766
3.17428
1.13736
0.845603
1.20761
0.278812
0.226297
1.4416
2.24857
1.23159
1.90291
1.01255
1.54929
0.430517
0.597478
1.04237
2.00218
1.2795
1.3241
0.625201
1.0122
0.784903
0.371316
0.20908
1.43846
0.879418
0.807417
2.39363
1.52089
0.337428
1.19396
0.408737
1.88635
0.244998
1.20686
1.72812
0.823134
0.0864603
0.851097
0.960192
0.828418
2.19285
0.22013
1.29887
1.03938
0.791487
1.00553
0.630209
1.63338
1.38987
2.10342
1.00641
0.976621
1.92125
0.793317
0.449213
0.759489
0.697443
0.157406
0.935561
0.54644
2.20482
0.676429
2.34391
1.76232
1.08478
0.314432
0.897063
2.62142
2.05086
0.200971
0.392257
0.755698
2.81278
1.76233
0.358406
0.938119
0.734713
0.706019
0.191679
0.245978
2.12637
0.777869
1.00124
0.136272
1.16414
1.3049
0.834589
0.719807
1.55737
2.12998
1.35037
0.714718
1.66184
0.914337
0.458817
0.249777
0.790757
2.10678
1.08394
1.01214
1.40329
0.178731
1.80362
1.11565
3.81968
0.92925
1.09139
0.803069
0.583891
0.213335
0.987466
2.47773
0.678729
0.0804228
0.614045
0.487107
0.822282
0.191906
1.71983
2.77308
0.343426
0.915548
0.508082
0.373131
1.13035
0.661775
0.468713
2.18249
0.60889
0.311619
0.347719
1.65327
2.72718
1.68512
0.70444
1.32384
0.262562
2.24178
0.757585
0.827174
0.88489
0.814225
1.75009
1.16919
1.29547
1.06793
0.214238
1.35986
0.53878
1.51999
0.902948
1.42645
0.729689
0.199761
0.147205
1.05177
0.341856
1.10373
0.0942585
1.65965
0.799627
1.05297
0.973308
0.268922
0.676123
0.417575
0.241192
1.6853
0.751916
0.555089
1.58799
0.110396
0.455402
0.406498
0.572075
1.59104
1.22287
0.794241
0.798746
1.12228
0.263301
0.886935
1.09829
1.1258
0.939396
0.204159
0.296098
0.571129
0.184868
0.648571
0.828137
1.78605
1.98479
0.863389
0.87998
0.516403
2.82842
0.665666
0.775042
0.700325
0.358743
0.212048
0.929248
1.55129
0.217911
1.15882
1.68843
1.81865
0.832585
0.410739
1.45009
0.19655
0.427446
1.09004
0.13069
0.421982
0.586353
3.56959
1.13675
0.374921
1.47658
0.901932
1.35641
1.50779
0.589749
0.252014
1.29443
0.479112
1.28652
1.07718
0.516006
0.285106
1.89822
1.49497
1.33179
1.05405
0.991759
0.598019
2.13532
0.344102
0.629326
1.96473
1.1118
1.1011
0.333108
2.63257
0.3298
1.93716
0.474984
2.47868
0.401136
0.62614
0.374034
1.13625
1.1161
0.855635
0.499071
0.522429
0.952457
0.83909
0.543906
2.73444
0.761959
0.701028
0.834874
0.274101
1.08414
2.97103
0.480255
0.0804034
1.02595
0.890945
0.47705
0.243559
0.529119
0.84273
1.58362
1.02665
0.72521
0.564928
0.913185
1.96749
0.602551
1.75135
1.11586
0.815073
0.918324
0.369982
1.24882
0.557049
2.36344
0.768401
0.255604
0.151789
0.570518
0.303923
0.722532
1.01659
0.856253
0.457161
0.189816
0.399717
0.244112
0.708227
0.0353381
0.49814
0.75577
0.61204
0.217418
1.55724
0.187697
2.14288
2.4772
0.37711
1.41071
0.692229
0.971155
0.379147
0.788316
0.936397
1.20577
0.579648
1.3748
0.307793
0.615457
0.570832
0.861185
1.91475
0.650852
0.705499
0.275311
1.42715
1.081
2.3576
2.17174
1.80303
2.52151
1.00437
1.03557
0.953817
1.46559
0.986664
1.23681
2.14897
1.70507
0.863506
0.813492
0.202843
0.440711
0.587686
0.153668
0.209215
0.272714
2.07434
0.691972
0.995357
0.850458
2.00379
0.930499
2.16413
0.037054
0.257005
0.105786
0.271108
0.964442
1.02668
0.730124
0.819443
0.117306
1.85632
0.133994
1.61658
0.602807
0.310892
0.522644
1.01985
2.91323
0.749577
0.827981
0.0873039
0.931474
0.669165
0.276568
1.11826
0.248004
2.39872
1.2619
0.779268
0.809104
1.6323
0.186963
1.65384
2.22806
1.69699
1.54672
1.30888
0.75795
1.93615
0.427064
0.930767
0.62794
1.03223
0.362544
0.460512
0.916688
0.856321
0.498019
2.35351
0.967524
0.680896
0.715838
0.175049
1.74041
1.19371
1.46813
1.53431
0.441269
1.0286
0.296645
0.415514
1.63302
0.659421
1.06828
0.51689
0.323674
0.757089
1.20694
0.0596255
0.584322
0.106452
0.784247
0.237015
1.91117
0.69638
0.696787
1.1193
0.712
0.203116
0.198323
0.206636
2.83652
0.892029
0.137895
1.17797
0.21436
2.31304
0.897048
0.494169
1.10906
0.431051
0.421406
0.869159
1.79351
0.910052
0.145978
1.79554
1.4267
1.19736
1.34429
1.18998
0.899919
2.09577
1.0292
0.420547
0.666607
1.35749
1.93146
0.142681
0.905807
1.69337
1.05594
0.243566
0.919736
1.35486
1.29497
1.92706
0.339257
1.2402
0.57936
1.40733
0.446362
0.339584
1.03034
0.312433
1.31646
0.251469
0.849899
0.27707
1.93905
0.802029
0.647807
1.40799
0.565612
0.877557
1.07501
1.70417
0.393525
0.65897
0.256169
1.26283
1.53264
0.486715
1.1287
1.64531
0.145068
1.30509
0.686868
1.83224
0.470063
1.30157
0.451847
0.902268
0.506472
0.913303
3.80187
1.08904
0.855425
0.265703
1.06056
0.284082
0.730536
1.43089
0.90789
0.716962
1.68176
1.65958
1.79353
1.06231
1.8546
0.546999
1.974
1.43469
0.950226
1.22537
1.1891
1.31388
1.61428
0.945496
1.12602
0.630865
1.02157
2.62764
0.60864
0.730824
0.392273
1.53264
0.320851
0.444551
0.694788
0.617841
0.951604
2.22697
0.635427
0.521971
1.13787
0.480077
1.50571
1.06501
2.40654
0.940164
0.0330676
0.868746
1.05536
1.05596
1.05907
0.215709
0.613471
0.291614
2.17048
0.745585
0.764408
1.91415
0.513394
0.142738
1.41706
1.20047
0.907761
1.41985
1.09398
0.615631
1.74926
1.20395
1.00574
1.39331
2.80115
1.85814
0.849179
0.443801
0.01727
1.63741
1.5539
2.55843
1.68414
1.1148
0.865285
0.231715
0.897685
0.0882953
0.757873
0.488217
0.430785
0.737931
0.617836
0.648409
0.739867
1.03967
2.48419
1.06969
2.00171
0.738161
1.68092
2.27625
0.444191
0.278509
2.20951
0.713972
1.71354
0.796345
1.43943
1.35117
0.379542
0.535649
0.83341
0.799074
0.216269
1.96811
0.185518
0.152488
0.427325
0.463132
0.213209
0.698137
1.30104
0.45261
0.979817
1.20273
0.6742
2.59055
1.22457
0.45072
0.302126
0.740808
0.19829
1.08308
1.44647
0.703688
1.30332
0.6118
1.57373
0.979426
0.840971
0.557967
0.620774
1.19715
1.35344
0.342967
0.964116
0.70383
0.902995
0.908779
1.04122
2.13544
1.94363
0.857034
0.160859
0.862412
0.556587
0.705448
0.524905
0.264514
0.24535
1.13609
1.03894
0.469156
1.32823
1.28947
3.35555
0.681399
1.65803
1.39603
1.33412
0.424116
1.70065
0.878422
1.66244
0.650803
1.395
1.3961
0.380776
4.28903
1.38141
1.45647
0.816397
0.702251
2.43959
0.103713
1.45636
0.306937
0.300351
1.83599
1.59627
0.611543
0.862801
1.16869
1.23248
2.0228
1.64475
0.597973
1.19118
1.29264
0.536237
0.343912
1.1481
0.470658
0.785055
0.581994
0.269109
1.09182
0.750958
0.400024
1.20261
1.13854
0.251415
0.376399
1.27693
0.871358
1.28172
0.435051
0.941384
1.00479
0.0892795
0.368835
1.03517
0.810414
0.707371
0.279743
1.90217
0.764848
0.3038
0.278843
1.44859
1.21151
0.281937
0.256043
1.77566
1.33582
0.194556
1.77379
0.459203
0.875333
0.78018
0.0810487
0.742606
1.16986
0.821605
0.588694
1.16439
0.321245
2.13293
0.959059
0.877805
0.502701
0.380261
0.325731
1.40098
1.93151
0.997107
0.366661
0.495553
3.68598
1.77961
0.455358
0.793509
0.166558
0.824346
1.03849
0.564698
0.617394
1.66347
0.548624
2.28664
0.258072
1.02107
0.14032
0.0512992
0.195177
0.93318
0.281738
0.345446
0.83012
1.25253
0.585095
0.416242
1.5487
0.987457
0.277374
0.61063
0.883208
2.95326
0.428834
3.19265
0.615215
1.67175
1.34757
0.101831
1.54112
0.47126
3.09659
0.479371
0.354511
1.48569
0.302498
0.327467
0.568703
1.20468
1.52905
1.05265
0.388153
0.524257
1.05958
0.442988
1.68377
1.70197
0.531375
4.68553
1.24458
2.46522
1.86277
0.158124
0.538422
0.206596
1.90882
0.797035
1.12796
3.04243
1.10378
0.457318
1.06038
0.319676
0.691998
0.866967
0.517056
1.81393
0.475913
1.40263
0.327356
0.20812
0.909549
1.32879
2.47088
2.67804
1.00404
1.37102
1.51259
0.39541
0.322679
1.7089
0.403798
0.0716915
0.154832
0.967669
0.448823
1.01068
0.156555
0.339947
0.284903
0.713457
1.6391
0.637601
2.80669
2.58702
0.414438
2.56693
0.438788
0.265709
0.112581
0.722115
1.31504
0.20031
0.58045
0.971432
1.81229
0.62223
0.168982
0.484057
0.640646
0.549783
0.738583
0.262475
0.529439
0.283082
0.995036
0.922722
0.925918
1.09872
0.462695
0.295073
0.482375
0.213175
1.03791
0.630102
0.786373
1.74705
0.70779
1.65572
1.15302
0.810855
0.609554
1.3368
0.558286
1.79657
0.667073
0.652332
0.895812
0.125548
1.79791
1.28663
0.716377
0.427615
0.685655
0.404242
0.619447
0.604607
1.45316
1.07908
0.8913
0.185269
0.639907
1.14602
0.876808
1.35331
0.275606
1.12361
2.0353
0.896601
1.7258
0.555034
0.517711
0.920976
0.285169
1.73642
0.538475
0.815057
0.16493
1.44431
0.524519
0.179064
0.786945
0.163044
0.242445
1.0593
1.09208
0.18894
2.38228
0.884759
0.776654
0.987964
0.0378037
0.301645
1.13636
1.77931
1.60776
1.0999
0.195123
2.8665
0.16341
0.954022
1.27268
0.702657
1.02603
1.51031
1.29871
0.422885
0.611085
0.847975
2.63792
0.744739
0.852545
0.355226
1.08949
0.421822
1.61144
2.37564
0.655112
0.180844
0.671338
0.466562
1.87241
0.705242
0.247281
0.704737
0.279735
2.5784
0.540985
0.297431
0.766262
2.6624
0.218049
0.344801
1.22995
1.51913
0.365055
0.616304
0.150434
0.922204
0.556489
0.319687
0.0112204
1.77301
0.630622
0.333667
0.231326
2.26687
0.310113
1.69435
0.243648
1.52463
2.53413
0.785459
0.439386
2.08297
0.520268
0.263159
0.163365
0.32109
0.417305
0.621973
0.446444
0.72366
0.42761
0.476218
0.816374
0.826824
0.428963
0.231331
0.200816
1.92255
0.490542
0.187517
0.396606
0.888428
1.30797
0.65686
0.300864
1.34189
0.766681
0.801784
0.917375
1.23344
0.50087
0.802747
0.160821
2.33106
0.345783
0.662619
1.72938
0.984898
0.607038
2.13033
0.484375
0.427248
0.919837
0.136226
0.80405
1.64553
0.181485
1.17642
1.57084
0.730781
1.20175
0.0994448
2.38852
1.36184
0.113684
1.51494
0.496504
1.94555
1.25922
1.57952
0.625166
0.457252
0.929994
0.389175
0.529659
0.517242
0.731057
0.550831
0.357252
1.39969
0.566317
0.555515
1.26394
0.598805
0.912056
0.736974
0.0588604
1.37541
0.73204
0.71751
0.976299
3.63577
2.2104
1.75126
1.16831
0.642616
2.15563
1.12966
0.258029
0.757913
0.599607
1.91034
0.769439
0.313962
1.00143
0.57714
1.07894
0.71006
1.83533
0.597985
1.22806
0.576448
0.603641
1.93832
0.234015
1.52578
1.76204
2.20312
0.770484
0.721492
0.7258
1.02334
2.41525
0.149289
0.647681
0.898025
0.565319
1.46528
0.529864
1.55368
0.565217
0.617702
3.31793
0.285111
0.701462
0.558297
1.15801
0.141966
1.11128
1.79525
1.3854
1.15362
0.664955
0.240999
1.61681
0.997519
0.626507
0.241133
0.724547
0.54865
1.23272
0.762329
1.52187
0.479613
1.0546
0.429623
0.14668
1.48508
0.284266
0.945596
0.308996
0.237186
0.632079
0.423995
1.05882
0.982763
1.58498
3.26514
0.587991
1.34569
0.180424
0.267695
0.413197
2.02109
1.11238
0.253033
1.50182
0.531175
1.02699
0.577986
0.412347
1.70739
1.03837
0.36106
0.816236
3.12244
0.667439
1.79762
1.2817
0.839914
1.47285
0.803544
0.971444
1.76362
0.542216
0.731927
1.25006
2.18957
0.479334
0.26491
0.652159
0.475991
0.28583
1.09048
0.789901
0.469142
1.38587
0.828844
0.911945
1.01502
0.332912
1.54893
1.15439
0.157532
0.277093
0.689137
1.62062
0.361185
1.39132
1.69975
0.62506
0.211486
2.06977
0.364419
2.3935
0.70819
0.587451
0.392315
0.184892
2.2539
0.839639
0.841663
0.384739
2.13091
0.689984
1.55103
0.583521
1.27685
0.0510572
1.04576
0.441164
1.21588
1.81891
0.776606
0.601595
2.77106
0.907442
1.94615
0.411196
0.711606
1.28281
1.66443
1.87243
0.18822
0.397705
2.33541
0.623577
0.321605
0.51373
0.336556
0.434901
0.313651
1.62501
0.500905
0.584344
2.63571
1.16339
0.726222
0.659947
2.59468
0.696913
1.08112
1.75142
1.49275
0.358914
1.10951
2.66423
0.407621
0.560422
0.671246
3.16864
1.21053
1.81403
0.909778
0.218723
1.65131
1.08067
2.35047
3.18364
1.90656
0.843967
2.11327
0.2645
0.883887
1.96096
0.73835
0.606547
2.41374
1.13123
0.310575
1.05811
1.83175
0.544609
1.51299
0.998746
1.97394
0.42656
1.4241
1.65144
0.858156
1.06224
1.099
0.35593
0.606745
0.309596
1.34528
0.587111
0.936024
0.647327
1.34284
0.506715
1.038
1.25884
1.82557
1.60119
1.13939
0.761294
1.07934
1.44253
0.556251
2.05433
1.07557
1.08035
0.146661
0.565504
2.38688
0.736542
1.21304
0.18107
1.77461
0.880279
0.635418
2.63857
0.732979
1.29282
2.17134
2.0367
0.599476
0.502688
1.28231
0.666388
2.64024
1.65212
1.7336
1.60472
0.21479
1.37181
2.78319
0.935799
0.594817
1.26163
0.453357
0.656639
0.269728
0.581224
1.03739
0.4626
0.493971
0.337236
0.602618
1.2092
1.09984
1.241
1.00154
0.914136
0.575948
1.59215
0.613646
0.958111
0.96468
0.942914
1.71624
1.0067
0.674323
1.20174
0.187866
0.188161
0.696206
1.09114
0.774863
0.673494
0.253249
0.874814
1.07636
0.782386
1.82667
2.08964
0.565275
0.802672
0.871114
0.749853
0.424505
0.469814
0.551003
0.957961
0.688905
0.170792
0.597353
0.814485
0.465343
0.647307
1.62591
0.0172902
0.307469
0.979859
1.17568
1.58429
0.792925
1.49592
0.516738
0.536463
1.09991
0.484871
0.245331
1.44895
1.12125
1.04933
2.05719
0.408632
1.71616
0.403636
0.593737
0.598132
1.33652
0.1016
1.25598
0.609259
1.05772
3.76609
1.38625
2.24812
2.185
0.673141
0.49607
0.434367
2.53587
1.01551
0.913391
0.210525
0.58095
0.0562983
2.20762
0.199109
0.855122
2.60548
0.36812
1.76856
0.31422
0.680468
0.185743
0.488788
2.54952
0.714202
0.64721
1.7647
0.223022
1.39144
0.699104
1.44284
0.723827
3.10357
3.13679
1.72885
0.163109
3.27362
0.948559
2.15677
0.673618
0.586593
0.648685
0.891032
1.19163
1.32539
1.94628
0.894324
0.596412
0.206498
0.794183
1.26304
0.481583
1.6738
0.359536
0.747433
0.835941
0.852253
0.257729
0.901249
0.501302
0.473035
1.00652
1.50095
1.59114
1.4999
1.0496
1.57542
2.51098
1.34998
1.02998
1.75191
0.893389
0.368855
1.43834
1.48086
2.15377
2.35977
0.95376
0.549877
0.636594
1.10042
0.385142
0.873568
0.735585
2.83775
0.617802
2.21668
0.972175
1.08484
1.32448
0.785145
0.678475
0.908788
0.491785
0.831355
0.193837
2.15255
0.578996
1.2677
0.824176
1.25177
1.57541
0.0185795
1.51986
0.269084
0.268299
0.916433
0.489667
0.393655
1.44655
0.203927
0.663032
0.344637
2.15187
0.563062
1.35051
0.902355
0.669461
1.44564
0.394641
1.03275
1.96416
0.198122
0.423177
1.02201
1.71718
0.284324
2.02292
1.48523
1.21535
0.316475
0.160768
2.66683
2.17321
0.710859
0.99335
0.512366
2.09477
2.15253
1.11475
0.750077
0.422356
2.12646
1.11266
0.630421
2.56561
1.13623
0.261196
3.94543
0.319719
1.62064
0.539028
1.0478
2.71216
1.31345
0.384594
1.93742
1.02302
1.07002
0.876819
2.3009
0.470832
1.0008
0.719581
0.411117
1.20563
0.823639
0.745659
0.0694642
0.674222
0.0964031
1.05588
0.320699
0.242361
0.27129
0.85958
0.825716
2.32959
0.817784
1.80999
1.11163
0.636169
1.64445
0.850922
1.88489
1.28786
0.486978
0.661796
1.04402
1.4515
0.748484
0.961731
0.418706
1.86201
0.62072
0.954109
0.188804
0.12253
0.51023
0.126127
0.818476
2.55005
0.977112
1.77003
2.65199
0.198259
0.362207
0.0913917
0.982158
2.98145
0.575223
0.591116
0.276763
0.430971
0.910805
0.998596
0.50188
0.203403
0.442503
0.961198
0.56712
0.37101
0.703584
1.1255
1.97154
1.83663
1.24189
1.02407
1.15433
1.60052
1.48395
0.413116
0.648947
2.12098
1.64234
0.911973
0.67207
2.24734
1.23178
0.447791
0.994822
0.136415
1.14098
0.150039
0.74301
0.301014
2.31716
0.486661
0.835758
1.15308
1.15105
0.910074
1.20385
1.12292
1.12112
1.057
1.59069
2.06461
1.24326
1.57962
2.49773
0.777714
0.620377
0.804221
0.329043
0.653382
2.01416
1.20407
0.765175
1.65798
1.57381
0.352601
0.819614
1.25172
0.55776
0.179743
1.60876
1.92038
0.669271
1.6844
0.548159
2.11348
1.0672
0.774159
0.921857
0.150616
0.854715
0.0936257
0.735727
0.54072
1.23351
0.392607
1.49455
0.689251
0.78305
2.85572
0.443752
1.17753
0.425847
1.08078
0.564913
3.22653
0.361929
2.41288
1.07894
0.279742
1.04012
4.1495
1.12348
1.38338
2.3828
1.6017
1.46414
2.28689
0.279669
0.203036
0.634847
1.76371
0.198032
1.50675
1.04205
0.437387
0.244458
1.65251
3.09054
0.247794
0.624525
1.33759
2.53359
0.721266
1.21908
0.59209
0.987118
0.648014
1.28475
2.11894
1.6135
1.14213
0.32707
0.357303
0.982016
0.275624
0.763488
2.90794
1.00476
1.66652
0.175012
0.79823
1.49779
1.43736
1.8918
1.30092
0.559683
1.48044
0.87369
0.817434
3.74789
1.03498
0.713114
2.08141
0.667973
0.663267
0.210561
0.397124
0.777108
1.02951
2.43714
0.341881
2.9322
1.08281
1.58641
1.55683
0.864243
1.11191
0.699357
0.797609
0.446762
0.0815537
1.03648
0.596909
0.683108
0.911242
0.491963
1.06175
0.933569
1.5525
2.52168
1.54813
1.6366
1.02216
0.423504
0.385029
0.63414
1.27541
0.298391
0.399258
1.06792
0.904605
0.383347
0.618276
0.457868
0.850634
0.829043
1.14597
1.46132
0.16366
0.26436
0.933247
1.06317
0.668102
1.25821
0.241679
0.303525
0.569381
0.939257
1.15264
0.305965
0.755841
1.18913
2.19989
0.842543
0.768123
0.435831
0.171382
0.760687
1.01947
0.925671
1.34937
0.669873
0.643981
2.24608
0.323407
0.363281
2.00135
1.8915
0.434368
4.06916
0.934199
0.255382
3.05451
3.1544
1.75019
0.8047
0.758834
0.46086
0.648821
0.306797
0.26541
0.58869
0.107506
2.02068
1.83808
0.437053
1.86852
0.810811
0.452171
0.550245
1.00132
1.38224
0.585728
0.126855
0.296764
0.649456
0.56107
0.833786
0.919302
0.323465
0.0768568
2.03205
0.275467
1.12115
1.08169
0.445364
0.371333
1.20171
1.65284
0.414595
0.524114
1.86182
0.668316
1.54871
0.0750233
2.42691
0.437491
0.446449
2.20682
0.963364
1.14807
1.30879
0.545652
0.922035
0.826664
0.266055
1.90875
1.59903
0.832248
0.481083
0.772202
0.28124
1.46651
1.25587
0.420647
0.454925
0.394839
0.175328
0.391909
0.0206593
0.358925
1.66734
0.373353
0.820698
0.606802
1.1014
0.946076
0.965595
0.206588
0.30898
2.11942
2.98174
0.352705
0.62917
0.123538
0.556304
0.167963
2.49707
2.97517
1.01296
1.37808
0.148877
1.21626
0.260427
1.45024
1.24623
0.975156
0.231001
0.415
0.477754
1.61583
2.31312
0.699707
0.473817
0.109163
0.483136
1.49767
0.323598
0.892106
1.13698
0.376559
0.61535
0.23067
4.47422
0.796346
0.127403
2.11976
0.765456
1.18713
1.33952
1.08368
0.459554
2.45722
1.5478
1.83901
0.973163
1.45528
1.42132
2.42506
0.32238
1.4806
0.395481
1.52761
0.755413
1.08701
2.27164
0.622862
1.16615
0.0711918
0.616191
1.15663
0.726002
2.24579
1.526
0.467676
0.74118
0.925627
0.681327
0.768713
0.489531
1.15773
2.13629
0.630922
0.302867
0.128031
0.951306
1.02939
0.192438
1.47008
1.72474
1.1727
0.786081
0.121554
0.284134
1.09201
1.37573
1.08597
0.733259
1.93448
0.320625
0.305279
0.468394
0.898222
1.52344
0.260007
1.04676
1.34035
0.162773
1.05504
0.222585
0.605223
0.930886
0.72449
0.546403
1.41593
0.209696
0.323185
3.07417
0.76827
0.968527
0.266753
1.40568
0.173143
0.70751
0.942571
0.11121
0.870709
0.306098
0.216667
0.546151
0.577716
0.919084
0.716715
1.45416
2.38083
0.67956
0.291942
0.8367
0.623507
0.544885
1.17978
0.453333
0.667565
0.604264
0.474017
0.346494
0.20962
0.85463
1.06814
0.461669
0.229065
0.784066
0.937459
0.450531
0.72085
1.37374
0.553433
1.14843
1.97623
2.26677
0.41292
1.29446
0.410978
0.62208
1.58959
1.68697
1.07211
0.947325
1.24164
1.2141
0.655348
0.828268
0.729738
0.573909
1.45509
0.962069
1.72544
0.756275
0.505021
0.572282
1.12765
0.339737
0.469051
1.86955
1.09781
1.50439
0.719166
1.21817
1.83923
0.442407
2.37205
0.773689
0.898283
0.728919
1.5692
0.849218
0.295175
1.48992
0.99616
0.239635
0.91959
0.944855
0.509067
3.36687
1.59495
1.76446
1.75992
2.2241
1.45582
0.26503
0.450015
1.70794
0.683389
0.511224
0.97262
0.484696
2.50142
0.679807
0.983358
0.918344
0.437072
0.310531
1.89091
0.343366
0.0540529
0.531155
0.954291
0.245005
1.06311
3.97016
0.971166
2.01697
0.27662
1.13368
2.04216
2.25431
0.442672
0.704491
1.58514
1.47063
0.127157
0.789152
0.585043
1.14255
0.273882
0.150072
2.75446
1.04257
1.31042
0.444222
0.452446
1.40265
1.6543
0.777794
1.56348
1.53231
1.53604
1.64891
0.799906
1.04835
0.525068
0.788493
0.145438
0.581121
0.250618
1.76881
1.68104
0.761048
0.960292
1.4913
0.962867
0.558801
0.406035
0.952136
1.0085
0.458624
0.997921
0.548316
0.555329
0.478669
0.138521
0.737465
1.47937
0.299098
1.19337
0.112554
0.868147
0.259552
0.455059
1.0725
1.10191
0.73524
0.493187
0.948645
0.245758
0.904317
1.16876
1.55926
0.519076
1.37377
1.45121
1.71853
0.733842
1.37661
0.255993
1.37014
0.169206
0.978727
3.07229
0.506724
0.668728
0.305713
0.528173
1.44945
0.518077
0.0971244
0.345588
0.53336
0.191122
1.47929
0.589172
0.477927
1.00771
3.45279
1.00842
0.23931
0.484064
0.519526
0.176986
0.881083
0.175888
0.558029
1.09491
0.364437
0.807793
0.737374
0.849434
1.83849
0.151887
0.454368
0.345663
0.753489
2.02834
0.373065
0.892333
0.744896
0.581355
1.15173
1.12582
1.0184
0.571247
0.135744
2.18846
0.893463
0.223464
1.31079
0.80302
1.56395
1.70623
0.82637
0.164918
0.196199
1.99033
1.31517
1.16377
0.96772
0.317052
0.503596
0.469817
2.05509
2.71792
1.81753
2.41154
0.531839
0.347855
0.987393
0.0705969
0.803024
1.1556
1.00232
0.189737
0.369062
0.676703
0.352253
3.26189
0.386554
0.035322
0.994296
1.36918
0.5847
0.148314
0.92195
0.935634
1.01072
0.661178
0.602435
0.110609
1.90536
1.03759
1.03874
0.56391
1.64973
2.02335
0.910239
2.74857
1.12679
1.42585
0.948247
0.598753
0.428675
0.509327
3.562
2.09929
0.143494
2.28804
2.68316
1.82891
0.613067
0.427337
1.80488
0.332622
1.32934
0.408316
0.800524
0.805934
1.00011
0.493927
1.04781
1.02181
0.515815
0.244498
0.426545
0.701156
0.782781
0.154312
1.34403
2.21992
0.757959
0.391048
0.596493
1.51912
0.886776
0.308057
1.39179
1.46922
1.18035
0.753134
1.44933
1.01376
0.954466
0.745373
1.60544
3.54034
0.555864
0.680586
0.880409
0.353706
0.481032
1.35648
0.664098
2.21668
2.68101
2.3338
0.0908447
3.77695
0.790528
0.431127
0.613959
1.41699
1.07887
0.284798
0.814113
1.84945
1.81247
1.12717
1.04808
1.02772
1.02015
1.11023
0.323285
0.514193
1.00713
2.0823
1.93265
1.08308
0.32712
1.44681
2.06005
0.252007
1.02727
0.997766
0.781745
0.26307
0.599715
0.576646
1.2476
1.13565
0.413596
1.32346
0.208532
2.59172
0.0572734
2.41153
0.411132
1.33224
1.91822
0.476307
0.165093
0.545712
0.0990173
1.0231
0.710659
0.437576
1.48899
0.309379
1.30874
0.605845
1.24586
0.900573
0.167288
0.509053
1.0623
0.376388
0.460488
1.19109
0.87189
1.86935
0.700894
1.54569
0.111348
1.5228
1.15313
0.843192
1.93118
2.77203
1.05053
0.0947268
0.823306
0.087886
0.23532
1.8326
0.506335
0.248592
1.06518
0.204072
2.26016
3.91266
1.45462
0.608644
0.171953
1.39961
0.729694
0.829732
0.690589
1.00383
0.0597919
1.06428
1.78126
0.850967
0.189754
0.461937
0.796736
0.295469
0.35754
0.948518
0.082567
0.683112
0.101837
0.661855
0.485967
0.239869
0.249052
0.94491
0.487917
1.53596
0.0996126
2.47995
0.694637
0.481916
1.02859
1.26028
0.173091
0.285603
0.242672
0.513194
0.395591
1.40254
1.40635
1.46811
0.696035
0.144925
1.7214
0.98907
1.71856
0.67483
0.757177
0.173495
2.16605
1.06378
0.792802
0.515391
0.441583
1.0903
1.63825
1.79048
1.09876
1.03366
1.20595
0.649687
0.103771
0.262388
0.877422
0.707495
0.526225
0.499561
1.08146
0.218586
0.896858
0.234302
0.407221
0.983728
1.21839
1.44863
0.607852
1.01168
0.703736
0.805039
0.400628
1.1378
0.383206
1.03739
0.995176
0.562544
2.43909
1.11071
0.565966
1.22228
1.10195
0.259056
1.20001
0.857024
0.439667
1.48491
1.70116
1.83018
2.6831
0.835684
0.197652
0.20236
0.727805
1.88752
1.48558
1.28423
0.485029
1.59464
0.405474
0.507549
4.79855
1.08306
2.30138
0.877916
0.654389
0.42914
0.289495
1.68078
1.6544
0.66328
0.142996
0.263735
1.64815
0.430811
0.878038
0.545166
0.773451
1.50081
1.56217
0.818649
0.293031
0.821804
1.07136
1.41198
0.273787
2.09287
1.72373
1.29718
0.776171
2.74753
0.538899
0.840612
3.52398
0.533198
0.972953
0.968213
0.556768
2.48131
1.28659
1.4935
0.0909506
2.69423
1.59732
1.93585
0.351593
0.470306
0.664494
2.43614
0.0438863
0.731957
0.447533
0.861119
0.931473
0.84695
1.39957
1.4211
0.41776
0.769446
0.375987
0.472487
1.14696
1.44577
1.21863
1.17579
0.399313
0.628326
0.668473
0.625559
0.136869
0.72243
1.05095
0.538869
0.431775
1.23581
0.69428
0.968419
0.901333
1.37305
1.29418
3.87958
1.49951
0.346175
0.75432
0.141657
0.89238
1.12287
0.748556
0.833931
0.650045
1.05778
0.0509238
0.969071
0.26808
0.763621
1.21241
0.8261
1.6379
1.51864
0.918649
0.174913
0.120015
1.20165
1.81135
0.58799
0.695722
0.310265
1.09699
0.0275566
1.73463
0.0679906
0.655097
2.14676
0.729989
0.170151
0.746076
2.40109
0.706965
0.291734
0.33717
0.0618038
0.865919
0.734985
0.490697
0.715597
1.53708
0.705615
1.54298
0.47223
0.39422
1.10174
2.49402
0.586054
0.123284
0.245529
0.82789
0.44214
0.530715
1.27954
0.606655
2.42379
0.708698
2.00646
1.99642
0.439986
1.08742
2.10907
0.614412
0.306598
1.79964
0.283673
1.1283
1.40727
2.66331
0.682134
0.83508
1.48133
0.972499
1.50367
1.35931
1.49222
1.14802
2.37097
0.549803
1.21341
1.51938
0.21546
0.88941
0.301544
0.494701
1.56548
0.840882
1.92933
1.40141
1.37696
0.0795152
0.652296
1.45101
1.51678
1.0558
0.432024
1.05838
0.356123
0.503656
0.749869
0.24723
0.608781
0.928303
0.634842
0.750327
2.127
0.45211
2.20417
0.760128
0.747424
2.27237
0.183756
0.28047
1.43321
0.482162
0.6717
0.658942
2.02852
0.647902
3.09584
0.842762
0.448665
0.717788
0.0452253
0.0459112
0.456212
1.33731
1.92021
0.265772
0.766554
0.392077
1.05853
2.70971
0.979451
3.57322
1.56067
1.31416
0.808215
0.829426
1.28312
2.0311
1.02467
1.25574
2.20982
0.827245
0.533805
0.894271
0.290881
1.32714
0.639865
0.579583
0.714963
1.20866
0.985479
1.72997
0.248126
1.15564
1.25691
1.86495
0.636788
1.29102
1.47632
0.267002
1.31496
1.25204
1.12432
0.572519
0.588322
0.961898
0.0649475
1.36781
1.09633
0.872797
0.524096
0.251484
0.446421
1.23629
0.332482
0.394626
0.783826
0.148772
1.57754
0.339936
0.165698
0.671155
0.174853
0.824498
1.20161
0.809444
1.89272
0.0678874
1.90024
0.635245
0.172865
2.5226
1.60716
2.7877
0.30024
1.35661
0.334916
0.382353
0.35814
1.86273
2.00032
0.40619
1.28417
0.956312
1.77863
0.27359
2.08862
0.913938
0.209976
2.65094
1.06811
0.255239
0.737353
1.28399
1.19448
0.630559
0.925423
1.9333
0.628731
0.503966
1.01351
0.245529
0.118909
0.709935
0.640798
0.715014
0.0961855
1.07979
1.1985
0.535747
1.68456
1.00769
3.91998
1.11639
1.67648
2.37244
0.230059
1.67496
1.02934
1.95074
0.480411
1.26224
0.571984
1.80297
0.734126
1.25899
1.63855
1.51001
0.947794
1.71723
1.72914
2.39567
1.53723
0.31624
0.325747
1.73917
0.253434
0.99236
1.45775
1.32673
1.36497
0.864961
3.6503
0.462196
0.55838
1.97576
0.0771294
2.519
0.393837
1.59525
1.23786
0.547616
0.10864
0.531638
0.347917
0.965924
1.63441
0.533321
0.758063
0.731252
1.51083
2.32091
0.586451
0.561167
0.877511
0.269069
2.88595
0.796195
2.17912
0.334812
0.271017
1.31486
0.949919
0.489999
1.9451
0.796317
0.221795
1.20044
1.38885
0.586621
2.01182
2.54965
0.867482
0.748122
1.87378
0.364172
0.33105
1.66484
0.444075
0.932207
1.49575
0.642319
1.21814
0.436579
1.35239
1.12294
1.89554
1.94878
1.97038
0.911322
0.0666178
1.07741
0.781715
0.878391
1.12338
1.55094
1.03137
0.826959
0.615119
0.879724
0.869508
0.176798
0.244993
0.539398
0.525099
0.807304
1.50499
0.743803
0.285049
0.55841
0.504977
0.930181
1.04087
0.290222
0.560911
0.413456
0.38554
0.765914
0.516641
0.454305
1.00888
0.0233426
0.520192
0.73891
0.960068
0.283143
0.520699
0.68141
1.16125
0.639376
1.13698
1.14274
0.925333
1.0114
0.793164
1.12765
1.33696
2.27981
0.692373
0.903931
0.495871
0.410078
0.55366
1.61774
1.1018
0.116358
0.375744
1.42797
0.252845
1.31938
0.778454
1.62039
0.94959
0.658059
1.67727
0.0943863
1.38827
4.26928
0.775697
0.0851611
0.207722
0.666393
0.079066
0.902707
1.71425
0.847371
2.97444
1.67795
0.582869
1.30133
2.04097
0.830323
0.117972
0.682259
1.2076
0.268288
0.558188
2.3431
1.6327
1.22325
0.517616
0.575611
1.35864
1.28112
0.315022
0.993838
0.406397
1.1169
0.548605
0.633677
0.881289
0.977862
0.565594
1.44855
2.67017
0.182882
0.177377
1.82992
0.827311
1.04626
0.0652017
0.93941
2.72471
1.47442
0.649593
1.53509
0.819491
0.808246
0.166735
0.87438
0.978162
3.15746
1.45116
0.125225
1.08624
0.291198
1.86876
1.48675
0.572009
3.56232
0.78455
1.53493
0.229994
0.488814
0.238784
0.471001
0.878572
0.650659
0.690049
0.904528
0.451647
0.895467
0.892172
0.785596
1.10531
0.476898
0.548196
0.375001
0.750397
1.51906
1.60312
0.447045
0.520703
0.909714
0.406652
1.69505
0.473736
0.549848
1.14522
0.889427
1.34443
1.23958
1.45213
2.21435
1.15587
0.887804
1.66512
1.26291
0.177252
0.733568
1.0355
3.07958
1.55328
0.160455
0.541017
1.56175
0.627705
0.637489
0.673385
0.429473
0.500126
0.498138
0.145037
1.57126
0.957374
0.41372
1.20309
0.453698
1.15363
0.925029
1.99893
0.555573
1.56567
0.850759
0.247196
1.23015
2.36633
1.26534
0.956582
0.16404
0.932165
0.752229
0.0490056
1.08249
0.114292
0.173872
3.54481
0.716255
2.02764
0.312248
0.929275
0.716821
2.65364
0.286323
3.91011
1.66683
0.526689
0.686261
0.729113
0.208019
1.54327
1.80929
0.388407
0.799804
0.509505
0.7425
0.682424
1.21694
1.64983
0.385837
1.06622
0.602326
0.800098
0.338884
1.64296
0.85993
0.118458
0.938337
0.856023
1.03863
0.264969
1.23566
1.37877
0.486022
2.27497
0.329955
0.247544
2.47987
1.52116
1.06529
1.59428
0.692712
0.633472
0.181205
1.17863
1.09688
0.772015
0.260069
3.16488
0.353418
0.33185
0.81576
4.44305
0.192471
1.19113
0.374058
1.34625
1.50989
0.0428457
1.24156
0.283751
0.721239
1.63553
0.531505
2.54763
0.527214
0.467285
1.19049
0.696113
0.236022
5.23133
0.29303
1.30741
0.584391
1.81172
0.834075
1.12455
0.804878
2.97873
1.36131
0.821133
0.375508
0.316688
1.51322
2.60443
1.56382
0.757543
1.04775
0.0582354
0.208322
1.41482
0.285825
0.524531
1.86236
1.17193
0.0934859
0.126637
1.2378
0.709016
0.232688
0.955111
1.43214
0.743823
0.770263
2.16172
0.225928
1.74261
1.07665
0.0839402
2.11401
1.90075
0.858725
0.563533
0.506429
0.439335
0.627003
2.4124
0.332392
2.21961
1.32556
0.112412
1.25031
2.41283
0.169332
0.677854
0.465991
0.249787
1.23223
1.07613
0.652641
0.330463
0.817197
2.28439
1.26447
0.50626
1.22492
0.46506
0.772389
0.041864
0.663583
1.46545
1.0679
0.635077
0.291601
0.349272
0.532399
0.969601
0.50783
0.35477
1.23781
1.5996
0.923162
0.340283
0.504338
1.0753
0.858586
0.332576
1.10958
0.632706
0.863593
0.0198372
1.17179
2.27742
1.88038
1.22844
0.532641
0.0857121
1.09738
0.340173
1.08093
1.22363
1.6638
1.68162
1.52263
0.796124
0.610496
0.00500641
0.222607
0.38457
0.913956
1.19074
1.52775
0.241744
0.923032
0.47803
2.82438
0.261883
0.805726
0.779531
1.50241
0.177564
1.31788
0.368251
1.08337
0.520861
1.82421
1.40904
0.999108
1.30165
0.852134
1.33537
0.309444
1.51901
1.4089
0.757992
0.401173
0.0940873
1.28478
0.506555
1.9871
0.266253
2.23468
0.382871
1.79815
0.113738
0.862637
0.244429
1.80412
0.665514
0.933039
1.30168
0.587928
0.637309
0.994543
1.14031
2.1656
0.795977
0.833373
0.225251
0.725624
0.252334
1.56354
0.903102
0.228736
1.88431
1.24224
1.31257
1.318
1.20708
0.558074
0.301128
2.03587
0.742718
1.40386
2.44356
1.16142
0.353426
1.38296
0.45567
0.188813
0.408033
1.21572
1.0321
0.724274
1.81888
0.674996
0.787124
1.9719
1.79558
1.74571
0.209899
0.472111
0.97262
0.717377
1.01711
0.569921
0.27064
0.580173
0.816752
0.318199
0.367684
1.13366
0.501205
0.493871
0.655647
0.274268
2.10981
0.189389
1.09013
0.322117
1.72393
1.37706
0.555418
0.498379
1.5208
0.701017
0.429164
1.34059
0.430067
2.22769
0.513486
1.05441
0.138878
0.917101
3.82668
0.621311
0.281973
2.85298
0.663278
0.33086
0.67236
1.86355
0.737789
0.572199
0.240037
1.66409
0.514859
2.16687
0.648014
2.15876
0.754643
0.619105
4.86698
1.12141
0.818306
0.202355
0.632248
0.665508
1.36753
0.207819
0.696582
1.51931
0.437405
0.428734
1.45383
0.349015
0.885054
0.405076
0.211992
0.307567
1.1783
3.37394
0.831414
0.160045
2.37253
1.2307
0.69295
0.23626
1.39371
1.87266
1.54188
0.237991
0.757485
0.398001
2.11849
0.584388
0.11585
0.979275
2.95806
1.59609
0.419165
0.847139
0.485248
1.30491
0.613864
0.754684
1.40023
0.671512
0.711209
1.14964
0.107804
0.654705
0.454755
1.75567
1.15235
0.278485
0.665842
0.232766
0.442555
0.265558
0.954094
0.204456
1.78921
2.20093
1.16043
1.15047
0.600596
0.672223
0.718363
0.80644
0.24372
3.11872
0.434732
1.6774
1.04391
0.378946
0.728574
0.57784
0.126331
0.653046
0.432888
0.176253
0.342227
1.91483
0.544087
1.24637
1.81042
1.09703
0.912279
1.35468
0.28766
0.39893
0.460181
1.2822
0.660843
0.426367
0.566936
0.689511
0.274735
0.323002
1.05895
1.31904
1.65924
0.693542
0.499195
0.837907
0.105331
0.560191
2.00394
1.4242
0.774816
0.439823
0.503767
2.29139
1.12959
1.48681
0.402614
1.31363
0.235445
0.835492
0.413321
0.735887
0.403669
0.0877069
0.456514
0.0468138
1.28667
0.630164
0.399093
2.68759
3.24162
0.433312
0.427394
0.665142
0.532671
2.05106
0.553781
1.87595
0.351468
1.53937
1.03716
0.457121
1.19334
0.247157
0.474636
0.36118
2.87307
2.19779
2.55062
1.52989
0.514292
0.478576
0.765357
1.06475
1.10441
0.9121
0.727049
1.81398
0.950491
1.16697
0.230155
1.47737
0.811868
0.207558
0.896425
1.6375
3.13914
0.56308
2.55439
1.11869
1.13359
0.863357
0.48116
0.921738
0.967121
1.76917
0.409106
0.563962
1.33712
1.09884
0.239184
1.29377
0.940795
0.840957
1.12053
1.2744
0.826075
2.02117
1.07664
0.440833
2.41087
0.249606
1.8912
1.13682
1.84347
0.467444
0.846575
0.570951
1.34404
1.66362
0.71539
0.918624
1.26585
1.43946
0.160036
0.623494
0.487691
1.11542
0.760893
0.104425
0.545388
0.428969
0.404371
0.601578
0.0663988
0.701975
0.285576
1.54952
1.28887
0.794089
1.71547
1.32034
0.730716
1.25389
1.0311
0.586711
0.673089
0.608511
1.45351
1.45008
0.904672
0.271503
0.645537
0.605904
1.37009
1.93004
1.52176
0.339293
0.953193
1.04066
0.852943
1.04935
0.986377
1.68087
0.680547
0.451356
0.488394
0.985381
0.31307
0.729352
0.50744
0.646353
1.45643
0.924585
0.88463
0.773919
0.12823
0.54264
0.225713
1.36258
1.86123
1.62362
0.768972
0.0472937
0.536749
0.353454
0.923015
0.8938
1.83825
0.342892
0.934447
1.40008
3.06307
0.370033
0.748419
2.60342
1.16345
1.70358
0.569523
0.560326
1.1719
0.836018
0.18554
1.19536
1.61892
1.42958
1.16398
1.09392
0.538115
0.967682
0.530564
1.39284
2.27699
0.964528
1.36214
0.672338
0.869064
0.182015
1.25117
0.338591
0.722222
0.867805
0.236682
0.606237
0.336764
0.480739
0.764756
1.1369
1.67532
0.59542
0.740041
1.48459
0.254148
2.28544
1.46873
0.41028
1.33466
1.29183
0.384043
1.43528
0.795393
1.42077
1.18054
1.45287
2.28506
0.525757
1.38302
0.639239
0.630942
0.41129
1.1177
1.20935
2.45783
2.63983
0.336496
0.513536
0.430675
2.23001
0.26582
0.523155
1.19376
0.564036
1.45641
1.04706
0.712535
1.09427
0.473025
0.732777
1.82624
0.774639
0.937577
0.915046
1.93804
0.488761
0.570121
0.325288
0.25312
0.780309
0.591335
1.10179
0.886295
0.884475
0.253664
0.743319
0.426561
1.98781
1.95996
0.355849
2.41339
0.224895
1.25899
2.00383
2.5177
0.95309
1.33496
0.475852
0.786205
0.517177
0.708832
1.42039
0.44741
1.65561
0.92198
1.25817
0.539244
0.895175
0.418156
1.76944
0.558156
0.556256
0.718811
0.328201
1.78507
0.375322
1.69566
0.414026
1.34792
0.415267
0.308839
1.0444
1.04327
0.926763
1.93741
0.948181
1.1523
0.667608
1.47276
0.587073
0.547755
0.785715
0.822101
1.2506
1.18037
1.70068
0.715235
0.799867
1.04256
0.688429
2.15208
1.67323
1.03237
1.38366
0.606346
0.471425
0.262401
0.169901
0.794381
1.39674
1.87189
2.46986
0.431975
0.842884
2.02948
0.46297
2.96875
0.783155
1.96924
0.771535
1.2409
0.534925
1.05166
0.267198
0.835624
0.27055
0.279417
1.14202
0.55952
0.393822
1.61321
0.912501
1.67155
0.914339
0.250085
0.811688
1.00462
1.2208
1.03898
1.7439
0.734986
1.46902
0.169504
0.535097
0.548488
1.20006
0.525532
0.99874
2.76136
1.63099
1.93793
1.3221
0.444896
0.665963
1.06671
1.31211
2.52795
0.50759
0.708421
0.0867304
1.16517
0.23268
2.06109
0.708702
0.63024
1.57453
1.13472
0.912964
1.71039
1.43935
1.7185
0.465278
2.1768
0.638498
0.445357
0.307062
0.918859
1.5301
0.476509
1.62356
0.581248
0.73751
2.32333
0.344886
0.718833
0.511998
0.319684
0.682433
1.4654
1.65698
0.539905
3.63192
2.00681
1.21869
0.94773
0.50419
0.637549
1.94132
0.992493
0.65219
1.08075
2.77242
2.09484
1.0902
0.474891
0.722398
0.449821
0.778899
0.246768
0.0589176
0.63672
1.17696
0.573197
1.62124
1.27812
1.80079
0.317247
1.65812
0.687614
1.24686
2.47158
0.42427
0.282856
0.980436
0.403644
0.194905
1.178
0.257857
1.71549
2.32007
0.548246
0.420037
0.419831
1.23176
0.607313
0.320866
0.74932
1.29783
0.994986
1.25136
0.679321
1.99449
2.40672
0.950355
1.25492
0.414735
0.28298
0.187434
0.27031
1.51031
1.5995
0.266328
1.84358
3.06136
1.68339
1.10287
0.183087
0.436482
2.28008
0.283424
0.579037
0.0664819
0.721375
0.862558
1.41835
1.10255
1.03266
0.192944
0.236142
0.91725
0.777016
0.825647
1.79517
1.99518
1.3188
0.63539
0.975011
0.764054
2.37173
0.666419
1.29497
0.690505
0.241171
0.569305
0.766841
1.45787
1.35873
1.47702
0.214785
0.204694
1.25765
0.100482
0.438082
1.02562
0.974051
0.215539
1.19429
1.44049
0.230521
1.79889
1.66558
0.451366
0.430057
1.08956
0.332902
0.596955
0.121891
2.74245
0.264212
0.211898
2.55423
1.87463
0.619151
0.429471
1.05405
1.14582
0.414042
0.652791
0.27142
0.699794
0.348507
2.67324
0.573906
0.897958
0.454837
1.31749
0.508719
0.782326
0.433788
1.14329
0.0131798
1.18792
1.30435
1.28082
0.726619
0.259854
0.929025
0.216917
1.45081
0.85726
1.25824
0.378103
0.359537
0.498103
0.443253
2.45829
2.14186
1.55486
0.494893
0.736071
2.9256
2.50329
0.663406
0.13738
0.365729
0.855838
0.952553
2.23576
0.970715
0.582427
1.68427
1.1899
0.401668
2.79314
1.52632
0.461819
0.641688
1.33372
1.25912
0.393891
0.74849
1.23065
0.336941
0.676551
0.517027
0.521332
0.932959
0.274107
1.26414
3.02728
0.794546
0.675219
1.36967
1.89269
0.891895
0.6361
0.475152
1.43509
2.14936
3.00054
0.711831
0.106443
0.873302
1.30307
0.0616828
0.72495
0.58383
2.29587
0.576545
1.41767
0.267413
1.23167
0.235096
0.363137
0.814715
1.56346
1.70962
2.3681
2.15305
0.455842
1.8563
0.465035
0.251468
1.14428
0.493366
0.840762
2.59929
0.457152
0.757474
0.751805
0.106952
0.681597
0.599818
0.0689297
1.83415
1.51661
0.569118
2.62586
0.730093
0.337043
1.2559
0.962419
0.995374
0.639718
0.351242
1.3258
0.55902
0.28211
0.293716
0.504737
1.27491
0.802807
0.524246
0.770069
1.42868
0.444554
0.702007
1.07279
1.16339
0.896954
1.38346
0.33252
1.6049
0.689437
1.54331
0.59463
0.433394
1.75263
0.499842
0.679256
0.913375
0.64431
0.901025
0.365102
1.06146
0.0694179
0.718168
0.665922
0.532983
2.29822
0.332148
1.23145
1.18483
1.8296
0.129348
0.682175
1.99242
0.646375
0.244132
0.516553
0.254151
1.22885
2.02614
1.39921
1.61082
0.147857
0.615261
1.07456
2.06148
0.842844
0.506055
0.606195
1.97392
0.911473
1.69368
1.02072
0.828386
0.916388
1.95808
0.541838
1.17572
1.35162
0.194012
1.26138
1.80911
0.294662
1.62408
2.11252
2.02533
0.397486
0.541908
0.124043
2.17059
1.48852
1.00006
1.40508
0.350076
1.09911
1.44983
0.136585
2.78485
1.17831
0.411109
0.722375
0.511779
1.01515
0.520877
1.79068
1.04176
1.86569
1.34829
1.14493
1.02148
0.526733
0.223821
0.633318
1.3632
0.575568
1.34121
1.11108
0.246847
0.919536
1.11192
1.22708
0.659703
0.655005
0.499654
0.362561
0.844293
0.736152
1.71027
0.690509
1.17685
0.801863
1.18998
1.03876
1.68211
0.617673
1.51891
0.428399
1.11531
0.819357
0.126624
0.157521
0.633762
2.55456
1.63344
0.408356
0.613289
1.10424
0.378399
2.37364
1.09906
0.421365
0.0803619
0.218815
1.55269
0.922884
0.48451
1.30907
0.964274
0.863768
0.843691
2.05028
1.31615
1.2966
1.30725
0.767692
1.00753
1.14798
1.36294
1.13032
1.66192
1.22919
0.846298
0.183928
0.842455
0.333366
0.711789
2.13541
0.364978
0.872452
0.360648
0.604747
0.293466
0.430416
0.579395
0.70364
0.218553
0.51583
1.01128
1.0682
0.537341
0.766332
1.06616
1.40988
1.26186
1.31914
1.11367
1.99301
1.37218
1.301
2.77573
0.134553
0.68334
2.65463
0.924357
1.67161
0.300589
1.16643
0.634233
0.419256
1.61821
1.42014
2.15238
0.173033
0.822316
0.857595
0.410921
3.58693
0.503259
0.363531
0.643669
1.63204
0.660536
2.49323
0.659694
0.833574
0.752455
1.00736
0.742157
0.931581
0.43085
0.338519
1.07792
0.949855
0.287473
0.558784
0.568357
1.83279
0.317792
0.704568
0.124173
0.284067
0.567147
1.05533
0.198187
0.308943
0.219731
0.188026
0.244675
0.380588
1.55368
1.01074
0.91919
1.14925
0.795047
0.978605
1.22307
0.148836
0.72508
1.22385
0.0996573
0.369564
0.192112
1.53273
1.11625
0.338348
0.451972
1.20155
1.9582
1.21889
0.392013
1.56885
1.64604
1.88385
0.620861
0.298207
1.37262
0.803618
1.21144
0.482746
0.651232
2.77128
0.577002
0.878562
0.677008
0.771794
0.0494569
0.82652
1.12472
0.266264
1.11046
0.41282
0.243066
2.00772
2.26239
0.139865
1.23332
0.510263
1.34825
2.40926
0.154972
0.928342
0.76188
1.76406
0.588304
0.980169
1.98487
0.742633
0.60687
1.90903
0.654137
0.409399
1.12228
1.59332
0.714646
0.435387
0.993736
1.13151
1.33063
1.8968
1.35143
1.37885
0.671247
0.347875
0.755712
1.75527
2.45966
0.298371
0.67783
1.48325
0.62414
0.837911
0.473316
0.966333
0.74664
3.13147
0.836317
1.0711
0.654522
0.441939
1.70534
1.24648
0.192658
0.940249
0.178385
0.445619
1.70846
0.378301
1.04589
1.88433
0.635317
0.331216
1.16159
1.90727
1.31909
0.248808
0.126431
0.378988
2.93255
0.67974
1.07512
1.80822
0.425512
0.100862
1.352
0.384873
0.44865
0.589469
0.795239
0.92405
0.192414
0.540306
0.240646
0.410953
1.06997
0.411996
0.340219
0.257535
1.03783
1.04832
0.311941
0.429599
0.479108
2.15216
0.362142
2.29759
0.391653
0.441451
0.254318
1.00525
1.49999
0.577475
0.312252
0.925513
1.6017
1.42742
0.510994
2.43496
1.52496
2.71063
0.371734
1.77454
1.12832
0.551997
1.0968
1.34328
0.888213
0.298597
3.00183
1.0679
0.582076
1.70471
0.794527
0.699417
0.372236
0.051322
0.258985
3.6519
0.944633
0.222321
0.750634
0.469292
1.19082
0.755654
2.6165
0.972846
0.121122
0.50538
0.425569
1.71604
0.156151
0.226546
1.29221
2.4889
1.13901
0.256344
1.46469
1.15575
0.876786
0.675395
0.321067
0.59751
1.60583
1.25232
0.199597
2.10101
2.32357
0.371983
3.25671
0.550604
0.19737
1.01343
0.944886
1.20019
0.318027
0.281683
1.15234
0.47081
0.928867
1.21745
0.599961
1.03628
0.595797
0.81354
2.8317
1.29483
2.0522
0.237418
1.013
1.59875
1.22872
3.22563
0.325318
3.05848
0.614678
0.573289
0.268301
0.509085
0.165993
0.636083
2.80036
0.397941
2.14941
0.597987
2.82287
1.0435
1.06866
0.830431
1.4479
0.428219
0.824097
1.60036
0.412379
2.27567
0.4428
1.74434
0.288068
0.787886
1.44692
0.46008
1.95415
1.24517
1.17827
1.26796
0.50069
0.432323
0.319618
0.54237
0.675622
0.266743
0.483329
1.7856
0.134708
0.879565
1.03744
1.6786
1.05946
1.10723
1.69146
0.431115
1.04909
2.31978
0.150932
0.424852
0.684676
0.530645
0.604023
1.04538
0.55012
1.04175
1.19336
1.37657
0.427979
0.63106
0.974596
1.00405
1.90461
1.68676
1.7573
1.24219
0.781024
1.35068
0.548088
1.63685
1.37044
1.60931
1.30926
0.896203
0.973438
2.26328
0.846557
1.08941
1.10224
1.10013
1.25614
1.20856
0.662441
0.346992
0.669312
1.38845
0.235271
1.78657
0.904125
1.56697
0.582423
0.373457
0.568265
2.47168
0.384633
0.412512
0.665339
1.32242
0.614049
1.70708
0.821716
0.551713
0.697856
0.497032
1.04107
1.11373
1.09354
0.226786
0.551867
0.63301
0.40154
0.370589
0.853827
2.07436
0.737045
0.726698
1.6036
1.10082
0.119332
0.862072
1.24946
0.817388
0.0779938
0.450302
1.1004
0.482942
1.63234
0.760619
1.00834
0.957451
0.864241
0.420287
0.137774
0.726554
3.64868
2.22087
1.31778
0.424465
0.469214
0.901196
1.48854
1.14504
0.0864806
3.5866
0.147263
2.43783
0.180479
0.857011
2.58341
1.05363
1.23545
0.360706
2.52668
0.103285
0.843636
0.920522
0.510559
0.142128
0.990921
1.64646
0.224409
0.722697
0.474627
1.05864
0.471283
0.460374
0.665768
0.377584
0.821539
1.22475
0.866948
0.945181
0.720819
2.29635
0.98184
2.30365
1.26164
1.37352
0.256605
0.81302
0.688482
0.470138
0.731808
1.52178
2.11683
0.483576
0.615479
1.27571
2.27824
0.811765
1.14176
0.554628
1.27227
0.421697
0.756719
0.999799
0.75254
0.192059
1.48966
0.657645
0.584212
0.3066
0.42517
1.23779
0.18534
1.18947
1.45122
0.233149
1.29997
1.45389
1.66758
1.75984
0.486425
1.57558
0.42747
0.453255
1.517
0.429013
0.28458
0.631613
0.911834
0.831575
1.81092
1.51889
0.778012
0.315676
0.552423
0.512038
0.298527
1.5603
1.05045
0.514527
0.92017
0.598343
2.74965
0.827734
0.982858
0.375127
1.07139
2.55723
3.15819
0.102665
0.971643
1.05585
0.0353138
1.00219
0.309174
0.99858
1.1987
1.51268
0.928518
0.750473
1.31513
1.03509
0.543397
1.74978
0.409285
0.180453
1.39668
0.707664
1.25208
0.901212
0.979515
1.0831
0.457315
0.146804
1.5296
1.68206
1.24494
1.7038
0.531541
0.13262
0.989075
0.665454
0.928438
0.36939
0.896021
3.48882
1.04348
0.959847
0.742045
0.412466
0.71637
1.33447
0.540667
0.465557
0.391972
1.33351
1.00739
1.60333
0.214969
1.08825
1.06711
1.53123
0.283712
0.641185
0.555868
1.8518
2.29751
0.282721
0.417632
1.26242
0.602078
1.37811
1.64991
0.758678
0.50324
1.90583
0.780299
0.252385
0.516289
1.12903
2.44884
1.76707
2.10887
0.456488
0.944341
1.04742
0.98544
1.28445
2.03613
1.13498
1.4363
3.80178
1.75236
0.610956
2.12032
1.15952
0.85183
1.54035
3.27507
0.814189
1.40942
0.212894
1.22977
0.403722
1.01131
0.235643
1.03513
0.451044
1.03078
0.858765
0.517954
0.682709
0.9743
1.14973
0.758971
0.432439
0.587159
4.15149
0.270624
0.466059
0.980094
1.07474
1.34606
0.564457
0.456786
0.719671
1.51235
1.89187
0.612904
2.20213
1.59056
0.399039
0.63106
1.19365
1.44126
0.493941
3.4233
1.52639
0.234432
2.39283
0.676499
1.21976
0.943578
0.23663
0.595352
1.45305
0.334778
0.322927
0.391983
2.13164
1.86663
1.32772
0.398295
1.29741
2.29473
0.422793
0.228521
0.561465
0.27388
0.239976
0.620235
1.20193
0.395021
0.831071
0.36437
0.967866
1.74586
0.548219
2.71836
0.351216
0.215482
1.07761
0.924859
1.33152
0.230532
0.585768
1.39043
0.518194
0.449272
0.179568
1.5201
0.187554
1.0305
1.13452
0.320487
1.92314
0.290091
0.731668
0.489284
1.61629
0.977089
2.09038
0.670673
0.429495
0.252733
0.363743
1.00671
1.17003
0.300694
0.122616
0.604507
1.01986
0.174321
0.458704
0.246409
1.39394
0.993635
0.188277
0.515055
0.709779
0.439202
1.26301
0.551131
0.256309
0.25032
1.50268
0.288721
0.684661
0.768251
0.25016
0.652076
0.486455
1.95583
0.624231
0.347668
1.14433
1.40806
0.664888
1.31654
0.374759
0.283793
1.34915
0.1925
1.74565
0.525628
0.300878
1.72829
1.20149
0.812386
0.0727814
1.40261
0.873116
0.936312
0.164964
2.0125
0.773404
0.6055
1.64668
1.06302
0.860846
1.45943
2.6555
0.209597
0.254595
0.341384
0.782329
0.501084
0.113781
1.84592
0.341235
1.68831
0.541908
1.70277
0.676975
1.09002
0.435593
2.28418
0.839124
1.21767
2.53176
1.4899
1.34652
2.17564
0.227554
1.04692
1.59068
1.51511
0.713434
1.48774
0.591525
1.76034
0.234412
0.552341
0.634619
0.839153
0.640463
0.344342
1.29394
0.430383
0.727343
1.7921
1.57845
1.65017
0.430372
0.444593
0.949189
0.892973
0.143496
0.453033
2.3461
0.819428
0.522155
0.269005
0.675473
1.64682
1.12439
1.34663
2.54306
0.500956
0.880832
1.06562
0.39879
2.03296
1.20305
0.324615
0.796002
0.789706
1.77383
0.619246
0.25254
2.45389
1.17667
2.07847
0.500119
0.770744
0.769534
0.837445
1.15547
0.388792
0.862985
0.748407
1.1675
0.919327
4.47723
1.57361
1.85671
0.747268
0.540689
0.827122
1.26056
1.12976
1.10013
0.99757
2.8157
0.81486
0.430745
0.961971
0.938565
0.811658
1.14064
3.01501
0.927507
0.468441
0.0838561
1.47825
0.689895
0.57992
0.870915
0.946474
0.932452
0.370246
0.757848
0.440383
1.70835
0.880713
0.487184
0.658411
0.624266
0.609482
0.764545
2.21585
0.243304
0.389817
1.11282
0.400252
0.454917
1.00897
0.398344
0.991049
0.313373
0.694385
0.135258
0.655129
3.66794
0.889704
1.4955
0.655327
1.16868
0.865273
0.41494
0.476461
1.1415
1.71004
0.392005
1.30642
3.26499
0.29174
2.90941
0.422621
0.306058
2.10186
0.886679
1.15452
0.569986
0.160442
0.612459
0.797979
0.338267
0.152355
2.69261
0.82666
0.115041
0.547081
0.64752
0.19039
0.839558
1.70705
0.590889
2.34236
1.20722
0.352629
1.16279
1.11882
1.59371
0.567523
1.25061
0.490415
0.86851
0.323159
1.34161
1.59016
2.14425
2.26549
1.10325
0.750029
0.545319
0.643186
0.503314
0.449393
0.168422
0.191991
1.31201
2.10615
0.823563
1.17206
3.00064
1.10191
0.63218
0.146297
0.758038
1.42827
0.187696
0.622781
0.513232
1.78627
1.04463
0.896104
1.40341
1.04975
0.882483
0.967859
2.09906
1.72227
1.65181
0.400409
1.20073
0.661656
1.21917
0.57297
1.32679
2.18946
0.475445
2.58647
0.502231
0.763136
1.64204
1.77104
0.896115
1.16568
0.207118
1.42959
1.23822
0.556335
0.942878
0.896111
0.698124
0.371384
3.65059
0.420611
1.85063
1.8021
0.971273
2.63713
0.602267
2.14986
1.29762
1.16729
0.829739
0.324911
0.466654
1.34091
1.38498
0.664604
0.833932
0.655926
2.14436
0.94862
0.695094
0.799691
0.486844
1.37441
0.706622
1.39608
1.19265
1.11329
0.403443
0.0498117
0.830613
0.312614
0.107668
0.118204
0.93745
0.663057
0.209976
1.57576
0.139674
0.430575
0.400941
0.780319
0.572397
0.637293
2.29665
0.835546
1.35025
2.75679
1.97548
1.41288
1.00873
0.261436
0.11893
0.286669
1.15682
0.707794
0.578596
0.775017
0.161516
1.75335
1.81647
0.949543
0.948407
3.69625
1.08765
0.8928
1.77724
1.101
1.08213
0.972795
1.58337
0.246118
1.01107
0.809757
2.28738
1.27296
0.0987364
0.614684
0.607393
0.594306
2.19161
0.285913
1.34426
0.642545
1.13496
0.237146
0.399398
0.19198
2.49394
0.881131
0.675636
2.38438
0.340336
2.21504
0.714377
0.732244
2.36644
0.736999
2.15169
1.69524
0.718439
1.38018
0.584669
0.917587
0.633752
1.42803
2.25958
1.16558
1.32362
0.0689388
1.42173
0.178218
0.125145
0.347977
0.202339
1.434
1.59887
0.24801
2.00648
1.4765
0.843298
0.67525
0.494737
0.295911
3.45948
0.427302
2.42275
0.208494
0.338584
1.38711
0.302459
0.779342
2.96177
0.852925
0.795238
0.663682
1.0998
0.783271
1.33175
0.540749
0.430035
0.566103
0.769279
1.13561
0.0297968
1.24607
3.9631
0.691788
0.776126
2.1382
0.443318
3.15965
0.678392
0.627183
0.961639
0.841532
0.0947285
2.37863
0.497268
0.718551
0.783114
0.926353
1.21369
0.47048
0.516578
0.466134
0.719822
0.162815
3.24955
0.205272
0.578377
3.35434
0.967549
0.446467
1.049
0.551705
1.93415
0.234702
3.19601
0.936452
1.8053
0.282411
0.416945
0.596344
0.660086
0.346192
0.571259
1.26113
0.962757
0.619554
1.492
0.363534
0.964427
0.973649
1.52117
0.460397
1.85476
0.641087
0.848591
0.940752
1.68241
0.157238
0.952699
1.10061
1.33812
0.239748
0.896427
0.389718
1.93697
1.69469
0.285855
0.917973
0.598286
1.53775
0.59487
3.26929
1.06378
1.90907
0.183613
1.16923
2.00166
1.22041
0.812153
0.714707
1.19007
0.413512
1.16386
0.601476
1.87797
0.516803
0.614873
0.789961
0.759243
0.257104
0.764056
0.926381
3.54849
0.140429
1.21403
1.26229
1.95498
1.71595
0.804946
1.94305
1.26503
0.803345
0.691976
1.26243
3.31726
0.725137
2.99166
1.54622
0.716351
1.8707
0.530412
0.240695
0.665206
0.523962
0.228227
1.26385
0.289348
0.737273
0.71795
0.944867
1.07252
1.65417
1.71731
0.391848
1.21466
0.544393
0.859387
3.06231
0.802841
2.33602
0.415869
1.1176
2.43136
1.0407
2.6927
0.389145
1.20769
0.731502
0.459203
0.912671
1.69472
0.274256
1.67407
1.23566
0.828468
0.525887
2.378
1.24556
1.28346
0.878502
0.368363
0.221897
1.13366
0.650191
2.92896
1.14475
2.74736
1.61675
0.861801
0.429802
1.47807
0.538634
0.47936
1.55824
0.172078
0.756471
1.83166
0.951161
0.810904
2.46741
0.654184
0.349222
0.753986
0.461696
1.32926
0.484254
1.89244
0.395102
0.674673
1.17172
0.860056
1.73094
0.200335
2.52793
0.321784
0.306297
1.59275
1.97711
1.09254
1.04003
0.599024
0.300617
1.67696
0.352721
0.892646
2.09053
1.20991
1.15336
0.723676
1.03238
0.751146
0.0471089
2.61415
1.06628
0.09119
1.29002
0.18405
2.39252
1.20633
0.170591
0.548701
0.894087
0.948366
1.34963
2.14339
1.53552
0.6192
2.71018
1.61966
0.417753
0.698176
0.553999
0.504299
0.628491
0.258255
0.82652
1.32604
0.7871
1.88988
0.26356
0.39393
1.08458
0.168744
1.55163
2.03512
0.473698
0.288352
0.832752
0.547771
0.700073
1.07334
1.17876
1.41064
0.301393
0.712899
1.41312
0.250458
0.981995
1.60334
0.633057
1.61164
0.969167
2.92899
2.29548
0.763103
0.438737
1.01217
1.49706
0.824218
0.279224
0.710716
0.833271
0.438332
0.860437
0.40203
0.975165
0.634707
0.307878
1.78329
0.896176
0.881379
2.36155
2.64054
1.09468
2.02387
0.816566
0.810844
0.573238
1.3754
0.123983
0.109495
0.734517
1.77575
0.0253479
1.27188
0.761922
0.106343
1.11324
1.96523
2.66743
1.61152
0.689717
0.636383
1.09007
1.79342
0.880923
0.998788
1.95209
0.408389
2.00287
0.903865
0.400613
2.01573
0.488057
0.56303
0.586891
0.785558
1.04375
0.495798
1.03327
0.883377
0.882191
0.399071
0.526875
1.16231
1.457
1.2622
0.214281
1.25077
1.12102
0.446112
1.41491
0.501832
1.2834
0.76
0.756239
1.63784
2.70415
0.143728
0.17899
1.70128
1.55038
0.250997
0.698936
0.617982
0.069566
0.617488
0.890602
0.622104
0.53758
0.702157
1.26808
0.509351
1.14256
0.411517
0.696585
1.42744
1.44672
0.585403
0.700768
2.37646
2.20656
0.785481
1.83825
1.44508
0.80929
0.751186
0.673639
0.543967
1.7287
1.20636
1.3926
0.992503
0.724147
0.236034
0.638349
0.355121
2.35731
0.249597
0.927886
2.38052
1.04997
1.90914
0.469102
1.22556
0.239389
2.47091
0.684444
1.48466
0.522519
0.613922
1.764
1.26675
0.361365
0.981394
0.463139
0.538892
0.906511
0.758395
0.0959751
0.12559
0.745621
0.681021
0.513602
1.37423
0.185159
1.22376
1.71442
0.588236
0.325065
1.14182
1.88239
0.650452
0.364836
1.45662
0.660013
1.84652
2.26376
0.73004
0.450281
1.08145
3.47644
1.56654
0.760278
0.623162
1.61125
0.627295
0.553078
2.11767
0.456273
0.235579
0.272942
1.08142
1.50372
0.723411
2.3658
0.887268
0.102353
1.56044
0.927597
1.31682
0.732509
0.667938
1.29461
2.52162
0.588396
0.952913
1.30211
0.402902
0.297575
1.17477
0.544408
0.117154
0.193228
0.404266
0.436669
1.02499
1.0076
0.692329
2.53112
0.813798
1.6059
0.878256
1.31172
1.50917
1.31381
0.470212
0.68402
0.477092
0.658739
1.20928
0.858949
0.55552
0.580479
0.452845
0.363079
1.32598
0.547235
0.47015
1.55385
0.428684
3.34678
0.893974
1.12029
1.87979
1.6442
0.601746
1.2965
0.463889
1.18029
0.130342
1.0612
0.520979
0.904382
0.449263
0.389236
0.0974218
0.360816
0.826154
0.865212
0.719846
0.910782
0.665519
0.260756
0.490785
2.63275
1.04243
1.09219
1.22735
0.244806
0.453512
0.642888
0.717746
0.475283
0.486505
0.932494
0.887261
0.807332
0.57222
0.782517
2.82083
1.39164
0.212518
1.53859
0.739791
0.423843
0.685773
1.19664
0.604616
0.680805
0.590936
1.01876
2.00452
0.615938
0.569675
0.986885
1.42566
1.45901
0.985921
0.787725
0.650121
0.836431
0.644961
0.385115
0.326537
1.09812
1.20054
0.528399
0.4521
0.551457
0.813745
0.726028
1.51596
2.93621
4.32401
0.030345
1.62744
1.75581
0.360993
0.360138
2.15594
0.608885
0.493018
0.274565
0.596283
0.109244
0.14229
0.252542
0.927664
1.36439
1.5032
0.121013
1.00003
0.917348
1.7409
1.97364
1.29105
0.496405
0.251647
1.14685
0.52166
0.233024
1.83583
0.20874
1.86904
0.618302
1.18073
1.25709
0.828381
0.230636
0.402476
0.0672173
0.207085
0.878488
1.44082
1.34867
0.370988
0.338087
1.4019
0.623908
0.996022
1.47407
0.83368
2.63117
1.1868
3.16088
0.870606
1.23592
0.470206
1.14659
1.24338
0.51758
1.1843
0.842092
0.258474
0.503962
1.3714
0.820562
0.968819
0.538968
1.35919
0.562959
2.69149
2.50397
0.617175
0.455658
0.150054
0.630586
1.3473
2.02651
0.958563
0.339001
0.935674
1.78162
0.754646
0.26843
0.906012
1.1464
3.87988
0.966209
0.93151
1.86085
0.714177
0.749862
1.12992
0.920581
1.25131
0.35575
1.24388
2.68697
0.781088
0.830918
0.424929
0.467439
0.695823
0.468992
1.14024
0.267476
1.35948
1.14339
0.56043
0.222585
0.607663
0.377572
0.88979
0.369015
1.60339
1.88094
0.504379
1.55061
1.09649
0.878097
1.73406
0.508689
0.976992
1.41802
1.16308
0.670962
1.28334
0.247058
0.662024
1.61347
0.535878
1.44104
0.699086
0.779607
0.259929
0.639132
0.903572
2.37031
0.399823
0.249861
0.791782
2.92431
0.419813
3.05331
0.585281
0.903995
0.304591
1.11918
0.663148
1.11988
1.76503
1.05285
0.303738
0.334142
1.34033
1.3019
0.667871
0.423933
0.322833
0.608833
1.36676
0.449542
1.43381
0.617318
0.671632
0.598772
0.485497
0.0985094
0.175641
0.511575
0.326842
1.49864
2.72977
0.694487
0.877427
0.744529
0.758261
0.356849
0.981882
0.154502
0.704555
1.2023
0.667972
0.275804
1.53666
0.88843
0.754194
0.548781
0.877407
0.417027
2.2722
0.68737
0.675578
0.72983
1.29731
0.658041
0.681709
0.177823
2.47215
0.788575
0.912375
0.720513
1.2301
2.14687
1.55066
2.03098
0.878399
0.315038
0.428229
1.0255
0.725074
1.02103
2.50829
1.43472
2.24191
1.29421
1.10573
1.37606
1.11679
1.15798
1.70277
0.599492
1.07855
0.703498
0.973886
1.50867
1.65541
1.96728
1.65086
1.50675
3.1315
0.716115
0.690998
0.481912
0.790485
0.934592
1.53532
0.281644
0.688018
0.564905
0.383578
0.289127
0.221913
1.71892
1.2335
1.33912
0.295705
2.46023
1.19965
0.571578
1.73382
2.02038
0.380573
1.12959
1.01669
0.72837
0.514413
1.13181
1.25494
0.857157
1.65415
0.378254
2.71738
0.164746
1.22518
1.07604
1.41194
0.671308
0.606481
1.09849
1.87987
0.420188
0.655214
2.38056
2.10339
2.56624
0.808412
1.33417
1.08133
0.383808
2.52479
0.778783
0.203218
4.33561
0.48577
2.50006
0.766703
2.38278
0.665193
1.98523
0.898333
0.420164
0.799576
0.721474
0.499761
1.95117
0.328292
1.4025
1.98326
2.96899
0.71166
0.508816
1.45698
0.561291
0.770091
2.41665
0.705663
1.52067
1.11435
0.811649
0.198024
1.07019
1.37019
0.995809
0.243861
0.906139
0.879194
0.732849
0.495621
0.585308
0.788629
0.413751
1.73739
0.873235
1.33406
1.53381
0.174189
0.620995
1.03668
0.663786
0.553061
1.98283
0.406491
0.214194
0.225811
1.64731
0.282669
0.550328
0.287578
1.12247
0.227675
0.373547
0.305198
0.4291
1.87897
1.26527
0.130929
0.357303
1.94494
1.38586
1.11302
2.93642
0.842472
0.399053
0.414693
0.481872
1.98569
1.10472
0.526197
0.291843
0.417262
1.05633
1.58044
0.443176
0.429775
0.422388
0.222248
2.04093
0.580447
1.30298
0.446546
0.260365
0.821773
0.469476
0.486021
0.977647
2.17851
1.39049
0.15907
0.984308
0.86384
0.952827
0.334391
3.3314
0.220825
0.0764082
0.364917
1.78672
2.23123
1.1327
2.6235
1.00249
0.872175
0.257494
0.967728
1.07089
0.22176
1.37194
1.13862
1.82262
0.799751
0.940829
1.49633
5.47937
0.860993
0.869944
3.71955
1.10451
0.256155
1.21627
1.3082
1.62688
1.511
0.521161
0.621159
1.00717
0.851064
1.14506
1.033
0.147912
5.27032
0.496341
0.527343
0.716722
0.940157
0.301181
1.60676
2.19759
0.906364
1.41061
0.480217
1.38517
1.45187
1.87886
1.22403
2.28806
0.688681
2.63436
2.15482
1.04708
0.654311
1.91249
2.2814
2.60319
0.917653
0.803538
1.82273
0.872954
3.13301
1.23976
1.53014
1.7558
1.2103
1.19387
1.59373
1.31197
0.522983
0.108939
0.504787
0.773056
0.341425
0.711796
1.08185
2.21983
1.02072
2.34346
0.964111
1.72203
0.160939
2.94172
1.08678
0.831225
0.451936
0.713322
0.99947
0.511437
1.46257
0.367983
1.45805
2.17337
0.233356
0.895533
0.529452
1.02726
0.501932
0.259471
0.107177
0.0515843
1.21196
0.485807
1.52628
0.548899
0.741193
0.403493
0.505369
1.21374
0.0960905
1.7118
1.19803
1.60191
1.31375
1.30258
0.302566
1.34001
0.504866
1.73194
0.115051
0.942253
0.425079
1.09777
1.14611
4.05818
1.25196
0.173844
1.70912
0.443923
0.463921
0.134598
0.282061
0.735889
0.572699
0.353363
1.00407
0.49127
1.20671
0.140166
1.13194
0.121254
0.362128
2.79778
0.654188
0.820089
1.49075
1.50374
0.821139
1.17578
0.240204
1.26484
0.240914
0.513715
0.889213
1.47241
1.34562
1.18198
3.26974
1.18837
0.173467
1.33927
1.52775
1.65893
1.71869
0.208886
0.908227
1.50655
1.58442
1.33693
0.13132
0.475338
0.696061
0.338143
0.629314
0.494096
0.652187
0.28427
2.39717
2.74965
0.198129
1.06176
0.443851
0.0544931
0.866537
1.43618
1.29231
0.196622
0.637099
0.727694
0.0915772
0.377067
2.05913
0.172042
0.213502
1.20137
0.112459
0.170632
1.12489
0.53066
1.11245
0.132963
0.965115
0.429074
1.08746
0.78153
1.69009
1.12833
0.408049
2.26343
0.96287
1.9988
0.448958
1.10557
1.18621
1.96993
1.45877
0.796982
1.81197
0.168492
1.22004
1.24561
1.52768
0.370687
1.839
0.0850046
2.34533
0.337243
0.404339
0.592146
1.55535
0.207019
0.630214
0.854983
0.653874
0.815315
0.37518
0.631935
1.85675
0.541793
1.2186
0.124856
3.03332
0.469815
0.997954
3.30531
1.22535
0.466126
1.47949
0.127105
1.00004
0.331358
0.769739
0.13198
0.323446
0.787903
1.13044
0.515552
1.5809
1.30495
0.507386
1.09128
0.562814
0.0416966
1.61822
0.168528
1.51924
0.450371
0.100552
0.324182
0.650351
0.751875
2.19795
0.371621
0.333769
1.13613
0.866374
0.387804
0.59386
0.128625
1.85746
1.52979
0.108421
1.2147
0.810178
1.86243
0.949943
0.582432
1.02913
0.877155
0.284509
0.573625
0.182495
0.731426
0.0989266
0.143553
0.15526
0.335329
0.260593
1.60183
0.357739
1.03834
1.93319
1.34884
1.51464
0.378826
0.810956
0.528384
0.722665
0.584955
0.65311
0.324496
1.13273
0.595952
1.62395
0.413211
0.676409
0.486494
3.55762
1.76753
2.05303
0.374324
0.321322
2.00498
0.202662
0.572141
0.914687
1.09944
1.79289
0.533804
3.38369
0.865674
3.43682
1.87022
0.229465
0.562503
0.159006
0.976511
0.26321
0.279173
0.817789
1.45456
0.817889
0.71219
0.391212
3.10444
0.670584
1.15969
0.330006
0.79121
0.254143
0.15842
1.36766
0.557451
0.160105
0.255237
0.278212
0.827319
1.65378
1.80188
0.233417
4.3493
2.27067
0.659415
1.57102
0.271532
0.306287
0.558276
1.24811
0.787921
0.144347
1.44044
1.66709
0.743845
2.15512
0.515051
0.127622
0.205416
1.05471
0.843691
0.52125
0.330834
0.434982
0.777732
0.373906
1.27833
0.677641
1.00963
0.707252
0.882879
0.985761
0.903275
0.577262
1.2221
1.10612
0.701359
0.917521
0.539783
1.1901
0.620142
0.730257
0.312474
1.00798
1.16472
0.372598
2.2416
0.452029
1.38233
1.10828
0.751553
1.8973
0.363198
0.774617
2.07551
0.561969
0.395608
0.66997
1.62945
0.213289
0.559929
0.421656
2.46703
0.803068
1.02311
0.494759
0.401503
1.09425
0.338357
0.70558
0.393931
1.59484
1.4328
0.722904
3.43822
0.808431
0.436917
0.887111
0.150073
0.530818
1.5148
0.535692
0.0768584
1.89548
2.89301
0.921028
0.779016
1.17629
0.289316
1.25537
1.41385
0.497774
1.51903
0.882644
1.23725
1.60545
0.802081
0.766779
0.785611
0.803623
1.021
1.44702
1.21392
0.126648
0.860099
2.10719
0.808154
0.328594
1.48975
0.121113
0.98858
0.331097
1.0679
0.585238
1.23217
0.180753
1.73119
1.43174
0.34345
2.0406
0.496239
2.63329
0.697791
0.688926
2.08771
1.03265
1.40801
1.35798
0.255287
1.86676
1.32773
0.495298
1.7521
0.38435
1.3234
0.258396
0.450906
0.104152
1.67736
0.411387
1.10654
1.15917
1.30326
1.24299
3.4801
0.292244
1.30006
0.770759
0.887473
0.85673
0.816056
0.409928
0.40234
1.15575
0.720113
0.804199
0.183858
0.790862
0.609747
1.94118
1.73226
0.334275
1.02855
1.0338
0.67219
0.775308
1.54537
0.736226
2.51132
1.69762
0.971067
0.705618
0.9957
0.249955
1.08172
1.90032
2.63434
1.12696
0.851556
0.22657
0.369529
0.32766
1.74677
0.879255
0.0484092
0.887156
0.882644
0.307946
0.182109
1.35895
1.17909
0.567082
0.712143
2.53436
1.44808
0.62027
0.781937
0.823891
1.33334
1.03179
2.03491
1.14002
1.06769
0.436918
0.393013
0.914642
0.438672
0.790788
0.464193
0.982018
0.955747
0.486535
0.983556
0.74848
0.674747
1.88546
0.0123816
0.366604
0.53106
0.857924
0.394472
1.93471
0.323871
0.684056
0.372655
1.31179
0.416411
1.35521
1.10692
0.257028
1.06952
0.883703
0.704043
0.0781589
1.27365
2.21985
0.753437
2.28033
0.579818
1.52094
0.618213
0.423024
0.376388
0.969908
0.304296
0.429796
2.27633
0.904795
0.378093
1.64046
1.28685
1.55052
0.959746
0.731936
0.512338
0.856746
0.691417
2.04203
0.533416
1.15756
0.679301
0.552673
0.170199
2.39975
1.32808
2.30943
0.726363
0.696139
1.12969
1.84453
1.33875
0.526093
0.782465
0.157809
2.89759
0.925523
1.34579
0.530303
0.997732
1.33865
0.233869
1.23035
0.281149
1.50011
0.0946884
1.22814
0.718392
1.66607
0.466076
1.71629
0.117394
0.515499
0.955689
1.64691
0.393508
0.89725
0.311204
0.647201
3.2469
0.715904
1.13049
0.570486
0.436315
1.00464
0.910892
2.06063
0.433441
0.568914
1.86225
0.523417
0.96554
1.23431
0.652057
0.783432
0.535241
0.733736
0.715193
0.731865
1.80806
0.53831
1.05597
0.839685
0.91026
1.10112
0.695219
0.400511
2.64177
1.51843
0.620176
0.251908
1.69804
1.6623
1.55598
1.10515
0.184216
1.61148
0.957129
0.785207
0.215165
0.444313
0.630266
1.36398
0.546735
0.238304
1.56983
0.905387
1.83216
1.13153
0.299177
1.52467
1.69639
0.659607
0.164659
0.696814
1.44213
1.0293
0.209302
0.708039
1.34487
0.938622
1.25985
1.29962
0.498342
1.48565
1.20546
0.805389
0.778116
1.50302
0.347057
1.15577
0.522976
0.11579
1.90198
1.26238
2.79091
0.279985
0.939376
0.453906
0.908913
0.974607
0.573103
1.54345
0.407572
0.770745
1.90046
1.50636
0.133759
0.420793
0.795032
0.597772
0.376681
1.88697
0.65622
0.365414
0.463695
0.326983
0.152318
0.145381
1.07508
0.60032
1.73435
0.552105
0.685693
0.0816272
0.773526
0.917184
0.618096
1.40166
1.08391
0.777172
1.00019
0.430897
0.49689
0.859912
0.164157
1.02552
0.12591
2.68453
1.54133
0.571698
0.367888
1.4068
1.55468
0.309871
0.508946
1.32518
0.541443
0.326867
1.712
0.418809
0.422437
0.630058
1.78421
0.310324
1.30665
0.206487
1.90438
1.15185
0.803398
1.84682
1.198
2.03751
1.43419
1.35486
0.0834778
0.910174
1.02926
0.181653
1.22315
1.05528
0.851019
1.15973
0.611008
0.730244
2.52366
0.387262
2.01326
0.0594494
1.94007
1.19893
1.69372
0.607624
0.461445
0.279792
1.95742
0.810878
0.444868
1.60192
0.306592
0.273592
1.28297
0.681985
0.379678
2.81168
0.461223
2.90519
0.238765
1.23706
0.646285
0.150686
0.914261
0.800692
1.80082
0.823091
2.00391
1.73696
0.536653
0.24324
0.203221
0.787936
0.357427
0.900441
0.520335
0.656645
0.586473
0.340085
0.332792
0.803574
0.529784
0.285563
0.68103
0.497887
0.844401
0.841602
1.84688
0.498949
0.603847
0.915337
0.740562
1.17461
1.74634
1.76671
2.1968
0.920223
2.17384
1.97957
1.26052
1.04691
0.514976
1.5024
0.580902
0.111986
0.829674
0.565995
0.226005
1.07333
0.784655
0.548086
0.668193
0.372311
0.319889
0.48967
1.23199
1.73355
0.802393
2.92941
0.655078
1.1734
0.0751997
0.568188
0.561139
1.37092
1.74444
0.622505
1.0085
0.638828
1.33572
0.469677
0.366617
1.56622
0.258926
1.14299
2.14171
1.10401
0.931999
0.805989
1.74508
0.300062
1.06174
1.85322
0.475239
0.683179
0.450818
0.261855
0.362777
1.02068
1.42067
0.727419
0.335223
0.888246
1.59841
1.16953
0.821697
1.13171
0.378906
0.939688
0.40581
0.646499
0.0668524
0.615878
1.39049
2.20464
0.0612533
0.508768
0.992784
0.992526
1.54628
0.460952
0.893912
2.0634
0.810301
1.19151
0.862174
0.198087
1.01885
0.820209
0.777757
1.82561
1.71249
1.24481
0.441873
0.762363
0.585896
1.23154
1.18163
1.78647
1.57584
0.82345
0.421798
1.57124
0.824424
1.40931
0.981248
1.096
0.436091
0.375111
0.763645
0.596805
0.566475
1.232
0.254251
1.34514
0.37486
1.0232
0.380959
1.9792
1.07436
1.43267
1.12727
0.0899465
0.702699
2.08543
0.896502
0.541853
0.771963
0.834162
0.277171
0.519359
1.04536
1.31229
1.31357
0.0781544
0.872241
0.291548
0.4735
0.72869
1.09685
0.715444
0.20444
1.65781
0.705252
0.210744
2.38094
1.04538
0.311629
0.477103
3.32102
0.389567
0.527765
1.02853
1.26261
0.429564
0.467503
0.671628
1.02817
0.809667
0.0576676
0.908696
0.465103
0.216793
0.761566
0.52481
0.986179
0.338356
1.99102
0.605677
1.07071
1.52151
1.14077
1.69529
0.278021
0.397305
0.758983
0.63935
0.544315
0.274189
1.16005
1.16087
1.00981
1.75428
1.75143
0.58
0.949511
0.783272
1.13845
0.616838
2.07729
0.893618
0.471959
2.96168
0.571161
0.706539
0.201894
0.477845
0.419027
1.82181
0.276605
1.01002
2.14482
0.721151
1.09227
1.83397
1.00927
1.28505
1.36125
1.18138
2.91339
1.00874
0.577721
1.78224
0.363493
0.57692
1.18908
0.974295
0.498622
0.664045
0.49752
0.514741
0.538361
0.548775
1.72534
0.525596
1.0864
0.813915
1.72876
1.03437
0.837123
3.17364
2.01583
2.08655
1.04877
2.00888
0.202237
2.05873
0.884579
1.54973
0.739075
0.472337
1.47024
0.543532
0.32924
0.375478
0.806482
0.996108
0.837685
0.833716
0.826434
0.425409
0.553706
0.572336
0.42693
2.40058
0.602025
2.36915
2.21446
2.44444
0.565391
1.44491
1.96314
0.520098
0.154447
0.817717
0.477954
1.95081
1.38116
1.94347
0.990689
0.68857
0.893306
0.711925
0.418686
0.352658
0.485478
0.887458
1.05232
1.00596
0.5269
0.0737739
0.241228
1.36812
1.09452
0.226998
1.07777
0.700104
0.235796
1.77457
1.09283
0.723601
0.846404
0.561708
2.61884
0.724243
0.74159
1.16696
1.54713
0.945555
0.487423
1.36246
0.432302
0.688607
0.104189
0.441946
0.352777
2.37531
1.21783
1.1199
0.724715
1.08329
0.259299
2.28729
0.330797
1.91013
1.31794
1.49848
1.30638
0.412826
0.236202
0.992976
1.17427
0.59301
0.432899
1.31546
0.491265
0.294611
0.0555251
2.06291
1.81468
1.15137
0.594401
1.97905
0.57071
1.11608
0.0862325
2.58896
0.70855
0.71958
0.83854
0.355138
1.18293
0.478546
1.29531
0.128193
0.39874
0.0766403
1.19867
1.97137
0.0708244
1.1131
0.487269
0.349881
1.46872
0.212674
0.679297
1.24376
0.922676
0.166466
0.701758
1.0812
2.76382
0.133325
1.04915
1.24755
0.123798
0.501248
0.448396
1.37045
0.667219
0.97194
1.73767
1.03031
0.56247
0.333132
1.66672
0.879647
0.219375
0.376639
1.36931
0.180686
0.825452
2.29383
0.932114
3.26139
0.853776
1.91412
0.719878
0.460015
0.503309
1.3457
0.295391
0.447246
1.19097
0.524089
0.37365
1.20076
0.375852
0.605846
1.57823
1.58068
0.243203
1.51829
0.196724
3.2957
1.15759
1.07924
0.617773
1.62259
0.741526
0.649956
2.54681
0.517717
0.973036
0.678251
1.45604
1.21289
0.945812
0.990778
1.62551
1.2666
0.0788348
3.74266
1.91735
2.158
0.788913
1.4145
1.39946
1.4796
1.26325
0.586153
1.31001
1.09185
0.462713
0.60446
0.418502
0.884116
0.612202
0.212897
1.47168
1.5834
0.900295
1.24227
1.53104
0.863355
1.58006
1.89311
2.4108
2.40915
1.3594
1.69681
0.201245
0.454358
0.387979
0.54109
0.514749
0.577903
0.660383
0.514372
1.77648
1.83943
1.13394
0.601155
1.62147
1.9355
0.510846
0.321794
0.152873
0.682679
1.76712
0.993323
0.471149
0.232449
1.62214
0.293991
0.0712006
1.35972
1.95584
1.70485
2.16938
0.434999
0.538211
1.75172
1.20621
0.587177
0.337533
0.498816
0.55215
1.30512
0.41794
2.01045
1.12352
2.22794
1.29026
0.154441
0.6958
1.27572
1.69184
1.24937
2.26
1.48924
0.74085
1.61137
0.346075
0.27197
0.84983
0.129477
1.02581
0.464235
0.596246
0.219851
1.96385
3.16599
0.769243
0.779502
0.615079
1.00532
1.56206
1.65115
0.73557
0.424776
1.78161
1.41044
1.36394
0.482702
0.268395
1.71147
2.60749
0.815155
0.478142
0.869552
1.83427
0.711781
2.10468
0.134541
0.758484
0.616472
0.837802
3.12949
0.513442
3.15625
0.253193
0.813709
0.0531727
0.615457
1.28823
1.46626
0.400716
0.079695
0.266004
0.475564
0.596798
0.819958
1.61623
1.05569
0.441985
0.824017
0.523049
1.87224
0.531129
2.93901
0.795867
1.2728
0.776633
0.393388
1.15454
0.682188
1.14994
0.530109
0.171224
0.522979
5.27229
0.741727
2.5439
0.926021
0.670565
0.84521
0.6231
0.357488
0.64236
1.66849
1.11462
0.37168
0.846123
0.929487
1.0192
1.29076
1.25891
0.793716
0.56907
0.307681
1.43884
0.0334385
0.397573
1.81105
0.318841
2.47967
0.776616
0.906228
1.85892
1.65797
0.476475
0.365059
0.497535
2.04647
0.133774
0.571643
0.486216
2.58299
0.0950101
0.564955
0.214958
0.783841
1.31188
1.47725
0.445114
0.239938
0.0595904
0.417605
1.79608
1.05645
0.55211
0.343344
0.786706
0.148773
1.407
1.08069
2.68745
0.579009
0.637091
0.93213
0.903524
0.910213
0.614475
0.0950655
1.13392
0.998445
0.380485
1.78355
0.957838
0.105973
2.05523
0.521674
1.2636
0.553745
1.05038
0.287509
0.245716
1.04958
0.71646
1.70693
2.16161
0.597614
3.25778
0.58282
1.40762
0.921677
0.877429
0.327541
0.307088
0.181032
2.45245
0.424119
0.561141
0.301128
1.44729
0.941913
0.102779
0.0514016
0.897051
0.80245
0.855492
1.0527
1.92598
2.00384
3.10668
3.27442
0.585982
0.288496
0.889809
2.49351
1.97303
3.11089
0.958425
0.264304
5.3825
0.830829
1.1244
0.227872
0.605416
0.612845
1.25254
0.706682
0.429905
0.0545219
1.32497
0.0414233
0.347903
0.922036
1.13393
0.412689
0.565355
0.349197
0.0425619
0.351492
1.13676
0.643537
0.732259
1.32267
0.829863
1.03683
0.0451469
0.509704
1.91543
1.8947
1.07099
0.805209
1.03294
0.494952
0.409333
0.866158
1.53563
1.85852
1.0448
1.12395
1.48853
2.91693
1.22402
0.301054
0.749763
0.574581
1.24058
0.933697
1.50043
0.29031
0.335554
0.159271
1.98619
0.422005
0.431929
0.668478
0.440205
2.35752
0.607057
0.664327
0.51928
1.51924
1.53966
1.7057
0.991348
0.315351
0.96744
1.21732
0.60313
0.757858
0.693641
0.213257
0.948307
1.95948
0.595137
2.03405
0.63883
2.75894
1.69634
1.71459
2.35025
2.03809
1.68344
0.675206
0.85183
0.394618
2.11001
1.49548
0.95516
0.0656235
0.456804
0.61327
0.50992
0.0545885
1.15901
1.96783
1.78784
1.21234
0.569698
0.476169
0.78751
0.176366
0.318314
1.67487
0.621256
0.982597
1.40471
1.48062
0.171121
0.175251
1.26869
1.36259
0.446503
1.88407
0.499278
0.612959
1.41603
0.293884
0.983344
1.77804
0.730103
1.14846
1.33059
1.81211
1.35735
0.122164
0.609488
0.669557
2.4242
0.838209
0.741631
1.57495
0.24536
1.27595
0.759848
1.13552
0.142927
1.58502
0.876336
0.507678
1.65859
0.589432
1.08078
2.05482
0.636065
0.250213
1.21125
2.01893
0.603885
1.27407
0.243207
0.936867
0.206179
1.71277
0.606265
1.39904
1.41852
0.502797
0.95778
0.811046
1.65763
1.37089
0.578158
1.10103
0.234952
0.77444
0.926467
0.564161
1.43865
0.077442
0.714408
0.673057
1.59909
0.744165
0.699017
0.432023
0.469808
1.04159
0.201874
1.20979
0.756164
1.75493
0.04084
0.72092
3.54514
1.89808
0.571978
0.691593
0.23677
3.0275
0.718188
1.64614
0.551202
2.53454
0.459807
1.83439
0.687047
0.596058
0.993502
1.10028
0.762615
1.60052
2.76888
0.345523
0.917948
0.810053
0.562676
0.601296
0.175957
1.07909
0.393215
0.559186
1.49401
1.44221
1.16242
0.676949
0.885588
0.577049
0.650513
0.741699
0.106719
1.48986
1.17198
1.23162
2.13521
1.51305
0.691539
2.06007
0.205143
0.153104
0.621078
0.473176
1.13444
1.47891
0.966053
2.10234
0.987231
0.407789
1.18927
1.23142
1.88996
1.52781
0.077667
0.323467
1.20982
0.933465
1.22101
1.07313
0.735398
3.46267
1.14115
2.59371
1.03587
0.766026
1.00917
0.528525
1.62557
1.16128
0.678757
2.61603
2.02824
1.49076
0.973589
1.13928
0.896195
0.687457
1.06203
0.345302
0.641549
0.692892
0.261789
1.11308
0.665418
2.17944
1.55265
1.30897
0.276015
1.11496
0.510184
0.729878
1.86045
1.41589
1.28555
0.18412
0.924021
2.90506
0.569473
2.46984
0.969358
0.306685
1.35104
0.570351
0.282442
0.62564
2.40077
1.59097
1.09122
0.172101
1.60763
1.52381
1.46415
0.30352
0.723861
0.696975
1.35571
0.909208
1.1827
0.0190973
1.29513
2.24147
1.03279
1.34007
0.105892
1.83586
1.40041
2.65839
0.605496
1.7503
1.74367
1.96339
0.364069
0.278392
0.594184
0.646246
1.11547
1.65002
0.74146
2.52771
0.923708
0.840558
1.4358
0.83325
1.5135
0.809639
0.405679
1.33879
0.296656
1.8309
1.25369
1.6562
0.373852
0.588936
0.475113
0.448989
0.863359
0.545864
1.36952
0.289512
0.251843
0.821454
1.91105
1.63847
1.29492
0.38714
1.17529
1.58233
0.141243
1.26744
0.8401
1.17465
0.107242
1.69909
0.675852
1.14366
1.38084
0.357088
0.227244
0.331083
0.968503
2.55516
0.874689
0.464839
0.901166
0.879723
0.105324
0.407776
0.360911
2.89164
0.102697
0.514139
1.15103
0.447914
0.517286
1.13572
0.848181
0.885193
1.11584
1.55959
0.136119
0.458801
0.533346
1.39259
1.4762
1.37011
0.352999
0.176412
1.2666
1.33547
1.57147
1.73014
0.429996
1.16939
0.761293
0.928792
0.136691
0.574568
2.96558
1.33121
0.956733
0.406022
0.844631
0.893078
0.917568
0.0359585
1.22522
2.4991
0.0890541
0.571097
0.467076
0.338555
0.527844
1.28875
1.36182
0.235086
0.40075
0.18065
0.0760445
0.352606
0.367172
0.0717656
0.45366
0.392159
0.472448
1.57542
1.4516
1.10616
1.88865
0.924786
0.67371
0.933013
1.01705
0.798485
0.760038
0.209154
0.562521
0.290167
0.511246
1.07718
0.585998
0.708491
0.376591
0.14625
0.732692
0.538629
2.32714
0.398451
1.17433
0.31384
1.88858
1.91805
1.36538
0.854196
0.607829
1.14284
1.47426
1.96243
0.259233
0.538088
0.694893
0.554509
0.413817
1.64063
1.49267
3.11663
0.787667
0.95672
0.377551
0.381882
1.19918
0.599313
0.38242
0.429957
0.0901392
0.367923
0.200287
0.682442
1.2834
2.07974
1.15176
0.501567
0.925737
0.883796
1.20628
0.221498
1.27928
0.30878
1.27596
0.932658
1.81502
1.52611
0.474075
0.505427
0.36388
0.40274
0.804167
1.59821
0.603974
0.865767
0.639835
0.687184
0.345654
0.384602
0.86775
3.36441
1.13804
0.894225
0.388968
1.10965
0.62936
0.378011
0.942328
0.158577
1.49291
1.26989
0.841904
0.163036
0.875335
2.18795
0.844197
1.92209
0.343352
2.58576
2.59456
0.902133
0.850554
0.414837
0.341284
0.636832
4.88878
2.73247
0.556783
0.288138
1.25867
3.42277
0.795544
1.75699
1.3207
0.756252
2.25543
1.87734
0.499443
0.0892413
1.19963
0.750835
2.32489
0.9746
0.223192
1.22756
0.795215
1.54104
0.781761
1.50158
0.217649
0.856583
0.942825
1.40926
0.590131
1.51164
0.431318
1.38194
0.495471
0.50353
1.66207
0.218714
1.50968
2.23537
0.462058
2.11868
1.13419
0.283302
1.14353
0.514054
0.517361
2.73823
1.97494
2.83157
1.40747
2.01963
0.813851
2.2782
2.2084
1.68147
1.78665
0.195375
2.21333
0.398872
1.47289
1.84389
1.31228
1.33797
0.226923
2.39988
4.72831
0.108116
1.27532
1.21021
2.11181
0.187393
3.17506
0.632623
0.183236
0.275013
0.81855
0.302486
0.853391
0.938415
1.71104
1.42273
1.13145
0.856655
0.91562
0.515845
0.748172
1.53711
1.12776
0.90997
0.176276
0.717841
1.04514
0.709377
0.525192
0.075989
0.0530329
0.0847812
2.11679
0.839177
1.0763
0.378141
1.08319
0.578856
0.366044
1.73799
0.297217
1.39361
0.885082
1.11612
0.614955
0.595076
1.69815
0.284078
0.927838
0.860322
0.97344
1.25624
0.564018
0.512607
0.588729
0.535174
1.13459
1.23882
1.30506
1.80147
0.530574
1.38954
1.04282
0.25496
2.10291
1.07254
1.32783
1.81477
0.39967
0.819285
1.05335
0.331968
0.680508
0.894556
1.35764
2.01081
1.0614
0.481462
0.509111
1.0985
1.75504
1.96542
3.70607
0.970968
1.81324
0.233864
1.49954
2.41907
0.439333
0.548986
2.62356
0.220992
1.29293
0.663077
0.183173
0.427139
1.08408
0.339715
1.15503
0.838766
0.746183
1.49102
1.11112
0.831386
0.760916
1.45813
1.01411
0.414755
1.22433
0.31652
0.485585
0.614068
1.99565
0.759026
2.18825
0.451622
1.2409
0.955564
0.569457
0.587569
0.625328
1.1588
0.431782
0.060017
2.38586
0.40159
0.493329
0.728248
0.649306
0.547622
0.738471
0.578259
1.04609
0.0863687
0.46905
1.46981
1.45597
0.634811
2.23067
2.12092
0.174562
2.29122
0.372945
1.0737
0.295257
0.246707
0.22526
0.635366
1.7169
0.771993
1.2641
0.671819
2.20774
0.172266
0.561437
1.15847
0.914084
0.47076
1.03486
1.42163
2.41529
0.731925
2.09003
0.863857
0.565747
0.742311
1.18888
1.2162
0.19074
0.41205
2.51813
0.281026
0.562167
1.30099
1.12846
0.383271
1.75879
0.500783
1.02171
0.41991
2.62418
1.19977
0.205099
0.391221
0.29043
1.70527
0.684104
1.56144
2.07761
0.944317
0.948287
1.00449
0.591592
1.52958
1.16367
0.570381
0.769263
0.713148
0.696994
1.66344
1.78235
0.616475
0.649283
1.03597
0.324271
0.752911
0.972655
0.369655
2.37574
0.477669
1.37508
0.962181
1.08612
1.09405
1.33952
0.418722
0.183492
1.84474
1.7229
1.45055
1.74628
1.40342
1.68987
1.55651
0.732351
0.248999
2.13894
1.6557
1.00638
0.519021
1.53147
0.768536
0.491057
1.26361
0.514506
0.207949
0.218969
0.853427
1.28157
1.15562
0.235463
0.627609
0.113365
1.26955
0.971213
0.705523
0.836023
0.754246
2.45983
2.58363
1.30686
1.39686
0.510548
1.7682
0.216226
0.47158
1.03577
1.14246
0.645414
0.617835
0.245246
0.403549
0.302559
0.553048
0.976467
0.373433
0.401843
0.22774
0.676882
0.770268
0.521215
1.222
0.279145
0.90703
0.489553
0.294784
0.920809
0.965732
0.683876
0.769611
1.68862
3.55589
1.53235
0.436993
1.99084
0.821703
0.709776
1.30487
0.412845
1.72672
1.16216
0.354637
0.597135
0.843917
1.045
0.216912
0.458121
0.852228
1.43183
0.266929
1.70143
0.221244
0.519121
1.13338
1.09673
0.356952
0.480784
0.73691
1.05603
1.47887
1.03004
0.608329
1.77759
0.705104
0.245075
0.79861
4.90256
0.899304
1.55094
0.173203
0.561044
0.693357
1.18522
0.231338
0.688774
0.803488
0.375833
0.672082
0.821947
0.679737
1.15708
1.12468
0.881097
1.09337
0.636529
1.56339
0.695918
1.16216
0.86926
1.00771
2.97945
1.24439
0.259635
0.0686913
1.26156
0.448919
1.25895
0.657996
0.576354
0.893005
0.357498
0.0391887
0.231969
1.53597
0.458494
0.90683
0.156253
1.46746
1.10785
1.47212
2.29684
0.383503
0.871462
0.197023
0.539739
1.75448
3.52627
1.11804
2.27735
0.995479
0.0863748
0.672506
0.635226
0.55537
0.544723
0.479315
0.398716
0.295083
1.4669
0.635204
0.615324
1.11778
0.822023
0.884048
0.309681
0.226266
0.419506
0.730132
1.64244
0.410228
0.510122
0.722117
0.122783
0.457949
0.789257
0.80915
0.063553
2.9972
1.36848
0.500253
0.236969
0.47331
2.36934
1.74543
1.06514
2.47011
0.699506
0.880024
1.44792
1.7115
0.262607
0.460949
2.67302
0.626584
3.75801
1.02592
0.303037
1.459
2.7761
0.390157
0.279103
0.369588
0.611756
0.882173
1.91737
0.298514
0.109877
0.427156
0.870377
0.334021
0.926592
2.58026
0.355736
0.809475
1.42447
0.934267
0.41543
1.40536
3.31066
1.15821
1.43523
1.59137
1.51173
1.75047
1.0133
0.22858
0.887501
0.562779
1.23733
1.54632
1.02695
0.565236
2.16992
0.262271
3.1465
0.822209
1.08423
0.882445
1.38828
2.26088
0.684199
1.21167
1.50702
0.429405
1.18294
1.47661
1.03033
0.789439
0.637903
0.616546
0.588074
0.992134
1.03576
0.2379
1.12934
0.299318
1.87452
0.24802
1.3109
1.14525
0.198886
1.15179
1.06239
1.54545
0.36452
0.641767
0.403017
1.10968
0.547395
0.913442
0.947942
0.493619
0.784121
1.54616
0.605979
1.36557
0.330327
1.3066
1.39354
1.42633
0.372279
1.28104
1.16051
1.33847
0.669468
0.676062
1.50778
1.01751
0.648532
1.74809
0.423813
1.09506
1.21047
0.574023
0.509813
0.523363
1.88554
0.240756
0.664876
1.24058
0.959573
0.554861
1.57525
0.463859
0.439695
0.56199
0.972555
1.05847
1.19385
0.388947
2.32175
1.57744
2.54237
0.322199
1.34793
0.789403
1.39784
0.741494
1.03554
1.11143
1.04935
0.569486
0.28521
0.311049
1.30797
0.572034
1.46195
1.08631
0.753277
0.2767
1.20954
0.919321
1.09784
0.778896
1.13302
0.448286
0.524538
0.873294
0.971329
0.89358
1.07899
0.193292
0.434953
1.33993
0.567223
0.888859
1.18156
1.32451
1.00341
0.582062
0.461391
0.58835
0.141067
0.946395
0.418531
0.872674
0.2036
1.2453
0.60443
0.74386
0.343871
0.813886
0.442572
1.02225
1.67942
0.920921
1.08622
0.0826867
0.515917
1.34427
0.488202
0.941246
1.10551
0.669296
0.868557
0.693248
1.49031
0.750605
2.58067
0.536462
0.924982
2.07967
2.01136
0.562202
1.95439
0.232518
1.54603
0.383408
0.360708
2.16822
0.151979
1.08209
1.72365
1.27097
3.07474
4.0434
1.78095
0.872972
2.29433
2.48331
1.95227
0.917181
1.3047
0.534376
2.05903
0.0882631
0.0821003
1.78489
0.287687
0.801081
0.401216
0.961652
0.729412
1.62595
0.898395
1.39379
2.42806
0.828981
1.04157
0.699277
0.821645
0.116458
0.795663
1.50183
0.629653
0.562675
0.451025
1.14095
1.57551
0.427445
1.96527
0.539615
0.772971
0.440312
1.13117
1.29426
1.19162
0.64805
1.26582
0.516436
1.34562
0.623166
0.51855
1.43253
0.795049
0.583943
1.91207
1.35782
1.11883
0.786386
1.01547
1.01198
1.1747
0.127794
0.690896
1.0194
0.245988
0.206736
0.933073
1.28051
0.314995
0.113881
2.07507
1.46319
2.25065
0.955144
0.115714
1.07352
1.53359
1.2771
1.17369
0.527963
1.31139
0.412034
0.659748
0.989781
0.315587
1.40097
0.680091
0.504253
0.614759
0.339279
1.02381
0.175711
1.2296
1.39429
1.74485
0.465339
0.0657971
1.28883
2.20789
0.610536
0.912696
1.09803
0.264485
1.85619
0.666409
1.21033
1.12344
2.09725
1.88939
1.90317
0.412129
0.832329
0.866069
3.70879
0.657626
1.09154
1.2389
1.15458
0.285446
2.07011
0.235827
0.25131
2.52034
0.746521
1.52584
0.79239
1.80163
0.940846
1.48417
1.97255
0.465997
1.89466
0.243809
0.650095
0.661882
0.642063
0.65441
1.15296
0.279666
0.889409
2.21184
1.21005
1.01013
0.33119
2.15307
2.01102
1.9084
0.690993
0.78118
1.10468
1.82748
2.24685
0.529367
0.860973
0.778996
1.4928
1.03905
0.668513
1.47939
0.150351
2.08352
0.287991
1.03511
0.160211
0.943255
0.233108
1.31151
3.93952
1.97428
0.469046
0.931201
0.480988
3.66928
1.10826
0.70585
1.13836
1.55157
0.262815
0.582448
3.5376
0.821712
1.06011
0.885819
0.274939
0.251264
0.134242
1.03753
0.858566
0.129736
0.190506
0.678255
0.533383
1.06124
0.481664
1.40374
2.1444
0.653309
0.987355
2.07289
0.804682
0.407476
0.752387
2.63247
0.694151
1.00263
0.807689
0.610092
0.782055
0.107831
0.975411
0.344359
0.897588
1.76559
2.05945
1.47484
0.140359
0.981926
0.745561
0.563729
0.0564917
0.555496
1.31806
2.03818
0.85057
1.21381
0.507993
0.390188
1.02372
0.102386
0.2191
1.77954
0.664664
0.723032
0.446497
0.428132
1.53031
0.585997
1.92643
2.26935
2.43044
1.66616
0.243232
2.4513
1.22955
0.499035
0.530357
1.24713
0.853981
0.257535
1.20729
1.16688
0.669933
2.88538
1.56397
0.398193
0.41831
0.942457
0.404845
0.558792
0.361568
2.07055
0.331832
0.337038
1.35686
1.43345
1.31103
0.676001
2.63323
0.989063
0.300735
0.648606
0.822947
0.58658
2.45501
0.0899833
1.93784
2.67182
0.469452
1.23172
0.729383
1.33248
0.0788359
0.270984
3.63947
0.867211
1.90312
0.654537
1.26932
0.127472
1.12844
0.521165
0.390058
0.176632
1.2318
1.67249
1.55441
0.456717
0.359996
1.31306
0.318741
0.287097
0.422427
1.04797
1.18641
0.341569
0.312787
0.92365
1.45074
1.25948
0.632545
1.58706
1.02876
0.280754
1.36534
1.76335
0.597195
0.343931
0.249363
3.61781
1.22828
0.256964
0.103292
1.01491
0.465693
1.05381
0.591406
1.38949
0.472476
0.501148
2.34239
3.13993
1.17733
0.72116
0.968354
0.405709
0.350741
1.12807
1.7925
0.168937
1.10173
0.577458
1.60896
0.768263
0.535814
0.835976
0.294412
0.733995
0.530615
2.156
1.77535
0.716707
0.362949
0.98867
0.284428
0.806659
0.0799875
1.55607
0.162881
1.94227
2.4956
0.816958
0.553606
0.276234
1.0213
2.74702
0.713893
0.723996
1.75376
2.95789
0.552524
0.968166
1.29636
1.32029
0.721416
0.555384
0.665702
0.935792
0.220167
3.40092
0.921234
0.246852
0.76776
0.427468
0.758243
0.341211
0.334052
0.360491
0.381318
2.49476
2.10385
1.23065
2.09966
0.436228
0.943347
0.64565
0.479635
2.55896
0.326924
2.1805
0.355062
0.160506
0.0822429
0.435572
3.14913
0.780059
0.298367
0.240613
0.668789
0.360762
0.711107
0.277994
1.09366
1.69963
1.69151
1.56818
0.570805
0.246012
1.1387
0.916489
0.69865
2.34853
0.53681
1.58041
0.539872
0.873947
0.190092
0.53011
1.01294
0.867453
1.00763
0.279352
3.4627
0.604529
0.359212
1.96933
0.868479
1.01005
0.273261
1.66223
0.319019
0.629249
0.727662
0.306064
0.876537
0.28947
0.672025
1.62274
0.345572
0.194252
0.798532
1.17421
1.35645
1.37203
0.795138
0.344582
0.690136
1.77701
0.148693
0.472036
0.583611
1.81302
0.633287
0.234862
2.36428
0.829314
2.13615
0.33533
0.950796
0.70557
0.0283717
1.21378
1.39828
0.813392
2.36943
0.295259
0.573637
0.202805
0.606287
0.832684
1.08112
0.534572
0.201912
0.658077
1.36627
1.21784
0.848766
1.25752
0.134496
0.702501
1.2934
2.85223
0.515092
0.679511
0.320631
1.17899
0.572678
0.427494
1.54095
1.03946
0.15986
0.785095
1.28292
1.49839
0.122156
1.1543
0.86377
0.516375
0.201925
0.779321
0.85833
0.623543
0.179481
0.2087
0.494134
0.424599
0.207739
2.54434
1.24735
0.319928
0.0974235
0.554753
0.390161
1.36579
1.20928
2.10987
0.864752
1.97048
1.07504
0.110045
0.421226
2.33502
0.891566
2.33992
1.33096
0.360852
0.249216
0.454061
1.24549
0.441181
1.80029
0.359647
0.25486
1.55689
0.149347
0.224802
1.48969
0.165202
0.181433
1.43824
0.106173
0.696111
0.937459
0.710558
1.33279
0.279455
2.06656
0.383092
0.558723
1.92688
0.455627
0.6613
0.715128
0.291711
0.812388
1.35461
0.872788
1.45049
0.164394
1.86431
1.6519
1.14085
1.14199
0.830006
1.41648
0.191252
1.14033
3.01703
1.44091
1.63624
2.74033
0.55041
1.04362
1.42977
0.232318
1.32578
0.347777
1.23812
1.51561
0.591922
1.07843
1.77587
0.569183
0.114734
1.19293
1.49839
0.467426
0.265887
0.997025
0.698518
0.47777
0.419977
0.607009
0.898743
1.36093
0.773599
0.09449
0.655031
0.623955
0.248458
0.820571
0.500138
2.01555
0.27808
0.793593
1.75125
0.425848
0.378408
0.424524
1.68089
0.418702
2.30849
1.27128
1.32592
0.464472
1.21998
0.579487
0.0617312
2.55752
1.03708
1.88891
1.27612
0.698771
0.574918
0.566888
2.89016
0.881734
0.196175
1.26477
2.78617
0.903744
0.637444
0.292368
1.459
0.0790717
0.297903
0.889219
1.4745
1.17706
0.274316
0.812812
1.50738
1.82532
0.877201
2.7336
0.595992
0.433446
0.149503
1.19279
1.77668
1.23683
0.920679
1.6804
3.64684
0.27683
1.30551
1.45268
0.860668
0.232618
0.396483
0.671163
1.03842
0.812676
0.281225
1.10163
0.65069
1.10567
2.28354
0.196707
0.387076
1.48995
1.21502
2.69908
0.924531
1.11418
1.42773
0.320295
2.16308
0.474035
0.667469
0.169982
0.60383
0.590227
0.929557
1.11198
1.64105
1.12102
0.512219
0.511368
1.45268
0.332257
1.06087
0.545575
0.0897873
0.947096
1.19298
0.635465
1.03342
0.348313
0.462241
1.06958
1.41923
0.124787
0.994475
0.814541
1.38574
0.963324
0.477116
0.351777
0.340928
0.920446
0.703067
0.410073
1.5143
1.85947
0.326564
2.45445
1.73777
1.51138
0.222113
1.27706
1.88415
0.263456
0.475236
0.955347
0.151012
1.33408
0.563504
1.58307
0.620547
4.34529
0.244582
0.57499
1.16487
2.465
0.787826
0.969087
1.63283
2.57653
0.552924
0.653459
0.663901
1.79017
0.584239
0.795622
0.348409
0.197268
1.31594
0.302074
1.09565
1.42503
0.301891
0.389397
0.97731
0.568607
1.01779
0.653338
0.862043
2.31658
1.59425
0.748589
0.560586
0.16288
1.36743
0.134462
0.496183
0.418428
0.525841
0.522941
0.0517918
0.998095
2.46397
0.420958
0.476997
0.773055
2.56163
0.570138
0.290149
1.13944
0.734564
0.773033
0.644604
1.32983
0.481615
0.082764
0.648363
0.490496
1.36747
1.34279
0.867007
1.56027
0.20319
0.875914
0.299052
1.68776
1.74378
1.00357
1.2391
1.1832
1.04591
0.558902
0.179261
0.24451
0.676237
0.238656
0.751958
2.45026
0.134844
1.30181
0.594416
0.642768
1.45958
0.0688685
0.86171
0.482564
1.04593
1.05248
0.902126
1.55557
3.03849
0.570786
3.5344
0.62138
0.169546
1.18028
3.13499
2.35098
0.744716
0.68506
2.15434
0.203633
1.62867
0.20553
1.23214
1.33941
0.923461
0.178238
0.90106
0.15764
1.70999
1.70135
0.41729
1.22656
3.72531
0.672798
0.798267
1.95304
0.877646
0.584809
4.04125
0.5259
0.384089
1.42472
0.911042
1.0388
0.181993
1.29494
0.945418
1.03195
0.481996
0.711964
0.645329
0.442699
1.05942
1.21246
0.976258
0.463217
0.49693
1.02415
2.06615
1.25675
1.62997
0.590027
0.40461
1.72523
1.88926
0.37437
3.50819
0.817929
0.462854
2.00103
1.7575
0.587371
2.20162
1.14202
1.0065
0.38862
2.46594
0.149802
0.882377
0.286653
0.808617
0.81767
0.879372
0.613254
0.168198
0.92009
2.90692
0.373524
1.06642
0.958919
0.362109
0.415346
0.966893
0.399581
0.473323
3.30554
0.331716
2.8121
0.46934
0.679337
1.48928
1.30345
0.619583
0.582984
0.974092
0.739267
0.302746
0.896232
0.117221
0.607565
1.46655
1.19475
1.01587
0.454171
0.52499
0.773837
0.315557
1.04532
0.431546
2.18754
0.0972677
0.632028
1.1341
2.70305
0.973813
0.379341
1.57181
0.437773
2.72699
1.55209
1.2567
1.54225
0.698234
0.53583
2.25734
0.477258
0.627964
0.520744
0.522879
1.60799
1.45563
0.706935
1.25485
0.363051
0.755197
0.349159
1.25233
3.27704
0.516909
1.01617
1.11255
1.56887
0.632279
0.30886
0.540893
0.708179
0.857849
0.527585
0.615201
0.838315
1.10271
0.699767
1.48153
1.09278
1.23349
1.59467
0.424566
0.983853
0.22859
1.62277
2.95395
0.773379
0.960249
0.921054
0.692882
0.556698
0.220138
1.97716
1.00445
1.49391
1.15771
1.34105
1.1882
1.42675
3.1293
1.09214
1.2754
1.35533
1.39838
1.14453
0.425949
0.936248
0.563125
0.444177
1.36958
2.3122
0.435254
1.19114
0.637236
0.577258
0.757081
1.44552
1.09063
4.28696
0.98329
1.60098
0.376089
0.505945
1.41647
0.256127
1.23176
1.39739
1.48371
0.797682
0.4484
0.858406
0.637006
0.929408
2.23629
0.748642
0.598308
1.49907
2.32934
0.606411
1.10416
0.347317
1.19884
2.24182
0.325677
0.70656
0.62821
0.275746
0.533718
0.424665
0.885847
0.572471
0.436609
1.54054
1.01944
0.906547
0.402555
0.106746
1.23261
0.0911781
2.55981
0.776218
1.51794
0.140994
0.484828
0.367932
0.583122
2.63335
1.1052
1.82671
0.768586
1.38822
0.452808
1.50603
0.922887
0.97999
0.304121
0.132318
1.07389
0.215768
0.851705
2.8254
1.11545
1.13053
2.24179
0.265469
0.199119
1.70674
0.181894
1.21246
1.49631
0.69481
0.934408
0.501377
1.29038
0.92457
1.76696
0.2444
0.972769
1.11381
0.555947
1.55803
0.417769
0.263686
1.99803
0.885866
2.51213
0.344326
1.41154
1.67411
0.496785
0.894732
0.96087
0.771492
1.30623
0.353539
0.108092
0.459596
0.385512
0.824447
1.425
0.17756
0.634157
1.25704
0.25153
2.10851
0.909953
3.74391
0.411054
0.821358
2.11831
0.65812
0.0892391
1.85261
1.21399
1.27249
0.747213
0.878985
0.552534
0.265279
0.601294
0.695576
0.80577
0.677341
0.351597
0.288394
0.993245
0.328994
1.35977
0.109816
0.695402
1.62601
0.411149
1.57087
2.46279
1.56582
0.645407
1.1444
1.78509
1.85686
2.36517
1.48246
0.344745
1.50712
3.03903
1.69368
0.536607
1.5249
0.693928
0.148549
0.789074
0.894411
0.651921
1.28144
0.0914226
2.24122
2.79443
2.56489
1.97022
0.92028
0.918602
1.08375
0.4636
0.879624
0.5006
0.51573
0.401209
0.973922
0.636928
0.59279
0.703465
0.514414
1.00752
0.953243
2.15284
0.530822
1.32364
3.21578
0.13562
1.21274
0.343828
2.02696
1.27277
1.19628
0.658143
0.218964
0.345649
0.599889
0.399557
0.647412
3.08875
1.32719
0.441533
0.851463
1.21644
1.69042
1.823
1.73327
1.02788
0.616586
0.88522
0.556836
0.800108
1.44896
0.511961
0.455343
1.83848
1.71688
0.358969
1.05779
0.525681
0.72275
1.35756
0.634134
1.24427
3.12806
1.00576
0.43447
1.139
0.655917
0.0908175
0.354862
0.628624
0.53617
0.642171
1.98866
0.24441
1.05865
0.220732
2.44798
2.10245
1.38152
0.442279
1.73825
2.7738
1.58948
0.213216
2.58947
1.18536
0.738835
1.27211
0.845051
0.370381
2.61588
0.291479
0.484776
0.754034
1.16711
0.379885
0.643128
0.631958
0.499821
1.23302
0.820576
0.633805
0.439652
0.978237
1.77018
0.325698
2.06971
0.766811
0.603587
1.09317
1.62182
1.03731
2.4518
3.67047
1.16659
0.652158
0.274521
0.377241
0.874702
0.66124
1.54668
1.77633
1.06595
1.09555
1.03811
0.374972
2.138
0.556207
2.43291
0.439981
0.310964
0.391739
1.4874
0.929779
0.475998
0.370971
1.49327
0.511773
1.14831
3.06949
1.62321
0.163891
0.117306
1.48697
0.350857
0.179278
1.45984
0.395454
2.01197
1.59834
1.89438
1.08473
0.277886
0.820895
0.845684
0.494023
0.557798
1.01992
0.559748
0.861046
0.321219
0.684681
0.483623
2.55234
1.1343
2.5242
0.538918
0.433661
1.04741
1.48869
1.39594
1.16759
0.406433
2.33969
0.191575
0.354316
1.63577
0.677975
2.40583
0.664249
2.23394
0.37917
1.24344
0.621536
1.91759
0.526256
0.524406
0.686301
0.570054
1.52722
0.0809744
1.30812
4.60367
0.277611
0.380624
1.56117
1.75786
0.41018
1.29974
1.02822
2.16309
0.476904
0.452502
0.622075
0.739468
0.3486
0.734685
1.12973
2.49445
0.771128
1.51392
0.879019
0.631715
0.94391
0.807449
1.40591
0.624125
1.11857
1.67134
1.7773
0.102684
0.817095
0.512574
2.19851
0.52229
0.360826
0.228126
0.818962
1.07495
0.304177
1.45774
0.829958
1.01183
0.566984
0.400269
1.52539
1.23436
0.863824
0.973897
0.852185
1.72045
1.26836
0.367098
0.918126
1.25916
1.13401
0.571838
1.92288
1.17233
0.922218
1.40709
0.836003
0.17695
0.756491
1.97053
0.455889
0.47657
1.7227
0.497713
1.50302
0.779651
0.726931
0.73777
2.19125
0.710028
1.24668
2.1056
0.149807
0.855512
0.724246
0.381437
2.24646
0.449895
0.977619
0.82624
0.839742
0.369105
0.0577775
1.73975
1.35316
0.329098
0.412722
0.378561
0.76647
1.09466
1.28309
0.271115
0.353643
0.302781
2.34185
1.30266
0.465899
1.30622
0.41711
2.44818
0.47708
0.287443
0.773154
1.23792
1.09134
1.56466
0.351969
1.13416
0.932973
0.609281
1.93189
0.350677
1.00793
0.479695
2.16073
1.67385
0.260736
0.304694
0.817882
1.04912
0.974271
0.571106
0.686226
1.17235
1.31825
0.545007
0.905378
1.50773
0.79114
0.914842
0.401632
0.441875
1.37102
0.783731
0.650896
1.18094
1.11959
2.90673
1.83876
0.778768
1.27554
0.597139
0.177376
1.54484
1.44488
1.50252
0.820017
1.94141
0.592499
0.704409
1.5998
0.995417
1.82793
0.577427
0.808817
0.519452
0.39827
0.305398
0.806218
0.867235
2.11305
0.116719
0.372075
0.222843
0.4336
0.550653
0.978452
1.41049
0.112821
0.139294
3.46975
0.245934
0.79326
0.44902
1.39882
0.801362
0.547032
1.12099
1.21805
0.022998
0.726242
0.94726
1.49858
0.456193
0.223646
0.635082
0.667593
0.204824
2.11338
1.89275
0.555137
1.1735
0.188493
0.899344
1.73455
0.851253
0.713548
0.753998
1.28551
2.44579
0.15487
1.33777
0.539551
0.553182
1.86398
0.754549
0.28859
0.776994
0.582748
0.515359
0.495334
1.08265
0.585694
1.75931
3.6922
0.750862
1.80243
1.9681
0.561432
0.745282
0.268914
1.20972
0.144747
2.01046
0.892285
1.60755
1.32251
0.166674
1.62334
0.996893
0.547685
0.336629
0.55261
0.483732
1.03446
0.854124
0.486222
1.3972
0.728387
0.0508177
0.850978
0.163711
0.555158
1.42952
0.403691
0.468807
0.184206
1.27793
0.727464
0.875647
2.40271
0.347241
0.285256
0.711107
0.18866
0.371038
0.707443
1.07986
0.555007
0.889915
0.593551
0.129171
3.31647
0.0228622
0.880622
0.674789
0.423974
0.661338
1.31486
1.40317
0.0539676
0.249415
0.914252
0.325504
1.23134
2.68272
1.25442
0.325215
0.973743
1.72007
1.5384
0.524389
0.350804
0.7512
0.347169
1.20289
1.06453
1.3453
2.78277
1.67396
0.616879
0.883896
0.777317
0.67137
0.883837
0.367323
1.43966
1.14432
0.954472
0.646769
0.482847
1.26417
2.09845
0.776244
1.13123
0.19296
0.542177
0.561112
2.23869
1.58294
0.637773
1.02942
0.269364
0.70188
1.70715
0.218236
1.70006
0.869721
0.156789
0.871203
1.68951
0.588907
2.09049
0.309424
1.23616
0.962791
0.47849
2.39883
0.754174
0.751907
1.3022
2.12389
1.71102
2.1837
0.535649
0.302623
1.22965
0.982624
0.277253
0.77818
0.74902
1.02419
0.715851
0.527785
0.378918
1.49437
0.842128
0.209102
1.00186
0.526836
0.478122
0.304307
1.67519
0.424404
1.2407
0.738775
0.0914558
0.722167
0.78513
0.407413
0.92006
2.09571
0.723471
0.493055
0.476352
0.844697
0.342517
0.433237
1.59178
0.746789
0.497513
0.510077
1.78672
0.663279
0.906893
0.869874
1.60318
0.514933
0.41173
0.245097
0.300049
0.830729
1.36542
0.348945
0.65375
0.174525
0.257584
1.38264
1.16299
0.683252
0.979812
0.368268
0.40119
0.500626
1.19458
0.861572
1.06635
1.03555
0.543335
0.0620358
1.18978
0.542227
0.936869
0.202514
1.41465
0.280184
0.911576
0.52881
0.349099
0.174022
0.698416
2.27803
1.33998
0.991854
1.36633
0.535748
0.206047
2.41592
0.382112
0.788571
0.149401
0.947055
0.749028
0.415556
0.75339
1.90081
0.219778
0.484459
1.09562
2.35763
0.379398
1.44253
0.491471
1.67284
1.58083
1.99384
0.544584
1.43409
0.381158
1.71014
1.02176
0.911713
0.334999
0.218573
0.328052
1.67958
1.12864
0.575782
0.276935
0.445152
0.324258
0.182119
0.925288
0.954839
0.131184
0.909333
3.06037
1.20714
1.74991
0.771318
0.536864
1.48325
0.355875
0.0168179
0.725524
0.252019
0.385727
0.170397
0.185951
0.580839
1.38802
0.442409
1.24394
0.790114
0.783449
1.06991
0.413043
0.572701
0.842985
2.45844
1.11859
0.134255
0.412629
0.553983
0.225957
1.06968
1.01515
0.155692
1.2115
0.55613
0.81812
0.265601
0.649553
0.482533
1.3421
0.617154
0.99697
0.413673
1.27109
2.11909
1.15409
1.20844
3.05575
1.28378
0.181739
1.10546
0.425105
1.67674
0.438071
1.09569
0.198508
1.13618
0.123867
0.941736
0.463954
0.98444
3.0358
0.493917
0.185032
1.12241
1.71928
0.403998
0.362008
2.57599
3.73497
0.379439
1.52097
0.833382
0.657206
0.554678
0.752902
0.191229
0.198927
0.402488
2.02827
2.30251
0.904314
0.695552
1.73991
1.21147
0.233439
1.18766
0.716912
0.540235
0.44432
0.627577
1.79705
0.473009
0.408908
0.337008
0.240996
0.473251
2.15685
0.558708
3.73374
1.13218
1.40315
0.793854
1.28034
1.67285
0.29471
2.14158
1.14529
0.0851446
0.414219
0.618056
1.73651
1.04259
1.00365
0.36072
1.79521
0.812138
0.271828
1.65245
0.980933
0.993286
1.004
2.47224
1.36982
2.51552
0.360302
1.25385
1.01797
2.97963
1.36026
0.167793
0.083558
0.657249
1.06926
1.49576
0.737961
0.839867
1.23484
3.01021
2.18199
1.19746
0.690053
0.334104
0.784454
1.73394
1.42814
1.73957
0.288768
1.21193
1.78101
0.373133
0.692028
1.81973
0.90988
2.32149
0.276631
1.13364
0.117669
0.873951
0.947101
0.512872
1.48864
0.302471
0.609074
2.11094
0.919106
0.248405
0.246984
0.523421
0.872702
0.763095
2.27439
0.598326
0.75761
3.46551
0.434765
0.250195
0.931665
0.681738
0.200731
0.552268
1.42725
0.706904
0.810242
0.495029
0.92017
2.24637
0.915697
0.362199
0.804657
1.18896
1.75908
0.21306
1.34936
0.613687
0.886497
0.279196
0.161163
0.922558
1.55452
1.84435
1.38217
0.828474
2.1446
2.18158
0.78148
0.456219
1.94871
1.52383
1.31595
0.38639
1.38528
0.240938
2.16118
0.845509
0.407416
0.198659
1.02903
0.405533
0.824899
1.12691
0.702674
0.48796
0.704395
0.770917
0.708127
1.5632
2.08013
1.41402
0.750899
2.93715
0.236563
2.98765
0.943127
0.646266
1.27
2.08949
1.04501
2.06373
0.317423
0.19496
1.11361
1.05155
0.965126
0.793178
0.613139
1.18525
0.612086
0.778595
1.01629
0.606002
2.2134
0.729956
0.982609
1.71904
1.2376
2.72074
0.69149
0.557774
0.434642
0.585803
0.698164
0.434184
0.317575
0.8727
0.740132
0.382796
0.280261
0.162774
0.746109
0.467683
0.67115
0.921425
0.904357
0.626834
1.85592
0.239885
0.194064
1.15103
0.474606
0.161908
1.73043
1.41998
0.358019
1.22986
0.177533
0.693592
1.15178
0.322956
0.400228
0.989949
2.24924
1.28417
1.90102
2.72664
0.820028
1.93925
1.74027
0.551657
1.03674
0.614679
0.862371
0.0639754
0.883469
0.744279
0.88527
3.22904
0.828729
2.06747
0.298048
1.82679
1.55522
0.429696
0.343999
1.3455
0.633017
0.571923
2.89036
1.35452
0.381661
2.32951
2.64542
0.306588
0.214538
1.56567
2.85109
0.940101
0.141324
0.149569
1.43943
0.607753
2.12328
1.74399
1.47313
1.23759
2.07077
0.506429
0.40263
0.792969
1.41892
1.38076
1.29547
1.61576
0.72661
0.49362
0.6913
1.22345
0.858366
0.769146
1.99048
2.99412
1.01338
0.999734
0.547686
0.74279
0.900751
0.651059
1.12071
0.163627
0.598968
0.231141
1.55792
2.33072
0.855533
1.24298
0.698611
0.881973
0.688254
0.366274
0.318462
0.620675
0.680555
2.25976
0.709247
0.552734
0.936425
1.33001
2.8943
0.852894
1.93312
0.421564
0.522761
0.652566
1.22555
0.700956
1.45469
0.242243
0.335472
2.04368
0.689018
0.223194
0.919208
0.719827
1.70368
0.19267
1.51617
0.398699
1.38395
1.34464
3.19751
0.499125
0.308476
1.22463
2.70202
0.344518
0.733599
0.612606
1.73009
3.095
1.3969
0.402016
1.13964
0.410119
0.600117
1.52333
1.15274
1.70058
1.80809
1.12761
0.645829
0.347939
0.872992
0.654271
0.929392
1.44578
1.17138
0.542039
0.420669
0.290029
1.6598
2.1863
0.663087
1.68072
0.95454
1.13785
2.18608
0.121692
0.996006
0.810428
1.45088
1.39628
0.319637
0.893893
0.343893
1.1861
1.77865
0.493749
0.381312
0.310669
1.79619
1.52954
0.609759
0.293374
1.88345
0.52374
1.83445
1.15732
0.538802
1.52596
0.499997
2.15619
0.482641
0.988302
1.13226
0.090194
0.388795
1.48626
0.173529
0.433356
1.94648
0.254139
0.386494
0.642709
2.12398
1.68752
0.837631
0.58492
0.357978
0.757276
0.152722
2.15133
1.20655
0.756208
0.829572
2.08248
0.657353
1.44461
0.803268
0.143489
0.0957188
0.909593
1.20227
0.787084
0.401072
0.803354
1.15512
1.20135
0.764165
1.55704
0.664192
0.203536
2.4662
0.942842
0.810183
0.283513
2.18873
1.02681
1.17639
0.245344
0.564808
0.726811
2.56441
0.433239
0.529371
0.744313
0.642986
0.538529
2.1136
0.497929
1.18865
0.552273
0.77595
0.430132
0.712593
2.00688
0.338222
0.580918
0.390284
1.34845
0.0825736
0.383273
1.23873
0.963128
2.44647
1.09077
0.189422
0.943113
0.874048
0.637294
0.0585781
0.236806
1.65244
0.685076
3.17684
0.683311
0.17601
0.583385
0.493806
1.40942
0.869828
0.937065
0.854385
2.92108
1.97062
0.940439
0.547274
2.51069
0.332526
0.791006
0.833485
0.889796
0.868686
1.27962
0.505422
1.07926
1.12482
0.539565
1.13196
0.533834
1.95037
0.657754
0.105529
1.59028
0.383279
1.22823
0.496352
0.820871
0.734661
0.603455
0.422891
0.68656
0.681334
0.229534
2.55387
1.12003
0.572394
0.182072
1.62328
1.97154
0.870496
0.579078
1.81759
1.07613
0.501186
2.16318
1.25135
0.947051
2.08717
1.20181
2.45898
1.57494
1.94902
0.912432
2.04382
0.0744791
0.767879
1.64844
1.60559
1.14018
2.68983
1.20138
1.04026
1.0268
0.502581
1.41942
0.211304
0.358848
1.02258
0.864231
1.04921
0.692256
0.696747
3.06131
1.02941
0.426907
1.04727
0.172089
0.765051
1.04569
1.02885
1.01269
0.738432
2.41879
0.102719
0.996053
0.381215
0.607637
1.01064
2.47954
0.429291
0.116767
0.326605
0.27396
1.39374
1.55385
0.92236
1.79963
0.698352
0.79862
0.642742
1.35152
0.969794
0.282865
0.804162
0.453708
1.41331
1.7143
0.319408
0.857941
3.57123
0.602236
1.46584
0.609253
0.28419
1.17157
0.302978
0.314253
2.39667
0.210618
0.989171
1.02165
0.461138
3.80513
0.252412
0.401894
0.450893
0.657612
2.65644
0.774924
0.440882
0.325848
1.00952
0.137491
0.757295
1.15248
1.8463
2.4971
0.34279
0.738173
0.875022
0.367385
0.965135
0.0499096
2.29487
0.492127
1.77147
1.67947
5.35898
0.340147
1.65578
0.383758
0.965939
0.794964
0.0591148
1.46924
0.263451
4.54452
0.820654
0.892882
1.65409
0.108966
0.825249
0.155982
3.23751
1.98839
0.497774
2.25687
1.6177
2.4522
1.20127
0.860694
1.37125
0.656712
1.08082
1.47564
1.93827
1.91718
0.707608
0.303561
0.916349
0.935035
0.24591
1.29206
0.247483
0.610392
0.431361
2.13246
0.748116
0.977579
0.911979
2.39861
0.599079
3.5285
1.85719
0.6033
2.76815
0.996065
1.40814
0.35743
1.27205
0.592841
0.263617
1.03149
0.455495
0.781454
0.417883
0.576784
1.598
0.95423
0.23374
0.449808
0.235593
0.573389
1.2273
0.35518
1.49523
1.18418
1.56519
0.296452
0.270817
1.01469
2.1775
2.31607
0.678987
0.531047
0.704382
1.19055
1.54897
0.503268
0.297127
2.72644
0.868102
0.801774
2.06272
1.19609
0.89254
0.707815
1.16886
1.45484
0.826601
3.3066
0.539998
2.046
3.77712
1.79579
0.507451
0.685927
0.559019
1.12656
0.850568
0.802727
0.754624
0.601026
2.5371
0.577095
1.2392
0.634817
0.94415
0.210911
4.13459
0.890958
2.10961
1.09483
0.616004
0.303578
1.3546
0.303257
0.774232
0.644194
0.533872
1.94131
0.621698
1.34817
0.718156
0.82737
0.566438
0.536956
1.07988
0.970704
2.23531
0.854672
0.401815
0.208793
0.601578
1.62718
1.53329
0.47389
1.4059
0.987823
0.71173
0.702731
0.568144
2.73278
0.349843
1.50389
0.238226
0.553649
0.0434474
1.08762
1.40543
0.970486
1.24146
1.03575
1.08149
1.47741
1.44706
0.529899
0.445088
0.992393
0.765794
0.409589
1.15681
0.923725
0.486243
0.899076
0.871077
0.996075
0.78592
0.711172
1.17143
1.07303
0.972962
3.99366
1.78629
0.664121
1.42617
0.108332
0.392406
0.102891
0.314676
1.57679
0.312197
0.94668
3.53892
0.732547
0.260613
1.91276
0.601403
0.259026
0.604052
0.291909
0.358773
1.09105
0.140488
1.27077
4.14758
1.69433
1.95766
0.937238
0.501797
1.02504
0.293441
0.684581
1.09768
3.12529
0.629007
2.07056
0.832352
1.32532
1.78046
0.382196
2.68981
0.76369
0.0669688
1.19793
0.42828
0.583396
1.14807
0.709213
0.300382
0.0124391
2.86617
0.674527
0.802197
0.867787
1.7464
0.750499
0.297793
2.12368
1.87825
1.36947
0.648157
0.294825
0.13895
1.31006
1.03349
0.357132
0.195338
1.56247
0.885634
0.603599
0.732136
0.80785
0.790737
0.974564
0.305862
0.525065
0.336328
0.239544
1.59768
0.922161
0.174847
0.932316
0.413655
0.402378
2.56081
2.08962
1.30127
1.89256
1.01376
3.49971
0.678993
1.12026
0.499484
1.63805
1.81828
0.998031
0.304656
0.60368
1.21122
0.194878
0.837378
0.886957
3.90841
0.62343
0.396276
0.547093
0.630362
0.976742
1.89683
1.54134
0.651957
0.435063
0.809978
1.75463
0.519172
0.375753
0.577851
0.927738
0.277096
0.934215
0.379178
0.881732
2.17398
0.372025
0.566437
0.814576
0.600179
0.570708
1.96665
0.930382
0.241644
0.445324
0.743763
0.469552
0.333916
1.71848
1.07291
0.461726
0.344591
1.06752
1.23714
1.44824
0.452878
1.50399
0.0733444
0.765438
1.31756
0.320744
0.996622
0.662803
1.56636
0.52776
0.587676
0.470444
0.653364
1.14163
0.575824
1.32034
0.407127
0.0565623
0.220996
1.81725
1.02686
2.10015
0.141099
0.671102
0.476998
0.987495
0.987624
2.07596
0.401365
0.86083
1.99065
1.341
1.30265
0.285788
0.748185
0.40415
0.318676
0.426015
0.861458
1.294
1.38778
1.5602
1.225
3.33884
1.18036
0.074055
0.56127
1.23562
0.592334
1.95615
1.82049
1.68657
0.358804
0.60728
0.678219
1.54167
0.934282
0.102722
1.69943
2.4946
0.402894
0.521265
2.835
0.426928
1.7308
1.37863
1.37641
0.958268
1.03284
1.05803
0.148139
1.06892
2.54386
0.503584
0.819199
1.87361
0.291987
0.398956
1.64358
0.115274
0.478148
1.18099
2.22951
1.14711
0.854074
1.34194
0.315264
0.435023
0.835177
0.328557
0.754589
0.0826165
1.52372
0.394417
1.68494
1.62686
1.09838
2.48275
1.43005
0.444555
0.326088
0.810079
0.628593
1.10768
1.00584
0.672133
0.308717
0.212751
0.976892
0.511627
1.71558
0.663852
0.428606
1.27953
1.75204
1.32573
0.564398
0.155021
0.336112
0.312394
1.23298
2.78221
1.1979
0.623364
0.377658
1.79183
1.28757
0.407417
0.666673
0.792418
0.405878
0.116487
1.11547
0.438335
0.208549
0.667648
1.71314
0.988908
1.56586
2.04398
0.744002
0.958915
0.267288
1.33045
2.31882
1.5558
1.36809
0.197269
2.44127
1.73701
0.0978197
0.692133
1.15656
1.06798
1.64349
1.34173
0.726282
0.29266
2.10752
1.40709
1.17605
0.688567
1.34278
0.212379
0.229549
0.448278
0.156268
0.480281
0.64382
1.14888
1.29708
0.487475
0.607119
1.54691
0.736908
0.91531
1.62324
1.04202
0.522729
0.720752
2.53449
1.02116
1.85852
1.9206
2.01309
1.66328
3.03102
0.677113
3.36017
0.828125
0.258336
0.57902
0.705713
0.170527
0.539305
1.24225
1.61025
0.966438
1.55465
0.384529
0.610129
0.761896
1.8282
1.98995
0.683183
2.59506
1.42071
1.20647
0.967286
0.294672
0.313144
1.44049
0.0364563
1.38452
1.4973
1.63755
0.607058
1.15393
0.787487
1.23183
2.18819
2.06647
1.55755
1.91922
0.878779
1.61408
0.693266
0.513114
1.71864
0.768068
1.60547
0.390369
1.15833
1.59288
1.887
0.386004
1.58539
0.383305
0.273206
0.742581
2.22122
0.765069
0.484355
1.45965
0.716464
1.52805
2.58082
1.64935
1.56056
0.0436957
1.38766
0.530148
0.426719
0.418785
1.61227
1.56247
0.49278
0.927012
0.993869
1.84811
2.50456
0.588288
1.66311
0.613699
0.652004
1.22507
0.264354
1.04726
1.84097
0.127439
1.93438
2.83202
1.02134
1.23989
0.281369
0.852229
0.473661
0.494228
1.71687
0.82784
0.797614
0.758558
0.375524
1.53762
0.392135
0.478896
1.15046
1.86965
2.15153
0.547053
1.1309
1.40231
0.4983
0.081072
0.133801
0.521589
0.241766
1.24578
0.636199
0.492374
1.67801
0.820959
1.10376
0.952766
0.307271
0.465745
0.218889
0.500605
0.422544
0.224423
2.3153
1.79255
1.52551
2.27369
0.634772
0.972817
0.837665
0.710189
0.89698
0.875779
0.524297
2.66287
1.26268
0.927304
0.309018
1.71949
0.225559
2.09166
0.410411
1.14448
0.426784
0.648149
3.18172
1.15573
0.478693
0.595984
0.849114
1.21602
1.10127
1.0636
0.803561
1.9447
1.07729
1.69895
1.11231
0.837343
0.573699
1.7618
1.35301
0.891641
2.80435
1.91971
2.00255
0.995144
2.2935
2.21145
2.8141
0.857533
1.00707
1.37119
1.05769
0.604513
1.44681
0.485495
1.07631
1.18084
0.734288
0.12862
0.36417
0.300317
0.395277
1.40961
0.399461
0.289102
0.54987
0.2146
0.678905
0.802364
0.743641
0.996101
0.770708
0.225557
0.408326
0.543545
0.668549
0.353478
1.19022
1.55917
0.0362455
0.491723
1.33573
0.101435
0.134943
0.229505
0.361852
1.3067
1.50676
0.55374
0.429255
0.344714
1.80743
0.618726
0.84847
1.28923
2.35848
1.43934
1.2363
0.45591
0.556648
0.385059
0.627955
0.98558
0.45095
2.05111
0.508763
0.770717
0.768519
0.109839
0.94752
1.17148
0.76047
0.868752
0.694355
2.13405
1.10275
0.497907
2.70923
0.642784
4.64534
0.0317443
0.773627
0.690886
1.99632
1.54843
0.708362
1.75085
0.149164
2.19281
0.647831
0.394027
0.263364
0.610288
1.96396
0.703768
0.395208
0.272914
0.81818
0.390434
1.21243
1.16157
1.24679
0.613635
0.689245
3.23272
0.488201
0.825593
2.14469
1.71671
2.46775
1.26918
1.16521
0.428253
0.508354
1.01302
0.518068
0.851763
0.998763
0.427812
1.47183
1.19014
0.982985
0.460534
1.4197
1.50486
1.071
0.431909
0.639785
1.31903
1.80274
2.13611
1.42098
0.402859
0.98847
1.7265
0.362191
0.501454
2.28
1.39218
1.33744
0.777616
0.628278
0.56995
0.701654
0.797661
1.18736
0.939413
0.246325
0.512056
0.655002
0.532863
1.65091
2.5971
0.384703
0.883586
0.803292
1.07913
1.78713
0.217975
0.0718324
0.318108
0.925036
0.566664
2.31426
0.732654
0.862795
0.952541
0.261391
0.400468
0.778491
0.88136
1.62035
2.31738
2.01528
0.111496
0.490115
0.81837
0.361707
1.13863
1.56462
0.309215
1.08494
1.08126
0.0699661
0.714597
0.534946
1.20862
0.545995
0.719331
1.29143
0.452466
1.18787
1.44056
0.625588
1.55381
1.05799
0.23433
0.601463
0.725605
0.383933
1.70526
0.228492
1.28533
0.823792
1.82625
0.536405
0.320474
1.5568
0.936967
1.64712
1.7481
0.349808
0.279403
1.48822
0.856672
1.80708
1.27809
0.848243
1.49178
1.15039
0.842976
0.430614
2.32525
0.044308
0.089826
0.942411
1.39237
0.753457
0.523073
0.286012
1.17419
0.82825
0.600399
0.713954
2.91848
0.799763
1.17366
0.608651
0.541076
1.39694
0.902331
1.19556
0.364171
0.526523
0.512547
1.30274
0.727588
1.43652
0.892858
0.475751
0.739892
0.582538
0.219269
0.494151
1.03098
0.500234
1.26294
3.03991
0.661286
2.08274
0.571679
0.859448
1.35024
0.928374
2.1238
0.487112
0.719913
1.66082
0.62252
1.20135
0.328509
1.1844
0.163803
0.121197
0.0946443
0.725037
1.4292
2.34921
0.394179
3.07711
0.311209
1.1915
0.625851
0.430071
2.28697
0.209427
1.72223
0.661149
0.36034
1.9162
0.477975
0.434327
1.48331
1.51759
0.335685
0.3397
0.741433
0.579627
0.628251
0.525052
1.5264
0.453458
0.0557037
0.569481
0.119451
0.492117
1.0788
0.878806
0.682393
1.33131
0.23541
0.425289
0.13112
0.110184
0.955342
0.38469
0.376788
0.148776
2.78353
1.28232
1.28315
0.570052
0.115091
0.909743
0.460311
0.289504
0.483026
0.455275
0.803525
1.56252
0.277686
1.81046
2.43507
0.135708
1.10605
0.552393
1.44949
0.577858
1.34689
2.13254
1.62494
0.916113
0.903035
2.67816
0.331191
0.338161
0.388311
0.419239
0.28005
0.660773
0.606021
0.537813
1.62739
0.173517
0.414839
0.615812
0.751749
2.09651
0.555925
0.849031
1.00473
1.79456
1.03496
0.453147
0.973323
0.60133
0.462765
0.787668
1.28994
1.38441
1.71133
0.328271
0.605077
0.0890338
2.24457
0.674881
0.772238
0.559273
1.76694
0.621689
2.41666
0.753537
0.404109
0.534084
0.19708
0.294007
0.617892
0.283667
1.45965
1.16232
0.666659
0.128951
0.847723
0.648423
1.53088
1.23629
1.35201
1.24999
1.17736
1.10682
0.432611
2.43422
2.08088
1.02931
0.325929
1.37751
0.721344
0.936297
1.53501
0.840608
1.04881
1.42607
1.62896
0.487377
2.48604
1.30509
0.313345
0.0185011
1.81483
0.288404
1.55349
0.431587
1.54485
0.622363
1.95459
0.18527
0.438083
0.572168
0.792835
1.33981
1.49772
1.02277
0.620984
0.176816
1.10091
1.76953
0.627543
2.17604
0.376252
0.305258
0.826096
0.481502
0.234523
0.983173
1.24143
0.56814
0.887731
0.68275
1.27413
0.805825
0.476427
1.97084
0.903992
1.13859
0.357794
2.24625
0.614753
2.39157
0.908123
0.843548
0.384842
0.364846
0.717797
0.477447
0.56798
0.41949
0.986644
1.01664
1.1542
0.122498
1.34211
0.383772
0.359042
0.374211
0.616316
1.19189
0.980965
0.847726
0.470688
0.913192
0.641646
2.85716
1.67008
0.676071
1.02769
0.364455
1.29726
0.806662
0.11128
1.44821
0.976477
0.930431
1.33475
0.493093
0.254971
1.48801
0.104468
0.0251996
0.165047
0.830014
1.12592
2.20178
0.784679
0.244591
1.57885
0.838617
0.220964
0.0800357
0.13302
2.38575
0.897154
2.35362
1.09983
1.22066
0.245074
0.277785
0.458488
1.86278
1.28403
0.728815
0.896023
0.821088
3.39003
2.46566
0.623556
0.69682
0.312059
0.554368
0.451798
1.00338
0.407801
0.718118
1.01567
1.1055
0.725926
1.09263
1.07158
1.30271
0.497617
1.15527
1.20223
0.56647
0.497319
1.143
1.02955
1.11362
1.75845
0.867568
0.4607
0.249374
3.17757
1.64606
1.08068
0.184752
0.43954
1.1696
1.65208
0.369441
1.14026
0.392212
1.86138
0.91246
0.581199
3.91425
0.378221
0.324252
1.08607
0.486378
0.989401
1.32943
0.608409
1.37467
0.434284
1.70857
0.815455
1.32671
1.68936
0.527708
0.146609
2.12707
1.53695
1.65615
0.358028
1.15555
0.825192
0.546388
0.449288
0.96919
1.38698
2.43261
0.477907
2.6544
0.838674
1.37824
0.651804
0.51789
1.56457
1.57134
1.12961
0.633244
1.12933
0.472274
0.910752
0.711173
1.01735
2.09407
1.23754
1.56159
1.92648
1.48142
0.299632
1.49348
0.503843
0.867534
0.697268
0.646215
0.786378
0.941006
1.91441
1.80968
1.68337
1.26543
0.418412
3.25377
1.69992
0.352641
0.360909
0.691523
0.643651
0.157834
0.60055
0.379639
1.64046
0.848283
1.80849
0.676139
0.124028
1.80579
0.402058
0.56707
0.256557
0.965837
0.80004
1.85415
1.46181
0.574488
0.835393
0.286103
2.93263
0.595401
0.467037
0.466309
1.16403
1.64434
1.14659
0.294152
0.343967
0.526265
0.897369
0.618039
0.360193
0.268734
0.942619
0.307249
0.624421
0.131872
0.339986
0.593982
1.56851
0.189979
0.728716
1.54167
0.757181
0.514148
0.584958
2.19005
1.52623
1.22146
0.547663
0.441075
0.224786
0.422194
1.19331
0.556265
0.570693
0.284088
0.791824
1.31595
1.06361
0.184476
0.453795
0.520092
0.722177
0.852787
0.78633
0.553328
1.37566
0.41135
0.905532
0.427779
0.203073
2.00842
1.31156
0.488254
0.606283
0.627558
0.0412478
0.994496
0.719115
0.721016
1.38644
0.477376
1.01558
1.04176
2.24205
1.22686
0.889575
0.339438
1.26799
0.262691
0.297225
0.449282
1.11834
0.772643
0.502555
0.444017
0.724901
0.340979
2.01368
0.339459
0.343211
0.745823
1.40678
0.235125
2.15531
0.436929
1.67545
0.867302
1.58578
1.4047
0.418704
1.56655
0.339133
1.41036
0.891183
0.172272
0.797909
1.00959
0.665199
0.357542
0.850786
0.857664
1.40584
0.709048
0.187499
1.33514
0.438082
1.19107
1.16455
0.660699
1.16776
0.621359
0.831186
1.19519
1.42991
1.55764
1.34203
0.407152
0.391825
0.51785
2.3282
0.289982
1.84936
0.424143
0.978592
0.165371
0.157109
2.94484
1.23663
0.936524
0.883522
0.229251
0.22711
1.45023
0.752394
0.99529
3.30605
2.07027
1.82337
0.665884
0.313752
0.715828
1.42888
1.07213
0.203032
0.847703
1.62617
2.04842
0.615487
1.57236
0.74231
1.41961
2.84713
1.26094
0.403114
0.539368
0.937952
0.456775
0.717108
1.94411
1.17758
0.33145
0.332175
0.502106
1.03788
0.906034
0.307015
1.13891
0.965053
0.74536
0.882384
0.0797531
0.617444
1.09978
0.491623
1.05803
1.19543
0.634517
0.225646
1.94574
0.999533
1.20738
1.10963
1.2335
1.28267
0.98474
0.412133
0.519517
0.802805
0.287687
1.63185
0.467671
2.64794
0.807524
0.754122
0.806735
0.953804
0.0704089
0.944224
1.15168
0.388899
0.0236882
0.491172
0.399795
2.67433
1.7581
2.40768
3.02842
0.214038
0.799283
2.13136
0.570625
2.37457
1.29519
0.82926
0.625426
1.1776
1.86062
0.913093
0.30915
0.157796
1.77958
3.16796
0.307547
1.44229
1.75973
2.0203
0.0388205
2.206
0.465542
0.857442
0.798045
0.434681
2.33665
0.402131
0.706067
1.46196
3.44893
0.185176
0.615925
1.08555
0.725751
3.47424
1.21101
0.538422
0.533708
0.179701
1.04636
1.39416
0.966971
0.377952
2.52936
1.36919
1.36965
2.48728
1.07511
0.645567
3.39576
1.16712
0.652985
0.439128
0.671563
1.54955
0.476645
0.775324
1.13016
0.632399
0.86626
0.756978
0.319802
1.24697
0.856864
3.9668
1.16768
2.08624
0.651931
0.306211
1.32623
0.733433
0.718718
1.69292
1.03782
0.65076
0.668295
0.200744
4.38248
0.684004
1.27365
1.10501
0.516544
0.439254
1.13506
0.84239
0.686362
0.662652
0.132385
0.634306
0.77234
0.296714
1.86055
2.37421
1.37214
0.772772
1.28427
1.09374
0.794452
0.467283
0.735736
0.750327
0.432772
0.29525
0.437537
1.67738
1.24824
0.291853
0.692952
1.07558
0.570016
0.871581
0.40693
0.501988
1.49913
0.170935
2.42424
0.409229
2.08365
1.15915
0.981716
0.651178
0.910819
0.417821
1.66974
0.744099
0.769043
3.246
0.721518
0.963394
0.967527
0.313234
0.271606
1.34443
0.758875
2.47531
1.91059
0.453557
0.341741
1.2963
2.03394
1.41291
0.783498
0.848827
1.65507
0.925408
1.36456
0.75983
0.586384
1.8373
1.07706
0.745974
1.05536
0.37581
0.497811
0.617423
0.305705
1.01317
1.03185
0.984138
0.185962
1.40804
0.683908
2.35097
0.552108
1.74913
0.86403
0.902855
0.69674
1.25576
1.45492
2.01066
0.933729
1.13977
0.858119
0.646672
0.147569
0.0837915
0.638654
0.492032
0.591924
1.15236
0.160251
1.28921
1.91695
1.19436
0.256695
0.541239
0.664294
0.0206924
0.883909
0.648405
0.333637
0.414111
2.18175
0.772202
1.87721
0.809498
0.780679
1.50469
1.09969
1.79182
0.402339
1.69583
0.0745134
1.9672
0.509819
0.606347
0.389398
3.34964
1.06363
0.23283
2.53294
1.61899
1.67414
0.447459
3.28727
0.283342
0.606032
1.44721
0.898433
0.802752
0.82951
0.96109
0.762423
0.414111
1.49558
4.56972
0.743228
0.783005
0.809214
0.0869993
1.07453
1.63516
0.145192
1.17548
1.22686
1.32649
0.842775
1.16002
0.556218
0.957221
1.71877
1.44061
1.09623
0.663135
0.868138
1.13263
2.25922
1.01204
0.123108
0.725865
0.35344
1.40522
0.0805131
1.8185
0.159734
1.83065
2.76827
0.92387
1.6385
0.985393
2.02951
1.4041
0.722846
0.369392
1.32937
0.97569
0.734749
1.28891
1.23991
0.457554
0.606875
0.436292
0.250039
0.426194
0.673661
2.72582
0.288054
2.51401
2.07929
1.18968
1.6074
0.306209
0.294175
0.272572
1.5153
1.51118
0.243046
0.578477
0.163365
0.504128
0.72302
1.77736
1.36069
1.5058
0.0634521
1.50229
0.743531
0.980002
1.95901
0.410711
0.510817
0.339186
0.497851
1.03447
0.765011
0.408587
1.60719
0.567437
0.734898
0.908748
0.913333
0.289131
2.38234
1.55551
0.460916
0.603447
0.317305
0.863246
2.6722
0.966263
0.680968
0.630764
1.17058
0.499571
0.427659
0.881007
0.266067
0.64401
1.38735
1.39717
0.445577
1.36165
0.640966
0.850654
0.52216
0.927692
0.361032
0.424536
1.54394
0.620826
0.872588
2.13433
1.30472
0.25417
0.901516
1.10475
1.24613
0.622062
0.566045
1.03275
3.05623
0.392375
0.0929821
0.365742
0.61657
1.26712
0.622042
0.124287
0.0842508
1.13274
0.297551
0.307486
2.50433
1.23041
0.148748
2.19996
1.39489
0.331703
2.89256
0.251961
0.61596
2.83784
0.450256
1.33326
0.6268
1.51418
0.495973
1.04111
0.287938
2.99574
1.59915
0.709077
1.51899
3.65515
1.86997
0.452589
0.759633
1.39379
0.413025
0.328093
0.733157
0.082531
0.174036
0.365915
1.80685
0.471785
0.28632
0.529791
0.227645
0.665609
0.440837
3.42241
0.77447
0.812245
0.254364
1.92103
0.242243
0.532111
0.489962
1.27112
0.550051
0.67415
0.340552
0.364281
0.800589
0.434115
0.872668
0.637495
1.50309
3.53519
0.888769
0.796977
0.871222
1.28006
1.54877
0.791223
0.813633
0.296611
1.01172
0.544849
0.554782
0.895266
1.00894
0.555518
1.76434
0.907922
0.350292
1.68424
2.78074
0.832215
0.391144
1.59573
0.550311
0.571537
0.362092
0.301971
0.245637
0.8436
0.667025
1.61792
0.440209
0.481535
0.859019
0.919562
0.506318
2.63518
0.198639
0.983572
0.841309
0.449352
0.703416
1.02809
0.740918
0.578714
0.46551
1.20114
0.528863
0.989606
1.1898
0.745958
2.12994
1.32088
0.272554
0.2158
0.389191
1.49413
0.596589
0.120129
1.21441
1.31485
0.270883
1.62059
2.75359
1.30447
2.27209
0.849857
1.43049
0.597457
0.900551
0.4083
0.368706
0.695659
1.74088
0.600672
0.926726
0.65134
0.973596
0.489083
0.519933
0.60328
0.521954
3.15142
1.27241
1.73086
0.526691
0.701371
0.583152
1.98054
0.557138
1.27775
2.39087
0.514204
0.537641
1.74133
0.331222
1.43562
0.409655
1.69668
0.194793
0.702294
1.15639
1.07678
1.02691
0.822038
1.53687
0.378578
0.475857
1.33774
1.33039
1.62109
0.707591
1.27446
2.20532
1.57426
1.46298
1.16851
0.688497
0.534508
2.4688
0.591057
1.45667
1.30978
1.41772
0.807336
0.474238
0.762869
0.945732
0.38438
0.695665
0.199499
2.12847
0.675918
0.568908
1.89449
0.428508
0.899547
1.17431
0.521479
0.327419
1.74875
0.842442
0.575439
0.261333
0.416888
0.315171
0.323005
0.642352
0.928814
1.18948
3.36726
0.253077
0.249961
0.60866
0.620519
0.927085
0.518305
1.01548
0.672067
0.956363
0.416262
0.857722
0.457581
1.10151
0.60923
0.151193
0.0611147
0.988488
0.344414
0.517496
0.653439
2.26795
0.489528
1.15424
0.0463622
1.58265
2.4788
0.464372
0.133542
1.39774
3.28032
0.347133
1.50525
0.258956
3.16261
2.43317
0.868438
1.21625
1.74771
0.151367
1.58075
1.528
0.656223
1.10579
0.468792
0.927149
0.459102
0.81526
0.777587
0.459821
0.386713
1.40528
0.482231
0.23115
0.901139
0.230597
2.74308
0.706549
0.374826
0.785023
1.47857
2.0258
0.43853
0.318467
0.387624
0.186523
0.997045
1.30793
0.245365
1.84242
1.04181
0.0947706
0.687207
0.566173
3.80231
1.83733
2.29875
0.142701
1.61809
1.00713
0.907686
4.93753
0.108527
0.90243
0.316729
1.81425
1.06591
2.40748
0.958236
1.44658
0.0439107
0.603602
1.11523
0.494569
0.887947
0.795624
0.595003
0.9238
4.00479
0.282113
0.569094
0.546661
1.26636
1.65442
0.953245
0.515441
0.321227
0.350457
1.33257
0.798611
1.64322
1.63191
0.572531
0.848159
0.977622
1.54967
0.960837
1.059
0.864414
0.972148
1.18505
0.51546
0.406757
0.334112
0.652947
0.699558
0.538241
0.596063
1.15888
0.877403
0.601791
0.846403
0.153676
1.24327
2.36052
0.935724
0.803269
1.21637
1.56936
0.274829
0.703446
1.84666
1.45193
0.890314
1.13627
0.891731
0.758567
1.36392
0.138852
2.28469
1.15292
0.942248
0.760594
0.544893
1.32899
0.414391
1.37611
0.857078
0.338038
1.05498
0.668453
0.108883
0.807965
0.0540575
2.3046
0.328432
0.456519
0.681723
0.784561
1.70041
1.26898
0.931937
0.961055
1.86806
0.665509
0.553061
0.579358
0.235449
2.08685
0.364995
1.01528
2.09043
0.606887
2.17382
0.146215
1.58463
0.248792
1.50421
1.35534
1.17373
1.91177
0.962012
1.18615
0.87146
2.90254
0.579182
0.184993
1.40981
0.671507
0.6803
0.698231
1.1662
0.481258
0.94449
0.515452
2.29601
1.42403
0.779296
1.26003
1.08282
0.916638
0.599341
0.673351
1.19056
0.459489
0.503664
0.522077
0.499467
0.46095
1.55886
0.535322
1.43533
1.31145
2.48989
0.20078
0.272863
0.0812624
0.218277
1.09824
1.86482
1.32526
0.832952
1.08924
0.408962
1.74703
1.47966
1.01902
0.99509
0.566035
2.18468
0.467253
0.834168
1.89749
0.428999
1.97903
1.23984
0.310861
0.54705
0.322417
0.864336
0.121362
0.81756
0.898748
0.550388
0.46991
0.746458
0.607579
1.43997
3.87363
1.65696
0.617425
2.17605
0.444018
0.952611
0.692676
1.38355
1.53247
0.485293
1.43386
0.499177
1.51043
0.754105
0.297242
1.16685
0.371438
0.837122
1.63289
0.139742
0.412736
0.867861
3.99462
0.864873
0.53471
0.655065
0.982244
1.79841
0.96826
1.30863
1.20582
1.26518
1.35333
0.533291
1.72642
0.493416
0.475228
0.157062
1.12755
1.50323
1.40631
0.587564
1.01335
1.04028
0.781864
0.472363
1.39425
0.644962
0.708179
0.54389
2.25765
0.245373
1.06335
0.589597
0.263884
0.95434
0.959636
2.45702
1.18387
1.11939
0.641732
0.244983
0.639618
0.554551
1.41489
0.915351
0.16696
1.3455
0.897177
1.49139
0.0689064
0.472426
1.14046
0.837935
1.03753
1.01975
1.38083
0.812601
1.28636
1.88961
0.207028
1.07524
2.64616
0.988326
0.203613
1.381
0.623592
1.42533
0.957371
1.24155
0.605101
1.00703
1.77685
0.908037
0.275084
0.278518
1.62223
0.134115
1.17498
0.785595
1.57486
1.77541
0.814168
1.39405
1.30316
0.694372
1.19989
0.993091
0.320789
0.567778
0.677922
0.228686
0.705234
0.740182
0.699235
0.22799
1.16684
0.319249
0.622696
0.865864
1.89059
0.297521
0.281288
0.430488
0.361616
1.70469
0.264902
0.291296
0.272927
1.1626
1.22662
0.451893
1.64554
1.87944
0.615185
0.573643
1.07908
1.32502
0.616046
1.67105
3.46609
0.30935
1.51187
0.32079
0.471597
1.17189
1.10058
1.48514
0.84684
0.359587
0.819502
1.30055
0.30734
0.539478
1.09105
1.13788
0.41953
0.0837671
1.11978
1.31345
0.252314
1.34502
0.340486
2.33221
0.494382
0.381403
0.114163
1.65685
1.664
2.46
0.866122
4.18081
0.224467
1.34701
0.220974
1.13477
1.85764
1.36038
0.921755
0.760283
0.672434
1.73523
0.383697
0.104798
0.660802
2.58372
1.63682
0.284429
0.986848
0.463183
0.0717197
0.728041
0.461404
0.369255
2.06051
0.323275
1.87525
0.870491
0.614228
0.91548
1.0048
0.939579
1.24829
2.26934
0.497167
0.881652
0.190863
0.705868
0.680185
1.88552
0.613427
0.564021
2.0777
0.714739
0.40364
0.930866
1.23747
0.360989
1.02228
2.11593
0.583622
0.325647
2.33243
0.389258
2.68697
1.09314
1.78492
1.16613
0.044545
0.859253
1.15978
0.305308
0.993291
2.63462
0.1659
1.5523
1.7588
1.91859
0.527833
0.912519
0.72801
0.772996
1.1873
0.633462
0.709794
0.62507
0.407354
1.05398
0.530201
0.817831
1.95936
1.02024
1.12729
0.856987
1.22698
1.1165
2.03105
0.946142
1.49455
0.431008
1.56637
0.229536
0.200862
1.45101
0.493473
1.03673
1.22006
0.423839
3.08462
0.633289
1.96133
0.290198
1.65605
2.6223
1.21137
0.714354
0.763872
0.242171
0.283961
2.15592
0.599878
0.15362
1.71352
0.196525
0.849926
1.01015
0.789843
1.07776
0.987436
0.66285
0.720236
1.19647
1.64224
0.578565
0.712917
0.300078
1.29279
1.84232
0.809657
0.319765
1.09984
0.388069
1.10269
0.709262
0.135208
0.70722
0.257644
1.24796
0.922402
1.58619
0.730582
0.28455
1.23898
1.41427
1.32243
0.481346
0.308665
0.756766
0.51645
0.928434
0.53613
1.93858
1.15672
0.459408
2.25451
0.859947
0.800608
0.874962
1.13567
0.57173
0.071895
1.02063
1.1189
1.34469
0.170705
0.761633
1.33423
1.8222
0.702487
0.634347
0.166066
2.03289
0.594838
0.953446
1.72043
0.28995
0.957229
1.02947
1.28657
0.688142
1.79373
0.939701
0.542881
0.845561
0.633624
0.749935
1.11907
2.75771
1.48431
0.828055
0.0660911
0.323064
1.01622
1.19178
1.24614
2.03129
1.17895
0.52642
1.51483
0.322491
0.985104
1.3389
1.65829
0.161664
0.750174
1.17664
1.05699
1.16743
0.797461
0.548882
0.630481
2.66793
1.30469
0.84907
1.24721
0.367806
0.515774
0.959998
0.278644
0.323404
1.17191
0.570943
0.757117
1.66023
0.565324
0.627699
1.57221
1.20847
1.17654
0.338764
0.969245
0.417532
1.26704
0.393489
2.02546
1.15773
2.81542
1.76174
0.676573
0.0323222
0.278035
0.120146
0.240624
0.425752
1.27916
0.540788
0.858119
1.51939
0.438327
0.965124
0.709351
3.1962
0.350525
0.774731
1.41721
0.243551
0.779735
1.17066
2.79152
0.530863
1.66366
0.530333
1.27585
0.266105
0.857366
1.67529
0.291558
1.5724
2.15143
0.849862
0.980687
0.554055
0.711602
0.868031
0.132047
1.11402
0.313574
2.48323
1.851
0.344342
1.85699
0.382638
0.990271
1.10586
0.465191
1.03156
4.13644
1.00718
0.450604
0.672815
0.764409
2.04452
0.207186
0.524021
1.5895
0.770164
0.564729
1.78037
0.75652
1.40949
0.60273
0.101297
0.388126
0.47416
0.82976
0.744944
0.746854
1.2169
1.40104
0.980658
0.411034
0.879424
0.159925
0.12845
0.392711
0.960964
0.969517
1.33582
1.26962
1.02475
2.68033
0.662096
0.893302
0.694636
0.867619
1.09744
1.44637
1.65375
1.51569
0.704851
0.530325
1.10979
2.15801
1.32667
0.86025
0.656758
0.621216
2.08431
0.724092
1.47673
1.54118
0.491075
0.274576
0.614293
0.788882
0.545251
1.52778
0.743914
0.295603
1.52996
2.53975
1.34453
1.41201
0.583244
1.08068
0.218515
0.109957
0.431749
0.185185
0.731793
1.04863
0.688617
0.392744
0.276713
0.401948
0.887511
0.339
2.57231
0.578245
0.213061
1.43879
0.135737
1.40684
1.52367
0.895984
1.14039
2.10992
1.05906
0.491755
0.728298
0.021462
0.374034
2.42328
1.66401
0.109086
0.752978
1.17251
0.22647
2.22257
0.188653
0.463712
4.02859
0.846278
0.854224
1.4873
1.26917
0.992193
1.19075
2.45152
0.389751
0.774317
1.09525
0.29878
1.79205
0.535608
1.09391
1.47547
1.56183
1.9239
0.64687
0.322919
0.88164
0.681684
0.530425
0.63967
0.329674
0.0896576
1.1128
1.19539
0.272736
1.11687
1.85902
0.298817
0.737687
1.13269
0.572899
1.52791
0.903392
0.631963
1.24242
1.25437
2.31774
1.041
1.35441
0.8961
0.501817
0.573227
0.310364
0.211642
1.04478
1.16333
0.473389
0.210054
2.00562
3.09219
1.20214
0.304933
1.28042
1.20437
1.75098
0.813229
1.30483
2.46305
0.523633
0.723711
1.25142
0.932252
1.10152
0.135519
1.66935
0.812647
0.846813
1.18118
1.26769
3.04002
0.513978
2.16511
0.342019
0.490216
0.122636
1.02251
0.586474
0.628264
1.28409
0.250914
0.557712
1.66746
0.440668
0.782523
0.471529
1.02349
0.647141
0.419193
1.75843
0.539286
1.28245
0.341814
2.6328
0.227393
0.394955
0.123766
0.636051
1.02087
0.472391
2.66031
1.58277
0.317723
1.08681
0.139895
1.31145
0.618626
1.04766
0.534096
0.651743
0.67582
1.50366
0.432999
0.517885
1.16013
4.03876
0.69835
1.03394
0.149535
1.95547
0.522981
0.962068
0.345559
0.322971
0.527911
0.0856793
0.544071
1.72876
0.86387
1.8428
1.42459
1.71349
0.480045
1.66945
0.623857
0.449178
4.29969
1.16281
0.235392
1.35612
0.70784
2.28546
0.421274
0.316691
0.958067
1.02021
1.47238
0.619314
0.877715
0.304541
1.57155
0.233965
0.663915
3.94619
0.746607
0.774627
2.12044
1.52433
1.10878
1.15655
0.353125
0.92724
0.80066
1.30285
0.527103
0.870568
0.0943738
4.95445
0.398854
1.82061
0.2333
0.167831
2.44529
2.42883
0.480547
1.33351
2.43431
1.87682
0.522301
0.895084
1.48611
0.433498
0.760655
1.98898
0.322005
1.78507
0.880428
0.813323
1.11828
1.59963
0.938871
1.52814
1.1679
0.201778
0.842477
1.89097
0.709973
2.51797
0.882281
0.549495
1.79692
0.294257
1.09723
0.655972
0.932682
0.188821
0.168953
0.505887
0.561352
0.696659
0.587272
0.258252
0.925792
0.805018
0.384335
0.310289
0.261688
1.27514
0.949439
0.309502
0.900222
0.131345
1.73725
1.00283
0.670742
0.814979
0.861286
0.95905
1.14825
0.239148
0.583049
0.968345
0.59167
2.7214
0.424127
1.12459
0.88648
1.6981
1.40502
1.42496
0.733198
0.224864
0.841654
0.592071
1.64664
2.21516
0.379772
0.504026
0.936828
1.57845
0.862803
1.78794
1.37776
1.48378
0.770998
0.123299
0.922181
1.01412
0.609016
0.331117
2.12135
2.11679
1.12616
0.124203
1.6631
0.868142
1.27474
0.513894
0.63403
0.814877
2.04479
1.53182
1.22036
2.25073
1.52145
1.31244
0.143569
1.63679
3.04302
0.859318
0.913097
1.57643
1.77332
0.426741
0.599281
0.508144
0.89982
2.20938
1.40154
0.352666
0.261898
0.236514
0.803558
1.5099
2.42177
0.935393
0.591925
1.86611
0.835654
1.04274
1.96876
1.48717
0.352102
0.96111
0.850157
0.71421
0.138517
0.256382
0.435493
0.603006
0.661822
2.09978
2.09315
2.39415
0.855544
1.18906
0.628734
0.468998
1.82795
1.97434
2.18413
1.50134
1.20496
0.944477
0.92477
0.71371
1.71347
1.04046
1.25945
0.368548
0.763824
0.41742
0.417825
0.529579
2.01525
1.33102
0.814039
0.312358
0.335487
0.949684
0.587233
0.790122
0.785742
1.07644
2.31662
0.773085
1.12696
0.999444
1.5756
0.819149
0.903986
0.612775
0.244295
1.37914
0.624329
0.996845
1.48878
0.595548
2.47272
0.444826
1.1119
1.92129
1.05223
1.12704
0.841233
0.771965
1.90722
1.24416
1.11215
0.813953
1.41289
2.40156
1.98047
2.62482
1.26255
1.06815
0.461957
1.31678
0.476076
1.06158
0.544313
0.344172
1.63216
1.39427
1.08061
2.00613
0.212408
1.79822
2.83037
0.738769
0.777103
0.468842
0.834908
0.956018
1.40025
0.798746
1.65742
0.220706
0.91628
0.680105
0.989201
0.788412
1.05295
0.651357
3.58405
0.481801
0.88517
0.132059
1.45825
0.74143
1.92875
2.00561
1.32996
0.911117
3.94911
0.295375
2.24115
2.53218
0.967805
0.586846
0.176148
1.41192
0.856039
1.78546
2.70275
0.875567
0.477891
2.28455
0.49627
0.283135
1.1445
1.04668
1.24864
0.391134
1.69848
0.904629
0.831759
0.435995
0.681264
1.02436
1.0893
0.375948
1.33978
0.436997
0.42309
1.34785
2.17622
0.470269
1.78036
2.19712
0.524784
0.850645
2.05309
0.401673
0.774497
0.359381
0.853324
1.27092
1.35109
1.57125
1.36247
1.46922
1.62344
0.632718
3.36598
0.426614
0.522805
1.00225
0.896939
0.679181
0.500851
0.192416
0.427239
0.748885
2.47177
3.10738
0.865191
0.456736
1.89565
1.15319
0.0380786
0.591894
1.42507
3.57427
1.13987
1.29203
0.0573816
0.713848
1.23435
0.716162
1.7267
1.19422
0.627846
1.12995
1.42841
1.68806
0.750793
2.52914
1.40556
1.14027
0.767086
1.99458
1.05468
1.87389
0.216433
1.08776
0.355913
0.708017
2.18063
0.60357
3.34716
0.273931
0.819667
2.22778
0.345725
1.24533
2.12932
0.72412
0.278222
0.636432
0.332896
0.865256
0.236371
0.47882
0.93369
1.20196
1.11884
0.494385
0.611532
0.850633
1.22664
0.852823
0.947084
0.640954
0.768394
1.49858
0.898616
1.20535
1.61237
0.849252
0.738303
0.361951
1.73482
0.152665
0.0803388
0.734299
0.691116
0.14898
0.825086
0.453506
0.220316
0.574975
0.170443
0.603876
1.36782
1.24778
0.163204
2.17432
1.57704
0.67005
2.2126
0.629604
0.413265
0.384266
0.993521
1.26231
1.28125
0.292687
0.680241
0.302198
0.716239
1.9221
0.834914
0.421497
0.208816
0.934875
0.352418
0.956442
0.480752
0.504401
0.326359
0.59006
0.410639
0.900344
1.6037
1.58614
0.589449
0.861895
1.04405
0.363349
1.72489
1.12315
0.180981
1.28524
1.01411
2.03881
0.520786
0.389644
0.878122
1.15765
0.772793
0.819036
0.462373
0.349256
1.43955
0.325998
1.33034
0.944913
0.48776
0.10385
1.74974
1.89086
0.892162
0.995155
1.02525
0.504911
1.28193
0.858685
0.703184
0.318425
1.21924
0.720351
0.629357
0.485953
2.11106
1.13814
0.745675
0.300441
0.509961
1.47717
1.63707
0.681577
0.440455
0.227065
0.637645
0.425452
1.25176
0.353685
1.04172
0.443104
1.02025
2.81097
0.735035
0.601244
0.715882
0.528724
0.983077
0.820118
1.96604
0.286608
0.509565
0.227508
0.418005
0.677697
1.52223
0.400563
0.152986
0.783332
1.02762
0.549023
1.54836
1.37237
1.17802
0.176068
1.16025
0.729894
0.306576
0.825962
0.486888
0.341958
0.304289
2.5217
0.873889
1.6563
0.480163
0.719256
1.70127
1.92493
0.32646
0.200688
0.70319
1.85179
1.3196
0.470567
0.708115
0.372182
0.231353
1.17862
0.954922
2.74989
0.433587
0.484608
2.16757
0.729039
1.69121
0.421641
1.1984
0.672639
0.69059
0.270448
0.928755
1.05694
0.496239
0.359499
1.29864
0.930517
0.694308
0.298708
0.485646
0.833367
1.11721
2.20025
0.890168
0.515315
0.740162
1.02431
0.866312
1.60668
1.65088
0.395576
0.53458
1.12245
1.42329
0.927676
0.445461
0.933112
0.589562
2.55357
0.188978
0.346019
0.545936
0.32091
0.823662
0.417469
0.817444
1.51229
2.79992
2.08746
0.918884
0.777452
0.610882
0.914438
0.590769
1.10422
1.02422
0.187815
2.44041
0.406297
0.658788
0.112822
0.603565
0.229322
0.319605
0.828107
0.252859
0.38373
0.258567
0.460546
1.85619
0.572797
1.10756
0.70097
0.511479
0.385377
0.851659
0.511335
1.64419
0.864159
0.599067
0.437721
0.833949
0.498987
2.30493
1.45378
0.706193
0.81132
0.765076
1.29277
0.157357
0.765852
0.455725
1.04976
1.70321
0.518549
1.31286
0.551545
0.450531
0.557457
0.224891
1.82301
0.30713
2.5613
0.643122
0.4864
0.539053
1.51487
1.31703
1.77373
0.902892
0.113464
1.8475
0.184565
1.04273
0.409408
0.192316
0.684076
0.578269
0.928979
2.02235
0.617399
0.275445
2.18233
0.0994624
0.163961
0.66236
1.5139
1.12893
0.56973
1.68538
0.653969
1.35121
1.33829
1.2663
0.455925
0.600287
1.24235
1.25595
1.67104
0.66376
2.27922
2.45467
0.0808218
1.11168
3.25052
0.975223
0.992317
0.454816
1.31309
3.37966
0.780126
4.90159
2.81345
1.67524
1.53917
0.290689
0.974238
1.23781
0.448702
0.41604
1.61919
1.24809
0.154502
0.370068
0.661018
0.537119
0.404566
0.561051
0.483465
0.73868
0.942439
2.48582
1.60714
0.857841
0.511315
2.92164
0.680617
0.668313
0.574811
1.86378
1.65768
0.608553
1.15397
0.51515
0.774504
1.20365
1.75458
0.772157
0.795309
0.332646
0.0955049
1.64158
0.938723
1.10907
0.285791
3.27179
1.38723
1.10395
2.08494
1.38463
1.81108
0.725718
0.514104
1.27149
0.891184
1.26019
0.23931
1.38884
0.565658
1.57121
0.997533
2.02383
1.19197
1.0571
1.1278
0.12116
2.25316
1.10643
0.721963
0.882198
0.037514
0.617264
0.551617
1.12166
0.705972
0.157919
0.546187
2.45408
0.745163
0.788994
1.33881
1.66683
1.84239
1.40225
0.12287
0.754667
1.57927
2.11813
0.930042
1.71777
1.1863
0.142981
0.565504
1.26119
0.171444
1.24605
0.679829
0.454204
1.95523
0.355787
0.704387
1.06153
0.767186
0.569144
1.68943
2.68873
1.87071
2.74992
0.379657
1.10828
0.742095
0.768616
0.851936
0.905903
0.533082
2.38316
0.888196
0.347827
0.463719
0.474397
1.7878
0.0692033
0.678971
0.894106
1.69878
0.671791
0.929783
1.87302
0.752072
0.911661
0.832679
0.113471
1.26585
1.96739
0.898978
0.14635
1.23996
1.74134
1.22504
0.423703
0.805965
1.65201
0.607203
1.73934
0.326893
1.3274
0.484406
0.924339
0.510948
2.19686
0.670459
0.70755
1.64047
0.0829496
1.15094
0.995495
2.12237
0.625162
0.341929
2.22222
0.386653
0.798183
0.339511
1.5463
1.01077
0.455858
1.22037
1.04584
0.883931
0.657102
0.731595
0.635231
0.751431
1.10971
2.01385
1.32687
1.16382
0.578928
1.96036
0.502131
2.07696
0.232142
0.23908
1.0098
0.902924
1.2704
0.576191
0.235739
1.6724
0.947416
0.704659
1.3482
0.937511
1.02097
0.970858
1.36976
1.14147
0.304147
0.35602
1.69138
1.62686
0.935688
0.115599
0.565537
0.111301
0.227816
0.383942
0.888987
0.716464
0.257774
0.672675
2.24211
0.712559
0.670803
1.21019
1.23368
0.398306
0.712062
1.34743
1.13428
1.06959
0.295441
0.860141
0.832753
0.564804
1.01608
2.03112
0.623947
0.378185
0.802702
0.656606
0.264342
0.253321
0.52623
1.25016
0.391499
3.2658
2.09648
0.878811
0.656065
1.9719
1.706
0.829165
0.671885
4.01575
0.894118
0.678725
0.345741
2.40784
1.25973
1.1811
0.672414
0.653189
1.10164
2.1421
0.158795
2.20153
0.697745
0.499988
3.91956
0.677256
0.712482
0.944201
0.305064
0.873629
1.13663
1.43449
0.496576
0.602641
0.940901
0.21867
0.511982
0.474548
0.80999
0.29804
0.566016
0.560593
0.642851
0.836809
0.404427
0.589726
1.22186
0.819414
0.556166
0.429504
1.03316
0.42971
2.02621
0.966515
0.514433
0.93013
2.49675
0.922479
0.630696
0.226083
0.537184
0.366796
0.446563
0.519495
0.976285
2.62486
0.468851
1.54595
0.877623
0.483188
1.81789
1.3044
1.18519
0.86814
0.409045
0.274879
0.725986
0.894276
1.57533
0.870814
0.965456
0.425771
1.24674
0.527302
0.280995
0.602948
0.864717
1.43363
0.11878
0.866634
0.488107
1.75928
0.885503
1.93405
0.550757
1.07133
1.96369
0.297338
1.20253
0.761847
1.13943
1.83355
0.363182
1.70883
1.02188
2.68864
0.897842
0.570299
1.29256
0.263279
0.629331
2.18579
1.84911
2.02293
1.31006
0.443948
1.94116
0.520064
0.513549
1.63591
0.742236
0.617588
0.443734
0.706864
0.490912
1.76659
1.24238
0.577848
1.24878
0.12567
2.87765
0.488794
1.81142
0.387139
1.72104
1.06347
0.714166
0.441185
1.24569
2.20119
2.38359
1.85399
0.372139
0.714708
0.806347
0.0220421
0.0128204
0.410168
0.148738
0.494748
0.693942
0.969932
2.47403
0.675218
0.177449
2.40903
0.393803
0.820844
0.962603
2.13056
2.8323
0.599018
0.433754
3.1187
0.172035
0.447512
1.15998
1.33154
0.38902
0.593786
1.7713
0.150177
1.10436
0.557628
0.199387
2.28704
0.0248964
1.17537
1.8826
2.26165
1.05377
1.08143
0.740544
0.734422
0.926909
2.07875
1.22554
0.390705
0.481134
1.68616
0.942371
2.88982
0.246032
0.225801
1.19529
1.44006
0.784099
0.975575
0.451466
1.6399
2.41532
2.33458
0.766256
0.677019
1.85039
0.147037
0.836184
1.25018
0.466046
3.23781
1.1346
1.15979
0.950211
0.913049
1.04188
0.359994
0.571642
2.31991
1.54954
2.15962
0.479087
0.796881
0.143483
0.402301
0.533725
0.783131
1.70342
0.92389
1.16716
0.389861
0.903149
2.45681
1.33772
0.590757
0.798342
0.441544
0.881403
1.27575
1.13979
0.232782
0.957234
0.659515
0.918254
0.350889
0.394375
0.901269
1.30529
0.729035
0.804665
1.7144
1.33451
0.896907
1.91127
0.277522
0.659169
0.975286
0.726451
0.948808
0.522818
0.0738076
1.15399
0.0186504
0.316292
0.84738
2.26783
2.3492
0.453233
1.68778
2.79554
1.37046
2.07376
1.09035
0.721136
0.993239
0.659232
1.52252
0.494064
0.266792
1.26402
1.94018
0.952691
2.21626
0.343249
1.94634
0.862413
1.72931
2.72538
1.75777
0.628826
1.08904
1.89781
0.379738
0.576092
0.624686
2.03553
0.972109
1.62923
1.39279
1.47583
0.49766
0.865181
0.307988
0.754683
0.969184
1.48323
1.16021
0.789699
1.67324
0.962777
1.38875
0.398345
0.16447
0.60181
0.160432
0.201787
1.70702
0.855296
0.446353
0.252912
1.6447
0.446944
0.931819
0.892816
2.07766
1.79357
1.51272
1.50712
0.717843
0.615845
1.1253
0.478709
1.13279
0.392727
0.208694
1.03977
0.696333
0.265708
2.30561
1.17215
1.51386
2.53771
1.30254
0.775724
1.07189
0.944788
0.405188
1.663
0.242296
0.757426
1.10136
1.07605
0.52554
1.34478
0.291416
1.72049
0.973982
0.709738
1.87249
1.20532
1.11202
1.21047
1.17372
1.36689
1.42716
1.00778
2.4699
1.34729
1.06266
0.320769
1.0982
0.28295
0.83026
0.305022
1.1408
2.93495
0.667382
1.87372
1.66019
0.542803
1.09655
0.381233
1.3774
2.11798
0.405334
1.99374
0.499002
0.848558
1.02504
0.253029
2.58075
0.307932
0.774482
0.89152
1.1684
0.20524
3.88706
0.434177
0.891201
0.856064
0.894347
0.752395
1.87041
0.83839
1.38729
0.804912
0.447741
0.86988
1.02364
1.52394
1.39861
1.18932
0.865115
0.987669
1.48098
1.0135
0.298606
0.031626
0.832958
1.74436
0.477911
0.488857
0.803088
0.77721
2.83764
1.13834
0.593692
0.882209
0.611048
2.38728
0.179604
0.718824
1.20585
1.03223
0.793806
1.11665
0.839358
0.359749
1.8964
2.63082
0.58926
0.887203
1.12118
2.3606
0.148359
0.678148
1.01634
0.822762
1.65942
0.751787
0.155505
0.899257
1.00151
2.09514
0.679506
0.600346
0.674873
0.690373
1.73982
0.840515
0.853652
0.613144
1.61155
0.841766
1.15679
0.139494
0.281625
0.638712
0.870854
1.68463
0.524761
0.408883
1.95043
1.88711
0.891337
0.715474
0.610135
2.24563
1.30726
1.31088
0.494738
2.07675
0.873238
1.3839
0.559959
1.60945
1.78406
1.4043
0.521474
0.28401
0.0817959
1.13041
1.42809
2.9646
0.758005
1.95106
0.988452
1.27042
1.22374
0.653369
0.0939741
0.439669
1.29583
0.702942
1.75078
0.910266
0.231416
0.842235
0.127112
0.208865
0.990549
1.15185
0.457027
1.26948
1.04593
0.4833
0.745471
2.76681
0.340345
0.133054
2.0711
1.03829
0.269487
1.60818
0.297688
0.575239
2.72088
0.0854382
2.54397
0.239268
2.34427
1.0104
1.81432
1.45944
1.24345
1.32337
2.55973
0.34411
1.41404
0.374301
1.0993
1.47508
0.789332
0.509831
1.50957
0.749887
0.890094
1.03919
1.3588
0.808223
0.98508
1.10409
0.705652
0.6946
2.13066
0.606167
1.03307
1.63558
0.371982
0.932208
0.0792622
0.907323
2.49652
0.991982
0.416462
1.67779
0.817899
1.08365
1.03013
0.549043
0.568406
0.503384
0.432497
0.301546
1.397
0.403523
1.2099
0.778758
0.589941
1.21265
0.451194
0.963388
0.253864
0.671976
2.26865
3.02282
0.178545
0.696675
3.40384
0.956695
1.30341
0.369106
0.573433
0.806665
2.71903
0.286215
1.84409
1.11406
0.325622
0.786798
0.0979462
0.577106
0.901666
1.55329
0.19516
1.47166
1.17011
1.19785
0.329578
0.314929
0.448674
2.03551
0.496821
0.10878
0.450927
0.762336
1.68284
0.24699
1.72463
0.735884
1.40686
1.64364
1.07612
1.51356
0.970122
0.715932
0.354865
1.71314
1.20104
0.781589
3.21417
1.06897
0.0610779
0.965815
0.358721
0.943768
0.435388
0.877187
0.824645
1.14781
2.05827
0.151899
0.429571
0.659089
2.00014
0.777658
0.203613
3.36607
1.20152
0.559965
1.25335
1.26246
1.2132
0.48694
0.485278
1.22484
0.454489
0.400177
0.259804
1.02818
1.02576
0.151557
2.07694
0.678011
1.04684
0.367095
1.4676
0.825878
0.963828
1.17348
0.752347
0.500969
1.01078
0.966081
0.104028
0.611706
0.619643
0.299596
0.740232
2.1073
0.731984
0.814522
1.91338
0.540297
0.824987
0.123866
2.10179
0.583485
0.458751
0.645636
0.902806
0.520715
1.11013
0.870317
1.50386
2.54084
0.699935
0.542607
0.687427
0.650303
1.86916
0.149253
0.361038
0.160187
1.75881
0.408728
2.55904
1.22014
1.11918
1.45997
0.973664
1.43406
1.36596
0.693728
1.54055
0.203417
1.95927
0.161105
1.00671
0.19557
0.855522
0.331703
2.1797
0.440921
0.461395
1.2462
1.04215
2.30502
0.956818
3.91116
2.00245
1.5244
1.08269
0.621368
1.12035
0.512147
1.44108
0.254544
0.524094
1.22671
0.421161
0.490745
1.31185
1.44893
1.53622
0.336855
1.14678
1.93567
1.4807
0.767228
1.69715
0.65031
0.709595
2.82101
1.0504
0.641388
1.42646
1.14053
0.46164
1.51302
0.861549
0.451307
0.139644
0.349797
0.782407
1.01901
1.10184
1.16413
1.17766
1.5343
0.596275
1.06201
0.552986
0.908773
0.632377
1.19825
0.609341
1.25821
1.31607
2.56465
1.499
0.46909
0.69601
0.70324
1.30545
0.198286
0.457405
1.39053
0.136211
0.888218
0.336043
0.622728
1.48485
1.71677
1.57733
1.43534
2.23077
1.20949
0.432258
0.416742
0.778591
1.76377
0.461033
1.69084
0.265489
1.4877
0.440463
0.496081
0.575607
0.35087
2.41244
0.683995
0.988447
1.13242
0.265085
0.802826
0.87632
1.67776
0.500216
0.510467
1.30695
0.350241
2.00903
1.40804
0.217444
1.11292
0.619363
1.51708
1.85204
2.0778
0.42125
1.00247
0.288817
0.365608
3.02262
1.31459
2.0331
0.661398
1.25022
0.600162
1.29934
0.322868
1.20868
2.17823
1.85102
0.707192
0.617788
0.827166
1.11515
1.84566
0.26709
0.486371
2.25042
0.409259
1.08254
1.06869
1.19868
0.225912
2.24229
1.29438
1.00218
0.938091
1.70666
0.366994
0.604398
0.909073
0.442003
0.357399
0.712976
1.02486
0.00707501
1.63752
0.240442
0.317418
0.934518
0.969115
1.79083
0.535336
3.98158
0.437599
0.742764
0.491742
0.606935
2.08484
1.53352
0.882366
0.512841
0.663488
0.841499
0.431789
0.215638
0.996128
0.444235
1.5151
1.07987
0.816848
1.27814
1.93443
1.61468
1.24605
0.930331
0.714691
0.368847
1.07291
0.654954
0.76879
2.85996
0.819215
1.86636
0.717316
0.903632
1.28649
0.392235
0.876234
1.88331
1.63167
0.451
0.384541
0.673253
1.06099
1.33211
0.397755
1.33002
0.470842
0.217412
0.271802
0.553254
0.762405
1.04198
0.732527
0.108914
1.93153
1.4857
0.426971
0.477341
0.526643
0.689123
0.85341
2.24752
1.34496
3.14653
1.43134
1.22872
1.45239
0.820521
0.998891
0.2291
2.34728
0.323894
1.78773
1.9212
0.795375
0.757652
1.202
2.2867
0.135688
0.403391
0.436432
1.44288
1.09674
0.759778
1.89595
2.417
1.50308
0.267061
0.814503
0.846701
0.74193
1.245
0.228404
1.29561
0.835176
1.5738
0.746976
0.835881
0.913652
1.01193
1.07585
0.256432
0.900779
0.17695
1.57793
1.36389
0.853194
1.72816
1.31225
0.846411
1.6249
1.26992
2.21469
0.725237
1.12296
1.79453
3.19954
0.890459
1.36811
0.537162
0.394
0.91149
0.561984
2.44159
0.204037
2.20716
0.16782
0.76115
0.385141
1.24086
2.53907
0.900102
0.870017
0.343395
0.291719
1.13987
0.486931
0.349836
0.90538
0.513296
1.80104
1.26134
2.67871
0.159675
1.6453
0.824705
0.434781
1.88453
0.592619
1.79484
1.87484
0.207187
1.73128
1.30284
1.88713
0.491008
1.11986
1.06251
3.40012
1.79578
0.158061
0.258962
0.928188
2.08039
0.475317
0.962964
0.816903
0.723647
0.868238
0.379713
0.824117
1.34285
0.365989
0.128568
0.73599
1.1228
1.25843
0.288144
0.424407
0.931319
1.363
0.702555
0.868258
1.98863
0.781845
0.532526
0.906191
0.551752
0.718143
0.624658
2.0193
0.763606
2.63489
2.19148
0.41046
1.09987
0.276342
0.361391
0.75716
0.856456
0.662856
2.24114
2.95545
0.406893
0.188129
2.87574
1.02562
0.792622
1.51213
1.05926
0.180156
0.340127
0.357904
0.635029
0.93494
0.548485
0.501358
0.632406
0.837325
0.983147
4.02702
0.654997
1.31524
1.67262
2.46508
1.50938
1.18404
0.921208
1.81401
0.844428
1.05372
0.195822
1.18397
2.29948
0.695708
0.4002
1.8533
0.110453
0.865384
0.0589387
0.431315
2.86042
0.112596
1.45132
1.87883
1.07107
1.05486
0.983693
1.2082
1.57831
1.8532
0.67203
1.46543
0.410018
1.46315
2.15857
1.68432
0.512057
0.0983311
0.47693
1.82556
0.325365
0.994992
1.8433
1.29225
0.438092
1.48666
0.333778
0.38132
0.535516
0.759169
0.361507
1.43216
0.466345
1.22573
0.174676
0.362043
1.76534
0.197012
0.635508
0.770094
1.7191
0.383868
1.98146
0.308303
0.768457
1.75324
1.76835
0.747128
0.0962088
0.366585
1.4356
1.86002
1.91807
0.42294
1.08208
0.289858
1.9983
2.06155
1.12105
1.69087
2.15506
0.609888
0.407893
0.394807
0.435221
0.785602
0.823245
0.461705
0.632482
1.94864
0.946366
0.948861
0.972021
0.726922
2.1855
0.700791
0.309736
1.24856
1.47359
0.3427
0.0827718
1.23999
0.58557
0.702141
3.44507
1.33907
0.41218
0.107333
2.20522
0.964755
1.45408
0.472961
0.169811
0.363233
0.130697
0.609455
0.713762
0.762099
2.27203
1.80553
1.83448
0.325282
3.00996
1.64214
0.593646
1.3732
1.84556
2.14162
0.751553
0.227556
1.46073
1.90309
3.19471
1.1011
1.51529
0.265517
0.682783
0.125346
0.629408
1.88677
0.703164
0.490184
0.609049
0.0171421
2.33945
0.781663
1.46449
1.18761
1.61695
3.59631
0.377334
1.46884
1.2633
3.10099
0.173492
1.73701
0.516199
1.07879
3.29674
0.651245
0.650823
1.14812
0.0366508
0.923339
1.11867
1.67009
0.405829
0.938146
0.403761
0.147807
2.29156
1.75004
0.971253
0.324702
0.956262
0.604809
0.681877
3.79475
0.690528
1.40296
1.42766
1.28131
0.622602
1.2603
0.942305
0.105847
0.0798763
0.844269
0.378571
0.989087
1.35311
0.379925
2.0109
1.05287
0.569965
1.34082
0.890908
1.83677
0.389455
1.12183
0.721118
1.94095
0.593913
1.83336
0.243244
0.658283
1.03834
0.228986
0.257914
1.59717
0.225942
0.232426
0.367237
0.265258
0.712996
0.924492
0.738514
0.60253
1.04877
1.07513
1.11335
1.2321
2.69861
0.576228
0.995252
0.658714
0.181472
2.28531
3.25784
1.44227
0.91741
0.128739
0.438304
0.541745
1.3809
0.827838
0.882864
0.469919
1.66619
0.477896
0.95928
1.76352
0.444877
1.47964
2.00432
0.560699
0.157035
0.604971
0.41966
0.457703
0.464804
0.830341
0.726033
0.0691029
0.657886
1.87546
0.612536
0.466809
3.60776
0.215981
0.84695
0.983145
0.830164
0.290791
2.9345
0.248825
0.272031
0.874292
1.06635
0.701494
1.75069
1.00931
1.18557
1.18628
0.24041
0.248711
0.764197
1.41773
0.889527
0.0528074
0.883123
0.551989
3.56337
0.767692
2.70442
0.383729
1.48424
0.803912
0.747146
0.513777
0.276598
2.92117
0.194927
3.27144
0.946631
1.38064
0.519191
0.657377
0.800134
0.172929
1.15324
1.92018
1.62263
1.52867
0.887744
1.0993
1.56189
0.892472
1.0531
0.816547
1.2596
0.137454
2.18456
1.26349
1.90708
0.371963
0.830072
1.38886
1.61288
1.06433
0.582535
0.359494
2.03426
1.37784
1.05756
0.735883
1.34085
0.840666
1.27232
0.387645
0.0655018
0.805948
0.544599
2.20505
1.454
0.465053
0.757307
0.370634
1.11126
0.548428
0.286246
1.11035
2.63638
0.820015
0.173648
0.019888
1.59433
0.616808
1.19006
0.11981
2.39718
0.199486
0.0810041
0.234467
1.00214
1.36142
0.397532
1.10885
0.495725
0.960644
0.966827
1.0829
0.73185
0.803804
0.356139
1.85072
0.618203
0.517966
0.986709
1.71103
1.06169
0.778203
0.342649
1.03867
1.2177
2.18802
0.51113
1.62798
2.02035
0.248128
0.930079
0.348209
1.29984
0.984173
0.963046
0.477995
0.841247
0.265642
0.889776
1.88398
1.14666
1.9932
0.304169
0.164958
1.47681
0.36036
1.00714
0.281921
1.34796
2.22834
1.41758
0.787933
1.60118
1.02885
0.787022
0.898508
2.49755
0.395503
2.28973
0.909543
0.47895
0.260219
1.38859
0.850854
0.541472
0.0994393
0.309517
0.547273
0.080893
1.06286
0.413739
0.498559
0.228207
0.197835
1.75663
3.88976
0.16915
0.916383
0.806077
0.832502
0.12247
0.984939
0.481804
0.852233
0.73155
1.44565
0.745231
0.308361
0.828469
0.516184
3.91812
0.384075
1.81973
1.21957
1.24132
1.03724
0.812363
0.415194
1.1036
2.2269
1.36075
0.937191
0.868127
0.959755
1.0342
0.73911
1.25903
1.39883
2.01783
1.71298
0.294363
0.538854
0.705037
0.415771
0.432391
0.608232
0.985222
0.650123
0.471504
2.49207
2.3501
0.333276
0.197467
0.640913
1.30812
0.588128
0.731477
1.52793
0.780256
1.33146
0.323551
1.44957
1.36402
0.763739
1.33721
0.573927
0.95001
1.55377
2.04966
0.614118
0.292829
0.731352
1.15868
0.856678
1.44403
0.5802
1.1959
0.149513
1.60217
1.29659
1.21502
1.41147
0.67228
1.00498
1.51501
1.08311
0.987039
0.399131
0.865783
1.07509
1.97521
0.811282
1.36022
1.37204
0.895748
0.73611
0.316483
0.249864
0.165001
0.502429
3.03406
0.717604
0.482699
0.46035
0.731203
2.26919
0.9426
1.46758
0.779214
1.541
1.20843
0.648114
0.371087
1.401
1.00283
0.149031
0.691698
1.23953
0.430848
0.58368
0.515934
2.12163
1.40167
2.77888
1.95621
1.12777
0.340421
0.433201
1.2147
0.233831
0.958483
1.0684
0.34738
0.89093
1.20672
0.118049
0.590549
0.642398
0.345197
2.69092
0.247911
0.655718
1.16065
0.884361
0.259369
0.274417
1.10031
0.350373
1.99042
0.762644
0.683947
1.01405
1.06313
0.627318
0.188256
0.959073
0.23005
0.534234
1.09915
1.52716
0.509221
0.590577
1.09538
0.286516
1.43681
1.23581
1.6538
1.14314
0.45076
0.753651
0.315379
0.687679
0.418652
0.705539
0.305921
1.13654
0.871446
0.847886
2.40424
2.48433
0.427949
0.903035
1.17622
1.25576
0.529394
0.614344
1.10239
1.26855
0.447094
0.776238
0.593126
1.02922
2.48928
1.30262
0.535219
1.38312
0.380469
0.892504
1.50601
1.02951
2.18033
1.13856
1.18717
0.964742
0.355018
2.17073
0.797544
1.34552
0.892787
0.61011
0.510804
1.02905
1.66103
1.50573
0.399791
0.774636
0.586464
0.684911
2.85485
1.20133
0.967816
1.30985
2.26985
2.28289
0.992795
0.449994
0.223101
1.08096
0.709717
0.169397
1.19711
1.17567
0.275554
0.878852
1.15075
0.481455
0.228811
0.658208
0.558296
0.629757
1.57289
1.31163
0.62859
0.372752
0.684101
1.93095
1.16343
1.02904
1.41261
0.493098
0.466143
0.285301
0.552229
0.577813
0.331472
0.638737
1.70338
0.480173
0.224974
0.915909
1.41612
0.397323
0.46348
0.197388
1.15673
0.546872
0.680902
1.95544
1.78529
0.598865
0.556935
1.57668
2.26525
0.921981
1.71645
1.52425
0.420307
0.846681
0.960848
0.55067
1.38225
1.76946
0.620176
1.47925
0.0312734
0.46838
1.03129
2.47253
0.436936
0.516239
0.518638
1.9824
0.22802
0.558363
0.614827
0.67832
0.875189
0.512389
1.08164
1.44132
0.830233
0.828627
0.611511
0.360664
1.89134
1.10843
0.0738762
0.563381
1.913
0.481428
0.673486
0.455184
1.01709
1.33135
1.86894
0.73525
2.45187
1.47105
1.38177
1.39916
0.0355345
2.35035
2.10078
0.866863
1.06819
0.491002
0.893364
1.20352
0.390586
0.230996
1.64024
0.366
0.594842
2.00601
0.405422
0.966416
1.32045
2.03586
1.11967
0.526317
0.412196
0.313576
1.2421
1.18856
0.178391
1.3205
1.3428
0.822766
2.47045
1.0805
0.950907
1.5324
0.171748
1.02829
0.359981
1.41297
1.58284
0.210942
0.351631
1.05731
1.73739
2.91516
1.16764
1.09532
0.320034
1.37109
2.44333
0.627946
0.0671115
2.12567
0.534326
0.619333
0.335697
0.985789
1.87855
0.448913
0.565093
0.538231
1.89707
0.673855
0.248327
2.67673
0.66744
0.451844
0.812792
0.688092
2.37982
1.28047
1.63537
0.371097
0.582286
0.9701
0.161639
0.770158
1.397
0.734843
2.09714
0.338987
1.22126
0.614951
0.940596
1.01361
0.94767
1.82035
0.175855
0.131298
1.25797
1.17087
0.712112
0.288532
0.524292
1.25844
0.375045
0.920463
1.6078
0.784651
0.638963
2.34751
0.61115
2.1507
2.24516
0.182499
1.40483
1.13385
1.21487
1.00417
0.873515
1.93303
0.521825
0.146202
2.82387
0.355127
1.26015
0.360559
0.46825
0.316655
1.55122
0.838402
0.0545174
1.94302
0.201569
1.44267
1.68631
0.25898
0.879306
0.850506
1.78328
0.516309
0.447723
0.452095
0.821353
0.375333
0.762817
0.53956
1.1393
0.275399
0.998342
1.44184
1.4582
0.127068
0.82876
1.04405
0.350167
0.337546
0.912019
0.642016
0.606316
0.958185
1.17369
1.46473
1.13559
0.824475
1.4664
0.989376
1.36325
0.37787
1.81905
0.189505
0.509677
0.605084
1.06376
0.497691
1.31463
0.423089
0.741488
0.718615
0.533358
0.582971
0.328926
0.198087
0.959361
1.30179
2.29805
0.534272
2.48763
1.75081
1.47981
0.634938
0.353349
0.674866
0.432073
1.23191
0.72885
0.474863
1.86433
0.944383
0.630071
0.525608
0.596538
1.35961
0.789031
1.27206
1.06888
2.52678
0.828407
0.961669
2.24711
0.761841
1.20697
1.03295
0.962915
0.107451
0.314883
0.255935
0.901015
0.90345
1.30717
0.516781
0.407656
1.4471
2.63052
0.675462
0.756814
0.64336
2.72858
0.51372
0.389545
1.04104
0.00556778
0.13024
0.449596
1.97341
1.6523
1.78307
0.568567
0.130709
1.58096
1.27409
3.12323
0.103888
1.34865
0.360023
0.694506
1.24147
0.721403
0.558514
0.990199
0.183976
4.17184
1.19996
0.206398
0.865857
1.5572
0.615093
0.800473
0.183471
1.91644
0.921189
0.714952
1.1613
0.55246
3.24046
1.13057
0.451794
1.53408
0.376414
1.06132
0.643237
1.10805
0.812169
0.292497
0.574513
1.25881
1.61181
0.657179
0.720017
0.524906
0.468151
0.32758
1.12401
1.21021
1.95635
2.60638
0.840981
1.56446
0.0743644
0.126462
1.24924
1.7369
0.973728
0.647168
0.393091
0.451272
0.662506
1.0324
1.27125
0.410177
1.96603
0.87555
0.53452
1.44338
1.81567
0.342443
0.021286
0.545198
1.02292
0.83526
0.873843
1.11755
0.455399
0.573391
1.57707
0.700124
1.03056
0.0634582
0.0186254
0.76773
0.320668
1.6239
0.845725
1.43461
0.735649
1.42901
1.19089
0.825792
2.0291
2.39947
0.641797
0.78739
0.258484
1.47949
0.798082
1.98392
1.16926
1.00031
2.83646
0.591435
0.919896
1.58749
0.412918
0.902795
0.354698
1.2454
1.50544
1.59916
0.336444
0.619733
1.18904
1.62815
1.737
1.53618
1.3846
1.56204
0.920641
0.788477
0.671143
3.04289
1.28635
1.41767
0.66647
0.505757
0.92282
2.31472
0.308224
1.29507
0.706516
0.454725
0.388331
1.26027
0.206206
0.829794
0.932167
2.08226
1.66658
0.402073
0.598567
0.584846
1.51301
2.18499
1.20924
1.80814
1.30621
2.48096
0.408981
1.93715
0.403659
0.781503
0.736962
1.31172
0.256732
0.356417
0.810853
1.20774
1.53624
1.88085
0.378983
0.73998
0.515639
1.20264
0.763557
0.641283
0.877161
1.3446
0.803521
0.833888
0.605248
0.892621
0.859081
0.670542
0.28102
1.41146
1.01103
1.2322
0.157257
0.88484
2.24316
0.123232
0.858102
0.525316
1.24893
0.822263
0.98274
1.10332
0.5939
2.55983
0.153893
1.36519
1.08926
1.3077
0.695673
0.831408
1.04537
1.42692
0.646498
1.32715
0.978784
0.931796
1.03642
0.536184
1.41411
1.69456
0.672194
1.21695
1.91734
0.625186
0.172222
0.615796
0.449207
0.59299
1.0371
0.581818
0.696444
0.790563
0.602331
1.87011
1.11238
0.62309
0.302248
1.01049
1.11957
0.614757
1.23734
1.45603
1.21658
0.130715
2.1136
0.0105852
0.39528
0.569088
0.773863
1.17019
0.275906
0.377999
1.26565
0.804885
0.696063
0.802808
0.309893
0.978902
1.31637
0.516578
1.67205
1.67317
1.18535
0.0696732
1.01244
0.85512
0.257221
0.625786
0.159005
0.986472
0.49185
0.350697
0.689054
0.0136202
0.139598
1.07446
2.02137
0.407974
0.950132
0.99403
1.94845
5.16238
0.289647
0.371058
1.1252
0.268074
1.60051
2.43349
0.746058
2.51172
2.19605
0.199226
0.339576
0.365376
0.599445
0.459253
0.238906
1.21007
0.144785
0.658485
0.419407
0.187326
0.323287
1.18275
1.61529
0.518821
0.532804
0.810512
0.465044
0.318795
0.50811
1.31081
0.164401
1.44808
0.774449
0.637902
1.08865
1.91238
0.509418
1.32367
0.164994
0.609688
0.348288
0.606432
1.35597
1.7859
0.444296
0.232514
1.21293
0.285249
1.2314
0.291264
0.470436
1.10498
0.52471
1.13565
0.267199
0.0812388
1.73934
1.4581
0.268847
0.48349
0.357565
1.07978
0.472571
0.540399
1.53632
1.23216
0.756979
1.71714
2.50329
0.304227
1.34089
1.35642
0.186653
0.963133
1.18043
0.100084
0.501317
0.248533
0.856253
0.802421
0.492588
0.177445
0.257455
1.37979
1.36422
1.57001
0.548699
0.685137
1.72456
1.10044
1.71064
0.88104
0.776088
0.590636
0.661877
1.31797
0.94735
2.12209
1.09169
0.66367
0.76468
0.693847
0.617477
2.53244
0.392068
0.48063
0.332569
0.747434
0.944414
0.782838
0.671006
0.963558
2.17137
1.25816
0.567925
1.0349
0.318649
0.296436
0.736948
0.317213
0.747223
1.92404
1.10796
0.361103
1.23932
1.16386
0.818495
0.66843
0.886402
1.00802
0.670809
1.2067
0.388473
0.667866
1.25025
0.172619
1.27917
2.29382
0.603505
0.707714
0.874905
0.361806
0.899098
0.278325
0.93579
0.962779
0.276058
1.41177
0.619703
1.48543
0.163983
1.9149
0.830502
0.388669
0.200443
0.713168
0.0674753
0.846707
1.85039
0.201846
0.81207
0.320079
1.81022
0.824412
1.30237
2.85231
2.51502
0.144675
1.3765
0.301097
1.02585
1.72353
1.18793
1.62455
0.625198
2.50477
1.03231
0.300651
1.02091
0.279288
0.683085
1.36383
0.186498
1.92872
0.216797
0.578507
0.591141
0.460709
0.370457
1.14214
0.707385
0.536644
1.03621
0.722558
0.675934
0.431144
1.01631
1.23544
1.81647
0.661744
0.265338
2.41778
0.78869
0.8355
0.808574
1.97837
0.804598
0.653877
1.11805
0.319402
0.891447
0.499375
0.659955
2.24076
0.391024
0.704884
1.1175
0.200792
0.502454
0.897117
1.02755
3.01712
0.567559
0.525839
2.0767
0.287773
0.387338
0.744878
1.16971
0.138794
1.05615
1.0584
0.542803
0.723111
0.632653
0.483723
0.597987
0.478968
0.453254
0.57361
0.123899
0.46226
0.434681
0.472844
0.824107
2.02568
1.00751
1.82683
0.856305
0.567199
1.63772
0.0960876
0.683501
2.25061
0.268376
0.928321
0.0293871
0.978751
0.107059
0.621388
0.649128
0.929244
0.363755
0.319937
0.551894
0.144
1.62732
0.239242
0.466752
1.31114
0.283374
0.768471
0.305008
1.11777
1.51296
1.18378
0.345348
2.64067
0.993166
0.590141
0.378822
0.977517
0.225885
0.577004
0.884424
0.133872
1.0442
1.2406
0.164051
0.413419
0.210565
0.563203
0.554106
0.609118
1.80078
1.0992
0.862953
1.42837
1.72479
0.915659
1.07279
1.18589
0.961086
1.32889
1.28171
0.630205
0.88502
1.46663
1.30903
0.586317
1.47262
1.31211
0.365365
2.22703
0.532817
1.16583
0.733827
1.70345
0.87773
0.879629
0.384432
1.5938
0.183093
1.16431
3.12785
2.00403
0.748084
1.27796
0.571782
0.613919
0.0773084
3.20103
0.95972
0.609937
0.268962
2.78715
2.83105
0.524095
2.44251
0.990876
3.37791
1.62051
0.47403
0.682562
0.832488
0.477847
1.80644
0.62252
1.34412
1.20003
0.31437
1.91421
0.655898
0.147686
0.416973
0.112831
1.14998
1.74901
0.813252
1.34253
2.22872
0.496903
1.2992
1.02749
0.598155
1.32201
1.39839
1.79421
1.45597
2.44259
1.26587
0.932843
1.04543
2.82944
0.300055
0.315719
1.86447
1.21444
1.28602
1.46006
0.577485
1.60382
0.620097
0.864607
1.1601
1.379
1.31299
0.781733
0.61667
1.00884
1.7283
0.474869
1.14039
0.449124
0.892755
0.228123
2.59425
1.44686
0.295783
1.31213
0.372181
2.04839
3.96428
1.21377
0.463175
0.283099
0.799386
0.475015
5.02384
1.0696
0.512521
0.233114
0.844226
0.617074
0.49422
0.596211
0.592034
0.96201
1.07143
0.947793
1.22477
0.299091
1.31888
1.52861
1.56819
1.03519
0.946244
2.68372
1.20868
2.69807
0.792902
1.49277
0.717142
0.802087
1.45911
0.875574
0.795455
0.94411
1.53438
0.031368
0.476095
2.11206
0.416172
0.401084
0.632498
0.375717
0.0623642
1.15026
0.153414
0.560246
0.91128
1.93658
0.965767
0.487057
0.337619
1.0922
2.29524
1.28941
0.384609
0.742044
0.598471
1.91384
1.00583
2.12247
1.07291
0.304584
1.75359
1.12523
0.630123
0.918179
0.541455
1.46712
1.67893
0.751607
1.263
1.74779
0.385248
0.568049
0.253974
0.752039
0.846649
0.0721726
0.280492
0.136231
1.64677
1.77331
1.30372
0.508854
0.139713
1.85236
1.16345
0.930756
1.02143
0.603898
0.158531
0.977961
0.608503
0.91998
0.26188
0.197343
0.296749
0.496518
2.27516
1.52782
0.824434
0.582348
0.41878
1.19116
1.39341
0.290824
0.483676
1.52974
0.18852
0.807963
0.669167
1.3083
1.46432
0.875495
1.02284
1.14323
0.576888
0.654413
0.635274
1.79183
0.596135
0.682098
0.723123
0.419701
0.547547
1.59799
0.0690938
0.79074
1.42683
0.776999
1.13077
0.103325
1.12441
1.02998
1.83645
0.487411
1.66749
1.52201
0.970984
0.488767
0.424522
1.20927
0.38036
1.55451
0.456489
1.31128
1.62903
1.74244
0.228774
0.456383
0.962429
1.6954
2.08073
1.76293
2.13015
0.187617
1.56528
0.0596642
0.792446
0.786233
0.976788
2.57247
0.207492
2.26039
3.58211
0.506432
0.294424
0.646343
1.23124
1.07304
1.18089
0.901403
3.00599
0.952974
1.16782
0.882615
0.789868
0.415387
0.696972
2.07988
1.02149
0.822887
1.08513
0.888487
1.11998
0.307456
1.17438
0.417283
1.84417
1.88311
1.24987
0.0392223
0.736184
2.20461
0.851599
1.45414
1.20743
1.09115
0.685932
1.68565
0.308729
1.30439
1.14287
0.740227
1.42393
0.796812
0.138315
1.07902
0.186757
2.31464
0.82821
1.12352
1.15882
0.753997
0.454322
2.13063
1.81635
0.642387
1.08177
0.43386
0.243314
2.50422
0.949677
1.40538
1.38475
0.39903
0.244319
0.978326
2.48914
0.341725
0.509926
0.286903
0.243922
1.06227
0.662638
0.0483788
0.453371
0.60883
1.17297
1.18094
0.638359
3.91988
0.0870347
1.34929
1.13123
0.220782
0.696
0.582814
1.18231
0.758302
0.398717
2.79657
0.085749
1.6771
0.542457
2.58646
3.3864
1.40462
0.229398
0.403091
0.798778
1.30251
1.62395
1.75792
1.94088
1.27845
0.688026
1.53933
0.691603
0.525303
0.398454
0.239461
0.93351
2.05497
0.571656
3.87549
0.491459
1.33379
2.10873
0.646374
1.52773
0.409159
0.941293
0.566641
0.44842
0.513132
0.710723
0.409404
0.618152
0.404414
1.34399
1.33043
2.11428
0.580376
1.32438
1.00409
0.905297
1.07071
0.425989
0.154846
0.839603
0.603808
2.23686
1.52581
1.0227
0.739184
4.23826
2.36022
1.12958
0.387657
1.24649
0.527586
0.44211
1.22232
0.474778
0.627393
0.715003
0.0604932
0.637287
0.331366
1.285
0.252394
0.340686
1.77893
0.609855
0.252539
0.952372
0.974282
2.10773
1.04986
1.47443
1.02713
3.49489
0.871551
1.51153
0.74814
0.79816
0.133584
1.28377
0.425913
0.750264
1.24086
0.71968
0.492905
2.37818
1.05556
0.274122
0.438039
0.908619
1.79807
0.743661
0.0920842
1.19628
2.14739
0.408249
0.571515
0.293438
2.55419
1.51608
0.929046
0.270672
0.337862
1.77249
1.12758
1.15093
0.751925
1.83904
0.451158
0.736699
0.361492
1.78511
0.753816
0.961299
0.429694
0.0319963
1.50781
0.800923
0.886996
1.12369
1.68893
1.52238
1.47745
1.03704
1.09642
1.83851
1.44818
2.21184
1.18634
0.53063
0.766118
1.35456
0.530466
0.159727
1.00261
2.64076
1.34608
1.5592
1.92537
0.804777
1.61268
1.98979
0.34556
1.26893
2.92924
0.535757
0.685585
0.470917
1.33239
0.66208
0.411388
0.425805
2.0694
1.37859
0.480719
0.29189
1.13323
1.51845
0.437302
1.82395
0.920109
0.318865
1.44753
2.23215
0.955707
3.0057
0.649445
0.607387
1.24054
1.61929
0.0789566
0.432467
0.269621
0.746218
1.09384
0.124954
1.76165
0.509032
0.900474
1.42726
0.791129
0.522668
1.85962
0.263005
1.12032
2.14031
0.957931
0.475889
1.35826
1.18006
0.146873
0.189256
1.40746
0.541988
0.930025
1.33201
1.82203
2.68637
0.416518
1.32686
0.517642
0.136764
0.758056
0.699807
0.597389
0.788915
1.15922
0.0799067
2.00488
0.212898
1.06952
0.3982
1.19513
0.101177
0.75061
1.15891
0.449336
0.972472
0.409239
0.397481
1.16937
2.2905
0.744659
0.605255
0.667721
0.481844
0.232478
0.32094
4.24123
0.398434
1.20621
0.494126
2.62344
1.2887
0.303865
0.159999
0.36988
0.568316
0.538888
0.689549
3.30663
0.456275
1.49077
1.34989
0.159016
0.434744
1.44878
0.884724
1.83685
1.1575
2.27287
0.921574
0.262089
0.548834
0.116479
0.306171
1.55812
1.91955
1.58368
0.596694
0.590747
0.56119
0.424471
0.476497
0.835293
0.4981
1.34684
0.974583
1.02218
0.872913
3.67809
0.513035
1.20179
1.63708
0.231467
2.3546
2.84636
0.779533
1.46937
0.533271
0.693203
1.56823
0.835149
0.752204
1.30764
1.21951
0.338359
2.15584
0.821563
1.03254
0.317271
0.971725
0.736664
0.523646
0.496235
0.691397
1.07808
0.659768
0.615788
0.453043
0.791797
0.663307
0.914599
0.149389
1.02451
0.654961
1.9282
0.743133
0.704001
0.401982
0.366389
0.940912
0.769539
0.689573
1.36728
1.54387
1.73749
2.80662
0.570604
0.790966
0.347568
0.230726
1.39849
0.348028
2.26418
1.01328
0.548729
2.10705
0.592527
0.73192
2.72086
0.867885
2.08124
1.67504
1.94516
1.70952
2.42673
0.202747
0.582888
0.262263
1.6182
1.07738
0.108375
0.787246
1.01306
2.24072
2.21458
1.77515
2.20952
0.631628
1.59612
0.164393
0.814036
0.308614
0.710372
0.353445
0.786924
1.16869
0.394333
2.11367
1.60416
1.63858
0.541857
0.598256
0.661346
0.500341
0.194068
3.29616
0.180618
0.861899
1.03976
0.482734
0.835097
0.343504
1.2971
0.649379
3.16091
0.655061
2.59164
0.815183
1.22012
0.678251
0.810013
1.00599
0.810644
2.20808
1.27234
0.198115
3.63236
0.151343
1.8197
2.14934
0.15437
0.370896
0.356544
0.172147
1.96228
1.19265
0.0578772
1.68713
1.31554
0.733646
2.09972
1.02677
1.64268
2.34304
0.551923
0.515897
0.820531
1.30066
0.708627
0.917943
1.33119
1.9527
0.853966
1.23752
0.433151
2.07752
0.525946
1.119
0.328714
0.275373
0.47813
1.63855
0.561985
0.61903
1.89019
0.36299
1.50466
0.573313
0.675024
0.301006
1.06402
0.186857
1.17471
0.485242
0.251257
0.15083
0.648229
0.187678
0.342237
0.0610975
1.21177
1.5111
0.290953
0.497209
3.04135
1.43714
1.65949
0.618473
1.75843
0.823261
0.459939
3.92683
0.647893
1.71012
1.08929
1.37648
1.48389
1.79636
0.96816
0.613747
1.16637
1.48407
0.227602
0.32573
1.19657
1.26689
0.614744
0.137459
0.138374
1.26277
1.71405
1.15676
0.69617
0.470363
1.20814
0.759854
0.547292
0.585593
1.43633
1.06649
1.5325
1.15506
1.5642
1.45217
2.12244
0.529433
0.854067
1.50145
1.94887
0.739805
0.719047
0.859593
3.04093
0.0925896
0.394182
0.330726
0.674216
0.881916
0.657403
0.507424
0.588832
3.75128
1.74242
0.528524
0.58227
0.328466
0.287527
2.78179
0.951296
0.0283214
0.700934
0.253296
1.72248
0.796583
0.659329
0.615825
2.83928
0.811328
0.914041
2.94003
1.36665
1.24332
2.15576
0.486434
0.801955
0.689953
1.06546
0.537047
2.06046
1.27154
0.842943
0.657948
0.238924
0.558982
0.997982
0.731145
0.876027
1.15395
0.805759
1.44461
0.24756
0.486033
0.962845
1.4849
1.39205
0.472406
0.862157
0.25812
0.785248
1.14903
1.08589
0.765883
2.16559
1.20587
2.34919
0.510219
2.28283
1.36833
1.61925
0.594646
0.515931
0.260293
1.82786
0.586869
0.840389
0.554557
0.515158
1.98422
2.49669
0.661102
1.56388
0.976275
0.444898
0.130638
1.6181
0.832799
0.393986
0.538568
1.21661
0.826297
1.0558
1.49373
0.305496
0.50932
1.10136
1.52345
1.11065
0.572549
1.40026
1.09685
0.637551
0.601747
0.265719
1.03867
0.021831
0.344305
0.403224
3.12372
1.77086
2.52711
1.34407
0.414947
0.993454
0.542186
2.726
1.34787
0.402143
1.40765
1.08779
1.89593
0.723249
0.678511
3.53735
1.09537
0.562886
1.0529
0.423153
0.496964
0.201877
0.547805
1.69061
1.52002
1.14142
0.233918
0.818817
0.422094
0.486561
1.97274
0.543787
1.65446
0.508012
0.607638
0.641209
3.30608
3.16763
0.244096
0.81045
0.871085
0.883803
3.38647
3.46511
3.30668
0.711034
0.803934
1.0609
0.285467
1.7704
2.71191
0.477967
0.13672
0.139723
1.56609
3.07161
1.18099
0.534041
0.81018
0.560369
0.463874
0.0196825
1.44453
0.65107
0.831173
3.19483
0.163534
0.69203
0.685888
1.73833
1.2525
0.853275
1.18567
1.96723
0.451532
0.689661
0.109876
0.815184
3.04478
0.56014
0.654164
0.391327
1.0887
1.40669
0.687429
1.77515
2.12864
0.893906
0.745341
1.08797
1.08691
0.134816
1.15242
2.13763
0.317716
0.274086
0.751089
0.37243
0.439795
2.35639
0.822894
2.21185
2.55424
0.736326
1.02038
0.518461
0.551449
0.815358
1.35232
0.52923
0.477321
1.97637
1.14152
0.947806
0.677206
0.660446
0.279782
1.00284
0.487398
0.153482
1.13923
1.17687
0.3055
0.464477
0.400169
0.556979
1.02012
0.918782
0.37818
1.39477
0.610918
1.50314
0.198473
1.25165
0.424915
0.822249
2.92701
0.432225
1.00549
0.272184
0.650537
0.599
0.923805
1.62987
0.475328
0.869158
0.585845
0.859782
1.07375
0.950936
0.443448
0.27063
0.586389
0.875179
1.2287
0.459234
0.770019
1.41105
0.84618
0.658217
0.664133
1.67956
0.364852
1.06801
1.89459
0.93787
0.819989
0.207073
0.260296
0.134307
1.06835
0.204965
0.872819
1.44081
1.05486
0.262827
0.549483
0.372887
1.00041
0.759059
2.50448
0.345991
0.391357
1.90698
0.0862276
0.0814035
0.362962
1.17116
0.678987
0.415721
0.26003
1.31616
0.549017
1.12297
0.334545
0.454728
1.65527
0.794101
0.289296
0.931026
0.584799
0.641793
0.301046
0.915304
0.300383
1.20328
0.916936
2.91463
0.917119
0.615601
0.860056
3.00987
0.360824
0.220788
0.131833
0.765432
3.73532
0.776932
1.28362
1.01216
1.1644
0.484016
1.58804
0.696871
1.22529
0.470653
0.254414
1.64425
0.468996
0.734468
0.530803
2.03056
0.280832
0.968375
0.316616
0.504389
0.923564
1.46475
1.45757
0.96013
2.3659
1.08717
1.20273
0.321021
1.04505
1.73919
1.04861
0.920469
1.22116
1.46206
0.905742
0.631112
1.90773
0.120536
0.333716
1.58101
0.844203
0.744352
1.08723
0.177575
0.313309
0.915302
0.432636
0.363908
2.40858
0.228535
0.410085
1.38782
0.647359
1.69195
0.610478
0.0616401
0.170454
1.42957
1.35679
0.327574
1.97286
0.616651
1.09194
3.23527
1.31514
1.203
0.53411
0.307554
0.769356
0.634088
4.20102
0.619035
1.57216
0.379944
0.612121
1.62574
1.22534
1.63261
0.885961
0.703506
0.786891
0.401849
0.826741
0.99036
0.719901
1.96101
1.99127
0.866197
1.07698
0.654399
0.192268
0.356571
0.655358
0.549717
1.49643
0.506113
0.0599774
0.401919
1.7352
1.09854
0.698534
1.15943
0.501113
0.218209
1.79693
0.345326
0.423353
0.919218
0.478592
1.95478
1.41158
1.14195
0.522182
2.54454
3.57622
0.486145
0.687249
0.753001
3.26186
0.765253
0.0647077
1.0072
1.97752
2.09944
1.09551
1.46333
0.882055
0.43252
0.470002
0.965846
4.02532
1.26076
0.964641
0.360648
1.62106
1.0155
1.43864
1.84971
0.795747
0.589095
0.33511
0.144243
1.86776
1.23033
3.02061
1.87015
1.53884
0.231173
0.514886
0.43644
0.521769
0.13659
0.134895
0.315459
0.589741
1.95368
1.35104
1.02631
0.483317
0.497966
0.863305
0.991935
0.872617
0.235027
3.87956
1.25982
0.137808
1.61535
2.41415
1.11935
0.362615
0.741143
0.820995
0.48794
0.408243
0.298162
1.87437
0.408771
2.00987
2.10585
0.431556
0.210331
0.139751
0.673732
0.795393
0.835818
0.520286
0.861586
0.475149
0.323961
2.21548
0.990905
2.3733
0.590171
0.400662
0.598685
1.1424
1.3443
1.61457
0.328077
0.291953
2.26608
0.55272
0.36825
1.26326
1.00035
0.815252
0.343888
0.348869
1.5312
1.03795
0.862912
1.01526
2.63225
0.0988503
0.484397
0.922787
0.406104
0.655343
0.56579
0.834687
0.222124
0.622966
0.674991
0.454075
2.11474
0.631993
0.828211
1.13327
0.633838
1.44734
2.19276
0.697564
2.03534
0.33338
0.822656
0.581026
0.997303
0.304926
0.363431
1.81964
0.184966
2.03376
0.5888
0.285037
0.999771
0.446752
0.460437
1.36808
0.657579
1.05859
1.50524
0.646487
1.26613
0.948092
3.28403
0.706081
1.65478
0.276827
0.648227
0.740229
1.00753
0.572518
1.30661
0.87209
0.889527
0.80707
0.413433
0.354657
0.68485
0.968581
1.52581
1.14343
1.63644
0.618629
0.8649
0.251059
0.960213
0.118973
0.596026
0.505523
1.99278
0.335109
0.429298
1.29012
0.84956
0.812057
2.39033
0.607243
2.38958
0.581375
2.47827
1.39616
0.75462
0.935037
0.670481
1.99106
1.82902
0.208613
0.802028
0.518097
0.679722
0.165357
0.175627
1.8274
1.00021
0.47039
1.50341
0.898773
0.441438
0.343593
0.16931
0.461548
0.418183
0.899156
2.19536
0.637647
1.45683
1.91697
0.948655
1.49991
1.04663
0.430682
0.0980749
1.17798
1.20766
2.75504
0.851605
2.22232
0.382689
1.99641
1.47463
1.1025
1.42993
0.462313
1.7557
0.918617
1.06446
0.834232
0.923296
1.08837
0.374691
0.840866
0.610367
2.88796
0.83709
1.01904
0.703556
1.40229
1.58315
0.451741
0.891437
0.262189
0.807811
2.39658
0.226669
0.0984922
1.04724
0.741287
0.214602
0.874886
2.41739
0.464417
0.783331
0.144789
0.418228
1.60027
0.234698
0.967811
1.48797
0.990513
2.14483
0.727538
2.19155
0.817239
0.947965
2.04108
0.913641
0.54387
1.61125
0.639121
1.84898
0.545604
0.678334
0.0450422
0.583385
1.80864
1.86186
0.444701
0.234506
0.726922
0.866846
1.89014
0.673313
1.09165
0.0213645
0.54468
0.0622707
1.63427
0.541275
1.6546
0.663163
0.30958
0.388646
0.601478
0.629591
1.87751
2.03999
1.74019
1.34041
1.42006
1.68854
1.39021
0.465437
2.3021
0.69582
0.341227
0.236503
1.24883
0.465363
1.19171
0.199168
0.301133
0.554154
0.511786
0.504387
1.59303
0.571523
0.664194
0.917956
0.501435
1.14323
0.349726
0.958018
2.61356
0.242046
1.89459
0.666601
1.42659
0.543878
0.843703
0.365157
0.313686
1.36044
2.20945
1.96294
0.121521
1.33538
0.764078
1.22119
0.617565
0.92509
1.98437
1.03776
1.76432
0.895124
0.353246
1.60223
0.22474
0.707344
0.728527
1.23413
0.899093
0.718557
1.09737
0.367385
2.05354
0.60304
0.486593
0.542306
0.717487
0.122651
1.52257
1.59718
1.90141
1.96533
1.46018
1.98967
0.440998
2.97526
1.84588
1.36236
0.596864
0.0984739
1.19628
2.80748
2.31967
1.03654
0.739728
0.667772
0.348209
1.14606
0.994233
1.49791
1.58973
2.68727
1.77035
0.800258
0.845815
1.19468
1.55551
1.43553
0.563962
0.142218
2.48457
0.946932
1.38154
0.307629
0.768305
0.291496
0.617854
1.5223
0.16808
0.554051
0.654219
1.76149
1.11465
0.898127
1.47518
1.05877
0.726056
0.484274
1.68624
0.265552
0.389902
0.166468
0.422399
0.164289
0.598448
0.82071
1.36416
3.42401
1.35413
1.76325
1.18965
1.14178
1.12638
0.462716
2.13077
1.04967
0.359666
1.5996
0.278509
0.177258
0.0745499
0.21269
0.359993
0.732488
1.98848
1.36118
0.194533
0.702685
0.840465
0.789116
0.655445
0.338248
0.315484
0.761597
3.17777
2.98901
3.33536
1.24878
1.05399
0.968159
2.23535
0.37565
0.25462
0.900872
0.335957
0.339651
0.825749
1.75029
0.490158
1.07974
0.55805
0.32965
1.11225
0.621401
1.86916
0.256586
0.767173
2.29116
0.978203
1.55587
0.0629379
0.647582
0.35447
0.351934
0.742633
0.91571
0.0833034
0.050869
1.52338
0.821964
0.849275
1.06434
1.47034
0.417102
1.52243
1.00742
1.00335
0.891502
0.357779
1.46228
1.50635
1.29345
1.09369
1.09772
0.507451
1.56127
0.489769
0.644488
0.133883
0.668306
2.20007
1.67931
1.47305
0.61019
1.71639
1.68539
2.45085
0.595841
1.5905
1.09547
0.0638081
0.72267
1.0125
0.497063
1.34201
0.136183
3.4638
1.50427
0.486654
2.52777
1.38389
0.971132
0.0691446
0.767379
0.575102
0.580726
0.149921
1.00662
1.03191
0.412346
0.239034
0.468501
1.19141
0.505077
1.78193
1.42844
1.71103
0.754702
1.15019
0.623787
1.49038
1.14214
1.50311
0.44524
1.19176
0.41748
0.768291
0.0640403
0.0871675
0.806016
0.935559
1.13409
1.8867
0.109774
0.954554
0.557907
0.700913
1.00675
0.126441
1.37584
0.220379
1.18124
0.990758
1.78971
3.70273
1.34902
1.65073
1.60371
0.0118099
1.19737
1.31143
1.35822
0.435451
1.91603
2.32495
0.64373
1.19301
0.46626
0.478064
0.280097
1.072
0.946521
0.0420425
0.502607
0.146042
0.263305
1.31298
0.575481
0.205931
0.804194
1.06008
0.505239
0.893717
0.26471
4.27634
1.22258
0.88263
0.855039
0.670505
0.780206
0.760412
1.23114
0.0504219
1.04419
0.932012
0.447213
1.32239
1.13447
0.992236
1.23442
0.241378
0.351677
2.04188
0.908722
0.153192
1.23753
1.04438
0.793007
0.787172
0.103029
2.01515
0.758379
2.85943
1.82818
1.11063
0.829316
0.726439
1.86065
0.315164
0.0997518
1.93198
0.076684
0.465465
0.828996
0.144068
0.114871
0.305783
2.73592
0.428141
0.555219
0.638669
0.281119
0.562866
0.960399
0.192833
0.614794
0.240325
1.40027
2.02328
0.490607
0.393721
0.962921
2.36405
0.130413
0.418881
0.869045
0.190842
0.238494
0.436035
0.436211
0.986172
1.2152
0.763549
0.171123
3.54
0.837382
0.2301
0.336119
0.492524
1.17385
1.00584
2.01676
1.67055
0.296614
1.01447
0.715928
0.474281
0.155902
0.510397
1.28458
0.250579
0.47931
0.65069
1.82201
2.2216
0.4813
0.304293
0.800509
0.752006
1.0405
2.55736
1.8206
1.21875
0.129951
0.791976
2.13313
2.51595
0.13847
1.24936
0.366229
1.7396
0.630036
0.118736
0.362546
0.74985
1.25171
1.49672
1.32387
0.183769
1.3846
0.913728
0.60384
0.898335
0.560257
2.63964
1.15033
1.22491
1.80312
3.24273
0.588396
0.766346
1.21981
0.0455948
0.900771
0.101394
0.403994
0.339205
0.437817
0.202915
1.09769
0.283228
0.801709
0.352596
0.889087
0.111686
0.757584
1.61503
0.910009
0.617365
1.18053
0.863124
0.393919
1.48539
2.11069
0.513651
0.291612
0.623482
1.55778
0.394852
0.584792
0.5223
0.236031
1.53772
0.72377
0.534106
0.470717
0.670745
0.241784
1.92825
1.24011
2.26852
0.976793
0.146867
1.59102
2.38947
2.43529
0.64182
1.85399
0.468726
2.09816
1.56886
0.890946
1.42127
0.732763
0.550107
1.91128
0.194401
4.68627
0.476239
0.962086
1.01073
0.455598
1.16619
0.950359
0.0457053
1.3688
1.15482
1.28545
2.33988
0.315448
1.13402
0.420885
0.369102
0.57058
0.667863
0.619408
1.39554
0.972251
0.545898
1.15996
0.335697
1.57583
2.7391
1.19958
1.20361
0.712532
2.00373
0.295594
0.729738
1.47239
1.11688
0.334706
0.571269
1.55866
1.55943
0.611181
0.604663
0.41771
1.35228
2.45667
0.00747819
0.476556
1.54768
0.767941
0.245025
0.592314
0.251081
0.937001
1.17689
4.31675
0.882519
0.417105
1.29981
0.233338
1.20021
0.110593
0.492776
2.43852
0.50229
0.423517
0.586646
1.43894
0.443979
1.05633
0.928322
0.48423
0.0225989
0.95792
2.17863
2.00432
0.83895
0.858154
1.4237
0.539541
0.381955
1.2908
0.163364
0.555741
1.1285
1.02351
1.47497
1.06278
0.465115
2.03102
0.652375
0.291031
0.94964
1.62784
0.333895
1.96079
0.110929
0.324028
0.379653
0.587428
0.698917
0.854627
0.668396
1.73861
0.839872
0.614179
1.92195
0.762922
2.85584
0.590794
2.38369
0.586383
0.850411
1.458
1.61138
0.38069
3.42092
1.14603
0.204643
1.04571
0.166937
1.01333
0.387887
0.845187
0.230038
1.12901
0.37659
0.518323
1.02977
2.39541
0.369124
2.03105
0.712541
1.52682
0.730343
2.81784
3.93802
0.621336
1.81284
1.41584
0.266654
1.1948
0.520361
1.65516
0.915647
0.776754
2.55381
0.724618
0.287778
0.705661
0.305332
0.5156
0.381152
1.61882
0.750807
0.771711
0.147833
2.14255
0.61958
0.616396
0.297927
0.295916
2.1322
0.486744
0.407471
0.571575
0.629958
1.38693
0.476904
0.244051
1.76397
0.674076
0.315755
1.13656
0.950224
1.42455
2.14584
0.236711
0.535887
0.182695
1.00222
0.903216
1.28452
0.878385
0.94869
2.47805
0.477129
0.413402
1.36319
0.651877
0.84272
1.17181
0.394758
1.82567
0.62845
0.742884
0.291299
0.39706
0.503619
2.31456
0.695686
0.244408
0.376862
0.240128
1.04681
0.27958
0.826039
1.14556
0.340052
1.10359
0.27942
0.832176
1.36716
1.38007
1.51777
0.931647
3.99018
1.83632
0.721122
0.752168
0.483385
0.545137
1.27469
2.23979
0.820593
1.12343
0.348098
1.98658
2.64881
0.873304
0.567437
1.25936
0.94584
0.517703
0.437427
1.04723
0.410416
1.44897
1.21473
2.93219
0.25958
1.03419
0.785748
1.13952
0.515624
0.083315
0.464555
1.07008
0.454164
0.0681253
0.886812
0.372885
0.0672232
0.783028
0.664787
0.812397
1.4426
0.954704
0.330983
0.163409
0.384013
1.02283
0.707358
0.942034
2.72744
0.304163
0.16563
1.48558
0.992481
0.641548
0.239337
1.14742
0.435559
0.940778
1.31141
0.354373
0.220493
1.7036
2.18025
1.35592
0.468508
1.07749
0.472528
0.299221
0.865703
0.589116
1.10356
1.1129
1.18476
2.03532
0.553611
0.221652
0.755905
1.07983
0.55584
2.00806
0.409403
1.55875
0.373634
0.411516
0.924044
0.134969
1.19316
1.22957
0.137467
1.15707
0.699073
0.824405
2.14951
3.02825
1.64426
1.61507
3.55522
0.906707
0.67908
1.09783
0.451981
1.92868
0.491147
0.697773
0.835115
0.51342
0.558549
0.576187
1.54037
0.586283
0.118349
0.567102
0.111852
1.23882
0.914227
1.33891
0.96042
0.98925
1.48889
0.583328
0.374724
0.376657
0.342082
2.40764
1.11767
1.73495
0.936354
2.4461
1.15772
0.985703
0.649031
1.1786
0.934825
1.53574
0.345329
1.01003
2.09802
1.036
2.00859
0.147729
0.0497289
0.454798
0.223678
0.318054
1.42169
0.74541
1.95141
0.879114
0.910541
1.62556
1.95856
0.761998
1.2137
0.615097
0.499673
0.485629
1.77814
0.54197
0.494335
0.614481
0.59312
1.02464
0.89448
0.693358
1.15466
0.846316
0.299119
0.611259
0.588497
0.478965
0.0111273
0.955624
2.55103
0.374689
1.7223
0.474308
0.667018
0.699727
0.931295
0.339565
0.218381
0.885608
0.642983
0.138272
0.700712
0.84068
0.330508
0.534125
0.61823
1.72133
0.636206
0.993324
1.35969
0.71685
0.575115
0.153224
0.231199
3.64759
0.910631
0.701089
0.428584
0.469971
0.541619
0.610425
1.43572
0.230564
0.908018
0.886277
1.35929
0.216809
1.8704
1.01897
2.61947
0.704987
0.423077
0.325734
1.4991
0.468084
0.204835
1.79047
1.35826
0.426725
0.409207
0.440138
1.71322
3.16615
0.65809
0.332441
1.55675
0.176994
0.957363
0.812926
0.812305
0.324614
0.608989
2.28606
0.51414
0.0833588
2.72324
0.34036
2.41637
1.36378
1.23381
0.928648
0.8639
3.16922
0.877749
1.82302
1.57417
0.745128
1.16128
0.74168
1.29016
1.45912
0.270403
0.0828693
0.185488
0.0945814
4.61191
0.634605
0.218507
1.58998
2.25754
0.518764
0.978615
0.973242
1.32167
0.360902
1.30099
1.4463
0.666137
1.2258
2.10573
1.39946
1.03556
0.821293
0.561804
2.13249
1.29359
1.17969
1.77845
1.0585
2.9062
0.736288
0.781403
0.823321
0.100182
2.78072
0.653655
0.644722
2.02335
0.576324
0.698505
0.790433
0.987178
1.6293
0.653707
0.650114
0.597187
2.45803
1.28894
0.296063
0.539237
0.807095
0.340895
1.5124
0.816262
0.630936
0.495357
0.517154
1.0482
0.462601
0.408591
0.283841
1.74239
0.491028
2.4014
0.416761
0.320687
1.07155
1.98487
0.611612
0.282553
0.197057
0.956301
0.374423
0.81181
1.47486
0.806138
1.31885
0.800928
1.39831
1.03831
1.69761
0.162471
0.658344
0.197243
1.62447
0.390843
0.549453
1.44377
0.708693
2.65312
0.829897
0.491528
2.59325
0.222216
1.62773
0.695344
1.62183
0.293799
1.38067
0.505066
3.72088
0.399807
1.67083
1.05801
0.31811
0.787679
0.5708
1.84356
1.27732
1.05832
2.08736
1.68421
2.55822
2.85043
0.515672
1.30143
0.718289
1.7016
1.62086
0.899004
0.582332
0.707203
0.56412
2.08964
1.44782
1.54618
0.609378
1.09544
1.09372
1.3394
1.51851
0.329384
1.08734
0.112649
0.15498
1.43601
1.21088
0.676584
0.632002
0.335466
0.873496
0.595264
0.241819
0.735195
1.39269
0.305883
1.50492
1.61589
0.966529
0.761523
0.242075
1.12177
0.821576
1.27814
0.430021
1.8648
0.8263
0.649486
1.28756
1.43457
0.777902
0.142738
0.607964
1.17086
1.21026
0.794354
3.31489
0.694883
1.47738
0.499117
0.217069
0.42192
0.898576
0.979929
0.706997
0.346009
2.31032
0.712454
0.631003
0.838015
1.02504
0.769891
0.475388
0.529321
1.29571
1.76542
0.224464
1.9099
1.44363
0.989128
1.86818
0.791109
0.226414
2.65229
0.63299
0.887562
1.10476
0.599477
0.744841
0.70784
1.468
0.517248
0.372433
0.307023
1.95346
1.18125
1.53894
0.258295
2.84826
0.471151
1.05825
1.89152
1.64904
1.15733
1.42495
0.192028
0.318392
0.651965
0.316185
0.178567
0.204173
0.84573
1.07654
0.424401
1.40706
2.81284
1.1605
0.282701
0.37855
0.737171
0.679811
0.453956
0.401646
1.04321
1.46707
0.309876
0.792685
1.65679
0.401576
0.63097
0.907131
0.0936997
1.8793
0.390467
0.113043
0.755348
1.23143
1.56488
0.602073
0.520643
1.4594
0.399074
1.7273
0.461289
0.738584
0.543206
1.20225
0.707535
0.501156
0.449933
0.320378
0.889538
1.45122
1.09812
0.432788
1.34305
1.20998
0.0586566
0.358364
0.805022
1.20952
0.31344
0.286669
0.409741
0.77286
1.70573
2.29871
0.521706
1.90132
0.65825
0.729768
0.752055
0.142172
2.08826
0.873545
1.30426
1.20558
0.486047
0.169128
0.467098
0.160983
2.17161
1.08699
1.68827
1.14847
0.466452
0.308395
0.115195
1.37539
1.33066
1.03248
1.60124
0.322095
1.35295
0.210078
1.65846
0.0113513
0.739908
1.60741
0.57552
1.32555
1.73521
0.829643
0.608111
3.4122
0.464466
2.08454
0.768486
2.12033
0.937186
0.815551
0.55872
0.60439
2.01952
1.02058
0.273968
1.39386
0.738687
1.0237
0.219625
3.12877
0.975511
1.70552
0.672776
0.41981
1.62413
0.595312
0.118796
0.373527
1.15067
1.17562
1.28693
0.299605
0.724445
2.26649
0.58917
0.689107
0.960517
1.47573
1.08988
0.683283
1.53493
0.772449
2.05828
1.65973
1.27676
0.593138
2.49693
1.21741
0.539736
3.68992
0.451569
1.75169
2.37244
0.300724
0.549504
0.202348
1.45766
1.86379
0.59551
1.4439
0.698599
1.2001
0.544965
0.614589
3.02901
1.39353
0.58319
0.697194
0.246281
0.630516
0.67367
0.855907
1.49297
0.0922736
0.671581
2.98801
0.501588
2.07551
2.08269
0.0983793
3.38607
2.4425
4.27559
0.801324
1.29475
1.58006
0.47926
1.02881
1.75073
1.83707
0.245862
0.916794
1.31655
0.747395
0.758092
1.30003
1.28843
0.373986
3.35514
0.248625
0.997502
1.09448
0.715455
2.04198
0.267494
1.29096
0.709186
0.285382
0.654234
1.8297
1.66761
0.232403
0.380698
0.138458
2.5016
1.0452
1.69648
1.40392
0.568356
1.45709
0.363894
1.36973
0.78697
0.526048
0.819908
1.40998
1.54098
1.31194
0.648488
0.666427
0.896213
0.595371
0.493244
0.773131
1.82891
0.840952
1.34423
1.14512
0.644503
1.58691
1.21321
0.241651
1.50736
1.03169
0.581054
1.61082
1.6686
2.37617
1.94961
0.566449
0.417741
2.15094
0.393341
0.838948
0.765818
1.25286
1.3756
0.87682
0.205929
0.289382
0.383394
1.19341
0.709962
1.05731
2.23531
0.781136
0.452972
0.478597
1.57688
1.79738
0.0893903
0.223936
0.864862
1.55058
0.998203
2.72085
2.01675
1.40209
1.24406
1.30506
1.29799
0.405117
0.787172
1.76978
0.089199
1.18395
0.994297
0.461816
0.781328
0.924771
0.600416
0.43968
0.438332
0.534486
0.275827
0.155137
0.72813
1.28845
2.56746
0.381078
0.334902
0.82439
0.800751
0.918449
0.911781
0.846231
0.117579
1.8401
0.885534
0.552332
0.578235
0.845283
0.44081
0.812926
1.07657
2.13565
1.23147
1.32961
1.30423
1.04589
0.767274
1.23285
1.40549
1.02318
1.196
0.725859
1.52919
1.60125
2.03126
0.366185
0.960745
1.27206
0.783373
1.42163
0.645996
2.18134
0.159765
0.47875
0.409572
0.672339
0.178299
0.187191
1.45173
1.03942
0.225252
0.872151
0.0267777
0.724715
1.37593
0.662927
1.14108
0.0785179
0.240411
0.522378
1.90253
1.3146
0.658799
0.956558
0.894993
1.99428
0.667282
0.597314
0.638405
0.521494
1.52831
0.660917
1.16935
0.59381
1.28856
0.877469
0.791701
0.352025
1.62567
2.64934
1.90449
0.328704
1.38326
0.922138
0.933411
0.489834
0.765866
3.69393
1.2638
1.41111
0.258493
0.573977
0.700488
0.319134
1.84627
0.322572
0.630756
0.457976
0.402975
0.782247
0.453846
0.311337
0.439052
0.369073
2.42014
0.874299
0.294483
0.187268
0.0715408
1.06301
2.04001
1.03667
1.15911
0.920266
1.72802
0.149359
1.56201
0.831175
0.78648
0.829079
0.699464
2.87596
3.01419
0.2341
1.8591
0.579183
0.574367
1.33992
0.524623
0.289828
1.08979
0.142362
1.15508
0.735761
0.850081
0.486415
2.01904
0.587361
0.637226
0.638528
1.77696
0.687099
0.195669
0.838371
1.3871
1.59317
1.47448
0.54449
0.269548
1.23024
1.1451
0.49575
0.555907
0.219089
0.614319
1.0981
0.640286
0.543725
1.70629
2.09663
0.377402
0.404501
0.0659076
1.5625
0.443768
0.71808
0.889436
1.77964
0.491431
0.514841
1.2268
0.100966
0.607947
1.08424
2.35186
0.675312
0.197051
0.369134
1.26794
0.185233
0.441203
0.40761
1.26334
1.51123
0.244982
0.201762
1.64388
1.02754
0.604611
0.373882
0.0327231
0.792954
0.409096
1.09931
1.16647
0.229219
0.62181
0.29643
2.45235
1.01316
2.28084
0.722421
0.708325
0.812747
0.841613
1.09439
2.19558
0.671203
0.948771
2.0358
1.02566
0.642289
0.116745
0.713941
0.313242
0.639884
0.635002
0.585113
1.75697
0.905974
1.77869
0.143851
1.57128
0.17549
1.05912
1.53941
1.03589
0.911041
1.35544
1.09359
0.782198
1.8364
2.05677
0.580658
0.300879
0.696598
0.805058
0.895868
0.338056
0.469992
1.84944
0.854726
0.613206
0.241603
1.14746
1.61735
1.33843
1.09154
0.261557
0.311802
0.830326
0.662699
0.813652
1.56112
0.452158
0.677237
1.40204
0.685015
1.59572
0.361278
0.237006
0.714884
0.964585
1.54973
0.607462
0.253111
1.2289
0.0485661
0.589436
1.68423
2.75503
1.01326
3.57149
1.83089
0.518803
0.289431
1.1597
0.219661
0.596986
0.236814
1.33089
2.70425
0.909999
0.281976
0.558323
1.11241
0.153751
0.0825407
2.64559
1.31558
2.94086
0.0629502
2.43874
0.460781
3.6611
0.141432
1.51141
1.88725
0.69489
0.530171
1.01174
0.589383
0.612375
0.853251
0.299258
0.803349
0.319003
1.76943
1.73316
0.310504
1.38944
1.30887
0.634393
0.164187
1.71968
0.0358311
1.28279
0.816819
2.82524
2.91751
0.265812
1.11048
1.08946
0.935357
1.0117
1.17037
0.864072
1.99876
2.61564
0.638681
0.376424
1.60659
2.64501
0.665145
0.436912
0.988523
0.914526
0.152712
2.78384
0.56013
0.24442
0.30442
0.795597
0.78747
0.172121
0.374894
2.02053
1.05205
0.920785
1.7594
0.78676
0.366243
0.447391
0.564515
1.22449
1.38406
0.88468
1.11458
0.427905
0.698993
1.4141
0.215887
0.172847
0.755817
0.0924212
0.0755424
1.19584
2.62812
0.26666
1.27984
0.846384
0.299174
1.94639
0.860605
0.584016
1.04465
0.460789
0.442748
0.363268
2.67986
1.99115
0.656714
0.91111
2.31916
0.405615
0.965972
0.544492
0.0571944
0.800419
0.984732
0.199408
1.14238
1.99518
0.733117
0.954365
2.13041
0.0584738
1.48984
0.657569
0.574467
0.739377
0.398437
0.727087
0.302227
0.871567
0.494245
0.939646
0.219107
1.1357
1.00806
1.55658
0.354352
0.992362
0.864829
0.847492
0.625023
0.158472
0.482038
0.237073
0.259618
0.246806
0.608947
0.445718
1.16273
0.524598
1.03882
1.74767
0.146513
1.17562
0.269268
0.953047
0.921009
1.01248
1.27682
1.18269
1.05406
0.537034
1.0433
0.844818
1.43278
1.43738
0.106335
2.03622
1.2446
2.68996
1.06319
0.516884
0.179918
0.450622
0.975121
2.27322
2.25126
0.611068
0.980341
0.602789
0.824757
0.328467
2.97115
0.521326
0.362957
2.62504
1.86196
0.244915
0.88782
0.347545
0.667732
0.371407
0.583885
0.369937
1.4224
0.13045
1.62327
0.726233
0.213185
0.536299
0.350969
2.36248
0.664784
0.629478
0.237031
4.6936
1.39019
0.623713
0.306105
0.395265
0.311338
0.345158
0.237817
1.32227
0.0858767
0.724764
0.893801
0.210322
1.71905
0.852598
0.377907
0.691822
0.580586
0.363013
0.127579
3.12429
0.627711
1.07696
0.89818
0.687112
0.638027
0.447151
2.00787
2.25254
0.786662
1.27205
0.217164
0.814887
0.514626
0.539587
0.480068
0.85123
0.216208
1.92482
1.63085
0.667896
0.628925
0.282786
0.823769
1.636
0.342225
0.298488
1.53946
0.461012
2.19189
0.730765
0.159314
1.1999
2.06751
0.580446
2.09164
0.889122
1.42239
1.1197
0.759993
0.591219
1.6961
0.535671
0.545192
1.25305
0.927714
1.20002
0.850859
0.723025
0.249299
0.159662
0.70377
2.20044
1.80883
1.65615
0.266725
0.800967
0.742023
1.40315
0.747166
1.98011
1.56191
0.199014
0.334993
0.288946
0.303862
0.26917
1.03695
0.803158
0.583993
1.00899
0.132237
0.677331
1.00002
0.798993
1.1479
1.10223
0.846598
0.344288
1.60099
1.37409
1.25447
0.712071
1.24672
1.56651
0.417569
0.466003
0.24364
0.321135
0.253833
0.480591
1.17791
0.37055
0.250775
0.436104
0.833447
1.04581
0.948142
0.325368
0.898128
0.285935
1.25128
0.699403
1.56123
0.389743
0.90744
1.85863
1.54331
0.585229
1.21929
1.14198
2.74921
1.47781
0.670453
2.402
2.5421
2.04489
0.872993
0.389982
1.36313
0.79953
0.112461
2.44234
0.848989
0.71094
2.02647
1.27514
0.491528
0.356959
0.398362
0.422595
0.357982
0.829055
1.52446
1.07841
1.66377
0.527265
0.670584
0.818093
0.23146
0.768511
0.793794
0.544637
0.613832
0.552432
0.847218
0.190992
1.79461
1.74923
0.104807
0.796218
1.02734
0.652526
1.12562
2.02897
2.05523
0.819184
0.895356
0.741009
1.18105
1.35686
2.56074
1.71488
0.335671
1.24746
0.812214
0.296542
0.247055
1.97807
0.621936
0.725696
2.7582
0.440928
0.249711
0.996131
0.0342829
1.33463
1.80272
2.74499
1.0302
0.167431
1.90358
0.553357
0.602065
0.950044
2.65225
0.434626
0.344349
0.781346
0.804263
0.166989
1.1165
4.40519
1.19693
1.31578
0.463992
0.669225
1.64466
0.340651
0.530736
1.83489
0.678578
0.696535
1.25982
2.46938
1.24907
2.80158
0.841502
0.550738
0.554343
1.09537
0.191635
3.06558
1.30993
2.24772
1.15136
1.16832
1.18668
0.293118
0.153826
0.495019
0.182712
1.28951
1.11264
1.30844
0.878428
0.380695
0.0546252
3.60633
0.691976
1.4693
1.53171
0.696595
0.304769
0.343685
2.23864
0.591286
1.95368
1.66256
0.823932
1.65914
2.6909
0.725335
1.19994
0.895848
1.65345
1.08353
1.22219
0.604587
1.56725
1.54171
1.78303
0.929562
0.963454
1.82038
0.330149
0.219934
1.62892
2.86323
2.89636
2.79135
0.782907
0.256862
1.92791
2.5171
1.6764
0.460933
0.353515
2.08918
0.20691
1.50636
0.106083
0.698975
0.520554
0.793047
0.0659049
1.37674
0.539012
2.13893
0.318267
0.205202
1.17053
2.23848
1.46724
1.60891
0.701105
1.82477
0.501357
2.32388
1.05642
0.638985
1.30191
0.494012
1.01698
0.436125
0.622505
0.934067
1.4784
0.537262
0.379367
0.709686
0.933888
1.56738
0.383727
1.79142
1.47569
0.616275
0.964272
0.957831
0.457815
0.148529
0.942566
1.08767
0.815237
2.01788
0.869254
0.656674
1.1894
0.563939
1.11022
0.590357
1.92054
1.04058
1.73894
0.240382
0.97135
1.51615
0.478211
1.0067
1.28295
1.06135
0.585036
2.08955
0.380646
0.923879
0.725653
0.234874
1.47989
0.873857
1.25033
1.49389
1.30778
0.763467
1.08561
1.04416
1.68445
1.18125
2.04048
0.616165
0.97741
0.521473
0.126964
0.904603
1.45978
1.68522
0.885115
1.09005
3.10775
0.499686
0.424271
0.940353
0.446294
1.28255
0.806292
0.863387
1.08178
0.597125
0.414827
0.438877
1.3687
0.296759
0.280294
0.355529
1.62828
0.9094
1.04024
0.152109
0.541634
0.333759
0.424563
0.345574
0.612498
2.89118
0.190207
0.637479
0.760498
0.140719
1.82277
0.462385
1.50464
3.23032
0.424584
0.26752
0.915489
0.841258
0.352916
0.793993
1.85802
0.260167
0.47131
1.26167
0.503695
0.724138
0.382532
0.784862
0.640477
1.50318
0.89851
0.851131
0.70462
2.20233
0.748027
1.00921
3.28881
0.546693
0.87255
1.72651
1.07875
0.771086
0.514018
0.515573
1.6796
1.89169
0.356354
1.38444
1.44246
1.3684
0.846653
0.803022
1.50931
0.992751
1.68715
5.24455
0.207439
2.13402
0.607325
0.734967
0.729422
0.634848
0.725124
0.639906
0.329273
3.17631
1.10605
0.0756499
0.425208
1.48071
0.80666
1.3324
1.09153
2.6625
0.711826
0.491979
1.64751
1.45068
0.403603
0.315077
1.44329
1.65378
0.294375
0.415165
0.966424
1.24413
0.7872
0.907169
1.03427
0.267666
2.43614
1.29602
0.283651
0.596657
0.369567
0.554304
1.47347
0.987698
0.138135
0.468217
0.516002
0.667088
0.366938
1.79761
1.0253
0.816387
0.924023
0.786307
0.291577
0.694774
0.602099
1.39116
1.34738
0.589485
2.04305
0.229741
2.0589
1.94888
0.217157
0.423477
0.425558
0.965942
0.429368
0.215124
3.22809
1.89955
1.02458
0.313525
0.351462
2.73313
0.976696
0.408809
1.17026
0.960078
1.30695
0.0554814
0.433868
1.83691
0.623395
0.39284
0.59142
2.57906
1.52156
0.194515
0.806236
0.302061
0.520757
1.1214
1.27426
2.28928
0.695295
0.472107
0.508077
0.153712
0.28545
0.0597258
0.497559
0.787723
1.29395
0.666401
0.646975
2.23331
0.497614
1.20376
0.321691
1.08672
1.12345
1.74073
0.877032
0.782711
0.750138
1.571
0.682341
1.81016
0.138443
1.42379
0.92426
0.598753
0.592014
3.1741
1.11206
0.721648
1.04776
0.484971
1.30704
0.158348
0.999711
0.267048
2.79192
0.118732
0.661171
1.8749
1.50957
1.08726
1.43756
0.282043
1.8477
0.50258
0.286733
3.07827
0.474303
0.901627
1.68847
0.416244
1.1498
0.365414
0.254426
0.536166
1.20497
3.20696
1.21318
1.09649
2.56204
3.11242
0.568767
0.544487
1.235
1.919
0.926635
1.76819
0.403885
0.851619
1.17832
0.699855
1.53228
0.868715
0.779332
0.754365
0.200612
1.01863
1.94773
0.157878
0.773081
0.413439
0.950151
0.237628
0.751298
1.75649
0.891843
1.33747
3.07906
0.799579
1.05161
0.373934
1.71273
0.576818
0.545977
0.850791
0.648653
1.35722
0.94771
1.58708
0.7774
1.09869
0.723248
1.21891
0.687364
0.500356
2.99223
0.300863
2.21884
0.183897
0.96866
1.13797
0.944504
2.01533
0.429975
0.367186
0.046559
0.452935
1.26948
0.281144
0.237994
0.6032
2.87647
1.13501
0.294479
0.958653
0.16715
1.15433
0.764204
0.86513
0.779216
0.946483
1.59039
0.610882
0.862373
0.893762
0.655743
1.14189
0.594159
1.02427
2.36999
2.45892
0.376017
0.425081
0.90452
1.08546
1.19578
0.821254
1.07445
0.912019
0.906545
1.7353
1.24425
0.627862
1.6609
1.06498
0.708781
2.61771
0.268247
1.50856
0.836012
1.44992
2.52077
0.557208
1.74173
0.934872
3.46808
0.748536
1.98226
0.693528
0.0610509
2.04151
0.277059
0.451201
1.11344
0.281156
1.23082
0.550314
0.71285
0.390277
0.949262
0.379263
0.243392
1.43138
0.474543
0.132589
1.14596
0.514228
1.287
0.391479
0.0957797
0.746639
1.66543
1.67668
2.10749
1.02096
0.258952
0.50212
0.802584
1.43907
0.682048
0.451993
0.419816
0.597611
0.538724
0.543285
0.556465
0.54292
1.02998
1.73455
1.14554
0.158266
1.31494
1.13474
1.18155
0.37675
0.675265
0.500706
0.319825
0.377466
0.327675
1.70887
0.620875
0.497052
1.2066
0.627335
1.39769
1.59108
1.63838
0.684531
1.48077
1.06318
0.865061
0.746371
0.559308
2.64415
1.32865
0.189211
1.40911
0.976821
1.1995
0.526675
0.94398
0.0984779
0.432376
1.79557
1.04914
2.10109
1.32416
1.32957
2.07129
1.46196
1.31338
0.81758
1.15906
1.0286
1.16167
0.818087
2.35587
0.922049
0.186508
0.725788
0.97273
0.97888
0.709878
1.03814
0.743148
0.850973
0.340538
0.471319
0.440363
2.31231
0.100933
0.802665
0.28737
0.383996
0.505238
1.28568
1.2911
2.13687
0.528613
0.89586
0.48527
0.102816
0.172851
0.265057
1.79506
2.04729
1.37887
0.580211
1.66065
0.700245
0.27919
1.22216
0.411274
0.781857
0.598343
0.254354
1.8372
2.67495
0.796874
0.267642
0.348717
0.276463
0.588578
0.437377
0.718968
1.39609
2.65128
0.400457
0.818553
0.799417
2.1028
1.4431
0.304203
0.157511
2.4801
1.09996
0.57186
2.30535
0.926415
0.344437
1.83443
0.941356
2.7515
1.61451
0.144729
1.32623
0.543423
0.892403
0.238611
0.913291
0.166401
1.27836
1.18315
0.543388
0.495165
0.261582
2.35805
0.564917
0.812488
1.77595
0.374906
1.38912
0.353436
0.647825
1.67364
1.2396
0.781647
0.35042
0.83506
0.559135
1.33731
2.06393
0.472343
0.308334
0.508588
2.40362
0.244015
1.21746
0.259966
1.52908
0.822799
1.81866
0.842353
2.28479
0.330305
0.333606
1.08193
0.716425
0.60965
0.382286
1.0761
0.56062
0.73839
0.328754
1.161
3.05132
0.783971
0.35553
1.16537
0.63398
0.776108
0.636957
1.29816
0.262244
0.540166
1.18246
2.39838
1.06764
0.152676
1.62037
1.26207
0.982312
0.873024
1.19476
0.621397
2.4673
0.383157
0.717396
0.542792
0.643328
0.944033
0.544009
1.97199
0.399602
1.71639
1.97279
2.95188
1.87157
0.990966
0.621103
0.431931
0.460151
2.00241
1.42814
1.75917
2.80059
0.427059
0.649023
0.231789
1.50448
2.81091
0.89489
0.892694
0.26955
1.21409
2.77519
0.522323
2.23629
0.420122
1.5343
0.443329
0.488874
0.156003
1.96409
0.530563
0.399376
1.67488
1.86937
0.842429
1.11327
0.54954
0.850619
0.406652
0.701579
0.640968
0.442146
1.25805
0.996623
1.88757
0.503892
0.351471
0.190811
0.252307
1.22638
0.203032
0.0704539
0.189391
0.158291
0.430385
0.288802
1.14672
1.00853
1.18349
0.548906
0.313112
0.792815
0.606886
0.385789
0.593468
0.717323
2.93915
2.11294
0.920085
0.823588
1.2156
1.42557
2.40909
1.32943
1.19141
2.15359
0.549856
0.588248
1.67687
1.51699
0.477361
0.163655
0.392988
0.0764001
1.1505
2.17439
0.408379
0.699095
1.05958
0.354407
1.66449
1.57672
0.647006
0.232722
3.47945
0.375015
0.602012
0.220927
0.478842
0.441353
1.84119
1.07097
1.22075
0.706608
0.328592
1.23177
0.928637
1.3523
0.277813
1.865
0.266975
1.30093
1.00775
0.645506
1.24682
0.972785
0.324461
1.4334
0.58198
0.673898
0.529092
0.374249
3.14512
0.781553
0.199622
0.316186
2.00311
0.956614
0.754576
1.75794
0.642783
0.953698
0.489309
0.781756
0.705883
0.402355
0.94447
0.767559
0.862911
1.09532
0.363337
0.595375
1.46329
0.278202
1.92517
1.72364
0.517045
0.503233
0.839566
0.321132
0.907558
0.580355
0.877436
1.34183
1.39445
2.23748
0.880825
0.940714
0.302088
1.15982
0.965125
0.907504
1.29274
0.937735
1.53973
1.83411
1.92205
0.688799
2.08737
1.51432
0.0217329
0.603029
1.04509
0.639582
1.45967
0.680778
1.18786
1.72309
0.112138
1.19323
0.660532
0.748137
2.46019
3.3967
3.21972
0.664033
1.74377
0.440414
1.31947
0.952937
0.093181
0.901498
0.793859
1.42306
1.86088
1.48046
0.409347
1.82674
1.21902
1.7031
1.32175
0.332986
0.442325
0.335573
1.396
2.34234
0.66338
1.1012
0.141443
0.406478
0.345039
0.106202
1.49777
2.16202
0.45255
0.972914
3.15029
0.368714
0.577109
0.774201
0.873785
0.707417
0.506461
0.663626
0.530765
0.831005
1.3143
1.10023
1.23633
2.33018
0.830567
0.724082
0.592786
0.123964
0.174082
0.430409
1.00923
1.4798
1.51141
0.964592
0.647187
0.290241
0.631586
0.792787
1.2142
2.9596
0.178569
0.693929
1.45034
1.09118
0.744148
0.612163
0.857241
0.320831
0.88184
1.6924
1.06992
2.34927
1.45961
0.063983
1.30297
2.11278
0.61471
0.994132
0.463179
0.775669
0.493227
3.7315
0.316091
0.454951
0.82668
1.13876
1.5743
0.772634
1.87713
0.368143
1.26092
0.964785
1.22843
0.1218
0.645355
0.607085
2.77161
1.8094
1.12375
1.60509
1.16063
2.17287
2.03696
0.742334
0.269656
1.97501
1.71053
1.79333
0.500342
2.40973
1.00089
0.31279
0.965989
0.938083
0.292042
1.00167
1.36598
1.49288
0.576736
0.427872
1.08013
0.742418
0.163712
0.603142
0.0839421
1.00072
1.68112
0.74646
0.573374
1.19232
0.65346
2.24596
0.23888
2.33469
1.51852
0.428199
2.85752
1.39822
1.75366
1.2336
1.55611
0.84656
0.173631
0.603438
0.682779
0.612634
0.126499
0.561543
0.45427
0.389669
0.850367
1.67274
0.201398
1.13028
0.492193
1.38444
1.46105
0.813126
0.0570498
0.365621
2.18926
0.284124
1.92213
0.847302
2.72359
0.0903082
0.531002
0.688253
0.60448
0.373955
0.645191
1.11403
0.398088
0.465607
0.280237
2.15495
0.496162
1.66631
1.0384
1.43024
0.615309
0.343496
0.80109
0.491861
0.563323
0.245185
0.559197
1.46501
1.13895
0.581138
2.53383
0.511465
1.41431
2.35252
0.60617
0.631084
0.239711
1.78854
0.121471
0.848135
0.40189
0.34023
0.932879
0.152799
0.695943
0.25084
0.746991
0.925389
1.87025
0.24636
0.907553
0.568544
0.967511
1.89046
0.419483
0.291215
0.858276
0.600319
1.08081
0.293564
0.877109
0.990294
0.370438
1.08823
0.597253
0.488917
2.1399
0.272349
0.583222
1.39876
1.11308
1.77638
1.26015
0.413052
0.658528
0.547641
0.196079
0.813381
0.399109
1.29127
0.419302
0.708884
0.0839282
1.03002
0.890353
0.733753
1.5902
0.910806
1.47567
0.533071
0.92021
1.09159
1.36285
0.852368
0.448379
0.655461
0.886728
0.983438
0.428087
0.312568
0.215545
1.20269
1.4663
0.104408
1.61455
2.14584
1.561
0.399396
0.60853
0.240351
1.01509
0.44943
0.484592
1.86283
2.27816
3.62411
0.514489
1.03742
1.19072
1.49693
1.06681
1.04256
0.766669
0.990146
0.539169
0.687794
2.05368
1.15602
0.264571
0.443865
1.47468
0.694312
1.11762
0.23699
0.291448
0.973354
0.98363
0.914982
0.644586
0.300497
0.0817325
0.39855
0.207528
1.66378
0.168071
0.669946
0.444312
0.350601
0.770136
0.496428
1.73069
1.08188
0.88876
1.34707
1.12597
1.1694
0.356908
0.520021
1.12197
0.49147
2.10061
0.972273
0.328446
1.22219
1.56743
1.27356
2.68851
0.903058
0.242721
1.88827
0.82594
0.529811
0.803212
1.38807
0.69801
2.56519
0.493257
3.16819
0.93794
0.164282
1.0618
0.868867
0.237731
0.350977
1.33917
0.118634
1.39693
0.663783
0.536812
1.08075
2.79851
0.355762
0.723586
0.290952
0.367534
0.724649
1.03892
1.07745
0.67444
2.74682
0.237552
0.265607
0.897556
1.13416
0.323241
0.600083
1.26907
2.23592
0.402512
0.435615
1.23846
0.713762
0.337905
1.87765
0.035253
1.32484
0.534706
1.2759
0.752404
0.501933
0.936947
0.51745
0.245691
0.0753343
1.65865
0.126975
0.0577534
1.40272
1.4968
1.27623
0.822924
2.00544
0.566007
1.80317
0.908496
0.308645
0.34365
0.704938
0.997027
0.382968
1.06664
1.61518
0.53861
0.537358
0.122764
1.00868
0.820486
0.170586
1.42808
1.69587
0.651216
0.219545
1.67991
0.331198
1.43898
0.106186
1.53341
0.606659
3.04372
0.245497
0.12102
0.500187
1.02436
0.471819
0.193203
0.526486
1.22679
1.47532
0.616343
0.378609
1.61314
0.396453
0.819973
3.59192
1.36178
0.844598
0.309912
1.68182
0.352476
4.26274
0.158215
1.05647
1.86239
1.70948
0.0815481
0.264307
1.45772
0.827229
0.704402
0.12528
1.13364
2.03823
0.971429
1.52636
0.31642
0.288741
1.06112
1.21767
0.543655
1.89226
1.96359
1.26239
0.251327
3.35705
0.555896
0.312676
0.227123
1.58723
0.594772
0.456946
2.45517
0.0868217
1.55713
0.765867
1.39715
1.08313
0.540328
0.106607
0.617524
0.20936
1.7221
0.965195
2.04774
0.678501
0.269541
0.999235
0.384536
1.55372
0.682249
1.637
0.1939
0.815919
0.349607
1.16023
0.236396
0.993516
0.173558
2.92075
1.58449
1.2311
0.997864
2.49712
0.584752
0.616075
1.1476
0.803502
0.126879
1.32737
1.60238
1.40365
0.755157
0.453281
0.0576751
0.744504
0.177724
0.876635
1.75686
0.728199
0.754273
0.355442
0.10732
0.555602
1.95244
0.648567
0.582161
0.418657
0.323549
2.48357
0.394255
1.42322
0.18465
0.429014
3.22276
0.38323
0.952687
0.813897
0.120567
1.70366
0.786841
1.80169
0.429717
1.00695
1.35497
0.552795
1.87633
0.200027
1.04298
0.684124
0.378288
0.726675
0.621181
0.207064
0.418428
2.42001
0.0846421
1.70099
0.935024
0.436118
2.37988
0.302883
1.63555
0.624101
1.20268
0.95906
0.304454
1.69529
0.446225
1.4723
0.705621
0.513197
1.404
1.323
0.597299
0.21759
1.29966
0.921647
1.25458
0.617968
0.488173
0.897859
1.50502
0.388825
1.10738
1.09336
0.97979
0.716287
1.18888
2.02382
1.10424
0.804534
0.569215
1.03393
2.79593
2.14409
0.76119
3.05375
0.379021
0.297503
0.168146
1.31081
1.41597
0.745272
1.56276
0.840366
1.26694
0.177669
0.7808
0.605247
1.11674
1.46636
0.506338
1.11075
1.05598
0.861228
0.158169
0.785039
0.941796
0.913935
0.635455
0.147958
1.69455
1.8378
1.18121
1.28103
2.7344
0.349206
2.04342
1.33379
2.31387
1.65263
0.56577
0.768026
0.915578
1.40804
0.665712
0.88438
0.628607
0.226727
0.16558
0.437907
0.710432
0.549419
0.984098
0.315883
0.805439
2.80943
0.0210266
0.359201
0.495647
1.04358
2.3456
0.753203
1.93599
0.538965
0.259915
0.964905
0.383298
0.48101
1.14177
2.81474
0.737887
1.38339
1.0176
0.434857
0.69601
0.311095
0.348383
1.77703
0.99583
1.07983
1.99924
1.23168
0.490583
1.63368
0.510775
0.310769
1.46909
0.196315
0.785849
0.406401
0.129745
1.37964
0.271839
1.39435
0.563787
1.63625
0.58168
2.58271
1.24169
0.532944
0.528262
0.516662
0.433354
0.774251
0.554863
0.884508
0.557833
1.63556
2.04294
0.484077
0.298467
1.39428
0.809825
0.522687
2.12192
1.35894
1.08526
2.68608
0.873849
0.501589
1.02537
0.70901
0.501624
1.75479
1.15116
0.881889
0.171746
0.817437
1.94849
1.49187
0.162543
0.171562
1.41404
0.7549
1.60905
1.04337
0.678149
0.637776
0.421326
0.421483
2.22242
1.34092
0.649085
0.234965
0.291397
0.130417
0.544269
1.11049
0.755551
0.640426
0.99778
0.212761
1.2114
0.611554
0.829344
0.957607
1.27492
0.713942
0.529599
0.0632756
0.333858
0.994246
0.951279
0.31548
2.39259
1.12707
1.04025
0.233299
0.273591
0.373013
0.39309
0.775615
0.936623
1.40459
0.782384
0.416677
0.255412
1.75337
1.79448
2.84713
0.45847
1.93539
4.28781
1.03479
0.589888
1.62705
1.0738
1.4736
2.00214
0.93151
0.688796
1.29386
0.640025
0.238268
2.20527
0.728536
0.80044
1.30115
1.33143
1.10453
1.05755
1.15378
0.31748
0.198085
1.89015
2.60432
1.79213
1.47815
0.991954
0.169032
0.191775
0.148532
1.48335
1.38196
0.403707
2.57801
1.25627
0.596198
0.383618
0.91118
0.66387
0.247091
1.15348
1.61701
1.77826
1.059
1.02385
2.05609
1.14682
1.95127
0.926305
0.533932
0.0133331
2.73788
0.722291
0.216274
0.971011
0.266134
0.932158
0.325568
0.608147
1.42086
0.610607
0.10889
1.45183
0.757461
0.372588
1.09881
0.831464
0.974227
0.264664
0.906029
1.11231
2.23664
1.06413
0.76209
0.312153
0.125017
2.48679
1.35154
0.375951
0.695146
0.727867
0.870412
0.630847
0.18746
0.275237
0.388616
2.04255
0.808418
1.63336
0.291832
0.929641
0.0967523
3.55685
0.190169
1.10125
1.42151
0.52522
1.03122
0.777564
1.08496
0.411202
1.31323
0.541307
2.79889
0.81519
0.177355
1.24797
1.41093
1.27961
0.0986173
1.88601
0.911298
0.532116
1.13415
1.40867
2.46863
0.554344
1.0297
1.5079
0.431674
0.573512
2.1377
0.180174
0.939581
2.01875
0.810877
0.950689
0.0804497
1.69188
0.756977
1.02445
0.940699
1.9334
1.79358
0.275227
0.438737
1.16779
0.725822
1.20716
1.64954
1.88354
1.69564
0.941229
1.38158
4.42674
1.24019
0.640677
0.203859
1.06501
0.497282
0.815541
1.36148
0.811743
1.49403
0.967433
0.770366
0.389221
1.55422
4.88589
0.909368
1.23181
0.798128
1.16467
1.34261
1.91354
0.449511
1.27316
1.29723
1.43458
0.334576
0.844977
0.797958
0.353687
1.09897
0.569872
1.57613
0.352955
0.0814552
1.18756
0.608639
2.47967
0.93477
1.21001
2.22067
0.660825
1.50601
0.54119
1.62897
1.7058
0.96667
1.25832
0.138529
1.36011
0.238173
1.94041
0.915939
0.478216
0.968936
1.65157
0.416842
1.14903
1.53312
0.545664
0.273692
0.967889
0.190536
1.11487
0.874843
2.35318
1.18494
0.557706
2.01788
1.09091
1.87956
0.846027
0.757959
0.626932
1.08295
0.797767
0.180199
0.342161
0.810641
1.76595
0.495044
1.20075
1.7799
0.774063
1.33769
0.941253
1.76883
0.87126
0.567435
0.496218
0.283658
0.652321
0.982022
0.614265
0.590711
0.0498679
0.344559
0.240647
0.867596
0.704974
0.548872
0.924586
1.76777
0.541138
1.70891
2.32847
0.533407
1.51669
0.407221
0.756981
0.270541
0.89627
0.95238
0.778263
0.546473
0.435253
2.18171
2.07787
0.548133
3.37264
0.646203
0.397826
2.30213
0.672647
0.935747
0.897933
0.542801
1.5673
1.77031
0.308672
0.942631
3.1717
0.234724
1.14235
0.587655
1.08959
0.851912
0.496169
0.893719
0.258474
1.10979
0.5159
0.911196
0.173609
1.15382
0.481221
0.542991
1.61234
0.473196
2.266
0.262762
2.14475
0.885969
0.367847
0.824472
0.404111
2.57918
0.562062
0.235252
1.05451
1.10525
0.988948
0.947427
1.13497
0.632766
0.479
1.77919
0.575383
0.484928
0.1773
3.06159
2.08287
1.59429
2.4647
1.7149
0.380453
1.02526
1.23165
0.311636
0.866684
1.90696
0.748699
0.407883
0.230579
1.30975
1.37711
1.92869
0.542738
0.512091
1.20372
0.86615
1.6121
1.19705
0.594013
0.976827
1.37873
0.269491
0.0203879
1.04788
0.538741
1.75676
1.18286
0.366865
0.108076
1.19841
0.37153
1.18456
0.860515
0.823034
1.41387
0.772577
3.38567
1.25709
2.49369
1.66437
1.81984
1.9699
0.756138
2.17805
0.591533
0.929084
0.424878
0.733332
0.97652
0.438734
0.56125
0.321807
1.02427
0.305369
0.69334
0.555097
0.599628
1.35043
0.826969
1.47715
1.09192
0.936177
1.1081
0.404621
2.41713
0.341099
1.36336
1.47215
2.46886
2.15744
0.632432
0.894194
0.323159
0.182824
0.661396
0.678242
0.282695
2.08095
1.01944
0.316477
0.27216
0.951364
0.248094
0.179234
1.15717
2.60006
0.385684
0.465601
1.81355
0.44223
0.394382
2.25332
1.68387
2.17025
0.140245
0.365728
1.02861
0.77132
1.28955
0.184147
0.996546
0.610062
0.694853
0.707466
1.85247
1.29497
2.52574
0.460628
0.956293
0.210624
0.677341
0.947594
1.10718
1.06574
1.46445
0.663469
0.935039
0.731489
2.45215
3.01029
1.06054
0.754356
2.22668
0.74395
0.520458
1.05925
1.92515
0.580247
0.661496
0.694034
2.18626
0.112982
0.182028
1.0339
1.38925
2.32294
0.422167
0.755445
0.570955
1.04984
0.531563
0.407555
1.3463
2.44434
1.42003
0.480863
1.98596
0.498286
0.0978235
1.8551
0.470475
0.774043
0.0577057
1.19924
0.128753
2.70583
1.73231
0.460006
0.530516
1.27115
0.0866417
0.616079
0.800259
2.01494
0.769126
0.955618
0.337623
2.26382
1.95792
1.41661
1.52443
1.48443
0.330945
2.01267
1.71447
1.74824
0.597471
0.39887
1.19464
0.573003
1.72194
2.38818
0.140694
0.856489
0.76299
0.249342
0.663174
0.389567
0.832555
0.291289
0.608214
0.540106
0.98815
0.654967
1.14935
0.893591
0.380222
0.314183
1.15734
1.09063
0.525417
0.151011
0.651921
1.40383
0.570484
0.832084
1.91346
0.554942
0.143528
0.386585
0.631953
0.279445
0.663617
0.222751
0.134672
0.521552
0.908047
0.886152
0.288109
0.805111
0.343301
0.876039
0.496697
1.49091
1.87222
0.892336
0.757566
0.678954
0.800662
0.133131
1.20894
0.498608
0.104784
1.89608
2.58841
0.514575
0.335738
0.404774
0.679825
0.960741
2.52422
0.576536
0.437488
0.823274
1.74015
0.960587
1.02732
2.69079
1.16572
0.844497
0.785275
1.01621
1.00902
1.39496
0.744458
0.394946
0.539544
0.619968
0.974456
1.03837
0.902387
0.490448
0.495456
1.90784
0.590978
0.833765
1.01354
0.150238
0.585312
1.46544
0.546739
1.38631
1.6461
1.33806
0.37337
0.567638
0.614722
3.63558
0.276038
0.0819478
0.694508
1.18162
0.491605
0.61896
1.98368
0.818441
0.715994
0.190626
0.707406
1.05341
1.53056
1.39687
0.828802
0.995945
1.32076
0.955572
0.31645
0.747808
0.445736
1.93388
0.326503
1.04474
0.848566
0.897137
0.674622
1.33716
0.409369
1.54339
3.23914
0.546078
1.49958
1.02935
0.809255
0.897168
0.382353
0.432968
1.24333
1.30394
4.37951
0.625186
0.41248
0.279554
0.259468
2.81847
0.341652
0.338065
0.344147
1.24441
0.627522
1.28229
1.21221
0.45282
0.682514
1.42732
0.369973
0.398698
0.425849
1.53171
0.760715
0.904728
1.99448
1.11061
0.134856
0.233376
0.438043
0.895865
0.990583
1.47698
3.57276
1.60096
0.211005
0.408122
2.31562
1.12009
0.767624
1.0608
0.990023
0.822779
1.44065
1.4884
0.85603
0.93761
0.587797
0.888351
1.45915
1.01739
1.85363
0.709113
1.44709
1.97822
1.1219
0.965372
0.607234
0.312336
0.190008
3.18686
0.583061
1.06468
0.698236
0.287174
0.433465
0.296077
0.595484
1.72836
1.97269
0.29646
0.28683
1.21369
0.430815
0.425654
0.724672
0.510995
0.385463
2.07524
0.419317
1.14716
0.174358
0.985467
0.842724
0.930855
1.42118
1.15809
1.35235
0.777925
0.694335
1.56367
0.97444
0.59161
1.13768
0.75687
0.408756
0.937147
1.6964
0.788935
0.645715
1.49109
1.02909
0.343818
0.504247
1.44067
0.696522
1.29601
1.03695
1.19891
0.433609
0.674768
0.157234
0.46042
1.60556
0.420987
0.641546
0.178124
0.792132
1.01219
0.896399
1.99077
0.834622
3.66837
1.9991
0.442931
0.538478
1.11035
2.8587
0.250918
3.59031
0.265891
1.28162
0.401394
1.01384
0.922758
0.334321
0.465668
1.17174
0.32128
0.384426
0.410849
0.083317
0.649634
0.652129
0.0733943
0.664356
2.3677
1.24883
2.31978
2.24326
0.955718
0.715197
1.15228
1.46587
2.18517
2.03935
1.31668
0.733276
2.81692
0.97591
1.06489
0.287035
2.37614
0.729892
1.28391
0.672751
0.471254
1.78865
1.604
0.681577
0.421496
1.23904
1.49507
0.0949895
0.47116
2.83654
1.29147
1.52162
0.510052
0.308153
2.91632
0.266328
0.780815
0.880203
1.48759
3.50056
1.23021
0.887989
0.794266
1.48196
1.07066
0.447303
1.52505
0.701847
0.0978413
0.682429
0.485944
0.663534
2.32877
1.63679
2.94343
0.44898
0.824645
0.322103
2.28408
0.467208
0.18523
0.54096
0.699966
0.333177
0.554777
2.31089
0.560516
2.26171
0.32726
2.81129
1.03552
2.2111
2.10802
0.502603
0.142481
1.04693
0.502757
2.26699
1.92326
0.832967
1.57647
0.372434
0.675125
0.658478
2.2161
1.12755
2.55357
0.0936361
1.06245
0.562328
0.502457
0.46373
0.701292
0.216684
0.0379676
0.221219
1.70305
0.223321
0.381643
0.188594
1.60749
4.32271
0.498462
1.45141
1.12501
0.194285
1.7218
1.6969
3.0281
0.945258
0.924713
0.683181
0.508152
0.23752
1.22398
1.39071
1.08278
0.784493
0.0869881
2.40695
1.96159
1.49971
0.587353
0.021399
0.409056
0.227585
4.44189
0.383074
2.47095
4.33585
1.38346
1.62513
0.572657
0.938659
0.385851
0.939514
0.688348
0.758508
0.323451
0.51506
1.99717
0.235107
0.331159
0.270313
1.99422
1.51218
0.415008
3.25586
0.856242
1.24688
1.47265
0.461823
1.8467
0.44947
0.657087
0.499195
0.446504
0.556502
0.0870296
1.64425
0.925401
1.46237
1.77838
0.489833
0.444127
0.73415
1.33146
2.85612
0.915297
3.092
0.596227
1.0048
2.24758
0.288248
0.840666
0.701715
2.11708
1.32745
0.822852
2.71782
1.87787
0.592371
1.02886
0.293907
0.636517
2.91135
1.19672
0.48416
1.52618
0.58013
1.82276
2.42493
1.27884
1.78464
2.25837
2.54514
0.973096
0.457881
0.286457
0.266251
1.32962
0.746375
0.904064
3.03656
1.0672
0.26489
0.54543
1.87722
0.424358
0.859018
0.858982
2.44155
0.152609
0.932966
1.95855
1.49755
0.562761
1.19027
0.773604
1.23941
0.928347
0.910617
0.91016
0.588346
1.05739
0.694995
3.24014
1.02388
0.514795
0.362456
0.154157
0.0839999
0.767473
0.463704
0.676661
0.407465
1.24559
1.84042
1.57597
1.66171
1.08964
0.274906
1.97066
0.885566
0.543375
0.68879
0.459783
1.14657
0.935605
2.36933
0.882195
1.53497
1.20074
2.50837
1.91314
0.696981
1.98172
1.45723
0.740902
0.855841
0.967619
0.635316
1.42861
0.935997
0.261312
0.42387
0.814752
0.992611
2.15637
1.44543
0.427314
1.45116
0.894067
0.517433
0.231202
0.269416
1.00171
0.880068
0.626625
0.915725
0.630894
0.352488
0.87379
1.0538
0.807221
0.548033
0.965718
2.82625
0.0649255
0.699408
0.353326
0.335526
0.694348
0.855241
2.01032
0.567839
0.298218
1.63138
1.17749
0.197968
0.62619
0.583792
0.391356
2.20294
1.00197
0.588943
3.0236
1.58371
1.76585
1.78462
1.77267
1.02481
0.758339
0.363186
1.58337
0.468119
0.199604
2.0626
1.7429
1.58401
1.52527
0.362408
0.47075
0.188911
0.258514
0.463664
0.345468
1.97211
0.868535
1.42582
0.124049
0.488624
2.76378
0.42403
0.896226
1.20447
0.566269
0.290162
1.81582
0.427946
0.138049
0.814091
0.549397
0.664847
1.79763
0.892268
0.0735058
0.89357
1.61237
0.585388
0.307802
0.124788
1.48059
2.08172
1.03288
0.430608
0.881647
1.14976
0.15114
3.35248
1.02365
0.129181
0.648797
0.180214
0.61701
1.90011
1.86654
0.821255
2.3989
0.720872
0.541227
0.186634
0.917538
0.759392
0.496001
1.91007
0.903879
0.513508
0.401266
0.22466
0.729261
0.756286
0.934326
0.61759
1.49547
0.911717
0.670409
0.740574
0.83294
1.10997
2.03768
3.55878
1.18368
0.268139
0.16317
1.00182
1.63229
0.270326
0.67908
0.636709
2.1406
0.941254
0.564859
1.32317
1.41029
1.8706
0.348716
0.331922
1.39306
0.306021
0.899018
1.71502
1.75333
0.315266
2.03547
0.801284
1.84415
0.361192
1.20409
1.24464
1.57159
1.43671
0.4268
0.935573
0.621378
0.777697
2.53344
0.334342
0.295111
0.760249
0.708792
0.439984
0.207877
0.132881
1.58159
0.232244
0.569343
0.589167
1.0736
1.62686
1.32274
1.93839
1.24581
0.295894
0.653543
1.51703
0.344658
0.735798
0.550754
1.8135
0.715278
1.57759
0.267542
0.899938
1.18297
0.244686
0.805701
0.844429
0.476247
1.35855
1.97943
0.678109
0.074268
0.698605
0.367873
1.93554
0.257532
1.36249
0.993428
1.62721
2.11328
0.943529
0.326119
0.955471
0.280708
1.56501
0.565793
1.05931
0.0298153
0.651112
0.57979
1.51455
1.24366
1.12407
0.586439
1.50277
1.38586
0.561139
0.699697
1.26699
1.20634
0.507661
2.23083
0.313103
0.463062
1.75634
0.501226
1.09962
1.90286
1.33719
1.03233
2.81397
0.705323
1.30533
0.14056
0.964748
0.956814
1.05523
0.80306
0.998416
3.2055
3.40965
0.816656
0.196106
0.358981
0.652769
0.513966
0.368024
0.447272
0.870017
1.04112
0.935303
1.50744
0.42953
1.20537
0.374005
0.556466
0.798961
0.563558
0.426216
0.683392
0.82748
0.701954
2.1825
0.236033
0.533917
0.708674
0.107406
1.18582
0.523335
0.564185
4.4328
1.00698
2.03129
0.776897
1.32303
1.11261
0.851287
0.187606
3.07879
0.411951
2.91712
1.99172
0.62971
0.223836
0.617814
2.33538
0.800506
0.865487
2.3397
0.97792
0.537366
0.534508
1.42126
1.65863
0.232673
0.272907
1.26684
0.468836
1.15274
0.481199
1.20496
1.10514
0.389346
0.273011
1.04101
2.0634
0.649266
1.9669
0.183881
0.527024
0.71353
0.551942
1.46488
2.90802
0.707408
1.17395
0.655695
0.796481
1.13549
0.326288
1.40796
0.343565
1.2613
0.858406
0.732852
0.226422
0.0664949
0.448906
1.15302
0.12763
2.00411
0.330647
0.316751
0.703512
1.32913
0.0925492
0.213833
0.804107
0.730966
1.48208
1.1714
0.714188
0.748218
2.34462
0.203505
0.406047
1.73495
0.657598
0.494134
0.41817
0.740401
0.921972
0.285368
0.351489
1.07245
1.07935
0.13924
0.2167
1.40416
0.345562
0.792002
0.270944
1.82386
0.391887
0.509464
0.430545
1.76285
1.29981
0.745855
2.61053
1.94927
3.76839
1.70178
0.755045
1.25693
1.45363
0.768428
1.33667
0.514037
0.37482
1.17694
0.979731
0.114189
2.04153
2.44547
1.21275
0.382675
0.176621
1.24374
0.56628
1.97482
0.219218
0.909221
1.11092
1.93933
0.433316
0.0895402
2.2141
0.783569
1.18866
1.31268
0.557757
1.97445
1.25099
2.13738
0.928972
0.462049
1.9247
0.599377
0.358191
1.43357
0.405854
2.27516
2.17619
0.118062
0.298841
0.228331
1.2155
1.09492
0.764737
0.664636
0.327616
2.03621
1.63032
0.504768
0.851042
1.37688
0.234669
1.06966
2.29745
1.13461
0.717087
0.729013
0.446724
0.232842
0.672414
0.536365
0.951803
0.31656
0.448642
0.312622
0.794575
1.51107
0.698022
1.63539
1.94988
0.387307
0.796127
0.595413
0.205333
1.8188
0.8703
0.283706
0.206337
0.0833456
1.92249
1.5126
0.716186
0.442607
2.36221
0.76925
1.54933
1.95543
2.60984
0.176105
0.884863
0.30353
1.37709
0.553168
1.66865
0.78328
2.10141
0.707405
1.62037
0.368301
0.734406
0.233364
1.39032
0.871676
0.152034
0.54137
0.544507
0.649574
1.30243
1.19888
0.824728
2.17722
0.71784
1.26731
1.00997
1.92646
1.48355
0.460647
0.672878
1.27081
0.684239
1.92294
1.21465
1.51183
0.297343
1.5861
0.65563
0.307838
0.237723
1.65907
0.401379
1.19443
0.402856
0.682574
1.63811
0.868006
0.537855
1.53227
0.413381
1.21301
0.426801
1.83388
0.463002
0.432847
0.915812
0.830103
0.991495
0.701118
0.934518
0.352085
1.31826
0.349603
0.281971
0.914548
1.95941
2.05962
1.11464
0.926058
0.606353
1.66714
0.517385
0.567911
0.491519
0.434788
0.591332
0.459171
1.15403
1.08143
1.7865
0.713535
1.44009
0.627001
0.276037
0.26717
1.13532
0.510517
1.83342
0.594743
0.318926
0.656468
1.44671
0.36072
0.965659
0.155757
0.700547
0.467089
1.1701
0.336666
0.787714
0.262813
0.299587
1.2195
0.736601
0.838992
0.805122
1.26999
0.177593
1.27495
0.835294
1.16369
0.109347
1.02781
1.77774
0.458607
0.979325
0.10953
1.31784
0.72976
0.503672
0.895105
0.402211
0.185432
0.842178
0.0734004
3.04951
0.716217
0.540266
3.14332
0.753061
0.661117
1.90016
1.5228
0.635989
1.21346
0.49687
0.442419
2.20175
0.629926
1.12769
0.697695
1.88819
0.63234
0.451429
0.723127
1.63817
0.673726
0.689283
0.684921
0.308148
0.300593
1.72195
1.26248
1.41229
0.949949
1.00695
1.56602
1.6271
0.893324
3.16138
0.436096
0.39701
0.421418
0.86102
0.432734
0.667722
1.0138
1.23699
1.05539
0.554269
0.386677
0.86335
1.34851
0.161635
0.910161
1.08346
0.667701
0.6907
0.557386
2.10443
0.407813
0.145543
1.46493
0.362545
0.608155
0.817608
1.58363
0.368194
0.57122
0.894087
0.176599
0.749768
1.33828
0.169764
0.505609
0.294526
0.773545
1.57051
0.323774
1.48575
1.33765
0.637076
1.18443
0.437682
1.40742
1.18466
0.188443
0.340779
2.60642
0.369756
1.15594
0.942115
1.13569
1.27178
0.562281
0.811585
0.838643
0.212093
0.51137
1.22167
0.422552
1.70249
0.937733
0.278496
1.44238
0.650986
0.724813
0.0949478
0.467348
0.666951
1.61475
0.256646
0.598559
0.304948
0.277809
0.63864
0.451914
0.7433
0.66566
1.55681
1.99057
0.923328
0.162139
0.833626
0.527685
1.31363
2.36054
0.0923746
0.643584
0.848092
0.927617
0.875553
0.643598
1.95682
0.642773
1.59497
2.35327
1.22408
0.109565
0.725465
1.11418
1.38232
0.276864
0.882995
1.75269
0.582174
0.270739
0.660231
0.62896
1.49613
1.22639
0.155713
1.19402
1.79765
1.71411
0.614806
2.50521
1.43547
1.24991
0.834488
0.888156
0.55112
0.989172
3.57497
0.903936
0.21007
0.0738082
0.672745
0.427833
0.378537
0.494119
0.410988
1.26411
2.23816
0.744694
0.6797
1.53517
2.0139
1.19471
0.821202
1.59076
0.812074
1.00148
1.87617
1.52028
0.467625
0.559498
0.252636
1.62429
0.26134
2.62005
0.985117
0.780171
0.468408
1.75676
0.29948
0.76692
0.201508
1.47257
0.35685
1.13699
0.307977
1.45802
1.50366
1.35166
0.553149
1.81863
0.34025
0.562229
0.800007
0.576867
0.660116
1.84498
1.64598
1.25811
1.44066
0.73193
0.380946
1.50057
0.718561
0.44721
0.422191
1.8765
0.389756
0.58369
1.16239
0.926122
0.176508
0.985957
0.372189
1.69403
0.590863
1.07299
2.05404
0.970344
0.467038
0.827084
1.674
1.12584
0.344761
0.10956
0.618533
0.843296
0.751243
0.330273
0.903681
0.752058
1.7243
1.10369
1.56756
2.12585
4.15032
1.24163
0.806008
1.22464
0.610825
0.374202
0.0870839
0.307151
0.190343
0.561353
0.819185
1.55398
0.711187
0.195667
0.959198
0.513266
1.91786
1.02263
1.67938
0.742251
1.35879
0.471126
1.67145
0.509774
1.05087
1.26492
0.481017
0.159708
1.91914
0.377199
0.72201
0.31417
0.892811
0.755142
1.15302
0.935913
1.56895
0.834667
0.565546
0.817659
1.06367
0.407293
0.120263
0.0702384
1.6176
0.749938
1.51572
0.538089
0.347989
1.54425
0.215677
0.562521
0.822026
0.194728
1.15721
0.33897
0.460873
0.887801
1.66933
0.609083
0.533922
2.56016
0.666846
0.469587
0.860505
1.47603
0.447503
0.330717
1.09867
0.887483
0.983531
1.34221
1.57066
1.54959
0.631385
2.97583
1.18377
0.342012
0.338935
0.269951
1.54117
1.77995
0.486057
1.48091
3.96252
1.51783
0.194861
2.00023
2.1673
0.58377
1.02726
0.249705
3.59162
0.403842
0.659234
0.810333
2.47386
0.376084
0.971648
1.81149
0.359586
0.93836
1.66846
0.648207
0.738
1.46242
0.668339
0.713927
2.16754
1.6077
0.911112
0.307218
1.31625
0.227595
0.964226
0.248367
0.870364
1.1173
1.40032
2.13916
2.92006
0.564974
0.401516
0.714174
1.38353
2.79209
0.524447
2.36635
0.598296
0.588958
0.413824
0.458015
0.607755
0.805012
0.882127
0.506491
0.385423
0.201827
0.34064
0.531321
0.152038
1.23696
0.738762
0.466347
1.04388
0.256844
0.52105
0.652654
0.955019
1.69101
1.15927
0.228349
1.30259
0.754466
0.563704
2.41395
1.37497
0.533231
0.521151
1.7142
0.342573
0.767245
1.56359
0.130882
1.2084
1.78046
0.247151
0.617488
0.536123
0.583341
0.884441
1.61629
1.18298
0.335359
2.61373
1.99553
1.47803
0.323517
0.308719
1.37596
1.46007
0.537272
1.28541
0.936194
0.251326
0.501689
0.530815
1.63162
1.98694
0.865046
0.819104
1.94648
1.30507
0.647233
1.38789
3.45057
0.484533
1.13014
1.35587
0.402003
0.791894
0.229771
1.39715
0.976635
0.883701
0.561622
0.621125
0.174426
0.178229
1.49183
0.468586
1.26627
2.18329
0.483703
1.42712
1.45063
0.220546
0.912374
1.96497
1.14277
0.89619
0.701174
0.344344
0.886877
0.791311
0.593699
0.830646
0.33509
0.815108
0.740482
0.88312
0.783543
0.751123
1.28374
1.20388
1.04597
0.408595
0.221555
1.137
0.986799
0.586585
1.14317
1.28275
0.170391
1.14698
0.197251
0.970552
0.230316
0.715631
0.092769
1.23027
0.744431
0.914316
0.52931
0.410593
1.69717
1.09669
0.869378
1.86437
0.965246
0.838016
2.20813
0.306755
2.91985
1.68176
2.47391
1.27986
0.236705
1.33436
0.789615
0.446409
0.0376127
1.22502
0.820831
3.05593
0.612871
0.332811
0.253297
0.339732
1.06362
1.02292
1.26484
2.27829
0.658799
0.107647
1.14294
0.604193
0.599149
0.387354
0.479291
1.18812
0.819268
1.13936
1.65294
0.180738
0.438083
0.65689
0.878639
0.483818
0.567567
0.640974
2.36911
0.575914
0.609629
1.17307
1.23249
0.218834
0.287032
1.22497
1.02467
0.783883
0.259997
0.234589
0.282007
0.693866
0.357789
0.664285
2.12226
1.18442
0.480764
0.833552
1.28169
0.505906
0.605328
1.53868
1.53691
0.953686
1.90954
0.772386
0.854456
0.733925
2.86265
0.438054
0.183305
1.65319
1.10542
2.45819
1.00899
0.0686463
0.211014
0.70799
1.49392
1.12256
0.366068
1.25644
0.587362
1.99567
0.928801
1.39718
1.6265
0.532682
1.45926
0.747767
1.91506
0.527405
1.26125
0.50134
0.536917
0.529247
0.317521
0.322564
0.41546
1.31742
0.258841
0.336127
1.37429
0.369231
0.401252
0.980082
0.507127
1.09165
1.0553
0.209222
1.02042
1.08549
1.33636
1.1818
0.597216
2.02729
0.600835
0.433751
0.478227
0.505286
1.15027
0.373124
0.262554
0.489818
0.335287
1.21013
1.24209
1.33809
1.06013
0.57797
2.56865
0.404365
0.489516
1.82316
0.277457
0.523857
1.79616
0.766812
0.418105
0.823987
0.466129
1.02054
1.56708
0.602088
0.677412
1.03602
2.18856
1.23916
1.03104
0.711453
1.54608
1.478
1.13985
0.101268
0.665176
0.918442
0.954189
0.899347
0.438492
0.578541
0.671654
0.764287
0.827769
1.64596
1.89275
0.775981
2.12634
1.03047
2.12992
1.033
0.689719
0.741505
1.21281
4.16051
1.38097
1.37054
0.324418
0.371273
2.23495
1.1716
0.225219
1.54111
0.394318
1.07529
1.14557
0.776878
1.16772
0.0833417
1.67737
1.31454
0.38339
0.805604
0.789789
1.55723
0.1728
0.878163
0.470429
0.839204
0.523657
0.387413
0.294798
0.804051
0.540536
0.340983
0.430209
0.0558357
1.11578
0.672938
0.638398
0.39786
1.64127
0.0867697
1.92179
0.149491
0.872556
1.50988
0.615069
1.00436
0.215782
1.53415
0.68602
0.408064
0.500865
1.1237
1.6337
1.00225
1.06139
0.510945
0.823636
0.861121
3.96888
0.750146
0.402145
1.31631
1.88226
2.48023
0.166676
0.787595
0.528335
1.93679
0.380377
0.994812
0.90666
0.603525
3.72696
0.255611
3.31253
0.206175
0.62084
0.343091
0.123047
1.43164
0.294703
1.26453
0.963958
0.295778
0.838227
0.721378
1.64221
0.359996
0.246569
0.66399
0.587782
0.894519
1.5119
0.535477
1.58269
0.990433
0.706871
0.14568
0.704035
2.11777
0.633118
0.149872
1.00431
1.09273
6.41436
1.49517
0.439649
2.42089
1.05769
0.934711
1.99853
0.647877
1.84211
1.12634
0.136799
0.937343
0.399834
0.806264
0.0644099
0.767005
0.374299
0.0609137
0.579115
2.17601
1.05989
0.557038
1.13053
0.584457
1.18011
0.735501
0.455045
1.23957
2.67469
0.302725
1.0377
1.36141
1.17047
0.584268
0.17921
1.16311
1.08392
2.43198
1.71871
1.21653
1.16586
2.35712
1.32097
0.667972
1.67085
0.0700709
0.198002
0.19286
1.00001
1.29695
1.37832
2.54551
0.417563
0.448005
0.480539
1.48339
0.819274
0.413253
0.776361
0.526732
2.29585
1.5037
0.720002
1.41225
0.363826
1.40941
1.65371
0.973094
1.27847
0.109661
0.689375
0.107658
0.909776
0.761357
0.699375
0.567934
0.252772
0.478566
0.76366
0.674598
0.697748
0.407932
1.31749
2.71626
0.698601
1.69765
0.945416
3.80853
0.392422
0.265733
0.532534
0.216356
1.06461
1.1944
0.479673
1.21356
1.04952
1.59787
1.22483
0.0970336
0.337488
0.746218
0.221742
0.314066
0.916911
0.407056
1.26884
1.08419
0.894875
0.435726
0.152153
1.52968
1.19797
0.161089
0.539311
0.443645
0.0578904
0.456655
1.51427
1.09888
0.549658
1.408
0.93
0.554841
0.42491
1.27139
2.49341
0.902651
0.866285
1.90424
0.890176
0.982771
1.06013
0.524125
1.60395
2.80808
1.21465
1.12205
0.663578
1.74951
0.323872
0.129103
0.283544
0.382202
1.21905
1.25445
0.477499
2.00661
0.696645
0.867738
0.427775
0.150179
1.02357
1.03574
1.19971
0.895752
0.531796
1.52973
1.84881
0.682155
0.596176
0.398732
0.37539
1.73415
0.539551
0.73371
0.620943
0.399986
0.484127
1.24589
1.0946
0.428231
0.368334
0.309076
1.1819
0.176435
0.813648
0.346303
0.381982
0.206604
1.75026
0.473458
1.17567
0.521235
1.82426
3.10225
1.48235
1.9524
0.664911
0.476892
0.424541
2.71627
0.869726
0.860324
0.707737
0.631279
0.640637
0.301747
1.21401
0.212744
0.252223
0.647888
2.2375
0.593996
0.552199
1.14949
0.173346
0.840756
1.30188
2.11486
0.331095
0.465809
0.86194
1.65104
0.17848
0.42403
0.0996819
0.351783
1.53816
0.348481
1.06371
0.174107
1.0996
0.163304
2.05434
0.267975
1.2861
0.573667
0.412099
0.644734
1.48919
2.63592
1.75199
0.854897
1.02749
0.616902
1.27259
0.383597
1.5695
0.489283
0.59433
0.730045
1.57001
0.38513
1.32915
1.23044
1.1267
0.490014
0.147052
0.853641
0.650073
1.54391
0.687637
1.01117
0.709079
1.88569
0.54
1.36479
0.897063
1.33386
2.63114
0.166634
1.23654
0.155811
1.05989
0.0667444
0.763062
2.05644
0.529878
1.44521
0.582057
1.84913
0.75901
0.657763
0.0150058
0.655619
0.47046
0.184743
0.898828
3.1215
0.620027
0.243082
0.844482
0.717687
0.328325
2.96208
0.379289
0.150045
1.25563
2.27529
0.730702
1.18783
1.27852
1.29058
0.313477
1.88715
0.649547
0.99554
1.67081
0.400446
0.146551
1.94789
2.49196
2.13041
0.674123
0.123365
0.555087
1.29554
1.72143
2.48688
1.21238
0.405825
0.0684083
0.771305
0.434952
1.46342
0.557921
0.835771
1.42025
0.851272
0.543419
0.607098
0.65227
0.270731
1.56658
1.24882
0.644681
1.32327
1.16474
1.32221
1.99309
0.664071
1.17308
0.15771
2.03136
4.03857
0.800446
1.57551
0.655607
0.218146
3.27045
1.15483
0.330604
0.973251
1.05516
2.14146
1.35165
1.42974
1.02792
0.140439
0.398664
0.305673
0.678153
3.78767
0.377437
2.02652
0.437413
0.30594
0.245565
1.05349
1.78572
1.69845
0.919979
0.372142
0.952558
1.90902
1.06909
0.564873
0.444682
0.654675
1.96697
0.0682905
1.76095
0.24965
1.86053
0.419866
0.417345
0.320451
0.713287
1.41408
0.410847
0.12501
0.389694
0.453543
1.92431
1.1859
0.371464
0.403034
1.62745
1.39654
0.52871
1.58368
0.24801
0.829692
2.27003
1.72494
0.541042
1.79901
0.855658
0.173294
0.811415
0.33978
3.00774
0.348124
0.684544
0.95714
0.803931
0.336757
1.75825
2.97868
1.26666
0.456359
0.616726
0.962152
0.228146
0.724684
1.56032
3.15982
0.721121
0.804474
1.42439
1.17438
0.597841
0.569377
0.524527
0.588702
1.07912
0.67046
0.803177
0.493788
0.92126
2.273
0.295543
0.322918
0.572201
0.114086
1.12303
0.760419
0.62228
0.363699
0.316911
1.99811
0.0622517
0.264161
1.53842
1.34418
1.58801
4.39719
0.285289
0.67846
1.78588
1.64505
0.435487
2.39621
0.714411
1.56382
4.25501
1.18613
0.172222
0.19583
0.23635
0.367407
0.529551
1.05221
0.514817
2.07079
0.53486
0.903439
0.60815
0.823916
0.124577
0.795635
1.81544
1.07126
0.523839
1.56183
2.51088
1.03255
0.643004
0.561643
0.260859
1.41504
0.406026
0.657335
0.864813
0.962839
0.587768
0.303398
0.896036
0.983434
0.0781564
1.29787
1.36133
0.608191
0.325188
3.12747
0.258207
1.02516
1.58089
0.510056
0.397719
2.17886
0.559239
0.656326
0.137152
2.34346
3.55216
0.87812
0.57284
2.7175
0.568375
0.501037
0.260197
1.46739
0.621852
0.415299
2.62576
3.50656
0.393187
0.147371
1.91865
0.355432
1.11549
0.529935
1.77168
0.336178
1.42788
0.494588
1.22146
1.2077
1.78343
0.32334
0.590182
1.21292
0.359954
1.20443
1.58642
0.675491
2.56765
0.658012
0.840615
0.525566
1.61411
0.577001
1.96156
0.914753
0.412872
1.56968
1.04345
0.797342
0.665184
0.613214
0.737981
0.117898
0.867167
1.60459
1.90319
0.63146
0.694181
0.832282
0.196177
0.978405
1.11927
0.631548
0.264042
0.925686
0.798339
0.787231
0.596376
1.76578
2.30644
1.38892
0.102574
1.48123
2.30381
0.497351
0.142083
0.547087
1.34523
1.27645
1.46294
2.15662
0.670299
1.43639
2.11748
0.0931865
0.608744
1.11791
0.63341
1.01805
1.70883
1.35362
0.399733
2.15919
1.49925
1.71747
0.62452
0.475662
3.0278
2.23772
1.68872
2.91998
0.342593
0.0817421
1.91279
0.165213
0.544482
0.29599
1.04452
1.81139
0.380206
0.403324
0.682676
1.16539
0.580313
0.311431
0.788525
0.366032
1.25794
1.11241
0.470505
0.187918
0.736739
1.85219
0.832978
1.15746
0.717968
1.68538
0.243745
1.9586
0.362232
0.841827
0.900471
0.613065
0.960106
1.51727
0.662546
0.140977
0.509827
3.10649
0.664017
1.13802
0.666304
1.16838
0.924752
0.285444
0.905357
0.78654
0.375038
0.522593
0.275989
2.63897
2.45632
1.7624
2.00478
0.637524
0.150295
1.51395
0.567794
1.66665
0.31125
1.26176
0.646957
1.73955
0.199453
0.817963
0.556558
0.342626
2.24032
2.07153
0.305892
1.60042
0.846799
0.642193
0.546731
1.01731
3.00157
0.504281
0.321203
0.250082
0.973177
1.12205
0.597955
0.904026
0.520799
1.08908
1.28296
0.729915
0.7929
0.370621
0.672791
0.683251
1.83693
1.64933
1.53213
0.577155
0.608647
0.0587288
1.93899
0.812118
0.148751
0.221931
0.727969
1.08719
0.207756
1.98491
3.37455
0.231312
0.732991
1.13892
0.071366
0.637488
1.26698
0.927543
0.835687
1.3488
0.631214
1.71084
1.92602
0.492414
0.753708
1.20297
0.845228
2.39229
3.2027
1.59997
0.728454
0.744696
1.62905
1.54892
0.50714
0.892178
1.22525
1.00661
1.67532
0.380598
1.13176
0.298833
1.09195
0.260247
0.921466
1.3874
2.33788
0.908557
0.760744
1.34407
0.952361
2.13132
1.63394
0.487613
0.825175
0.33366
1.15258
0.270639
1.06515
1.39938
1.2125
1.52103
2.22986
2.02981
0.860678
0.789557
0.144382
0.321482
0.344654
1.73142
0.705418
1.18046
0.365387
0.686346
0.0664659
0.236586
0.271347
0.508647
0.934223
0.491222
0.108893
4.08204
0.24664
0.729936
0.423665
1.16441
1.93033
1.20941
1.23704
1.34542
1.2433
1.47268
0.322771
0.223928
1.05695
0.682095
0.453307
1.75125
0.62059
1.0875
1.69688
0.598553
0.624638
1.32889
1.43473
1.72719
0.912115
0.561562
0.413851
0.939003
0.618109
1.24993
0.507327
1.50555
0.457696
0.420391
0.519049
2.52749
1.27854
1.69141
2.68808
2.05104
0.449259
2.02457
4.18331
3.50143
0.136897
1.27952
0.22133
1.10879
0.408187
1.52616
1.38127
0.538049
1.31374
0.187273
1.11537
1.31952
0.736927
0.901272
0.105966
1.25387
1.03266
1.02095
0.452211
3.26975
0.230421
2.32463
0.683716
0.240351
0.933095
1.17339
1.07944
0.954947
1.32257
1.44904
1.04495
0.509442
2.41508
2.36576
0.692676
2.16804
0.886858
0.715353
1.06556
0.254809
1.32357
1.843
0.753135
0.801049
0.302306
3.92002
1.54577
1.76892
0.262994
0.289194
2.10541
2.03934
1.95377
1.66549
1.90027
1.42444
0.941447
1.35793
1.82508
0.793188
1.24114
0.981244
0.60089
0.94303
0.95535
0.522283
0.182357
0.930115
1.08901
0.0300782
1.66426
2.52835
0.891615
0.838504
0.69595
1.06935
1.18343
0.577393
0.200002
0.610513
2.36146
0.92683
1.87675
0.898001
0.607489
2.12799
0.904154
1.80866
0.882324
0.162125
1.55337
0.0674375
0.703159
0.814259
1.65752
1.84703
1.16054
0.398356
0.152254
1.41361
0.634389
1.29253
1.0705
0.571436
0.707803
1.96464
1.08596
0.0776916
1.85874
0.210599
0.177469
1.46084
0.0901528
0.701804
0.634438
0.403273
0.65225
1.56608
0.881833
0.634823
0.214381
2.12187
1.50962
0.154972
0.485888
0.820782
1.16833
2.16453
1.02154
0.60448
1.79206
1.84184
0.0804993
1.11428
0.519939
1.85048
0.689945
0.369465
1.51109
0.874758
0.227653
1.0546
1.04471
0.365814
1.04847
0.627508
0.533466
0.349958
1.19807
0.774188
0.214355
0.310297
1.17243
0.427986
1.7328
0.247497
0.898803
0.253591
0.100083
0.611348
1.59497
0.661153
0.480781
0.902716
0.190112
0.612429
0.835902
0.535791
0.855498
1.93119
0.388319
1.34095
0.56821
1.44927
0.161211
2.0465
0.337671
1.25236
0.542503
0.220947
0.565432
0.290362
0.467779
0.1131
1.00039
0.680016
0.411451
0.488775
0.688619
0.180694
1.23784
0.588255
0.789467
0.764301
0.999491
3.32238
0.667462
0.596861
0.670525
0.853889
0.166773
0.384545
0.639549
0.0966438
0.698131
0.222848
1.58718
0.796058
1.16102
0.225691
0.543624
1.28422
0.913216
0.915551
1.70922
0.403795
1.24837
0.121653
1.79785
3.45454
0.393534
1.59315
0.771941
0.137207
0.564484
0.549442
0.4505
1.2566
0.758375
1.68538
2.38042
0.732573
1.69102
0.575323
0.655701
1.81772
0.901681
1.04399
1.16761
1.1189
0.428334
1.54806
0.685866
0.936759
2.97422
0.597124
0.500778
1.12546
0.467104
0.407228
2.57644
1.25533
0.577251
1.13671
2.43425
0.190906
0.431655
0.383071
1.04413
0.630342
0.690305
0.150548
2.01856
0.693325
1.22154
1.04964
0.563131
0.958127
1.79272
0.323315
0.400921
1.36099
0.328172
2.50276
0.327287
0.863453
1.24335
0.0444347
1.23283
0.0882957
1.15278
0.795018
1.8612
0.459984
0.506781
0.34539
1.24915
0.803101
0.271624
3.34992
2.31302
0.760188
0.483588
0.383944
0.479177
1.25226
2.62862
0.946016
1.34533
0.082193
0.627136
2.01706
2.32257
0.488014
0.758202
0.0380262
2.1509
0.285229
0.414149
0.22204
0.683046
0.598446
2.85448
0.458046
0.33114
0.828534
0.689322
1.06016
0.151141
0.0867548
1.07644
0.288812
0.277899
0.951904
1.24507
0.393368
0.695533
0.43133
0.525359
1.07062
0.669396
1.46731
0.914543
0.846502
0.527506
0.529901
0.218799
0.789713
0.206435
0.198102
1.14851
0.632335
0.669981
0.537434
1.08887
1.24931
2.89551
0.372642
0.324526
3.0021
2.52634
1.03227
0.974801
0.540401
2.76687
0.516584
1.14442
0.902695
0.830152
0.405197
0.591077
0.542226
1.34731
1.82511
1.14493
0.986165
0.512161
0.161673
0.451929
0.252327
1.63196
0.958502
0.256664
2.54731
1.47067
0.914171
1.3237
1.66219
1.44603
0.449743
1.29324
0.142116
0.0799858
1.17966
3.21424
0.558847
0.943647
1.31874
1.05047
0.194616
2.13615
0.300247
0.419325
1.12147
1.2916
0.929992
0.495314
0.85781
0.198523
3.04097
1.68259
1.87379
0.251109
1.3581
1.08203
1.82704
1.2584
2.84679
1.10858
1.85195
0.198722
2.02326
0.0117232
2.46899
0.297994
0.976113
0.253013
0.803164
2.19959
0.313445
0.558403
0.870882
0.664424
0.504033
1.87239
1.74299
0.787347
0.778465
2.11225
0.981297
1.91165
1.90302
1.39561
0.255674
0.526859
0.572386
0.905425
0.447437
3.03544
0.41292
0.976392
3.20415
1.7238
2.5368
0.3906
1.43232
0.671208
0.699271
1.29916
0.849719
1.35634
2.10337
1.41468
1.72716
0.763939
0.0991296
0.820799
1.04612
0.72643
3.79261
0.810871
0.818747
1.21652
0.574553
1.51617
1.25801
0.744529
0.179189
0.574689
1.41019
0.806887
0.50423
0.80996
0.286543
0.892976
2.20615
2.6196
1.22956
0.297536
1.4361
1.15619
2.35191
1.1174
1.28062
1.88611
2.82804
0.994462
0.833733
1.69562
1.43858
1.3472
0.660952
0.924548
1.48228
2.4972
1.73498
3.76827
1.05937
1.18465
1.17105
1.90647
1.02075
0.758521
1.42265
0.667761
0.396244
0.75455
0.184532
0.626178
1.42244
1.43253
0.736336
1.78501
0.896747
0.48378
2.57696
0.99273
0.921771
0.600434
0.573625
1.01851
1.22293
1.45139
0.531744
1.33645
0.865382
2.48316
1.52576
0.440784
0.714255
1.11663
1.61379
1.24594
0.379707
0.804383
2.24804
2.21794
1.01548
1.86494
0.93518
0.948591
0.0329968
0.945152
0.59072
1.17733
0.538503
0.523258
0.977094
0.312593
1.20146
2.17163
0.833485
2.26467
0.926091
1.27586
0.513493
0.558769
2.45574
1.08251
0.717367
0.967309
0.471591
1.57042
1.28972
0.579261
2.07497
0.778094
2.5503
2.91665
0.234435
0.775108
1.14989
0.239168
0.259121
1.11389
0.486093
1.73789
3.12548
2.26807
1.18478
0.447475
1.21727
0.665904
1.21184
1.3588
0.856651
1.14392
0.354663
0.446626
0.169165
0.746946
3.28135
2.79081
0.12641
0.481452
0.667387
1.71666
2.14018
0.982005
0.361058
0.602152
1.72252
1.87329
0.927821
1.16267
0.308842
1.046
1.44339
0.695684
0.507284
1.72856
0.26545
0.668207
0.689946
0.931933
1.07382
1.34053
0.527846
2.39382
1.01543
0.436168
3.94617
0.638793
0.659302
0.459002
1.38353
1.20089
0.63077
3.2483
1.1466
0.485193
0.79623
0.850314
0.729254
0.169166
1.87658
1.02411
1.58597
1.23021
0.588283
0.683181
1.48693
0.4536
0.299955
1.28564
1.36515
1.20866
1.00958
2.77515
1.55092
1.27786
0.70729
1.48554
1.24637
1.96568
0.748465
0.475044
0.700029
1.08701
1.7236
0.299008
1.43113
1.95244
1.02127
1.48839
1.27621
0.787654
0.639717
0.9943
1.96588
1.82785
0.145125
0.276829
1.26379
1.97491
1.90293
0.74426
1.15484
1.01056
0.454871
0.445795
1.33445
0.609094
1.3651
0.36089
0.48203
0.718121
1.98998
0.28149
1.10287
0.67889
0.289284
0.983564
0.483546
0.937526
0.3635
3.17346
2.89406
1.64753
0.774109
0.489819
0.408357
1.42627
0.87323
1.21231
1.07544
1.2276
1.90514
0.284703
0.372371
0.578492
3.41618
1.50302
1.03541
1.63497
1.35094
0.69832
0.51028
0.518259
1.32804
1.24756
0.473013
0.758398
0.494533
0.234326
0.432718
0.544786
0.498532
0.786038
1.17266
0.299606
0.944022
1.70001
0.850808
0.217294
1.22128
0.548744
0.975825
3.51656
4.33709
1.12586
1.30084
1.2167
1.11775
0.304417
0.261269
0.652499
0.765805
0.445342
2.34375
0.537513
0.770562
0.681161
1.78422
0.989602
2.7569
0.556541
1.13335
2.2336
1.56053
0.863106
0.88672
0.486219
0.42011
1.55838
0.739773
1.50522
0.340078
1.26004
2.09952
2.30026
0.407273
0.428116
0.706327
2.47584
0.0443755
0.0759853
0.512416
3.65695
1.76653
1.17513
0.945832
0.0725434
2.13847
1.12229
0.790813
0.35686
1.81946
1.01576
2.58401
1.1679
1.13671
0.723261
0.847451
0.715069
0.661473
2.01321
1.12275
3.68823
1.46232
0.7207
0.239937
0.96754
0.463991
1.07765
0.357359
0.465595
1.00765
1.8365
0.80181
0.501044
0.475743
0.329567
0.116314
1.21824
2.96393
1.04898
0.410658
2.38939
1.50591
1.09713
0.666566
1.84473
0.865211
0.786588
0.82415
1.2031
1.1892
0.333382
0.387759
1.3988
2.39474
0.800676
0.746752
1.12158
0.33787
0.196874
0.218342
0.474678
0.639616
0.331253
1.02116
0.307612
2.55879
1.64804
1.19993
0.886846
1.50162
0.263652
0.895506
0.0642473
1.44749
1.38995
2.08445
1.26787
0.421587
0.63792
0.370885
0.158022
2.31039
0.290185
1.01787
0.993439
1.11884
0.923291
1.22938
1.114
0.533923
0.746388
0.94329
0.637485
0.228876
1.22193
1.92706
0.231153
0.185774
0.134436
0.708502
1.8556
0.376888
1.21418
1.1718
0.374583
1.72168
0.496687
1.81346
0.521964
3.4778
0.0491719
1.29007
0.398884
0.344037
0.144845
1.04054
1.01582
1.01942
0.518548
1.00465
1.47203
1.95353
0.600504
0.39317
1.37842
0.834866
1.23306
0.224146
1.56063
0.51497
0.421218
0.65493
0.32522
0.728777
1.66459
1.4092
1.46277
1.71943
0.821726
1.95281
0.270925
1.70733
0.143105
0.238884
0.869443
0.737948
1.28014
0.859343
1.25492
0.519458
0.254938
1.39851
0.735715
0.462561
0.441787
0.657004
2.18783
1.99047
1.94933
1.03928
0.339328
0.843212
2.74529
1.44403
0.713074
0.289677
1.40829
1.78503
0.973375
1.78981
1.21629
1.85644
0.446918
1.15964
3.37161
0.655274
0.693679
0.409108
0.501084
1.2014
0.350188
1.68723
0.498577
0.606078
0.380025
0.410695
1.23086
1.08013
0.927096
2.74649
0.683555
1.3866
0.442275
0.457537
4.45847
0.612527
2.38187
0.630137
1.99752
2.87207
1.66905
3.64302
0.519953
1.97142
3.11707
0.998911
1.25239
1.84267
0.400674
0.771144
1.1429
0.363009
0.82652
0.58531
1.17186
2.44103
0.0897374
0.948743
1.95736
1.008
0.0824237
2.30572
1.64055
0.248675
0.691753
0.607576
1.54602
2.52934
1.60604
2.48503
0.665329
1.86765
0.808961
0.780521
1.59215
1.59691
0.417864
0.259552
0.980707
1.69145
0.290199
0.887193
0.63731
0.594002
1.33007
1.3708
0.559762
0.915995
0.652866
0.545248
0.662273
0.612227
0.167096
0.832835
1.42181
0.666932
0.555057
1.92023
0.437221
0.84511
0.293768
1.37161
1.23417
0.898411
1.0564
2.13616
0.416585
1.40186
1.21951
1.28655
0.974877
0.439906
3.24746
0.146198
1.27607
1.48058
1.29657
0.636944
0.978952
2.19793
0.597059
0.214623
1.04792
0.0586694
0.0879756
1.38675
2.24359
0.252762
1.96934
2.49646
0.293266
0.922801
0.190213
0.539602
2.07444
1.42029
1.96539
0.961051
0.938667
1.06372
0.553002
0.90312
1.3505
1.09798
1.4245
0.661343
0.917655
0.0766476
1.75687
0.433342
0.980042
0.467106
0.837082
0.894992
0.492774
0.811928
2.23505
0.203886
0.434143
0.629441
0.401566
0.259893
0.302582
0.655924
0.194217
0.32251
0.311523
0.505751
1.18059
0.943618
0.499668
1.04173
0.315051
1.7834
0.573419
1.6894
1.63851
0.595975
0.591264
1.36034
2.03827
0.454514
0.381292
0.804789
1.11464
1.4148
0.561699
1.56183
0.143384
0.590132
0.841578
0.56475
1.71047
0.026047
1.38555
1.36379
0.0814465
0.650878
0.372401
1.05317
0.212008
1.12516
0.958897
0.530781
0.320547
0.50413
1.33252
0.848408
0.355543
1.31416
2.23127
2.02464
2.82923
0.813197
0.481004
1.25636
0.86643
0.150472
1.94546
0.357699
1.08528
0.882271
0.239579
0.509944
1.71518
0.60924
1.18913
0.236665
1.67485
0.670928
0.984549
0.808592
0.27557
2.4561
0.865811
1.478
2.64641
3.12027
2.94779
0.472168
1.36251
0.804033
0.196539
0.264409
0.415754
1.1152
0.663072
0.767926
2.23729
0.355529
0.874197
1.73279
2.89813
1.88432
1.42857
1.09663
0.49063
0.540825
0.344625
0.913661
0.300452
1.00292
0.608789
1.22556
0.949009
2.31384
0.488728
2.16461
0.597845
0.575748
1.36058
0.520531
0.293972
0.11821
1.40044
0.465329
0.785221
0.44559
1.05468
1.73987
0.363367
0.507916
2.29197
0.268992
1.11689
0.374061
0.304499
1.02346
1.79385
0.352138
0.323999
0.652978
0.936815
0.224477
0.390536
0.73586
0.239648
0.493474
1.44352
0.527718
1.31275
1.45567
1.7659
1.10699
0.672773
0.309041
0.106725
0.783968
1.82044
0.644352
1.17391
0.809558
2.35003
1.64775
0.0888608
1.7893
0.174363
0.392025
0.788509
0.487064
0.65873
0.426646
0.164965
1.60275
1.07202
1.02927
0.214456
0.491035
1.02985
0.437083
0.450846
0.937129
0.724838
1.28297
0.329802
1.08868
0.938149
0.633614
2.53747
1.74305
0.371866
1.15493
2.11023
0.408242
0.717276
1.01994
0.186875
0.520085
1.98051
1.44312
2.40863
1.7161
0.647465
0.592795
2.35853
0.67599
0.63758
0.593904
0.697907
2.93054
0.647081
0.746052
2.33107
1.76348
0.563202
0.739218
1.96316
0.75819
1.16513
1.34059
0.643006
1.34452
1.06653
0.472598
1.17577
0.893692
2.67122
1.26121
0.433562
1.02788
0.12774
0.68139
0.494487
0.533587
0.860348
0.579645
1.56648
0.448984
1.30084
1.40254
0.770138
0.51847
0.541112
0.560584
0.564623
1.66401
0.546522
0.637822
0.607773
0.412125
1.0423
0.360112
0.868622
1.74153
0.79499
0.853781
1.43609
0.262329
0.895653
0.62239
0.239667
1.56471
0.19118
0.898638
4.07185
0.125006
0.265635
1.05044
1.12885
0.589523
5.79824
1.17336
0.493817
1.5504
0.29268
0.572597
0.816175
0.938249
0.19587
0.888042
0.745856
1.78877
1.02369
0.179546
1.8634
0.7775
0.536845
1.29076
1.67598
0.603964
1.83279
0.656248
1.23928
1.11395
0.423882
0.972115
0.691221
0.380583
0.251508
0.985651
2.39363
0.287903
2.09992
1.2806
0.39163
0.583239
0.498696
0.687006
0.484108
0.713335
0.237934
1.32698
2.14083
0.27607
1.65456
2.35766
0.818966
0.586635
1.08999
1.09091
0.357246
1.00434
1.00609
1.92757
1.20019
0.426209
0.96495
1.24885
1.61815
1.33003
0.208152
0.396749
1.22097
0.555397
0.85006
1.56843
1.97935
0.326561
3.41753
0.213968
0.710381
1.60167
1.41022
0.286312
0.217818
1.36652
0.967534
0.308411
0.721151
1.46421
0.743967
1.12053
0.160773
0.457543
1.16639
0.573888
1.06033
0.630348
0.468917
1.31569
0.465962
1.75932
1.19982
0.46959
1.99499
1.93861
1.35178
0.300792
0.999123
0.595825
1.37842
1.71876
0.696916
0.585851
0.398351
0.221079
0.649501
0.64388
0.783633
0.727099
1.30942
0.119027
0.869181
1.38878
0.200519
1.08728
0.036259
0.252549
0.930102
0.421921
1.93149
1.22401
0.20934
0.786132
0.223433
0.143753
0.978993
0.601807
2.66062
1.0014
0.74627
2.16952
0.579982
1.3834
0.115224
0.166229
1.25923
1.34483
0.358134
0.572623
2.1295
0.676373
0.566815
2.10553
1.09627
1.23685
0.38163
1.94775
0.474771
0.250989
0.751227
0.349901
0.743633
0.455109
0.232071
1.2575
3.50842
1.25542
2.9292
1.35923
0.32946
1.91416
1.58713
1.86611
0.584117
0.85064
0.682881
0.130837
0.690524
0.440016
1.62127
0.0113038
0.848639
0.903483
0.788028
0.0661874
0.66447
2.12432
0.434528
0.839571
0.8159
1.14023
0.592719
1.58043
1.04822
0.897978
2.65176
1.16195
1.32674
1.251
2.76729
0.412309
1.17232
1.7307
2.5905
0.993909
0.59226
1.46302
1.07505
0.410142
0.867976
0.118309
1.16324
0.396878
0.965891
0.0583819
1.95566
1.50581
1.53524
2.36752
1.76734
2.92778
0.253437
1.0935
0.114699
0.808757
0.902998
0.946756
0.211624
0.188071
0.504723
0.553778
0.915425
1.13597
0.815655
0.267746
0.719022
0.877262
0.258644
0.456891
0.394886
2.35027
0.065625
0.763972
4.10385
1.01877
2.76486
1.76496
0.345221
0.545829
0.694288
0.320957
0.773651
0.946366
0.410957
0.17289
0.916108
0.367072
0.491642
1.83607
3.33497
0.131557
3.36794
1.53691
0.590186
3.13206
0.875465
0.800805
0.77528
2.54486
1.02798
0.349502
0.431516
0.933565
1.25854
0.147051
0.885321
0.101415
2.13542
0.519611
0.50703
0.953617
1.42862
2.20773
0.141353
0.649719
0.24653
1.27548
1.57563
1.27419
0.114729
0.278415
0.803957
1.24576
0.0639975
0.664942
0.205856
1.12688
0.17459
1.00567
1.76019
1.03295
0.132464
0.541332
0.753127
1.68543
0.983854
2.78703
0.177242
2.94147
0.857034
0.607393
1.02837
0.882965
1.58574
0.203078
0.967065
0.51498
1.09471
0.746867
2.93978
0.439191
2.48357
1.37557
0.801998
2.44607
0.423294
1.06113
0.608702
1.15151
1.31574
0.937067
0.433354
0.35579
3.22544
0.367853
0.606721
2.32654
0.326473
0.949881
0.234666
0.270388
0.394901
2.37679
0.192758
0.806759
2.47519
0.574271
1.06087
2.00345
2.17471
1.10176
0.76136
1.89654
0.97846
1.66663
0.594944
1.99104
0.664705
0.902389
1.83321
1.31038
1.72768
0.71783
0.758736
0.103964
0.953453
0.314168
0.276415
1.9004
2.53968
1.29377
0.824683
0.508699
0.72478
0.824655
0.491932
1.10294
0.449187
1.01554
0.594992
0.335635
2.24999
0.166837
0.743056
0.249509
0.805478
0.0945063
0.70539
1.55295
0.317613
0.364142
0.736915
0.81829
0.818485
0.924034
0.591395
0.281926
0.724599
1.82089
0.594735
0.684115
1.52197
0.486211
0.821702
1.05337
0.79908
1.39289
0.973665
0.772495
1.23286
0.916352
1.99684
0.344391
1.52881
2.55865
0.909237
1.34729
1.08714
1.25373
0.723348
0.59585
1.19873
0.685763
0.884188
0.915364
0.802909
0.382271
2.08082
0.698605
0.822402
0.163317
0.355524
0.676095
0.789419
0.0229758
0.922239
0.789086
0.239911
0.939897
0.759902
0.451518
0.493367
1.5072
1.73268
0.916444
1.53015
0.899383
0.0791881
0.698925
1.61268
2.95
0.958645
1.61107
1.26954
0.629633
0.512203
0.617836
0.627452
0.337132
0.672906
0.104301
0.945335
1.0926
0.368248
1.76534
0.248793
2.04175
1.57718
0.420443
0.35206
0.574793
1.62462
2.24116
0.408389
2.01758
0.264747
0.508394
1.22516
0.755393
1.82787
1.47107
1.61401
0.411163
0.371689
0.421883
1.61282
0.406355
1.16552
0.461788
1.69017
1.43677
0.995826
0.369746
2.09461
0.283105
0.374378
0.621731
0.504846
0.108974
0.653567
0.708286
0.671467
0.989785
0.403881
1.41972
1.04665
1.55186
0.964883
0.410258
0.263804
1.5309
0.0758864
0.385187
1.4462
0.0462381
3.48595
0.482731
1.56757
2.17554
0.619791
0.218551
0.363917
0.583413
0.474012
2.7
0.888098
1.74663
0.928707
0.736984
0.146919
1.04271
1.57743
0.726006
0.696337
1.05436
0.985437
0.241127
0.280122
0.710173
0.535551
0.126862
0.42784
0.686205
0.790633
1.47615
1.49665
0.787671
0.574008
1.58479
0.565183
0.205142
2.03133
1.00761
0.441917
0.499155
1.18442
1.94828
0.824348
0.553404
0.198805
1.2129
0.151776
1.30783
0.693755
1.73158
4.32734
0.489349
0.38878
0.36463
1.26923
1.59724
2.57182
1.75427
0.901133
0.279813
0.705597
1.28949
1.04878
0.190515
1.71672
1.1991
0.167136
1.11914
0.379447
0.528768
0.837119
0.564542
4.81868
0.113814
0.881723
1.9969
0.352479
1.49145
1.22227
0.493601
1.70028
0.123252
3.01662
1.42636
0.493603
0.911432
0.174076
2.36533
1.46801
1.93813
0.832557
0.732596
0.824559
1.05682
1.19551
1.318
0.565861
3.91368
3.31437
1.062
0.981926
0.42455
0.538459
0.413251
0.559499
2.32203
0.189054
0.174446
4.92279
2.57845
0.490512
2.4262
0.6002
2.51387
2.07386
0.421785
0.932705
3.29303
2.70049
1.06038
1.07642
2.52312
1.04788
1.90182
0.540449
1.79419
1.3668
0.881121
1.94571
1.75578
1.92321
2.26946
0.256541
0.087212
1.32457
0.959825
0.407256
1.46858
0.810571
2.1708
0.780907
0.451166
0.864454
0.455768
0.930318
1.00431
1.4424
1.27657
0.36332
1.24651
0.461614
0.412859
1.67593
0.217652
0.569211
0.255099
0.951903
1.59548
0.339172
1.03574
0.394008
1.09366
0.828699
0.287516
0.610238
0.410308
0.889759
0.544343
0.998749
0.15945
1.93583
1.24441
1.20242
2.21978
0.98395
1.41689
0.301573
0.973088
0.390643
1.76239
0.382485
1.45031
1.31881
1.66745
0.759977
1.52777
0.959889
1.16517
1.40568
0.276501
1.23338
2.32744
0.934739
1.39124
0.159018
0.25484
2.15899
0.756807
0.447875
0.518813
0.720952
0.367434
0.466618
0.809462
1.15668
3.14779
0.250324
0.935285
0.59564
0.738905
0.272335
1.57901
0.472019
4.23893
2.28308
0.52443
1.1284
1.88199
0.510732
1.17395
1.37155
1.83038
1.87356
0.730718
0.0997355
0.124264
0.283319
0.935843
0.754011
0.262381
0.62251
2.23325
1.37617
1.74077
1.29504
0.809504
1.99721
2.38229
0.301854
2.30692
1.90433
0.684512
0.273635
1.5982
0.758019
0.992448
1.59059
1.72861
2.15349
1.04784
0.151194
0.667286
0.485506
0.432199
2.84059
2.31704
0.617355
0.850843
1.76306
0.287082
0.880463
1.90462
0.432391
0.797066
1.44923
1.95213
2.54068
0.814529
1.64037
1.09659
0.696743
0.0974202
0.17601
0.888824
3.3399
0.526713
0.0934352
1.0685
0.930344
1.80883
1.06075
0.789177
0.249385
0.0403433
1.92424
2.23113
1.16463
1.19753
0.475651
0.783935
0.382965
0.816813
1.09493
2.07122
1.27044
1.37105
0.721841
0.53184
0.965383
1.97965
1.81051
1.56433
0.505936
0.545043
0.598108
0.796961
0.70456
3.39559
0.848003
1.03798
0.20432
0.797825
1.2632
1.28667
2.48546
3.49493
0.54814
0.410534
0.926683
0.569575
0.563893
0.896321
0.899357
0.422356
1.26691
0.198178
1.10509
0.859092
0.249759
0.589865
0.745987
2.35158
0.197773
0.754294
0.173959
2.42861
1.36891
0.699837
0.108046
0.807301
0.741961
0.379588
0.932492
0.210323
0.701879
0.262766
0.121638
2.30926
0.888427
0.169403
1.29841
0.549696
0.89673
1.22738
1.14856
2.21052
0.144371
1.01393
0.927951
0.295355
1.00076
0.416583
0.6765
0.806494
1.49831
0.629113
1.22651
1.82624
0.495285
0.761675
1.18716
1.02954
0.979528
1.53863
1.06498
0.54765
1.61623
0.264032
0.428336
0.430143
1.69899
2.89207
0.217076
1.86632
1.1763
0.884148
0.14426
0.508628
0.748621
0.598962
3.54847
0.769354
0.0850334
0.87527
0.540628
1.71597
0.332585
0.898928
1.24123
0.211455
0.707894
0.783439
0.537993
0.351692
0.986114
0.582317
0.404763
0.151374
2.19459
0.370299
0.281534
0.593775
1.01047
2.32418
0.876661
1.46859
1.79206
0.392849
0.168975
1.37702
0.123224
1.85196
1.24345
1.11018
2.14593
0.508687
0.860229
0.042297
0.444758
1.62494
0.618867
1.34263
0.662234
0.942514
1.02516
0.401772
0.316522
0.949377
0.318567
1.42693
0.684901
1.20883
0.968234
0.484042
1.68387
0.743191
0.608709
0.407647
1.03465
0.730651
0.619083
0.450003
1.42914
1.67976
1.37606
0.76616
0.746559
0.69767
1.20164
1.49081
1.02401
1.50158
1.31762
0.407114
1.62307
0.746726
0.961003
0.487249
0.924344
2.78667
1.88688
0.472945
1.27606
1.08616
0.308721
0.98932
0.256334
1.76126
1.41411
1.74349
0.307391
0.872956
0.100297
0.675286
0.971923
1.14434
1.83955
0.201948
0.967217
0.756634
1.20307
0.563533
0.0520572
0.804283
1.1624
2.63695
1.24812
1.15377
1.97904
1.84051
1.23728
0.579968
0.377388
1.179
0.241717
2.33679
0.42583
1.63842
1.03318
2.71822
0.350397
0.76273
1.34275
0.271633
0.982042
1.173
0.345328
0.393245
0.286043
0.938692
1.65082
0.783188
0.474741
1.15277
0.964352
0.0952892
2.14297
1.60358
0.870414
1.687
1.33206
1.07496
0.263051
1.32233
0.414035
0.518248
0.885943
0.138604
1.32308
0.62708
0.760672
0.462188
0.434184
0.983765
0.353248
0.41413
0.676283
0.156151
2.98101
1.36566
1.00504
1.16188
0.297732
1.45249
0.709325
1.03246
0.309515
0.163173
0.983163
1.01512
0.422605
1.19598
1.94952
1.00413
0.236918
0.703825
0.51483
1.2004
1.22996
1.46609
1.49752
3.19913
0.979979
1.98341
1.02856
0.0963316
1.37892
0.946325
0.56792
0.6442
0.523586
2.34321
2.09533
0.17316
0.565233
1.57376
0.939739
1.11287
1.09004
0.477348
0.418936
1.20315
0.709787
0.184352
0.3604
0.78262
0.664417
0.0893537
1.01576
1.99616
0.925552
0.828539
0.522242
1.94343
1.10447
0.2375
1.36299
1.51286
2.64225
0.89546
1.10849
0.928433
0.311313
0.502383
1.30761
0.971084
0.168868
0.253705
0.210123
0.888025
0.669714
2.55889
1.66507
0.817708
1.08552
0.956814
1.03399
0.245391
0.414785
1.68584
0.365316
0.858674
0.938215
0.515681
1.07677
1.02168
1.80426
0.122531
0.450527
1.01667
0.156036
0.108077
0.133079
1.12485
0.690708
1.24133
0.141867
0.982307
0.809093
0.408836
1.39117
0.676864
0.637707
0.911566
0.875632
1.3466
1.67197
0.270672
1.17271
1.68689
0.769063
1.34311
0.104308
1.51338
0.360683
0.302307
0.202195
0.148421
0.414913
0.316939
1.1934
0.232182
1.73366
1.06437
1.38343
3.03246
0.548178
0.482891
0.844482
1.41898
1.58331
0.408917
0.802943
1.39963
1.16553
0.600593
0.191251
2.29244
0.341012
0.206684
0.578111
0.139722
0.660247
1.02353
0.655149
0.262989
1.9584
1.04668
0.75306
1.00674
0.394931
0.425432
0.240559
0.0666388
2.17675
0.372814
2.22064
0.917379
0.834522
1.57714
2.46443
1.8609
0.784776
2.14785
0.150266
0.0368173
0.270354
1.2147
1.11828
1.46483
1.07001
0.583555
0.68902
0.697639
0.640458
0.199522
0.785987
1.52837
0.341557
0.717844
0.658924
0.709321
0.367587
0.97329
0.735777
0.749753
0.243687
1.65837
0.549111
0.157153
0.930435
0.358802
1.39893
1.94036
3.3592
1.00614
1.39541
1.19623
0.0974411
1.127
0.515161
0.972863
2.21209
0.754547
0.68304
0.200473
0.658664
0.762395
1.39573
0.677671
0.595118
0.551846
0.500342
1.94873
2.36506
0.44938
1.17682
0.939931
1.94347
1.32345
1.43817
1.77099
0.551255
0.598009
0.31279
0.0411309
1.13571
0.774231
3.01847
2.8783
3.0813
0.750468
0.646833
0.403013
3.08593
4.58434
1.52504
0.517011
1.80231
0.292769
0.272671
1.00309
0.963163
0.36482
0.593382
0.745432
1.76263
0.679424
0.649622
1.56283
1.29088
1.1422
0.973558
4.09077
0.962343
0.384605
2.7813
2.50073
0.328682
1.47693
1.64457
0.886194
2.64849
0.828393
1.03257
1.22069
0.847136
1.34737
0.796612
0.505235
0.406197
1.35043
0.632702
0.550846
0.675667
1.65596
1.57599
1.00516
0.565849
0.836038
1.05762
0.615513
0.692233
1.81986
0.35007
1.65488
0.685982
0.599981
1.64013
0.973545
0.623182
1.08626
2.26373
0.22913
0.970032
0.384643
2.86559
0.23029
0.620322
2.0583
0.4823
0.697453
0.945863
0.712983
0.0836735
0.599519
0.662472
1.03172
2.80727
1.07597
0.516455
1.54627
0.396572
0.238256
0.773058
1.18272
0.523603
1.15288
1.94385
0.928329
0.442644
1.50616
0.799493
0.454645
0.314237
0.44574
1.00966
1.06106
0.523093
0.391663
0.872796
0.34938
0.893131
3.4372
1.14105
1.22496
0.676621
0.838124
1.18348
1.11107
0.913109
0.169041
0.294591
1.15746
0.626545
1.84849
0.818099
1.27054
2.13893
1.33374
1.20828
1.11775
0.0959107
2.72816
0.972964
1.28614
0.951699
0.61623
0.821505
1.29037
1.30478
1.58489
0.703497
1.4284
0.230257
0.993581
0.390261
0.367986
0.771873
1.40195
0.214365
0.794021
0.266563
1.4065
1.36293
0.991445
0.727389
1.16353
3.07775
0.183302
1.06538
0.773566
1.46997
0.864372
2.93721
0.512751
1.09903
0.955473
1.54583
0.255721
0.464269
1.12674
0.40213
0.408894
1.30841
0.334477
0.809669
1.1592
2.83232
1.17837
1.14577
0.212476
1.32564
1.53949
0.534796
1.27955
0.98409
1.19293
0.627259
1.22305
2.2978
1.71073
1.95288
1.61999
1.08549
1.51803
0.262313
0.774066
2.61055
1.07882
1.01549
2.13801
0.271178
1.89737
3.1878
1.03952
0.800764
1.1193
0.54385
1.12957
1.42381
1.0588
0.0943033
0.447158
0.278296
0.661289
0.394921
0.143094
1.52704
1.25138
1.42254
1.15206
0.387847
0.942199
1.17611
0.622735
1.50685
0.678647
0.476127
0.819721
0.1256
0.862922
0.761356
1.62997
1.50166
2.19655
0.252625
0.353878
2.06185
0.507059
0.764873
1.13183
0.0870481
0.87814
1.67035
0.315084
1.34463
0.797259
0.224111
1.62882
1.90317
0.762999
1.55665
1.23712
0.315726
0.159081
2.02144
1.58939
1.06848
1.21851
0.754524
0.704459
0.56348
1.56968
0.630217
0.408678
0.938574
1.54801
1.10886
0.760112
0.307045
1.30658
0.648352
1.21588
2.88571
1.00668
1.11956
0.651366
0.285638
1.71718
1.27205
1.2191
0.243395
0.309129
0.662153
0.806354
0.340904
0.629763
1.10226
0.911013
0.634488
0.432654
1.80209
1.74441
1.12472
1.09874
2.24026
1.63357
0.982419
0.993344
1.73791
1.35635
1.07863
0.365347
0.119287
0.560777
0.570032
0.913364
0.401084
1.7504
0.697311
0.816335
0.467977
1.60442
0.103796
0.746535
0.507756
2.33862
1.46985
0.199883
0.735249
1.46892
0.082741
0.263622
0.786346
1.46904
0.42802
0.650491
0.182625
2.82164
0.907791
0.543992
0.979136
2.00735
0.313958
0.0993624
0.630795
0.836056
0.152621
0.616371
2.00561
1.33119
1.07342
1.01455
0.873533
3.02768
0.870448
1.61729
1.02645
0.870175
0.381043
0.976297
1.10836
0.831659
0.528611
1.13089
2.09414
0.707601
0.523978
0.677914
1.5434
0.513753
4.81291
1.55833
1.89092
0.653335
0.603293
0.927189
1.29556
0.922433
1.14848
0.479404
1.01332
1.34284
1.41907
0.701639
0.36779
2.11609
0.352174
0.225464
0.256026
1.49507
0.334208
2.75881
0.737526
2.03213
1.54515
2.78136
1.69508
3.98717
0.49228
1.22466
0.127012
1.09374
0.62656
1.35428
0.783434
1.77625
0.193273
1.05476
1.26383
0.321069
0.451391
1.45836
1.45342
1.29908
0.307194
3.29231
1.55174
0.729186
1.54239
0.948506
0.0242896
0.47032
1.7406
0.271875
0.443195
1.16778
0.305836
2.07545
0.656872
0.788852
0.476306
1.15207
2.18111
1.59882
0.228677
0.434709
0.410582
0.299517
0.532584
0.839783
0.681262
1.60016
0.451688
0.968693
0.366411
0.621906
1.13786
2.61377
1.4528
0.328958
3.78386
0.766784
0.528012
1.61236
1.75751
0.429169
1.55867
0.467388
0.126497
0.749087
0.277765
0.460036
0.52286
1.49745
2.64055
1.20699
1.07682
1.44233
0.731373
1.09429
0.18912
1.21641
3.42294
0.286597
0.248504
0.552478
0.870119
0.873579
0.721952
0.57018
1.90128
1.37474
2.00113
1.0829
0.64686
0.520734
1.25688
1.38744
0.770011
0.199555
0.846267
0.699115
0.110938
1.87733
0.628471
0.272095
0.399086
2.50454
0.417513
0.16602
1.27055
0.912842
2.67811
0.639336
2.13752
0.947864
2.04373
0.746455
0.0927627
1.61152
0.321877
0.389895
0.791764
0.295118
0.215456
0.328441
0.511196
0.817639
1.21964
0.98617
1.13668
0.452248
0.321399
1.22636
1.11956
0.162086
0.794358
1.29111
0.889364
1.15443
0.874807
1.6979
0.972921
2.70316
1.55848
0.370586
0.738287
0.463962
0.890836
1.808
0.141096
0.578176
0.34604
0.80911
0.618309
0.804794
0.773457
0.845104
2.74149
0.244648
1.39172
0.61036
0.235014
2.77371
0.633796
0.353015
0.433105
0.571583
4.71746
0.942629
0.390909
2.55291
1.88915
1.68861
1.11547
0.986795
1.26199
0.497953
0.87047
0.212389
1.06411
0.0893577
0.296455
1.808
2.40335
0.927948
0.698405
1.03829
0.350618
0.0489786
0.164628
1.66671
0.407878
0.64052
0.54006
1.63558
0.63105
0.658154
2.06364
1.031
0.278129
0.602597
0.431802
0.39136
0.398263
0.473546
0.424685
0.356378
2.15984
1.03931
1.19214
1.58112
1.10343
0.2251
2.16934
0.88773
1.53238
3.66609
0.500125
1.40358
0.214964
0.419418
1.79271
1.47111
0.77323
1.14433
0.390229
1.49873
0.984511
1.57345
0.192873
0.902305
0.452465
1.34154
1.326
0.117197
2.71202
0.658045
0.914666
0.394619
0.45535
1.35009
0.592608
1.23185
2.7108
1.49232
0.632434
1.35579
2.1222
0.965842
1.34027
2.01478
0.260367
0.695357
0.413586
0.623078
0.416455
0.852053
0.408428
0.886753
2.04549
1.13299
0.886721
0.797448
0.966862
0.171336
0.0235089
1.70185
1.23635
0.481064
0.613835
0.511227
0.834549
1.83762
0.660281
0.626639
0.333972
1.29388
1.11595
0.449118
1.40872
2.5951
0.976503
0.58641
0.399983
0.9348
1.04704
0.966301
0.854179
0.626588
0.659999
1.27452
0.0627379
0.915597
0.320151
0.212246
0.350815
1.06176
1.41254
0.514823
1.21733
0.783484
2.41186
0.329919
0.469441
0.723393
1.65986
1.55812
1.42982
1.34385
1.759
0.719629
0.967189
1.06245
2.34144
0.334318
0.739735
0.604962
0.733495
1.14959
1.44913
0.8667
1.12709
0.747056
0.363843
1.23606
2.72207
3.01353
0.322913
0.739219
0.0444604
1.1433
0.388732
3.83881
0.462353
1.01307
0.814661
0.598702
0.305435
1.37051
0.488994
1.32685
0.97366
0.411697
1.89319
0.449589
0.357204
0.462217
1.05726
0.621938
0.181391
1.1648
1.34074
0.699727
1.27561
2.85732
0.115848
1.20375
1.42637
0.6242
1.99222
1.68506
0.0600839
1.20458
1.04355
1.48613
0.440355
1.64242
0.24748
2.33528
1.08306
0.797714
1.68166
1.21111
0.513347
0.786053
0.420408
0.721842
1.36509
3.01509
0.991147
1.76897
0.498919
1.88421
1.15965
0.976285
1.2199
0.822819
1.45916
1.42856
0.530076
0.710897
2.45135
0.547889
1.01299
0.818315
1.48698
0.966487
1.59463
0.571863
1.4484
0.116308
0.647065
0.907864
0.903274
1.24988
1.03344
1.57683
0.893115
1.41113
0.520034
0.371127
1.07897
1.62467
3.36876
2.14376
1.83075
1.71248
0.974555
0.204654
2.43064
1.19313
0.422096
3.09069
0.167132
0.89624
0.236567
0.368905
1.52149
0.407942
1.26136
0.152891
1.44982
1.23668
1.04257
0.867498
3.70354
0.288931
0.568585
2.72229
0.314001
0.586608
0.815682
0.873081
0.841913
0.194936
0.534991
1.05599
0.748936
3.29012
0.554334
0.19665
2.09098
0.0167907
0.555147
0.4325
0.631179
0.461799
1.37632
1.21567
0.532273
0.205514
0.743141
0.383915
1.14872
1.81831
0.485373
1.78494
0.678113
0.387049
2.18977
1.43817
0.320142
1.124
0.500619
0.282621
0.492705
0.827549
0.876942
0.548345
1.07055
2.46701
2.55846
1.82626
1.49618
0.800214
2.28564
0.625336
1.76872
1.22535
0.648265
0.262315
0.36822
2.07318
0.448234
1.50415
0.212426
0.0774701
0.306401
0.566951
0.663712
0.43305
0.707545
0.483947
0.644901
1.4148
0.36804
0.998634
0.425016
1.09044
0.916797
1.17376
1.3422
0.941639
0.244766
0.536178
0.249045
0.978281
0.974122
1.49535
1.2499
0.901135
0.223564
1.25864
1.61144
1.74011
1.52537
0.736172
1.33275
0.124463
0.763
0.320676
1.35366
0.2385
0.975676
0.59868
0.343304
1.1249
0.423832
2.59615
0.112447
1.27231
2.16162
0.691352
0.758093
2.00336
3.4826
0.282216
2.32882
1.7985
0.988572
1.0951
1.45453
0.338635
0.51193
0.206408
1.08548
1.14085
0.286641
0.58953
0.704369
0.374013
0.816046
0.330099
0.534274
2.57774
1.34734
0.398353
0.0437698
0.432411
0.421029
1.34344
0.320734
1.88932
1.37749
1.85586
0.6954
1.08766
0.553437
0.592281
0.598475
0.140493
1.73823
0.988567
0.170596
1.35139
0.69881
0.948414
0.47761
0.883175
1.57813
1.30753
0.816928
3.00731
1.1191
0.370364
1.35201
0.751879
0.804646
0.821975
2.13068
0.750962
0.472198
0.712374
0.375182
0.959006
1.27642
1.62042
1.86945
2.52436
0.960245
0.199075
0.854238
1.34992
0.966713
1.80088
0.344927
1.39753
0.616803
0.471646
1.08223
0.941221
2.2486
0.291262
0.492037
0.191734
1.74125
1.44839
0.136548
0.710283
1.18156
0.303058
2.38061
0.700926
2.12893
1.79618
1.2598
1.83296
1.16496
0.427587
1.60956
1.04198
2.61304
1.55106
1.55213
0.740754
0.382871
0.831647
0.599712
1.13114
0.129875
0.728101
0.814629
0.111371
1.95257
0.580982
0.903829
3.36904
0.253141
0.367541
0.459864
0.404892
0.85805
0.574172
2.10246
0.516537
0.902375
0.277258
1.92404
2.00951
1.02205
1.24106
1.52314
0.880342
0.297379
0.991382
1.00463
0.444209
0.00738079
1.80147
1.07552
0.118308
0.377449
0.205068
0.44018
0.112168
0.213703
1.03705
1.25374
0.139005
1.42324
0.867724
0.600919
2.37212
0.703783
0.401641
0.437733
1.12697
0.767171
0.991754
0.458634
1.33791
1.57343
1.02269
0.857305
0.413604
0.570696
0.946089
2.20705
1.07002
0.735865
2.53649
0.716664
0.197563
0.817808
0.462777
1.41191
0.264875
1.37069
0.188599
0.932078
1.70224
0.681862
0.69572
1.15141
0.0556593
1.88688
0.752002
0.669135
1.8999
3.11732
1.24508
1.24043
0.43202
0.446177
1.93114
0.271262
0.770226
2.24427
0.314773
0.723569
0.381619
1.87933
1.5862
0.790926
1.92562
2.22811
0.348641
1.30029
0.999499
0.570295
1.04127
0.131741
0.906715
0.388507
1.04746
0.0632376
0.952686
1.12567
1.17745
0.747832
0.367925
1.13029
1.76494
1.36739
1.56802
0.407858
1.47091
0.259307
0.132027
0.471705
0.164925
0.130975
1.73489
0.591594
1.55604
1.01607
1.0182
0.565167
0.759058
0.545451
0.489838
1.13815
3.24171
0.516753
0.38705
0.973349
0.901694
0.13622
1.44436
0.191241
0.389313
0.247706
0.520511
0.200481
1.30136
2.12787
0.638735
0.629822
1.4758
1.25266
0.285041
2.24779
0.669205
1.19492
0.780987
0.320174
2.05662
0.440888
1.38764
0.812445
0.368052
0.644426
0.842814
2.04263
0.145127
0.401493
0.461901
2.71675
0.505443
0.58553
0.596646
0.918563
1.11284
0.0807356
2.05418
0.251928
0.968978
0.972866
0.273252
1.39219
0.583219
1.55002
1.11023
0.315451
1.06481
1.97691
0.118172
0.719102
0.406663
0.0691675
0.879089
1.44027
1.86574
0.306406
0.621341
0.167225
1.84993
0.572334
1.21019
1.11759
1.4481
1.75355
1.56933
0.354219
0.641947
0.283082
0.69654
0.522229
0.579236
0.965478
0.840808
0.811575
1.062
0.167577
0.677049
0.441671
0.655352
0.74142
0.95895
0.557169
0.439112
0.297746
0.529713
1.07022
0.390543
0.133853
0.504643
0.558058
0.263443
0.886162
0.546121
0.522916
1.21657
0.558813
1.384
0.761769
0.290329
0.368146
1.68672
0.468761
0.742347
1.48888
0.230092
0.382493
0.111543
0.0140759
1.96558
1.50573
0.416355
1.75817
1.48698
1.34401
1.74621
0.566813
0.281392
1.22611
1.52153
0.365685
1.4002
1.2405
0.337642
0.984801
0.617895
1.20843
0.482635
1.07477
1.32776
0.552887
1.23306
1.211
1.69714
0.130832
1.17126
0.805081
0.111926
1.56626
0.217872
0.839312
1.46803
0.287415
0.865559
0.516613
1.34695
1.36277
1.99442
0.927994
1.24024
0.283474
1.00577
1.9438
0.718727
0.474999
1.01156
1.55272
0.504548
1.57191
0.36115
1.04519
2.5324
0.618524
0.0651148
0.432912
2.82971
2.13649
2.75781
0.37603
0.833235
0.674784
1.12858
0.954217
0.0289481
0.111802
0.669079
0.498465
0.565833
1.08785
0.313243
0.612839
0.636089
0.998421
1.8194
1.82451
0.202583
2.44115
0.193865
0.776535
0.969365
0.399175
0.694955
1.73494
0.230359
0.779754
1.33214
0.656155
1.10474
1.29172
1.64301
0.30502
1.17302
0.718852
2.07518
2.63169
0.723029
0.217394
0.722588
0.347687
0.456585
0.148418
0.343384
0.62553
0.0931512
1.40679
1.01858
0.650831
1.6536
0.72295
1.01469
1.30362
0.368209
0.401386
0.812606
1.18572
1.13923
0.8719
1.48959
3.05482
0.563511
0.332989
1.50042
0.438764
0.688195
1.34995
0.846115
2.03363
1.63204
0.625777
0.0894318
0.951611
2.34614
0.924045
1.02499
1.42999
0.127461
0.865508
0.100867
1.50765
0.510893
0.41206
0.212548
0.835825
1.59263
0.54141
0.706529
1.22829
0.244797
1.14941
0.276716
0.327615
0.745508
1.05641
3.28755
1.86612
1.27101
1.43174
0.716561
0.294353
0.141575
0.594913
0.566154
0.176378
0.966145
0.303102
0.271627
1.07275
1.29193
0.414661
0.962695
1.47946
2.15859
1.60466
1.09628
0.847231
1.02635
0.949751
1.12854
0.741613
0.188143
1.16653
0.164492
1.09878
0.858314
0.86078
1.22816
1.70972
1.31086
0.69255
0.774434
0.794642
0.794683
0.284023
0.745427
0.284577
2.31854
1.17551
1.30185
0.471585
2.58105
1.5684
0.596544
0.390994
1.17355
0.713787
0.135633
0.404596
1.45206
0.622863
0.919733
1.27136
0.612684
0.420812
2.81592
1.12748
1.06709
0.862444
0.0870907
0.805419
0.769339
1.08641
0.142359
0.676839
0.462937
0.138881
0.202419
0.193732
1.18247
0.615351
0.342197
0.887298
0.675929
1.1444
0.7002
0.352572
1.25644
1.2665
0.109013
1.27808
0.851717
2.23501
0.346151
0.455225
1.68423
1.45683
1.64422
0.522353
0.772111
0.57517
0.732591
0.378606
0.514132
0.41034
1.34215
0.264685
1.07664
1.58024
1.00967
0.6828
0.827828
2.40537
0.0510023
0.431147
1.59731
1.59701
0.675019
1.27289
0.355978
0.120428
0.19541
0.737121
1.64548
0.642262
1.25721
0.507917
1.32284
1.75163
1.47769
0.498161
1.28811
0.525632
1.5731
2.47997
0.486524
0.756475
0.144781
1.15557
0.608971
0.936655
1.89399
1.92432
0.322294
0.325296
0.686379
0.254009
1.58877
0.608424
0.453443
0.608934
0.235642
0.10711
1.42947
0.0957315
2.22489
3.35185
0.672611
0.99368
1.66974
0.178257
0.670949
1.15485
0.260414
0.361589
1.10181
4.49197
0.83013
0.496984
1.32386
1.64489
0.704172
0.722805
0.911069
0.541211
0.965396
0.592508
1.11516
0.747879
0.565245
1.6084
1.218
1.39191
0.700059
0.44303
2.03093
1.97389
0.391101
0.943263
0.367788
1.61457
0.263524
1.20839
0.0654386
0.391139
0.629068
0.985866
2.18561
0.99241
0.666777
0.983329
0.144595
1.17752
1.14362
0.169869
1.01711
2.21072
0.364579
0.0726943
0.566664
1.05609
1.78619
1.43026
0.674906
0.668961
0.583027
1.13482
0.157358
1.9428
0.916547
0.871697
1.84029
1.58162
0.930057
0.845452
0.0359216
0.592079
0.428929
2.65158
0.880579
0.357894
1.35816
0.994845
1.52785
1.3957
1.40008
0.522637
1.67123
0.238089
0.924486
0.555486
0.588054
1.17048
1.46105
1.40339
1.40056
0.292714
0.593531
0.948265
0.441562
0.642007
1.97383
1.31382
1.16463
0.62257
2.34937
0.457821
1.78008
1.09117
0.430605
1.28319
0.868554
1.14209
0.453133
0.666223
0.531156
0.0825934
0.704059
2.65193
0.832559
1.06428
2.34806
1.81637
1.72939
0.575733
0.613998
0.669183
1.21012
0.888462
0.447635
1.86438
0.540018
1.04427
1.42225
0.666409
1.86192
0.951019
0.782212
0.790168
2.28103
3.18513
1.84373
1.1344
0.26954
1.24939
1.54794
0.361918
0.944493
1.71188
0.475037
1.55146
0.489656
2.42799
1.54778
0.310337
1.60148
1.31483
0.336055
1.03046
0.972652
1.08399
1.14515
0.367899
0.476641
1.63551
1.52109
1.82561
1.0386
3.03373
1.63227
1.28536
1.78695
0.903304
0.404472
1.33822
0.99431
0.444643
1.63039
0.419366
1.30355
0.240227
0.487692
1.56988
0.0326993
3.10692
0.549078
2.81432
2.47575
1.53346
1.29013
1.3576
1.5152
0.467294
1.57838
0.336693
0.307961
0.776475
0.433771
0.884598
1.49986
0.569896
0.487227
0.753124
1.89878
0.273009
0.457852
0.80444
2.08286
0.560792
1.08912
1.84145
0.991564
3.59878
1.38097
0.408267
0.818778
2.41269
0.135166
1.56296
0.847366
0.119609
0.190786
0.804753
0.177387
1.71763
0.587555
2.03825
1.91898
0.311005
0.292887
1.0589
0.627194
2.20606
1.37592
0.848796
0.387898
0.999112
0.350797
0.815629
0.718482
1.25945
2.19044
0.622899
1.02056
1.33179
1.41059
1.00327
0.350622
1.40276
0.469515
0.775553
1.89583
0.548637
0.132607
0.0779783
1.10815
1.26296
0.271638
2.57143
0.741152
1.51611
0.26603
0.441171
0.586898
0.996916
0.39735
3.17657
1.94525
1.06844
1.70512
0.899369
0.647621
0.208261
0.14597
0.985126
2.14319
0.707169
1.08699
1.1016
1.73693
2.37261
0.657271
0.358649
0.307681
0.354232
0.935798
1.44529
3.01468
0.584127
0.770175
1.00741
0.818254
1.84614
1.06714
1.85526
0.624559
2.16007
0.550306
0.740873
0.662093
2.14649
0.752297
0.564266
2.25089
1.11305
0.568107
0.164735
0.828456
0.359047
1.26913
0.38401
4.8704
0.519683
1.39369
1.50566
0.694519
1.19665
0.716985
1.1988
1.37063
0.386002
0.213902
0.438439
0.889121
1.36035
0.322942
0.645493
0.398988
1.54215
0.157671
0.752933
1.07703
1.1713
0.13719
0.456008
0.1895
0.232209
0.405395
0.656174
0.577939
0.415493
1.09767
0.467285
0.44668
0.572996
0.26545
2.1813
0.25266
0.478348
1.19207
1.74545
0.0817204
0.888118
0.291797
0.653546
0.411882
1.10537
1.6387
0.345206
0.272046
0.458535
0.606
0.318173
0.429697
0.62367
0.800492
0.150695
0.617121
3.24976
1.46986
0.332316
0.817921
1.86601
0.808873
2.00617
0.828409
1.15259
0.603137
3.68442
0.656204
0.338403
0.971671
1.1318
0.193262
0.878583
0.720704
0.883631
0.491861
0.689028
1.7806
1.02012
0.523416
0.984366
0.639078
0.987059
0.395847
0.926701
0.308574
0.202075
2.36272
1.68695
0.447952
0.316593
2.39257
1.57394
1.72508
2.5685
1.22277
2.51682
1.51086
1.3729
0.819156
0.861485
0.33746
0.311672
1.04259
0.175712
0.0889985
1.18477
0.0791267
2.47374
0.425674
2.72343
3.46415
1.06425
0.890589
0.826724
2.87707
1.04852
0.434689
0.45972
0.219879
0.107002
2.7912
0.318485
0.63311
0.828927
0.921962
0.350274
1.08097
1.26483
0.620266
1.01473
1.26021
1.1926
0.673071
0.545032
1.66769
1.08948
1.88915
0.824914
0.456696
0.753804
0.439038
2.29196
1.19581
1.51588
0.645906
1.14552
0.293083
1.34895
0.628385
0.625297
0.466163
0.847242
1.67984
0.043907
1.89386
0.736066
0.332898
0.657033
0.158611
2.16349
0.19713
0.797566
1.03525
0.684328
1.84253
1.16542
1.34758
0.818778
2.69369
0.288755
0.750029
0.122719
0.65469
1.41898
0.721247
0.402025
1.00712
2.23373
1.54601
0.575378
0.332483
0.421875
3.47859
1.79153
0.564836
1.3986
1.00403
0.34335
0.90166
0.882667
0.181654
2.26689
1.94848
1.39251
2.6604
0.501357
0.6026
0.340682
0.595349
0.252759
0.497172
0.596721
0.506452
0.180496
1.73745
0.0622262
2.10861
2.70918
1.08993
0.185869
0.947277
0.419706
1.62225
0.364067
0.49346
0.97446
0.251851
0.341772
1.19323
0.915368
0.2759
0.399526
0.58948
1.32863
1.40988
0.762216
3.17445
0.871135
0.538013
2.97141
0.53056
0.568026
1.69634
1.50064
3.20569
0.957164
1.25369
2.15597
0.322652
1.13075
0.550128
0.250082
1.19278
0.442479
1.16833
0.796248
0.34919
0.381725
0.894212
0.549172
2.25123
1.30614
1.14868
0.199885
0.653873
0.868099
1.16495
0.847449
0.71561
1.17058
0.253927
2.22588
2.74141
0.45357
0.289378
0.61062
0.24573
0.341019
1.30735
0.409602
1.87383
0.71114
0.251121
1.73243
1.06496
1.38632
1.57256
0.809418
0.4479
0.578284
0.840834
0.363145
0.574263
2.47663
2.17058
0.664166
1.13134
3.74957
1.07841
1.81256
1.78123
3.22315
0.454787
0.724144
0.985856
1.64313
2.07583
1.99376
0.883847
0.429128
0.413387
1.18451
0.667777
2.31521
0.624135
1.20447
1.99297
0.973143
0.53323
0.370109
1.04313
0.197576
2.59818
0.84845
0.267327
1.12475
2.58044
2.63152
0.0419733
0.619635
1.11681
0.237052
1.34177
0.14717
0.323181
0.366845
1.91261
1.99054
0.433693
0.51839
1.30789
1.17182
1.38674
0.832711
1.00286
1.6813
1.40183
1.70317
1.13214
0.196192
0.356941
1.34161
0.595573
1.18275
1.37202
0.434714
0.316379
0.36417
1.78792
1.23864
0.9082
0.856654
0.553443
0.425921
0.223958
0.31883
0.486859
1.46463
0.679806
0.877785
0.674429
0.635729
0.769118
0.261067
1.64682
0.870712
0.538626
1.65965
1.49783
3.01813
1.42417
0.583376
0.782927
0.439319
1.76462
0.221706
0.333769
1.15272
0.873507
1.03014
0.269923
0.403628
0.948384
0.783338
1.28502
1.06875
0.638443
0.550996
0.226815
1.23806
0.14425
1.35707
1.92858
0.390524
2.82411
2.82852
0.747911
1.48942
0.598207
0.226887
0.378668
1.24718
1.79944
0.751073
1.49022
1.10959
0.793065
0.644585
1.70557
0.297071
0.213212
1.28058
0.866455
0.713319
2.02506
1.57014
1.58567
0.294168
1.46573
0.266487
0.347738
0.921529
1.15976
1.55662
0.862647
0.149098
0.491697
0.639082
0.984813
1.9768
1.54147
2.53807
0.744125
1.12646
0.421492
1.24184
1.92465
0.803069
0.621755
0.356274
0.858416
0.110183
0.248921
0.308143
1.70672
0.354282
0.916265
1.07229
0.293464
0.274059
0.249298
1.00086
0.80883
1.98966
0.675732
0.214159
0.43055
0.732987
1.41182
1.48961
0.822777
0.290797
0.407108
1.21146
0.555278
1.30266
0.520707
0.091971
0.402893
1.7407
1.02255
0.0928121
1.29567
0.189144
1.15452
1.07067
0.598512
2.25668
0.316481
1.71901
0.643008
0.151034
0.74847
0.170171
0.531496
3.0626
1.48559
1.31103
0.231497
0.575129
0.968925
1.172
0.854906
1.57558
1.55889
0.246039
0.734089
0.479078
0.416196
0.205554
0.239364
0.494906
0.815578
1.38875
1.16579
1.31417
1.32345
1.34047
2.44892
1.22213
0.75142
0.346284
0.364045
0.177538
0.685665
1.661
0.82406
0.502068
3.40505
1.28557
0.453686
0.506204
1.12188
1.23099
0.0378046
0.485722
0.515054
0.603922
1.30676
0.462741
2.79026
0.675708
2.00506
0.354154
0.323017
0.894076
0.108326
0.472307
0.72729
2.98124
1.27353
2.21871
0.194111
2.55694
1.19091
0.418764
0.616541
0.897186
1.12416
1.32618
0.865303
0.585107
1.28225
0.324807
1.15534
1.4849
1.05129
2.17404
1.25711
1.23029
0.891834
0.332977
2.01296
0.391741
1.91643
0.295283
1.25678
1.61369
0.803126
0.610949
1.04077
0.56902
1.00313
0.311298
0.667882
1.57849
0.483876
1.86253
0.543203
0.637801
2.52197
1.32393
1.04539
0.63019
1.0418
0.45274
1.39138
2.38609
3.74891
0.5827
0.811377
0.665909
0.369097
0.249955
0.889489
0.971463
0.356605
0.832208
0.622625
1.59846
0.586402
0.255545
0.303973
1.04207
0.367196
0.911247
0.982839
0.152515
1.20649
0.876491
0.154415
0.590686
0.631371
1.52206
0.996749
0.514081
0.339859
0.673548
2.37429
0.734508
0.5278
0.936085
0.748647
0.398587
0.428639
1.19809
0.348743
0.657633
1.39019
0.34646
0.75616
0.573882
0.848193
1.13135
0.979986
1.46798
0.0238051
1.09758
0.195599
0.520773
0.766793
1.57641
0.39905
0.531483
0.803028
0.360439
1.3677
0.72656
0.545276
1.01416
1.04237
1.11495
2.08873
0.812485
1.20626
0.16449
0.568068
0.866078
0.846403
0.823928
0.485361
1.09061
0.223332
1.20401
0.665174
0.72461
0.763869
0.794315
0.693123
3.06171
0.980724
1.78763
1.05103
0.453228
1.30645
0.45685
1.28655
1.29634
0.42404
0.140339
2.81255
0.471228
0.393026
0.94481
0.965426
0.660849
0.302222
0.162082
0.700411
1.45252
0.911948
0.990904
1.51979
0.078117
0.248133
0.51646
0.583632
0.569337
1.30234
0.6821
1.05384
0.905227
0.961579
1.57081
4.97817
1.58585
0.498412
0.959784
0.806634
0.958298
0.527531
1.99056
0.608141
0.0653904
0.119097
1.20788
1.03113
0.487722
0.527317
0.180145
0.364619
0.983112
0.493433
0.192225
2.41279
1.08994
0.626105
1.00056
0.563808
2.65097
0.518114
0.110989
0.757666
0.105015
0.096537
1.35717
1.48046
0.858124
0.715379
1.56478
2.08933
0.693228
1.07464
0.912931
0.948972
1.78729
0.803755
1.38867
0.684383
0.815168
1.11985
0.982003
1.00482
0.857549
0.373827
0.279236
0.0177953
0.518175
0.37968
0.515325
1.33511
2.1583
0.355377
1.49038
0.63087
0.886537
1.10286
0.736441
1.05935
0.636853
1.7537
1.25591
0.310998
0.975797
0.28722
0.105166
0.780317
0.475976
0.320483
0.40856
1.06735
0.496035
1.7009
0.469278
0.616972
0.320875
0.950879
1.21367
2.51556
1.29098
0.0851689
0.846382
1.79684
0.33486
1.56269
0.600856
1.52195
1.52615
3.32978
2.00559
1.47163
1.27083
1.97619
0.643525
0.182052
0.60227
1.95934
0.584598
0.32839
3.57223
0.916648
1.03104
0.700405
1.65528
1.43257
1.15721
1.48871
0.594206
0.414904
0.95472
0.34123
1.18077
0.406918
1.35871
2.08285
0.740761
1.34411
1.37677
1.04366
0.650952
0.851513
3.05163
0.149591
1.76297
3.53714
2.6943
1.54666
0.747293
0.96705
1.19598
0.436782
0.795351
0.194802
2.39676
0.964714
0.633981
1.25913
0.787238
0.862183
0.180807
0.0949425
0.970502
1.51419
0.881422
1.72492
1.09267
0.453157
0.873222
0.263022
1.24736
0.966466
1.24084
1.4211
1.68153
0.435884
0.295728
0.0370558
0.314977
1.39906
1.39553
0.627254
3.6071
1.38156
0.558339
1.77301
1.13406
2.14315
1.18152
1.43596
0.415095
0.352664
0.473034
0.152401
0.760753
0.148818
1.96504
0.859775
0.906852
0.628128
1.03795
1.09255
0.787158
1.04161
1.3901
1.57127
0.921676
2.15769
2.56529
0.521137
2.26362
0.409902
1.98498
0.747377
0.794418
2.412
2.67353
1.36533
1.40113
0.873752
0.216375
0.649449
0.406906
1.47827
0.605182
1.45012
0.168791
0.530536
0.75769
0.825833
1.08458
3.26802
0.488353
0.74145
0.986183
1.41831
1.22253
1.46532
1.00482
0.97543
1.96592
0.630677
2.08386
1.00629
2.26401
0.911968
3.83622
1.30556
0.404399
0.654636
2.22514
0.958317
0.691092
0.699735
0.818663
0.5109
0.736737
3.49323
1.99916
0.582739
0.963271
0.702422
0.666088
0.287104
0.657755
0.131822
2.57596
1.34432
0.904583
1.04796
1.15222
0.055016
0.37242
0.460159
1.18047
1.77877
1.76843
0.70447
1.49407
1.18239
0.963985
0.571543
0.835041
1.42894
0.342383
1.3328
1.43286
1.43764
0.740522
0.891098
1.09469
1.60604
0.4348
0.735839
0.514824
1.04709
0.902463
0.308255
1.38515
2.11212
3.91403
0.161886
0.492514
0.939554
0.781449
0.376652
2.50937
1.48524
1.62009
0.574518
1.31674
0.479466
1.01681
0.0926982
0.592945
0.891528
1.89855
0.871217
0.294214
0.258945
2.33971
1.50979
1.09228
0.714659
0.780768
2.13929
1.54342
0.22844
0.874148
0.566872
1.37304
1.2477
3.00221
0.487527
0.0681381
0.155446
0.315084
0.636476
1.00816
0.496539
1.58404
2.04724
1.17688
0.729208
0.645503
0.241454
0.315221
0.165193
0.247384
3.99488
0.692215
1.08403
1.30026
0.316533
0.811742
0.23599
1.22229
0.272509
1.51273
0.638076
0.538779
0.637848
1.07241
0.0759942
1.1106
0.21816
1.51198
0.904163
0.90056
0.0867267
0.146079
1.55689
0.265515
0.49696
1.42122
0.632452
1.32513
0.497309
3.28632
0.598235
1.2995
0.818988
4.5204
0.751748
0.799737
1.54794
0.846206
2.88762
0.686624
1.28265
0.292938
0.81878
0.846981
3.65715
1.84765
2.26344
0.693316
0.259015
0.600583
0.303722
0.852288
1.84541
0.322404
0.347879
0.810727
0.268113
0.78098
0.903022
2.65978
0.536721
0.356138
1.87765
1.75431
1.30688
1.97752
0.574728
0.666016
0.423009
1.59866
1.60335
0.306241
1.36032
0.479554
1.93772
2.85623
0.410422
0.64411
0.736539
0.653446
1.48344
0.623281
2.25008
0.408463
0.694246
1.47617
2.55281
0.583706
0.52073
0.913587
0.49308
0.843878
0.526795
0.511995
1.80645
1.14011
0.971961
1.02604
1.49843
1.84195
0.946444
0.474254
1.63
0.460058
0.998618
0.346185
1.63679
2.28129
0.925646
0.535181
1.34736
2.73343
1.18613
0.337081
0.764657
1.06731
2.79562
0.252114
0.413835
0.30874
1.49811
1.13858
0.773356
0.279139
0.846472
0.541114
2.70739
1.24995
0.439195
0.494207
0.835889
0.912047
1.29065
0.927652
0.252273
0.188443
0.220089
2.60008
0.0724245
0.675701
1.04508
0.508938
0.235205
0.440628
0.38822
0.288932
0.254778
1.08744
2.52883
1.74094
1.3862
1.37789
0.823036
0.3919
0.799505
1.18975
0.0432112
1.27821
0.602326
3.55439
0.552738
0.178927
0.957483
0.245502
1.02311
0.256347
0.101944
0.418862
1.79691
0.542644
0.70248
0.91128
0.495821
1.19359
0.668511
1.18477
1.43056
0.99502
0.429931
1.06273
0.563323
0.538719
1.02211
2.28533
0.121516
0.676329
0.0694381
1.01701
2.73806
1.26751
0.226686
0.8425
0.951465
2.099
0.381532
0.698076
0.597972
2.07764
0.475955
1.2729
0.784204
0.142735
2.92703
1.74021
1.04893
0.528278
0.22605
0.404401
0.805715
1.54333
1.13297
0.651856
2.59649
2.50663
0.842183
0.646653
1.2102
1.13229
0.76021
0.48811
0.137466
0.379236
0.410035
1.26909
0.988926
2.48486
0.203338
1.23719
0.27278
0.301882
0.257265
1.44904
0.477598
0.611541
0.933171
0.713677
0.0833609
0.517591
0.627898
1.21588
0.394872
0.890709
1.07435
2.26079
0.474688
0.126636
0.662989
0.318575
0.755849
0.228402
0.814791
0.458101
1.31848
1.15038
0.708839
0.532667
1.11756
0.556048
0.377769
0.396243
0.594443
2.30578
0.22262
1.14534
0.805146
0.248413
0.799425
0.718834
0.428289
1.20147
1.0638
0.836146
1.32952
3.67342
0.495804
0.254757
1.4863
3.18916
1.10116
0.897486
0.516525
0.0864951
0.849884
0.422425
1.17264
0.629058
0.718347
0.978141
0.784441
1.45899
0.578404
1.23057
1.40203
0.898717
0.878209
0.574225
1.19022
0.177799
1.31734
0.0804148
0.740361
0.790369
1.36601
0.804118
0.525692
1.15254
1.56263
0.774631
0.790926
0.668101
0.27731
0.619666
0.750212
0.304572
0.695344
0.706025
0.214302
0.350876
1.6735
3.95381
0.243482
1.84983
0.830614
3.25814
2.22561
1.32231
0.83389
1.21243
0.484666
1.17739
0.046823
0.434431
0.0880723
0.95391
1.82383
0.955833
1.39874
0.268661
0.310589
0.991201
1.15736
0.413706
0.742825
0.416447
1.7004
0.657847
0.440453
1.12031
0.48973
1.3922
0.635551
1.59414
0.640541
0.758981
0.475025
0.0672461
0.528975
0.713713
2.00141
0.487307
0.374696
0.936877
1.58614
0.478876
1.45007
0.671753
0.397627
0.774923
0.843779
0.937495
0.870605
0.912868
0.773261
0.682101
0.379283
1.45024
0.703549
1.03914
1.07817
0.462182
0.771757
0.479284
0.670446
2.279
1.34287
2.23407
0.553509
1.88194
0.30169
0.181397
0.153704
2.16807
1.00735
0.821496
0.19664
1.04923
0.275487
0.171016
1.97962
2.10741
0.0207499
0.133414
0.557592
0.321083
0.29931
0.386376
0.270213
0.830385
1.38537
0.770665
0.600753
0.588157
0.469654
0.502189
0.584813
0.370389
0.520856
0.269558
1.40315
1.2168
0.987358
0.282376
2.19453
0.76924
0.432782
0.209938
0.241877
0.416908
0.591077
0.798443
1.04169
1.69784
2.47074
0.30668
1.04624
0.28733
1.47376
0.975509
1.38347
0.357164
1.42129
0.550557
0.855912
0.243875
0.193087
0.613875
0.30717
1.20372
0.648079
0.758523
1.90124
1.30112
0.551608
1.06996
0.311766
0.649004
1.3312
0.847454
1.02585
1.20935
1.31249
1.20792
0.868818
2.42905
0.129778
0.97169
2.07661
1.54061
2.7544
0.475772
1.44694
0.485963
0.215215
1.16831
0.973211
0.918956
2.35294
0.348589
0.850923
0.616872
0.547378
0.367639
0.185051
0.36182
0.911527
0.435643
2.00791
0.595432
0.19709
0.699688
0.256308
0.709172
2.16438
0.481037
0.901844
0.966074
1.66312
2.54891
4.69478
0.174547
0.611103
0.971101
0.0149376
0.0827364
0.897801
0.486456
0.0645806
0.880144
0.468127
0.568619
1.13157
0.394723
0.875042
0.619565
0.382561
1.15701
0.693319
0.658119
0.513403
0.337486
2.62582
2.90353
0.54296
1.09136
1.67145
3.84292
0.59762
1.77806
1.10697
1.29407
1.65893
2.53151
0.698175
1.14067
0.504011
1.29551
0.0327237
0.870685
1.74229
2.26931
0.274225
0.970808
1.00139
0.0891341
0.842828
0.321156
0.0209918
0.693696
0.542664
0.764512
0.944744
0.399054
0.98644
1.69613
0.835915
0.303139
0.911937
1.6915
0.433331
1.64741
1.07886
1.4531
0.13525
0.984398
0.669457
0.917077
1.07853
0.23747
0.931729
2.19792
1.25029
0.748056
1.39204
0.911056
1.29729
1.27478
0.544238
0.415717
0.288763
0.863905
0.799553
0.195905
1.5352
0.45921
1.34113
0.322101
2.46534
2.27274
0.372145
0.910303
0.968225
3.5137
0.420415
1.46599
0.983301
0.451273
1.62496
1.55956
0.964841
0.575777
0.822932
0.0390992
0.29416
0.822493
2.14842
0.373077
0.924396
0.965536
1.19461
0.574631
0.505348
0.503075
2.02654
0.0909165
0.378825
0.734905
0.401641
0.278585
0.364316
0.360368
0.659249
0.0670299
0.569128
0.656816
1.86013
0.461218
1.32523
0.445461
1.30067
1.1214
1.43371
2.6873
0.52055
1.04671
1.2852
0.570198
0.381538
0.461349
1.77547
0.745123
0.593446
2.57409
1.19561
0.519961
0.331815
0.239126
0.471922
1.37125
0.404198
0.451357
0.497187
1.17824
2.52745
0.526776
0.49966
1.21455
3.37318
0.59616
1.83416
1.31864
0.585942
3.20147
1.27018
0.988149
0.381568
0.200559
0.252703
0.439235
2.65836
0.499543
0.314446
0.503415
0.899445
1.6386
1.4169
0.860705
0.766039
1.49325
1.0701
0.456098
0.460168
0.666925
1.2523
1.79139
1.06201
0.473364
0.873955
1.4453
0.777233
0.134197
0.623897
1.46969
2.8671
0.361969
2.08499
1.85075
1.32619
0.552916
0.913344
1.28471
0.850244
1.63559
2.39411
0.700041
0.617077
0.0766319
0.065047
0.248894
1.29332
0.959961
0.139738
1.57547
0.111289
2.06993
0.34261
1.36244
1.25939
0.125465
1.19684
0.839692
1.61752
0.667914
0.722144
2.21037
0.783882
1.56598
0.954207
0.854309
1.30016
0.397487
1.17008
0.0837291
0.527465
0.932334
0.959075
1.54941
0.235365
0.107124
0.203776
1.17871
0.597076
0.777739
0.119754
0.492723
0.66314
0.696925
1.18421
0.320943
0.70146
3.00955
0.222782
0.50229
0.477275
0.208388
1.34751
0.163865
1.31655
1.05109
0.359352
1.6887
1.41983
0.342747
1.69925
0.836131
1.37594
0.70749
0.648282
1.12613
0.318362
0.37359
1.2174
0.471006
1.68154
1.369
0.716023
1.62922
0.323929
1.03917
2.23348
0.638631
0.211896
0.825475
0.505881
0.710861
3.4581
0.503708
0.285421
0.623242
0.148469
3.71592
1.358
0.665844
2.23577
0.774827
1.0962
2.82648
1.23607
0.458515
0.483525
1.24015
1.94703
2.14542
2.30655
0.9768
1.07201
0.240464
2.95197
0.246115
1.36028
0.113074
0.289234
1.5547
1.04526
0.512355
0.995612
0.884771
2.78635
0.140801
1.04565
0.861742
0.470555
0.50821
1.01377
0.445371
1.57621
0.313003
1.63501
1.48984
2.42362
0.219291
1.22542
1.67247
0.170067
1.66564
1.28125
0.724737
1.22215
0.331675
2.90808
1.099
0.534397
0.58525
1.17203
1.01739
1.75204
0.904479
0.781104
0.52574
0.195281
1.54868
2.73592
1.07931
0.92308
0.499997
3.34598
1.83987
0.135849
0.829999
1.28984
0.157749
1.0247
0.561769
0.386479
0.717537
1.18998
1.43643
0.281718
0.0254962
0.537994
1.43449
2.00324
0.927996
2.77701
1.84438
0.363397
0.934066
1.08958
1.96745
0.686428
0.267307
1.39941
0.352048
0.893777
0.971034
0.508506
0.565084
0.274135
0.152506
1.00002
0.572001
0.417193
0.89065
0.916862
0.751397
0.757858
1.78593
0.272234
0.300191
0.867823
0.720575
0.107617
2.38093
1.18872
1.7486
1.31555
1.08407
0.646862
0.593925
1.25703
2.43283
1.75938
0.62292
1.80428
1.50515
1.01948
0.377806
2.45356
1.16953
0.928889
0.84017
1.64254
0.6597
0.0901905
1.36608
0.929461
0.280781
1.10275
0.149547
0.718771
1.19796
1.4189
3.87346
0.321301
2.21231
0.0555531
1.59834
1.59082
0.848334
0.972642
1.00324
0.237983
0.308802
0.474
2.26295
1.1767
1.18442
1.32614
0.0767769
0.68547
0.534405
1.27886
1.24191
0.93838
0.107865
0.290887
0.325513
2.40713
0.0515458
0.780442
0.0549807
1.40331
0.501951
0.700993
0.293436
0.716589
1.37654
0.712825
0.624073
1.52565
1.4085
1.4871
2.27743
0.90285
0.272556
1.76414
0.832009
1.0122
1.01111
1.6784
1.88645
3.1113
1.79041
0.573578
1.51571
0.398818
1.08118
0.775091
1.80997
2.59047
0.350032
2.61849
0.959265
2.67358
0.549316
1.419
0.749464
2.06869
1.62903
1.08594
2.03163
1.34894
0.529959
1.76605
0.110555
0.399089
2.44354
1.05678
0.230087
1.83151
0.119927
0.100834
0.94601
0.666899
1.62205
0.637304
0.798727
0.480535
0.242343
0.579505
0.882823
1.22398
0.539071
0.204166
0.486901
0.14657
0.0703436
1.88305
0.45115
0.307004
0.123908
0.930422
1.06824
0.472283
3.11388
1.58625
0.464083
1.12574
0.965057
0.932371
0.672831
1.11757
0.519814
0.595424
0.870147
0.823657
0.233337
0.043975
1.03273
2.5684
2.11674
1.12338
1.39294
1.34592
0.358047
0.253166
1.97905
0.557037
1.74589
0.517674
0.676425
1.73771
1.99348
1.15289
0.273663
0.159753
0.947658
1.10406
0.304919
1.52485
1.82467
0.893044
1.06992
0.0148577
1.26176
0.492533
1.99131
0.502873
0.120251
0.879539
0.492059
1.39685
1.83004
1.30829
0.473074
1.1217
0.718064
0.871211
1.69511
1.2058
0.849188
0.689273
0.199173
0.142155
1.04124
1.09126
0.590022
1.11008
1.58212
2.28946
0.560086
0.259257
1.13727
0.919424
1.80647
0.773026
0.305688
0.944075
1.41234
0.437041
1.33766
0.457121
0.327552
0.498788
0.870348
0.997978
0.534306
1.28016
1.08448
2.34962
1.11453
1.01474
0.107792
0.692336
1.01034
1.08213
0.254857
1.00182
0.741428
0.30332
1.82792
1.10794
0.196421
1.16771
0.2822
0.844174
0.0578949
2.28086
0.37575
0.793466
0.674148
2.93101
0.645403
0.665841
0.0900835
0.479708
1.18048
2.71301
1.92101
0.509454
3.6447
0.310229
1.85586
1.24376
0.323092
0.813778
0.253216
0.763969
1.15991
1.1987
1.47998
0.676037
0.935092
1.01766
0.774921
1.09497
2.04383
0.782989
0.854909
1.5077
0.592786
1.54477
1.41967
0.509116
0.75452
0.418808
1.91206
0.510969
0.485382
1.01471
0.872704
1.16512
0.679152
1.49818
1.0093
0.565924
0.266638
0.745025
0.454549
0.204229
1.08269
0.720774
0.464072
0.534046
0.643202
1.14633
0.309166
0.779926
1.67866
1.42376
0.450036
1.66609
0.539299
0.430704
0.966827
0.406579
0.286023
1.08233
0.654167
2.78536
0.731673
2.108
3.40986
0.355822
0.669865
0.195702
0.940983
1.33821
0.708777
0.652073
0.941667
0.53845
0.707517
0.17796
1.07462
0.604374
0.939703
0.407644
1.95898
0.573307
1.79795
0.791755
0.695928
0.577897
0.240888
1.01302
0.213774
1.73886
2.49495
1.73197
3.60995
3.07205
1.63314
1.10344
0.973497
0.290099
0.18956
0.448822
0.229476
0.718993
1.26009
1.67081
1.61614
2.59173
0.440319
0.766529
0.892605
0.720393
0.43968
0.51933
0.395603
0.333413
0.507386
0.365988
0.799245
1.11026
1.56547
0.719973
1.01553
1.36071
1.31291
1.37079
0.473822
0.459703
2.07112
1.16788
1.32641
0.480367
1.2071
3.05349
0.409252
2.41442
0.853879
1.02251
1.59619
0.836979
1.02798
0.132768
0.677654
1.28641
0.280149
0.797917
0.190805
0.51247
0.86245
0.803151
0.185674
3.13877
0.781012
0.596704
1.85068
0.798281
0.145255
0.646733
1.84722
1.42938
0.680792
0.41957
0.725284
1.73621
0.85425
0.61567
0.863882
2.46416
1.81985
1.13158
1.01721
1.74489
0.293747
1.06913
2.37326
1.22037
0.363915
1.99657
1.01008
1.20441
0.612333
1.51756
0.884449
0.786578
0.419633
1.36981
0.773961
1.27857
1.06551
2.00612
1.66455
1.08315
2.78391
0.978837
0.695796
0.981803
2.03292
0.908911
2.93748
0.91946
0.193456
0.0846984
0.61254
0.974702
1.24448
0.845115
0.693208
2.21809
1.03794
0.787872
0.702282
0.179985
2.56408
0.686344
0.596028
1.87989
0.364871
1.00654
1.67582
0.640875
1.47339
0.36889
0.217109
0.363422
0.89583
0.534051
2.51572
1.68577
0.28914
0.785213
1.51629
1.27134
1.13718
1.46615
0.295988
0.82889
0.134504
0.14625
0.608323
0.444268
0.683405
2.88555
0.210274
0.783591
1.02337
0.98192
0.621961
1.58209
1.43892
1.35096
0.534535
1.16025
0.867953
0.888974
0.13187
1.55867
0.847447
0.422841
0.775954
2.06399
1.24196
0.697554
1.18907
0.737833
1.32688
0.517755
1.11182
0.177675
1.27907
0.693832
0.0560598
0.574796
0.632554
0.293437
3.21782
2.23854
1.38858
1.08305
0.278537
0.109339
3.59984
1.05331
0.992967
0.111807
1.4862
0.554236
1.11783
0.747428
0.34335
0.927755
2.25304
1.82986
0.974051
0.63225
0.274575
0.513845
0.837846
1.14184
0.834502
0.903324
0.272394
2.26454
0.491154
2.10145
2.40632
1.44141
0.864883
0.991591
0.629345
1.05808
0.883843
0.87555
0.754492
2.30794
2.08082
0.427372
0.535499
0.586304
1.14888
0.855538
0.330139
0.524505
0.329376
1.18026
0.853644
0.547507
1.40091
0.838159
0.550273
0.724338
0.805767
1.75915
1.36575
0.436501
1.44897
0.646891
0.499644
2.64332
1.6982
1.42794
0.792686
1.14908
0.597461
1.19846
0.816615
1.5505
2.09386
2.82897
0.0589284
0.919946
2.05263
0.917542
2.27802
2.91112
0.681274
0.424549
0.550581
1.80709
0.202677
2.56381
0.581035
0.547537
0.548352
1.23117
2.25697
0.851778
1.46781
1.30468
0.821747
0.206344
1.28408
2.62779
3.05582
0.988095
0.537133
0.537822
2.0976
0.488239
0.520003
0.91793
2.66615
0.70103
0.505056
0.330175
0.290375
0.571795
0.679904
0.242662
1.46895
0.204025
0.779955
0.827606
1.39038
1.43262
0.307197
0.230776
1.14779
2.86366
1.15236
1.10432
0.551465
2.03889
1.4463
1.46618
0.157846
0.799288
0.592906
1.16921
1.15051
0.920924
0.370499
0.147791
1.30333
0.948064
0.29281
0.384
0.848426
0.287421
0.815843
0.733731
1.20335
0.75705
0.166104
0.677722
0.388552
0.396547
0.555919
0.530818
1.88067
0.197346
0.200848
0.391562
1.3908
1.10774
0.59169
1.9679
0.580448
1.84185
0.700802
0.435331
1.20574
2.73338
1.63243
1.94855
0.987366
0.4031
0.547822
0.204141
0.764813
1.68901
1.38559
1.0473
0.890439
2.1775
2.50508
1.03828
2.03427
0.335372
0.800603
0.410752
1.10436
0.346386
2.61665
0.429263
2.48161
0.53129
0.662121
2.01895
0.475417
1.12016
0.599847
0.454789
0.75412
0.998608
1.33834
0.574951
1.17679
0.905224
1.69035
0.216398
1.2459
0.863383
0.606977
0.1289
2.14711
0.383835
0.573693
0.539228
1.11929
1.50267
0.189984
1.20504
1.34126
0.289894
1.00438
1.12442
0.252231
1.30213
0.845009
1.18552
0.996161
0.273055
0.0627566
0.913927
0.314257
1.2699
0.728244
0.713602
1.16514
3.25584
0.60899
0.830772
0.630806
1.00294
2.23921
1.75498
1.9191
1.55446
0.721298
0.704098
0.845379
1.53152
0.850193
0.496593
1.67733
0.343932
0.162188
2.5949
0.506057
0.108254
0.72358
1.17892
0.13099
0.763575
0.705796
0.752103
1.0203
0.605788
1.15795
0.382173
1.14717
1.08298
1.43878
0.714345
2.06675
0.907688
0.528008
0.607351
0.512029
1.11928
0.293318
2.06139
0.786468
0.357637
1.21072
0.39637
0.556068
1.59057
1.01372
0.195888
0.14588
3.01238
0.641394
1.12426
1.04041
0.350766
1.36118
1.16956
0.274507
1.18765
0.21146
1.26282
0.267254
0.459056
0.788301
0.80956
0.141385
0.689758
0.296858
2.24167
2.93458
1.10092
0.859724
0.90702
1.33915
0.991427
0.550358
1.10118
1.59081
0.888
0.0438094
0.0504769
0.745569
0.0117072
1.29375
0.293127
1.02518
0.928024
0.638541
0.353673
1.05342
0.440028
1.24431
0.597381
0.347215
1.20209
0.0744441
3.45775
0.817559
0.757052
0.114432
0.731682
0.809629
1.0718
0.576669
1.57675
0.0938183
2.57117
0.322522
0.239955
0.542512
1.4431
1.54746
0.488893
1.37847
1.59615
2.48734
1.00986
0.634444
1.01756
1.78242
0.982517
1.04541
1.42446
0.684038
1.7774
0.858564
1.40966
0.337798
0.872697
0.140092
0.0341228
0.999309
0.776517
1.84089
0.583253
1.18464
0.567757
1.71787
0.0834297
0.419941
0.631697
0.693278
1.49977
0.529883
0.572486
1.79364
0.566682
1.58365
0.462859
1.43234
0.364872
0.708181
1.65304
1.76953
1.1546
0.373726
0.286497
1.13172
2.90178
1.71297
0.12753
1.61831
2.00057
0.94421
1.38441
0.35846
0.665098
0.711945
0.194412
2.28827
0.102875
0.539883
0.985682
0.784603
1.60214
0.717431
1.68343
1.16729
0.972048
0.30719
0.227058
1.20463
0.970911
0.290882
1.26842
1.75271
1.32805
0.266854
0.842403
0.173633
0.912663
1.18776
1.0794
1.07794
0.908991
0.917348
1.82169
0.831051
0.766452
1.86681
0.0232694
0.21349
0.96965
0.202934
4.1776
1.82614
0.418573
0.483035
0.808591
1.00956
1.83626
1.46336
1.24928
0.34215
1.47508
0.53771
0.33965
0.616874
0.936285
1.18593
1.31257
1.0351
3.53929
0.172133
0.276614
2.13664
1.30938
2.20265
0.954398
0.442324
0.706139
1.88778
0.311582
1.58832
0.571318
1.35828
1.60755
1.43861
0.0993516
1.03307
0.582106
0.724673
2.3956
1.17214
0.540177
0.104694
0.507117
1.46639
0.550109
0.19488
1.03326
0.271946
2.05764
0.750391
0.151859
0.978781
1.80482
0.879459
0.256858
0.33049
1.64642
0.678393
2.05728
0.750652
0.192169
0.876347
1.52415
0.711127
0.621697
0.300474
1.51581
0.0588628
2.32515
0.327289
1.55256
0.30233
0.17154
0.790157
1.08066
0.266498
0.429402
0.220536
0.129857
0.94707
0.741297
0.432196
0.747826
0.399871
1.20988
1.28368
1.00602
1.12274
1.39462
2.44116
0.465092
2.34022
1.08422
1.65406
0.338341
0.286107
0.615952
0.949535
0.612349
0.608191
0.554042
1.17261
1.11779
0.76001
0.205293
3.16156
1.08098
1.08308
1.26269
1.26163
2.55589
0.818415
1.07654
0.70294
0.720002
1.04386
1.16215
0.557694
0.147136
1.50945
0.700725
1.84088
1.12463
1.07639
0.522198
1.74409
1.26102
2.97175
0.885119
0.507473
0.483649
2.58752
2.26049
0.74267
0.779312
0.391839
0.731626
0.868239
1.36442
0.138585
1.63661
0.0885405
1.48295
0.582878
1.00621
0.517394
0.994802
1.21091
0.395951
0.14922
0.696038
1.48041
3.32525
1.23696
1.49826
1.59969
2.98069
5.60706
0.820038
0.972537
2.02345
1.21677
2.80268
1.27773
0.866569
0.164162
1.47405
1.81735
1.03136
1.95412
1.39083
0.401408
0.0833241
0.982379
0.773923
1.5403
1.60389
2.00565
1.67485
0.657736
2.7707
1.76945
0.764386
1.89939
0.141737
1.65783
1.52464
0.864048
0.239408
1.71878
0.790702
1.29439
0.12126
0.757737
1.10147
1.05313
1.06111
0.518905
0.547731
0.465309
3.47402
2.53775
0.205935
0.388861
0.838679
3.32709
0.559975
0.827542
0.886654
2.0205
0.484997
2.19332
0.338723
0.496633
1.90288
1.27159
1.84555
1.80464
0.750576
1.82017
0.733368
0.257678
0.18751
0.200532
1.05593
2.59047
1.93683
0.198796
0.538416
0.701302
1.94317
1.0478
1.13765
1.09524
1.98864
1.69132
0.976989
0.474567
0.292744
0.497697
0.690877
2.17311
1.12012
0.872844
1.17102
2.04232
0.876454
0.305582
1.3066
1.8398
0.536149
1.94863
1.47866
1.35032
0.0982858
0.412322
1.86792
0.777566
0.927105
0.893862
0.237449
0.339121
1.72722
2.53622
3.16857
1.96673
0.898559
0.154031
0.945178
0.758067
0.355607
0.198847
1.36301
0.810223
2.34187
0.132479
0.713905
1.67987
0.719918
2.42325
1.08963
2.17132
0.350407
0.564339
0.706882
1.59268
1.69688
1.1591
1.18269
1.08123
1.19582
0.551202
0.968593
0.962564
0.922765
0.511064
0.673994
0.513515
0.961455
0.894631
0.635198
1.91325
0.584813
2.11057
1.01465
0.546017
0.760492
0.656711
1.98618
0.869864
1.43826
0.0507726
2.09979
1.02077
0.545827
1.28724
0.349354
1.13643
0.899257
0.774827
2.2606
1.45259
0.837314
1.06836
0.205677
0.42252
0.156895
1.08299
2.29459
1.43416
0.654331
2.5431
2.08999
0.236953
1.37357
0.778084
0.419805
1.27328
0.363205
0.912938
1.44166
0.464356
0.883965
0.872043
0.56741
1.2469
0.0161778
0.324839
1.4692
0.532163
0.711113
0.289964
1.352
0.225541
0.467317
0.204197
0.700807
0.767823
0.287027
0.646317
1.31548
1.74856
1.81042
0.919411
0.900716
0.477037
1.31549
0.289544
0.98852
0.300407
2.37004
2.63384
1.01854
0.485162
1.53345
0.913786
0.0577754
0.787808
0.355735
0.437682
0.631522
0.722156
0.143759
1.57893
0.299372
1.12239
1.25936
0.625581
0.142147
1.43223
1.4705
2.73784
1.84049
1.08756
1.19194
0.358527
0.270146
1.2957
1.7664
0.976849
0.824638
0.0466914
1.08445
1.68341
1.38954
0.152975
0.509509
0.0315596
1.91305
0.136531
1.33895
1.12069
0.681277
2.07474
0.739736
1.65277
0.869594
0.521598
0.185954
1.49138
0.0964549
1.42682
2.69135
0.170337
0.347087
0.589258
0.89744
1.82274
0.952268
0.82638
1.09052
1.15189
0.877361
2.80579
0.410412
1.05679
0.558848
1.00642
1.58057
1.15772
0.842468
1.82987
3.06875
1.28548
1.857
0.397449
0.803445
0.460937
0.603643
1.27111
0.151107
0.248337
0.39873
0.681302
0.714229
0.673501
0.334655
0.273018
0.821762
1.38437
5.14622
0.359417
0.418158
0.450183
0.163995
0.638687
0.755736
0.775925
1.17265
1.00413
0.901566
0.342218
0.700547
0.736592
0.606451
0.169056
0.992561
0.252969
1.06701
1.5017
0.19738
0.696286
1.34001
0.54224
0.592477
1.35324
3.64766
0.509219
1.43195
1.33266
0.970041
0.286921
1.48419
0.90947
2.1084
0.599052
1.76307
0.949034
1.02647
0.301249
1.75451
1.67496
0.350212
1.69177
0.949925
0.657135
0.758937
1.19015
0.906469
0.889769
0.601315
0.372376
1.50439
0.46613
0.49848
0.531651
0.760013
2.70624
2.08563
0.526453
1.79605
0.986044
0.334127
0.721427
0.38561
0.585178
1.3879
1.27467
1.40477
0.197935
0.572284
0.487263
1.05029
1.93434
1.1547
0.919637
2.78602
0.769219
1.57877
2.8717
0.254649
1.09527
4.34803
0.761558
0.499334
1.43145
0.420554
1.68766
0.639603
0.256496
1.05686
2.49172
0.753928
0.526944
1.51701
0.640474
2.01263
1.13108
1.12572
1.03826
0.568407
1.78351
0.817301
1.13915
0.201675
0.425171
0.120579
1.2077
0.931987
0.61805
1.73895
1.32658
0.775313
2.71275
0.63263
0.502597
1.33334
1.27925
1.6142
0.803064
0.240866
0.938164
0.488942
1.38721
0.47237
0.562528
0.369242
0.280137
1.25498
0.804903
0.323694
3.45601
1.33043
1.44718
1.16355
1.24124
0.388713
0.795795
2.05792
0.850581
1.81416
2.38715
0.083214
0.444458
2.28003
0.241447
0.837983
0.7568
0.578873
0.146252
0.624007
0.0804208
1.20503
1.70825
0.744952
1.26591
0.888178
1.01664
0.361069
0.291349
0.242846
1.3587
0.781531
0.340814
1.79577
2.03164
0.480202
0.613695
1.10377
0.957547
0.541972
0.112924
1.02902
2.31294
0.0710161
0.741922
1.46746
0.664464
0.570532
0.558643
0.368102
0.86889
0.120645
0.419845
3.41746
2.47387
0.960066
0.941054
0.491579
0.563209
0.197642
0.965712
1.29247
2.14966
0.891414
1.47621
1.89569
1.74662
2.75912
0.453224
0.274066
0.439946
0.352272
0.524691
0.547743
0.168561
0.724023
1.14056
1.10862
0.642928
1.5803
0.301139
0.244499
0.443059
0.617242
1.46279
1.02668
0.495936
1.65339
0.363353
0.869533
1.30404
0.607859
2.89641
0.531971
0.389635
0.5426
0.229275
0.184409
0.159487
0.379744
0.604761
2.49319
0.493065
0.730108
0.814912
1.32736
0.212543
0.894533
0.216311
0.897152
1.92441
2.17788
2.21277
0.193968
0.230041
0.490006
2.91962
0.0928455
1.53086
0.371688
2.22296
1.40168
1.13079
0.234758
0.211757
1.23268
1.0738
0.688884
1.11749
1.81123
1.5687
0.0729431
1.45073
1.08243
0.510123
1.00104
1.05452
0.441078
0.861448
1.86916
2.51497
0.718802
0.940861
0.240347
0.995733
1.36679
1.39584
1.18451
0.231712
0.996422
1.27765
1.24673
0.429067
0.982865
1.53751
0.648902
0.536706
0.51144
0.24894
2.84824
2.34605
1.42194
0.59911
0.376327
2.30331
1.65719
0.54474
1.05767
0.33468
0.370046
0.462778
0.792935
1.49629
1.14915
0.769594
0.124401
1.30754
0.876551
1.12285
1.42577
1.20756
0.906877
0.71003
1.82765
1.83231
0.472556
0.908597
0.473551
0.835701
0.252222
1.29477
0.774086
0.236584
1.69114
0.418839
0.706496
0.675813
0.867161
1.63178
0.784738
1.71305
0.235628
0.614679
0.552167
1.00079
0.0450234
1.23143
0.452218
0.871241
1.70596
0.667774
1.11005
0.563225
0.371316
0.438032
0.191118
0.789388
1.3173
0.879945
1.05688
0.841423
0.302811
1.04618
2.00583
0.454151
0.968916
0.872801
0.49658
1.19288
0.664902
0.430018
0.400461
1.32756
0.816704
0.334332
1.08041
1.46504
0.193963
0.322193
1.82222
1.02321
1.03044
0.522165
0.556515
0.150696
1.19992
1.05121
0.769287
0.871049
0.615016
1.71559
1.10573
1.15389
0.924884
0.84315
0.769321
2.24195
1.05371
0.526233
0.333576
1.26699
0.364633
0.541528
0.687511
3.11506
0.897233
1.07713
0.822886
0.533596
1.11354
2.26917
1.80703
0.590574
1.2533
0.955816
0.579908
1.06252
0.190936
0.865704
1.13816
2.0163
0.869548
1.20032
0.325626
1.04913
0.490771
1.63138
0.580766
1.0778
0.360103
0.397857
1.55919
0.170448
0.745472
0.214255
0.539692
1.46574
1.21536
0.0670851
0.545805
0.381519
0.0855648
0.792659
0.332004
0.977983
0.940252
0.0702942
1.3072
0.578148
2.28215
0.0477708
0.673732
0.315527
1.17159
0.72156
1.05375
0.810356
1.02777
0.70816
0.798112
0.337783
0.477663
0.754415
0.155014
1.76788
1.34885
0.967003
1.75555
0.138894
0.225093
0.961524
1.95084
0.508449
0.955251
0.693427
1.85399
0.214685
0.306516
0.891855
0.918036
0.608772
0.905764
0.845481
1.64705
1.72161
0.982407
1.55457
3.03915
0.0935275
0.121225
1.04208
0.75533
2.14882
0.919906
0.318707
0.726342
1.31488
0.87761
0.61605
0.382109
1.05566
1.8263
0.446789
1.36727
1.97508
0.77079
0.825909
0.48396
1.16645
0.484777
0.61404
0.235044
0.889458
1.55348
0.364914
1.59641
1.04285
1.94189
0.749298
0.33431
1.58151
1.4803
0.752115
0.381243
0.547192
1.50016
1.75971
0.643533
1.05254
1.28289
1.24464
0.974528
0.460667
1.9337
0.755175
2.24236
1.23992
0.567935
0.637197
0.710587
0.500992
0.428858
1.05813
1.92965
0.587149
0.635151
0.410028
2.47473
0.679068
1.58405
0.931562
0.420546
0.982918
0.616354
1.6239
0.44544
0.813215
0.553862
0.303317
0.74846
0.727213
0.426039
0.14977
1.17626
0.104992
0.399405
0.988074
2.41646
1.03228
1.21648
0.246366
0.834609
0.757162
1.86659
1.03071
0.937543
0.593271
0.347853
1.48533
0.872853
0.22182
0.965607
0.739382
1.75559
0.867663
0.126991
1.52212
0.306408
0.411685
0.433612
1.099
0.0863261
1.00324
0.0555006
0.728388
1.9319
0.728544
0.796017
0.794079
0.631074
0.924138
0.33669
0.191108
0.749796
1.58445
0.763709
2.58675
0.726789
0.953558
2.40827
1.05542
1.34019
0.20134
1.30802
2.05518
0.268295
0.589603
0.536602
0.576364
1.97703
0.749835
1.10003
2.44554
2.93823
1.66486
0.752356
0.703991
0.181305
0.643105
0.592072
0.603991
0.369822
0.819354
0.984822
0.245928
0.1803
1.18522
0.186576
0.451948
2.08005
0.370436
1.41486
0.567351
0.45146
2.30607
0.462138
1.71168
1.35893
0.0969652
0.503928
1.36996
2.50588
0.910802
1.40601
1.06933
0.879179
1.64789
0.591081
1.18715
1.27229
0.186711
1.60453
0.847375
0.225659
2.78488
0.456544
1.33565
0.981997
0.898797
3.54563
3.05444
0.118958
0.228685
2.13421
0.609586
0.269464
0.740395
0.479947
0.685255
0.444568
0.0867979
0.308243
1.19566
1.59043
1.28845
1.16015
0.290264
0.95323
0.161156
0.324394
0.784305
1.71202
0.5549
1.05853
1.04953
0.154863
1.43775
0.703393
2.94192
0.991819
1.99917
0.0486376
0.83696
1.8111
0.657627
1.20586
3.36443
2.74812
0.840951
0.791036
1.72146
1.92846
2.49535
0.233329
2.15842
1.50739
1.43173
1.49235
1.00827
0.699326
0.41718
0.16761
2.21885
1.22534
0.321027
0.226912
1.42948
0.232489
1.50485
0.351427
0.582318
0.106623
0.0457772
1.09353
0.586987
1.28368
0.167967
1.3588
0.553579
1.40988
0.195657
1.00658
0.539743
0.860596
0.829697
1.08016
1.56937
0.696034
0.495561
0.458964
2.96448
0.621834
0.185786
1.86792
1.26658
0.417578
0.354578
0.680869
2.0515
0.657628
0.974147
1.23383
2.46907
2.66328
1.3618
1.17819
0.389022
0.262818
0.333064
0.0974416
2.25896
0.840694
0.756889
1.26568
0.702513
0.41562
1.20569
1.73058
0.528682
0.636884
0.148096
0.991683
0.884809
1.20763
2.21693
1.51524
1.81088
0.353241
0.941719
2.80134
2.45838
1.17668
0.986066
0.426768
1.53404
1.30138
1.02865
1.32992
0.61483
1.43495
1.59062
0.649204
0.612346
1.49765
0.517322
0.689451
1.3506
0.580566
2.86636
1.99051
0.313904
0.559721
3.08737
0.868225
2.18788
0.216351
1.15047
1.21092
1.00963
0.338927
0.750415
1.30197
0.956581
1.12042
2.51792
1.06564
3.20055
2.73001
2.53247
0.181987
0.523976
0.789867
0.880101
2.58411
1.99962
0.559062
0.819944
0.718745
1.6192
1.75848
0.391736
1.85493
1.39789
0.969373
0.500819
1.31092
1.21647
2.06811
0.683278
0.203932
0.663623
0.787134
3.22717
0.740649
0.443801
0.240426
1.54564
0.785423
0.860186
0.7011
0.635314
0.233
1.28914
0.825901
1.61013
0.935596
0.339209
1.64614
1.46781
1.36601
1.29923
1.60941
0.667978
2.68089
0.520099
0.190089
0.184324
0.892886
0.333545
0.565995
0.946342
0.395081
1.43739
0.63057
0.681575
0.863565
0.584967
2.07825
1.35669
2.11932
2.44929
1.7063
1.43182
0.458696
0.620837
0.73363
0.947227
0.301467
1.61873
0.0399585
1.07179
0.502278
0.544141
0.790118
2.70351
0.722663
0.496249
3.63887
0.998735
1.53825
0.453717
0.903587
1.15022
0.388934
0.690018
0.645964
2.09293
2.60215
2.20985
1.11265
0.48974
0.495078
0.89613
1.7024
0.506732
0.264753
3.25765
4.10844
0.267375
1.85746
0.789696
1.85497
0.338461
0.387767
0.224179
1.9378
0.207049
0.189445
1.20267
2.0658
0.745633
1.38808
0.602466
2.87657
0.860771
0.642403
0.702281
0.642498
2.27324
0.307073
0.987473
0.726618
1.27049
2.00854
0.524848
1.83877
0.381381
1.17842
0.072079
0.476629
0.930304
1.41026
2.34327
0.938596
1.5772
1.92794
1.26117
0.920452
1.25589
1.69525
1.70433
1.55979
0.701516
0.212143
0.568797
1.28609
0.669121
1.56554
0.471101
0.291736
1.53585
0.753132
1.26196
0.545916
1.83829
0.308639
0.316356
0.813975
1.2708
0.190633
0.871168
0.286324
1.14068
1.15653
0.792977
0.930222
1.36387
0.598176
0.493595
1.52066
0.513512
1.70028
0.271297
1.75014
1.75418
1.78701
2.06273
1.24796
0.30355
0.800332
0.257344
0.695711
0.853774
0.260502
0.381571
0.540104
0.356722
0.526235
0.21177
0.143842
2.95261
1.31276
0.0915121
1.78239
2.07534
0.796301
1.44706
2.52868
0.667647
0.515626
1.12056
0.440329
0.675536
0.484367
1.31216
2.92098
1.52074
1.16598
0.340736
1.31458
2.40055
0.995707
1.18492
0.668747
0.983205
0.70732
0.378926
1.08846
0.933069
1.96441
1.07863
0.965449
1.63771
0.716131
1.07058
0.929362
0.906454
0.701155
2.01548
3.14449
0.751754
0.273162
0.355045
0.360889
1.46195
0.496023
1.36936
1.66839
0.140467
0.803856
1.41195
0.458151
0.4528
0.758368
1.2853
0.18374
0.888121
0.927845
1.06965
0.72293
0.748641
0.998643
1.11043
1.29715
0.924929
0.265844
0.906785
0.121723
0.966234
1.12167
1.61578
0.232894
0.162881
1.91414
0.928859
1.03417
1.63723
0.521936
1.20585
0.923253
0.845019
0.224697
0.5103
0.566004
2.17697
1.03194
0.507506
1.80063
0.385772
0.379167
2.39472
1.44698
1.59865
0.359598
0.598897
0.373315
0.649825
0.195748
2.78685
2.51588
0.537693
1.10938
1.31144
1.85219
2.32228
1.2129
0.741435
1.0948
1.02845
0.445782
0.595721
1.38951
0.279104
0.497087
0.65199
0.574395
3.16244
1.22328
0.873766
0.742166
0.542071
0.647459
0.117078
0.643296
1.48919
1.64015
1.07815
0.59651
0.703924
0.162741
0.477082
0.201875
0.759833
0.513243
1.80072
1.00216
1.83045
0.761369
0.248015
0.271777
1.35352
2.57674
0.138789
1.0375
0.956015
1.34562
1.20507
0.794144
1.06292
1.29103
0.880128
1.11619
1.42692
1.6159
0.324162
0.435744
0.612718
0.774041
0.0921466
1.02059
0.952904
0.744754
1.47169
0.975279
0.583642
2.46735
0.646216
0.516495
1.20425
1.52082
0.703227
0.771087
1.61756
0.977442
2.01453
0.437364
0.647909
1.7564
2.04533
1.79004
0.556378
0.456153
0.569574
1.54896
0.190813
2.04391
0.274923
0.134228
1.58239
1.45936
0.259623
0.947941
0.511631
0.635085
0.674308
0.192114
0.434918
1.53928
1.16982
0.7996
0.923283
0.407436
0.3578
0.201035
0.579626
1.73226
1.32524
1.55457
0.722452
0.706458
0.123044
0.762495
0.565926
0.428805
0.81702
0.364436
0.999914
0.139455
0.786044
0.419209
0.866798
2.03149
0.378971
1.92017
1.62017
0.583757
0.0684822
0.607384
0.416299
2.49471
0.817413
0.924715
1.1292
1.20415
0.823743
0.331346
0.455723
2.0054
0.8104
1.46226
1.7438
1.81097
0.185283
1.16882
0.430165
1.70916
0.869417
1.15615
0.390203
1.26202
0.361938
1.29175
0.78863
0.877588
1.26999
0.499931
1.42266
0.913287
0.513672
0.404318
0.461018
1.61869
0.890844
0.124275
1.18399
0.496121
0.368841
2.32845
0.548862
1.28677
0.989804
1.35987
0.807763
0.538837
0.877543
1.21642
1.67615
1.46011
0.812318
1.28255
1.00725
0.323613
0.55606
2.70083
0.338561
0.36941
1.23997
1.22061
0.819157
1.66836
0.976604
0.513918
0.288587
0.560133
1.32302
0.600971
0.494689
1.19077
0.616126
1.58196
0.417632
1.08877
1.25011
1.52149
2.07758
0.454806
1.38643
0.365654
0.116765
0.703275
1.09837
0.986762
0.210741
0.483639
0.697297
0.573053
1.01811
0.881785
1.78454
1.04437
0.972395
0.141269
2.34376
1.07589
0.544159
0.640581
1.57686
1.03303
0.572301
1.27288
0.631881
0.290475
1.7003
1.05728
1.17073
0.940273
0.261525
1.17054
2.16564
0.303242
0.778396
2.06
0.406314
0.225922
0.19924
1.39826
2.26901
1.19143
2.06769
0.367311
0.428257
0.41692
0.957628
0.167866
2.12909
0.996358
0.422509
0.543657
0.804821
0.937249
2.14657
1.43401
0.355478
1.8759
2.61157
0.498976
0.216935
0.400965
0.575402
1.29117
1.27776
2.00669
1.27565
0.37013
1.12142
0.622656
0.813989
1.31181
1.51164
1.06427
0.929235
0.512746
1.50222
1.55498
0.219458
1.18856
0.201448
1.89497
0.689531
0.556027
0.355986
0.842729
0.110918
0.22108
0.515247
0.362973
0.12233
0.643875
0.285966
2.53861
0.515449
2.39284
1.44924
0.394207
0.438546
0.50961
0.106276
2.38809
1.73202
0.117551
0.3319
0.757512
1.21051
2.3041
1.11596
0.120957
0.922975
5.44393
0.121489
0.534471
0.86179
0.437361
0.315349
0.155084
1.44351
0.610316
4.11774
0.538713
0.63071
2.26879
0.465641
0.468894
1.98941
0.0407356
0.938536
0.880653
0.197489
0.0438568
1.86389
0.473431
0.697082
0.365868
0.353651
1.03994
0.606417
0.394044
0.320841
1.32233
0.405184
2.79565
0.73136
0.640589
0.224623
0.411565
0.837685
1.09553
1.55133
0.38218
1.01556
0.731831
1.35392
0.442584
1.52014
0.30291
1.04342
1.28079
1.31075
0.560397
0.408008
1.97937
0.868951
3.41132
0.811544
1.80841
0.24555
0.477652
0.734775
0.956909
1.17359
0.697273
2.09545
0.293636
1.15494
1.12867
0.319535
2.71581
1.26952
0.772522
0.212378
0.301943
0.923957
1.72478
0.435946
0.380919
1.46823
0.999657
1.88089
1.01455
1.08332
0.289594
0.0224739
4.08484
0.736868
2.32767
0.503508
0.14315
0.338833
1.46911
1.9109
0.690427
0.082379
1.60373
0.536207
1.11624
0.796629
1.03537
0.0203536
0.371242
1.58394
0.539381
1.54079
0.999257
0.759889
0.760265
0.342081
1.16625
0.131122
0.43166
2.27742
0.120685
2.94421
0.288164
0.53861
0.388843
2.26671
2.68375
0.734008
1.22048
0.762577
0.841222
1.73714
0.68333
0.508141
0.508094
0.560327
1.53662
1.35024
0.148006
0.387963
0.192308
0.803936
2.92117
0.208927
2.13438
0.612151
0.812281
1.02602
0.451097
2.16702
0.583407
1.21272
1.75781
1.13716
0.135327
0.988694
1.03719
1.01733
0.885393
0.802333
1.21797
0.550578
0.648888
1.059
1.24027
0.762806
2.48757
0.797547
0.279069
0.686249
1.59625
0.57234
0.674982
0.5916
0.191078
2.47557
2.9162
0.138029
1.38574
0.95941
0.472021
0.207213
1.06296
1.66923
0.292656
0.0985617
2.60836
0.326645
2.14835
1.01282
1.35404
0.696138
1.6944
0.723911
0.626821
0.281543
2.05595
1.78048
2.24867
0.719882
1.07818
1.77011
0.53956
0.974388
0.855447
0.315844
0.804786
1.17687
0.436804
1.54379
0.230821
2.77441
0.490134
0.767339
0.6302
0.290372
0.340163
1.07786
2.01465
0.154574
1.93839
0.591374
0.385339
0.386368
1.11197
0.757226
0.104041
0.920334
0.611075
0.83286
0.638648
0.422256
1.05267
1.14187
1.72902
0.202261
1.70412
0.247856
0.128465
1.00468
1.11569
0.818337
0.573986
0.795407
0.437838
0.762668
1.1395
0.406836
0.326125
0.499914
0.97421
1.77189
0.436023
1.87428
1.24641
0.583957
1.05404
2.6479
2.32689
2.26718
0.619632
1.74406
0.789918
0.721066
1.46148
0.121884
1.05228
0.849947
1.03865
0.986167
0.605963
0.14153
1.34219
0.510148
0.154726
1.49761
0.682377
0.674973
0.507515
0.450259
0.855023
0.107063
1.06166
2.17487
0.690463
0.988733
0.597237
0.421949
1.62806
0.365577
0.61576
1.02332
2.27399
1.04337
1.29731
1.86649
1.57073
0.110228
2.3707
0.79334
0.341286
0.874531
0.510265
1.23112
0.362457
0.619686
0.390414
0.248924
0.730193
0.118607
1.38572
2.16176
1.28001
0.687719
0.267158
1.04769
0.847345
0.994653
0.240734
0.409955
0.316532
0.728949
1.17766
0.486398
0.655667
0.117554
0.797926
0.275613
2.29519
1.96001
0.697621
0.640827
0.884528
1.41443
0.589944
2.55949
0.373702
1.25245
1.63899
0.355392
0.508981
2.52192
0.411831
1.18021
1.14115
0.933186
0.858626
0.303832
0.473769
1.30967
0.255775
1.14802
0.546514
1.29922
1.01873
1.78018
1.02857
0.450974
0.268614
0.984394
1.80953
0.415158
1.87254
0.184617
0.287249
0.181413
1.13775
2.83749
2.53992
1.43765
1.22339
0.759268
0.50792
1.43677
1.56778
0.322764
0.722603
0.208097
0.956841
1.02074
0.221028
0.88233
0.122838
1.20875
0.905976
2.32768
2.97268
0.47167
0.736916
0.693208
2.23072
1.80568
2.55377
0.843114
0.463762
0.218298
0.158918
0.509455
1.37417
1.14469
1.18783
0.0665085
0.767011
0.885791
0.745667
0.781479
2.95663
0.858556
0.819726
0.684754
1.4772
0.689015
0.598115
0.461111
0.386534
0.801223
1.40245
2.55233
0.87075
1.12357
0.484564
1.47374
0.28922
1.14036
3.18735
2.27427
0.679932
0.958198
3.01343
0.845683
1.03841
0.47316
0.735437
0.434409
0.738999
0.235128
1.62476
0.193906
0.73921
0.72347
0.821104
0.925116
0.53126
0.656562
0.64059
0.419853
0.640657
0.596286
0.0646684
0.301104
1.81134
1.83525
0.21541
0.979229
1.30807
1.68608
0.862324
1.59095
0.138682
0.457585
0.177766
1.85743
0.314701
0.762889
0.374291
1.37662
1.60224
0.895263
1.25932
2.35322
0.521388
1.72168
0.795291
1.12293
0.606223
0.552392
1.1662
0.409792
1.21317
0.533657
0.883301
0.805731
0.487398
0.16256
0.964365
0.537459
0.86692
0.402699
0.0524454
0.555989
0.380958
1.35128
1.20617
1.59009
1.48185
0.241129
1.25794
0.663636
0.215036
0.847716
1.71724
0.810009
1.83497
0.529367
1.17983
0.433532
0.695341
1.05725
1.38928
0.736543
1.04045
0.352201
0.555087
2.88961
0.955729
0.888349
1.10881
0.158961
1.78732
2.1925
0.799151
0.490618
0.440893
0.350813
0.795907
0.620892
1.03916
0.728544
0.883394
0.211531
1.02293
1.37685
1.26771
0.504007
1.72089
0.212868
2.9222
1.5273
0.620001
1.28511
0.190999
1.89241
0.0885075
0.732512
0.613239
1.42671
0.903436
1.45728
0.0156477
0.67351
0.324097
1.0845
0.61527
1.16619
0.669439
1.98228
0.782084
0.299928
0.420913
0.337259
1.04981
1.95084
0.249565
1.48526
0.621779
1.31679
0.272043
0.194815
1.58528
1.06473
0.793811
0.11666
0.651226
1.58662
0.689698
0.675487
1.41414
1.33652
2.74307
0.389503
0.877064
0.75145
0.985775
0.908513
0.54157
0.924445
0.567914
0.130985
1.36977
1.26036
0.983931
0.353597
0.452168
0.709514
1.04764
0.671258
0.859676
0.635824
0.626234
1.94796
0.545142
0.465062
0.590268
2.58312
0.671313
0.545948
1.13651
1.07894
0.555346
1.00987
0.796055
0.435171
0.714251
0.683809
1.99877
0.646451
0.367378
0.350552
3.09088
0.663426
0.261637
0.423822
1.01027
0.646035
0.586913
0.100025
0.380132
0.782854
0.30278
0.508473
0.225262
1.5491
0.530917
1.53797
0.397259
1.59509
0.31596
0.733261
1.03317
1.66574
0.468971
2.26114
0.363494
0.495827
1.32329
0.673596
1.66167
0.827568
0.955129
0.30402
0.168315
0.135282
0.692552
1.342
0.736407
0.203438
1.34923
0.482195
1.15665
0.848911
0.30651
0.567218
0.213782
1.89401
0.602518
0.141766
2.44893
0.928675
1.2119
0.26433
0.670644
1.45509
1.71232
1.66794
1.16194
2.13958
0.340014
0.82483
0.130656
0.849192
0.218342
0.567173
1.85998
0.121611
0.130378
1.15309
1.42006
1.00327
0.715616
2.94079
0.408071
1.7837
0.275882
0.510069
2.32814
0.507397
2.70624
1.68402
0.430578
2.14271
1.24057
0.82985
0.663607
0.941951
0.647939
0.732623
2.38111
1.09965
1.86802
1.35071
0.770663
0.687516
0.961563
0.483069
0.610137
0.712511
1.41145
1.88829
0.317598
0.580655
0.314792
1.91208
0.373932
0.492172
0.65783
0.282385
2.72826
2.37909
0.335849
0.542196
0.942751
3.43048
0.474378
2.32538
1.28601
1.04715
0.288778
1.23518
0.923396
0.942656
0.452335
1.6815
0.024579
0.616536
1.53719
0.575041
0.339954
0.886646
0.554887
1.56266
1.23615
1.91904
0.621873
3.20821
0.101455
0.167722
0.212819
0.278127
0.0777052
0.769249
0.806436
0.340122
0.361383
0.530279
0.526582
0.737991
0.978501
0.763817
0.452299
1.90774
0.989315
1.29775
0.460088
0.861992
1.44808
0.825377
2.06838
2.64532
0.682234
0.370232
0.302177
1.7111
0.187577
0.739549
0.0752928
2.48852
0.894313
0.677884
0.583255
2.8726
0.899196
0.611396
2.57435
0.811107
1.15828
1.25922
0.557879
1.05662
1.79673
0.408244
2.44023
0.517785
0.057157
0.626037
2.61019
0.731754
0.985905
1.35103
0.840111
2.12414
0.922315
0.751465
0.876583
0.309174
1.64651
0.723208
0.290357
3.14564
0.300833
2.38097
1.09387
1.48607
2.00065
0.161226
2.37277
0.504165
1.60957
0.487871
1.03879
0.83649
0.463618
0.92806
1.01421
1.28192
1.17713
0.167545
0.178406
0.431773
1.07679
0.14555
0.710779
0.737114
0.8554
0.477205
0.603428
0.736661
0.984213
1.13738
1.07526
1.30194
1.36175
0.864167
0.369959
0.943899
2.20895
1.10136
3.35763
0.70184
0.817616
1.47496
0.0608728
0.714156
0.704879
0.761622
0.792916
1.28956
1.00909
0.231212
3.4013
0.503039
1.01863
0.460675
1.82224
0.347725
0.306926
0.907879
0.437949
0.204409
1.36588
2.96445
0.137053
0.478791
2.00247
1.03726
0.81214
0.471733
0.94108
0.415875
0.334801
2.40501
2.66286
2.30105
1.5578
1.54106
1.11822
0.303816
0.605536
1.78691
2.12459
1.83157
0.418533
1.99425
0.583236
1.73013
2.56649
1.31541
1.28137
1.18064
1.39285
1.07273
0.515143
0.964674
0.640557
1.14697
0.20467
0.543393
0.816
1.02541
1.27738
0.665447
1.81716
0.457073
1.07009
0.668018
1.05815
1.05399
0.297178
1.76914
1.83858
0.754005
1.44601
0.935823
0.724012
0.552088
1.39577
1.92394
2.72559
0.861441
0.0623495
0.800674
0.216248
0.16087
0.147741
0.818281
1.42735
1.63922
0.785012
0.399059
0.881416
1.42728
0.31635
1.18527
0.691101
0.729764
0.870912
0.415443
1.07267
0.733388
0.811462
0.412125
0.861605
0.227881
0.0933552
1.47399
0.932332
1.65542
0.795838
1.93289
0.87835
0.609565
0.967642
0.590568
0.68212
0.338011
1.61065
1.71988
1.15335
0.813162
1.19173
0.671433
0.0839245
0.813081
0.820431
0.461738
0.547208
1.38765
0.54521
0.580866
0.304456
1.56062
1.0205
0.328401
0.259214
0.817125
0.551366
0.776705
0.765719
1.95325
0.511567
0.360832
0.532126
2.63877
0.360064
0.393319
0.8108
1.3705
0.793032
0.283581
0.218097
0.932771
0.420517
1.50593
0.153255
0.336659
0.661731
0.516303
0.772621
1.47832
1.15592
1.24074
0.751816
2.01085
0.328698
1.18588
1.52489
1.37427
1.95606
1.64452
1.17958
1.20999
1.08726
0.852557
1.46889
1.10442
0.916475
0.984487
0.170948
0.18253
0.43183
4.29221
1.84904
0.158373
1.11818
0.650468
1.89653
1.04568
0.604993
0.954078
1.73745
0.330836
1.13665
0.205891
1.78196
1.71907
0.473203
0.361705
1.96114
0.601799
0.895747
0.219316
0.175153
0.65952
2.27443
1.28015
1.31706
0.892509
0.293338
1.34816
1.44179
1.64252
1.20195
0.712259
0.472183
0.654274
1.25143
1.15454
0.647097
1.94678
1.0398
0.361046
0.5602
2.53034
1.28493
1.82716
0.534038
2.41724
1.84831
0.436219
2.02346
0.164249
1.31984
1.06207
0.696959
0.612561
0.463771
0.489824
0.582978
0.61548
2.24846
0.994195
1.49274
0.447116
1.4787
1.87018
0.60324
0.28622
0.640189
0.998872
0.264867
1.49822
0.99021
0.895186
0.342306
0.628006
0.600759
0.334775
0.679898
0.842972
0.805852
0.0461346
0.661977
0.607674
1.28351
0.513027
0.707677
0.308422
1.17357
0.854262
2.65909
0.548359
0.663377
1.09864
0.9004
0.837825
0.773588
0.861749
1.88927
2.53047
1.77987
1.49124
0.853953
1.79306
0.358006
1.00773
1.40181
0.494307
0.869305
1.56991
0.344544
0.540303
1.86531
1.79911
2.147
1.23032
0.371289
1.96603
2.31015
1.39108
0.64543
0.953626
0.476098
0.713367
0.956323
0.939844
0.744789
0.218664
0.32278
2.25347
0.53754
0.563556
3.24289
0.335686
0.916961
0.429785
0.687366
0.703544
0.124559
1.31616
0.420912
1.64931
0.312693
0.225883
1.24882
1.06395
2.68027
2.38803
2.81378
0.636936
0.592789
2.13071
0.186255
0.90453
0.777364
1.84611
0.735836
0.655057
0.290601
0.83129
0.405132
0.309444
0.326807
0.582267
2.00986
0.922836
1.21615
0.598907
3.90558
0.344814
0.352617
0.674273
2.6479
0.349139
1.33436
1.88214
2.13467
1.31584
0.783534
2.46255
0.131445
0.562853
0.22354
2.21809
0.342804
0.923768
0.978934
0.248005
0.168982
0.887465
1.48918
0.484542
0.113063
0.433692
1.14334
1.03744
1.39184
1.42638
1.17616
0.258992
2.52166
1.29264
1.08854
0.481367
3.38343
0.598608
2.71122
0.544328
1.77455
0.605341
0.474263
0.314827
0.733194
0.987592
0.527984
2.61846
1.8763
0.214204
0.634026
0.616028
0.292549
0.874349
0.143169
0.554626
1.0901
0.242115
1.1805
0.0540109
1.84681
1.53987
2.68809
0.208491
0.991311
1.24116
0.429405
0.884871
0.927203
1.23012
0.871706
0.121679
0.771342
0.441177
2.11964
0.35859
0.952504
1.87433
0.543589
0.489138
0.294751
0.613301
0.564862
0.045114
1.21578
2.26359
0.957904
1.15671
1.10548
1.32365
1.01378
0.339893
0.310282
1.86084
0.540143
1.46493
0.684603
2.21765
1.62128
0.914739
0.554758
1.4219
1.55481
0.676716
1.5008
1.35469
0.688083
0.462073
0.454994
1.46071
0.682153
2.1539
0.66507
0.205803
2.40611
0.156664
0.554939
2.78314
0.788335
3.02314
1.16461
1.6841
1.22963
0.316244
1.09778
0.10168
0.179213
0.60444
1.72088
1.08437
0.847272
0.27474
0.440126
2.58218
0.51393
1.19597
1.73105
1.64836
0.397962
0.730382
1.10988
0.319791
2.29239
0.569918
0.406778
1.45221
0.820644
1.53642
0.586034
0.58496
1.82223
0.14437
0.306001
1.781
0.563733
1.41803
0.591499
1.24452
2.09025
0.742247
1.44165
1.39999
0.175782
1.44363
1.41323
0.40581
0.109751
0.301501
1.25096
0.299581
1.43713
0.41463
1.76703
0.662875
0.752808
0.868452
1.774
0.895752
0.746732
0.226333
1.98984
0.0634093
0.476484
1.16285
0.474445
0.258052
1.27335
1.21424
1.73338
1.95392
0.608866
1.09407
1.10949
2.05627
1.14559
0.529599
0.477051
0.537453
0.287529
0.824497
0.655028
0.441919
0.517155
0.640442
1.92396
0.241497
0.492178
1.01372
0.202399
0.5031
0.495863
0.312339
1.69936
0.909337
0.99784
0.550622
0.591514
0.9566
0.890168
1.51187
1.815
1.55522
1.08783
1.07414
0.28644
1.25487
3.64187
1.70989
1.20463
0.539941
0.498623
0.935648
0.41286
1.51707
0.462961
0.6267
0.187812
1.45633
1.02872
0.223592
0.451997
1.07659
0.452806
0.927048
0.590217
0.250214
1.85283
1.50051
0.348101
0.249057
1.48994
1.33149
0.408962
1.70192
1.67232
0.628339
2.59186
1.21068
0.6925
0.975991
1.22553
1.54623
0.63793
0.571419
0.530733
0.348125
0.574457
0.72464
0.93598
0.516536
1.38467
1.30443
0.13165
1.52792
2.45647
1.37547
0.171945
1.8205
3.22912
1.60692
1.73557
1.04321
1.30005
0.365403
0.675578
0.554576
0.195543
0.45537
1.21485
0.653225
0.279151
1.21843
1.27842
1.67014
0.838209
0.680271
0.0465339
0.403743
0.5487
2.33612
0.910175
1.77009
0.271282
0.799401
2.50291
0.577291
0.823946
0.763111
0.632489
1.82633
1.00597
2.33931
1.92429
0.903932
0.545433
1.47334
0.878849
1.16548
1.83157
0.403501
0.70154
2.40076
0.227015
1.04575
2.09128
0.830389
2.20265
0.412001
0.187646
0.318288
1.91102
0.78963
0.375331
0.784672
0.604906
0.599223
0.689243
0.836896
0.436575
0.38367
1.12878
0.261037
0.337775
2.67334
0.613274
0.757528
0.416693
0.998793
0.874018
1.23359
0.323622
1.21845
1.67947
1.59101
0.420054
0.733412
2.24967
1.2704
0.855612
0.393988
2.33035
0.418022
1.27695
0.235035
1.20328
2.18909
1.2268
1.43441
1.33557
0.386819
0.759967
0.104685
2.90724
0.98608
1.03901
0.891658
1.56633
1.3043
0.250048
0.385895
1.83287
1.16668
0.132491
0.840721
0.736805
0.321797
0.772566
0.254124
1.46231
1.85744
0.345539
1.57778
0.144827
0.411329
0.183822
1.37933
0.856118
0.631437
1.97392
2.06527
1.13368
1.04212
0.295276
0.062748
0.0379194
0.683911
0.364704
1.59655
2.68419
0.756072
0.827082
1.42846
0.460033
0.345469
1.04409
1.8773
0.573579
0.69262
0.268553
0.84398
0.94714
0.364465
0.334665
0.571704
0.497236
2.13429
0.240365
0.248935
1.68366
1.40495
0.48301
1.21997
2.0914
0.488269
0.257247
0.551906
0.0888899
1.93871
0.648422
0.909721
0.742741
3.52424
0.425748
0.439997
0.998191
0.157335
0.305957
0.60681
1.95243
0.516398
3.06546
0.521239
0.288269
0.461148
1.78352
1.71708
1.23446
1.90329
0.688535
0.800504
0.695469
1.04132
1.79575
0.462872
0.359074
1.09109
0.389982
0.581292
2.13226
0.632592
1.82292
0.741168
0.469506
0.816258
1.0253
0.517675
0.902021
0.827833
1.0711
0.970465
0.30899
2.25784
1.39802
0.227405
0.952093
1.1669
1.67319
0.0842526
0.22287
1.87129
0.773589
0.904245
0.224391
0.277383
1.63195
0.583169
1.25096
1.15491
2.74264
0.992551
1.30881
0.246101
1.65246
0.434131
0.511765
1.17287
1.06285
2.21858
0.63279
0.877595
0.436558
0.531388
0.369116
1.06262
0.40253
1.06892
0.403304
0.495266
0.692897
0.752444
0.387931
2.221
0.609298
0.437364
0.131693
0.599264
1.05958
1.24255
0.670766
0.112682
1.13677
0.30095
1.10578
0.67694
0.481579
0.342538
0.658088
0.40088
1.003
0.273534
0.712886
2.46463
1.12686
1.0512
1.3541
0.685055
0.935756
2.50802
0.462595
0.718142
1.81689
2.0157
1.85485
0.778414
1.09439
1.67371
1.60088
0.619235
1.0186
1.49355
1.29599
0.568429
1.66007
1.27946
1.28053
2.68877
0.376738
0.696711
0.349204
0.490342
1.13238
1.12035
1.77963
0.946333
0.639057
0.443958
0.251613
0.404471
1.13059
2.58104
0.803056
0.644686
0.677995
0.455
0.3206
1.12836
0.995433
0.69365
0.821918
1.47056
0.925362
0.832058
1.07477
2.09552
1.15378
1.29443
0.910295
1.1176
0.426577
0.217743
0.548475
0.330109
3.63922
1.34615
1.69523
0.728327
0.985155
0.998973
0.51249
1.55527
1.50578
1.59833
0.242862
1.3275
0.562771
0.821615
1.44257
0.874014
1.78069
1.67868
0.416549
1.44367
0.974176
1.88144
0.501871
0.751685
1.90557
0.434719
0.718648
1.24421
0.558584
0.960869
1.27524
2.10152
0.641888
1.0214
3.16411
1.31199
0.712974
0.796685
0.807519
0.471208
0.800039
0.446831
1.21136
1.28272
0.743765
0.824067
0.856894
1.18546
0.485047
1.11568
0.734084
1.38147
0.27795
0.658845
0.853723
0.402904
0.78728
0.612057
0.570019
0.750803
0.495323
1.23925
1.69538
1.80374
0.364814
0.325492
1.03904
0.902354
0.738684
2.22215
1.59211
0.239982
0.520218
0.455181
1.33186
0.0167373
0.761826
0.882766
0.275235
0.272737
0.598164
0.449694
0.0681587
0.881809
0.546566
1.02659
0.942395
0.398283
0.464383
1.36614
0.332622
0.891647
0.634824
0.782
2.40076
0.66069
0.295343
1.34547
0.544242
1.63091
1.01728
1.71532
2.19878
1.51468
0.714102
1.84532
1.03139
0.41279
0.797441
0.45462
1.32402
1.07785
0.369903
0.659301
0.962599
1.00015
0.819048
1.74044
0.379597
3.37734
0.103008
0.776453
0.996717
0.228155
0.737877
0.34982
0.86823
2.00478
0.836963
0.620151
0.56052
0.947813
0.462751
2.03508
0.218247
2.6742
2.73394
1.46826
1.21055
0.28649
0.740528
2.66798
0.946272
0.0925696
0.803198
1.17186
0.662568
0.999736
1.53496
0.723946
2.3115
1.39277
0.574102
0.47002
1.33763
1.63519
1.19902
1.05559
0.389616
0.554521
1.0796
0.591968
0.0307915
0.7342
2.68587
1.6132
1.19515
2.50695
0.733487
0.482968
1.04338
1.32489
0.55699
1.08751
0.317903
1.08485
2.26935
0.673111
0.990815
0.142241
1.11492
2.14148
1.33701
1.21942
0.0546889
0.789911
0.205928
0.175939
0.481634
0.196973
0.891873
0.258761
0.65048
1.5513
0.907907
1.07209
3.26642
1.73687
0.502266
0.846572
2.135
1.08393
0.474489
0.795248
1.71386
0.887866
0.76697
1.58285
0.873606
0.859567
2.5448
0.76074
1.73077
0.643932
1.74093
0.559753
0.569017
1.7795
0.292479
1.70179
0.0396902
0.61655
0.417874
1.10051
0.235037
3.05601
0.548904
1.42576
2.59256
0.238742
1.00535
1.09667
0.528987
2.05273
1.45444
1.74263
0.542658
0.63032
0.476022
0.943813
1.72174
0.259968
1.45309
0.764078
0.767432
0.531509
0.270911
0.521643
1.3057
0.19707
1.37468
0.663099
1.03351
0.424392
1.43888
1.629
1.04437
0.748516
0.649438
1.1137
0.754499
0.718572
0.973341
1.08206
0.246477
1.27917
4.06748
0.397721
0.102684
1.66278
0.0253804
0.948484
2.16848
1.10293
1.24494
0.40068
3.82349
0.475235
0.367198
0.987644
0.797897
0.939103
1.5286
1.97916
2.40712
1.25392
1.93227
0.747885
0.879101
1.99376
0.461247
0.377061
1.02547
1.06171
1.01001
0.45691
1.44345
1.23034
1.38914
1.64488
0.321223
0.371745
0.969517
0.332688
0.334954
3.06076
0.293243
4.87966
1.10679
0.333604
0.32013
1.29391
2.51748
0.931477
0.93267
2.03837
1.9797
0.268939
2.11099
0.465515
0.929566
0.0632803
1.13682
1.76307
0.7488
0.817669
1.16701
0.838553
0.63256
2.28798
0.668073
0.917468
2.10837
2.89678
0.468985
1.12556
0.591406
0.370824
0.806482
1.20881
0.778078
0.730989
0.358161
0.307176
0.539994
2.2375
1.22836
1.84796
1.17219
0.356076
1.24823
0.517211
0.765421
0.55876
2.38822
0.918366
0.525519
0.960577
0.159219
0.163248
0.442458
2.22929
1.45111
0.658908
0.344528
0.515552
0.86254
1.91484
2.82859
0.710368
0.152757
0.85193
2.3233
1.03122
0.0484587
1.5131
0.545796
1.01343
0.678822
2.18629
1.08461
0.321642
1.1803
0.0473775
1.89791
0.496376
0.879728
2.06851
0.932009
0.413463
0.689121
0.362055
0.640913
0.240443
0.540624
0.484472
0.641809
1.22001
1.11007
0.487612
1.05416
1.79824
0.628546
0.440185
0.111577
0.893954
0.467414
0.456689
0.870431
0.901091
0.490684
0.24241
0.744735
1.17646
0.817941
0.649271
1.34547
0.249841
1.5576
0.337175
0.815248
1.49839
0.731466
0.803542
0.916216
0.955867
0.389473
0.212365
1.00734
0.916331
1.43789
0.0808782
1.10393
0.226713
0.527508
0.396395
0.413291
0.85361
0.587768
0.579349
0.166141
2.26175
1.31688
1.60692
0.417253
0.663793
2.25409
1.66767
0.619879
1.89388
0.49361
0.70741
0.368782
1.05652
0.966079
0.9914
0.863081
2.00968
1.2925
0.869608
0.557892
0.538512
0.450465
1.42085
1.31761
0.364288
1.48697
1.37941
2.08265
1.80758
0.769865
1.35828
1.84359
0.53305
0.583736
1.09512
0.797979
0.633762
0.307055
1.66799
0.297535
1.59611
0.339699
1.154
0.436813
1.14648
2.70823
0.418899
0.636049
0.80384
0.288644
1.11973
1.58761
1.27134
0.520562
0.502046
1.30592
0.7691
0.857938
1.11796
2.10161
2.12807
0.438874
0.702728
0.403086
2.94275
1.07431
0.623675
0.505972
0.996285
0.902358
0.901112
0.665289
1.82319
0.480596
0.25915
0.269284
1.74077
1.38326
0.715583
1.45687
2.47796
2.64871
2.21503
0.616969
0.461054
1.06314
1.17592
0.215052
0.332409
0.468342
0.634432
0.179419
0.400779
0.368722
0.882135
0.143269
2.17192
0.440281
1.02009
1.74103
3.21782
0.203817
1.90248
0.623933
2.17939
0.177326
0.719377
0.307286
1.49569
0.996362
0.506139
0.947734
0.998527
1.59901
0.353799
1.53478
0.733208
0.210883
0.9207
0.626266
0.515252
2.79197
1.25215
0.395125
1.40296
0.808596
0.871665
0.468247
1.89798
0.511985
1.1577
2.19822
0.965506
0.476633
0.88221
1.37057
0.281255
0.689562
0.454515
1.06865
0.801518
0.196219
0.325685
1.30482
1.02827
0.647284
0.738252
0.698474
1.68144
0.647805
0.65999
1.27847
0.952525
0.700388
0.211949
0.600207
2.09921
0.0718316
0.219442
2.3578
1.27085
1.23042
0.447543
0.601554
0.329841
0.597233
1.28025
1.64426
0.471558
0.753051
0.0753298
0.922212
0.573989
0.653932
1.39276
0.159064
1.72935
1.05995
1.19712
2.95404
0.589334
0.842201
0.127807
1.23813
1.14411
0.716627
0.63148
0.226626
0.598711
1.02946
0.404228
2.52431
0.183413
0.590588
0.478352
1.36071
1.01142
1.63238
0.895822
0.861477
0.876203
0.774485
1.48101
0.80646
0.332837
0.641652
0.669632
3.04751
1.54668
0.815428
0.522751
0.514158
0.607942
3.44164
0.999006
0.757061
1.52813
0.476882
0.887372
2.18493
0.208401
0.812694
0.436315
0.696034
1.20093
0.625567
1.08525
0.86962
0.324786
0.325668
0.212017
0.329386
0.434186
0.68198
0.694078
0.804323
0.767117
0.724539
1.72254
0.693315
2.97224
1.90917
0.201437
0.928785
1.86851
0.692471
0.528873
0.691449
3.40494
1.93459
1.14404
0.0920761
0.0913785
1.4902
1.22966
0.368005
0.199094
0.181911
0.730109
0.530089
0.833854
1.18336
0.468062
1.50944
0.877994
0.878325
1.26524
0.951887
0.986832
0.391999
1.38017
0.342062
1.50316
0.510723
1.45825
0.848676
1.54405
1.57299
1.07471
0.780049
0.171572
0.580204
0.761644
2.29137
1.31879
0.258767
0.277074
0.699034
2.10298
1.05282
1.93618
1.34314
0.86927
0.725525
0.905795
0.472062
1.75014
0.39227
1.14006
0.255024
2.63083
1.37775
0.676396
1.38323
0.185511
0.688362
0.672684
0.452248
0.709844
0.19874
2.26737
1.41425
1.02745
1.55896
0.900776
1.31986
0.603953
2.04147
0.230165
1.14485
0.298646
1.29448
0.650071
0.949655
0.533438
3.5385
0.377424
0.5387
0.499404
1.19004
0.809279
0.781242
1.82258
2.24482
1.79523
0.432094
0.188171
2.47722
0.712759
2.78146
0.832835
1.03596
0.997879
0.800374
0.760437
1.19127
1.05363
1.39939
1.10469
0.800267
2.40007
0.170744
1.26498
0.644505
0.663212
0.357201
0.148642
0.295287
1.0211
1.10143
0.77334
0.224712
0.287476
1.04728
0.329238
1.04095
1.63959
0.69619
0.861452
0.674805
1.46919
0.250772
1.15813
0.5825
0.791889
0.29806
1.17954
0.726398
1.73851
2.0431
0.150506
0.201814
1.03461
1.6475
1.60345
0.703456
0.108305
1.47994
0.419936
2.31455
1.63091
1.31493
0.543747
0.310777
1.27449
0.816601
1.30156
1.05009
1.4848
1.43985
1.37886
0.308728
0.648006
0.51352
1.14318
0.381913
0.0844296
0.960468
0.885144
1.11435
1.97692
0.596544
3.36399
0.670395
0.743818
1.33892
1.9592
2.07431
1.05269
0.843591
0.0510687
0.89048
1.67496
0.328203
1.82978
1.81429
0.738139
0.85231
0.324275
0.193522
0.271585
0.681125
0.075905
1.38871
0.809511
0.957652
0.338621
0.590752
0.905915
0.785224
0.944715
1.12123
1.03551
0.402497
0.814532
0.83352
1.20975
0.174438
1.74552
3.78146
0.380406
0.678424
0.565776
0.70504
0.267536
1.49037
0.794318
0.685834
1.5042
1.21352
1.08717
1.02141
0.784412
0.364477
2.29717
0.469494
0.747319
0.714908
1.14853
0.161967
0.0421383
1.92445
0.750007
0.33433
1.11559
0.53979
1.15576
0.277975
1.21476
1.16294
0.319885
1.04367
0.290212
0.797848
0.597991
1.69958
0.297385
0.733195
0.285397
0.123509
0.362411
2.52315
0.825548
1.15537
0.99743
0.32543
0.852267
0.653524
0.45701
0.303561
0.892263
1.44211
0.608872
1.98747
1.23203
0.766966
1.16953
1.58207
0.316707
1.40082
0.874014
1.24026
0.124571
1.53698
1.50349
0.895407
0.677448
0.523554
1.06151
1.14001
1.03211
2.48394
1.10794
1.02753
0.445328
0.969516
2.28435
1.70685
1.0552
1.38831
0.42645
0.485598
0.478461
0.751772
0.48324
2.46511
0.496716
1.54281
1.13941
0.349699
0.483222
1.92482
1.16893
0.343482
0.484966
0.587137
1.28855
2.09089
2.19418
1.19973
1.06781
0.241453
1.08259
0.622531
2.26478
1.84295
1.54833
0.744758
1.24555
0.575037
0.66617
1.22663
1.44602
1.31028
0.679045
0.466741
0.421492
1.78732
0.530744
1.32386
1.50047
1.19032
0.427594
0.860382
0.888348
1.43431
1.14897
0.417562
2.50429
0.562392
1.7922
0.614555
0.837189
0.598189
0.325752
0.310208
2.05552
0.458559
0.186862
0.123497
0.95494
1.29413
1.52666
1.79585
0.558565
0.278006
0.468393
1.73454
1.088
0.779691
1.87848
2.1692
2.68932
1.67489
0.299881
0.876904
1.75883
0.200135
1.23089
0.569872
1.96764
0.469624
1.09781
1.19389
0.459292
2.53145
0.232702
2.67557
1.15773
0.955198
0.552186
0.301184
0.666918
2.61825
0.868697
1.11791
1.26445
0.446643
1.43021
0.712329
0.27209
1.21326
0.587927
1.0432
0.411731
0.366705
0.827108
0.397845
0.347037
0.414358
0.538887
1.28909
1.07042
1.19844
1.02258
1.6227
0.687208
2.19841
1.09511
0.819103
0.350479
2.24061
0.708434
0.543303
0.870439
1.07327
0.523174
0.791034
1.30336
0.660452
1.82145
0.412591
1.30981
1.72575
0.834182
0.349598
0.181613
3.66867
0.909051
0.678284
0.241614
0.904215
0.204798
1.34586
0.53278
0.865077
0.734205
0.874741
0.706012
0.0523275
1.58536
0.914142
0.50979
0.517055
1.39604
0.48212
0.225452
0.625765
1.52613
1.04875
0.556346
0.465797
2.22053
1.48367
1.0748
0.546395
0.741035
0.633587
0.586637
0.62112
0.251655
2.37856
0.790191
0.084604
1.09114
0.582516
1.87644
0.949372
1.87671
0.246795
1.24131
0.508468
2.3946
0.148901
0.353279
0.613162
0.90323
0.698401
1.90007
0.409605
0.249518
0.303042
1.48323
0.807171
0.310036
0.889316
0.53244
2.31019
0.69928
1.03608
0.707004
1.2355
0.206216
1.23217
0.849201
0.543252
2.22295
0.248801
0.565859
0.546874
1.28679
0.653308
1.08842
0.223354
1.86305
0.481373
0.238722
2.23889
2.11408
1.072
0.814163
0.800354
0.443195
1.56323
0.281683
1.25741
0.607418
0.804285
0.113634
0.390222
1.2399
1.07202
0.171377
1.04404
2.44272
1.18296
1.78016
0.28941
0.650417
0.179574
2.09745
1.2664
1.5218
0.0734362
1.38154
1.13277
0.580113
0.591327
1.80628
1.05245
1.21543
0.698976
0.149696
1.06745
0.238133
1.8583
1.47439
0.15891
2.08856
0.380922
0.852631
0.456796
0.283418
0.268865
0.151094
0.990074
0.451318
0.389792
1.04014
1.82311
0.496816
3.18139
0.662599
2.65147
0.818785
0.630651
0.815172
0.836858
1.46271
1.49686
0.159677
0.979308
1.26565
1.14523
0.916924
0.677102
0.68706
0.785971
1.93982
0.528594
0.938534
0.214077
1.15299
1.25568
0.245262
1.83944
0.769013
3.32936
0.301595
1.53896
1.03263
0.812519
1.07494
0.219706
0.606727
0.269496
1.72197
0.682641
0.737492
1.52974
0.13491
0.723468
0.683696
3.9979
1.07423
0.753784
0.205098
0.993798
0.318423
0.324392
0.849787
0.869373
1.05227
0.0482322
1.87091
0.268186
0.768038
0.660435
1.03303
0.988906
0.584902
0.561561
1.09089
0.207729
0.283577
0.413307
0.519212
0.796758
0.166723
0.966419
0.766672
0.75886
0.700243
1.93578
0.0601327
0.56555
0.513265
0.483953
1.83976
0.406473
0.573467
0.610604
2.12132
1.99421
0.708971
1.39931
0.50117
0.224194
0.792269
0.724182
0.385059
0.105616
2.08096
0.740087
0.395949
0.370547
1.51287
1.61257
0.947102
2.17927
1.71582
1.14621
0.763998
1.49195
0.430196
1.58433
0.688922
1.31862
0.941228
0.837292
0.61532
0.527086
2.02809
0.786128
0.857015
1.89014
0.664473
0.273233
1.25816
0.0693177
0.932128
1.76185
0.152866
0.741951
0.644245
0.674944
0.698417
1.56442
0.621039
0.997221
2.57899
1.76364
0.49878
0.914819
1.04038
0.410899
1.24781
0.908546
1.98632
0.329172
1.80433
0.670489
1.05759
0.93379
1.03682
0.522961
2.07558
0.9623
0.265709
1.22243
2.10984
0.236712
2.51036
0.728395
0.537233
0.290255
0.951673
0.519855
0.738414
1.38795
0.430698
0.588551
0.282997
0.687874
0.323352
0.325809
0.691589
1.04114
1.26343
0.434002
4.13139
0.862948
0.0474843
1.12762
0.446509
2.98968
0.535854
0.283476
0.663855
1.21752
0.622209
0.893478
1.04775
0.44363
1.62826
0.433928
2.3337
0.111195
1.06868
1.73538
0.428385
0.522015
0.294988
0.510679
0.897095
1.62357
0.911233
0.705182
0.190799
3.97317
0.405734
1.1384
0.163443
1.26577
0.548627
1.7812
0.393906
1.36237
0.500797
1.03889
1.91332
2.20627
1.88705
0.983063
0.746781
0.60487
0.821147
1.25377
0.225401
0.515373
0.364102
0.227071
1.29512
0.419618
0.807745
1.36246
1.03991
0.513608
1.37299
0.340963
0.57092
0.582675
0.605126
0.803541
1.35713
0.587629
0.50501
0.31081
0.711413
0.989603
3.43499
1.30826
1.95279
0.529317
0.918173
0.71444
1.21844
0.353804
2.31073
0.0752728
1.77437
0.434959
1.75591
0.267085
0.850202
0.61494
1.6272
1.94657
1.43728
1.20841
0.372148
0.802012
0.449335
1.99894
1.26141
0.605011
0.991716
0.202862
1.61539
0.424257
1.19166
1.33738
0.0733873
0.631727
0.56746
0.519452
1.3995
1.35983
0.693765
0.256781
0.99639
0.435955
1.03865
0.913671
1.28018
1.18078
1.4083
0.910502
0.918178
1.51483
1.13081
0.484365
0.399926
1.72916
1.29176
0.724408
0.430917
1.61016
0.580587
0.934602
1.1398
0.302988
0.542658
1.21002
1.21291
1.8476
1.67578
0.392977
0.804408
2.7823
0.687325
1.30348
0.344385
0.485871
0.377896
2.78181
0.328678
0.0213806
0.662678
0.755322
1.08202
0.344937
0.888122
0.114118
0.449417
0.807791
0.836976
1.00886
0.179454
0.849178
0.763287
0.606025
0.478184
0.835632
1.51863
1.31067
1.43513
0.251268
2.19884
0.334416
0.577055
1.47696
0.917567
1.10225
0.117032
2.85527
0.462663
0.23674
0.851462
3.03992
1.86351
0.524585
0.204436
0.823217
0.81068
0.212738
0.803895
1.39435
1.94579
1.19464
0.0171752
0.882757
1.09475
0.330468
1.63324
0.226329
1.36127
0.324556
0.670257
0.177068
2.20125
0.087869
1.07764
1.65303
2.03781
0.985767
0.969751
0.56706
0.168887
0.781156
1.11989
1.39403
0.806369
0.546911
1.67919
0.155921
0.374147
0.759365
2.29741
0.347481
1.40169
0.268514
0.863722
0.695965
0.277861
0.616041
0.426684
1.55594
0.721265
0.35207
0.479476
2.4245
1.44562
1.06649
0.706047
1.40508
1.37126
1.11154
0.663133
1.41144
0.40968
0.661238
0.728399
2.51652
1.28554
0.518128
1.55906
0.774406
1.1961
0.901709
1.58851
0.801263
1.56746
0.649959
0.412802
0.40982
0.832274
0.944601
1.13791
1.23471
0.910972
1.2346
0.405349
0.661151
0.206742
0.982485
1.08748
0.488317
2.24893
1.60032
0.451998
1.09251
2.19921
0.710841
0.644755
0.714736
1.6012
1.29644
1.13443
1.29291
1.67175
1.10029
0.796234
0.774834
0.604071
0.122641
0.633348
0.136363
0.394245
1.90003
0.244486
0.340868
0.273563
0.0485223
0.138461
1.64729
1.19826
0.949914
1.12683
0.580829
0.1833
0.444628
0.797759
1.1672
1.36067
1.01928
0.96629
0.473745
0.974108
0.973518
0.714955
1.69503
2.77253
0.819185
0.186466
0.351789
0.362945
0.430538
1.17396
0.9553
3.42747
0.896013
1.85467
2.94384
0.620906
0.615003
0.410265
0.384309
0.847525
1.17038
1.12521
2.86169
1.20618
1.87043
0.552223
0.552702
0.48105
0.396411
0.352597
1.47886
0.831149
0.100198
0.296227
1.42138
0.747149
1.17385
0.903307
0.443546
2.23427
1.24899
0.360595
0.249537
0.640407
2.08065
1.83765
0.661191
1.05552
0.98193
2.66685
1.4723
0.16779
1.6428
0.724259
2.09008
0.477349
1.39541
1.66433
0.525595
0.512173
0.7465
3.27626
1.53398
0.327763
2.00211
0.507764
0.61791
1.25711
0.967898
2.07055
1.41875
0.53828
1.44104
0.116609
1.55348
2.06102
1.07608
1.19254
0.655481
0.355531
1.42492
0.462782
1.54074
0.970212
0.567681
0.732348
0.918651
0.319131
1.23768
1.82176
1.30222
0.458719
0.591813
0.761364
1.21932
0.469523
0.970981
1.7197
1.37096
0.443625
0.458357
1.0433
0.383835
0.870505
1.2429
1.53469
0.499535
0.360129
1.11419
0.653031
1.95733
0.230725
0.931336
0.415186
0.313336
1.76611
0.857303
0.132472
0.935031
1.17332
0.983495
0.811214
0.997877
0.367834
1.94486
1.76759
1.74453
0.693963
0.916677
0.420983
0.0634189
2.02358
0.197247
0.543307
1.19783
1.08119
1.21482
0.527711
0.722766
3.04738
1.06932
1.05537
1.76011
1.57775
0.557263
0.654609
1.73193
0.359506
0.569818
1.02245
0.816413
1.9165
0.229397
0.714152
0.43679
0.788582
1.03309
2.59346
0.839495
0.466568
3.42062
1.09461
0.0488746
1.07721
0.212387
1.49502
0.576239
2.73236
2.03255
0.14353
1.61417
0.798512
1.02004
1.28168
1.08664
0.45623
0.385424
1.31192
0.436619
0.520851
0.275065
1.73262
1.37832
1.05245
0.802663
0.218724
1.95949
2.4414
1.61766
1.22078
1.28414
0.609252
1.41177
0.736139
0.214415
0.158234
0.81343
0.11244
0.408025
0.921715
0.514905
0.103368
1.03223
0.40879
1.45208
1.13678
1.17856
1.14464
0.801006
0.884191
0.447991
1.04872
0.875051
0.262263
0.49628
0.381354
0.79678
0.186487
0.382345
1.49958
0.60516
0.28944
0.72768
0.578906
3.82029
0.196715
1.98518
1.27604
0.965851
0.514433
1.51931
0.573843
0.842732
0.534398
0.774837
3.54422
0.819281
0.77611
1.3082
2.59277
0.237629
0.582708
1.38783
1.10707
0.554035
1.26389
0.224652
2.2776
1.34531
0.852793
1.41484
1.39133
1.43306
1.52495
0.297959
1.74831
0.402618
1.97169
0.238195
2.40137
0.437019
0.539329
1.52528
0.762957
0.629366
0.493867
2.90305
0.963329
0.567037
0.643149
1.21711
0.35184
2.09095
0.363174
0.527292
0.495053
0.70643
1.083
1.03101
0.503355
1.07595
0.789143
0.711128
0.188849
0.284268
0.883969
1.09648
0.727977
0.401411
1.19749
1.61573
0.534773
1.10708
1.10503
0.219953
1.39699
0.460336
1.24158
1.80826
1.02737
1.92351
1.29502
1.19852
0.694544
0.325938
0.702856
0.0553905
2.16022
0.637107
1.31069
3.03545
0.431536
0.573767
0.176818
0.595633
1.1078
0.685036
0.430574
0.279248
0.589303
0.624467
2.48862
1.00771
0.514867
0.854483
0.657287
0.0340066
1.6419
0.399819
2.67112
1.01739
1.95986
0.968023
2.08887
1.1454
0.180446
0.682721
1.49959
0.34166
0.321602
0.901291
1.93731
0.594865
1.49481
0.562793
0.826979
2.0953
1.20788
0.501925
0.598056
0.724433
1.55292
0.865956
0.914495
0.604041
1.4088
0.283017
0.944156
1.73979
1.46075
0.386892
0.794599
2.7671
1.53045
0.20329
0.978816
0.712262
0.304652
0.50853
0.455737
0.236434
0.208902
1.50658
0.322216
1.55301
0.395776
0.893303
1.42525
0.572654
0.430035
1.40915
0.347131
2.43174
1.39064
0.721447
1.76781
1.81347
0.110135
1.37718
1.13279
1.77104
1.32318
0.264159
1.90103
0.844518
1.74356
0.628338
0.933825
2.82498
0.449068
0.995218
0.825667
0.323297
0.292316
1.01457
0.115835
3.15006
0.905541
0.665924
1.63913
1.54239
0.534257
0.491896
1.39884
0.429688
1.29961
0.657904
0.812033
0.899087
0.228568
0.119354
2.0399
0.661994
2.8905
0.405366
0.113735
0.440248
0.457154
0.46928
0.881272
1.16499
0.5417
0.909542
1.56787
0.928278
1.38919
2.04494
1.7224
1.61562
1.28704
0.572329
1.54026
1.26518
0.461006
0.500079
0.59595
0.937819
0.559732
0.367833
0.542742
0.157362
0.555314
1.44885
1.50273
1.57931
0.632007
1.23072
0.764478
1.09859
2.07677
0.444689
1.02153
0.251988
3.11556
1.40399
1.72709
1.16687
1.33922
1.64449
0.436362
0.787514
0.246019
1.7228
1.00962
0.594664
1.34225
1.88477
0.553433
0.204447
0.1965
0.87815
0.161472
0.156573
1.10168
2.47647
3.11499
0.792573
0.257719
1.27251
0.798657
0.0845935
1.09214
0.541889
0.343383
1.24034
0.520325
0.0780492
0.475356
0.44566
0.683673
1.87287
1.01244
1.55527
1.12711
0.388977
0.781398
0.295651
0.0717682
0.420743
0.671975
0.124182
0.218846
2.08322
0.922984
0.682704
2.27512
2.66915
1.95507
1.14672
0.612382
1.23781
1.4618
0.730511
0.258627
0.275268
0.791201
0.519508
1.53451
0.328034
0.899207
0.404479
0.0676852
1.35518
0.863637
0.886166
0.489489
1.03155
1.27117
0.1265
0.215276
1.97951
1.32158
1.53547
1.90246
2.88712
1.04194
0.192922
1.77369
0.805239
0.753765
3.93968
0.632703
1.00741
1.9802
1.48681
1.66104
1.26586
0.508854
0.239238
1.17954
1.33298
0.735861
0.272635
1.62566
0.702163
1.69318
0.854403
2.15114
0.467343
0.399807
0.171226
0.159943
0.171584
0.820992
0.353308
1.71193
0.493426
1.01662
0.928825
0.623373
3.66174
0.628069
1.58089
1.83669
0.203396
1.11198
0.340217
0.526557
1.55248
1.39206
1.08277
2.77386
0.733981
0.514512
0.347384
0.119975
0.745784
1.03561
1.27798
0.546152
2.60585
1.09883
0.519103
2.27295
0.653447
0.690605
0.67017
0.534855
0.791577
1.2662
1.62554
0.314027
0.843557
0.71941
1.23729
0.802409
0.303369
1.1091
2.01186
2.01195
0.61056
0.861852
1.05804
0.661907
0.943641
3.03612
1.15539
1.00581
0.596757
1.7623
0.359829
0.815163
1.12769
1.00815
2.29892
0.307888
0.0954233
0.769369
0.19825
2.49831
0.777211
1.97117
1.26625
0.463089
1.22442
1.51336
0.970956
0.295004
3.2942
2.7818
0.540861
0.283533
0.502943
1.00107
0.453885
1.45193
1.53628
0.174101
0.915109
0.373675
0.239738
0.707377
0.551362
0.276995
2.56533
0.419636
0.258227
1.39581
1.39897
0.361071
0.275806
0.268702
2.70483
0.566739
0.327084
1.25458
0.562491
1.11758
0.486818
2.33899
2.0112
0.128185
0.335426
2.14759
1.91887
0.107062
1.19265
0.430412
0.633661
0.721893
1.23076
1.69724
0.53171
2.18099
1.29738
1.06517
1.41726
0.955007
0.988152
2.76737
0.261972
1.13779
0.356537
0.593778
0.701034
1.63826
1.25419
0.784184
0.737018
0.265426
0.880998
0.15319
1.50777
2.00991
0.713556
0.408241
1.38967
1.2778
1.28934
3.14396
1.54529
0.934989
1.50368
0.784479
0.975189
1.53094
1.71782
0.380555
1.18368
1.36548
2.73595
0.219737
0.256318
0.538435
0.561024
0.77343
1.1415
0.245636
1.68172
3.41846
1.01958
0.353712
1.7254
0.775481
0.707581
1.21876
0.110095
1.19139
1.77854
2.22364
1.18938
0.923815
0.584874
0.533409
0.259119
2.30537
2.53581
0.646458
2.15513
0.895282
0.678747
0.62531
1.10699
0.338359
0.313435
4.32328
0.397842
0.412743
1.44657
1.12377
2.15825
3.43031
0.972377
1.28808
1.00403
0.560707
0.694437
0.594329
0.921052
2.90283
1.42427
0.786702
0.395504
1.44714
1.49381
0.801134
2.81511
1.01854
0.585126
1.66095
0.66818
2.8329
1.1598
0.297171
2.21698
2.69887
1.01039
0.577005
0.4291
0.762798
0.573475
0.901449
0.0493334
2.40921
1.02974
1.14999
0.451984
0.645428
0.945035
1.98035
1.15929
1.32121
0.483374
1.21128
0.430005
0.41887
0.513094
0.296316
0.854601
0.693567
1.00727
0.653132
0.879265
0.468265
0.651299
0.390865
0.947989
1.66765
0.569037
1.32837
0.583068
1.04187
1.7946
1.55599
2.20026
0.391101
1.38295
0.970452
1.15761
0.610543
0.855032
0.250401
1.11352
1.02125
0.821126
0.375028
0.024384
1.66172
1.46234
0.51246
1.51732
1.41316
0.870023
1.88305
0.294647
1.26421
1.50848
1.65264
0.440712
1.14729
0.174346
1.58939
0.611101
0.702826
1.04798
1.62571
0.544108
0.834797
0.506642
0.362487
0.243932
1.41281
2.24405
0.61724
0.627975
0.423649
0.339286
1.71593
1.43333
2.13785
2.70871
0.300546
1.26238
1.49791
0.660119
3.64752
0.882854
1.56562
1.21755
0.508623
0.669962
0.681224
0.42092
0.693754
0.902456
2.40067
0.779613
1.7635
1.48797
0.0910662
0.283146
1.03041
0.894054
1.04844
1.32645
0.707315
0.500636
2.40441
1.66142
0.910081
0.406115
0.250772
0.316667
0.681584
0.448892
0.678894
1.47563
1.34228
0.551074
0.665582
0.266855
1.82019
1.18144
1.96334
1.39633
0.283128
1.07187
0.656559
0.911809
0.652957
0.681526
0.460094
1.01413
1.43047
2.24916
0.986601
0.462809
0.917846
0.637136
2.24499
0.958772
3.83056
2.14054
2.46345
3.28758
0.762972
2.10041
0.657799
0.741053
0.758747
2.96072
1.07625
0.852331
0.287787
0.478488
0.885839
0.484318
1.84697
1.66524
0.617703
0.437537
0.458245
1.25694
0.547369
2.11224
0.420808
1.05258
0.125107
2.60868
2.19621
0.684726
0.132977
1.28253
0.783738
1.33591
0.314666
0.86168
0.362477
0.956126
0.339395
1.77828
0.974823
1.45911
1.06344
1.59418
0.45325
0.699803
0.493321
1.85039
2.08608
1.18927
1.94796
0.671853
1.30269
2.19702
0.844848
0.390607
0.593342
0.3222
1.2297
0.765331
0.608065
0.980321
0.279368
0.487931
0.847196
1.74857
1.2541
0.920247
1.33876
0.443785
1.12771
0.316721
0.957853
2.71127
0.742588
1.79944
0.623452
0.75661
0.385778
2.17311
1.11136
0.769648
0.367275
0.343367
0.557255
0.993961
1.31968
1.12681
0.225367
0.965922
0.729694
1.04233
1.01141
0.5895
1.28532
2.1327
1.50116
0.282038
0.239467
0.311972
1.12975
0.357935
0.923233
0.823317
0.333453
1.10298
0.922313
2.18055
1.02055
2.44011
1.48041
2.03288
1.55004
1.45218
1.01088
0.915111
0.879682
0.309291
2.70299
0.825073
0.58961
1.03624
0.875446
0.630574
0.204222
0.591042
0.989188
0.504153
1.02515
0.913013
1.15748
2.26415
0.843109
1.16243
1.64775
0.7128
0.423898
1.81964
0.693562
1.35189
1.00226
1.29243
0.100813
0.844345
1.27173
0.313547
0.310669
0.950742
0.555003
1.30734
0.519832
0.110786
0.455561
0.750794
0.80049
1.0118
0.367553
0.521093
1.41606
3.67135
0.63086
0.30257
0.487588
1.14281
0.456654
1.07934
3.09307
0.786539
1.03885
0.776453
0.245261
1.47463
0.935936
2.13453
1.31107
1.5372
1.00723
0.281955
0.337777
0.764987
0.136434
0.650482
1.26403
0.183785
0.713973
1.66266
0.0574696
0.492867
0.143856
1.22564
1.90867
1.63156
1.61288
1.91836
1.17082
1.56673
0.0489571
1.80044
0.971544
0.568546
0.339679
1.09916
0.707545
1.62695
0.321781
0.279034
1.0028
0.761488
0.216907
0.624877
1.49843
1.43756
0.853176
0.861678
1.05056
1.14639
1.80419
1.61705
0.774025
0.38397
2.0361
0.269838
0.424526
0.874637
2.09208
0.482357
0.111659
0.976843
0.851161
1.05377
0.901792
0.254431
1.47849
1.15679
0.993453
0.771545
1.48702
0.0499001
0.176866
1.21482
1.12138
1.0696
0.9855
1.88951
1.33051
0.716686
0.78161
0.324355
1.65957
0.758933
0.242023
2.56477
0.38664
1.36788
1.33909
1.34519
0.63396
0.602151
1.76085
0.0528873
0.405483
0.896361
1.27896
0.932418
0.822293
0.714051
1.19718
0.970522
1.5741
0.391071
2.06304
1.28084
1.25466
0.491354
2.36533
0.841474
1.46522
0.723152
0.340536
3.12237
1.07396
1.99161
1.87324
0.0656031
0.791612
1.97222
0.314318
0.900333
0.900336
0.910549
0.352686
2.32942
0.286095
1.88277
0.891973
1.04051
0.0314655
1.37672
0.683581
1.96153
0.920845
0.31765
1.22393
0.217066
0.725707
0.518908
1.98291
0.0771649
0.797242
0.20573
0.920545
1.94454
0.274915
0.218554
1.52663
0.618566
0.765948
0.368023
0.226466
2.1006
1.58977
0.400482
0.779089
1.11691
1.15768
0.794301
3.23831
0.0899807
0.730569
0.817668
2.38693
1.10509
1.56961
1.04531
0.159194
1.71161
1.02063
1.35878
0.23901
0.282755
0.325857
0.948436
2.68379
0.726415
0.0318436
0.732135
0.140849
2.25122
0.396527
1.07809
1.16241
1.71658
0.702896
0.492945
1.81673
0.899963
1.04088
1.19152
0.904024
0.100432
0.534288
0.282023
1.49159
0.724317
0.507663
1.7276
0.638208
0.219587
4.02408
0.702526
0.55272
1.48484
1.33409
1.05108
0.286726
0.954487
1.50051
1.05022
0.798327
0.392937
0.47932
0.567907
0.211304
0.813349
1.72459
0.235583
0.649773
1.23551
1.28315
0.642156
0.577248
3.45091
1.28979
0.307167
0.943196
0.543677
0.469879
0.781578
0.156525
0.536776
0.725301
0.795501
0.95846
0.356591
1.81176
0.670613
1.39026
0.956779
0.21568
0.326837
0.527363
0.512676
1.03643
0.508899
0.710125
0.750789
0.263151
0.0476345
0.434944
0.879904
1.2685
0.924936
1.53937
0.235128
1.33969
0.384626
0.520687
0.969078
0.252168
0.187686
0.445341
1.02119
0.252877
0.871605
1.63316
0.869384
0.584784
0.223166
0.485224
2.43505
0.355106
1.81368
1.11536
0.900128
2.53309
0.543738
0.51597
1.26591
0.491816
2.04466
0.653119
1.374
1.30204
0.429575
0.674769
1.54195
0.237278
2.39341
1.23236
0.635433
0.450395
1.75698
0.465923
2.68371
0.435649
0.80424
0.855745
1.1607
2.24348
0.449642
1.63466
1.1619
2.50221
0.979163
0.474253
2.72992
1.15474
0.606087
0.424856
0.0887082
0.804335
0.351216
0.607157
1.97479
0.054633
1.78422
0.335869
0.622924
0.294544
1.35818
0.455748
1.674
1.14878
1.38545
0.655576
1.05407
0.925177
0.21479
1.86988
1.65734
3.80559
0.662551
0.330653
0.988215
0.199512
1.61489
1.00904
0.610845
1.3801
0.760608
1.30115
0.559202
0.0889999
1.94965
1.18443
1.23037
2.3843
1.5781
0.94569
1.96815
1.10152
3.07429
2.22459
0.334012
0.521095
0.200074
2.1209
0.473608
0.912968
0.28472
1.44497
0.917304
0.622402
1.32236
0.201165
0.392182
2.0782
1.40903
1.21316
0.545988
1.19286
0.878353
0.327091
1.24721
0.806218
1.26043
0.925514
0.603505
1.80638
1.81653
0.252957
0.630095
0.92281
0.308088
0.601505
1.35757
0.584927
0.942503
0.907758
0.626311
0.508561
1.98383
0.271265
1.08151
0.759537
0.545264
2.76613
1.14389
0.319409
0.541469
0.411167
0.407087
0.676942
0.543315
1.48067
0.663138
0.713567
0.53233
1.21848
0.811666
0.564097
1.12183
0.834546
0.784136
2.10858
0.520918
0.574
0.75718
1.90484
1.92593
0.990563
2.35906
1.74852
0.453613
0.480819
1.12048
0.658113
0.332126
0.669691
0.621947
1.99469
0.628501
0.768461
1.48814
1.44575
0.550379
1.58824
0.497765
0.411786
0.103145
0.750254
0.389643
0.948163
0.739482
0.936835
1.17331
0.185745
0.731637
0.440243
0.341744
0.452611
1.62993
0.460517
0.953887
1.88985
0.751476
0.842632
0.643291
0.43062
1.49424
2.28431
0.99892
1.37784
1.08989
1.21105
0.903581
0.607886
1.24449
1.00209
0.579768
0.523465
1.75296
0.656217
0.756189
1.32607
2.04242
0.493657
0.186948
0.21084
1.10734
0.814215
0.702673
2.61277
0.127023
3.74752
0.554619
1.59164
1.37902
0.585876
0.392969
2.04187
0.102886
1.85078
0.41045
0.329425
1.44312
0.363469
0.681577
0.847938
0.207449
0.46927
0.0210467
2.29411
0.65211
0.358389
1.14776
0.383494
1.3247
1.32361
1.107
0.800683
2.1828
0.233203
0.998097
1.40141
0.435213
0.575208
0.538984
0.905086
1.38288
0.557998
1.14864
0.833559
1.38175
1.67274
2.80798
1.50487
2.42461
0.567701
0.682821
1.00337
0.892973
0.853194
0.636473
0.280007
0.717184
1.08941
1.61204
1.13241
0.828399
0.704255
1.41913
0.589251
1.58424
0.226071
1.23455
0.32225
0.446387
0.966176
0.824521
1.38301
0.269005
0.569478
0.667987
1.15069
0.6698
0.952853
1.02036
1.19192
1.05187
0.283427
0.466091
0.127087
2.3785
1.80278
0.350685
0.291376
1.72998
0.816164
0.489043
0.317509
0.17854
0.540413
1.05427
0.535462
1.00648
1.35392
0.868985
0.736185
2.27828
0.431542
0.944139
0.302936
1.4855
0.12106
2.35124
0.799334
0.803738
0.608013
4.2991
1.91382
0.732778
1.05609
0.89614
2.45725
0.31419
0.979663
0.942746
0.510344
0.619353
0.929876
0.165901
0.633423
1.50123
2.18471
1.51692
0.727335
0.604394
2.02537
0.910812
0.425229
0.210351
0.81771
1.87451
2.0863
0.821598
1.19083
0.532838
1.08224
2.00264
0.886974
0.160502
1.64107
0.526372
0.553144
0.336834
1.26783
0.651547
1.08566
0.606959
0.654895
1.06406
0.464652
1.62235
0.302574
2.91699
1.52655
0.682661
1.07972
0.0295302
0.594328
0.849491
0.628348
1.70929
2.42939
0.472552
0.601749
0.518358
1.07928
0.118127
0.187845
0.490519
0.881257
0.42981
0.546263
1.78895
1.83637
0.902456
1.84603
0.616247
0.192368
0.124101
0.913457
0.694594
1.20516
0.776622
0.716726
3.3388
0.632508
0.580841
1.40623
1.38019
0.300302
1.66917
0.92931
0.499971
0.308016
0.309273
0.686068
0.922503
0.609343
0.645738
0.836893
0.454629
0.628014
1.02763
0.38084
0.542894
1.414
0.516008
1.3091
0.182347
0.807129
1.27796
0.462698
0.343056
2.76383
1.81171
0.157717
0.262453
1.39447
0.374584
1.11855
0.598907
1.36215
1.21325
0.490939
0.590075
0.344896
1.86296
1.82191
0.837052
0.428727
0.679078
2.23922
1.32027
0.0194303
0.942488
0.819167
0.643249
0.764209
0.595774
0.987131
1.25587
1.89698
0.842256
0.927326
1.01363
0.874216
1.98368
0.678534
0.395649
1.27772
0.0690152
0.540273
0.932511
0.926517
1.88593
1.02458
3.00545
1.93613
0.294775
0.290288
0.459181
1.67212
1.09894
1.23556
1.47998
0.433243
1.3767
2.02939
0.717092
0.341094
0.22983
2.70726
0.559034
1.1603
1.33689
1.17587
0.554149
0.606181
0.364615
2.82443
0.75318
0.722594
0.662681
0.311737
0.310151
0.654397
1.08577
0.857711
0.268579
0.322029
1.24771
0.919752
1.00638
0.985074
1.54427
1.42047
0.363211
1.5385
0.161274
0.577359
0.691091
0.826366
1.93759
0.013342
0.705984
1.31493
0.610725
0.305565
1.14265
1.51466
2.68238
1.23664
0.373981
1.65173
3.06061
4.22498
2.17043
0.767182
1.68473
0.889553
1.61668
1.74661
1.46478
0.797249
2.5907
0.558337
0.131754
0.361129
2.18113
0.526056
0.431167
1.36077
2.26841
0.762682
0.362282
0.374589
1.1089
0.774389
1.00104
0.375555
0.82479
1.4821
1.10143
0.58166
1.3554
0.850596
0.24381
0.821644
0.485333
1.28933
0.478082
0.222315
0.445877
1.45821
0.344083
1.65948
0.703008
0.241577
1.37275
1.83875
1.30855
1.40826
1.32702
1.60857
1.15837
0.513946
0.584624
0.33863
1.07251
1.08091
1.25882
0.362909
1.53632
2.19501
0.438812
1.15319
1.2556
0.413347
0.851092
0.181886
2.60783
0.565344
0.243333
0.728509
0.295105
0.320544
0.696704
0.241803
0.909447
1.17438
1.58003
2.81491
0.85331
0.295433
0.423856
0.11952
0.639169
1.01869
1.05114
1.50682
1.4839
0.644951
0.827959
0.0906677
0.469634
1.97062
0.81923
1.72524
2.92538
0.322551
0.372249
0.342715
0.903034
1.2777
0.639943
3.34772
1.60642
0.296909
1.38683
0.559028
0.876181
0.904151
1.04703
1.1442
1.44568
3.41803
0.332225
0.70326
2.60211
1.08292
0.310387
1.03663
0.833151
1.44038
0.921874
1.42042
2.1981
0.781229
0.75359
0.399806
1.81842
0.166566
1.14651
0.305563
1.86073
0.484387
0.248851
0.694158
2.58844
2.19807
0.654143
1.58358
1.51509
0.539665
0.235603
0.555385
0.62928
0.28326
0.901432
1.07149
1.21169
0.299033
1.77894
0.264149
1.32731
0.155838
0.540598
0.0323951
0.836909
1.75809
0.121969
0.260599
1.0845
1.15738
0.752692
0.742514
1.29193
0.608228
2.27648
0.998705
1.82215
1.50168
0.637771
1.26328
1.10535
0.961187
0.546114
0.661032
1.18232
1.75145
0.199766
1.48619
2.07551
1.06133
0.187309
1.57515
1.64909
1.7957
0.0480525
0.185292
1.71913
1.28315
0.63662
1.15552
0.738818
0.531852
1.42726
0.510096
0.956354
1.22088
2.2094
0.12556
1.63843
0.0620468
0.723317
0.4502
0.79199
1.76244
1.31565
0.0364353
1.1919
0.491126
3.13761
1.71731
0.866282
0.134608
2.20099
1.31212
0.859505
0.75094
0.362367
0.376414
0.751223
1.32053
0.489099
1.53465
0.520194
1.60467
0.922375
1.10974
1.63504
1.96635
1.54872
0.15212
0.724505
0.86809
4.56079
0.3531
0.639722
1.80992
1.8121
1.40312
0.775336
0.648236
1.25581
0.304072
1.06263
2.16969
0.396813
1.47053
0.771704
1.25856
0.0197643
2.72689
0.682978
1.17047
0.648193
1.2895
0.71901
2.4476
1.87299
0.502049
0.957
0.704891
0.37308
1.37393
0.76615
0.395989
2.96965
0.222219
0.179187
0.730379
0.191619
0.649025
0.82436
2.26008
1.94324
0.166775
0.934127
0.864246
0.373095
1.08292
0.282637
0.698367
0.575726
0.905437
1.25415
1.47936
1.90523
0.598083
0.617021
0.798793
0.759696
1.19051
0.663742
1.20522
2.22174
1.54198
1.2826
0.471921
1.02963
0.530711
0.198546
1.72086
0.180419
0.496785
0.529334
0.995574
0.418197
1.69431
0.511468
0.215329
1.76958
1.10453
0.219718
0.705234
0.498626
1.93499
1.30361
1.03391
1.04759
1.75581
0.426253
0.645197
0.30736
0.216665
0.242807
0.857511
0.0957013
0.742165
0.190988
2.10864
1.81635
4.25624
1.0054
1.07863
0.810529
0.556672
0.169989
1.78291
1.70663
0.744207
1.24358
0.843191
1.63424
1.99584
1.72227
0.309534
0.162721
0.715616
1.8974
0.690008
0.598735
0.563529
1.02698
1.36889
2.35167
1.16134
0.558988
2.33319
1.82137
0.567481
1.05054
1.38084
1.64138
0.159502
0.624615
0.527963
0.685451
0.545392
0.920184
0.572347
0.397016
0.959755
0.919041
0.738537
0.791712
0.720494
0.309531
0.331394
1.85951
0.366382
0.246478
0.985474
0.410148
1.83801
0.631194
1.13189
1.04309
0.502864
0.870793
1.00442
0.738997
1.3663
0.410629
1.60342
1.96757
0.263395
0.894199
1.19766
0.116886
0.671401
0.925745
0.681861
1.20983
1.26033
1.00161
1.68571
2.04998
0.700634
1.02835
0.71427
0.35029
1.83209
0.247931
0.740221
2.22709
0.273993
1.58291
1.16173
0.696477
0.484954
2.21866
1.70155
2.8809
0.775746
0.323018
1.10082
1.35779
1.97162
0.578005
0.338426
0.453934
0.599175
0.898158
1.09582
0.447656
1.25844
3.05933
0.723733
0.860698
0.909697
1.0749
1.13456
4.50281
1.10713
1.08252
0.581242
0.649603
0.292969
0.27016
0.676511
1.54579
0.913917
0.679173
1.51378
0.418387
0.7457
0.709173
0.640758
1.49452
1.26942
0.260451
0.657164
2.32292
2.12538
0.29615
1.77858
1.68185
0.990151
0.732689
0.636091
0.396318
0.722434
0.784266
1.98496
1.44649
2.419
1.6784
0.579448
0.686507
1.46416
0.265705
0.813625
0.507984
1.69065
0.630673
1.77786
1.04335
1.66716
0.469792
2.37112
1.13957
2.5052
0.21052
0.441278
2.32448
1.99979
1.44989
0.784494
0.752133
0.983573
1.38545
0.298467
3.35369
0.961009
1.97454
1.78478
2.26081
0.994017
1.67571
2.87266
0.436525
1.42082
0.362893
0.137819
0.284732
0.181297
0.683955
0.515835
0.542615
0.950447
0.316893
0.314125
0.803346
0.720627
0.710146
0.360842
1.17105
0.131754
0.0607087
0.447514
1.72787
1.44008
0.448808
1.49941
0.572772
0.299167
0.597287
1.27095
1.17443
0.460627
0.73091
0.827143
0.577727
1.04966
0.750553
0.383595
1.51175
1.04592
1.27544
0.629813
1.30008
0.178788
0.831573
0.492626
0.715022
0.906932
0.581638
0.16389
0.506422
1.10711
0.40479
0.630027
1.05741
2.17598
0.291816
0.349237
1.7394
2.52642
1.19666
0.395683
0.163486
1.42979
0.650877
0.0846125
0.456987
0.459504
0.977973
0.170413
0.863611
0.633283
0.230643
0.415459
0.948854
1.39259
1.17023
0.723121
0.822449
0.378763
1.67942
1.48414
0.160955
0.673845
0.939193
0.999469
2.25678
0.545108
0.330684
1.33776
1.3112
0.922569
0.892343
0.699859
1.33626
0.745932
0.676973
0.652659
0.654529
0.915306
0.618607
0.511118
0.13666
2.4857
0.25806
1.91885
3.88984
0.783834
0.550008
0.214265
0.68829
2.16647
0.297463
0.309399
1.12865
0.307042
0.925985
0.42185
1.08692
0.257606
2.19034
1.09309
0.712854
0.721509
1.03994
3.59151
0.163781
0.352519
0.593919
1.09406
2.09002
2.39515
0.967437
0.794665
0.770162
0.120844
0.577393
0.56809
0.269928
1.15919
0.353712
0.599226
0.393384
0.541918
3.48088
2.49687
0.850549
1.06592
0.95648
1.33914
0.638581
0.942621
1.5125
0.397017
0.982491
0.84453
2.34871
0.468948
1.2123
0.923673
1.63898
1.31862
0.847775
0.681759
0.472115
0.692855
0.614943
2.48234
0.316016
0.542103
1.05584
0.663562
0.141085
0.547265
0.426723
2.20374
1.65809
0.222589
0.276868
1.1692
1.91766
0.815833
0.717971
2.57994
1.40969
1.24352
1.18136
1.02732
1.01333
0.593446
1.12432
0.561237
1.22768
1.19785
0.336513
0.827894
0.459291
0.873522
1.22442
1.01118
1.3034
1.28843
0.301578
1.66916
1.19517
0.13879
0.996653
1.80352
0.748247
4.29797
0.923902
0.982254
0.244832
2.03881
0.43022
0.597895
0.621946
1.31905
0.801066
2.98981
0.806609
0.674093
0.409314
1.02093
0.997789
0.499309
3.76774
0.754095
0.768293
0.880095
1.93244
0.526125
1.22481
0.184159
1.65705
0.413164
0.502264
2.21077
0.274552
1.54041
0.772173
1.16279
1.94893
0.992157
1.27132
0.335953
2.29969
2.11344
1.87422
2.09259
0.62843
1.16271
1.08936
0.255295
0.563583
0.676836
0.471536
2.64982
2.71009
1.87574
1.89654
0.177864
0.797603
0.855845
0.864609
1.75467
0.41717
0.989708
0.556667
0.890853
1.44823
0.733692
0.692413
0.535325
0.623862
1.48239
0.0579365
1.00299
0.771373
1.36756
0.537138
0.126604
0.672489
1.37334
1.17982
0.15851
0.690463
1.15199
0.962959
0.327322
0.119827
1.00621
0.826144
0.633367
0.497682
1.37421
1.68205
0.50487
0.609694
1.58602
1.18758
0.669934
0.53071
0.303159
0.356114
1.34607
0.772708
0.437463
0.834208
1.28156
0.734381
0.474297
1.02386
1.72955
0.902474
0.878268
1.82589
0.623061
0.357314
0.23391
0.871858
0.603598
0.164606
0.423617
0.215368
1.5248
2.70211
0.746324
1.45298
2.22112
0.286265
1.70057
0.967208
0.368146
0.90221
1.87035
0.382901
1.59671
0.728512
1.78587
0.505519
0.659987
1.70077
0.746222
1.15686
0.311917
0.22303
0.900196
0.24701
2.11331
0.076635
0.630099
0.442487
0.579846
2.83268
0.343805
1.64836
1.35008
2.77378
1.48286
1.27256
1.23889
1.13069
3.19655
0.448357
0.943775
0.37277
2.30139
0.193064
2.61067
0.668529
0.446718
0.733168
0.534907
0.824189
3.13448
1.24952
0.481752
1.9544
0.390608
2.14224
0.337521
1.29622
1.98605
1.67722
0.443646
0.472599
1.22587
0.705058
1.0412
0.443478
0.3314
2.81349
0.532606
0.849197
1.80388
0.850112
0.715276
0.378267
1.23917
0.9627
0.65834
1.52437
0.317066
1.07439
0.541271
2.32775
0.76212
0.464861
3.49755
2.42597
0.224234
1.43462
0.644612
1.18767
1.86433
0.239854
0.473488
1.02337
1.09927
0.406148
0.231768
1.93078
0.63641
2.51367
1.10023
0.552154
2.4911
0.396598
0.0879628
0.907912
0.720956
0.195963
0.688863
1.6604
1.15977
1.68927
0.590649
0.997891
0.636728
0.808191
3.57398
0.694319
1.87452
1.86971
1.84764
0.388594
1.18948
0.738231
1.73399
0.840159
0.233022
0.174343
1.63145
0.908057
1.81329
1.71055
0.879624
1.7719
0.916405
0.281081
1.09537
0.67065
1.24375
0.333935
0.220062
0.93001
0.762268
1.20409
1.5982
1.06847
0.744857
0.384847
1.49094
0.166279
0.212499
1.23066
1.59696
0.181259
0.163709
0.561216
0.744124
2.83307
1.61189
0.337139
1.55691
0.303423
0.458341
0.102413
0.615277
1.5983
0.450434
0.791196
0.298604
1.65766
0.344618
0.914023
3.29102
0.431075
0.273844
0.927722
0.0829813
0.507719
1.1842
0.109641
1.00987
0.390524
3.85676
0.947261
0.778741
0.759428
0.952884
0.473389
0.316573
2.22626
1.06784
2.28172
0.653209
2.90976
0.594441
0.102267
1.71321
1.254
0.637347
0.475199
1.44941
0.647364
0.21366
0.181885
0.836905
0.992335
0.404581
0.368471
0.936345
0.751816
0.640333
1.28157
0.323442
1.19257
0.545287
2.31982
0.852661
1.03476
0.842218
0.569963
0.398095
1.40634
1.52934
0.195509
0.620387
1.08658
0.316449
0.199794
1.2143
0.101786
1.45445
0.290196
1.20918
1.50864
0.998998
0.0699085
0.251859
0.432885
1.57615
1.16699
1.04749
0.807651
1.61118
1.28075
1.2622
0.251936
0.565781
0.312182
2.29914
2.65365
0.132277
0.67522
0.504552
0.117837
1.55553
1.56841
1.71843
0.207559
1.88635
2.39033
1.89773
1.38108
1.56976
1.45668
1.71969
1.07692
1.20158
0.664117
0.939106
1.85588
1.00386
0.821317
1.18824
3.30411
0.789659
0.694245
0.695273
0.25447
0.184029
1.12226
0.548527
1.08672
0.447875
1.31734
1.46064
0.477316
0.0540825
0.965018
1.5789
1.16346
1.24133
2.20741
0.734389
0.598558
0.422429
0.883361
0.300321
0.994165
1.52366
1.26455
2.22192
1.06975
2.33977
1.56619
0.587517
1.07314
0.13728
2.09322
1.59532
1.15382
0.278633
1.32341
1.80542
0.379128
0.56679
1.45944
0.556493
0.235134
0.259992
0.819047
0.758237
0.574511
0.780775
1.02871
0.156278
1.79035
0.367419
2.87881
2.44531
1.23069
1.58029
0.609795
0.728447
0.841916
1.5683
0.292469
1.1453
0.487346
0.919803
0.370381
0.165614
0.605145
1.53107
1.36782
0.885096
0.318487
0.510863
0.509585
0.916014
0.755107
0.716495
1.17216
1.20479
0.719316
3.24085
1.95971
0.32971
1.54712
0.563856
1.15651
0.695007
2.97805
0.363738
0.314866
1.11812
0.942848
4.41835
0.188529
0.217548
1.23426
1.17287
0.288991
1.8877
2.10582
0.261784
0.270026
1.04343
0.693996
0.646736
1.30778
1.30206
0.969767
1.31795
0.166857
2.28049
0.98337
3.6003
0.0422737
0.516158
0.216677
0.513873
1.26976
0.679598
1.50882
1.05768
0.638029
2.0065
1.80055
0.576556
1.5261
0.700095
1.08608
1.82398
1.23951
1.14553
2.52445
0.14307
2.44337
1.95072
1.60325
3.74022
5.24851
0.902985
0.497695
0.331111
0.332936
0.749106
1.26875
1.44456
0.551277
0.982466
0.701605
0.816391
2.85536
1.64268
0.42275
1.10738
2.22348
2.41035
0.785219
0.932434
0.580321
0.346299
0.724729
2.56999
0.812319
0.831244
1.274
0.489552
0.665929
0.967286
0.132555
0.650318
0.769226
1.49469
1.19093
1.2987
1.36169
0.370326
0.955496
0.256578
0.453382
1.01411
0.347757
2.75995
1.40245
1.72974
0.94242
1.2843
0.897254
0.27069
0.480934
0.778271
0.969517
1.04113
0.784827
0.839789
0.471556
1.36715
0.761992
0.572636
1.09728
1.03226
0.656552
0.680176
1.1771
0.51831
1.34701
0.484666
1.91615
0.811885
0.846029
0.347626
1.06991
0.889442
1.15269
0.308557
1.44638
0.593047
1.63374
0.311608
0.548445
0.389187
0.905223
0.844874
0.197046
2.07782
1.84003
0.872022
0.333768
0.0765387
1.27806
1.29064
1.18642
1.41867
1.41982
0.708393
0.0420644
0.540831
0.325849
3.88517
0.512685
0.274744
0.946572
0.188704
0.988015
0.500387
1.92989
0.417953
0.507383
0.45996
0.614572
2.26631
0.665369
1.27085
1.24843
0.709494
0.691775
1.57628
0.215122
0.348169
2.62471
2.59523
1.10959
1.06147
0.255871
3.13229
0.944458
0.930167
1.46191
2.59104
0.573289
1.9217
1.60209
0.261338
0.30813
0.476966
0.699629
0.851241
0.567687
0.869375
2.67746
1.43244
1.48633
2.02948
0.293831
1.01885
1.91448
0.119533
0.61367
1.25804
2.46662
1.01029
1.10097
1.98001
0.614162
1.32581
2.11833
0.74005
1.55935
1.12883
0.462952
2.30217
0.545588
0.164494
1.1853
0.667078
0.561186
0.509261
1.34193
0.28835
0.872693
0.137479
0.759275
1.2504
2.5034
0.569598
0.302066
1.78314
1.13923
0.517252
1.1214
1.10734
2.0785
1.90197
0.592944
0.453385
0.417158
0.417592
1.72001
0.49351
0.716256
0.324745
0.373719
0.262773
1.91883
1.75873
0.584816
0.796887
0.895607
1.36148
0.753512
1.13151
0.591276
1.84781
0.382477
0.711254
0.665991
1.61208
1.18762
1.67968
1.39082
1.33365
0.0902352
0.57497
0.737222
0.925637
1.12945
2.63487
1.96983
1.02724
0.417729
0.615208
0.284022
0.393598
0.557536
1.70071
0.0729551
0.764883
0.221864
0.204017
0.363379
0.420439
0.831287
0.55363
1.2072
0.293297
1.44463
1.58914
0.265016
1.32388
1.93949
1.66957
0.241167
2.65502
0.315986
0.763641
1.3952
1.43414
0.833209
0.565151
0.57081
1.91325
0.991707
0.557584
1.40184
0.364727
0.880125
2.12721
0.467945
1.0818
1.89495
0.752959
0.225981
0.334273
1.67942
0.472034
0.510911
0.479371
1.29532
2.06229
1.46939
0.61925
0.84348
0.69184
1.32324
1.41209
1.1113
1.82869
2.27792
1.03275
1.78261
1.01749
2.23384
0.527291
0.207216
0.623918
1.52672
0.550682
0.184874
0.54339
0.72085
0.679086
0.42102
2.28348
0.546624
0.472778
0.632925
0.329237
0.59485
1.28449
1.46473
0.224092
1.13965
0.10776
0.558138
0.0955261
0.785378
2.50756
0.549274
2.04215
0.454691
0.618497
1.7267
1.57832
0.426306
1.67953
0.816223
0.83683
0.364659
1.35496
1.8823
1.90738
2.03226
0.78534
0.197234
1.69037
1.08349
0.740178
1.47942
0.424137
0.719404
1.94353
0.724476
1.75647
0.512126
0.79825
1.90903
1.0133
0.351724
0.245066
1.29412
1.14145
0.75352
0.303722
1.90801
0.839752
0.772953
0.823038
1.29961
1.72459
1.61315
1.04692
0.461736
0.233369
0.607596
0.981535
0.972705
0.783714
1.19297
1.64882
0.919129
0.53705
2.27806
0.164292
0.423919
0.514684
0.709632
0.63729
1.3389
0.79768
1.00289
1.01785
1.57632
0.64371
1.18992
0.233932
0.652407
0.707694
0.599237
0.029281
0.709013
1.36577
0.98072
0.143585
0.33679
0.226757
0.867791
1.81438
0.954885
0.818196
0.205289
0.208861
0.659575
0.864303
1.34882
0.525915
0.906452
0.362502
1.42291
0.868985
0.203565
0.263962
0.29066
1.76997
0.366619
2.18178
2.22033
0.391199
1.32887
0.353874
1.20818
2.12001
0.310202
2.18073
1.81573
0.562023
1.06434
0.147038
0.661006
0.347679
2.84541
0.799285
2.49646
0.783824
0.906562
1.30037
1.59081
1.6074
1.07055
0.45416
1.13136
0.785732
1.68845
0.409518
0.395172
1.65272
0.722866
0.916547
1.21132
0.147746
0.6837
1.4478
1.08173
2.02427
1.17353
1.76355
1.18013
0.352253
3.12106
2.17437
1.81748
1.46572
4.08383
1.67434
0.596413
0.145019
0.920109
2.1887
1.00169
0.648458
0.192279
0.60675
1.41713
0.601869
0.558464
1.58451
1.91926
1.86081
0.239891
0.830694
0.898834
0.469388
2.14914
0.609781
2.40427
3.05479
2.19655
0.477546
2.94192
2.34991
1.75721
1.23166
0.778718
0.636885
0.591941
0.893497
1.04246
1.25835
0.283947
0.805691
0.744928
2.62779
0.346865
0.388831
2.5898
1.21791
0.962519
1.00864
0.86612
0.428756
0.494798
1.2415
0.53011
2.26252
1.4304
0.566835
1.36465
0.740996
1.08221
0.738375
1.9426
1.11647
0.629991
2.05644
1.0313
0.762803
0.244409
1.06739
0.695521
1.41063
0.666254
0.213344
1.35944
0.312055
2.64963
0.250372
0.494084
1.08916
0.688078
1.29538
2.09258
0.924712
0.571111
0.887932
0.983209
0.192199
1.39249
0.314703
1.28984
1.34996
0.952593
0.390587
1.53316
0.584509
0.533812
1.1196
2.26237
0.209755
0.248414
1.11667
0.99505
1.00557
2.73796
0.737636
1.21698
1.64467
0.772691
0.603806
0.111722
1.48349
0.54438
0.407169
0.930571
0.432177
1.57099
0.974569
0.314032
1.30579
1.19073
1.70226
2.5841
3.15457
0.978863
1.45501
0.935041
0.196761
2.85823
1.12987
0.7708
0.658033
1.65025
0.829232
0.276077
0.421253
1.07025
1.24113
0.232475
0.240335
2.01665
0.384922
0.980283
1.57858
0.940582
1.79822
0.191472
1.27291
0.576505
1.32898
0.673068
1.81693
3.04168
0.626809
0.589571
1.08299
2.24902
0.721867
3.62953
1.66403
1.55008
0.696409
1.64453
0.903122
0.281315
0.821274
1.01138
1.52488
0.153307
0.79415
0.338927
0.185624
0.357966
1.47407
0.707668
0.488871
2.68216
0.703295
0.269727
1.39624
0.522835
0.933765
0.737242
0.378838
0.957646
0.757013
1.37194
0.404624
0.621547
0.174714
1.1528
1.54387
0.823199
0.396037
0.969402
0.192543
0.99419
0.845064
0.56903
3.71048
2.1917
1.2815
1.97938
1.40016
0.177438
0.714119
4.59833
0.975999
0.275637
1.04215
0.919639
2.22214
1.05731
2.28308
1.63194
2.04287
1.17894
1.14836
0.489363
0.537397
1.08141
0.562862
0.676958
0.186378
0.283016
1.6687
3.64221
0.473262
0.390172
1.12531
2.18317
1.41211
2.10995
0.24526
1.00656
2.25992
2.20287
0.557548
0.3409
0.422546
1.99057
1.89806
0.381798
0.343136
1.63027
0.768716
0.516436
0.916837
1.09303
0.295106
0.818615
0.887852
0.677241
0.882606
1.17396
0.191899
0.935111
1.1305
1.23372
1.06335
0.677362
1.06518
0.482191
0.757785
0.906666
0.478525
0.0977987
1.47435
0.769108
2.45852
3.10397
1.66927
1.14846
0.80773
0.699805
0.489483
3.09883
0.612925
3.62239
0.257089
1.026
0.668876
1.33779
1.007
1.09259
1.87354
0.383913
1.4881
1.14233
0.776195
1.01643
2.20772
0.518073
0.214337
0.531509
0.330449
0.326885
1.57086
1.93779
0.370128
1.94215
1.12067
0.522298
0.862113
0.861475
0.518178
0.737568
0.351322
1.02233
0.188992
0.596794
0.405879
0.664127
1.24345
1.3901
0.556403
0.959972
0.0448681
1.14169
0.863253
0.917687
0.907755
1.55677
1.58478
0.471627
2.04396
1.33071
1.33714
0.543049
0.729027
1.45399
0.987826
3.28525
0.542388
0.291237
0.697694
2.06251
0.276241
2.6313
0.491295
0.170777
0.465189
0.904117
1.08135
0.692676
0.154957
0.233124
2.73463
1.75061
1.58113
0.942756
0.840521
1.16414
0.337429
0.673812
0.526654
1.52657
0.537306
0.253178
2.58423
0.888572
0.484847
3.25472
0.899911
1.77608
0.995211
0.908473
1.89623
1.04802
1.20068
1.04776
1.09337
1.37402
0.0771171
1.51942
0.276222
1.99664
1.85875
1.14125
1.00802
1.71323
0.73794
0.293211
0.428562
0.980402
0.555913
1.03427
0.921642
2.56419
1.04713
2.14256
1.79041
0.772351
0.902096
0.604104
0.119621
0.654701
0.657397
0.512027
1.28414
1.30763
0.0393915
2.4649
0.509111
0.352603
1.4767
0.448975
0.440458
1.25402
3.54759
0.931928
0.409036
0.708742
2.30729
0.996552
0.733497
1.24333
0.691484
0.370982
1.57175
0.524327
0.801146
0.763194
0.0918908
0.527256
0.325546
1.50966
0.940372
1.20291
1.95396
2.15493
0.930924
0.36075
0.339303
1.67911
0.820214
0.235019
0.567236
1.45512
0.743928
1.27036
0.527456
1.34558
0.304659
0.949084
1.00759
0.975439
0.425352
1.65511
0.554906
1.32283
1.38777
0.132433
0.755184
0.369599
1.4258
1.14934
0.69257
1.08934
0.581035
2.37173
0.150694
0.363375
0.816326
0.965742
0.611243
0.206694
2.26168
0.206621
0.581484
0.49476
0.702495
0.477934
0.789757
0.0571421
1.2151
0.836492
0.48505
1.00054
1.43126
0.461146
0.125214
1.85822
2.74933
1.97069
0.911629
0.440957
1.13869
2.42831
0.252936
0.636769
0.593646
0.773023
1.70871
2.03232
0.534162
1.29958
1.50368
0.251066
1.61132
0.595406
0.54989
0.518671
1.63973
0.279383
2.13209
0.827784
0.628406
1.04387
0.167403
0.860146
0.47722
0.469682
2.01879
1.98211
0.298437
0.768447
0.232563
0.836856
1.56258
1.3481
1.57417
0.890503
1.7192
1.05245
1.49329
0.854864
0.37718
1.43455
0.938342
0.58556
0.861826
0.917335
1.48104
0.600205
0.0954218
0.610409
0.951549
1.21127
0.969391
0.226385
0.521938
1.99767
0.16517
1.99639
1.14342
0.108111
0.422042
1.40229
0.888953
1.23976
1.43552
1.45621
0.984907
0.471245
0.76103
0.0230611
0.716972
1.22878
0.724428
2.28441
0.362033
0.582055
1.66485
0.472253
0.930962
1.88407
1.69318
0.448336
0.949172
1.3892
0.562501
0.686533
0.6754
0.883805
0.933351
1.02297
0.514239
1.20381
0.848827
2.31719
1.02427
0.83548
1.08804
1.46222
0.515095
1.14197
0.572131
2.03291
2.78738
1.96008
1.05089
1.07502
0.210026
0.327738
0.523458
0.398568
1.30863
0.597368
2.72756
1.52497
3.81169
0.474786
0.284992
0.259381
0.553879
0.184401
0.798468
0.780674
0.772072
0.791504
0.781643
0.843886
0.429865
0.283232
0.688208
0.721271
1.53478
1.39928
0.477048
1.24838
1.37804
0.652203
1.8143
0.761726
0.778786
0.619483
1.0806
0.746137
0.377564
1.19319
1.56856
0.427337
0.444506
0.329046
1.09301
0.333558
2.09885
0.925209
1.18273
0.712683
2.39919
1.26052
0.630462
2.32555
1.34173
0.392694
0.341838
1.53984
3.37878
0.78226
0.675869
0.168475
2.97977
0.32857
1.57009
1.03444
2.30977
0.601579
1.04
1.86009
0.964753
1.31298
1.39019
2.43324
0.0167314
0.274293
1.71182
0.66852
1.65768
0.589839
3.54533
2.29535
0.894423
0.970175
0.202111
0.962771
0.882411
0.494414
1.52963
2.50876
0.982998
1.11592
0.655824
0.335999
0.736142
1.5793
0.274876
0.541118
0.828333
0.206459
1.64385
0.710775
0.678233
6.48344
1.53479
0.670903
1.89865
0.706732
0.578622
0.187945
1.60339
1.22909
0.439894
0.961871
0.511377
1.11276
0.925816
0.82041
0.146119
0.606509
0.672971
0.476105
2.22528
0.434859
1.97654
0.0363334
1.0391
1.85474
0.158994
1.64997
1.4119
0.541016
1.76133
0.549185
1.69592
0.629444
0.0380127
0.308841
0.65155
1.47789
0.568903
4.25867
0.787705
1.38085
0.938352
1.16547
0.744385
0.99204
1.32481
1.13984
0.758678
0.973109
1.27638
1.1023
0.515748
2.22827
0.534519
1.22188
0.114935
2.23963
1.12354
1.8354
0.424541
0.855367
2.19826
2.26438
2.73123
0.855014
1.20775
0.524893
1.15175
0.338938
1.38894
0.30075
0.200122
1.40815
0.235841
0.918976
1.06914
0.327239
1.51494
3.5831
0.616941
0.626885
1.22871
0.327095
0.157324
0.670164
0.703246
0.416279
1.30634
0.819107
0.996094
0.551346
0.615466
0.301079
1.65333
0.22623
0.684562
1.82817
1.34857
1.29613
1.27065
1.70853
1.05836
0.674311
0.645473
0.443413
0.410564
1.74979
0.437894
0.499355
0.616727
1.59366
0.0879566
1.37223
1.3808
0.450004
0.495261
0.0301969
2.34013
1.45837
0.829019
0.657654
0.800783
1.82384
1.1011
1.24416
0.124345
1.93725
1.12767
1.47814
0.567238
0.549824
1.45848
1.13302
0.811183
0.186377
0.777625
0.616093
2.31558
1.69696
2.22994
0.789492
1.52199
2.01534
0.469596
1.03454
0.593152
0.067897
0.588568
1.86068
0.769353
0.752047
0.691066
0.940942
0.154922
0.863123
2.48198
1.22069
0.463838
0.769126
1.1453
0.187678
1.33868
0.323889
0.832372
2.35408
1.15727
0.778215
1.89676
0.733935
0.587998
0.351246
1.30716
0.911091
1.33224
0.578415
0.497744
0.422964
1.09671
1.30735
1.56553
1.67141
1.3541
1.51354
0.44678
0.811914
0.904372
0.111793
0.542782
3.22047
0.894434
1.21867
0.081866
0.0607409
0.0791433
0.687685
1.36826
1.83669
0.619704
1.27219
1.03875
0.890844
2.66526
1.1068
1.0473
0.3004
0.341173
1.06641
0.705346
0.198029
1.67773
1.75518
1.78594
0.720309
1.18366
0.844203
0.362341
1.1479
1.52817
0.919129
3.52151
0.779403
2.29797
0.279246
0.612675
0.41038
0.644797
0.45584
0.541532
0.284883
1.35943
1.77169
1.32022
0.763407
0.590632
0.653698
0.255381
0.6439
0.291209
0.860067
0.668879
1.2308
1.84244
0.997918
1.40945
1.24413
0.217323
2.35052
0.784571
1.21872
0.27807
1.86898
1.01514
1.83398
0.950631
1.01702
0.95836
0.742554
0.577403
0.209722
0.790606
0.851033
1.89851
1.27795
0.29718
3.63793
0.0262678
0.760358
0.822308
0.451042
3.14098
1.60262
0.633088
0.376158
0.456737
1.29769
0.317797
0.366601
0.882566
1.05938
1.41548
0.527594
0.611299
0.754557
0.286459
0.353248
0.287405
0.911426
2.21321
1.09486
0.91913
0.601205
0.846151
0.899501
1.07885
1.72984
0.270119
0.16903
2.25375
1.13419
0.766666
0.319225
1.13929
0.916585
2.11587
1.47705
0.518655
0.78223
0.232223
0.177199
0.523092
0.709901
0.882175
0.718924
1.1037
1.10803
1.17872
0.41788
3.267
0.136892
0.314436
1.67219
0.455394
1.09649
0.186611
1.70286
1.29647
0.684189
0.37057
1.13526
0.326606
1.18043
0.685643
0.864434
4.10386
0.250747
0.843683
1.59035
0.787949
0.268476
0.340399
0.0576783
0.708481
0.453232
1.86063
0.967282
0.749282
1.82609
0.440789
1.00176
0.508485
1.69739
1.07011
0.753011
1.27159
1.44071
2.96414
0.668334
2.1559
0.671218
0.479184
0.590723
0.168005
1.16554
1.34921
1.62689
2.28084
1.58401
0.752647
1.01813
0.825192
0.626528
0.768847
0.673166
0.975168
0.603678
1.63942
0.545702
1.08472
2.26651
1.92811
0.24196
0.652837
2.3937
1.09862
1.4615
1.52227
0.810275
0.830951
0.335988
1.12488
0.121611
0.583834
0.913678
0.170389
1.92258
1.48809
1.14975
0.82739
0.601532
0.173135
0.197298
0.973318
2.89756
1.18387
1.00203
1.39677
0.367199
0.889567
0.223502
1.11919
2.95722
1.11992
0.124729
0.698363
0.29545
0.130164
0.832308
0.753589
0.196839
0.750782
0.975778
1.02686
0.403845
2.09754
0.593742
1.15053
0.872565
0.385103
0.303841
0.859353
0.0659213
1.43804
3.99931
0.234022
0.688179
0.744318
1.54843
0.497396
0.515518
0.376609
0.704611
1.44438
0.889614
0.451235
1.08016
0.163832
0.376608
0.868009
0.992522
2.46833
2.92795
0.343898
0.602541
0.814855
0.203807
1.76214
0.240016
0.35425
0.369109
1.22685
0.774164
0.944988
1.31595
2.10086
2.12589
0.353165
2.66708
0.555426
0.575428
0.408471
0.82235
0.71204
2.42439
2.00992
1.19334
0.281855
0.12525
0.234618
0.970125
0.516595
0.363123
1.2069
0.647085
0.311092
0.952355
0.392472
3.59087
0.821569
2.47287
0.804089
0.783711
0.315462
1.04665
1.09093
0.901389
1.21062
0.624453
0.322913
0.540846
0.0630607
0.364198
0.540381
1.28548
3.46632
1.37041
0.846924
1.70351
2.2419
1.0359
0.85774
0.412402
0.15512
0.338602
0.0613221
0.665106
1.97109
0.258346
0.939146
0.160931
0.565975
0.316606
1.25584
0.506065
0.571302
1.44577
0.410363
1.30816
0.520469
1.46402
0.283741
0.116537
0.415467
0.49699
0.227108
1.07477
0.715358
0.259743
0.780928
0.328012
0.39251
0.26175
1.23295
0.54176
0.739812
2.72901
1.37853
0.656663
0.307879
1.74998
0.6198
0.836671
1.12572
0.838873
1.02748
0.720177
0.804916
0.35847
2.7953
0.323654
1.32505
1.21298
0.810549
0.987742
1.66351
0.546525
2.22283
1.40194
1.32159
0.664466
0.650866
1.77526
1.1091
1.90539
1.12216
1.00019
0.774951
0.805404
1.52766
0.205877
0.104159
1.49595
1.11105
1.67731
0.158179
0.20957
1.29771
0.940127
0.209511
0.782978
0.294298
0.925731
0.813604
0.935852
1.00263
1.49001
0.208866
0.299045
1.43971
1.27882
0.983817
0.0591922
0.712182
1.24154
0.582355
2.15776
1.67785
0.29392
1.8416
0.60854
0.421125
1.10898
0.30495
0.424092
2.27027
0.599617
2.00214
1.09198
1.17046
1.94398
1.98339
0.378091
0.716435
1.48668
1.37556
1.50416
0.0379758
1.39471
0.658385
1.53528
0.54912
1.21958
3.97611
0.77661
0.755419
0.249757
0.577691
0.704522
0.0503877
0.116837
3.661
2.15501
0.956116
1.40636
0.246245
0.213854
1.38408
1.04811
1.45659
2.07659
0.373366
0.72516
0.649866
1.25907
2.07752
1.12543
0.43779
0.685975
1.42137
0.430213
0.644678
0.903677
0.0252914
0.165727
3.80273
0.654382
0.865302
0.589249
0.520626
0.544383
0.492231
0.389465
0.418631
0.265165
1.0273
1.65734
1.4608
0.365209
0.308886
1.03298
0.138417
0.459547
1.12941
3.17616
1.14534
0.38395
0.34161
0.369263
1.01656
1.50668
3.65285
0.616961
1.54962
0.689413
1.54485
1.60181
1.36721
0.743466
0.998865
0.706841
1.37554
1.6868
0.401541
0.19152
0.261428
0.579604
1.06894
0.509041
0.643529
0.562526
0.239805
1.00259
0.301655
0.981372
0.60084
0.136835
1.73051
1.10662
0.699632
1.07595
0.344246
0.0813352
0.126843
0.637174
1.404
0.734335
2.08836
1.76689
0.391522
0.124907
0.818436
0.844582
1.21623
1.5367
1.35657
1.36644
0.701481
1.67064
2.10567
0.394319
0.898662
1.19054
0.454627
0.849185
1.58885
1.17265
1.79119
1.16461
3.02193
0.316229
0.912868
0.59148
0.850917
1.14352
1.92827
0.50583
0.828896
1.30358
1.04279
1.04855
0.893054
0.620533
2.18833
0.422183
1.26521
0.197525
1.12368
1.95528
0.545216
0.934633
0.593304
1.00593
0.467979
0.624324
0.427886
1.43477
0.666467
0.0616156
0.223424
0.468648
0.705387
0.320484
0.973243
0.27943
0.393952
0.481775
0.708102
0.980155
3.35181
1.1265
1.53719
0.368135
0.989301
0.935238
0.485756
0.281038
1.63458
0.643219
0.950112
1.63776
2.10606
1.02644
0.531397
2.26221
1.08444
0.22861
0.280902
0.980426
0.600139
2.33812
0.685252
1.33819
0.854399
2.78788
0.291418
1.59539
2.06449
0.194947
1.95928
2.82941
0.842546
0.224335
0.682916
2.05281
1.2742
1.46209
0.704636
0.331127
0.903419
1.14618
1.62029
1.01947
0.306533
0.74658
0.281592
0.224173
0.0610488
0.560153
0.855602
0.679784
1.53942
0.971618
1.22457
0.605865
1.32156
1.2134
0.111609
0.327343
0.357919
0.453408
2.39079
0.207262
0.348378
0.822717
1.08791
1.03923
0.21566
1.98117
1.0705
0.484377
1.15567
0.42426
0.0954179
0.75343
0.282968
1.11015
0.450599
1.27425
1.01581
1.20506
0.384732
0.428894
0.252335
1.20046
0.483094
0.699112
0.403311
0.557212
0.385539
0.161957
0.0999179
1.02327
0.985903
1.27057
1.71933
0.949649
0.0792043
0.713295
3.24288
0.209087
0.340927
2.15652
0.656104
1.6605
1.53742
0.3503
0.792062
1.32897
2.0162
0.733409
0.873483
0.903494
0.544718
0.514375
0.692518
1.73037
0.65672
0.709423
0.456054
2.62255
0.627692
0.544707
1.10894
0.422696
0.83005
1.64714
2.36732
1.485
0.139117
0.701555
1.15325
0.807582
0.359378
0.05968
0.413417
1.35292
0.504379
1.46531
0.640369
0.10729
0.452177
1.50175
2.20252
0.958768
0.254834
0.816367
0.667747
1.41887
0.165321
1.63263
0.5912
0.338135
0.946195
0.251841
0.999067
0.705365
0.712772
1.0911
0.284217
0.0901517
1.89999
0.355346
2.08291
1.09005
1.27967
0.280249
0.332123
0.447344
1.04523
0.323698
1.61322
0.164143
0.993825
1.50616
0.910766
0.414784
0.994812
0.255156
0.576588
1.31897
0.737885
0.142103
0.497509
1.08014
1.30106
1.25463
1.02146
0.502369
0.645802
2.84906
0.213846
1.76701
1.03704
2.01519
0.26898
1.5748
0.292906
1.47229
0.260523
0.535261
0.743708
0.538492
0.667579
2.82797
0.67968
0.632478
1.19016
0.162759
0.910985
1.00619
3.80384
1.13545
0.905591
0.376833
1.03296
1.05
1.01328
0.19133
1.15447
0.197752
0.643705
0.637867
0.785712
1.01034
2.11994
0.733409
0.273807
0.395139
0.850523
0.99744
1.19569
2.55299
0.554206
1.52779
1.09519
1.67918
0.623349
1.57536
0.745711
2.11128
1.71968
2.75695
0.252194
3.01204
0.775966
0.394872
2.06724
0.0753334
1.10708
1.97115
0.873338
0.834132
0.0666915
0.545948
0.299413
0.825275
0.737753
1.13541
1.36927
0.379681
0.29083
0.77759
1.06291
0.438531
0.232526
0.894145
0.187915
0.843113
0.563556
0.736243
0.494299
1.40215
2.44727
0.730925
1.14171
1.76869
0.59686
0.43635
2.35782
0.900055
0.949286
0.233409
0.509495
1.25874
1.34574
0.43279
2.68438
1.15628
0.776352
0.440999
1.41182
1.47016
1.97652
0.485923
0.504798
1.62831
0.810899
1.17981
0.318327
1.99233
0.56441
2.01108
3.15686
2.30735
0.176228
0.351938
0.515902
0.940924
0.269406
1.71427
1.04342
0.965291
0.677886
1.78217
0.849522
0.218924
0.740909
0.722321
2.06012
1.37508
1.3061
0.563366
0.77386
0.935308
0.539019
1.19958
1.54373
1.50126
1.41303
0.997801
0.760307
2.38494
0.386593
1.64946
0.965886
1.39325
0.149809
0.286199
0.367026
0.895779
1.27859
0.11059
0.647337
1.03619
0.566786
0.107121
0.385136
1.73037
0.228205
0.800962
0.133246
0.64682
0.797348
0.783115
0.73449
1.74851
0.598593
0.850087
0.838971
0.440891
1.06334
1.46974
1.16606
0.331825
1.89399
0.512482
1.12863
0.861911
1.79965
0.313466
1.11966
0.981134
0.652808
0.0313856
1.65377
0.652424
2.39845
1.59603
0.391657
0.960972
0.824913
0.410035
1.6774
1.39115
0.365467
0.770561
0.248007
0.383572
0.840833
0.357449
1.09131
1.92517
0.640098
0.617174
1.60006
0.766291
0.497014
1.06659
0.0891407
0.519673
0.364212
1.14871
0.649159
1.25997
2.06809
0.783619
1.52241
0.188063
0.450113
0.256826
0.974662
0.817013
0.173349
0.290827
1.3827
2.29142
1.11293
1.15941
0.783961
0.159899
0.282013
1.04544
1.782
0.143334
0.625871
0.773963
0.526238
2.01422
1.87826
0.655648
0.82393
0.562881
0.302853
0.83841
2.0644
0.692488
1.11629
1.02858
2.34875
1.39198
1.6178
0.24358
0.407334
1.11946
1.51308
0.283741
0.531084
1.81905
0.452818
0.32859
1.15161
2.37263
0.812101
1.0232
0.61516
1.37685
0.70082
0.864857
2.17611
0.902672
0.357054
1.16343
0.813549
0.841357
0.7526
1.25397
1.08167
1.27218
1.46903
0.833349
0.708563
1.55342
0.455832
1.62827
0.932264
0.327456
2.55913
3.45438
0.255021
0.177728
3.16715
0.799102
0.796792
1.4123
1.22778
0.28523
1.04758
0.104308
1.00345
1.18122
0.512367
0.229901
0.722441
0.33161
1.0354
0.618279
1.50022
0.261522
0.279826
1.08626
0.565285
1.73951
0.367415
1.95366
1.03306
0.700215
1.47244
0.274381
0.0312634
0.797852
0.865633
1.39325
0.307972
2.6745
0.54222
0.698024
1.67301
0.220693
0.357806
2.40531
0.562441
0.832253
0.0732893
1.79647
0.777816
1.20574
1.59307
0.920168
0.212164
0.0412715
0.346136
1.28079
0.501182
0.648549
0.277969
1.1262
0.681303
1.82952
0.878159
0.714828
0.611683
1.10326
0.337651
0.534954
1.23543
0.729646
1.55944
2.19567
0.894158
0.222529
3.72183
1.20091
0.254991
0.773723
0.693087
0.266424
1.39887
0.752766
0.786049
1.74948
0.329526
1.98121
0.941568
0.722267
0.956378
0.21391
0.681598
1.18233
1.42848
0.419566
0.732935
1.23075
1.69704
1.75941
1.17857
0.427969
1.0172
1.02277
1.43658
1.52265
0.102523
0.404574
1.95762
0.403487
0.624745
1.02986
1.47018
1.26813
0.57411
2.06365
0.171154
2.15758
0.312469
0.502078
0.499826
1.49471
0.287071
0.271142
1.11739
0.481006
0.336824
0.373504
1.69464
0.913795
0.704929
1.77169
1.15513
3.33078
0.353695
3.368
1.59399
0.923756
1.4029
0.98624
0.236313
1.18691
0.708219
0.281308
1.88681
0.288634
0.118588
0.267724
1.97563
0.417269
0.755049
0.849505
0.482285
0.333419
1.43674
0.993749
0.302352
1.02436
2.29428
0.761743
1.20763
1.73182
0.595267
1.06267
0.0918112
1.59946
0.877089
0.166617
2.69415
1.51454
0.0690021
2.0419
2.34926
0.211383
1.48463
0.213255
1.2234
1.21881
0.358444
0.36869
1.39708
2.18785
1.2841
3.31044
1.11034
0.13091
0.623492
0.383336
0.566333
0.479517
2.18814
0.871918
0.126635
1.0551
1.46273
0.593365
0.141637
1.09956
0.319109
3.47303
0.863887
0.349903
0.667657
0.183417
1.26999
0.408986
1.17853
1.26141
0.445156
1.39274
0.781985
0.454577
0.557915
0.427421
0.423685
1.54522
1.02784
0.870703
0.632562
2.73231
0.874745
0.351472
0.893244
0.410245
0.518121
1.0749
1.57853
1.70197
0.639183
0.970242
1.38032
0.858589
2.06491
0.504405
0.271381
1.88207
2.03785
0.864166
2.2583
0.343651
1.05634
0.0814239
0.686329
3.68738
2.01334
2.69487
0.671554
1.00123
1.23022
2.1194
0.143449
0.435368
0.274288
0.422289
1.40942
0.86254
0.864471
0.811134
0.107429
0.539541
0.886658
0.249658
1.01368
2.15535
2.23818
1.53976
0.346621
0.498646
1.60236
0.755659
0.835624
2.80304
0.788439
0.681851
0.438193
1.71171
1.06704
0.605629
1.49508
0.340408
0.56272
0.849189
0.849219
0.492569
0.822862
0.385399
1.47941
0.554561
1.02269
0.747922
0.902022
1.45225
0.59206
1.39104
0.816264
0.309113
2.18076
0.767603
1.18855
0.0837819
0.419458
1.51737
0.847864
2.19159
0.374728
0.800814
2.23297
0.805251
0.376083
0.791085
1.59481
0.0975759
0.182244
0.701339
0.928257
1.67074
1.3282
1.79297
0.771769
1.09357
0.255218
1.48777
1.18633
0.874058
0.207815
0.579892
0.261216
0.384894
2.23634
0.375599
0.733881
0.434725
0.607099
3.0031
0.848757
0.498379
1.36835
0.567521
0.793477
0.501272
1.26596
0.988963
0.709112
1.92915
0.861622
0.283693
0.629804
2.45716
1.48201
0.76648
1.74865
1.3088
0.156419
0.868413
0.509019
0.400001
0.871948
0.502507
2.1769
0.238731
1.02559
0.460604
2.32413
1.01141
0.372462
4.0683
1.81566
0.422041
0.786113
0.569732
0.382207
1.48363
0.760944
1.367
0.690728
0.0801628
0.244904
2.9623
0.699502
0.71638
0.746891
0.620868
2.37448
1.81411
1.80809
0.561932
1.47756
0.362793
1.91653
2.85471
0.933283
0.306555
0.786884
2.38413
0.132859
1.60175
2.71657
0.431229
0.893854
2.60074
1.57265
0.725891
3.23104
0.931457
0.94978
0.453626
0.691839
0.259975
1.72179
3.48234
1.20294
0.772877
0.711312
0.766602
1.08557
0.649471
0.522342
1.24651
0.39819
3.0158
0.408251
1.64219
0.596915
2.3157
0.726962
0.372989
1.04883
0.855615
0.380813
1.08487
0.608131
0.969892
0.636574
0.415658
2.02088
0.107402
0.0326918
0.956907
0.518177
0.186278
0.787609
0.379831
0.652525
0.181783
0.334951
2.25065
1.37225
0.392107
1.64802
0.783496
0.858436
0.204206
3.04485
0.783248
1.86189
0.609185
0.106915
0.778137
1.38115
0.143306
0.399104
0.480842
1.00444
0.303159
0.455339
1.10561
1.07625
1.01108
1.18288
2.40387
0.697098
1.36708
0.45958
0.832773
0.49752
0.818417
0.364007
0.178466
0.309467
0.142371
0.399162
2.20529
0.308961
1.34128
0.822481
0.404834
0.680637
1.44698
0.19156
0.294389
1.16712
1.50998
0.316953
0.577994
0.940535
0.660703
1.13546
2.44412
0.124761
1.45709
2.60541
0.870268
2.3494
1.08164
0.252523
1.05802
1.03845
0.402747
0.479996
3.1062
1.6747
0.247732
0.996221
2.27267
0.481342
2.40192
0.0513011
0.624419
0.370564
0.910668
2.04456
2.54906
0.285799
2.0566
2.28771
0.426437
1.55215
0.57187
1.1216
0.329566
0.972043
0.993898
0.221902
0.885345
1.52392
1.04706
0.701849
1.02042
0.930461
1.03393
1.15592
0.145404
0.258317
0.376716
0.696386
0.139975
0.396488
2.12666
1.35173
0.809715
0.227495
1.4401
2.437
1.07403
0.475505
0.623349
0.710399
0.940476
1.17147
1.03156
1.32036
2.7416
0.725595
0.661982
2.38483
0.746696
1.71835
0.563015
1.58315
1.28338
0.298338
2.27088
0.687316
0.785428
1.62933
1.50441
0.995095
1.7424
0.416191
0.457284
0.945029
0.879847
0.417427
1.95983
0.814625
1.40149
1.81578
0.34603
0.548345
0.792616
0.40271
0.735692
1.00815
1.78368
0.321007
0.860904
0.518724
0.275932
0.859202
1.26797
3.07053
0.388496
2.65477
0.892827
1.50743
0.878251
0.665052
0.193172
1.87188
1.04676
0.911188
1.17981
0.30408
1.72299
1.18212
0.164529
0.723078
0.965321
0.936871
1.50725
0.342135
0.634795
0.172871
1.51446
0.645875
2.39218
1.00234
0.884205
1.27464
2.15371
0.552868
0.546858
0.841237
1.2663
1.39284
1.51773
1.63679
1.14486
0.65348
1.25084
0.607992
1.05138
1.19569
0.323706
1.82015
2.09772
0.910529
0.825186
3.55853
0.148533
0.384433
1.02284
0.285983
0.469673
1.1674
0.399468
0.189435
0.34879
0.617864
0.566647
2.50586
1.3243
1.82777
0.349713
1.34067
1.66672
1.02394
1.13464
0.38776
1.58536
0.718636
0.404983
0.202993
1.13114
1.36014
0.510073
1.39906
0.211179
1.03918
0.384809
1.88907
0.729577
1.95927
1.44741
0.886032
0.921274
1.35395
1.25423
0.535351
0.933321
0.190394
1.42595
0.829173
0.837339
0.944597
1.0435
0.698557
1.42619
1.10615
1.00765
2.32285
0.230791
2.24771
1.51252
1.3111
1.15878
0.873887
0.449365
1.31422
0.879481
1.25893
2.25789
0.523519
0.184392
1.55996
1.03237
1.21852
0.611163
0.688487
0.312864
0.766871
0.793038
0.360659
0.250785
0.760888
0.714254
0.991589
2.00425
1.01488
0.0949231
0.478361
1.16956
0.320727
0.587623
0.194402
0.875315
0.347974
0.487451
0.768445
0.776011
5.6561
1.07044
0.493543
0.370458
1.03833
1.04162
1.14833
0.667678
1.30457
1.08287
0.49361
0.626097
0.906548
1.97589
1.64094
0.597656
0.265362
0.337109
0.481827
1.30655
0.55749
0.253379
2.37952
1.71509
0.60332
2.01398
1.48812
1.02197
1.49895
0.484974
1.44341
1.28573
0.995243
0.581236
1.45546
0.447229
1.11164
0.682211
1.25431
0.44462
1.06403
1.31779
1.19147
2.15851
0.786493
0.632535
0.565893
0.916394
0.129694
1.07336
1.14537
2.80423
0.533579
0.967752
0.291845
0.907853
0.152684
1.13008
0.439038
0.306658
0.783149
0.260054
1.07101
0.0274872
2.19603
1.35496
0.470757
0.649729
1.72322
1.20696
1.66101
0.852169
1.53933
1.98458
0.896402
0.434551
1.01722
0.524031
1.64452
1.29644
1.72837
0.714257
1.03648
0.130362
1.75315
0.997027
1.64579
0.273549
0.610363
0.574001
0.530835
0.942732
1.64529
1.03449
1.57792
0.892934
0.620071
1.54393
1.0391
1.44387
0.279762
0.215857
0.815003
0.363235
0.60343
0.335429
0.104174
1.53718
0.770072
0.185615
0.81825
0.250902
0.369337
1.12792
1.53753
0.717045
1.7816
1.17121
2.29738
0.625138
0.75233
0.421999
0.485841
1.71688
1.96913
0.0892126
0.61976
0.396393
0.886663
1.09257
0.404273
0.418261
0.18432
3.08074
1.01068
1.4862
1.76039
0.634687
1.64186
1.42496
1.02782
0.432497
1.21217
1.83299
0.184325
0.505217
2.8278
1.68587
0.441791
0.588661
2.31014
1.23021
1.08552
0.512518
0.841939
1.44962
0.673318
1.43612
0.508474
0.604554
0.98669
0.408155
1.80983
0.575466
0.620154
0.539909
0.648288
2.60006
1.2106
2.95903
0.251708
1.4082
1.1546
1.43211
0.49234
0.654993
0.492969
1.68757
0.116015
2.1863
0.554974
1.16606
0.581683
1.26285
1.47524
0.484885
1.1345
0.465074
0.38716
1.42015
0.533138
0.571635
0.794365
1.42391
0.259568
2.79298
0.559942
2.4012
0.250163
0.382982
0.289735
0.953215
4.17007
0.759187
0.865157
0.942785
0.359908
0.396806
0.755702
0.767893
0.80975
1.05745
1.52606
0.433194
1.35766
0.755938
0.492156
0.913269
1.39135
0.238231
1.5273
1.1269
0.253013
0.335284
1.51154
1.70878
0.526422
0.505722
2.2422
1.71282
0.778839
1.13102
0.477854
0.367448
1.34971
0.411421
0.943611
0.46148
2.41607
0.58061
1.29367
1.06873
2.26004
0.21844
0.544157
1.61595
0.89961
1.27753
0.502827
0.79371
0.760044
1.4736
0.940437
1.41076
1.5388
0.489953
0.702693
0.475625
0.691536
0.664129
0.663006
1.58643
0.975152
1.01712
0.17584
1.23366
0.755607
0.726946
0.454214
1.20217
0.506891
1.45233
0.0703014
3.30731
0.837344
0.205889
0.98392
0.655127
0.237792
0.245072
0.0902868
0.0752832
1.44388
1.63044
0.240098
2.4142
0.897764
0.573603
0.877981
0.294542
0.489795
2.01805
0.949423
2.25532
1.28508
1.79281
0.488924
5.74885
0.608593
1.12699
0.245346
0.352029
0.346504
2.09019
0.490882
0.441485
0.243888
1.3386
0.0972326
2.80209
1.22538
0.706266
1.4221
0.639797
0.960528
0.948186
0.781429
0.316526
0.719708
0.895915
0.408275
0.904743
0.775115
1.46251
0.461959
0.287409
1.43014
0.477309
0.765285
1.53049
0.182396
0.356722
0.353671
1.00531
0.702486
1.1509
0.805757
1.6767
0.228855
2.35498
0.454763
0.389739
1.1292
0.779972
0.769443
1.04746
0.245268
2.43134
0.173899
0.0920116
0.781336
0.5638
1.74175
1.77105
0.360252
1.35117
1.29642
0.406406
0.30739
0.782217
0.272281
0.326844
0.450879
0.427886
1.50568
1.75129
1.83465
1.28262
0.315626
0.827981
1.7575
1.36176
0.443806
0.760094
2.0093
1.5773
3.27538
0.288916
1.18368
0.759242
0.937986
0.541807
0.809856
1.22887
0.585455
2.5832
0.503709
3.89044
0.549927
0.587323
1.30128
0.618181
1.74695
1.1968
0.910499
1.03463
0.819638
1.34673
0.841733
1.95877
0.886769
0.592423
0.968073
0.56059
2.02707
0.413492
2.28736
0.630641
2.6683
0.610969
1.1311
1.46455
2.09734
0.437733
0.49588
0.523112
2.23388
0.255581
2.81657
0.704916
2.71754
2.44257
0.362036
1.6704
0.213717
0.747047
1.99049
0.894958
1.48868
0.912313
0.773705
1.18414
2.29241
1.68226
0.110804
2.48504
1.32058
1.1892
0.59833
0.52792
1.01169
0.208998
0.732055
0.89739
0.731473
1.4271
0.52728
0.812838
1.73867
1.20598
0.903252
0.544951
1.30169
1.47035
0.34652
0.0496028
0.70236
0.930713
0.591828
0.335664
0.177722
1.16559
0.683559
0.763831
1.02413
0.823941
1.35459
1.75444
1.19042
2.1283
1.71685
0.304998
1.16389
1.02459
1.23593
0.909089
0.336217
2.27492
1.2189
0.226568
0.399277
0.538258
1.02042
1.10484
0.100652
1.84382
0.373982
3.31219
1.433
1.3071
0.970092
0.687826
0.233111
1.59579
0.890646
1.95654
0.723512
1.50463
0.442207
0.865944
0.426415
0.623033
0.53451
0.445982
0.167525
0.894463
0.62808
0.472216
0.270691
1.09087
0.0644237
1.68017
0.10078
0.418224
0.679318
0.0846636
0.901287
1.97941
0.170217
0.671994
2.22681
0.803578
0.713217
1.1096
0.93906
0.302668
1.21031
0.972405
0.471996
1.09208
0.575963
1.06447
1.2191
1.42783
0.516953
1.42822
1.2448
0.724245
1.77776
1.10678
0.115982
0.134581
1.39616
0.323585
0.714183
0.249012
0.345182
0.221111
1.53553
0.365878
0.691
1.20815
0.508999
1.84984
0.851563
2.05859
0.285422
0.298316
0.836038
0.224051
1.65311
0.242131
1.4172
2.32768
1.1654
1.20316
2.25457
0.827301
0.445118
1.11339
0.324711
1.39171
1.16447
0.566634
1.14643
0.754698
0.61228
1.01085
0.444373
1.20026
0.892142
0.604494
0.654961
0.689897
2.17984
0.736325
0.522962
0.146571
2.09405
1.08859
0.764833
1.37951
0.876681
1.46815
0.634136
0.59452
0.277592
0.744567
0.763265
1.66121
0.403349
1.18346
0.329505
1.87745
1.01886
0.625857
1.9506
0.755388
1.12427
3.17794
1.03148
0.389486
0.452539
1.89045
1.58069
2.39662
1.37325
1.16105
1.31212
1.7006
0.965708
0.918641
0.298088
0.483038
0.18575
0.497882
0.187419
0.531141
0.969347
0.554738
1.08611
1.64123
2.25678
0.0217529
0.412722
0.588768
0.935739
1.24098
0.161369
0.148697
0.46663
0.814248
0.922335
0.975112
0.146602
1.07311
2.04045
1.57298
1.01626
0.796755
3.54463
0.20307
1.95327
1.90345
0.195753
0.894054
0.631917
1.06302
1.31931
0.783847
0.836098
1.00081
0.463226
1.00695
0.626281
0.855896
0.438558
0.915324
0.172954
0.715544
1.18263
1.14304
1.42479
0.718454
0.101932
1.7572
1.08784
1.25781
0.206629
0.474095
1.05583
1.32606
2.64355
0.779611
2.2356
0.889634
1.7534
1.8208
1.17602
0.834302
0.808113
0.690112
1.20344
2.09916
0.402909
0.289007
0.643971
0.685217
0.327486
0.574083
1.30139
2.6065
0.137844
1.09796
0.624555
1.4354
0.42218
0.577635
0.590915
1.16073
0.612284
1.36329
0.69105
0.923403
0.316998
0.482166
1.57432
0.451656
1.36842
1.0702
0.281159
0.826776
0.863108
0.197086
1.39478
1.20242
0.482043
0.589843
0.419224
1.4552
1.13146
1.21532
0.773569
0.856572
1.58195
0.132607
0.250501
0.901509
0.385613
0.589116
0.356067
1.52014
1.29897
1.50207
1.12197
0.527018
0.406471
0.787188
0.445872
1.94184
1.60196
0.613901
0.327446
0.536774
0.430746
0.393651
1.38653
0.414102
0.59517
1.09671
1.13279
0.274605
0.235315
1.0046
1.38971
3.05405
0.387657
0.898392
0.946138
2.26174
0.782037
1.49609
1.90283
1.67008
0.781485
1.92415
0.264931
0.0408912
0.386581
0.935741
0.369591
0.719458
1.0982
1.51547
0.828179
1.58259
3.44052
4.50691
0.819625
1.38527
0.556766
1.92265
1.34315
2.2924
2.60065
0.804457
0.606905
0.421965
1.48167
0.964125
0.377298
2.21913
1.66159
0.556315
0.107562
0.184551
1.0231
0.0517267
0.612651
2.87736
0.731698
0.577947
0.75437
1.34534
0.34811
1.29633
1.49129
0.502673
0.337984
1.55561
0.859176
1.9952
0.609585
0.667279
0.498481
0.205671
0.891571
1.15973
1.07202
1.69417
3.67072
1.4721
0.740474
0.242343
0.694692
0.565446
1.2057
1.4278
0.373716
0.210561
1.48207
1.17093
0.792001
1.73106
2.03464
0.310766
1.29529
0.370401
1.88505
1.04656
0.886264
1.75474
1.01267
1.47388
0.614314
0.442415
1.18302
1.02712
0.357797
0.185473
0.352654
1.14737
0.701672
0.80765
0.900821
0.87678
0.292234
0.718858
1.47585
0.429368
0.27733
1.01084
1.27802
2.59772
0.257102
1.90781
2.0957
0.500657
1.42603
1.62085
0.905241
0.562768
0.424239
0.850684
0.336907
1.30389
4.87514
0.67895
3.05998
0.486499
0.299314
0.894343
0.932344
1.72717
1.29452
1.57594
0.617611
0.646353
0.356428
0.91641
0.787985
0.229771
1.33996
0.0901841
0.730405
0.82966
1.12085
1.17423
1.17171
0.811756
0.883417
1.73675
1.10448
2.35996
0.679421
0.638578
0.637004
1.72659
0.548576
0.0739745
1.48741
2.78744
0.300191
1.2236
1.46798
0.707726
0.0791708
0.609172
0.872113
0.33339
1.76756
1.6639
2.06172
2.16664
1.08739
0.467286
1.19513
0.977552
1.01513
0.478204
0.397056
0.388306
0.876431
2.56391
0.20973
0.565037
1.11407
0.681023
2.8393
0.453758
1.03611
0.738975
3.62428
0.153656
0.812787
0.291388
0.142416
1.4016
0.62167
0.633123
1.27059
1.56929
0.758337
0.378401
1.30702
0.853736
0.908032
0.718905
0.898484
0.592706
0.763974
2.49433
3.14023
0.70684
0.778662
0.0527769
1.78087
0.317179
1.78635
1.31045
0.318377
0.980982
1.81467
0.218403
0.566261
0.33023
1.80755
0.685956
0.29651
0.231827
1.10376
0.837172
1.4857
1.52654
0.431285
0.514661
0.94614
0.540049
2.22108
0.848928
1.72276
0.510283
1.43613
0.148323
0.361763
0.407275
1.40852
0.55185
1.44566
0.952447
0.766143
1.13598
3.91309
2.52075
1.34166
2.34386
0.530527
0.371443
0.225659
0.249635
0.517212
1.00647
1.29934
0.935165
1.66832
1.78718
0.333137
1.30274
0.784945
0.797898
0.218159
1.20947
0.297227
0.475132
0.637668
1.91284
1.30626
0.532483
3.46014
1.55493
1.85278
0.617168
2.25434
1.11695
1.80807
0.741458
0.435957
3.06128
1.72084
1.04068
0.813794
1.02614
2.39722
1.21706
0.342244
0.239222
0.94573
0.630845
1.50251
1.94802
1.14922
2.0943
0.700126
0.412661
1.00328
1.14936
1.1828
0.424915
1.39429
0.7232
0.95673
1.54091
0.828231
0.729526
0.984872
1.16385
2.33079
0.997689
1.35496
0.655242
0.88831
2.7362
3.35845
0.222048
0.264974
1.76278
0.180055
1.68351
0.34895
1.3787
0.5524
0.622784
2.71593
0.58492
0.991856
0.573057
0.860499
0.927072
0.39692
1.46638
0.196289
1.48591
0.530789
0.396174
0.82007
1.39985
1.47857
2.76055
0.382154
0.375762
0.399921
0.877864
0.550646
2.17276
0.314154
0.407957
0.811135
0.543853
1.49432
0.841892
0.376002
1.65599
0.400655
0.470491
0.671096
1.7337
0.740024
2.23264
0.847209
1.00018
0.288006
0.488638
0.241919
1.06759
0.370011
0.475702
1.81787
0.3965
0.486936
0.439756
0.586734
1.06329
0.535817
0.853293
1.33542
0.434786
0.625217
0.326682
0.159883
0.505542
0.334527
0.634795
0.223924
0.944621
0.0737411
0.248627
0.40628
0.574736
0.323905
0.392765
0.090521
2.14189
2.99342
1.90958
0.591937
0.870503
0.871731
0.25053
0.527859
0.504143
0.0921965
0.499837
0.146655
1.34502
0.591659
1.41453
1.32305
0.962985
0.852679
0.539326
1.1647
1.8374
0.37242
3.15705
0.1056
0.578666
2.81251
0.654496
0.469978
0.436176
0.332752
0.446034
1.84496
1.17394
1.10023
1.16069
0.317035
0.888687
1.24575
0.801433
0.47873
1.51549
2.88785
2.35096
2.00749
3.08457
1.22117
0.556999
1.67676
1.0199
0.549971
0.503792
0.992159
0.504988
0.111808
1.40222
0.783205
0.407616
0.859162
3.31428
0.308412
0.852816
0.419545
1.41048
0.52263
1.03792
2.79929
2.73951
0.630271
0.274893
0.521302
0.0640512
0.394228
0.990506
2.16944
0.466732
0.685041
0.287701
0.625888
0.895698
0.584841
1.06769
0.55925
1.03412
0.649275
0.885481
0.938656
0.362956
0.541496
1.60889
1.18092
0.0440016
0.205486
0.443539
0.492005
1.52162
0.833573
1.90604
1.2337
0.224685
0.840559
0.612327
2.99244
0.407924
0.289527
1.48015
1.99144
0.606394
1.35286
1.2487
0.522442
1.12638
0.920674
0.74059
0.547606
0.135343
1.15536
0.207307
0.419913
3.15552
0.549628
1.45781
1.16754
0.807449
0.6933
0.456502
1.5811
1.70427
0.810223
0.0552831
2.27625
1.81825
1.83878
0.284754
0.343144
0.204913
1.51022
1.32232
0.391441
0.368482
0.743117
0.209419
0.754723
0.438798
1.67504
1.7836
0.648441
0.640799
1.47062
0.927297
0.265095
0.584991
0.745783
1.10597
1.22941
0.481791
0.283226
1.20547
0.981805
1.5003
0.386313
2.40631
0.996877
1.07139
0.56058
0.264417
1.44695
1.54873
0.596035
0.442056
3.11785
0.519318
0.463089
1.28622
1.51962
0.403163
1.06054
2.62093
0.199024
0.393107
1.46098
2.49478
0.765675
0.338489
0.561368
1.96203
1.5078
0.143834
1.27797
1.00126
0.607609
0.813947
0.276719
0.55632
0.402278
2.17749
0.529355
0.888532
0.239878
1.56804
2.74386
0.0562271
0.53987
0.624823
0.320494
1.08769
0.687902
0.416281
1.57864
1.60621
0.857651
1.83278
0.261192
0.397792
0.165585
1.38376
0.54635
0.864334
1.08243
1.58529
0.139153
0.978778
0.684128
1.54122
0.0514919
0.149255
0.721544
0.845743
0.7061
1.00713
0.682591
0.425509
0.211841
0.752494
0.988955
0.179881
0.989647
1.71039
1.40523
0.784659
0.29194
0.206677
1.21788
2.29902
1.35766
1.24599
1.08948
0.0955509
0.596505
0.37477
2.27594
0.416999
1.0204
1.19177
0.406731
0.539492
0.702229
1.86535
0.945027
1.76562
0.554093
0.915901
0.797022
0.421315
0.20148
1.99846
3.62874
0.710966
0.309095
0.742581
0.691904
0.169176
1.68387
0.857131
0.236077
0.509054
0.444949
1.06454
0.428482
0.718196
0.0462352
1.21921
1.5799
0.415244
0.802675
0.694764
0.874541
1.60146
0.583878
0.774485
0.849622
0.451811
1.06889
0.523064
0.654215
0.436018
0.531172
1.45763
1.23966
0.50415
0.759396
1.78762
0.900306
0.988229
1.10068
0.942179
0.330982
0.612331
0.39313
1.00155
1.38529
0.866873
1.19175
0.531351
0.246084
0.581263
0.711395
1.36766
0.238732
1.72776
1.01843
1.03229
0.359613
0.896207
0.504455
1.13953
0.804149
0.282386
1.03566
0.917217
1.06013
0.36421
1.01601
0.855846
0.568986
0.560095
0.226323
0.566698
1.27881
1.91765
1.5471
0.564875
1.7953
1.26221
2.40804
1.07118
1.1849
0.495096
0.701918
0.708081
1.13793
1.32379
0.974353
0.728702
0.12262
0.807205
0.0643952
0.909089
0.405423
0.137139
0.486471
0.626783
0.497168
0.262854
0.245212
0.362168
1.15144
2.05902
0.795203
1.07887
0.27447
0.145014
1.18785
1.40461
0.537309
1.68322
2.38278
1.01613
1.04288
1.0431
2.47532
0.710263
0.0114325
1.23837
0.852465
0.483931
2.16385
0.594223
0.791501
0.447379
0.114946
1.96444
1.59821
0.282174
0.824656
1.15378
3.15052
1.60886
0.349578
1.46484
1.39619
0.909896
0.301345
1.68375
1.68585
0.699736
1.11744
0.29109
0.806621
1.77878
2.10565
1.83335
0.670649
0.831202
1.01394
0.812111
3.39803
1.61957
1.29679
1.22749
0.519677
1.11197
1.29775
1.49233
0.658276
0.466336
0.298459
0.356471
0.138206
0.149215
0.391716
0.385268
1.44252
0.346866
1.04439
0.685308
1.80337
1.13685
1.50929
0.249426
2.11609
0.187348
0.890593
0.079558
0.711748
1.07397
2.13951
0.800093
0.643732
1.32592
0.620144
0.3245
0.138626
0.697727
0.0386931
0.750943
1.01253
0.512389
1.62263
2.15738
1.32552
0.252289
1.27943
0.860401
2.13645
0.0860033
0.671397
0.83426
0.282827
0.391257
1.45396
0.452062
0.651141
0.732586
1.90636
0.967735
0.0483229
0.30017
1.42198
0.263649
0.980028
0.291423
1.9828
1.7653
0.625475
2.03334
1.35662
1.22138
0.216544
0.344236
0.49481
0.564452
0.933768
0.451857
1.27715
1.02929
1.04155
1.54477
1.48341
1.00647
0.16855
0.357182
0.195916
0.32167
0.694649
0.455548
1.78544
0.900836
1.42269
1.52299
1.69271
0.288128
1.21101
0.307205
1.17742
0.752551
1.00347
0.399729
0.898101
0.607241
1.52087
0.47331
0.561614
1.09749
1.41075
0.897924
1.93427
1.33321
0.219968
1.21186
1.23427
1.20986
2.03416
2.20548
0.678584
1.82193
0.752646
1.64804
0.640009
2.1201
0.470607
0.264544
0.960718
0.46378
0.513663
1.12389
0.324795
1.09915
0.134458
0.481001
0.315591
0.477244
1.22389
1.49215
0.679365
1.1347
3.29969
1.67503
0.395987
1.73229
0.762629
0.554289
1.01302
1.8393
1.69361
1.03859
2.68095
1.44759
2.14521
0.0469764
0.371323
0.892701
0.847846
0.345165
0.855389
0.977328
0.793723
1.09376
0.899966
1.20219
1.40638
2.34561
1.2563
2.18682
0.932958
0.948721
0.651816
1.17302
0.313536
0.0222181
1.70938
0.536859
0.598873
0.496974
0.895298
0.750893
0.518913
1.99929
0.378328
2.29088
0.857747
1.09423
1.49915
1.36124
0.739187
0.583223
0.96005
1.11525
1.07359
1.84993
3.78866
0.138733
1.03734
0.915962
0.660123
3.57307
0.894
2.13589
1.01009
0.898946
3.2905
0.645958
0.679454
1.29163
1.18641
1.26135
2.09262
0.364769
1.45841
0.906937
0.133369
2.4359
0.852834
1.75703
1.67818
0.519485
0.679915
0.298773
1.91936
1.56057
1.0596
3.22428
0.967297
0.729217
1.18381
0.694113
0.676962
1.86938
1.75265
2.69973
1.56297
2.27929
0.654187
0.261818
0.502156
1.53765
0.978547
0.452873
0.873761
1.56367
0.57233
0.43391
0.502325
1.8302
1.0679
0.671529
0.201168
1.16
3.0337
0.752309
1.25392
0.363749
0.469675
1.30245
0.483011
1.23235
0.35841
1.65344
1.04134
0.485299
1.6006
0.246746
1.61412
1.14288
0.295279
0.109592
0.137244
0.481242
0.476668
0.400564
2.4709
0.116102
0.23349
0.167476
0.448526
0.599847
0.306989
0.465636
1.16447
0.370064
1.4831
0.454466
0.953452
2.57349
0.618495
0.0925019
1.60847
0.495353
1.62357
0.695575
0.991391
0.0386657
1.32862
1.60726
0.401045
0.475127
0.588352
1.14682
0.306372
1.26624
0.574937
0.422447
1.1472
2.17406
0.191307
0.16962
0.351741
0.356125
0.652155
0.410912
0.338044
2.60644
0.8506
1.24767
0.292159
0.696454
0.908251
1.12
0.683422
0.66119
0.814886
0.205407
0.807113
4.80825
1.09185
1.37618
1.54047
0.870947
0.595196
0.489379
1.62525
1.01051
0.739505
0.641785
0.472679
1.87027
0.808969
0.443466
1.15383
0.222733
1.96538
0.407488
1.39107
0.763204
0.266482
0.706001
1.12504
1.59856
0.496847
0.817428
2.40947
0.451313
0.210313
0.647311
0.556071
2.13205
1.0344
1.65783
0.869106
0.441539
0.204901
4.06236
1.40833
1.571
0.696142
2.71496
1.05827
0.867261
2.72895
0.389414
0.458699
0.626775
0.65479
0.370846
0.620071
0.537975
1.90237
0.349941
0.481423
0.888746
0.439562
0.488802
1.34335
1.84068
0.533907
1.20097
1.30377
0.665807
1.57798
1.3894
0.92936
1.00952
1.25481
0.169175
0.285893
1.1734
1.44732
0.886551
0.935208
1.96625
1.07085
0.458542
1.60902
0.771026
0.643523
0.407989
2.21776
1.78406
1.97667
1.59766
0.575466
0.325613
1.32596
0.980623
1.14529
0.501307
0.7365
1.28159
0.807581
0.785335
0.998226
0.67974
2.19728
0.945302
0.537527
0.679676
1.22762
1.01906
1.30555
0.519635
0.734781
1.68545
0.469685
1.44704
0.561785
0.747085
0.46964
1.1412
0.974099
0.270951
0.78144
2.06503
0.684674
0.289064
0.762673
0.48414
0.887379
0.585693
0.907111
4.28966
1.94446
2.09687
0.942282
2.90863
0.975037
0.554524
1.97463
0.428859
2.24461
0.930385
0.630528
0.255173
0.953392
0.0653638
0.796295
0.0890697
0.315989
2.33891
0.810127
0.96932
2.03392
0.420422
2.88371
0.434718
0.601402
0.599655
0.511508
0.298325
0.366495
0.74428
1.42094
0.517652
0.693124
0.509663
0.969537
0.690367
2.5988
0.238449
0.90968
0.122023
0.616672
0.772875
0.910757
2.04613
2.20196
1.07736
1.22301
0.378721
0.442405
0.907908
0.741997
0.673638
0.662712
0.651788
1.41447
0.979779
2.17496
0.556509
0.888522
2.53598
2.397
0.553378
0.160842
0.874949
0.525113
0.551578
0.161581
0.0736506
2.53551
0.322664
0.2499
1.20364
0.298627
0.734477
0.673014
0.202246
1.50719
0.948185
1.44146
0.676921
1.23625
0.821765
1.49455
0.590175
1.47493
0.861859
0.774162
1.95519
1.35022
4.85343
1.97694
0.227062
2.49432
1.75844
2.63834
1.07368
0.821126
0.0832698
0.932226
1.07378
1.02243
0.102385
0.315371
0.648986
0.783847
0.0284522
1.0439
0.293144
1.10812
0.515784
0.637022
1.97725
0.785657
0.400727
0.270225
1.03475
0.834701
0.510048
3.4384
1.55746
0.48198
0.314379
0.861289
0.71143
1.20596
0.886165
0.469973
0.823873
0.558879
0.26701
1.39508
0.304616
0.825136
0.373401
1.47543
0.0869838
1.62419
0.690282
2.41935
1.12177
1.28626
0.814773
0.945328
0.282876
1.33059
0.624053
1.07915
0.401802
0.595696
2.92531
0.319287
0.661753
0.908011
1.27776
0.174605
1.98903
0.960275
0.603696
0.632417
0.81545
1.65137
1.25053
0.784382
0.529784
2.81588
2.47844
0.12969
0.745808
0.738284
0.626211
0.85322
0.849294
0.918674
0.531342
0.655961
0.296528
1.85167
1.97986
0.150796
1.41242
0.372442
1.04383
0.505008
0.505226
2.98928
2.01574
0.707634
3.78719
0.227585
1.98419
1.43202
2.64364
0.60378
0.462598
1.31965
0.561592
1.4478
0.341953
0.85869
0.213553
0.509261
0.484735
0.560813
0.205449
1.14039
0.658903
0.915927
0.882515
0.902561
0.201304
0.19711
0.771303
0.770163
1.05948
1.06854
2.34477
0.20643
1.33928
0.194246
2.23387
0.812286
0.322569
0.562455
0.294918
1.38143
2.22255
0.369486
0.774427
1.41414
0.460861
0.365827
0.60436
0.728966
0.540909
1.55701
1.21512
1.12291
0.519838
0.317891
0.754592
0.744575
0.597614
0.599946
1.968
0.281939
1.04347
1.19781
0.20026
0.669352
1.6033
0.447125
0.132781
1.00599
1.09325
1.00561
0.196413
0.186625
1.58544
0.954633
1.04598
0.984585
1.07159
0.6474
0.628656
0.985334
2.51731
0.77169
1.08528
0.707807
1.00658
0.626465
0.216849
1.72964
0.305574
0.181077
0.624614
0.402751
0.505746
0.188572
0.381589
0.490207
0.186627
0.167137
0.687775
1.59382
1.14708
1.31573
0.187988
0.539181
1.63663
0.814058
0.754449
0.838624
0.231861
1.16331
1.80842
1.53623
0.52191
1.06673
0.385606
0.641111
0.585952
0.535263
0.76621
1.31989
0.328737
0.620421
4.36555
0.556169
0.466676
0.780868
0.972316
1.18907
0.47913
3.37191
0.279275
1.33756
0.292992
1.29414
0.811291
1.3743
0.617167
0.692367
0.351442
0.391708
2.48455
0.416616
1.64185
0.936136
0.932894
2.17074
0.89273
0.402448
1.44607
0.821243
2.09642
2.04335
0.165733
0.339574
0.446777
0.220154
0.753488
1.82846
3.32337
0.143075
0.200591
1.20862
1.1411
1.00289
0.487003
1.0749
1.03235
1.52719
0.360594
1.63706
2.37033
0.857323
0.530448
0.984827
0.711148
1.74722
1.06014
0.914944
2.80062
1.16251
0.334404
0.393601
0.285347
0.459998
0.704666
1.48119
0.192805
0.442659
0.979702
0.249972
1.1942
0.270532
1.23554
0.748092
0.423313
1.59341
0.314091
0.658031
2.84236
2.08485
0.889986
0.543452
0.072
1.21382
0.663256
1.51484
0.54988
1.79957
0.604137
0.894564
0.859276
1.27342
0.615656
0.628331
0.328433
1.17507
1.33636
0.770788
0.95554
1.64094
0.19151
0.682602
1.74765
1.39538
0.603815
0.950335
1.76994
1.2766
2.01531
0.410512
0.731188
0.314102
1.08215
1.50324
0.452079
2.07187
1.09339
1.38665
0.442415
0.521191
0.862407
1.77624
1.63469
1.01268
2.3341
0.201706
2.78057
0.267818
0.348245
1.59815
0.143408
0.876853
0.834924
0.355894
0.0622358
2.06441
2.73002
0.329098
1.76115
1.60354
1.1449
0.335338
2.10499
0.519603
0.883865
0.439807
0.124453
0.882495
2.66555
1.34319
0.592505
1.07944
0.921988
0.652289
0.10591
3.02552
1.70121
0.255121
0.508869
0.173785
1.44168
1.44855
0.398556
1.13521
1.4066
1.84736
0.540905
2.66891
0.724171
1.24728
1.4739
0.740531
0.269746
1.08413
0.229799
0.640323
0.519507
2.24592
1.16834
0.140528
0.658829
0.452856
1.26447
2.40577
1.78119
0.667963
1.63265
0.694266
1.33982
1.84463
0.945544
0.159668
2.18486
1.74529
0.176025
0.509935
1.8027
0.498986
1.21499
1.10512
0.0688773
1.24929
0.482432
0.572747
1.86368
0.314806
0.581439
0.424299
0.309838
1.70174
0.506903
1.63404
5.7928
1.7641
1.61948
0.735744
1.8508
0.908188
1.0849
0.514768
0.95306
2.64982
0.38752
0.717065
0.686275
0.31798
1.13903
1.49364
0.731167
0.256217
0.724185
0.212187
0.485611
1.22621
0.207245
0.395301
1.88399
1.16308
1.62948
1.67893
0.26645
1.03656
3.01705
0.639241
2.49476
0.447711
2.02497
0.82053
2.9245
0.301131
0.964805
1.22011
0.958575
1.07674
0.250261
0.107655
0.59164
0.372546
0.78749
0.798993
1.16027
1.75334
1.89832
1.74104
0.647697
0.0169961
0.250117
0.119343
0.483168
1.45704
0.282681
0.523616
1.12711
0.435032
0.911433
0.685516
2.00078
1.89149
1.2895
0.49931
1.60838
0.666543
0.0716742
1.68896
0.469268
0.449528
0.18428
1.1772
3.61028
0.640495
1.7464
1.83112
2.2302
1.56146
0.495666
0.408881
0.286192
0.878413
0.458954
2.76031
1.68989
0.303462
0.465406
0.959677
2.17905
2.91773
0.819107
0.698728
0.686494
0.140738
0.236393
0.886739
0.58515
0.707364
0.702988
0.245043
0.205768
1.90766
0.889366
2.57835
1.29899
1.31105
1.28412
1.20034
0.730564
0.309232
0.149617
0.528519
0.45858
0.808393
0.90595
0.724563
0.274868
0.885506
1.65887
0.482627
0.0882829
0.760884
0.216704
0.727816
0.934964
1.11091
1.76201
1.53747
1.11117
0.797059
0.845857
0.667971
1.71326
0.324276
0.941552
1.69194
0.492031
0.668514
1.41041
1.26892
0.182792
0.579149
1.85899
0.846754
3.41154
2.40828
0.405529
1.22262
1.39672
0.822512
1.15959
3.00841
1.33818
1.02884
0.296123
0.647005
0.651263
1.58171
0.46498
0.319901
3.2017
1.07584
0.340244
0.167037
0.221122
0.562881
1.26962
1.87766
0.982021
1.38127
0.843892
1.6396
0.217815
0.34483
1.4548
1.75036
0.803285
0.176512
0.747203
0.553515
0.780901
1.09883
1.66092
1.29483
0.948066
0.416381
0.272568
0.44306
1.06134
1.40499
1.43513
0.285892
4.33486
1.61382
0.586713
1.17503
1.18998
1.48865
1.92588
0.654635
0.822568
1.70543
0.0652541
0.398449
2.0908
1.10482
1.19905
0.70864
1.16767
2.27013
2.28877
0.519696
0.782739
1.83034
2.48253
2.00714
0.950617
0.878544
0.841906
1.70221
0.567562
0.0445452
0.870113
1.1741
0.889222
0.550478
2.9974
0.626179
2.65054
0.970156
1.22131
0.806295
0.814811
1.92919
1.96209
0.158682
0.350435
4.06581
0.51303
0.530334
1.04175
0.589058
0.502731
0.461716
1.03777
0.304781
1.64239
1.14307
0.454054
1.21798
0.515328
0.545838
1.30499
0.476398
1.19724
0.482398
0.0812237
0.483916
0.897691
0.8483
0.0533269
0.12223
1.11296
0.598772
0.394582
0.415831
0.985787
0.617793
0.977807
0.36191
0.438495
0.854013
3.4907
0.865282
0.383133
0.897975
0.587682
1.26139
1.46222
0.544151
0.683015
1.80852
0.420366
1.6252
1.37833
2.83967
0.769619
0.980921
1.36025
1.60866
0.506354
0.591453
0.914387
0.46578
1.87539
0.841601
0.237745
0.565504
1.24037
0.626885
0.108072
0.375042
0.831953
0.768857
1.68712
0.694978
3.27828
0.361282
1.21994
1.53491
1.80538
0.869939
1.25539
0.326219
0.626406
0.890776
0.714596
0.710082
1.39524
0.193539
0.433253
1.95359
0.936185
0.365375
1.07518
1.04363
0.534301
0.672147
0.498304
1.95357
0.752913
0.377365
0.621171
0.507864
0.780751
1.82146
0.968413
0.364134
0.506692
1.63652
2.0731
1.86807
0.306344
1.2466
1.3519
0.308482
0.665152
0.994033
0.48348
1.36997
0.222242
0.468221
1.74687
0.960418
0.373674
0.562416
0.696006
0.461741
0.0860413
0.319157
1.04685
0.485619
0.48954
0.779277
0.771241
2.53962
0.64247
0.204204
0.239021
2.34761
1.10728
0.313462
0.964544
2.52312
0.995375
0.43945
0.390166
0.769133
0.75318
1.16676
0.536473
1.34281
0.472499
0.74395
1.31014
0.575008
0.804005
2.03388
0.209817
0.487721
2.24277
0.61171
0.441067
1.40372
1.33254
0.578069
0.253973
0.849677
0.551696
0.882513
0.101597
0.675457
0.485788
1.65636
1.5008
0.429653
1.44607
0.247888
0.844196
1.2287
0.92497
0.34472
1.95569
0.680388
0.437479
1.0851
0.960488
1.35934
2.61141
0.716684
0.431691
1.03939
3.38322
0.972551
0.558319
0.588151
1.04058
1.61668
0.58862
0.594055
1.48333
0.14325
0.84754
1.92688
1.11738
0.404875
1.29668
0.991979
1.52285
0.811671
0.33206
1.97945
0.691288
0.434719
2.22051
0.467066
1.56803
0.778476
0.648661
1.17745
0.933245
0.405019
2.92539
1.58725
0.229723
0.3012
0.309685
0.897561
0.898409
0.206558
1.60466
0.763205
0.510959
2.31432
1.04056
1.58398
0.457941
1.15568
1.14903
1.07041
0.10745
1.28002
0.129811
0.142113
1.88085
0.589715
1.05844
0.229668
2.3778
1.08551
0.651554
0.921491
0.884486
3.16513
0.159941
0.873261
1.37974
1.61007
0.784962
1.19867
0.898238
1.6875
0.445251
0.847521
0.851593
0.663801
0.358441
0.620472
1.00702
1.97894
1.72927
1.96828
2.94297
0.561087
2.31548
1.21328
0.437682
2.15809
0.6133
0.965457
2.85493
0.559201
1.01261
0.18618
1.08224
1.64211
0.56094
0.187173
1.87924
0.76109
0.286413
1.22722
1.11665
0.162167
2.47406
0.732554
1.14724
1.25042
0.702055
1.37114
0.597129
0.224204
2.03869
2.13297
1.71039
0.329195
0.971309
0.324345
1.25703
1.62107
0.655905
0.416497
0.905287
1.36151
0.440865
1.51972
0.110726
0.580644
0.693081
1.10834
0.80165
1.27064
0.878499
0.479211
1.90923
0.567101
1.13007
2.69446
0.659657
1.12027
0.508241
0.665856
0.961963
1.27545
1.46595
1.18674
0.693755
2.04019
0.326784
1.70209
1.2879
0.103474
0.665364
0.311139
0.473893
0.335604
0.414522
0.664833
0.11298
1.14476
1.74826
0.875718
0.83721
1.34749
0.118567
0.630032
0.512596
0.50424
0.217159
0.917426
0.770284
1.83327
0.669919
0.188336
2.50841
0.646452
0.19867
0.0259362
0.335871
0.886575
2.05762
1.12617
0.305896
1.02289
0.736586
1.4833
0.193301
1.19876
0.592052
0.614614
0.864698
1.32496
0.640033
1.10869
0.415523
0.738071
0.534055
0.988581
0.363495
0.608117
1.04673
0.10498
1.97419
1.152
0.365335
1.55026
0.896902
1.63944
1.46099
0.221285
0.506596
0.458667
1.4657
1.33886
1.61951
1.85844
0.94281
0.403929
0.980322
2.25894
0.272415
1.77432
0.582305
0.563053
0.390428
0.530038
0.749842
1.00481
0.703995
0.316904
1.17376
0.783014
0.734474
0.234326
2.84196
0.381948
1.33788
1.25501
0.428645
2.14899
1.63263
1.89785
0.36351
2.37317
0.644908
1.0156
0.24855
0.996049
2.67622
0.336918
3.93387
0.495417
1.40496
0.373812
0.409561
0.424796
1.18882
0.68145
0.408022
1.15235
2.83339
1.17693
1.2569
1.27119
0.530173
1.79364
0.519002
0.312483
1.02195
1.01016
1.71652
0.873113
0.615258
0.35636
0.0450992
1.36579
0.529222
0.40128
1.10518
1.08487
2.81618
2.34722
0.0788388
0.131561
0.383276
1.23095
0.635079
1.53154
0.391659
0.808973
3.38439
0.807582
1.07791
0.486371
2.6739
0.60041
0.362418
0.522731
0.660882
0.97393
0.499297
0.903721
0.302623
1.12942
0.206649
0.302911
1.45626
3.23973
0.142884
0.884102
0.913333
0.191897
3.32206
0.684006
1.4516
0.578862
0.705805
3.83465
0.205777
1.0021
0.362805
1.1202
0.0827216
1.61677
0.272922
0.966
0.718
3.29804
1.6458
0.740885
0.145309
0.48276
0.273012
0.849343
3.4381
0.448746
1.57513
1.63893
0.213138
1.03017
0.757392
0.483417
0.491332
0.31405
1.10106
0.131597
0.5805
0.651015
0.400428
0.984185
0.2792
0.682762
0.0843877
1.0861
0.816164
1.10751
0.460309
1.58002
0.142214
2.28319
1.40373
0.0331569
0.555865
0.247123
0.796158
0.825063
1.12735
0.634346
0.733451
0.191591
0.69418
2.17045
0.50854
0.401283
1.18107
0.985493
0.15632
0.751087
0.833589
2.01054
1.24478
1.44461
0.585321
0.0494209
1.9154
0.253794
0.460711
2.04248
0.0885051
0.0454219
0.878107
0.913709
0.187598
0.0906059
1.22113
0.757611
0.479627
0.603372
0.78068
1.54241
0.375199
2.19276
1.33904
0.72423
0.970512
1.1303
1.67509
0.137784
0.218376
0.194032
0.276902
2.21153
1.40214
0.0558142
0.410085
0.672376
0.528232
1.71751
1.13623
0.278912
1.18761
0.439278
0.73876
0.442572
1.62752
0.872605
0.970385
1.32736
2.98682
0.448134
0.195436
1.25911
0.545312
1.74289
0.43799
0.13856
0.770953
0.163285
0.392127
0.744391
1.33371
0.500373
2.60601
1.68163
0.956963
0.892941
0.911937
0.989859
0.23735
1.00088
0.231341
0.207465
0.960611
0.257089
0.394317
0.455155
2.21296
1.68159
0.292877
2.26127
0.581513
2.92648
0.0160465
0.629963
1.00796
2.86657
1.00698
2.53481
0.763761
1.543
0.634803
0.38059
0.300726
2.1978
0.492784
1.44878
1.36031
1.56559
0.991172
1.17218
0.395461
2.48914
0.682928
0.323498
1.34212
0.82677
1.52643
1.1868
0.953578
0.174937
0.281343
2.07618
0.47501
0.29339
0.443823
0.655184
0.33779
0.847797
0.372166
0.959772
1.36267
1.61372
0.268586
2.99568
1.30402
0.526033
0.468011
1.17055
0.801545
1.09574
0.735746
0.417832
0.268027
0.545594
0.191548
0.247799
0.493874
0.40146
1.40053
1.22873
0.0853201
0.634071
1.17734
0.228041
0.198872
0.593994
0.113658
0.637157
0.418626
0.121287
0.333926
0.799179
1.23028
0.395747
1.43222
2.32789
0.703568
0.283014
0.525695
1.01459
0.768317
0.324676
1.47691
0.786269
2.59811
0.371408
0.309159
1.05348
1.42523
2.40869
2.32769
0.320932
0.476745
2.54217
0.622691
1.15633
3.31846
1.78193
0.0433086
1.50514
1.60159
0.515917
0.794591
2.22156
2.13622
2.2918
1.2679
0.727181
1.67656
0.434081
0.450088
0.473419
0.553822
2.07984
1.91042
0.0839453
0.922122
0.80789
2.2432
3.26621
0.726868
1.57478
1.3964
1.09092
1.03068
0.635081
0.182338
0.643314
1.34795
1.04998
0.0358901
0.237268
1.77795
1.0578
0.684991
1.05407
0.846833
2.87232
0.128825
0.405323
0.931991
0.406629
1.98461
0.528219
0.387295
0.561488
1.13167
2.1002
1.66862
0.628453
1.15887
0.88375
0.370662
0.743848
1.32133
2.31341
0.994717
2.7201
2.10221
0.794158
1.55382
2.36391
1.08634
0.765455
0.725319
1.07975
1.79823
1.65785
1.25891
0.522944
0.866744
1.39505
0.117879
0.174407
1.38819
0.241376
0.128313
0.999388
0.842144
0.503022
0.633044
0.433334
2.00628
0.908718
0.728944
0.164116
1.04848
0.285757
0.318011
0.626796
1.0263
0.553058
0.563583
0.411266
0.140369
1.01952
0.49988
2.6046
0.657263
0.953796
0.916988
0.632327
1.54804
1.13865
1.05193
1.30849
0.318806
0.610162
0.958412
0.386331
0.635011
0.615408
0.648218
1.75185
0.684913
0.431463
2.90192
2.87339
0.912606
1.45475
0.297383
0.897397
0.0423849
1.36524
1.91277
1.40999
1.70548
0.458158
0.54799
0.732826
0.157663
1.92608
1.39781
0.644358
3.42369
0.446484
1.04957
3.07725
0.856218
2.01095
0.372123
1.03771
1.18758
0.198602
1.72449
0.631157
1.36041
2.75139
0.116635
0.536505
1.20554
0.444797
0.673765
1.32115
1.34727
0.516851
1.33704
0.719349
1.1874
0.808252
0.927518
0.469349
2.02646
1.56115
1.62868
1.51561
0.481886
0.36611
0.958065
0.414319
0.886203
1.42747
0.310656
0.0337299
3.50654
2.29853
1.04779
0.681998
0.644988
0.812658
0.0914511
0.903003
1.93684
1.03558
0.382949
0.988851
0.698592
1.73411
3.19286
0.67873
2.42789
0.172714
1.64727
1.37979
1.63682
0.9898
1.79068
0.400273
0.931956
0.854301
0.0432731
0.9629
1.00677
0.872732
0.402293
0.201352
1.93786
2.05166
1.61826
0.755915
0.373782
0.889262
1.08358
0.352688
0.507348
0.0349929
0.4005
1.69221
1.38798
0.579952
0.554128
0.546136
0.484941
1.07127
0.768505
3.96858
0.674779
0.976646
0.31616
1.25006
1.66891
0.733504
1.10644
0.346865
0.42725
0.360164
0.731161
1.98999
1.41391
0.228605
1.02248
0.402008
0.477013
0.82434
1.009
1.78971
1.65833
1.08641
0.34073
0.614597
1.78681
1.51477
1.71964
1.78269
0.819133
1.49645
0.507032
0.377429
0.654565
1.55084
0.45532
0.687818
0.534803
1.49709
1.02262
1.02838
0.176193
0.318921
0.846044
0.655911
2.57285
0.831658
0.151149
1.17379
0.912994
0.312209
1.2722
1.16196
1.15696
1.14073
0.203591
0.788136
1.02126
3.08837
0.527171
0.424284
0.821547
0.184885
0.971867
0.505668
0.594164
0.908544
0.556824
2.74336
0.984325
1.35461
1.73712
0.703209
0.551318
0.178116
0.640758
0.647854
0.207266
0.997548
0.212227
2.46803
0.585452
0.526759
1.22219
1.64098
2.75471
0.539705
0.231127
2.11535
0.417893
2.02375
2.18766
0.850279
1.12784
0.521795
0.869144
0.758543
1.8389
1.98976
1.06496
1.1681
1.43696
1.41159
0.924285
0.609994
1.5553
0.149876
0.36576
1.10816
0.565689
1.23353
0.661665
1.18964
2.22421
2.11987
1.22387
1.86171
1.06556
1.46973
2.62609
1.1576
1.0807
0.851749
0.479236
0.585595
1.14593
0.641039
1.70919
0.921789
1.57018
1.32994
0.701176
0.704356
1.74776
1.15739
1.06221
2.12583
0.33482
1.35792
0.720835
0.51047
1.54566
1.49334
1.83291
0.548894
0.380169
0.905649
0.814445
2.13433
1.33743
2.24337
0.244525
1.06277
0.195565
1.07985
0.291443
1.45387
0.356312
1.38478
0.698025
1.68117
0.250569
0.641639
1.46136
1.53267
3.00738
3.51562
1.07468
2.24494
3.32306
1.86055
0.34595
0.109928
0.967423
1.99301
0.532952
0.656187
1.27008
1.03824
0.346886
0.830489
1.55622
0.540878
0.569585
0.490243
1.02694
0.645897
0.78971
0.638881
0.297583
0.388165
1.95925
0.120882
0.682371
0.790057
0.621688
2.96177
1.05214
1.37601
0.541616
1.47222
2.62752
1.03274
0.224227
1.91093
0.867868
1.03766
1.08178
0.429364
0.351783
0.825515
0.482495
0.423531
0.918039
0.744347
1.27197
0.187634
0.980285
1.25203
0.397541
1.3996
0.113949
0.713141
0.466177
0.658001
0.918761
0.553051
0.604498
2.08028
0.734169
0.927298
2.01227
0.709673
0.32074
2.92986
0.395868
2.25789
1.2294
0.339704
1.15243
0.53307
2.11481
0.164119
0.880355
0.494614
3.01645
0.503307
0.238909
0.15863
0.00734494
1.25193
0.700222
0.661076
1.52548
1.02476
0.110522
0.677408
0.191033
1.58044
0.856731
0.346349
1.36608
0.592771
0.768167
0.931878
2.19532
0.809437
0.657476
1.56226
0.595592
1.52262
0.769126
0.970341
0.792631
0.713441
0.61608
1.3767
0.674937
0.939616
0.357605
0.466902
0.445392
1.06462
2.30143
0.380511
1.72656
0.53184
0.624072
1.08673
1.16377
0.921467
1.24051
1.36034
0.393657
0.193977
0.456953
0.367518
0.580114
1.388
0.242456
1.83765
0.830823
0.342752
1.61268
0.866502
1.68311
1.29241
0.480817
2.09165
0.472027
1.16892
1.46793
2.9373
0.839195
1.96583
0.962194
1.1311
0.856563
0.571626
1.47757
0.541261
0.35074
0.921281
0.523421
1.64863
0.817
0.641811
0.443721
1.24922
1.38556
1.42825
1.06622
1.49797
0.454181
0.284077
1.0641
0.886124
2.0538
1.46559
0.701656
1.76914
0.79957
0.408422
0.550224
0.63059
2.31524
0.272651
0.183109
2.47113
1.09735
1.81155
1.07355
0.664809
0.941992
0.530673
1.0955
0.775094
1.02124
0.412281
1.22132
1.18815
0.924714
0.304505
0.375729
0.190394
0.173454
0.974137
0.476415
0.317935
0.0593872
0.155852
1.19123
0.804031
1.17261
1.00946
0.482856
1.21344
1.90987
1.71267
3.83516
1.03743
0.368183
0.941855
1.49198
0.183401
1.3513
2.26426
1.89116
0.971624
1.64137
0.210695
0.550679
1.68853
1.5408
0.478147
0.272962
1.89504
0.44552
1.19891
0.2489
1.10864
0.858885
0.158355
1.0752
0.33339
1.78939
0.778751
0.48531
0.444191
1.14677
0.180156
1.3669
0.79825
0.512898
1.43808
0.4399
0.840798
0.484236
1.04678
0.662247
0.632115
1.27576
0.859225
0.685935
1.63743
1.99687
0.495961
1.41184
1.11118
0.954544
1.85323
0.817743
0.0611012
2.67966
0.630114
1.92488
0.663977
0.788455
0.875082
2.96615
1.07153
0.509311
0.403662
0.379273
1.14867
0.787695
0.1248
0.612671
1.9856
0.999229
0.921209
1.07044
0.56198
0.929868
0.659264
1.57042
1.10676
0.213595
1.03061
1.7597
1.05718
0.459104
1.19232
1.40554
0.4583
0.411086
0.684871
0.103845
0.813693
1.47909
0.50361
0.487052
0.416984
0.182942
0.488292
1.56416
1.56771
0.282342
2.66641
1.93844
1.40783
0.28643
1.52227
1.86964
0.721776
0.98405
2.40122
0.368256
2.06045
3.57105
0.649336
1.48247
2.24038
0.282189
0.900558
0.506738
0.419447
1.29626
1.53421
0.883595
0.507178
1.52017
1.26729
1.26226
1.15149
1.94857
0.125538
3.12785
1.69375
1.20599
1.08082
0.510306
0.616084
0.17922
1.42282
1.59829
1.58278
1.42768
0.595659
0.785566
1.21111
0.205974
0.0441644
0.365418
0.136537
1.57503
0.159193
1.09445
1.05052
0.283087
2.35771
0.805659
1.70251
0.535435
0.542658
1.69736
1.39991
0.343032
1.24536
1.08398
1.52426
2.06996
1.50044
1.32977
1.61539
0.806177
0.928189
1.3258
0.459163
3.17968
2.18574
2.00907
2.13615
1.30644
1.6901
0.312472
1.17941
0.114269
0.0500494
1.22926
0.0813477
0.697233
0.690005
0.647402
0.346111
0.424899
1.60817
0.293231
0.76818
1.43273
0.844871
0.14383
0.372167
0.633063
0.713265
1.07985
1.16154
0.532388
0.575706
0.830092
0.871075
0.610803
1.05206
2.19911
0.385302
0.737206
0.652255
1.71509
1.306
2.52519
0.946012
0.529967
1.24827
0.625781
0.651399
2.46789
0.22477
1.51771
0.53756
1.51503
1.22622
0.900486
1.02946
2.44571
1.44325
0.197694
0.724137
0.805044
0.857653
0.167694
0.694654
1.66378
1.13519
0.618696
0.0101668
1.60047
0.788064
0.381202
1.22193
0.817756
1.13126
0.908517
2.63921
2.06949
2.66072
0.532275
2.21203
0.849188
2.26861
1.18218
0.282726
1.44231
3.56667
0.230144
0.255245
1.56082
0.851376
0.459184
0.423062
0.782349
0.874855
1.52354
1.82213
0.868173
0.143782
1.9278
1.52596
0.76726
1.50796
0.147669
1.65288
0.888049
1.58706
1.50952
0.930942
0.297573
1.34568
0.116618
0.575157
0.851229
0.64556
2.37033
1.59761
0.621826
0.676661
0.560082
1.30712
1.02702
2.6864
1.73259
1.11743
0.789025
0.705764
0.2964
2.72495
0.820089
0.369252
0.603439
0.993863
0.672166
0.887411
0.75575
0.315408
0.0706188
0.924407
0.713424
1.28611
0.509364
0.573615
0.529361
0.737224
0.475408
1.27481
0.991897
2.50135
2.08319
0.505645
0.0355297
1.47869
0.668634
0.871357
0.486901
1.51468
0.246778
0.137026
0.839024
1.09753
1.89556
0.569304
3.4596
1.04768
0.435264
0.473661
0.678612
2.39917
2.4666
2.1305
1.10282
0.634573
0.967188
0.39949
0.515861
0.208579
1.47518
0.887257
0.917268
1.56942
1.19392
0.823609
1.30393
0.687525
0.410155
0.415449
0.169933
1.25703
2.68548
0.649274
0.537741
1.4268
0.539774
0.820469
1.64098
0.235858
0.391268
0.967607
1.52851
0.804595
2.28322
0.495735
0.98399
1.22651
2.96202
1.36603
0.954439
1.05634
0.403641
1.56669
0.0548209
0.114508
0.453564
1.46557
1.0534
1.31402
1.06837
0.553618
1.03952
0.600788
0.278316
0.597431
0.314322
1.81999
2.37197
1.08782
0.542446
0.308995
1.00215
0.937886
1.88628
3.66807
0.514566
0.39999
2.0044
2.66902
0.393173
1.09719
1.33363
0.851982
1.15809
0.451379
1.60265
0.390954
1.23533
1.22895
0.675371
0.648735
2.95678
0.713218
0.342464
0.93364
0.299163
0.592018
0.821728
0.218103
1.80563
1.04118
0.501134
0.387944
1.01047
1.32215
1.28871
0.714368
0.42946
0.672931
0.391017
1.81296
0.382166
1.18637
0.918247
0.853916
0.241633
0.628521
0.603538
1.09772
0.852243
0.587819
0.593635
2.30471
0.240316
1.09496
1.10971
1.09396
0.377106
0.753629
0.734195
0.906315
0.541489
0.787833
1.39312
1.5786
1.53188
1.9744
0.203455
0.688316
0.696701
0.891243
0.134764
0.820618
0.512329
1.48972
0.145932
0.973787
0.378828
0.163004
0.835795
1.44682
1.51028
0.770777
1.29851
0.67448
0.140218
1.26367
0.632527
1.55523
0.287626
0.46529
1.95434
0.772179
2.98266
0.537271
1.37508
0.524068
0.866342
0.454671
1.238
0.907466
1.18804
1.50986
0.404829
0.246263
1.02004
0.99913
0.0831834
1.77145
0.900691
0.657077
3.09266
1.61359
0.552904
1.2797
0.633112
0.279187
1.27047
1.2818
0.968406
0.143776
0.373377
0.92708
2.22403
0.3333
0.725177
0.82099
0.313205
1.26877
1.01063
1.20243
1.09306
0.893904
0.62083
1.0418
0.655437
1.17972
0.443401
1.87701
1.49923
0.473434
1.46807
0.920993
1.60143
1.72128
0.330789
0.165094
0.716126
0.148362
0.597444
0.849094
0.812717
0.865615
0.138135
1.18105
1.82111
1.28644
1.27428
0.358864
0.191135
0.925839
0.517091
0.751384
0.629897
0.783736
0.98355
3.13033
0.627285
0.356929
1.0116
2.21729
1.69538
1.55595
0.373187
1.40335
0.404843
0.624138
1.0332
0.718892
0.728611
1.24532
0.830672
1.04472
1.89551
0.724532
0.404774
0.160855
0.879493
0.294085
0.628959
0.256103
1.54191
1.07895
1.16563
0.823296
1.8949
0.664902
0.782248
0.760806
0.706411
1.32695
1.91383
0.291814
0.501909
0.416284
0.0638629
1.24871
1.35721
1.9613
0.85887
1.11234
0.467763
1.66173
0.0285315
1.501
0.882571
1.23651
1.7011
0.68016
0.148981
0.689159
1.12756
1.24099
0.15484
2.61855
0.129418
1.34053
0.164325
0.378981
1.4037
1.78945
2.72975
0.42627
0.532815
1.40965
0.387108
0.19718
1.81102
0.778154
0.660363
0.461647
0.576024
3.32734
0.705875
1.16312
0.0760778
3.31445
0.676892
0.394516
0.682955
3.00621
0.164754
1.59227
1.24513
0.813143
0.104719
0.789937
1.05495
1.24113
0.26045
0.124268
0.576556
0.288998
0.82272
1.25181
0.239828
1.19209
1.3294
1.19018
1.32408
0.772187
1.07723
0.813874
2.22152
0.489306
1.49289
0.223068
1.48959
0.574551
1.34931
2.42365
1.47751
0.440968
0.136235
0.294898
1.16173
0.50743
1.23122
1.7029
2.05261
0.466721
0.196077
0.983253
0.268245
0.671166
0.744517
0.654944
0.693273
2.23455
0.496474
1.1581
1.30833
0.509814
1.97714
0.452299
0.302787
2.06865
1.34711
0.863079
0.234847
0.809222
1.71876
0.836374
0.853906
0.226816
1.20477
0.153766
0.516862
0.614128
0.649717
0.501227
0.103544
0.444388
0.683271
0.816674
2.32553
0.586917
0.796994
1.86533
0.778264
1.26635
0.164149
2.2396
1.31347
1.19041
1.20083
0.122173
1.99645
0.848449
0.832519
0.376302
0.192269
0.0631329
0.417971
1.43681
0.222219
0.341148
1.0112
1.4406
1.7299
1.16731
1.87977
0.618875
0.715772
0.506903
0.608233
1.10752
2.84178
0.381429
0.284974
0.432613
2.221
1.11373
2.38573
0.283748
0.619372
0.375875
0.909286
1.0367
1.13242
0.448049
1.26362
0.428769
0.31362
1.08645
1.26303
1.87069
0.200789
3.55026
0.163457
1.90212
0.687172
0.518078
1.18591
1.62062
0.792506
0.883755
0.385376
0.555129
1.03071
1.26297
0.257674
1.86588
0.726294
0.195573
0.104095
1.42507
0.115815
0.621749
1.02145
1.30707
1.02764
1.85644
0.262085
2.34823
0.199983
0.621479
0.958602
0.55214
1.58663
2.03081
0.403448
0.579605
0.932822
0.46069
1.19936
0.521735
0.741973
0.512326
1.6868
0.959976
0.21483
1.22797
1.10603
0.862809
0.223279
0.104194
0.811313
0.721797
1.88507
0.584553
1.04282
1.56961
0.704029
0.32712
1.3081
1.87732
1.2283
0.191486
1.53672
0.42646
0.284621
1.56826
1.60465
1.20367
0.527991
0.851684
0.662858
1.6419
1.4063
0.443842
0.916047
1.12856
2.30135
0.40355
0.743178
1.03621
1.73732
0.632181
0.586733
0.626753
0.655896
0.31424
0.443682
1.30574
1.15754
1.77791
1.52176
0.297013
0.0722413
1.71254
0.606078
1.42794
0.714293
0.659183
0.227408
0.666448
0.858192
1.07741
0.344143
1.51316
0.606457
0.683228
0.443101
0.99651
0.220345
0.623998
0.47431
2.5203
0.467878
0.952398
1.40564
1.24088
0.402738
1.24275
0.149111
0.391768
0.238443
1.59169
0.922181
0.796879
0.669223
0.637833
1.23367
0.916886
0.631324
0.330391
0.45059
0.834377
0.848491
0.58444
0.858834
1.5116
0.24668
3.35733
0.918652
0.183513
0.907487
0.352898
0.747058
0.917427
0.226665
1.80282
0.12688
0.274052
0.199074
1.19941
1.07614
2.28581
0.253695
1.84141
0.504443
0.384958
2.0561
0.470645
0.885733
0.430138
0.251238
0.392622
0.370747
0.74927
1.71944
1.9178
1.43627
0.771655
0.542965
2.24588
0.222979
0.893797
1.27236
1.0481
0.435677
0.976398
0.445161
0.463456
1.61861
0.695501
0.930997
3.3326
0.886748
1.02509
2.25786
4.21762
1.11862
0.415538
0.699029
0.185548
1.70613
1.43306
2.71394
0.463239
0.683419
0.3259
1.52815
0.942563
0.503375
0.579643
0.619264
1.37614
0.278399
1.00827
0.79217
1.00613
2.65929
0.754769
0.998236
1.72315
0.787445
0.835997
0.870553
1.60849
1.54514
2.01977
0.864169
0.793217
1.08989
0.918283
1.09525
1.15258
3.39427
2.30609
0.737608
1.27245
0.256722
0.293529
0.680469
2.85044
0.38727
1.5532
0.134052
0.643574
1.31106
0.151251
0.689876
0.750576
1.9023
0.492838
0.305943
0.871483
1.14577
0.452188
1.27895
0.453299
0.871113
0.185277
1.19084
0.373875
0.0602313
0.712877
0.647656
0.871711
0.907303
0.810668
0.464769
0.685401
0.661721
0.738007
2.12372
1.21932
1.76322
0.398631
1.36972
1.0681
2.5828
1.16733
1.91286
1.73944
0.443517
0.837939
0.630508
0.519984
0.870195
0.26559
1.54821
0.856568
0.630656
0.647679
0.944614
1.83149
1.014
0.770045
1.37073
1.29642
1.59818
0.284486
0.136363
2.36258
2.03005
2.3054
0.547484
2.08502
0.930583
0.204224
1.08471
1.83024
1.95889
1.05135
2.77041
1.22095
1.17401
1.80497
0.451706
0.619008
0.543358
0.792725
0.758044
1.27408
2.50149
0.927417
2.05024
1.07365
0.470064
2.54061
0.805658
1.13088
1.20901
1.6937
0.351647
0.893862
1.51229
1.20855
0.685025
0.715458
1.69251
0.409213
0.569031
0.313149
2.5634
0.77076
0.43014
1.00428
1.39904
2.78526
2.4563
0.940831
2.06664
0.422235
0.140219
0.548361
1.14085
0.924979
0.714555
0.555731
1.54184
0.955707
1.5697
2.7961
2.46416
0.787322
0.800613
1.02703
0.610057
1.27986
1.85067
0.833787
0.594915
0.637771
0.759319
1.1032
2.02055
0.201822
0.389891
3.21775
1.55422
0.523294
0.934962
1.38508
0.253401
2.42831
0.586017
0.521034
1.12968
2.21199
0.507815
0.48693
0.47136
0.72512
0.774742
1.16435
2.5652
1.29264
0.23209
0.770198
0.214355
1.36551
0.702267
1.28379
0.873454
0.487299
1.47313
0.419023
0.974273
0.35457
0.512382
0.749827
0.240651
0.525258
1.24988
0.822371
0.239057
1.84743
0.717283
1.45768
1.2124
1.79503
0.149322
1.2018
0.380469
2.76111
0.0747956
0.720022
1.72744
1.79
0.856799
0.527909
1.56586
0.323448
1.31929
1.33587
1.01094
1.28277
1.41342
1.41387
0.745666
1.7001
0.553225
2.66803
0.537027
0.778556
0.441009
0.366886
0.63074
0.0968208
1.49411
0.919374
2.19497
0.409467
0.596587
1.20374
0.826518
0.644913
1.99342
0.597834
0.764498
1.39271
1.92637
1.73369
0.510484
1.12303
0.954545
1.77052
0.899675
2.18512
1.23727
0.585079
0.609554
0.56239
0.529553
4.74175
0.829779
0.743766
2.02863
0.837979
0.176802
1.39046
0.689571
4.00689
3.20206
3.03308
1.38845
0.508375
1.74738
1.77157
0.916737
1.22914
2.19981
0.656534
1.59348
0.243654
0.20853
0.604887
0.805868
1.46132
0.455011
1.37502
2.36827
1.73461
0.643416
0.216652
0.28577
0.774602
0.559962
1.98777
1.31047
0.315188
0.2492
0.349188
1.05833
0.953084
0.41942
0.810527
0.888888
0.412787
1.22746
0.626044
1.44969
0.996034
0.435478
2.00257
1.69587
0.797654
0.0874431
0.916047
2.37823
0.0755861
0.488066
0.43565
1.41086
0.134406
0.137906
0.429079
0.543607
1.91323
0.311577
0.128756
1.11626
2.3545
0.71531
1.29817
0.426213
0.765117
1.18077
1.19886
3.24113
1.00427
0.324889
1.17547
1.01919
0.54993
0.196757
0.0441247
1.8422
0.28953
0.383082
0.31596
0.627343
2.36534
0.398346
1.26785
0.460662
0.523798
1.68311
0.999397
0.725409
0.633888
0.124886
0.895847
1.53668
1.51385
0.883207
0.878998
0.521028
1.42991
1.1891
0.291682
0.539355
0.393341
0.561524
2.72922
0.880292
1.84648
0.929098
0.569004
0.953899
0.73901
0.389079
1.22707
0.539794
1.29031
0.546348
0.720565
1.71912
0.294264
1.53124
1.56064
1.3886
0.422324
0.598114
0.412025
0.18385
0.974331
0.337411
1.34839
1.12256
0.137751
1.14605
1.60109
0.117693
1.84174
2.0298
1.97163
0.316245
0.65552
0.673851
0.987366
0.382653
0.537309
0.120887
1.40614
1.36721
0.252036
0.374925
0.29134
0.187258
0.108748
0.203096
1.77019
1.19902
2.27116
1.23512
0.882889
0.157515
0.519904
0.612317
0.145005
0.480313
0.408974
0.971063
2.72564
2.06372
2.15033
1.9374
1.12593
0.842401
1.24967
2.00976
0.130696
0.635197
0.151007
2.71711
0.5079
1.05704
0.371089
0.607942
1.94273
0.625195
0.339823
0.549913
0.88195
1.33402
0.479819
1.53337
0.834643
0.613167
0.587664
0.429838
0.746865
0.245527
2.35784
1.28213
1.69169
0.829604
1.27845
1.66606
0.638692
1.0033
0.396564
0.889669
0.601546
0.401903
1.09922
0.13802
0.869338
0.684955
0.609327
1.07141
0.0935478
1.65044
0.622711
0.405021
0.551295
0.90662
0.508986
0.440188
1.83981
1.11782
0.922426
0.483627
3.6677
0.126255
0.436481
1.19424
1.05331
0.254446
0.717806
3.29465
2.01382
0.708809
1.47442
0.546212
0.81562
0.275034
0.402221
0.163568
0.521319
0.338398
0.432444
3.61232
1.88305
1.14735
1.52655
1.27279
0.783079
0.307183
1.20548
1.45753
0.522626
0.891986
0.544913
1.16448
0.661073
1.22727
1.07412
1.29857
1.26247
1.30229
0.316766
0.388814
0.519894
1.59768
0.124039
0.39878
0.26016
0.791743
0.157515
0.631095
0.899129
0.39487
1.22123
1.36937
1.47112
0.235084
0.531732
1.0174
2.87855
1.36318
0.325775
1.46806
0.634209
2.57887
1.28758
1.10735
0.581776
0.326121
0.190648
1.12856
0.88005
0.649063
0.797054
0.0106645
1.25521
0.557333
1.88615
0.358084
0.988144
0.377394
3.13607
0.295778
1.06889
0.540526
0.285978
0.313686
0.565711
1.02943
1.70424
0.668001
0.731571
1.1141
0.755954
0.392851
1.79812
0.79898
1.04964
1.8422
0.908828
0.0769621
2.70248
1.33688
0.165392
0.901933
2.26525
0.878531
0.149049
1.14752
0.880554
1.89247
0.302946
0.802669
0.22869
0.522881
0.682532
0.491137
1.48636
1.09969
0.444773
0.778923
0.723878
0.837539
0.539333
1.46066
0.839985
0.677595
0.569396
1.40434
0.0987075
1.90657
1.13927
0.790947
1.47135
0.40537
2.79499
0.35806
0.842464
2.15004
0.496392
0.355698
0.685521
0.891107
0.236002
0.653345
1.89985
0.64298
1.72803
1.29452
1.15209
0.382063
2.29893
0.745267
0.137692
0.665822
0.472919
0.427845
1.45881
0.368418
0.860451
1.45082
0.327816
0.740694
0.712674
0.646889
0.562817
0.377756
1.24192
0.0433394
1.30254
0.687238
1.64099
0.733904
0.500283
1.2908
1.19004
1.8218
0.868687
1.40183
0.384333
1.10554
2.63673
0.293612
1.11669
0.747513
1.13207
0.824509
0.847007
0.975992
0.41461
0.871035
0.603369
1.39401
0.230394
0.884101
1.98362
1.13142
1.27676
1.23479
0.434076
0.758415
1.29636
0.513614
1.47718
1.74002
0.200576
0.568374
0.564445
1.37496
0.676201
0.805251
0.0176697
0.864761
0.869201
0.675984
0.528919
0.803709
0.0715071
0.702396
0.409302
0.848585
1.77945
0.994502
1.43601
0.334612
2.26465
0.208943
0.243775
0.68526
0.307689
1.81929
0.471043
0.37039
0.267153
1.41543
0.244195
0.516182
0.173499
0.178922
0.350173
0.334381
0.0845814
0.203361
0.605559
0.445616
0.611565
2.05253
0.0861258
0.696827
0.359015
1.05213
0.545805
0.22014
0.205155
0.747924
1.0413
0.454574
2.20602
0.586762
1.26085
0.773125
0.75707
0.584027
0.266434
1.05113
0.4453
0.603564
0.722163
0.552605
0.106366
0.52045
1.56815
0.870288
1.43564
1.19009
1.77177
0.724478
0.591914
2.83389
1.3127
0.258929
0.585787
1.88338
0.979631
0.195246
0.380919
0.715574
1.78307
0.627338
1.01552
1.79076
0.138658
0.324834
1.1423
1.0114
0.172865
1.43851
0.572574
0.838405
1.26287
1.67949
1.39601
0.798174
1.97263
1.75335
0.979053
0.880832
1.10327
0.898298
1.91695
0.301896
0.847825
1.24149
0.763751
0.993351
2.62608
1.43032
2.20044
0.631037
0.204985
0.451712
0.346495
0.484452
0.400801
3.00978
0.126365
1.29192
1.01395
1.33933
0.624413
1.6099
3.2497
2.47772
1.38676
1.43033
0.441249
0.158708
0.166907
0.104922
0.209392
0.263996
0.806647
1.62609
0.435263
0.185731
0.438896
0.901238
0.619482
0.663769
0.451617
0.935156
0.229431
1.4958
0.51697
1.6106
0.631905
1.19191
0.685572
0.702986
0.645755
1.28335
1.04844
0.739879
1.13759
1.15511
0.4591
0.0885525
0.977015
1.14118
1.17801
1.34993
0.802946
2.71177
0.17187
0.909791
2.43063
0.0754583
0.281046
0.971463
0.138675
1.2048
0.572688
0.45636
0.397168
0.33355
2.11839
0.880124
1.46727
0.582313
0.393921
0.332553
0.81201
1.05103
1.06211
0.659974
0.481272
0.775617
0.838475
1.01611
0.651011
1.30916
1.02187
0.260402
1.59988
1.38759
0.054992
0.373404
0.245731
1.1139
0.889019
0.761076
0.478016
0.541284
0.709579
1.42417
0.104656
1.21375
0.326715
2.21679
0.313848
1.43552
0.701626
1.76271
0.946257
1.74716
1.11679
0.892965
0.499444
1.81504
1.34201
0.916706
0.17238
1.26624
1.96622
0.869375
0.670055
2.3605
1.02954
0.934337
0.123029
0.0588027
0.394293
0.196314
1.25457
0.414253
0.825281
0.433155
1.20881
1.01773
0.956544
1.12481
1.20288
0.789195
0.430065
2.04127
0.17442
0.734097
0.601041
1.63415
0.520647
1.45791
1.78099
1.18489
1.10358
0.3664
0.397085
0.362048
0.690391
0.409602
0.410699
0.528494
0.265278
1.48154
1.72591
1.26625
1.47105
0.597889
0.679905
2.65352
1.85553
0.196296
0.403896
0.176035
1.58487
1.30802
0.444222
0.0801639
0.675258
0.814273
1.12365
0.361211
0.647973
0.377365
0.301682
0.110038
2.16466
1.80387
0.601816
0.117988
0.587408
0.437291
0.499952
0.229388
0.62284
0.873647
1.51367
0.44064
0.95748
0.865584
0.436572
1.25466
0.142003
1.6555
0.985569
0.858993
0.0879044
1.87298
0.432501
1.41224
0.225696
0.836153
0.560121
0.302457
0.530838
0.286263
1.20904
0.271583
0.977802
1.44125
1.02404
0.798275
3.65727
0.872904
1.73635
1.00415
0.475091
0.332821
0.44526
1.17134
0.105121
0.529613
0.404718
1.45856
0.207898
0.787574
0.499432
0.937193
1.92949
0.924736
1.71227
1.69177
0.526879
0.233652
1.40707
0.183874
0.125087
0.367432
5.04999
1.18021
0.905356
0.693423
1.95943
2.1217
2.54085
0.848968
0.0492911
1.13444
6.02093
0.71798
0.375106
0.769229
2.00959
0.364817
0.141636
0.941967
0.515532
0.614393
0.213391
0.0327744
1.04986
2.69114
1.57289
1.26377
1.11354
0.220605
0.557443
0.969736
0.465626
0.954839
1.86069
0.264999
1.83686
0.24513
0.391283
0.0237471
0.542688
0.530543
0.194869
0.774358
1.22371
0.415684
1.69707
0.755666
1.14648
0.821154
0.269118
0.761397
1.23967
1.92755
1.19692
0.641616
1.40172
1.0691
0.376207
0.203274
3.03743
1.79947
2.4136
0.280966
0.833571
0.762386
0.420677
1.89461
1.66775
1.283
0.834799
1.36025
0.274653
0.122214
0.406665
1.18666
2.52908
0.670207
1.3735
1.3123
1.32413
1.43834
0.210357
0.0355498
0.134514
0.323046
0.478258
0.111434
0.0737854
1.39458
1.87848
1.32192
0.540817
0.389383
0.575012
0.0676001
0.494158
2.31174
1.76472
0.399728
0.677474
2.24267
0.179185
1.6788
1.50345
0.957709
0.962615
2.33198
0.108182
0.787145
1.77298
0.54453
1.03372
1.98546
0.929647
0.807842
0.870787
0.428187
0.720364
2.07739
0.487611
1.25686
1.0919
0.416048
0.261965
1.35053
1.1675
0.61532
0.560107
0.313568
0.732854
0.31259
1.26264
0.995623
1.08804
0.650563
0.577407
0.445277
0.130169
0.834429
1.63083
1.50977
1.31184
0.229554
0.395578
0.374066
0.516422
1.94344
0.867263
0.569186
0.503488
2.0615
0.229406
0.643588
1.5016
2.17111
1.73851
2.15618
0.962806
0.813974
0.809831
0.150585
2.97389
1.71581
0.991488
3.90135
1.65734
1.03193
1.75745
1.04075
0.0783818
0.921855
0.375164
2.16208
0.617466
0.57547
0.961136
0.790727
1.43627
1.20227
0.467605
1.73438
0.324254
2.03494
0.872417
0.957366
0.718479
0.362666
0.504086
1.34745
0.97021
0.329677
2.635
0.739505
1.70665
1.98302
0.883228
1.14142
0.634576
0.527527
1.28749
0.718074
2.35028
1.32689
0.5534
0.377961
2.00877
0.923644
0.0253521
0.275477
1.89318
0.444061
0.645273
1.00781
0.428925
0.225944
1.9828
1.7045
0.973355
0.858238
1.096
1.44536
0.719182
0.998266
0.873202
0.455922
0.483287
0.737351
0.339706
0.696795
1.06501
0.662079
0.984953
0.0593783
0.611808
0.844878
0.832661
0.669603
0.857008
1.49117
1.15407
3.76962
0.602135
0.672788
0.457856
0.993635
2.01646
0.815241
2.45798
0.497491
0.482827
1.2363
0.919429
1.92904
0.528162
0.96389
1.11936
0.440746
1.88417
0.377221
0.745087
1.41036
0.796879
1.08517
2.07483
0.111808
0.261851
0.651106
2.30635
1.03088
0.498982
0.645986
1.8393
0.810877
0.820891
1.78716
0.57816
0.921566
0.232671
1.45108
1.7545
1.05337
0.413593
0.931647
0.624606
0.651719
0.729951
1.29397
0.805461
1.10126
1.42163
0.242592
0.778347
0.365727
1.22281
1.61033
0.952235
0.438121
1.02327
1.07474
0.546995
1.60028
2.74358
0.443528
0.243161
1.04925
0.510925
1.77872
0.717839
0.605636
0.484828
0.532443
0.334279
0.270214
0.809874
1.30167
0.405669
0.409035
0.364767
0.85153
1.67773
0.421129
2.75979
0.826767
0.764537
0.690554
1.43984
1.81416
0.430117
3.11798
1.27906
1.2583
0.816121
0.161121
1.5234
0.732874
0.619335
0.229628
0.438957
0.45586
0.594339
0.521205
1.93933
0.59686
0.999441
0.382405
1.30285
1.15252
1.3921
0.742787
0.729898
0.34096
0.134128
0.624748
2.90851
3.50149
0.779745
0.342963
0.454074
0.31026
1.35304
0.416678
1.23453
0.123661
0.862028
0.704621
0.665737
2.38107
0.804868
0.666871
1.91861
0.31011
1.90574
0.366665
1.14768
0.724261
1.0272
0.621476
0.731373
0.748848
2.37556
0.601611
1.72451
1.13149
0.402459
0.527506
0.211505
1.36528
0.268655
2.39956
2.42273
0.981544
0.117205
2.7238
0.631976
1.50182
2.97294
0.874616
0.957093
1.07066
0.663164
2.16332
0.59095
0.436385
0.970639
0.471965
0.461311
0.552854
1.34125
1.19032
0.512499
0.535231
0.865398
0.773898
0.94891
0.659659
0.785993
0.715285
0.633518
0.906063
1.44358
1.9093
1.07298
0.393656
0.672725
0.777965
1.38674
0.0421417
0.810724
1.28618
1.33064
1.74341
1.60676
0.692066
1.44909
0.706215
3.71812
0.748803
1.02538
0.857686
1.91577
1.60978
2.29868
0.920903
0.270303
0.135165
0.127999
0.444506
0.650354
0.898532
1.45339
1.02567
0.56451
0.827298
1.852
0.485841
1.17319
0.953126
2.95236
1.73505
1.14786
0.515305
0.0493548
2.02374
2.38504
0.819646
1.04294
1.40821
0.139322
0.91194
0.118578
1.08711
1.37131
0.457203
0.391097
1.10677
2.27844
0.74803
0.628947
0.565043
0.885356
1.00056
0.360905
2.79912
2.2104
0.287774
0.416345
2.24006
0.479816
0.807382
1.37394
0.161945
0.744456
0.248303
0.913018
0.782903
0.845824
1.68058
0.295259
0.533196
0.589732
1.17992
1.38127
0.788944
0.368273
1.28537
0.947328
1.43106
2.54742
1.46814
2.0004
1.63461
0.970473
0.473998
0.994803
1.65094
1.30044
0.728771
0.449203
1.7597
0.441592
0.856229
0.751496
0.39286
2.23025
1.06416
1.70181
0.812451
1.50861
1.08621
1.02775
1.28526
0.0739188
2.03133
0.469166
0.19663
0.15143
0.345591
0.191795
1.45078
0.534702
1.94855
0.507475
1.59891
1.93086
2.93623
0.362958
2.50743
1.14483
0.696406
0.375585
0.472801
1.50422
0.300753
1.64988
1.04916
0.128033
0.316776
0.4178
0.121729
1.76815
0.168154
0.631972
1.09238
0.65971
0.381035
0.705093
2.08897
1.80984
0.850051
0.721938
0.44809
0.391604
2.45763
0.765428
0.10359
0.759366
0.241895
1.82303
0.997811
0.885948
0.319634
2.05478
1.98831
1.11393
0.419256
0.746077
0.975209
1.08273
0.329829
0.284591
0.250122
0.462527
1.53939
1.26792
0.887553
0.84115
0.39121
2.4124
0.236006
1.57656
1.24639
0.732929
2.48835
1.94579
0.80323
0.583641
0.182462
1.11593
1.13708
0.899173
0.962335
1.80793
1.09461
0.192652
0.918173
0.496194
1.13764
0.38034
0.168383
0.9515
1.37652
0.346964
0.503732
0.336131
0.453171
0.771551
1.43575
1.35539
0.200797
0.162373
1.18339
0.969975
2.87146
0.846909
1.66918
1.35139
0.864204
0.901408
2.06111
0.633282
0.877183
0.389144
1.54574
1.1305
0.428868
0.525683
1.30611
0.782662
1.12776
0.703093
2.42175
0.624196
1.54044
0.425483
1.28727
0.677062
0.251244
3.42873
2.05081
0.552563
0.195299
0.705128
0.327584
1.62304
1.04285
1.23976
0.58702
3.52683
0.852116
0.16845
2.00201
1.67709
0.650177
1.31313
2.15842
1.77481
0.388023
1.48688
0.881479
0.229825
0.420892
0.109626
0.0913618
0.561299
1.82222
1.20844
0.201293
1.10592
1.4179
2.1016
0.975474
0.547617
0.113152
0.559562
0.619533
0.372871
2.15462
0.262165
2.08078
0.911414
1.75374
1.68508
1.58186
0.168187
0.528207
0.759679
1.17537
0.169907
0.531203
0.830009
0.944126
0.453889
0.474933
3.3834
0.177381
0.0543024
1.37685
2.69879
2.11811
0.268622
0.66262
0.628992
0.864644
0.6926
0.607831
0.534688
0.784364
0.880311
0.30453
1.29872
0.919679
0.579834
0.542797
0.106624
1.98843
0.389403
1.40193
0.744698
0.501626
0.650138
3.42888
0.809103
0.239837
2.22452
1.52205
0.468072
0.860855
0.375022
1.17665
1.28028
0.14249
0.310387
0.941493
0.187153
0.799976
1.27609
0.302865
0.442847
1.93262
0.500336
0.254559
0.807687
0.6966
0.927038
0.929768
0.773739
1.34067
1.72348
1.3809
1.1664
0.130369
0.506691
3.11502
0.834456
0.550383
1.27225
0.249744
1.94048
1.04401
0.380083
0.789965
1.60438
0.734595
0.239424
0.860603
0.305208
0.548142
2.24533
0.475975
0.159844
0.938456
0.502331
0.500806
1.28153
1.24519
0.317264
0.122432
0.972455
1.14663
0.094413
4.37469
0.255716
0.53113
0.88577
2.26441
0.800054
0.996482
1.09166
0.994444
1.66083
0.695679
0.691326
1.10978
1.15959
0.769442
0.27976
0.634658
3.44638
1.16883
1.30393
1.77486
1.23102
0.378343
0.491698
3.12
0.62029
1.12226
2.40109
1.34515
0.480933
0.678282
1.97388
0.789009
1.76871
1.88705
0.818144
1.92122
0.928484
0.633088
1.93211
0.616988
0.517387
0.987462
1.3596
0.593684
0.482892
0.840632
2.33422
1.50229
1.07976
0.998001
0.311936
0.680086
0.361249
0.443662
2.04862
1.6116
0.45246
0.700811
0.726897
1.02791
1.48474
0.144941
0.346506
1.73693
1.2977
0.565102
2.05147
0.425417
0.951412
1.01731
2.41956
1.68152
0.587117
0.392782
0.303461
3.19605
0.551622
0.409764
0.582152
2.06623
0.785622
0.29929
2.66253
0.63166
0.751251
0.809677
1.88408
0.501568
0.231773
1.21344
0.533582
0.725229
0.687584
1.19925
0.577019
1.76088
2.08787
0.0496284
0.855758
0.496901
0.751922
1.33788
0.603982
3.18202
0.98665
0.637663
0.683381
1.27808
0.628129
2.94115
0.344845
1.87474
1.78516
1.13027
0.515034
0.717474
0.889341
0.601583
0.700479
1.61209
0.197528
1.17805
0.765828
0.421619
0.893241
0.510624
1.29835
0.659957
1.02972
0.192216
0.503585
1.68972
1.66965
0.925111
0.620372
0.239732
0.173648
0.713253
1.86752
0.223532
0.245076
1.41477
0.675177
0.76698
1.15918
0.716096
0.370386
1.50416
0.646701
0.562751
0.701226
2.20493
0.45662
0.449251
0.586299
1.51713
0.202125
1.02826
0.3724
1.84373
0.777446
1.69659
0.0482916
1.18246
0.206132
1.14163
1.17299
0.269099
0.21125
1.24424
1.13048
0.378455
0.324601
0.836468
0.250273
1.12916
1.29346
0.406274
0.709021
0.407126
0.587632
0.828557
0.851044
0.31644
0.622802
0.793834
1.44304
0.571575
1.02917
2.19699
1.74438
2.74916
1.58752
0.642638
1.9388
0.751261
1.00476
1.62128
1.1519
0.240183
0.409454
1.50803
0.0327203
2.54751
1.6052
0.96208
0.500316
1.35968
0.881166
2.10424
0.925738
1.32083
1.31523
0.314288
0.431844
0.318533
0.902419
0.609828
0.617879
2.21441
0.183171
0.922359
1.86503
2.00669
1.19963
0.544882
0.982544
0.725383
1.56744
0.869449
0.547451
0.636418
1.82138
2.42957
0.441873
1.03568
0.86646
0.269116
1.04936
0.533892
1.74825
2.31917
0.633407
0.338971
2.24626
0.906775
0.276617
0.605494
1.45748
2.12309
0.685322
1.3397
0.0745277
0.0364403
1.13133
0.808973
0.63603
1.98689
1.94959
0.84034
1.23097
1.56009
0.977361
0.370522
0.53441
1.6725
0.315643
0.399419
0.383974
2.7051
1.02036
0.980653
1.27377
1.69396
0.194713
1.13767
1.13973
0.239914
0.351491
0.276093
0.541938
0.168813
1.4999
1.82032
0.832168
1.2104
0.980204
0.953619
0.62763
1.15467
1.01384
1.58284
0.606228
0.714272
0.712338
1.73104
1.06318
0.690866
1.21502
0.364628
1.86512
0.321634
1.22867
0.0908456
0.733975
0.658846
1.47254
1.0189
0.537961
1.28612
0.371661
0.77916
0.299883
0.193741
1.09735
1.31719
1.29235
0.563828
1.0906
0.519964
0.320142
0.867334
1.25815
0.304862
0.745446
1.40125
1.48241
0.625595
0.437923
1.44367
0.264808
0.278462
1.06734
0.384866
0.144898
0.872256
0.783489
1.33551
0.493745
1.14611
1.68083
0.461889
0.303925
0.356448
0.435626
0.557223
0.397202
0.092232
0.382534
0.132509
0.219423
1.83824
0.829852
0.271941
0.589607
0.606942
3.27395
1.25501
0.832016
0.281863
0.538392
0.591503
0.451275
0.496524
1.90918
0.925565
0.577445
1.45188
0.63526
0.512763
0.415338
0.441868
0.426969
0.985667
0.533265
0.0468895
1.56397
2.32627
1.29309
0.0974688
0.811978
0.225417
0.347683
0.143644
0.484548
1.25227
0.226066
0.193872
1.36386
2.29951
0.1765
1.44422
0.938214
1.16489
0.782751
0.435431
0.691451
2.58757
1.79983
1.40969
0.507732
0.803139
0.626259
0.912707
1.7888
1.14977
0.502891
0.101741
0.760313
1.23308
0.983574
0.74029
1.69528
1.7934
0.916989
0.296138
0.467296
1.10492
0.266415
0.392914
1.08214
2.51931
0.477688
3.49437
1.33934
0.773931
0.403284
1.60197
1.45447
0.70444
0.963856
2.77133
0.507934
0.754081
0.353479
2.57374
0.497794
2.15597
1.50259
1.60159
0.738089
0.610046
0.205987
1.54134
0.86658
0.133358
1.87789
0.272428
2.70582
1.54119
1.85952
1.95097
0.881524
0.36266
0.862321
0.410884
0.893281
0.357461
1.02308
0.915952
0.628211
1.19441
0.267021
0.231814
0.950283
1.20628
0.898629
1.84856
1.24832
0.642913
0.59133
1.31273
0.436373
0.963169
0.577342
1.2603
1.63955
1.21099
0.224529
1.10235
0.612069
1.71178
0.790417
0.857443
0.914418
0.382739
1.83539
0.608956
2.24833
1.34941
0.726599
0.310045
1.04756
3.77213
0.623367
0.0689655
1.00346
0.721397
0.269709
0.249814
0.22701
0.703973
0.335236
1.47863
0.629045
0.887449
1.12568
0.827352
1.19312
0.20104
1.42663
2.57503
0.398303
1.0352
0.609503
1.08402
0.331732
0.309818
0.87964
0.598623
1.80357
0.469115
1.05749
0.329018
1.07941
0.39308
0.0525761
1.73967
1.17227
0.447824
0.132929
0.895672
1.47339
1.02351
0.636182
2.07478
0.526143
0.677603
0.968825
0.872348
0.290416
1.00922
1.68058
0.72074
2.14953
1.8335
0.731057
1.60618
1.06439
1.84757
1.20082
1.41274
0.362372
0.658856
0.351281
2.3765
1.11356
0.488047
0.480221
0.629722
1.02108
1.48476
0.851869
0.595894
0.666431
0.361173
0.524331
0.307189
1.21956
0.101716
1.31789
0.764884
1.97606
3.78374
0.678882
0.555246
0.96407
0.454365
1.36305
0.727259
1.18154
0.963192
1.2773
2.66981
0.227964
0.427361
0.439704
0.7023
1.06781
2.38467
2.20301
0.406895
0.265886
0.804903
0.520516
0.422223
0.87391
1.75249
0.655112
1.53373
0.621442
0.764709
0.977534
1.80445
0.515533
0.849767
1.23149
1.93016
0.717641
0.542111
3.39013
0.0639854
0.301228
0.376215
0.832886
0.200494
3.33497
0.703676
0.555564
0.943847
0.167715
0.526121
0.943948
0.635861
1.41985
0.283872
1.03178
1.35597
1.14444
0.324401
1.16098
0.340962
0.510228
1.00489
1.55734
0.563319
0.91237
0.790451
0.532951
0.445486
0.648997
1.45749
0.420924
0.268173
0.960601
2.94251
0.63573
0.805197
0.985913
1.09022
0.912906
0.801804
1.03822
0.236613
0.484633
2.46452
0.261152
0.0784307
0.759513
1.4804
3.86505
1.55286
1.1838
1.28031
1.44401
0.329357
1.5274
0.364081
1.49848
1.08788
2.37219
0.32564
0.344008
0.944907
1.2389
1.01645
0.306491
2.51494
0.381923
1.03988
0.566929
0.711407
0.236219
1.67032
0.370858
0.719292
0.519771
0.237544
0.639103
1.01507
0.852585
0.784155
0.748451
0.502789
0.589749
1.10007
1.24925
0.336902
1.04827
0.561521
0.812471
0.67224
1.10205
1.08948
0.529793
3.06018
0.834452
0.649829
0.49239
1.13335
0.158695
0.64468
0.374398
1.17752
2.17056
3.77255
0.402115
0.772186
1.93125
1.18765
0.902264
0.447677
0.500366
0.700676
1.11566
1.54348
1.04588
1.60395
0.313776
1.01695
0.528428
0.496564
1.0141
0.428372
1.24252
1.4249
0.971074
0.210701
1.4474
2.30989
0.457513
0.960645
0.996863
0.628244
0.255421
0.888047
1.17804
1.81078
0.720127
1.63456
0.718529
0.813875
1.14005
0.306589
1.03016
1.28208
0.578697
0.430874
0.57492
1.30625
0.612924
0.26622
1.02962
2.44924
1.07853
0.831461
0.747018
0.870395
0.815803
0.109734
1.08299
0.434752
0.912982
0.491084
0.459835
0.488206
0.292242
1.20009
1.15541
1.69027
2.46285
0.790451
0.60537
0.806346
1.13875
0.251945
0.967232
0.679838
0.187139
1.41744
0.882137
1.76424
0.595285
1.21991
2.89523
0.544811
0.179675
1.40371
0.229371
0.430603
1.39949
0.0959382
0.208045
0.470287
1.79548
2.43657
0.199115
1.93007
1.40395
0.775233
0.273471
1.68719
1.46019
0.417354
0.933961
0.335517
1.55158
1.63402
1.08551
1.04773
2.09206
0.0766118
0.998023
0.882088
0.177755
0.707547
2.32147
1.99454
0.655306
0.12468
0.324953
0.41827
2.67723
0.184972
0.96311
0.494176
0.920256
2.07659
1.91714
0.351755
0.857899
0.748677
0.367547
1.08601
0.394695
0.283224
0.411261
0.963727
1.33114
1.51392
0.811577
0.716742
0.643813
0.469425
0.695926
0.747803
1.00602
2.16575
1.17923
0.76524
1.71986
0.434364
1.68581
2.19757
1.61304
1.08539
1.14579
0.31695
1.4641
0.70822
1.18503
0.0222075
1.03215
0.404424
1.29106
0.781505
1.03721
0.504332
1.37271
0.385211
0.591811
0.498047
1.66346
0.855311
1.20238
0.197468
0.73077
2.35349
0.91088
0.579608
0.472087
0.483814
1.19233
3.21844
0.954746
1.6035
0.684432
0.127993
0.599757
0.460567
0.989725
1.39299
0.37976
0.489557
0.1919
0.566342
0.641358
1.31962
0.603848
1.30975
1.80857
0.511494
0.585968
0.607179
0.536856
0.940835
0.803844
1.0302
0.37447
1.2977
0.474986
2.36827
1.49405
0.364917
3.51816
0.896772
0.655005
0.672215
1.56706
0.627601
0.119217
1.98316
0.207423
0.807269
0.871838
0.140224
0.722535
0.597585
1.62274
0.109981
1.44518
2.16104
0.286156
1.31046
0.689701
0.259739
0.662359
1.57899
1.25424
1.0738
1.41649
1.42222
0.859696
0.579772
0.988727
0.560113
1.57683
2.13084
0.664739
0.683391
0.351079
1.07367
0.304311
0.700572
0.205179
0.212117
1.12706
0.485683
2.47139
0.267242
0.325453
0.476627
0.425037
0.0521739
0.890543
1.97919
2.57167
0.867528
0.494611
0.336865
1.13384
1.7252
0.455855
1.4028
0.287296
1.21361
0.94864
1.69253
1.55509
0.607549
1.53837
2.51072
0.747682
0.117734
2.0793
1.19031
1.40478
0.766164
1.10656
2.08003
2.42548
0.438484
1.90337
2.48393
4.81692
1.41938
1.05542
0.994346
1.16569
0.870489
0.904814
0.422791
0.545933
1.89811
1.35612
0.529832
1.40565
0.503403
1.43759
0.170594
0.833426
3.69764
0.222259
0.951775
1.44944
0.915307
0.298861
1.71852
1.76724
0.238909
1.77102
0.761319
0.715975
0.638409
0.642594
1.44316
0.319329
0.306607
1.04528
1.83015
0.940538
0.782175
0.630908
0.641272
0.513594
0.251923
2.28889
1.33824
1.19
2.57319
0.250163
1.35004
1.39635
1.52108
0.750209
0.938121
0.553298
0.451933
1.25469
0.428848
1.73645
0.617778
0.520298
2.01213
1.12742
0.327467
1.13465
1.19663
1.5594
1.34353
1.22762
0.631602
1.19486
0.552543
1.74828
0.954919
0.956805
2.23216
2.19763
0.718958
0.363765
0.32181
0.674667
0.776415
1.57236
0.848239
1.30975
0.208752
2.18676
1.1337
1.55186
2.1564
0.203694
0.927143
0.535554
1.96386
1.77213
2.17094
0.94312
0.770643
1.99557
0.897573
0.661973
0.208782
0.255062
2.46117
0.804703
1.03686
1.48691
0.65747
2.13407
0.71578
0.966381
2.36596
1.82992
1.81887
0.659376
0.425542
1.73485
1.1693
0.639109
1.34663
1.17903
0.351518
0.978025
0.783581
0.198264
0.50654
0.526355
0.658983
1.24213
1.10227
0.662159
1.24671
1.05007
0.163273
1.16697
0.651415
1.28784
0.582484
0.175172
1.84163
1.28742
0.20242
1.43932
0.865502
0.356193
0.355778
0.636136
0.75595
0.806031
0.603829
2.11841
1.53701
1.5506
0.763902
1.1527
0.62436
0.761713
0.914074
0.921039
2.27673
0.640916
0.596765
0.933398
1.24872
0.290004
1.98338
0.877821
1.39604
0.460458
0.807429
1.69255
0.1243
1.91951
3.08429
1.14839
0.736984
0.48978
1.28641
0.984029
0.305253
0.575418
0.194508
1.54303
1.38585
1.72819
0.839765
4.40236
0.0879953
0.604513
1.21907
0.451776
0.899768
0.446804
1.71215
2.01264
0.17024
0.269128
1.00988
1.0861
2.03915
1.25432
0.38803
0.451397
1.04843
0.826433
0.947553
1.41499
0.68286
0.893173
0.431955
0.371474
2.33724
0.905533
2.40913
1.40276
0.879619
1.3006
0.273431
0.757959
0.624808
0.530122
1.74312
0.66773
1.55665
2.87977
3.26414
1.71681
0.901154
2.74667
0.898126
1.28288
0.384395
0.656286
1.17887
0.257289
0.318545
1.45664
0.156067
1.93382
1.25871
0.104581
0.471612
1.83786
1.07601
1.54341
1.39839
1.09384
0.453397
1.10064
1.41444
1.265
0.204188
0.946492
0.489168
0.246349
0.744283
1.70692
1.08817
0.600842
0.614122
1.04926
0.197014
0.232567
0.448703
0.933576
2.50215
2.09532
0.180825
0.714887
0.29729
0.937101
0.582977
0.595757
1.43453
0.924357
0.773251
1.69935
2.15733
3.47437
1.63661
1.1159
0.527877
0.559758
1.17137
0.825717
0.533078
0.329321
0.22416
0.283634
0.482115
1.11166
0.575223
0.19421
1.4533
2.4677
0.881454
0.71892
0.577816
1.77573
0.776255
1.63414
1.05433
1.78712
0.537879
0.819424
0.153238
1.30102
1.50099
1.19832
1.73123
0.0724527
0.544331
0.458601
0.492094
0.842786
1.00375
1.30754
1.12814
0.41326
1.73464
1.47686
0.260665
1.52225
0.143134
0.279404
0.956479
1.17239
2.2765
0.446031
1.44156
0.823021
0.582846
0.494103
1.83578
1.44673
0.529313
2.43043
1.04107
0.344787
1.55398
1.16364
1.41578
0.756956
0.344905
2.00977
0.98789
0.25711
1.15799
0.350265
0.379634
0.646031
0.679946
0.656668
1.22424
1.99221
1.22606
0.965788
1.20057
0.587657
1.21748
0.896451
0.689026
0.154892
0.76027
2.38344
1.24875
0.304954
0.59091
0.771136
1.35418
0.983499
0.870281
0.326396
0.765226
1.05204
2.81715
1.48862
0.28823
1.30079
0.541784
0.199974
0.289971
0.782317
1.7122
0.333206
0.457443
1.15486
0.189653
1.15289
0.247478
1.07404
3.7209
1.52613
0.187541
0.791509
1.01923
0.21225
0.25668
0.91977
1.44884
0.5027
0.942265
0.598084
0.988149
0.177635
1.4737
1.00625
1.31364
0.674837
1.04008
1.50283
1.16338
0.228006
0.83997
0.653623
0.559269
0.646361
1.24746
0.547423
0.679801
0.153073
0.144754
2.19842
0.994143
1.06037
0.622599
0.337536
0.826805
0.617921
1.07351
1.61049
1.02185
0.105747
0.914766
1.21063
1.40082
0.419075
0.969594
3.38399
0.495641
1.24246
0.51079
1.2495
0.304898
1.1
0.524965
0.323807
1.16766
0.764566
1.7389
0.5076
0.61086
0.225832
5.78921
0.0786555
1.71532
0.620061
0.916353
0.475061
1.13863
2.24306
0.452345
1.16345
1.1808
2.53329
0.259065
1.19205
0.271484
1.46506
1.04923
0.649875
0.306662
0.518452
0.53805
1.78235
0.443481
0.519831
1.48152
2.38082
1.15095
0.238022
0.393291
0.207698
1.02426
0.406013
0.843063
1.57383
1.5404
0.755705
0.99207
1.02777
0.851621
1.88461
0.751993
2.06037
1.23529
0.758807
1.58873
3.23029
0.337079
1.81203
0.208287
1.04559
0.207449
0.753826
2.10235
0.746193
0.442999
0.795622
0.374005
0.762204
2.47392
1.23729
0.529159
0.840458
1.01882
0.214532
1.27302
0.262173
1.22329
0.678174
0.993271
2.03204
0.5861
1.43858
0.861557
1.74642
1.45619
1.03284
0.329918
0.273504
1.25823
2.21341
1.09592
1.11361
0.306953
0.813267
0.594748
2.48716
0.995795
0.603081
0.564745
0.391165
0.516798
0.587224
0.567228
0.739498
1.34902
1.29734
0.453695
0.626544
0.317517
0.868897
0.659242
1.62184
0.965813
0.626189
0.650011
0.680542
0.803267
0.493091
0.348959
1.16557
1.65615
1.74655
1.34594
0.957105
1.50143
0.868831
1.1386
1.35088
1.35364
0.986525
1.46387
0.705711
0.344172
0.888974
0.500832
0.684354
0.4517
0.561885
0.125773
1.4865
3.14686
0.623588
0.688042
0.316725
0.402168
0.195536
0.560552
0.267099
1.89352
0.146047
0.85306
0.18077
0.470393
0.104337
0.948293
0.192516
0.19042
0.249669
1.13497
0.70211
1.28062
0.962782
0.830053
2.83778
0.610826
0.0884746
2.33488
1.74267
0.501698
2.17844
0.303931
0.721771
2.4134
0.738057
0.985597
0.832083
0.180795
1.50659
0.843471
0.826753
1.06098
0.51306
0.468069
1.04289
0.211721
2.70891
1.45945
0.611743
0.787962
2.43969
0.766993
0.479638
0.268727
0.280865
1.88905
1.48096
1.16652
0.165341
0.906308
1.08224
1.96571
1.00035
0.766481
2.60243
1.61173
0.113577
0.0610237
0.179752
1.54798
0.191309
0.580591
1.79344
1.30119
0.833548
4.65073
0.8766
0.785597
0.954901
0.519647
1.40097
0.762386
1.22454
0.827997
2.14789
1.65463
1.42239
1.26253
0.929099
0.530231
0.380043
0.148316
0.722855
1.50642
2.13575
0.756795
1.81723
2.10107
1.03996
0.572283
0.808828
0.542122
0.492061
0.576806
1.41084
0.705479
0.52603
0.661174
0.489488
1.1262
0.598437
0.419456
1.31866
0.208458
3.25242
0.385336
2.86956
1.23261
0.751144
0.7209
0.587815
1.52151
1.1961
0.830047
1.09794
0.788551
0.455918
0.421234
0.167003
0.592321
0.678774
1.638
0.548537
0.966306
0.795217
0.719866
0.459343
1.87411
1.5542
0.519084
0.52884
0.296368
1.59495
0.173356
0.810072
1.06081
0.961961
0.385786
4.09379
0.794157
1.55199
0.969788
2.90839
1.19111
2.63672
2.08817
0.921595
0.935022
1.34094
0.115397
1.12619
0.177244
0.554582
0.694367
1.22724
1.12587
2.16187
1.33132
0.62207
1.35611
0.464618
2.50223
0.961373
1.02662
1.09222
0.287727
0.98172
1.01347
1.0718
1.20161
0.643375
1.02096
0.523671
0.729694
0.360932
0.609751
0.44209
1.29644
0.821771
0.775851
2.19216
0.472552
0.756264
0.590143
0.201674
1.26971
1.07875
0.482697
0.38066
1.59429
0.352154
1.04351
0.949537
0.707729
0.569414
0.240368
1.09124
0.742884
0.773431
1.25404
1.57531
0.752009
1.84032
1.67403
0.951974
0.257083
1.67562
0.180211
1.38991
0.626374
0.507235
0.594041
0.388989
1.13003
0.550582
0.0627226
0.629333
0.609692
0.465147
0.318494
0.205982
0.550577
0.977664
0.408072
0.40081
2.96572
0.699546
0.237303
0.747478
1.11414
2.12697
1.99457
0.465758
0.538072
1.38428
0.400216
2.64947
1.71154
1.02343
1.35921
0.61228
0.575392
0.759325
0.510785
1.97205
0.338853
1.1243
0.492697
0.816511
0.78583
0.202824
1.20495
0.933255
1.23868
1.31879
0.214301
0.954579
0.256481
0.406657
0.684168
1.12958
0.163434
1.36476
0.623651
0.811277
0.432306
0.604826
2.52404
0.419259
0.546923
1.6437
1.00455
0.466757
0.641814
1.71861
0.203707
0.201103
3.39858
0.372194
0.400813
1.2785
0.632007
1.80878
0.928089
0.536677
0.836398
1.63773
1.22877
1.48576
0.337002
1.22521
2.53775
1.33297
0.854223
0.930838
1.81638
0.605404
1.34341
0.784367
1.45071
0.333762
2.12482
0.259066
0.628513
1.38097
0.810296
0.372602
1.43485
2.36783
0.512373
0.400383
0.555115
0.691135
0.574846
0.497434
5.07836
0.840083
0.278818
1.00889
0.323033
0.966199
3.12678
0.729553
1.51027
0.796389
0.294006
0.630894
0.314653
0.279079
0.376909
1.25765
0.87366
0.614801
0.923001
0.408687
1.12015
1.18132
0.770556
0.415728
3.11231
0.592509
1.09368
1.35378
0.373211
0.454553
0.945894
0.127064
1.03637
0.518572
1.09318
1.42314
0.736498
0.593395
1.01993
0.391036
0.535953
0.494955
1.22121
1.13768
0.998782
0.610636
1.7236
1.32334
0.910952
0.349368
0.698216
1.42737
0.911045
1.31407
2.78788
0.119316
0.518219
0.865083
0.0665022
0.914056
0.840865
0.475698
1.02507
0.427261
0.300741
2.22771
1.45596
1.26193
1.39708
0.841198
0.829429
1.39543
0.366565
0.826304
0.512277
0.79811
0.61519
0.939815
0.668402
0.707212
0.972122
1.48342
0.94475
1.17612
0.543008
0.434247
0.445062
1.70899
0.199215
0.301431
0.517066
1.62701
1.06802
0.461522
2.03097
0.258957
1.45474
0.445721
1.12263
1.12335
0.523477
0.572709
1.39292
0.124742
0.331447
0.631482
0.726332
0.118052
2.79666
0.92817
0.472332
1.97494
1.53539
0.439594
1.03256
1.02404
0.872551
0.887055
1.11615
0.905913
0.558463
1.50133
1.4366
0.211905
0.174412
0.734056
1.28216
0.136801
2.01588
1.61148
0.381014
0.272806
0.562517
1.13483
0.331101
2.01486
0.14252
2.67166
0.693162
0.859485
0.150789
1.17112
1.1903
0.397603
0.485684
1.04289
0.445629
0.717082
1.01506
1.14465
0.960788
0.421907
0.853032
1.23008
0.871901
2.07393
0.517419
0.57635
0.0908294
0.780833
0.624774
0.457325
1.24219
0.91511
0.414025
0.694004
0.291881
0.59467
0.562902
0.3171
2.80042
1.22821
0.507461
1.49786
0.963375
0.462119
0.785618
1.17518
0.603582
0.95834
1.16435
0.58874
1.96217
0.555115
0.428467
0.278219
1.26476
1.71697
1.19478
0.256425
0.828574
1.43457
0.685306
0.313434
0.266438
0.916487
1.04024
0.623911
0.68609
0.398476
0.902512
0.934089
0.998211
0.420061
0.691653
0.603244
0.672963
1.62361
0.710527
0.47128
0.990374
0.248283
0.721643
0.767313
0.453926
1.74965
0.689991
0.857237
0.921066
0.431701
0.193461
1.11602
0.695097
4.20892
1.2567
0.110332
1.4178
0.529311
0.301287
1.59702
3.26954
0.662456
2.20632
0.798616
0.899894
2.3529
1.11488
2.52918
0.648415
0.775045
1.10514
0.643853
0.405003
1.34531
0.74921
0.929339
0.770365
1.10538
0.124509
1.78032
0.621568
0.659002
0.5668
0.243629
1.17134
2.43265
1.19742
0.269399
0.617531
0.131613
1.21543
1.3759
0.444995
0.881984
1.1601
0.460186
1.14696
0.506886
0.515833
1.69464
0.475026
1.51704
1.20901
0.215691
0.507696
1.47665
0.254411
0.867046
0.704132
0.989762
1.53688
0.455311
3.11574
0.671984
2.0008
1.52082
0.0402511
1.19701
1.1927
0.306788
0.289711
0.295621
1.87792
0.156251
0.661581
0.882258
0.832788
1.36507
1.01941
0.663744
1.07584
0.503314
2.26567
1.12478
0.264679
1.1428
1.47122
0.730992
0.375151
0.398223
0.524301
2.01851
1.27551
1.97729
0.597692
0.406151
1.81102
0.549775
1.319
0.833546
0.516766
0.363759
0.259722
0.599544
0.722229
0.597561
1.88932
1.64554
0.704163
0.975234
0.323739
1.62011
1.37273
0.805798
0.686528
1.55459
0.496925
0.182663
1.26015
0.157155
1.24469
0.0364923
0.913625
0.715294
3.01042
1.28093
0.663849
0.946186
0.601297
1.87813
0.732832
1.17633
0.465521
0.516473
0.721507
0.109577
0.582766
0.585944
0.418364
0.806998
1.1962
0.442116
0.272684
1.2695
1.23782
1.53461
1.44466
1.51939
1.16883
0.166355
1.18751
1.13884
0.273048
1.05912
0.282648
1.22076
0.153777
0.354155
0.328947
1.90243
0.403272
0.211197
0.165272
0.767074
0.687971
0.548855
0.630277
0.375633
0.61597
0.640421
2.41063
0.921082
0.435588
0.20244
0.736657
0.126795
0.398397
1.06838
0.342661
0.428904
2.39495
1.0121
0.179031
1.65807
0.656604
0.919736
0.325466
0.219321
0.597555
2.41029
1.27171
1.21163
0.414738
0.518915
0.281373
2.08789
0.13029
0.600861
0.0941645
1.64148
0.750059
0.682054
0.613529
0.509689
0.129797
1.23655
0.667373
1.48174
0.410826
1.29031
1.07886
0.0835458
0.854724
0.503821
0.297151
0.847509
0.322395
0.781811
0.838237
2.37764
2.18743
0.628053
0.920409
0.790501
1.20649
1.22036
1.00397
0.963881
2.04384
0.219741
0.76828
1.33562
0.330043
0.256221
0.650255
1.42739
0.501395
0.274421
2.33399
2.06581
3.40835
1.34211
1.77986
0.470328
0.133739
1.43904
1.05793
0.148196
0.692458
0.172343
1.08196
1.24565
0.216994
1.08341
0.563927
2.01113
0.46052
0.581547
0.689357
0.832035
0.561969
0.402177
1.46706
2.2982
0.479444
0.284043
1.39461
1.20432
1.11604
0.877165
0.506011
0.261032
1.17389
1.59618
1.67463
0.622004
1.0113
1.34397
1.46524
1.18032
1.01769
0.41596
0.766372
2.4483
1.39316
0.898876
0.221227
0.165457
1.04649
0.770064
1.43799
0.520087
2.45985
2.21054
0.145992
0.102211
1.21617
0.757806
2.31653
0.780473
0.289235
0.784263
1.59571
0.901804
2.2564
0.790416
1.35387
0.166689
2.21498
0.624946
1.98702
0.872919
1.56141
0.170611
2.27627
0.949525
1.94528
0.751976
1.17097
1.49297
0.704637
0.550971
1.94858
0.285027
0.829992
0.737837
0.32
0.911779
1.81549
0.581183
2.32384
0.950854
2.75073
0.476909
2.11581
0.637764
1.47398
1.01093
1.97912
1.80521
0.614157
0.240692
0.85133
0.397999
0.415791
1.05076
1.54545
1.0015
0.486827
0.853351
0.674092
0.324653
1.13444
2.32077
0.314913
0.807341
1.49824
2.4319
1.55067
0.725813
1.32936
1.05297
1.61859
0.685516
1.29245
0.750703
0.550096
2.94968
0.606488
0.214071
0.307819
0.4799
0.682391
1.09247
1.6692
0.656427
0.953535
0.885046
0.385982
1.62249
2.94501
0.804494
0.887703
1.24006
0.198668
2.8219
2.99681
0.361402
0.478554
1.67392
1.56257
0.643794
0.904462
0.95429
1.20757
0.995533
1.7327
0.21453
1.59488
2.81081
2.64329
0.436757
0.306191
1.43996
0.255742
1.60933
1.79907
1.58971
0.67637
0.880869
0.475861
0.355406
0.915097
0.410038
0.600822
0.789225
1.52506
0.73269
0.145192
0.361662
1.43855
0.3543
0.882566
0.598199
1.27398
0.724867
0.762012
0.577318
0.751599
2.42928
0.554139
0.337647
0.341065
1.18238
0.216211
1.34496
0.14934
1.44878
0.321385
0.238749
2.66746
0.813803
0.598313
0.790337
1.19919
0.19261
0.472148
1.41809
1.17279
0.774834
0.584689
1.18518
0.644263
1.57607
0.850387
1.29553
0.644482
2.33825
0.473968
0.326199
0.75088
1.27356
0.489532
1.54845
1.38211
0.13333
1.30336
1.5991
1.76956
1.8663
1.16214
0.777796
0.938164
0.818587
1.39896
0.910666
0.596104
0.449945
0.426694
0.604443
2.10796
0.929501
0.879483
0.311071
1.88715
0.203831
0.443539
2.07996
0.888296
1.67393
2.48848
1.75736
0.278628
2.17719
0.595155
0.820692
0.0776319
0.428175
0.726545
0.782704
1.3026
0.51624
1.15716
1.14734
1.29499
1.10368
0.661261
2.76502
1.14246
0.232754
0.298632
2.3715
1.0923
0.66787
0.658196
0.0994829
0.918992
0.197497
0.718186
1.62335
0.754519
0.89185
0.56625
1.14918
1.73366
0.530104
1.87614
0.892269
1.34265
1.20884
1.53173
0.596732
0.397073
2.95902
1.01658
0.485615
0.814571
3.05246
2.24127
0.444993
0.422346
0.457321
0.495625
1.21462
0.536739
0.698793
1.59342
2.63334
0.867666
2.01798
1.39008
1.20216
1.46107
1.86497
0.257625
1.70401
0.791057
1.3841
0.459977
0.844858
0.406755
0.784103
0.596947
0.638665
2.0145
0.575357
0.400034
1.04822
1.99691
0.750831
1.5977
0.82672
0.400196
0.157679
0.410617
0.219155
1.30945
1.24131
3.03515
1.56074
1.46369
0.979571
0.363197
2.7196
1.41626
0.306891
2.5776
1.00672
1.52805
0.971756
0.644242
1.00336
0.949794
0.466395
0.668735
1.39882
1.71356
0.923087
0.403652
1.12037
0.694301
3.36556
1.54559
1.17362
0.145231
2.41223
1.98421
1.06927
0.600402
1.24659
1.99933
0.33168
1.55815
0.916649
1.21266
1.74629
1.08992
0.322759
0.498814
0.275991
0.804556
0.841446
1.46956
1.24845
0.166744
2.12988
1.85874
0.156912
0.743773
1.00995
0.40312
0.269651
0.592046
0.939181
0.177411
0.427786
0.787097
1.24866
0.60255
0.609887
0.220677
0.629555
0.417433
0.849108
0.699064
3.06986
1.20581
0.686706
2.16676
2.32466
0.678142
1.51661
1.98588
1.11405
1.26487
0.391722
2.02981
0.259246
0.209912
0.804763
0.750742
0.790274
0.750932
0.34843
1.3109
1.2737
0.810814
1.32693
1.68786
0.810327
0.881938
1.33383
1.9757
0.988414
1.56642
2.23532
1.06935
0.149155
1.04131
0.186157
1.32944
1.34584
0.591224
1.56677
0.988017
0.62046
0.962237
1.16882
0.665563
0.254501
0.910667
0.624323
1.27001
0.601296
1.20511
3.21855
0.565066
0.244261
2.3251
0.131563
0.403176
0.642827
0.733837
1.26878
0.0929352
0.65163
0.53375
0.96679
2.29392
0.438255
1.35493
0.814504
0.45767
0.384959
1.57994
0.245244
0.696918
2.49888
0.67635
2.64106
2.71625
0.230446
0.698527
0.459665
0.432506
1.5871
1.12581
1.5054
1.45819
0.785981
0.937748
1.22149
0.774723
1.00736
1.56892
0.378797
0.418548
2.03604
0.562705
0.685837
2.43904
0.373476
0.64964
1.10669
0.93255
0.715917
0.252392
1.66164
1.9569
0.953617
0.685237
0.976832
0.989674
0.906497
0.774475
0.845951
2.11883
1.24729
0.643185
0.387937
0.50767
1.53408
0.550539
0.188453
0.353105
0.853912
1.24136
0.637278
0.2582
0.922008
1.16904
0.42063
0.589209
1.37528
0.813715
0.641041
2.91574
1.30974
1.92945
1.04764
2.01743
0.919654
0.767373
0.565868
0.47952
1.18294
1.32382
0.737109
0.11397
1.58389
1.06427
4.10128
0.208233
0.763507
1.43917
0.968274
0.259599
0.781482
0.780165
0.317352
0.965106
0.920801
0.976544
1.27709
0.666511
1.11867
2.33425
1.0256
2.69011
0.32894
1.13513
1.50766
0.482076
0.510047
1.53786
1.56679
0.888109
0.165831
1.32649
0.520694
0.67677
0.600378
2.26703
1.53844
0.926412
1.2805
0.594192
0.281544
0.663452
0.536675
0.430299
1.8455
1.46213
0.454244
1.77868
1.43211
0.152558
0.431681
0.551192
0.414553
1.57134
1.53926
0.440003
0.224866
0.0206985
0.599049
0.354109
0.892361
0.342532
1.04199
1.36505
0.495866
0.0604362
0.392141
0.492627
0.460128
0.75034
0.363699
0.0863198
1.21255
1.67948
0.435697
0.611682
0.847722
1.95851
0.454647
0.765019
0.65311
0.695957
0.939237
0.297577
0.96388
1.42904
0.491415
0.836307
1.69471
1.0373
0.19887
0.290072
0.231059
0.261391
1.60712
0.720378
0.335128
0.824655
0.652463
0.52842
0.836638
0.231948
0.340438
0.179236
0.21356
1.26989
1.8222
0.705148
0.971946
0.341659
0.590519
2.53799
0.984865
0.212205
0.124079
3.19806
1.73128
0.634863
3.02408
0.478155
0.394913
2.43299
0.262845
0.686309
0.811903
1.11601
0.643739
1.05662
1.34381
0.324162
3.12447
0.675464
1.28153
0.559782
1.64222
0.151195
1.16613
2.17889
2.11154
0.194787
0.194119
0.467852
1.10984
0.245122
0.554403
1.10907
0.222782
0.523141
1.42785
0.673966
1.32479
0.746124
0.563161
1.3523
0.345656
0.0694991
0.488042
0.20724
0.247616
2.05327
0.782892
1.53484
0.727525
0.816883
0.560207
1.50488
1.79323
0.29183
1.96349
1.18009
1.35579
0.830763
1.3342
1.55041
0.778421
0.707292
1.4377
1.55922
0.487564
1.31544
0.980443
0.642736
0.791432
2.16052
1.63853
1.44534
0.66543
0.999943
0.129393
1.08737
0.132751
1.28084
0.334927
1.77219
0.834715
0.963702
0.548317
0.229193
0.330189
0.85363
0.365821
0.430934
1.70946
0.530356
0.097635
1.25669
1.57004
0.704067
0.563662
1.63666
0.675482
1.38483
0.13033
1.35134
0.105602
0.478399
1.70577
1.86648
1.06584
1.13763
0.512684
0.383246
1.23784
1.60496
0.361789
0.470287
1.39816
2.35224
0.579593
1.01962
0.624066
1.94459
1.09907
2.94591
0.483919
2.13939
0.177132
4.17262
1.51698
0.366641
2.31787
0.956092
0.430611
0.351652
2.5618
0.632624
0.740336
0.272063
0.751391
2.41536
1.54281
1.01263
0.41792
0.123165
0.191307
0.73939
1.18034
1.51077
0.890887
0.787516
1.66972
0.335727
1.99881
1.27439
0.122643
1.57193
0.724901
1.04996
0.794196
0.521151
0.849495
0.342239
0.572913
1.22105
1.27702
0.205955
0.835257
0.661228
0.399818
0.637312
0.930048
0.513273
0.48353
0.715012
0.0483093
3.13294
0.483861
1.38238
0.46551
0.0687102
0.580496
1.01125
0.318739
1.4472
1.0377
0.268487
1.54315
0.997482
0.545857
1.89352
1.91305
1.82759
1.13814
0.885731
0.679756
1.86054
0.863973
1.59781
0.844669
0.27549
0.829239
0.561737
1.38871
0.266477
0.818307
0.67659
1.24848
1.05875
0.457693
0.798666
0.79716
0.698928
2.41843
0.574203
0.386795
1.56073
0.487
1.12092
0.7626
0.295612
1.75283
0.879967
0.875644
0.305254
0.288251
1.57717
1.96615
0.271195
1.13886
1.1909
1.64077
1.08074
1.45342
2.55963
0.489294
0.532991
1.27255
0.604257
1.56332
0.729502
0.115462
0.409772
1.84752
0.912019
0.672137
3.16489
0.289839
0.0942785
0.704076
0.332257
0.0394358
0.649985
1.81017
0.452889
1.00791
0.770171
1.03745
0.369854
0.455056
1.36866
0.591125
0.362057
0.260026
1.57726
0.713435
0.137611
2.4473
0.974921
0.374713
1.25486
0.20526
0.10464
0.694313
2.23237
0.836218
0.701259
0.694328
1.58101
1.55959
1.55196
0.210785
0.741365
1.19685
1.27713
0.127349
1.2568
1.26205
0.672443
1.28249
0.513558
2.39624
2.02323
0.811251
1.28465
1.4608
0.331709
1.16234
0.453612
0.575582
0.435135
1.00907
0.91929
0.86396
0.752618
0.93218
2.40027
1.67272
0.829514
0.101133
0.598101
0.174577
0.72924
0.497725
0.225633
0.912726
0.454904
0.618688
1.7468
0.97432
0.697106
0.69524
0.863499
1.20982
1.62905
0.752156
1.27257
2.0397
0.64916
0.458888
0.569796
2.38787
1.7627
0.289524
0.4298
0.704758
0.090804
0.499634
0.706881
0.821781
0.544207
1.51344
1.31137
0.530037
1.04303
0.129777
0.734491
1.40567
0.46839
1.00675
1.0511
0.879379
1.84537
0.757863
0.159606
0.768303
0.268771
0.581626
0.248813
0.721194
0.878838
1.43915
0.87221
2.39929
1.28607
4.26886
1.95324
0.843369
0.338001
1.30032
0.953941
1.34886
1.13698
2.28461
0.667686
0.639816
0.5468
1.10813
0.334312
0.226714
0.568398
0.34271
1.70307
0.637749
1.13373
0.670316
0.565073
0.207736
0.580847
0.711948
3.0248
1.36257
0.666556
1.46991
0.521575
1.72345
1.29137
0.657098
1.10394
0.523961
1.12143
1.48368
0.793029
1.46808
1.5941
0.189596
0.213378
0.427947
2.63432
0.363813
2.4993
0.642535
0.302065
0.688862
0.230891
2.15062
0.875793
2.23888
1.87973
1.53506
0.58651
1.5588
0.696847
0.851454
0.518674
2.51262
0.299275
0.776155
2.56718
0.107538
0.510165
1.30098
0.17368
0.747625
0.247563
0.583202
0.609405
0.583801
1.69978
1.66743
1.68266
1.63957
1.04718
1.41553
1.14878
1.10758
1.97778
0.753766
0.0615803
0.205844
1.31963
0.335702
0.76129
0.42185
1.38352
1.48335
0.138024
1.09828
0.36834
1.92784
0.79349
2.53237
0.179722
0.486015
0.506837
1.31679
0.303181
0.571392
1.00253
0.794443
0.970865
2.43547
0.596297
1.04597
1.1018
1.94456
1.18918
0.504196
1.05751
1.90575
2.76499
0.926677
1.12449
0.676118
0.196885
0.351332
0.716681
0.301058
0.244251
1.14493
0.400682
1.68002
0.378654
0.321303
1.14796
0.454418
1.50022
0.59078
0.653426
0.877236
2.83078
1.62905
0.301603
0.387308
0.14996
0.546818
0.32547
1.43375
0.760738
0.931577
0.315535
1.26577
1.62312
0.498463
0.802971
1.53098
1.4128
1.03561
0.467896
3.15437
1.08461
0.24792
0.293483
1.36529
1.53587
2.29723
1.73819
0.175039
1.68202
1.14512
1.37336
0.902065
0.5581
2.19436
0.234535
1.77304
0.725779
0.51214
0.305135
1.44844
1.89581
0.660885
0.104907
1.05434
1.79741
1.49246
1.25525
0.939177
0.665645
1.55221
0.808555
0.889625
0.914933
1.58573
1.61103
0.591671
0.719176
0.846547
2.14242
2.11094
2.58329
0.702914
0.787045
0.406487
0.758044
0.520618
0.546626
0.517983
0.505987
0.474599
0.809263
1.23844
0.447966
0.257092
0.514964
1.37671
0.745774
0.2143
0.689694
0.301231
1.46424
0.821122
0.331832
0.94757
1.92192
0.615049
1.83592
0.436796
0.97851
0.342088
1.53457
1.60573
0.351598
1.64176
0.879459
0.696268
0.447614
1.76255
1.37829
0.836762
0.169081
1.00785
0.328098
0.18996
0.459919
1.92181
1.12242
0.805402
1.30165
0.479982
0.351169
1.89237
0.624322
1.22438
1.67741
0.833933
0.0461759
0.719227
1.16719
1.08103
1.91861
1.10988
0.156919
0.400313
0.296058
0.267556
0.818014
0.30043
0.133602
1.95577
0.839524
0.661213
0.424577
0.249459
0.518013
1.72181
1.16998
1.54197
0.511361
0.551819
0.550558
0.540656
0.303905
0.506909
0.331489
0.801551
0.411391
0.934502
0.231219
0.631373
0.745776
1.44904
1.1177
0.146483
0.409085
3.66642
1.61747
0.638796
1.62065
2.00701
1.22454
0.0823291
0.496136
0.6065
3.33573
0.118167
0.868966
2.00026
0.464793
1.64048
0.693317
0.432208
1.31592
1.31896
0.685325
0.539256
0.722082
0.882352
1.71731
0.581486
0.940658
0.647102
1.24677
1.07032
0.630859
4.27021
0.991698
1.46792
0.681028
0.741028
0.896142
1.22079
1.4424
0.48369
0.628147
0.421052
0.697109
0.972948
0.163563
0.496513
2.04117
0.719426
1.16458
2.30788
1.12353
0.479612
0.200327
0.365812
0.752172
0.507347
1.55515
0.812726
0.116394
2.5253
1.64997
0.328039
0.621235
2.13589
1.80815
0.45591
0.470795
0.220823
0.177204
2.59736
0.64122
0.77312
0.437453
0.377059
0.587494
0.639067
0.201233
1.19469
0.597892
1.1143
0.222567
0.56949
0.779635
3.46177
1.5719
0.36947
0.640006
1.17689
0.434522
2.13612
0.88957
0.614204
0.499709
2.80737
1.18261
3.26526
0.368489
0.908207
0.21598
0.764042
1.09633
0.0446834
1.86052
0.149072
0.698255
2.34973
1.49336
1.13355
0.258043
0.661744
0.378236
0.668836
1.89789
0.713963
0.51368
0.299113
0.784171
0.932385
0.0935292
0.150296
0.248673
0.675376
1.84307
1.2666
0.868688
1.10484
2.31945
0.857094
0.635454
1.34909
0.425893
0.425164
1.3981
0.41518
1.60618
0.99392
0.947982
0.545106
0.585545
0.757256
1.74748
1.2024
1.29482
0.60796
0.480803
0.440269
0.82139
1.25674
1.59326
1.14239
1.16272
0.247124
0.211134
0.894013
0.622864
1.28519
1.31746
1.01259
1.15302
0.360252
1.04979
1.62751
0.673644
1.12609
1.86325
0.990401
0.641768
1.71274
0.709306
1.33638
1.44446
1.52617
1.92876
0.601757
0.0685134
1.26441
0.433952
0.268073
1.2674
1.262
0.412445
0.662578
2.78694
0.317821
1.40649
0.351294
1.42861
0.760206
0.598676
1.2824
1.33398
1.42131
0.80529
0.278946
0.797676
0.650591
1.10704
2.28736
0.163882
0.35114
1.09056
1.85931
1.56133
1.71198
0.336502
1.33051
0.500681
2.56094
0.354527
0.368066
1.04218
0.403419
0.0569026
0.676317
1.16711
0.135734
0.367326
0.406953
0.306379
2.06192
1.29031
0.562647
0.646901
0.957398
0.431903
0.45226
0.217009
1.24686
0.882241
1.53687
1.7626
1.08738
0.549251
0.970005
0.79589
0.114686
0.893135
0.612292
0.204481
1.99654
0.515481
1.10137
0.691674
1.2869
0.594747
0.873569
0.228882
0.547772
2.65738
1.93932
0.483259
1.40709
0.180175
0.324791
1.51831
2.94207
0.997736
0.89991
0.373906
0.838172
0.531978
0.194287
0.212328
1.49975
1.85408
1.36819
0.963673
1.20599
1.25438
0.392343
0.517579
0.648388
1.16889
1.41668
1.71587
0.87361
0.968094
1.57572
0.52364
0.587398
0.334556
0.133054
0.634633
0.453208
2.06468
1.20486
0.829674
0.705583
1.28631
1.27761
0.704532
0.545262
0.216817
1.89142
0.45944
0.778433
1.03365
0.695383
1.03073
1.94223
0.874636
0.252838
2.03774
0.586666
0.566117
0.537785
0.393151
2.80742
1.40129
0.856658
0.460798
0.840244
1.15432
0.500558
0.118984
1.73961
0.50645
1.78797
0.310492
1.14261
0.733336
0.378822
0.8379
1.64297
0.592634
0.916132
0.501651
1.58949
1.17568
3.53039
0.642396
0.207686
0.049687
1.30134
1.67153
2.42492
0.143253
0.185364
1.13514
0.400985
2.01713
0.808075
1.20447
0.575234
1.55866
0.344449
0.555552
0.59922
0.778555
1.03042
1.69361
1.46453
0.440222
0.663334
0.692625
1.61745
0.864343
2.65344
0.166001
0.477401
0.940697
0.279482
0.960497
0.64551
0.798795
0.22369
0.620792
1.04655
0.518896
0.16919
2.09935
1.12007
0.714984
1.69801
0.881296
0.54991
1.28045
2.51227
0.545052
0.130116
0.294871
0.692752
1.07684
0.665604
5.32843
1.47979
1.72928
0.773439
1.62035
2.26769
3.15414
0.233392
0.604677
0.930093
1.66029
0.334892
2.74657
1.78259
1.04671
0.485553
0.427743
0.668391
1.15859
0.620273
0.410758
0.533974
1.06592
0.396793
2.03349
0.916637
2.66617
0.516619
1.04948
0.677742
0.772968
1.96047
0.912704
1.39846
0.59014
0.586121
1.14237
0.502272
0.257023
0.795026
0.488472
1.41398
1.46851
0.353841
0.22348
1.41426
1.27262
0.314641
0.734796
1.21312
0.178848
0.304358
0.716968
1.30711
1.00676
1.01739
0.167989
1.694
0.62171
1.07183
1.13046
1.13797
0.165527
1.63439
0.77678
2.07795
0.828243
1.6611
0.534754
1.79135
1.90435
1.16326
2.00951
0.422999
0.992103
1.18464
3.0685
2.73078
1.65133
0.141555
0.862874
2.4354
0.938551
0.661406
0.63829
1.8193
0.541234
0.472299
0.360201
0.558151
2.4937
0.648207
0.664449
0.814053
1.64584
1.17671
0.357837
0.447112
0.731492
0.113885
0.163931
0.672234
0.257498
1.38898
0.441445
0.0420573
1.28117
0.881124
0.584578
0.660909
1.77306
1.22439
0.626643
0.735174
1.36307
0.289852
0.795415
1.01356
1.04748
1.90175
0.291461
0.797244
0.607342
2.4098
1.62832
0.483095
0.332762
0.751411
0.710719
0.275252
1.94646
0.181549
0.636399
0.569271
0.809176
1.51497
0.712456
0.179498
2.10849
0.241549
1.33945
0.369515
1.60264
0.293531
0.590899
0.427436
0.368361
0.67129
0.26227
1.9178
0.462904
0.302627
0.817579
0.494439
0.76131
0.930106
0.811788
0.658013
0.142636
3.07498
1.49348
0.276282
1.09638
0.622131
0.505457
2.34782
1.21583
1.62673
0.25839
1.95194
0.370682
0.380145
0.366929
0.845137
0.464442
1.14252
1.24353
1.26655
0.0788519
0.333555
1.23084
1.30853
1.86834
0.522666
2.22815
0.719916
0.564283
0.367621
1.25918
0.69167
1.43836
2.03426
1.8423
0.947177
0.508733
2.26738
0.152354
0.61802
1.83863
0.634448
0.661783
0.584237
0.657068
0.396284
3.26228
0.114745
0.505196
0.167212
0.201976
1.30481
1.05312
0.217171
1.6325
1.06202
0.945215
2.21838
1.11839
1.78517
0.518365
2.67666
0.293411
0.121493
1.49229
1.52524
0.930935
2.01509
0.530035
1.29657
0.483472
0.37559
0.0970445
0.359958
0.34745
0.474269
1.82648
0.586131
0.70352
0.391301
0.688191
0.978672
1.78051
0.856772
0.813143
0.339583
1.528
0.828212
0.207306
0.270849
0.448278
1.66484
1.19303
0.686395
0.304782
1.40932
0.485946
1.61691
0.930025
0.424572
1.38395
1.01332
0.497653
0.461924
0.862718
0.169596
0.337388
0.194376
1.20055
1.33529
1.18064
0.528783
0.479731
1.20595
0.332913
1.99624
0.416475
1.25365
1.0736
0.134091
1.99045
0.427992
1.15724
0.489802
0.582052
1.02204
0.096248
1.22557
0.524663
1.32204
0.856847
0.403539
0.785128
1.70757
2.26077
0.969994
0.634781
0.517222
1.18827
2.60548
0.457672
1.21004
1.86761
1.04345
1.51936
0.651681
0.133205
0.116646
0.659533
0.96893
1.79187
1.43183
1.08877
0.282278
0.862515
0.737897
0.420369
1.38044
1.27939
0.225371
1.90228
0.788699
0.350715
0.466946
2.04393
1.34011
1.8909
1.52023
1.8496
1.72696
0.81233
1.05652
1.722
0.487134
0.0672233
0.317034
2.76229
0.64478
0.119614
2.63804
0.305604
1.54111
0.925595
1.16739
0.392306
2.41013
0.704002
2.24149
0.846306
2.77588
0.862834
2.87269
0.131796
0.180939
0.966248
0.297113
2.52894
0.455636
0.0540325
0.761348
0.981639
0.713102
0.685361
1.24855
0.151403
1.17076
0.404304
2.38063
0.733503
1.7152
1.45937
2.48062
0.874641
1.09591
0.258179
1.04895
0.178823
1.43601
0.946344
0.706029
0.796597
0.572113
0.744591
0.369879
1.88734
0.446606
1.41027
1.22937
0.464187
0.330897
1.28754
1.05912
0.918742
0.840722
2.65228
0.549889
0.555173
0.817872
1.74726
2.31889
0.796824
3.05335
0.310651
1.71528
0.300521
1.22533
0.225508
1.00182
0.921042
1.23481
0.344525
1.17736
1.38582
0.509811
0.99023
0.16326
0.665397
0.908703
1.093
1.16491
2.38109
1.13279
1.80197
1.27651
1.30016
1.01039
1.00641
0.330617
3.79123
2.36851
0.430309
0.448854
1.56762
0.720236
0.330503
1.64956
1.55454
0.6748
1.4505
0.0478401
0.556629
0.186483
1.1672
1.64509
1.01019
1.20926
0.959784
0.228421
0.81119
0.342432
0.168083
2.6591
0.722122
0.196995
1.51601
1.18333
0.622924
0.761229
0.707716
0.390051
1.06525
0.18465
0.495267
2.00013
0.212323
0.317675
0.43151
1.55295
0.911728
0.738028
1.98004
1.28904
1.11074
1.16101
2.16082
0.950722
0.824069
1.75871
1.95062
1.55647
0.687522
2.38773
0.422354
0.919724
1.3518
0.231492
0.512234
0.443625
0.389532
0.508717
1.32105
0.783763
0.180709
1.32679
0.652112
0.738702
0.161506
0.504718
0.167946
1.31933
0.827141
0.330804
0.304319
1.23487
1.79806
0.513233
1.80959
0.546864
0.886529
0.608573
0.469155
2.73081
0.525532
0.286998
0.300408
0.818587
1.47626
2.20997
0.636036
0.689992
0.577623
1.60715
1.1057
0.161336
1.32227
0.0835463
2.40458
2.22846
0.386675
1.15238
2.13098
0.566133
2.21035
1.2429
0.538787
2.15231
0.0627266
0.46559
1.21259
1.40321
0.436346
0.949882
0.816121
0.880413
0.728065
1.99206
0.674296
0.53837
0.271388
1.89787
0.974007
1.3236
1.18416
0.871139
0.185236
0.815197
0.834437
1.12645
0.461381
2.08326
1.88055
0.256055
0.598928
0.0792953
0.937836
0.713764
1.72885
0.499668
1.96295
1.15804
2.12798
1.65956
1.4984
0.328428
0.401547
1.176
0.864206
1.82933
0.858137
0.508363
1.29934
0.345559
1.01589
0.743705
0.81242
2.01147
1.32589
0.839384
0.343867
0.621612
0.367337
0.839112
0.99443
0.175048
0.243198
1.01409
1.68461
0.365912
1.45601
1.36157
0.768497
1.13312
0.503386
0.774844
0.898936
2.23886
0.276377
1.66919
1.64493
0.5129
0.715624
0.684495
1.72069
0.816873
0.552365
0.447585
1.48241
0.84764
0.299757
0.174424
0.291118
0.248419
0.583751
0.397344
1.68407
0.368253
0.138314
1.86065
0.296047
0.193752
1.49523
0.704147
0.591805
2.26049
1.95046
1.02523
1.32644
0.426291
0.343291
2.69786
1.06355
0.578774
1.55919
0.784265
1.89483
1.1312
0.517396
0.940445
0.850886
1.68777
0.935383
0.218783
2.11565
0.989198
1.06975
1.21793
0.679931
0.236561
0.559527
0.290695
0.84703
0.185741
1.11495
0.171118
0.390547
1.79568
2.01082
0.173933
1.57173
0.282646
0.159345
0.408496
0.619314
0.33904
0.466038
1.12683
0.569132
1.34762
0.344029
0.520296
1.22325
1.33473
0.915154
0.657521
0.362869
2.18383
0.735381
0.460081
1.03739
2.55177
1.00634
0.976153
0.0539542
0.658611
0.38765
0.524488
3.43896
0.139238
0.250534
1.97936
1.67972
0.44515
1.99339
1.69878
0.0973602
1.05656
1.56494
0.723605
0.320835
0.902772
0.514964
0.132869
1.16588
0.726546
0.407679
0.731738
1.57781
1.05443
0.0228306
0.399308
0.384748
0.462029
0.76406
0.613281
1.27766
0.206655
1.43593
2.3608
1.02837
1.50092
0.0258638
0.662166
1.13418
0.156678
1.46291
0.729391
1.21577
0.375966
0.706098
1.01381
0.86252
0.726813
1.70876
0.605501
0.3489
1.70339
0.792661
0.567184
0.655937
0.566925
1.89664
0.793714
0.150284
0.912362
0.712083
0.307179
1.2259
0.686641
0.26126
0.361846
0.975114
1.68531
0.850626
1.30367
0.355649
1.00624
1.46359
2.17415
0.278462
2.15997
1.47735
1.24884
0.708579
1.52914
1.80092
2.1615
1.48009
0.561592
2.31075
1.18577
0.848212
0.744678
0.569881
0.47001
0.719174
2.16673
1.12109
1.25398
0.391529
0.220343
1.35955
0.894437
0.452846
0.330638
0.492316
1.85724
0.579104
1.11071
1.16384
0.999871
2.25709
1.21582
0.158082
1.15218
1.79179
0.401412
1.30971
0.708669
1.06379
1.40147
0.369607
2.89414
0.91407
2.25819
1.47453
1.07155
0.527834
1.13731
0.913982
0.506753
0.526458
2.36478
0.656095
0.873985
0.950947
1.61542
0.738421
0.0977847
1.90178
1.15691
0.144193
1.54804
0.366316
0.243061
0.0913651
0.616857
0.374752
0.426087
0.831367
0.368053
0.41352
0.304034
1.07763
0.605736
0.370329
1.26852
0.893458
0.110456
0.902295
0.222386
2.82997
1.00897
1.15549
0.724307
2.67865
0.355432
0.79577
0.351684
0.837795
1.11392
1.30369
1.05287
1.19206
1.52294
0.224253
0.569856
1.2255
1.35328
0.857919
1.23979
1.18737
0.537305
1.84527
2.09437
0.889364
0.96733
0.459988
0.79651
1.7625
0.674504
0.759421
0.407486
0.738865
0.544231
1.66773
1.19258
0.98879
1.25585
2.97268
0.688333
1.16809
1.26589
0.716627
0.437012
0.250703
1.62925
0.366264
3.12971
1.56212
0.142749
1.31255
1.42981
0.500301
1.71563
0.654235
1.85892
1.24854
0.688823
0.386643
2.04849
0.929177
1.11405
2.84343
1.3029
2.67144
1.05081
1.27283
2.4751
1.23548
0.161051
0.719158
1.58061
1.68346
0.130944
0.63661
0.745174
0.37787
0.901355
0.60458
1.62175
1.52944
2.40024
0.682995
0.0941204
0.341678
1.79226
2.81529
0.692205
0.323097
1.62963
0.732249
2.14448
0.19445
1.24708
0.287963
1.17058
0.699802
0.320333
0.614983
1.62908
1.09136
0.764343
1.58355
0.611298
0.187139
2.57802
0.758957
1.81513
1.63985
0.531806
1.26605
1.66232
1.04189
1.07965
1.0435
1.85621
1.20976
1.45686
1.64328
0.907058
0.351384
1.4479
0.0647739
1.16124
1.02685
0.338225
2.18363
1.316
1.76894
0.268589
0.195944
1.01678
0.578241
0.38918
0.678295
0.466128
1.07867
0.21472
0.259545
0.798533
0.653416
1.10507
2.52997
0.570321
2.09804
1.83978
2.09079
1.5596
0.0858635
0.280884
1.87436
0.67198
1.00152
2.0603
0.223369
0.947673
3.1663
0.26411
0.450712
1.53593
0.395365
0.213762
0.956825
0.601846
0.342077
0.558704
1.40012
0.814418
0.696859
0.872504
1.0834
0.800083
0.307423
0.914691
1.76814
0.81596
0.386895
0.405321
0.859152
0.260621
2.15367
1.33549
2.47435
0.439532
0.334496
0.70245
0.599804
0.877041
2.1935
0.613503
1.50102
0.744115
0.718105
1.07014
0.980035
3.04219
0.132274
0.136718
1.41782
0.323702
1.01257
0.73259
1.41171
0.967606
2.09559
0.80149
0.689257
2.12445
0.455936
1.76823
2.77698
2.5131
1.23686
0.182165
0.956459
0.26027
0.359565
0.512863
0.1437
0.644439
0.0328428
2.60967
0.985596
1.10923
0.937658
0.162568
2.60454
0.806879
0.727393
0.350986
1.35596
0.514924
0.65735
0.139698
1.0208
1.01901
0.13902
1.10623
0.661222
0.512573
1.48784
1.88512
0.883878
0.538577
2.58697
0.513923
0.604131
0.820414
1.5871
0.495186
1.31969
1.45531
1.28123
1.38827
0.641472
0.980663
0.357485
0.756627
1.32443
0.721644
0.0901733
0.293693
0.676725
1.44933
0.966822
1.24038
0.710761
0.878831
0.964503
0.399497
0.150702
2.63339
1.37325
1.17995
0.321131
0.885287
0.51625
0.213709
0.778665
0.853114
0.480324
0.356742
0.573131
1.59757
1.14357
0.453664
0.0845642
0.145113
0.662334
1.2779
2.02482
0.808949
0.346651
1.12976
0.685919
1.953
1.63506
0.283786
0.35845
0.573755
0.450604
1.92849
1.31627
1.15962
0.748276
3.48426
1.49439
0.732687
0.805206
0.174113
0.995509
0.26679
0.727359
1.30809
1.34466
0.509988
1.20284
1.21465
0.307261
1.27162
0.190921
1.60903
0.0953619
0.520662
0.413929
0.192743
0.969267
1.47875
1.24235
0.586933
0.596985
0.26779
0.900835
1.60957
1.44021
0.384542
0.879161
1.02341
0.57619
1.01816
0.839934
0.174499
1.35628
0.268975
0.963753
1.19684
0.730415
0.88901
2.81055
1.36884
0.991159
0.460666
1.47292
0.675728
0.902615
0.391185
0.812336
0.6587
2.50527
0.813714
0.265268
0.609331
1.29043
0.374277
2.92745
0.393599
1.68849
2.2132
0.613134
2.19452
2.05462
0.705284
0.614718
2.26368
0.227135
1.05525
1.30428
0.780331
3.71108
2.0623
0.727523
0.252837
0.872698
0.419589
1.37892
0.543014
0.460989
2.9371
0.400488
0.880105
0.9134
0.319499
0.121269
0.74183
0.544487
0.313305
0.109321
0.824222
0.77535
1.71985
0.106882
0.48414
1.62356
2.19727
1.31861
1.45278
0.506527
0.15237
0.665971
1.27422
1.82294
2.14778
0.211553
1.95561
1.39023
0.232158
0.484899
0.524893
1.29412
1.42829
0.353053
0.966662
0.894146
0.671392
1.2831
1.35975
0.888307
1.66233
0.128217
1.72296
0.385228
1.15404
0.872056
0.644291
0.375675
1.44712
0.279422
1.14172
0.614687
1.50403
0.908334
0.665184
1.46742
0.319926
1.26569
0.309537
0.742288
3.13488
0.313709
0.895491
2.55657
1.52927
0.959857
0.367907
0.0755926
0.420132
0.969376
1.15968
0.651571
2.62783
0.871912
1.32944
0.495033
0.61416
0.332044
0.581221
1.71156
0.745523
0.687996
1.92034
2.33428
0.672447
0.253288
1.00061
0.778868
1.12439
0.594336
2.4069
0.38821
1.02472
0.102524
0.451717
1.09457
1.96332
0.106349
0.923693
0.793906
0.644762
0.639466
0.739013
1.26602
1.93089
1.12123
1.64788
0.0569969
1.68181
1.09439
0.41504
0.345434
3.87983
0.459956
1.41517
0.656973
0.248538
0.0576376
0.367663
2.93727
0.87081
1.41492
0.92909
0.91027
0.653165
2.77259
1.32002
0.514965
0.953279
0.112817
0.842152
0.945211
0.336859
0.210905
0.569653
1.76879
0.688676
0.625288
1.13661
0.742077
0.171876
1.66151
0.624667
0.387893
0.19509
0.266906
1.60653
0.105984
0.735425
0.769088
1.99946
1.51187
1.28954
0.692566
3.00083
0.887553
1.15467
0.680467
0.245018
2.01257
0.417202
0.949612
0.450262
3.06284
0.502037
0.821236
1.51113
0.344688
0.732682
0.0980969
1.72088
1.53008
0.0867129
1.79731
1.16667
0.412756
0.207673
0.197577
2.63663
1.76298
0.612877
0.431899
0.575966
0.766407
1.32914
0.44138
0.932522
0.564082
0.32258
0.658277
3.98917
0.791344
0.426776
0.480495
1.20248
2.24315
0.673856
0.414299
0.42608
0.294507
2.95841
0.705267
1.09203
2.37402
2.3648
0.321437
4.4805
0.0925179
0.891004
0.378201
1.52244
1.70379
0.991103
0.296156
1.119
0.955816
0.350464
0.423288
0.704361
0.874808
0.0678409
2.99236
0.53931
1.26792
0.758402
0.220711
0.118206
0.330343
0.298414
1.17339
0.546308
0.648436
0.344836
0.472469
0.605023
1.0881
0.359399
1.42495
0.793034
0.217884
3.16207
1.78431
0.655584
0.939484
0.116246
1.54451
1.02018
1.06427
1.14686
0.6862
0.0298518
2.50165
0.136037
1.12116
1.3425
2.87828
1.83256
1.36173
0.4657
1.56687
0.179584
1.64351
0.158364
1.6612
0.612422
0.238872
0.911248
1.00255
0.233712
1.57478
1.86016
2.989
1.58774
0.388693
0.420273
0.995279
0.488238
1.55856
0.507704
0.618822
1.00406
0.817941
0.540529
0.551114
0.316619
1.42939
1.62637
0.900131
1.48995
1.40205
0.176773
0.574872
0.412739
1.10343
1.49378
0.91123
1.44018
0.745987
0.835815
1.48894
0.951796
1.11904
0.553936
0.87295
0.867937
0.577741
1.1081
0.168961
2.31852
0.791958
0.575149
0.39846
0.778392
0.544388
0.947554
1.16046
1.04547
1.78245
1.2864
0.865351
0.525577
0.241806
0.272294
0.255043
0.52664
0.132667
0.567315
0.4053
0.696845
3.16348
1.51558
2.10601
1.00743
0.738918
1.56541
1.0892
0.875396
1.37947
1.62809
1.25642
0.760019
0.869357
0.300074
0.764244
0.28808
1.33453
0.594305
0.741103
0.476596
1.53963
0.188505
0.50141
0.144807
1.16932
1.12767
1.27608
0.643783
0.635226
0.577912
1.84333
1.7099
1.11767
0.754534
0.47238
0.276419
0.436511
0.828431
1.9515
1.92639
0.0406744
1.35385
0.373381
2.4708
0.736818
0.803128
0.236693
0.671557
0.673872
1.93852
0.850378
0.435587
0.81134
0.876018
0.270718
1.42051
1.39605
1.33425
1.71685
0.357257
0.29611
1.63486
1.30015
0.157629
1.67118
0.952961
0.800307
0.571596
1.36174
0.983016
0.949773
0.725684
1.121
0.884902
0.973822
0.822465
1.28377
0.420452
0.299941
1.30018
0.879367
1.58991
0.122926
0.388896
0.875362
1.08627
1.62153
0.240078
0.41371
1.18691
0.26352
0.105738
1.18951
0.147778
0.221166
0.162839
1.86543
1.0203
0.15034
0.201712
0.922257
0.8242
0.0851746
0.254472
0.76443
1.37118
0.187845
1.39945
1.03758
0.780462
2.13652
0.454014
0.965534
0.527284
4.02093
1.34569
1.06376
1.82645
0.365681
2.17986
0.246495
1.63163
0.142755
0.661292
0.792413
0.634022
0.389893
0.566561
1.91582
0.970639
0.742887
0.705541
0.395086
0.50159
0.72243
0.774385
0.485165
0.407009
1.28425
0.644607
1.95903
1.26313
0.809017
0.82202
0.666658
0.925048
1.20259
0.950507
0.99247
0.501447
2.0799
0.552353
0.982312
1.61453
0.257007
0.130662
0.794572
1.39984
1.13267
0.278641
1.40775
1.71129
0.721657
0.403474
0.378907
0.661203
2.16711
1.47413
0.370178
1.60151
0.679888
0.731855
1.31969
0.325866
0.773748
1.28944
0.682728
0.720851
1.81516
1.44689
1.86586
1.48746
2.20542
0.335099
2.69188
0.188218
0.991455
1.02734
0.639972
1.07257
1.62549
1.19703
0.865696
0.409959
0.331784
1.33893
1.74929
0.944452
0.922198
0.396574
0.626764
0.136773
0.313353
1.76979
0.345522
0.568947
1.52685
1.08034
0.72718
0.533431
1.44845
0.595438
1.57777
0.02021
0.807797
2.03675
0.524088
1.76269
0.429845
0.40191
0.334463
0.419844
1.21629
0.352199
2.72371
1.20115
0.8761
0.605378
0.932956
1.31102
0.524776
1.55391
0.775648
2.28537
0.861238
0.668045
0.682126
2.71629
1.33371
1.43761
1.36759
1.35712
0.90057
1.20382
0.907064
0.98454
0.237924
1.91871
0.276398
0.902123
0.750105
2.32351
0.288584
0.300763
0.59946
1.06724
1.40328
0.754494
1.01348
0.957198
1.13906
0.926651
0.932878
0.55074
0.647822
1.35153
1.24871
0.516353
0.431101
2.55684
0.569084
0.0565326
0.911721
2.22472
0.780839
1.23443
1.13632
2.66012
0.809793
0.493379
0.253401
0.704605
1.87722
0.660685
2.79608
0.331852
0.805998
1.12441
2.13867
2.24772
1.21531
1.08183
0.928071
1.0079
0.941084
0.749336
0.251183
2.09837
0.435139
1.25514
0.781751
3.38851
3.29209
2.60674
0.284129
0.132515
1.28246
0.724604
2.69563
0.364081
0.591297
0.577154
0.646309
0.987359
1.32826
0.827737
0.764753
1.4831
1.7629
0.102886
1.00082
0.844984
0.603714
0.79534
1.60371
0.383118
0.490638
1.45122
1.04113
0.416148
0.654394
2.69459
1.26584
0.537068
1.16018
0.498731
0.174736
0.400339
0.34704
1.01981
0.873817
2.16034
1.58853
0.20277
1.12516
1.22844
0.629883
1.41631
0.469061
0.691132
1.37785
0.616146
0.605512
1.45463
0.583038
0.143238
1.17881
1.00316
1.19739
0.629984
1.30067
1.16826
0.418481
0.497675
1.05613
1.55166
1.17685
0.0621869
1.1508
0.973183
0.408481
1.33852
1.31184
1.07479
0.484077
6.95012
0.76788
0.611938
0.507056
1.25699
0.274433
0.58816
0.79005
0.23298
0.596754
0.0794194
0.988463
0.956576
1.37805
0.594171
0.83405
0.904614
1.07698
0.348647
0.937529
0.783952
2.36347
0.487219
0.898214
0.532557
0.752918
0.238673
0.518419
1.22037
0.889834
0.366067
0.217638
0.0480932
2.05954
2.66673
0.6987
0.893349
0.762878
0.603864
0.872817
0.395094
0.337951
0.20124
1.1351
2.86223
0.778049
1.80304
0.218182
1.38284
1.36635
1.01667
1.37067
1.29687
3.06208
3.34033
0.130484
0.614265
1.04742
0.739108
0.218319
1.13195
2.09715
0.82926
0.760417
0.433895
0.69105
0.379368
0.821542
1.03946
0.99336
0.19
0.229678
2.3367
0.357587
0.805391
1.21821
3.59501
0.207619
0.601694
0.469771
0.558279
2.77242
0.0757792
1.5573
0.254601
0.523185
1.78759
0.677381
0.148891
0.648343
1.5245
0.55297
0.752461
1.69678
0.738665
0.953258
0.244135
0.554751
0.202482
0.59327
0.0662543
2.03522
0.513284
0.467737
0.393561
0.678649
1.8418
1.51583
1.70957
0.284093
2.82132
1.27899
3.2055
0.489638
0.900835
0.516102
2.18734
1.07734
0.707762
1.46263
0.622489
0.501657
5.32929
0.197378
1.00598
0.29516
1.19724
0.856125
1.15024
0.98385
1.61652
0.387657
0.213646
0.750246
1.93886
1.46432
3.54743
0.211697
1.48718
0.220836
0.294802
1.02617
0.346597
1.16278
0.969217
1.11779
0.977962
1.13028
2.93697
0.246921
1.05424
0.799069
1.08564
0.6907
0.275465
0.762059
0.842049
0.691657
2.45912
1.66723
1.89431
1.74147
1.20678
1.32542
3.1866
0.486196
0.686567
0.617912
1.96844
0.080506
0.613037
0.107642
0.709908
0.389125
0.764721
0.422045
1.59771
1.61922
1.5528
0.345804
2.96316
0.497434
0.530958
0.593415
2.10474
0.720668
2.82823
0.90323
1.22546
0.885152
1.71111
0.562646
0.445534
0.559642
0.87707
0.622291
0.951054
0.197125
0.890278
1.71104
0.700696
0.192759
1.759
1.94983
1.10132
0.852805
0.925415
1.12669
0.744914
1.25746
0.634668
0.373948
0.696699
0.532135
0.26163
0.133467
0.737994
1.40051
2.59748
0.716249
0.447489
0.643089
1.7655
0.297939
1.26835
1.7074
0.18414
0.817706
1.0125
0.877416
1.00128
1.00729
1.10027
0.708778
0.0965432
1.96161
0.989793
2.3072
1.13499
1.32882
1.02616
0.646855
0.766027
1.66987
0.28104
0.82695
0.620024
0.61849
1.9182
0.596317
1.67146
0.418837
1.23485
0.26341
1.07095
0.202137
1.52464
0.555938
1.17542
1.98276
2.07455
2.39537
1.50588
0.234402
1.37582
0.821961
1.43679
0.591171
0.813574
0.315217
2.59291
0.466515
1.93989
0.808003
0.712698
0.935256
0.43329
0.595048
2.15438
0.876469
0.380101
1.59246
1.02471
1.21108
3.93713
1.02555
0.514358
1.04327
1.07535
1.30976
0.474556
0.430672
0.370067
0.565861
0.625043
1.34625
0.807971
0.381776
2.77111
5.82322
0.79295
0.879578
0.499501
0.782586
0.603528
0.613778
0.579165
0.172525
0.968765
0.637354
1.31391
0.982099
2.40861
0.0642496
0.477407
0.731144
0.894122
1.16144
0.852919
0.447422
1.75776
1.42312
0.0988978
0.930491
1.17341
0.181115
1.1081
4.29356
0.970547
2.35156
1.27746
0.732025
0.787721
0.200094
0.666532
0.509429
0.921944
0.491997
2.88205
0.573236
1.31704
1.76777
1.42245
1.39613
1.72889
0.234769
0.344632
0.499114
0.150293
0.0449016
0.53033
0.269668
0.564508
1.09216
0.523598
1.73481
0.65704
1.2987
4.12084
1.52812
0.498425
2.29827
1.72491
0.323138
0.444632
0.263265
0.732519
0.930909
0.68378
1.08267
0.323596
0.12566
0.570722
1.05297
2.32277
0.850851
0.589566
0.209941
1.85499
1.39623
1.2463
1.13575
0.353264
0.423084
1.62653
0.166088
0.570816
1.48528
2.3119
1.80827
1.66686
1.10464
0.910865
0.946365
0.584919
0.879802
0.516667
0.146217
0.472399
0.920712
0.930699
0.133297
2.08553
0.239893
0.328638
0.659864
0.610631
2.73429
1.08302
1.09123
0.540906
1.03812
2.05647
1.45969
2.16723
0.997111
0.527087
0.639855
1.78329
1.51813
1.72447
0.390065
1.59208
1.64132
0.613509
1.46524
0.276249
1.72948
1.81805
0.160609
0.756102
0.998047
1.47465
0.985853
0.304667
0.345896
1.48675
1.12347
1.07323
1.64881
1.1203
4.10985
0.392518
0.951063
1.02826
1.74513
1.43005
1.10165
1.16886
0.95147
2.12037
0.772035
0.576778
0.313518
2.67285
0.775441
0.288405
0.583624
1.15208
1.23799
1.897
0.86618
1.12363
0.23553
2.55293
1.30064
0.0788619
0.89407
1.4188
1.49173
0.236411
0.337779
0.316673
0.601759
1.13821
0.191445
0.743528
1.70355
0.368056
1.0178
0.74407
1.12751
0.150454
0.989719
0.966275
1.27771
2.20321
1.29076
0.618179
0.094479
0.63296
1.47543
0.823152
2.36657
0.433412
1.90461
0.27404
0.859114
1.30551
0.607941
0.231969
0.603063
0.697073
0.36434
1.94067
0.452382
1.0417
0.7649
1.23548
0.181305
2.46527
0.489317
0.337018
0.960379
0.437366
0.203395
1.52079
1.20404
0.937361
0.794104
0.144076
0.721984
0.213901
0.461312
0.377141
0.750782
1.39641
1.04971
0.0650977
0.353195
0.876751
1.13674
0.2933
1.28214
1.2507
0.156641
0.985185
1.03408
0.245112
1.19021
0.701627
1.20862
0.464259
0.313446
0.665737
0.487022
0.0775236
1.29057
0.505277
1.41156
2.25491
1.87897
2.01275
0.903265
0.582483
1.77095
0.336342
1.5208
0.51378
1.4352
0.248207
1.71825
1.08533
0.878601
0.942463
3.06791
0.517307
0.718977
0.82848
3.64789
2.40368
1.49197
1.22473
1.00644
0.908746
0.363029
0.510474
1.83772
0.0950932
0.6581
1.69927
1.70003
0.911165
1.03599
0.571457
0.689506
0.888546
1.51197
1.2677
2.52161
0.198806
0.664604
0.5137
0.304334
3.30228
1.98835
1.72248
1.03818
0.816332
1.4346
0.971917
1.13335
1.8454
2.13077
0.383593
1.16492
0.849153
0.489344
1.05035
0.743204
1.52381
0.245657
1.45282
0.539161
0.686685
1.67121
0.824598
0.286733
0.0678189
0.762248
3.41501
1.30686
3.01294
0.532593
1.44275
0.460664
0.882023
1.23384
0.280492
1.14134
0.174053
1.83464
1.46315
0.740573
1.38764
0.821169
1.42129
1.9961
0.736584
0.208222
0.183936
0.266665
1.2925
1.17207
1.67473
1.05052
0.477656
1.1716
0.837263
0.43167
1.83993
0.568696
1.53483
0.791198
1.40038
0.530509
2.67345
0.375853
0.796739
0.30958
0.764968
1.49555
2.66524
0.490472
0.802859
0.328023
1.53847
0.382379
1.34781
0.126472
1.34728
0.11091
1.78159
0.529216
0.940102
0.267479
0.591694
0.208954
0.486396
1.17579
0.136768
0.814636
0.18289
0.344507
1.83276
1.47096
2.83961
1.6316
0.647401
1.67218
0.491153
0.142857
0.365166
0.498177
0.321744
2.11496
0.650042
0.768834
0.375316
0.75422
0.682337
2.95541
0.896734
2.00213
0.948937
0.122189
1.87905
0.504786
0.42868
0.752237
1.29136
1.91282
0.369359
1.39903
0.924358
3.08091
1.17278
1.00805
0.103704
2.86352
0.361705
1.51308
1.02194
1.10753
0.200766
0.642522
1.34004
0.079293
0.395457
1.24547
1.54051
0.757603
3.71027
0.135692
0.557963
1.75279
0.703634
0.474584
1.51614
1.21261
0.680889
3.27821
0.41077
0.950559
1.04732
0.681154
0.514721
0.918394
1.57071
0.832757
1.12864
0.193965
1.89957
2.55066
1.34922
0.588168
0.145207
0.239686
0.819993
1.01898
0.652076
0.264157
0.431178
0.356887
1.59791
0.322871
0.594961
2.44223
0.294892
0.570135
0.156674
0.359402
0.549587
0.760134
1.76077
1.05435
0.685667
0.34153
0.807509
0.371494
0.373929
2.34419
1.39925
0.41508
0.0556353
0.498987
0.656297
0.641306
0.881718
0.710748
0.814145
0.911559
0.827016
0.243042
0.158175
0.794593
1.71016
1.4328
1.35798
1.04909
1.14752
1.19594
0.654442
1.72218
1.11308
1.05526
0.506256
0.15589
1.52263
0.740203
0.221375
0.865704
0.21457
1.72919
0.490167
1.453
0.522528
0.565715
0.784509
0.56761
0.547836
1.14967
0.284245
0.531551
0.180818
0.4023
0.815039
0.62606
0.509411
0.484393
0.560714
1.24312
0.998595
3.52394
1.43006
0.784143
1.98837
0.325826
0.0889945
2.02558
1.56674
0.236678
0.924618
0.598729
0.260706
3.54461
0.356406
0.174579
0.814248
0.359989
0.749826
1.29776
0.325136
0.233476
1.63041
0.609276
1.32338
1.14291
0.19264
0.34275
0.243885
0.906661
1.21949
0.423603
0.812165
2.00342
0.312318
0.540205
1.1092
0.85995
1.1081
2.68964
1.32563
0.827792
1.27799
0.606532
1.1806
3.0839
0.924298
0.272006
0.915938
1.18142
0.356282
0.876928
0.6065
2.47349
1.2805
1.10978
1.43072
0.21171
0.225854
0.919349
1.54115
0.707858
0.582473
0.91884
0.559573
0.0549685
1.0227
0.931425
0.341489
1.03243
0.831428
0.29063
0.259518
0.762099
0.695089
1.62347
2.84512
0.797277
1.0476
0.950418
0.484503
2.50079
1.35198
0.155647
0.465946
0.835212
1.25344
0.228708
0.669885
0.249602
0.616483
1.38367
1.65628
3.5264
1.6518
0.712206
0.857062
0.61453
0.504279
1.84005
1.78313
2.27577
0.233456
0.607885
0.619517
1.48833
2.86017
0.676403
0.306506
0.427919
2.90411
3.79697
1.36046
1.56727
0.478568
1.16356
1.19245
0.246619
0.897695
0.770328
0.621832
0.619183
0.320255
1.70812
1.47224
1.09336
0.451523
2.86999
0.51079
0.499387
1.47622
1.37355
0.759538
1.33531
0.451291
1.51617
1.17072
1.32942
0.644502
1.41487
1.71138
0.535053
0.688099
1.04994
0.887515
1.24373
0.616015
1.20847
0.202491
0.455763
1.62781
0.454893
0.105297
1.29709
1.04298
0.279199
0.500478
1.45375
0.573407
1.22122
1.24622
0.234561
0.301376
2.1796
1.00043
0.297609
0.748127
0.960079
0.410976
0.394741
0.975527
1.88121
0.465856
0.91239
0.842039
0.615671
0.497067
1.70598
0.274019
0.520945
0.161079
0.512737
0.371201
0.889457
0.806502
0.918839
1.06614
0.4765
5.16884
0.171473
0.415035
1.29473
0.96821
1.0797
1.61774
0.685784
1.38339
1.03086
0.743077
0.651138
1.11766
0.254503
1.4608
0.492781
2.04899
0.0734102
0.764773
0.599983
0.383501
0.182719
2.86966
0.279594
0.589025
1.26513
1.9135
0.680403
0.494336
1.35001
1.18829
0.296362
0.822319
0.805255
0.224261
1.29649
1.18122
1.14323
1.4684
0.661373
1.16231
0.990068
0.282171
0.426045
0.142225
0.983423
1.28033
0.621517
0.881439
3.86076
1.16233
0.578105
0.401503
0.443249
0.341253
0.392785
0.953682
1.41331
0.864383
0.599859
0.579845
0.513212
0.782737
0.661276
0.568741
0.545241
1.94035
1.20443
0.285884
0.806182
0.178167
0.37868
2.52544
1.36559
1.43456
0.632098
2.01775
0.691038
1.56326
1.09968
1.4986
0.92268
0.421222
2.12742
0.781084
0.982717
0.384925
1.15809
0.190764
1.39985
0.562549
1.26985
0.423572
0.292431
0.335883
2.34204
0.844902
0.125801
0.73623
0.63017
0.733989
1.5929
0.93295
0.479417
1.13244
1.24251
1.26224
0.866792
0.654341
0.0785556
0.625328
0.876947
1.94175
0.856701
1.57808
1.73778
0.201927
0.628487
1.51123
0.537625
0.988591
2.0217
0.898559
1.1641
1.45106
0.769465
0.664214
0.266025
0.348742
1.04644
0.427943
1.29372
1.69282
0.292421
0.358064
1.81273
0.793362
1.30495
0.195541
2.00149
0.524097
1.06633
1.09072
0.99692
0.81048
0.925276
1.25602
0.311851
0.613749
0.942175
0.545037
2.56195
1.72649
0.0445913
0.684327
0.762651
1.26358
0.243368
0.695615
0.625693
0.594834
2.01537
0.264103
2.53201
0.359033
1.22296
0.319915
0.403715
2.89338
0.638338
0.743208
1.98061
0.360501
0.358184
1.10463
2.736
2.52081
0.269634
1.68715
0.561212
0.765306
0.717859
0.436073
0.346518
0.727751
1.29813
0.388548
0.319961
0.59435
0.909721
2.48285
1.49582
0.477061
0.693276
1.653
1.83666
0.629292
0.127127
0.474942
0.379772
2.67291
1.10871
1.40507
0.544298
1.93942
0.110728
0.697361
0.665506
0.250314
1.64515
1.80796
0.599053
0.874348
0.497973
0.153803
1.21999
0.321703
1.36603
0.123351
0.0723017
1.4365
0.0941695
0.3398
0.567899
0.328891
0.337834
0.450998
0.638326
2.2119
3.27369
0.328271
0.307594
1.66961
0.153524
0.557417
2.5647
0.302598
0.215491
2.84892
0.569409
0.268956
1.04813
0.302593
1.3546
1.38811
3.26812
0.544839
2.56162
0.179092
0.567822
1.89794
1.86244
0.113076
1.16201
0.692465
0.987345
0.495041
2.2121
1.46004
1.45403
0.831846
1.29995
0.213879
5.0374
1.64073
0.499288
0.820235
3.25674
1.1054
0.518565
1.33722
0.148256
1.41884
0.186751
0.562905
1.41578
1.99788
5.3478
0.517629
1.68602
0.681985
1.26116
1.56381
1.78582
0.068869
1.55244
0.501964
1.22059
0.970538
1.3116
0.457614
1.04626
1.4433
1.40777
1.53146
0.33329
0.507246
0.634061
1.23243
1.14461
0.571397
0.444325
1.49973
2.60119
0.05336
2.04752
0.630858
0.305859
1.33216
0.306852
0.16761
1.17423
1.27373
1.76175
2.02477
0.563592
0.555053
0.4446
0.916967
1.5603
1.76795
0.888483
2.85259
0.770638
1.53345
1.07613
0.817101
0.228303
1.05543
0.509244
1.15972
1.79604
0.151287
0.525973
1.51481
0.613754
0.308021
1.05316
0.331364
1.78203
1.35455
1.29992
1.26887
2.26404
0.946286
0.31369
2.08011
0.378128
0.391806
0.287838
0.528622
0.734594
0.97395
0.407925
0.287362
0.547259
0.386056
1.56847
1.49996
0.498249
0.631826
1.53252
0.132534
0.826483
0.870206
0.734025
0.294352
0.0574352
0.274027
1.19309
0.159926
2.41047
0.834455
2.23972
0.985825
0.813088
0.823634
2.68108
1.55318
0.779996
0.470752
0.308565
1.1914
1.00721
0.899948
1.91077
1.21156
0.407573
0.58774
1.41405
1.23645
0.215611
0.137797
0.446097
0.405623
0.874386
1.22888
2.39415
3.78648
0.955774
1.13731
1.73539
0.309045
0.160157
1.01608
1.73515
2.27558
0.0261615
0.690828
2.25997
0.954767
0.579031
0.0658184
0.363619
0.865042
1.89338
0.883498
1.95398
1.10073
0.740041
3.40816
1.36145
0.885794
1.73677
0.645637
0.619862
2.44856
0.854589
1.43131
0.729467
0.533013
1.93903
1.38648
2.70465
1.21907
0.657835
0.780999
0.628784
0.305689
2.15735
0.377846
0.406196
1.78957
0.516586
3.39784
0.347383
0.285819
0.321086
1.1122
0.0589943
0.75602
0.749748
0.896862
1.90855
0.604224
1.08081
3.73643
0.212111
0.221015
0.513802
1.0554
1.7304
2.32761
1.27319
0.138111
1.96358
0.415307
3.68922
1.91213
1.25328
1.04408
0.469722
0.413672
0.570268
0.653578
0.320746
0.671179
0.590008
2.29554
0.706799
0.876354
0.600961
0.989551
1.512
1.10667
0.94257
0.727314
0.806406
1.21693
0.178763
3.30824
0.618518
2.21442
0.59733
1.0034
0.167317
1.79401
0.681197
1.35415
0.291505
1.03469
1.41012
0.142955
0.395558
0.606461
0.517452
0.628518
0.299417
1.60308
1.19867
2.07251
1.36126
1.03376
1.16139
1.72514
1.69294
3.5872
1.77654
2.22205
0.389595
1.96145
0.878163
0.416439
0.175724
0.889181
2.24255
0.995776
0.470746
0.883431
5.21381
0.401357
0.485812
1.70915
0.48323
0.614743
0.170347
0.17541
0.0834514
1.24287
1.03788
0.28318
0.498795
0.259926
0.170944
0.749512
0.387715
0.534132
0.520985
1.18413
0.0852507
0.0381415
0.758665
0.291935
0.460902
0.969518
3.70191
0.457067
3.55135
0.863077
0.533989
0.82803
0.609903
1.20185
1.82519
0.84234
0.330957
0.517119
0.730394
1.5963
1.25547
1.26725
0.807607
0.357284
2.78975
0.391675
0.938094
1.06397
0.759573
0.436318
1.23026
0.45314
0.37851
3.52397
0.63318
0.6423
0.716162
1.1545
0.871768
1.60034
0.823128
2.27278
0.868475
0.535921
0.928141
2.1698
0.629109
1.12974
0.371916
0.945544
1.3128
3.17722
0.737171
0.715017
0.169982
0.478684
0.611774
1.93611
3.9931
0.873518
0.180761
1.39205
1.17262
2.62506
1.17244
1.38872
0.840967
0.457789
0.821361
0.788712
0.085613
2.01401
0.552626
0.169187
0.716791
0.714485
2.33525
0.215773
0.57931
0.206792
1.48786
0.732628
1.72965
0.749765
1.03157
0.118397
0.764007
2.05176
0.570024
1.38528
1.96402
0.572449
0.32438
2.02778
0.700029
0.781869
0.41601
0.772153
0.172829
1.29463
0.454476
0.779748
0.94163
0.283242
0.336277
1.43483
2.55702
0.37018
0.0427994
0.705497
1.97909
0.516399
0.423479
0.720052
1.7064
0.430791
0.669221
0.151323
0.38872
0.15408
0.296127
1.22985
0.268335
0.695854
1.97818
2.20965
0.528043
0.563126
0.137255
1.0876
0.295683
0.465745
1.92676
0.785024
0.959767
3.06022
0.671687
0.117369
0.716789
0.715066
0.499657
1.12514
0.413138
1.20874
0.983214
0.534618
0.833509
1.25088
1.63338
2.63817
0.501161
1.21043
0.205561
2.04438
1.60048
2.56015
1.97621
0.739658
0.501081
0.74175
0.464726
0.482418
1.0993
0.626276
0.560438
1.52031
1.1122
1.73968
0.881485
0.395519
0.836896
0.288943
1.30602
1.47991
0.50475
1.30106
0.676208
0.870962
2.26935
1.38797
1.47491
0.661448
0.910375
1.06199
1.14204
0.854167
1.49007
0.858729
0.740567
2.23206
0.188099
0.543277
0.949949
1.49319
1.03094
2.20489
0.20915
0.766701
1.2791
0.740505
0.378999
0.128681
0.350928
0.956636
1.20072
1.38944
0.330627
0.198395
2.39126
0.905893
0.479854
1.11997
0.822306
0.573877
2.24933
0.316801
0.899688
0.691641
0.182402
1.9326
2.74856
1.58234
0.17979
1.56175
0.68697
0.826187
0.783083
0.365697
1.14566
0.698757
1.06455
0.889449
0.580606
1.82139
1.1086
1.34019
0.237447
1.35353
0.952805
1.00084
0.492533
1.38298
1.10033
0.496991
1.51098
0.386174
1.55754
0.164891
0.880281
0.948739
1.05838
2.57619
1.17115
0.426898
0.526505
1.00966
1.00477
1.13016
1.5556
0.275552
1.31718
0.893507
0.487021
0.664185
0.0794587
0.983899
0.164037
1.37255
1.66778
0.158965
0.174078
0.217761
0.535877
1.11867
0.331165
1.86898
3.19685
1.02814
0.875181
0.836351
1.05926
1.09677
0.348461
0.892355
0.762022
0.750081
1.32303
0.771497
1.23605
0.406922
0.434026
1.01201
0.944503
2.56953
0.574149
0.2728
1.14112
0.742396
1.74621
0.970273
0.327915
0.97255
1.11034
2.21334
0.524528
0.530594
2.82712
0.840299
1.40896
2.18377
0.812553
0.941516
0.501696
0.325971
0.526998
1.07345
1.42518
0.896202
0.783023
0.482257
0.549741
0.914508
1.18092
2.579
0.928596
0.703395
0.894212
0.661164
1.04104
1.73738
0.64327
0.451865
0.622303
4.34307
0.211821
0.771078
1.41016
0.554085
0.4979
0.305615
0.463017
0.284862
1.23074
0.814997
0.917007
0.517858
0.84679
0.954025
0.308228
1.12748
0.612526
0.645018
1.61097
1.53539
0.946627
0.24452
1.20832
1.40041
1.81258
0.662583
0.57399
1.15594
0.347727
1.60342
0.957038
0.883311
0.436846
0.652929
1.37041
1.32474
2.92505
0.447511
0.412054
0.442644
0.420721
0.959582
3.28975
2.21172
0.464106
1.37224
0.280661
1.19833
0.413618
2.60045
1.67285
1.6485
0.460099
0.610676
1.60321
0.464107
1.05221
1.2545
1.19883
0.327038
0.982875
1.48799
0.87739
0.462633
0.861554
0.912275
0.34165
0.427843
0.262662
0.825974
0.922637
0.586091
1.17145
0.454305
2.58403
0.971824
1.28718
0.232046
0.574287
0.833043
0.926955
1.96702
1.68606
2.07849
0.442499
1.10899
0.897383
0.556036
0.417642
1.13259
0.842747
0.851274
1.41513
1.06247
1.45812
1.74008
1.49794
0.490021
1.45049
1.47652
0.589513
1.18983
0.682061
0.200182
0.856012
1.17097
0.682203
0.514909
0.683031
0.315008
1.12664
0.36645
0.124385
2.88098
2.71498
0.607359
2.69113
1.15953
0.508155
2.06064
2.03216
0.475914
0.407671
2.42247
1.64378
0.567746
0.399293
1.22149
1.13412
1.59493
0.516329
0.402768
0.116711
2.03538
0.337658
1.46182
0.216679
0.0838374
0.8811
0.859036
0.685824
0.589402
0.260255
0.925056
1.39758
0.856364
0.386098
1.09697
0.663751
0.0524786
0.422825
0.281642
0.873735
0.31534
0.0655429
0.511585
0.895959
0.561358
1.62195
0.668072
1.37738
0.222791
1.68483
0.540861
1.69048
0.779271
1.78883
0.359654
1.26771
0.700125
1.17652
1.5718
0.815935
0.643043
1.37124
2.53282
2.0285
0.633024
1.45935
0.125939
0.658226
0.407164
1.26959
0.944803
1.70695
0.764422
1.0774
0.199974
0.771728
0.350128
0.917074
3.01757
0.645266
0.514496
0.512614
0.474027
0.687122
2.48759
2.46062
0.516723
0.483441
0.38334
0.731744
1.0588
1.35971
2.66588
0.862785
0.944622
2.7917
2.10169
0.183734
0.646557
0.572306
0.616311
0.406803
0.912237
1.42865
0.975458
0.74808
0.5911
1.07986
2.06602
3.26214
0.693054
2.12161
0.514768
1.37718
2.41682
0.646727
1.53093
0.16577
1.45332
0.847011
1.99184
0.752725
0.221349
0.695633
2.07629
0.765478
1.23644
0.584798
1.4744
1.30834
1.7753
1.04652
0.492506
1.31423
0.103119
1.44452
0.749281
0.369362
0.726031
0.59764
0.817481
0.606117
2.368
0.908806
1.58545
2.14873
0.36049
0.791235
1.53115
0.515076
2.36403
4.44461
0.0331164
1.43289
0.369284
0.507747
0.463774
0.215914
2.03913
2.00947
0.274093
1.3747
0.579784
2.02555
1.33924
1.25108
1.58208
1.0549
0.177071
1.87592
1.10144
0.89203
1.0004
1.05588
0.549197
0.528628
1.80307
2.97339
0.0915159
0.163311
0.843204
1.73332
1.03471
1.08628
0.753429
0.770677
0.633217
1.25534
2.03037
1.13271
0.527756
0.374421
1.41001
0.68572
1.51374
1.32407
0.885287
0.48418
1.367
1.61737
0.711794
1.44847
0.976412
0.179678
0.147675
1.05996
0.0990142
0.800822
0.909495
0.212743
0.605333
2.00374
0.733889
1.2904
1.00459
0.430721
1.11422
0.833939
1.24134
0.661912
0.481631
0.790722
1.06312
0.845524
0.140702
0.138088
1.0575
1.18745
1.47158
0.778551
0.437034
1.56256
0.935507
0.257049
1.12037
0.686502
0.582211
0.13516
1.06744
1.58704
0.78121
1.48564
0.727271
0.93274
0.986182
0.582399
0.853634
1.63793
0.887313
0.69472
0.425845
1.41528
0.860714
1.20829
0.981547
0.302966
1.11492
0.876587
0.799236
0.0716043
0.37528
2.01885
1.08874
1.47515
1.4793
0.203692
1.0015
1.28115
0.329188
0.539577
0.811312
0.307036
0.394114
0.273435
1.11871
0.140059
0.816781
1.01868
1.09643
1.13047
0.773718
0.586686
0.367343
1.31876
0.475042
0.676956
0.305305
3.61492
1.48548
0.243808
0.0468879
1.55628
0.874562
1.32411
2.38575
0.124801
1.07859
0.831195
1.66459
0.346826
0.900227
0.946179
2.328
1.33332
0.211846
0.335687
0.215127
1.85718
1.50018
1.70246
1.11336
0.643101
0.101577
0.811226
1.00812
0.846943
1.3844
0.512086
0.826892
0.256965
1.77366
0.228671
0.539768
0.471409
1.11885
1.50603
0.381169
0.786839
1.00862
0.355278
0.482397
0.438717
0.725659
0.897946
0.422876
1.11696
0.410184
0.575022
0.425935
2.20498
1.49251
1.46634
1.43949
0.864896
0.246092
0.612227
2.13175
1.32368
2.21431
0.576725
1.73186
2.17511
0.512851
0.406294
0.157081
1.83822
0.58095
0.74546
1.63346
0.054672
0.912051
0.318802
0.278473
1.38803
0.400772
0.154823
0.191047
0.794866
1.25715
1.20173
0.592731
0.224762
0.0420376
2.00972
1.19579
0.155183
0.171851
0.82819
1.52045
0.032011
1.10902
0.320843
0.344307
0.156411
0.400259
1.2098
0.665786
0.903972
1.35141
2.16404
0.307465
0.327422
0.524845
0.59938
0.124338
1.05835
0.244682
1.2102
0.449522
0.450682
0.807069
1.14425
0.458241
0.362159
2.66896
0.906632
0.348287
1.64107
2.36207
0.557886
0.429251
1.58905
0.901164
0.524858
0.584089
2.09914
1.11176
1.19681
1.23536
0.857672
0.744545
0.0649704
1.17239
1.26529
1.4607
0.0972747
0.538228
0.448361
0.205772
0.105392
0.783599
1.24668
0.739714
1.78423
2.14079
0.883941
0.444758
1.53976
0.581359
0.350048
1.30008
0.58948
1.69235
1.45984
1.14087
1.63989
0.229156
0.922181
1.75401
0.800866
0.567927
0.203361
0.570777
0.713345
0.750001
2.03614
0.141681
1.67834
1.82364
0.517319
1.0865
0.383279
1.5633
1.11783
1.14694
0.782753
0.705573
0.260154
0.497664
0.398856
0.764944
0.525308
1.10932
1.19808
0.400431
0.900372
1.46817
0.529122
0.551366
1.66034
0.313171
1.49541
0.596519
0.644087
1.31429
0.219058
0.792521
0.502619
1.71424
0.973189
1.12805
0.476921
2.41249
0.997407
0.8639
2.19111
0.482916
1.20475
1.6979
1.02847
0.498199
1.00693
0.855571
0.284149
1.01809
1.16828
0.115219
1.01759
0.695088
1.9957
0.480595
0.999662
0.122766
2.23118
0.795581
1.55908
0.615466
0.991609
0.584161
0.655388
1.96842
1.06927
0.586424
0.604995
0.246211
1.43089
0.538767
1.05295
0.661266
1.93746
0.24747
2.07688
1.11365
0.342317
0.471458
2.17999
0.615108
1.8375
1.80974
0.959851
0.359252
0.823547
1.19005
1.70651
0.483908
0.81022
2.15576
2.0773
1.36413
1.36784
0.755425
1.05236
2.37754
0.602386
0.602215
1.35009
1.15201
0.947893
2.34242
0.38665
0.700265
0.146098
1.5388
0.986763
0.387087
0.813786
1.26387
0.361646
0.426159
0.403673
0.653211
1.36823
2.89779
2.00069
1.71293
2.09697
0.769057
1.20392
0.921489
0.464257
1.09445
0.64543
0.776801
0.952901
3.06089
1.50316
0.844409
0.332614
0.714337
0.845423
0.150229
1.75443
1.10874
0.311928
0.2555
0.691273
1.46862
0.961326
0.345388
0.111707
1.38118
1.35682
1.45345
0.87668
1.2765
0.824944
0.585693
1.61291
1.52214
0.623009
0.867638
1.48689
3.54695
2.64519
0.507497
0.941854
0.47759
0.539344
1.83645
1.21823
1.83511
0.557978
1.85095
1.19199
2.24032
0.664231
0.59384
0.988636
0.480657
0.673286
2.15175
0.435369
0.356889
0.537887
0.108125
0.368909
0.339139
1.38626
2.66264
0.407052
0.969247
0.392656
0.187019
0.99519
0.380577
1.5689
0.131719
0.739634
0.349657
0.479116
1.00921
0.814727
1.69193
0.357041
0.133316
0.378451
0.712151
0.883377
1.15247
0.120497
0.80231
1.25593
2.75669
0.32106
0.703807
0.697103
2.72907
0.703096
0.294957
0.907312
1.04862
0.596796
0.45049
1.63361
1.18016
0.598277
0.668954
0.96549
0.485267
0.129822
0.317523
0.823917
0.633456
2.3563
0.0903916
0.264941
0.481042
1.41839
0.615714
1.86594
1.75581
0.537449
1.85453
0.297612
1.05341
1.14571
0.922728
0.416483
1.09155
2.22022
0.329044
1.00606
0.968822
0.992858
1.39875
0.302561
1.0306
3.44206
0.522625
2.13892
0.383004
0.876185
0.546861
0.31934
0.962873
0.815205
1.15238
1.59281
1.0722
0.264564
1.33502
0.307438
1.27068
0.709901
0.208196
1.01821
0.502382
1.42272
0.994676
0.984414
0.555832
1.72406
1.26345
0.457528
0.817821
0.585659
0.988618
0.649878
1.67828
0.394894
0.470625
0.862653
2.5214
0.205342
0.49724
0.525418
1.42269
0.80035
0.728821
0.0966021
0.349972
0.507374
0.149763
0.419574
1.05636
2.02571
0.343863
1.49413
0.482493
0.845581
0.399992
1.07361
0.262425
0.124002
1.84163
0.614401
0.164678
1.02149
0.598783
2.78148
0.0834584
0.471973
1.27948
0.73946
0.11366
0.0163207
1.49785
0.101301
0.996157
1.4737
0.793063
0.717008
1.31338
0.112659
2.22094
0.984015
0.684463
0.679217
0.606453
1.44282
0.342648
0.286351
0.727949
1.00543
1.43166
0.175496
0.0994614
1.56447
0.628346
0.0581637
0.33171
0.648651
0.76734
1.30905
0.413425
1.08947
0.975797
2.30311
0.976874
0.447625
1.51396
0.830068
0.136635
0.143959
0.546786
0.692862
0.704112
2.41313
0.770366
0.485782
0.213728
0.318132
0.162443
1.01038
1.5681
1.19486
0.384225
0.92488
1.16619
0.740459
0.869991
1.4317
0.387591
2.07301
0.103639
1.36544
4.05204
1.46137
1.66677
0.526194
0.703877
0.726903
1.06672
0.961399
0.382488
0.708305
0.549652
0.59818
0.533256
1.5523
0.530194
0.270468
0.331306
0.166491
0.654533
0.79109
1.28755
1.49731
0.246939
0.458147
0.156941
1.60928
0.569696
1.99697
0.512464
1.01259
0.782262
0.228804
0.351804
0.976996
2.00482
1.70621
0.129663
0.626321
0.502303
0.779936
0.408349
0.526911
1.52059
3.64433
0.799867
1.50801
1.1622
0.145735
1.28014
0.0750139
1.06368
0.824095
0.268337
0.609165
1.33927
0.481483
1.03596
0.880996
1.38369
0.607417
1.63338
0.574162
0.276294
0.489589
0.842815
2.82083
0.171192
1.6749
0.833236
0.800874
0.507593
0.6985
1.30852
0.87721
1.47171
0.663506
0.93345
0.336486
1.0147
0.665053
2.01748
0.891117
0.206714
1.10196
0.664183
0.659223
0.880596
0.0416179
0.293137
0.534701
1.82777
1.16478
1.85078
0.66505
1.14667
1.90487
1.13092
3.82798
1.0414
1.48938
0.203638
0.457677
0.4637
0.612996
1.9241
0.87716
0.828313
1.28107
0.483069
0.416374
0.70913
0.130514
0.522762
0.0700976
0.265622
0.064964
1.72685
0.941046
1.50909
0.977209
0.776072
1.55573
0.498622
0.438667
0.239073
0.297347
0.466266
0.835622
0.139721
0.633903
1.10611
1.32667
1.37688
0.331865
0.798725
0.19648
0.0730434
2.57975
0.79898
2.02301
1.47601
0.542047
1.11675
1.32634
0.606766
0.953689
0.756659
0.494274
0.911883
0.38293
0.384859
1.15177
0.730024
2.04237
0.707439
2.28127
1.87461
2.87584
1.18543
0.809955
2.12223
0.445659
1.18693
0.295847
0.152847
0.755299
1.14847
0.257906
1.58012
0.178749
0.671857
1.33059
2.24081
1.42278
0.89916
0.257845
0.128878
0.506082
0.694701
0.312803
0.818364
1.50656
0.0595218
0.997823
0.364246
0.881594
1.7516
0.0400749
0.670703
1.19018
0.476266
1.02202
0.877832
2.56042
1.75125
0.443717
0.373651
1.67553
0.242519
1.49404
1.50333
0.0491373
1.16355
1.00792
1.29541
1.02136
1.42144
0.669248
1.59642
0.346114
1.16316
0.5439
0.857755
0.443106
0.337331
0.569896
1.94479
0.915517
1.10659
1.27948
1.65408
0.619547
1.60372
2.7375
0.510782
0.815505
0.741681
0.437969
1.2147
3.65035
0.950457
0.0745874
0.914473
1.49999
0.479037
1.4537
0.428937
0.898869
0.263362
0.403382
0.510226
0.561083
0.771499
0.964665
1.28965
0.328648
0.516036
2.5109
0.884268
2.98315
3.36088
0.79891
0.70485
0.109428
0.154702
1.85474
0.569728
0.491087
0.505923
1.21367
0.208121
1.01591
3.9533
1.92056
1.64806
1.22798
0.64296
0.714171
1.75444
0.552324
0.887064
1.52493
1.1286
1.46667
1.04711
0.131581
0.845849
0.973886
0.177304
2.47494
1.02636
0.74556
0.970023
1.35194
1.86865
0.94883
1.76441
1.17228
0.516276
0.441451
1.29568
0.590585
0.439634
1.47074
0.44655
0.611316
0.441986
0.51715
1.16207
0.061756
1.01
1.09846
0.596043
0.866939
1.12459
0.727917
0.867783
0.441629
1.02204
0.605619
0.797209
1.26616
1.49141
1.38436
1.16371
0.367856
0.0820559
0.750281
2.6401
1.86853
0.123823
0.587835
0.183258
0.952363
0.638263
1.02443
0.897324
0.607965
0.35578
0.263282
1.6351
0.411442
0.541501
0.825992
0.418463
0.696585
1.17541
0.683932
1.18214
0.138201
0.959307
0.38281
0.615203
0.312698
0.508158
0.470098
0.0664523
1.16637
2.04921
0.283894
1.49279
0.168984
1.64113
1.48865
0.34643
0.115696
2.48096
0.411596
0.0377669
0.639331
0.41836
1.97367
1.52225
1.24916
0.32454
0.6474
0.847601
0.453642
0.688735
0.682553
0.125097
0.463776
0.584867
3.2068
0.20957
0.0272544
3.38641
0.863931
1.41333
2.28271
1.04956
0.953503
1.03798
1.92612
0.388549
0.439315
0.0197981
1.20911
0.611889
1.84156
0.321925
0.517596
0.931904
0.608476
0.980604
1.92789
0.0864564
0.62747
1.14082
0.515618
0.434696
0.674643
0.919129
0.281564
0.701807
1.93966
1.21966
0.598727
0.494065
1.17125
1.4836
1.75678
2.67672
1.34588
0.977828
1.66796
0.150136
0.660958
1.70054
0.914682
0.589241
0.836733
0.0986162
0.983334
0.906438
0.382929
1.00806
0.381623
0.00620076
0.132395
0.635721
1.23153
0.696739
0.189681
0.364063
0.928061
1.55298
1.94971
0.308321
0.520695
0.465783
0.717292
0.191343
0.219742
0.974434
0.741313
0.742474
0.238137
1.77516
1.13717
0.38804
0.122129
0.214011
0.628977
2.24976
2.36877
0.91131
1.28534
2.18257
2.04823
1.03198
1.62803
0.0689532
1.35253
0.629001
1.04168
1.06089
0.539748
1.75434
0.378672
1.29091
0.385311
2.10171
1.36304
1.26541
1.00985
0.741618
0.203279
1.48251
0.014141
0.254075
0.699296
0.202929
0.465057
0.875773
3.25704
1.16069
1.3128
0.365904
0.943582
1.0583
0.687005
0.885516
0.931659
1.51764
0.348337
0.251237
0.438558
0.687062
0.490849
1.27694
0.490681
0.544862
0.232101
0.137542
1.16168
0.438842
1.16994
1.24085
0.439826
0.321493
0.419795
0.116712
1.13575
0.68098
1.41254
1.6114
1.59073
1.64541
0.472981
0.854344
0.876679
0.558817
0.608179
0.110098
1.12218
1.78208
2.83339
0.356115
1.1768
0.36296
0.519816
0.819948
1.21209
0.0766928
0.893247
0.400149
1.64887
0.62128
0.217677
0.223791
0.169531
0.321457
0.63301
3.11928
1.02427
1.19153
0.468563
0.61145
3.28916
0.226602
0.796148
1.0877
0.0822506
0.34658
0.924679
1.7711
0.864712
1.12061
0.616658
1.59304
0.753499
0.277951
0.668672
1.21686
1.5247
0.384795
2.57434
0.694069
0.539825
0.390537
0.642411
0.744479
0.0853527
1.01118
0.414759
0.322033
0.990431
2.08226
1.69532
1.88137
1.43676
1.28374
0.318843
1.04451
1.04304
1.28197
2.29441
0.695862
0.686463
0.504063
0.254596
0.362993
1.63376
0.970988
0.989719
1.11505
0.59105
2.21867
0.541043
0.585189
0.529889
1.39371
0.601443
0.771096
1.1011
1.31062
0.174865
1.93701
0.358898
0.343163
1.16599
0.538982
0.516984
0.653328
0.147616
0.266249
1.73101
0.520339
0.332202
0.823233
1.10348
1.36138
0.86776
1.00833
1.41776
0.695181
0.879063
1.92916
0.446084
0.894704
1.81286
2.93677
0.706433
1.14867
1.24042
0.778104
1.66422
0.869214
1.04099
1.76412
0.844353
0.283263
2.22088
1.6081
0.182791
0.524027
0.999006
0.178485
0.68973
1.06847
0.543361
0.307303
1.15494
1.2669
0.469944
0.577803
1.17537
1.67972
1.12087
3.77832
2.15532
0.471306
2.66247
1.45565
2.11157
1.16355
0.81082
1.07522
0.64978
3.43052
0.617621
0.679617
0.62532
0.240387
0.577249
0.820929
0.0529137
0.960341
1.95283
0.600287
0.39409
0.552234
1.18923
3.78871
0.652762
0.341722
0.424629
0.351747
0.279891
2.3094
1.70798
0.333914
0.454516
1.91389
1.52905
0.441435
0.550472
0.461803
1.17892
0.810188
1.56758
2.19758
1.05526
1.16451
0.639118
0.66948
0.341751
1.26101
1.94478
1.39061
0.543892
1.22942
0.594626
1.60935
2.43062
2.50336
1.97381
1.82449
0.76822
0.392419
1.0867
2.01252
1.44542
0.90093
1.20093
1.10478
1.68166
1.78826
0.316491
1.88413
2.29764
0.513868
0.534062
0.395648
2.82483
0.378152
1.39205
0.326178
0.0773745
1.16714
1.73669
0.922865
0.338983
0.267924
1.98983
0.646752
0.687032
0.462752
1.27668
0.0420843
2.12907
1.85344
0.695333
0.297532
2.98307
0.971754
1.51711
1.40568
1.01463
1.28644
0.419164
1.06655
1.03339
0.935436
0.790969
0.570059
0.892392
0.63718
1.98837
0.932895
1.01275
0.458519
0.17599
0.879716
0.35024
0.701382
0.489031
1.44119
1.0606
0.19146
0.316832
0.933516
2.24261
0.278718
0.146402
1.57672
0.359722
1.56863
1.10215
0.523492
1.0631
0.733765
0.990422
2.8993
0.297753
0.807016
1.1388
0.702872
0.56209
0.349141
0.232349
0.136324
0.953699
0.691806
1.14724
0.793865
0.93608
0.495991
0.450361
1.75454
0.694104
0.88248
4.02972
0.577423
0.260523
1.09575
0.939371
0.449614
0.488153
1.2419
0.752466
2.03084
1.08861
2.24824
2.5394
0.735049
2.32098
0.957849
0.358716
2.47707
0.690961
0.609223
0.269277
2.11841
0.943864
0.357486
0.763816
0.597049
2.55374
2.28349
0.249835
0.411678
1.7898
2.67155
2.63885
2.71657
0.610671
0.545654
1.16426
1.35528
0.0856282
0.968659
0.952486
2.09483
0.295254
1.97819
0.533211
0.176832
0.565847
1.10229
0.608711
1.41455
1.66947
0.184806
0.58633
1.8298
0.365422
0.149299
0.0724061
0.728803
0.428006
0.672761
2.54596
0.630084
0.996656
0.480479
0.39359
1.03718
1.34852
0.489144
1.37036
0.595075
0.123511
1.00126
1.90261
0.776924
0.507825
0.199839
1.00148
0.913341
2.24663
0.529797
1.22806
0.664863
0.74427
1.94518
1.06503
1.24255
0.303235
1.47179
1.24927
0.465332
0.561969
1.21506
0.786165
0.403406
1.27503
0.723349
0.95603
0.767435
2.39633
0.72462
0.162042
0.684682
0.895245
0.73222
0.752169
1.82211
0.575842
0.61362
1.12332
0.961104
0.422297
0.145713
0.551018
0.978805
1.03362
1.36303
0.433429
0.768856
0.904111
1.03239
2.98604
0.776893
0.899668
0.451659
1.35429
1.31799
0.261428
0.950414
3.48177
1.5642
2.00717
1.33611
0.103142
1.5942
0.39987
2.68786
1.20825
0.777544
0.835878
0.429395
1.35408
4.88888
1.18279
0.873117
1.82009
1.47451
0.600813
0.749174
0.932096
0.731902
1.4689
0.88726
0.350329
1.07792
0.900131
0.390091
0.212012
0.180039
0.371894
2.43787
0.295513
0.328958
0.0998389
1.89334
2.03434
1.62167
0.484555
0.0455399
0.512088
1.40261
0.525504
1.1129
1.08495
0.392549
0.847881
1.76827
0.93489
1.14142
1.45133
2.3401
1.65801
0.571654
1.10675
0.407015
0.968486
0.508782
2.43922
0.443214
0.554882
0.640511
0.205751
0.391337
0.978928
1.2528
0.741577
0.642783
1.01894
1.14074
1.35654
0.716202
1.6782
1.3478
0.261498
1.03712
0.0765159
0.678225
1.16774
1.11605
0.998058
1.10491
2.94396
0.315056
0.0359085
0.57078
2.53783
1.46887
0.571411
0.238089
0.319694
1.89634
0.210401
1.12677
2.31359
0.796981
0.952889
0.215169
0.259085
0.231274
0.443407
3.00962
1.05531
0.5644
0.403927
1.84756
0.272942
0.729317
1.89839
0.588672
0.441524
0.327525
1.12635
0.971669
1.88249
3.02071
0.788921
0.829196
3.05477
0.729856
0.561568
0.274586
0.493111
1.47499
0.634171
0.56358
0.186626
1.2125
1.42452
1.20392
1.22576
1.30452
0.373151
1.53954
0.955553
0.309917
0.752813
0.416909
0.693341
0.711425
0.426716
0.691625
1.05668
0.350014
0.192722
0.502116
0.116706
0.697362
2.12463
1.11822
0.545329
0.728151
1.83199
1.35124
1.00331
0.358025
1.71797
1.15491
0.172956
1.02745
0.445888
1.3214
1.80434
0.509274
3.09387
1.47831
0.423009
0.205467
0.706812
0.648432
1.7758
0.105055
0.857869
2.14189
0.908079
0.756239
0.163678
0.0465291
0.778549
0.460182
0.86176
1.72149
1.00722
0.063452
0.284708
0.223478
0.455797
0.742254
1.5399
0.535188
0.107224
0.347012
1.16615
0.201517
1.38745
1.08717
1.3871
1.06894
0.196329
0.196686
0.332317
2.5554
0.512483
1.34336
0.214738
0.581783
0.877654
0.284868
0.155133
1.56443
0.61567
1.31025
0.572295
1.63071
1.18483
0.348524
0.223317
0.0591539
0.459186
2.10156
1.12454
1.33117
0.767106
1.40204
1.0578
1.04985
0.414272
1.80743
0.858611
3.11125
0.749857
0.703381
0.592404
0.199043
1.28741
1.19491
2.13532
0.992222
0.634049
0.335004
1.44793
1.19372
1.87628
0.292884
0.170977
2.47956
0.953417
1.43751
0.914837
1.19894
1.19933
1.30613
0.564198
0.421279
0.527442
0.690664
0.0252212
0.283984
1.12942
2.01638
0.799511
0.330122
0.152795
0.469303
1.94109
0.786019
0.920133
1.18047
0.507448
0.113917
0.525743
0.701548
1.95717
0.145372
0.523277
0.867731
0.833443
0.895798
0.335649
1.3085
0.445229
1.70779
1.09073
0.584959
1.07736
0.895467
1.23426
0.551119
0.857025
0.690109
0.739688
1.20706
0.291777
0.333529
0.658837
1.35366
0.172684
0.41607
0.313081
0.676426
0.414425
0.486037
0.399471
0.52867
1.3462
0.3403
0.395679
0.634404
1.42436
1.708
2.69112
0.790291
2.36113
0.256554
1.38404
0.448018
0.810085
0.35874
0.896426
0.845221
0.887217
1.68892
1.0547
0.475333
2.86585
0.840797
1.05434
1.23162
0.893113
0.997601
0.517333
0.887351
0.404738
1.84861
1.39986
1.46488
2.22856
0.56658
0.228479
1.62701
0.368177
1.97727
2.21234
1.03711
0.137372
0.586836
0.770133
0.908083
1.40783
0.540137
0.310252
0.226286
0.472811
0.628549
0.755089
0.344
1.71321
1.24863
0.0661131
0.974592
1.14344
1.02698
0.914372
0.861962
0.751421
1.27448
0.540577
2.28403
1.73611
0.208084
0.234263
0.950099
0.462587
0.838406
0.685661
1.17529
1.11839
1.15546
0.13456
0.717367
3.21449
1.75757
0.46614
1.67044
1.24233
0.62158
1.28717
0.983844
0.99505
2.33045
1.44168
0.193562
0.11601
0.357181
1.10073
1.36667
0.905127
0.708662
0.760293
0.437253
0.968805
0.647361
1.21183
0.545527
0.988763
1.39753
0.885549
2.66548
0.227954
4.40616
0.168648
0.279826
2.18724
1.95079
0.520089
0.193499
0.164321
0.148332
1.34903
0.692093
0.541076
1.3354
1.07193
1.40071
0.748855
0.919992
0.706947
0.478558
0.30735
1.46689
1.16931
1.44719
1.06266
1.61481
0.71289
2.82596
1.17711
1.68768
0.4747
0.186338
1.09058
0.377339
0.145413
0.977002
2.93659
0.609773
0.766305
1.13606
0.43874
1.72922
0.817944
0.138545
0.526588
0.256656
1.82299
0.0850607
0.443059
2.46113
3.33946
0.656517
2.40935
0.770782
1.92516
0.894339
0.519331
0.444048
1.73806
1.71289
0.450067
0.429916
0.379474
0.425048
1.22323
1.2069
1.61629
0.987108
0.208865
1.96698
0.876039
1.33603
0.614425
0.277938
0.660489
0.45407
1.24481
1.61872
0.533494
0.924334
1.05673
1.73401
0.0637384
1.74742
0.70404
0.61078
0.818733
1.7315
1.67515
0.993155
0.960755
1.27876
0.760615
0.859745
1.04611
0.543163
0.364865
1.0053
0.387679
2.03627
0.98133
1.23561
0.303254
2.40268
1.21316
0.400825
0.942417
0.540907
0.863967
0.50617
1.10419
1.05011
1.35181
0.694885
0.0722986
0.309485
0.264799
0.827456
2.09655
0.0966736
1.00647
0.508497
2.13703
1.0587
0.154731
1.08012
1.15676
1.01029
1.89042
0.411365
0.85887
2.27059
0.317115
0.648224
0.982333
0.429947
2.22598
0.773281
0.776299
0.298765
0.706488
0.207905
1.07195
0.624507
0.216118
1.27636
0.547994
1.69579
0.560675
0.577514
0.905494
0.78035
0.653009
3.52156
0.969769
0.639524
0.153442
1.92544
1.13556
1.79639
1.24757
0.204827
1.91239
1.44376
1.04751
1.99772
0.577942
1.32363
0.882141
0.821973
0.74263
2.2693
1.1341
0.476939
0.426939
2.53641
2.17095
0.967457
2.1437
0.583909
0.775749
0.662119
0.619017
0.386741
0.463443
1.28617
0.59398
1.56487
0.968041
0.620581
0.365559
0.684371
0.245281
0.457846
0.285209
1.35328
0.0931369
1.49023
1.36152
1.05302
1.92385
0.727302
0.695553
2.02966
0.700091
1.48929
0.418751
2.00196
1.56344
0.727649
0.284812
0.401081
0.294282
1.50512
0.94969
0.315281
0.937829
0.600826
0.857922
0.754283
1.94464
0.931946
1.64587
1.76546
0.283503
0.532698
1.26473
0.0206427
1.33651
0.160582
0.632307
0.393673
0.798952
1.47851
0.554039
0.357453
0.168815
0.506826
1.42351
0.0592542
0.643376
0.826025
0.4273
0.160676
0.211918
1.74293
1.04484
0.750481
0.178023
0.301754
0.261647
1.18042
0.517115
0.657356
1.52339
0.723359
0.0988034
0.390356
0.783267
2.50718
0.945742
1.074
0.173923
0.298383
1.18624
0.753498
0.764455
0.800409
2.30003
0.386694
1.28149
0.690955
0.615415
1.27896
2.28403
1.65727
0.462509
3.47158
0.541776
2.18082
1.16211
0.338528
1.80234
1.62205
1.00671
0.881168
1.54385
1.55926
0.22365
0.284075
2.52481
0.891888
0.878272
1.01285
0.165691
0.863401
0.226343
1.55449
1.10021
0.271558
0.233555
0.345062
0.196357
1.16054
0.33833
0.508244
0.161836
0.492088
3.47604
0.513223
0.412038
0.513903
0.660443
2.06271
0.766405
0.536226
0.416088
0.758855
1.09969
0.236931
1.04436
1.46257
0.49268
0.805963
2.78142
0.910045
0.677239
0.799891
2.42451
0.608186
1.65269
2.29503
0.117744
1.77302
0.791779
2.01768
1.02965
0.708731
1.93241
1.00217
0.751133
0.489498
0.913862
1.37778
0.77069
0.0937825
1.52686
3.677
0.631811
0.156605
1.30311
0.831484
1.07252
1.22516
0.211806
1.57558
2.20932
0.357466
0.189621
1.47487
1.1315
0.983058
0.726612
0.0797335
1.56998
1.03592
0.821098
1.5608
1.54587
0.745725
0.262792
1.63267
1.49315
0.529199
0.531456
0.684951
1.12814
0.991527
0.998229
0.938792
0.600405
0.69782
1.12365
3.14223
2.09213
0.955487
0.745149
0.597088
0.479731
0.102108
1.31865
0.806314
1.12708
0.426677
2.21137
0.680614
0.457629
1.04768
0.494552
1.43712
1.9174
0.618469
3.25785
0.304367
1.26131
0.656266
0.620882
0.695203
1.52102
0.5293
0.683937
0.827587
0.622178
1.64735
1.20747
1.09213
0.748621
1.42103
0.615955
0.428054
1.24473
0.76946
1.34558
0.674044
1.31588
0.959631
0.682579
0.530469
0.883542
0.946711
1.80642
0.358594
1.42968
1.40118
0.486391
0.463996
0.397304
0.663887
0.704177
0.31219
0.603975
2.62381
1.50201
2.52767
2.02107
0.451718
0.543701
1.72538
0.508742
0.50595
0.431136
0.697832
0.123479
0.680563
1.93984
0.979064
0.352662
0.671024
0.791377
0.986741
0.156607
1.91413
2.06338
0.674685
1.53344
1.13699
1.33935
0.53009
1.11795
0.269141
1.34558
1.14236
2.18597
1.78621
0.61533
0.180297
0.55145
3.38981
1.0792
0.976805
1.89102
0.273218
1.36984
2.45785
0.410757
2.37627
4.11464
1.31236
1.97714
0.178214
0.704699
0.324951
0.919439
1.05433
1.06562
0.693253
1.10381
1.95897
1.10928
1.02507
2.05936
1.11698
0.415764
0.486758
0.49307
1.63413
1.07413
0.877913
0.737761
1.89103
1.02103
1.18574
0.332051
1.27085
1.29292
0.262379
0.219732
0.346325
0.894069
1.07434
1.64175
0.944962
0.842835
0.935364
0.199884
1.6516
2.16061
0.73387
1.56289
0.527771
0.15688
0.298433
1.401
1.31943
2.80758
0.457494
1.11359
0.685269
1.25591
0.866389
3.06375
1.4188
2.31389
0.578785
1.83536
2.91569
1.02847
0.433385
1.82696
0.590785
1.33229
0.392247
1.09059
0.686247
2.12346
1.0948
0.370694
0.885341
1.31759
1.00196
0.24377
0.56214
2.00931
0.485025
0.765622
1.72417
0.720421
0.333004
0.641999
1.28236
1.46281
0.358541
0.317426
0.482631
0.361394
0.977919
1.96732
0.112385
2.04621
0.612304
0.540344
0.298384
0.494247
0.526283
0.985089
0.351793
0.439654
0.848564
0.387988
0.259899
0.493118
1.19389
1.19655
0.331334
1.90818
1.3857
0.524045
1.57555
1.07755
0.545108
0.703604
0.305815
0.238827
0.600895
0.324361
0.850713
0.747041
2.33226
0.881027
0.318096
1.17981
1.08333
0.819684
1.83415
0.823799
1.11897
2.21026
0.0577294
0.863843
0.617559
0.783658
0.935396
0.863492
0.559474
0.604712
0.440399
1.2925
0.594197
1.17426
0.223121
0.997707
1.03365
0.228066
0.50138
0.532528
0.671775
0.872803
1.66823
0.617649
1.33536
0.390042
0.684546
1.41482
2.72077
1.73584
1.09123
1.92395
1.56489
2.42556
2.18373
0.490858
0.916823
0.329403
1.02181
0.147812
0.186365
0.43255
0.81826
1.34881
0.185151
1.51611
0.150106
2.52456
0.3684
1.88386
0.88129
0.721661
1.53504
0.403342
0.157019
0.83998
1.93495
0.665671
1.72483
1.02704
0.357025
2.32031
0.102547
0.401589
0.139909
0.813801
0.58615
0.528793
0.590995
0.864135
1.01393
0.396318
0.415919
1.32516
0.799
0.571724
1.53868
2.59778
0.355633
0.560021
0.963225
0.502705
0.15901
0.282812
0.098643
1.89631
0.302581
0.0262771
0.127586
0.106516
1.71805
0.784898
1.73542
0.742036
0.838494
1.01092
3.51272
0.810011
1.95703
1.38065
1.22411
0.472191
0.892703
1.00481
0.851878
0.0675928
1.10168
1.23866
0.288798
0.0238903
1.8793
2.23724
0.0950802
1.46067
0.292493
0.832776
1.74693
0.258661
0.986799
2.82262
0.386185
0.895957
0.655152
0.106502
1.3347
0.469298
0.452965
0.340212
0.670942
0.490943
0.297425
0.631672
2.42521
0.336489
2.16893
1.80772
0.694658
1.87463
0.300975
0.477932
0.434718
0.216025
0.492071
0.931141
0.293324
0.815655
0.755543
1.51808
0.0471005
2.04878
0.531707
1.24222
2.70573
0.671828
2.57159
0.909385
0.445492
0.47938
1.14249
0.778325
0.898945
0.73347
0.898284
0.477916
2.12818
0.972831
2.33318
1.07771
0.139131
2.6986
0.330068
1.59709
1.53238
0.0677549
1.01379
1.4097
1.15733
0.794839
1.63013
0.963583
0.870377
0.635632
0.582494
0.321476
0.973138
1.06181
1.1481
0.525125
0.186538
1.38611
0.455124
0.752879
0.647386
1.08394
2.40103
1.61718
1.28942
0.780475
0.780248
1.14029
1.22268
1.26664
0.523947
0.654476
0.620577
1.16037
0.12458
0.513761
0.894034
1.56372
0.348531
0.692118
1.58573
0.789504
0.61124
0.554217
0.607847
0.433428
0.525316
1.1338
1.29219
0.67964
0.878538
2.3159
0.809014
0.77862
0.146449
1.36409
0.265997
0.672033
0.857961
1.35493
0.572638
2.37444
0.051257
1.19308
1.10749
0.082982
1.12145
0.570071
0.77245
2.1527
0.403111
1.58872
0.221787
1.90214
0.885334
2.23485
0.71782
1.69699
0.219779
0.858517
0.41652
2.26355
0.428581
1.48748
1.39192
0.573023
0.794848
0.583296
2.04473
1.57093
0.203649
2.73494
0.434849
1.97208
0.719146
0.248962
0.0587723
0.675697
2.12506
1.01357
1.54232
0.213331
0.428778
2.08161
0.612131
2.39771
0.766332
0.14928
0.314467
0.654098
0.551786
0.0665311
1.9533
0.421034
1.41671
1.49748
1.27716
0.199883
0.905021
0.634983
0.42274
0.958537
0.311709
0.312811
0.748564
1.52338
1.29818
0.939945
0.535141
0.90305
0.569128
1.50063
0.54251
0.739448
1.39031
0.386252
1.20991
0.212756
0.753294
0.774663
1.59991
0.321377
2.5185
0.89539
0.839806
0.547386
1.48772
0.665343
0.307882
1.14408
1.55852
0.671157
0.549514
0.564676
1.02079
1.00324
0.955252
0.547525
0.27868
1.35954
0.794076
0.781212
1.16079
1.29702
1.37708
0.137052
1.77468
0.401506
0.373325
0.988297
1.57905
0.386535
1.32544
1.51795
1.01057
0.610765
0.993636
0.367084
2.27268
2.10704
0.35829
0.621845
0.220058
0.579457
0.206151
1.03589
0.531427
0.845183
1.38605
1.15967
0.645454
2.41329
0.789715
1.94409
0.6539
0.843981
0.842733
1.60505
0.436153
1.70996
1.52468
0.94373
0.920364
0.37033
0.868539
0.381331
1.02552
0.845256
1.09994
1.69345
0.644156
1.46551
0.79943
0.615828
0.157104
0.449921
1.77439
0.581755
2.18112
0.666519
0.303415
1.95621
0.558381
1.60885
0.491272
1.12012
1.15953
1.06729
0.453787
1.26629
0.0698672
0.716676
1.09407
0.341054
0.320354
1.50184
0.462222
1.87209
1.77601
1.9468
1.94079
1.00108
1.88155
1.53228
0.627434
1.40286
1.36071
1.22594
1.06605
1.16161
1.49427
0.30748
0.99029
0.762624
0.254193
1.68299
1.55952
1.65394
1.01133
0.496564
0.837195
0.337169
1.37888
0.880563
2.46277
0.825835
0.650917
0.62819
0.94066
0.99877
0.758248
2.60689
1.7576
0.28985
1.03226
2.13856
0.446524
1.8536
0.963879
1.50868
0.971489
0.38148
1.20907
0.893302
3.74867
0.652352
0.255932
1.37319
0.437507
0.930824
0.530772
0.844989
0.358892
0.996382
0.374453
0.879969
1.80059
1.28336
0.81005
0.264689
1.21454
0.485276
1.09194
0.361354
3.1263
0.404611
1.1934
2.38551
2.08583
0.857791
1.11855
0.887987
0.201662
1.11774
0.253338
1.72017
0.546237
0.688634
0.686715
1.53962
1.53656
0.44878
1.766
0.456401
0.0838937
2.2663
0.502341
0.778971
0.140143
0.60521
1.34863
1.88664
1.42137
1.24212
1.21687
0.659898
0.315367
1.76906
1.51795
1.74269
2.13265
0.640032
0.6752
0.929358
0.285435
0.0260032
0.776373
0.912185
0.771208
0.832495
0.0464017
0.670281
2.59219
0.0510373
2.40392
0.0248792
0.994126
1.9705
1.19803
0.428178
0.61686
1.15312
1.34455
0.745026
1.16449
0.0603744
0.987103
1.20582
1.70415
2.35499
0.351032
0.358659
1.47701
1.19594
0.53284
0.39514
1.27901
0.923876
0.277015
0.917992
2.38625
0.279767
1.43207
1.0493
0.215853
0.710517
1.1549
1.03817
1.76028
0.517507
0.250065
0.753012
0.783031
0.677831
1.05881
3.40414
1.05781
0.948835
0.723853
0.436366
0.543371
1.04437
0.464217
0.383508
3.14097
1.46495
2.03807
2.4316
4.31489
2.37022
0.628533
1.23425
0.819404
1.38622
0.756612
2.13008
1.20253
0.875681
0.141711
1.00851
1.11443
1.12028
1.13705
2.12585
1.65655
0.690685
0.257025
0.300594
0.793404
0.808566
1.18766
0.728125
0.678481
0.438686
0.491177
1.58567
1.41874
0.459977
1.17323
0.992067
0.54097
1.0002
0.690524
0.641359
4.32729
0.49579
1.89629
0.979397
2.31689
1.44454
0.301343
1.31379
1.44153
0.971042
0.322901
1.8053
0.272252
1.65505
2.31006
0.911792
1.35899
0.272085
0.674241
1.78292
0.829553
0.251892
0.346542
0.13442
0.562388
1.87997
0.466117
0.109539
1.06076
0.599387
0.903841
1.08425
0.308902
1.07024
0.332083
1.646
0.527775
1.32967
0.706302
1.67269
0.904148
0.369971
0.645961
0.454614
0.960079
0.535671
2.19081
1.08806
0.863396
0.245793
0.0903656
0.645226
0.605723
0.607292
1.69302
0.646941
0.739402
0.561452
0.728182
0.456115
0.608007
0.151332
2.19371
1.05293
0.578905
0.14072
0.284159
1.06482
0.915266
0.344999
0.516639
0.893481
0.241611
0.636402
0.68364
0.488566
0.975433
0.862091
1.62596
0.77809
0.367117
0.86938
2.2706
1.57247
0.649141
0.367096
0.738644
0.680718
0.601097
0.349881
1.32738
0.441466
1.66985
1.81586
1.38034
0.511778
0.190183
0.525338
3.24681
2.12507
0.28035
1.78944
0.707765
0.66819
0.658234
0.338
0.724571
1.02847
0.598427
0.56786
0.950323
0.856732
0.726673
0.5175
0.184208
0.914617
0.230285
2.5723
1.29389
0.21697
0.130634
0.668266
0.868662
0.893269
0.63149
1.20447
0.706441
1.66789
0.483867
0.886581
1.10924
2.48851
0.225022
0.395461
0.917729
0.565335
1.82067
0.190385
2.70529
1.07022
0.604567
2.01558
1.46773
1.32853
1.02124
1.91268
0.482093
0.473426
1.53906
1.49648
0.458426
2.16431
0.808227
1.7419
0.626799
0.603068
1.50314
1.15092
0.183731
0.526722
0.865433
0.590141
0.757302
0.891432
2.77155
0.375251
3.05228
0.171274
1.45927
1.46973
0.389273
0.736799
1.77663
0.167486
2.45777
0.28216
0.349789
0.365888
0.417177
1.91881
1.35868
1.32142
1.52398
0.627965
1.13451
1.73715
1.00271
1.15195
1.22345
1.70528
0.516639
0.55708
2.72123
3.708
1.48121
3.30143
0.367531
0.212061
0.732088
0.436618
1.08941
1.6094
0.252031
4.15439
0.623201
0.0886533
2.86937
0.595531
1.10125
0.264662
1.32099
0.129597
0.430514
2.01218
1.07471
0.211062
1.05215
0.400742
0.0659932
0.234896
2.08274
0.577944
1.58707
0.282372
0.430551
0.16098
1.70008
0.68548
0.75392
1.2292
0.839089
1.03647
0.737634
0.335916
0.522069
1.55506
1.65825
2.82914
0.570723
1.58511
1.3094
0.402887
1.28588
1.80485
1.67239
1.08127
0.409779
0.676416
0.197697
0.724731
1.03549
0.648422
0.400783
1.18602
1.15507
0.998645
1.84786
0.427013
0.776218
1.36835
1.81157
0.285831
1.20065
0.122736
1.03434
0.896708
0.270334
0.183825
1.09415
1.34798
0.349697
0.661926
1.61856
2.36976
1.44714
1.18497
0.176059
1.17419
0.218741
0.68153
0.658419
1.16804
1.69373
1.16434
0.629408
1.30623
1.95248
0.68294
1.12777
2.0713
0.24128
0.302234
1.30259
1.26615
0.577665
2.49819
0.410968
0.701933
1.46066
0.891184
0.437682
0.392654
1.5529
0.919536
0.750571
1.7539
1.71049
0.139691
1.54183
0.932829
1.18557
0.710404
1.98042
0.424327
0.0638584
0.413537
1.14653
0.260088
1.06937
0.637603
2.41778
0.767086
1.46959
1.75257
1.20469
1.59801
0.5887
1.82498
2.22186
1.57643
0.343664
0.227655
0.528307
0.612316
1.08769
0.447579
1.37465
0.373883
0.90772
0.541831
0.996854
0.650645
0.100999
1.83364
0.658595
0.656111
0.0732372
1.78724
1.30985
0.281993
1.63192
2.25519
0.103796
0.632811
0.977286
2.62197
3.02904
1.31523
0.832308
1.81712
0.437616
1.35177
2.09089
0.454199
0.233304
0.391124
1.0831
1.93684
0.269976
0.669467
0.0732947
1.27008
0.538526
1.73077
0.557565
2.0372
0.708065
0.703884
2.11285
0.464556
0.478601
0.464038
0.211247
0.327663
2.00779
1.25233
0.254713
1.33258
1.17306
0.80186
1.53415
1.50439
0.524055
0.446793
0.159036
0.628097
0.240666
0.472779
1.09867
2.5595
1.58781
1.27641
0.365475
0.822718
0.310028
0.538968
1.67503
1.0947
0.6101
2.38334
0.151068
3.00083
0.588823
0.875718
0.0306238
2.75737
0.204668
2.15966
1.34294
0.203232
0.567787
0.606519
0.85261
0.751661
1.43035
1.51155
0.610576
1.42299
0.531017
0.865436
4.36733
0.690167
0.268761
2.0328
1.07276
0.965686
0.866259
0.443149
0.678432
1.63233
0.448742
1.00489
0.404676
1.81303
0.528548
0.650637
0.544913
2.1446
1.19752
0.387197
0.615597
1.3904
1.00716
0.726227
1.14153
0.323143
1.07472
2.24264
0.41428
0.443021
1.9222
1.45503
2.54089
0.341672
0.390259
0.827353
0.108362
2.12197
0.530365
0.138635
1.12165
1.03027
1.27515
0.358708
0.96497
1.59953
2.52367
1.53329
0.751794
1.03047
0.705406
2.32619
4.35366
0.260659
0.104121
0.67286
0.883865
2.41691
0.84082
0.256926
0.561319
0.31035
0.195535
0.468548
0.625464
0.263529
4.21973
0.7361
1.23441
1.57495
0.780364
0.420732
2.19867
0.890044
0.38476
1.20706
0.112267
0.290116
1.66835
1.24502
0.91371
1.72281
1.21085
1.24692
0.36639
0.507286
0.535931
1.56283
1.77661
2.77785
0.46769
0.180088
0.68725
2.09277
2.00271
0.129706
1.30353
0.57915
1.5077
2.44445
0.373253
0.214939
0.62027
2.11814
1.22281
0.57192
1.94927
0.35044
1.3935
0.386704
0.848236
0.47822
0.693803
0.265165
0.950082
1.11352
0.610821
3.44882
0.240737
0.838216
0.978729
1.14877
1.06482
3.44773
0.460388
0.792533
1.26083
1.21308
1.55382
0.666548
1.6185
1.36953
0.896354
0.688752
0.579488
0.420816
1.07242
1.32739
1.13786
1.00723
1.13408
0.186338
2.26218
0.360495
0.546096
1.07364
1.57288
2.30999
1.5764
0.294594
0.380965
0.987584
1.69867
1.06439
0.0765807
0.446368
1.6578
0.297842
0.0152345
2.38642
1.37493
0.915953
0.607176
1.30227
0.779004
0.849207
1.42612
0.811555
0.55552
0.394951
0.852604
0.744908
1.64736
1.22478
0.656108
0.844757
1.09533
1.41264
2.42913
0.0347534
1.08977
0.640467
0.306723
0.23712
1.33988
0.287888
0.51054
0.0182748
0.426451
0.417948
1.9129
0.951845
3.1236
2.76318
0.284651
1.19026
0.815871
0.249362
0.67073
0.354899
0.040978
1.6613
2.37898
1.00686
1.01532
0.585797
1.13954
1.09694
0.216926
0.795893
0.805608
1.05208
0.562304
1.35418
0.676642
0.791236
0.597582
0.994338
0.131403
0.404118
1.07059
1.73322
1.79644
0.72261
0.194393
1.13788
0.695706
0.509967
0.3232
1.32297
0.705858
0.423553
0.940656
1.78478
0.298515
0.386381
0.118731
0.37612
1.04718
0.687304
0.595698
1.56112
0.353713
1.84231
0.202545
0.802727
0.732174
0.805059
0.264942
1.20244
1.95883
1.03327
1.21747
3.95389
1.55751
1.06567
1.1931
1.1944
1.32194
0.440176
1.40151
1.06741
0.220888
2.31959
0.823011
2.91893
0.064622
0.155237
2.00525
0.159832
0.574239
1.34463
0.347402
0.662716
1.01382
0.116654
0.54472
1.29034
0.688298
0.294782
0.198907
2.3881
0.728152
0.264846
1.63775
0.149385
0.907105
0.940895
0.525198
0.0606474
0.872643
0.868504
0.960333
1.2315
0.0809136
2.0129
0.388886
1.35184
0.809485
0.884821
1.11803
0.611652
0.499179
1.2666
0.582302
0.291051
1.25268
1.56143
0.208366
0.291143
0.552892
2.09302
0.834128
0.782805
0.768523
0.212572
0.119724
1.01211
1.33092
1.20657
1.18496
0.463144
1.61897
0.567192
1.38484
0.963237
0.599382
1.82385
2.01881
1.13663
0.144808
1.65815
1.78825
1.27671
1.87167
0.67689
0.786711
0.231878
0.402069
2.02393
1.19318
1.44893
0.198063
2.42002
1.63164
1.52144
1.20896
1.06488
0.517416
2.11291
1.13028
0.505915
0.202376
0.936209
1.19492
0.122988
0.652873
1.095
1.54402
0.236801
0.57996
1.06653
0.902099
0.437051
0.878694
0.856515
1.28619
0.42715
1.39636
0.139142
0.98268
0.508898
0.487473
1.00897
0.448188
2.73683
0.173097
0.940951
0.842515
0.242612
0.456185
1.69368
0.202688
2.16259
1.0342
0.68454
0.552462
1.34377
0.135468
0.681713
2.32028
0.301034
0.81807
0.671339
1.10659
0.852177
0.47359
0.425098
1.25298
0.875465
1.84535
1.48637
4.48202
0.829469
0.339562
1.25347
2.41219
1.00267
0.898604
0.833293
1.87181
0.788268
0.147494
1.49996
2.52311
0.895626
0.855251
0.589801
0.93165
0.339535
0.625966
0.274989
0.358453
1.08646
1.16358
0.381951
1.32696
0.201172
1.36309
2.14065
1.51022
1.17257
0.418878
0.892054
0.50999
0.405935
0.725505
0.297928
0.215117
0.933117
0.489522
1.14682
1.02152
1.21003
0.701483
0.666014
1.30674
0.948817
1.25868
0.626751
0.950809
0.251184
0.360417
0.363438
0.135551
0.847412
1.95147
0.70701
0.666498
0.769266
0.447402
0.988274
0.306188
0.189727
0.307134
0.0506065
0.264674
1.55968
0.205757
0.400771
1.71386
0.744014
1.14879
0.716435
0.406741
1.033
1.34004
1.6757
2.28549
0.446284
1.40555
2.9166
0.507649
0.913891
0.489867
0.520634
0.261515
1.44272
0.837531
1.09094
0.437169
0.79743
0.240465
1.27279
1.42528
0.64669
2.68975
0.343
1.0591
1.16924
0.488985
0.902955
0.661817
0.657916
0.979605
0.362632
0.49861
0.205431
0.091556
0.378275
0.965086
0.387069
0.603698
3.20394
0.510251
1.25897
0.529482
0.205301
2.0085
0.306898
0.537808
0.981417
0.60313
1.9014
0.915312
0.385752
0.457104
1.80821
0.456641
0.580409
0.645479
0.0919142
0.461822
1.13145
2.74961
1.37878
0.88001
0.964057
0.976008
0.26962
1.4846
1.08471
0.281094
1.0688
1.24274
0.378104
1.54696
0.900629
1.19552
0.297311
1.26942
0.430088
1.2122
0.838332
1.06428
0.660288
1.72584
3.23493
1.79405
2.62812
0.675889
0.251464
0.262729
0.309032
2.96374
0.145279
0.54316
2.84019
0.342799
0.274824
1.32194
0.303373
2.36415
0.482017
1.95923
3.13626
0.183571
1.3393
1.76332
0.256344
0.107866
0.412769
2.78713
0.492958
0.514072
1.03886
0.955422
0.407497
0.204193
0.29095
0.739135
2.51532
0.730038
2.38899
0.289358
1.15405
0.728961
0.443887
1.6757
1.41959
0.717167
0.370794
0.484646
2.555
1.56751
0.629013
0.514308
0.276975
0.418509
0.573834
0.21845
0.539616
1.93205
2.25771
0.22976
0.638923
1.24807
1.83898
1.04371
2.64255
1.96904
0.999412
0.523155
1.87125
1.78943
0.158545
0.938768
0.377912
0.665007
2.28931
1.43813
0.586215
1.35753
0.178228
1.12625
1.43415
0.68692
0.638422
0.38391
1.56308
2.16896
0.839775
0.430932
1.97784
1.01936
1.17152
0.743123
1.22129
1.94139
0.891607
1.5941
1.51323
1.43518
1.23185
0.3929
0.862368
0.720476
1.90616
0.464287
0.422128
0.308104
0.815032
1.13773
1.18554
1.77437
1.88803
0.909049
0.56435
2.06026
0.717
0.449686
0.719919
1.85282
1.84848
1.55073
1.02006
2.3858
0.545826
0.601427
1.32676
0.847687
0.64389
1.43911
0.33767
1.32908
1.48728
0.693048
0.653892
0.307201
0.777321
1.05744
0.783835
0.468824
1.79204
0.0726197
0.518712
1.42259
1.94253
0.906524
0.961085
1.53936
0.184122
1.6043
0.554501
4.00254
0.207945
0.211522
0.884806
1.77935
1.20511
0.971109
1.1088
0.3742
0.526407
0.339887
0.381931
0.211152
0.85068
0.718283
1.42493
0.825636
1.71092
0.314179
0.394286
1.30907
0.682197
1.82255
1.81194
0.197565
0.907255
0.710215
1.56129
0.880472
1.69574
1.19315
1.47305
2.79604
2.2838
0.6383
0.870354
0.178808
1.81579
1.06464
0.691937
1.33214
1.16304
1.41685
2.75479
0.998016
0.179018
0.473483
1.33502
0.817491
0.595
1.9387
1.44965
0.996626
0.88099
1.45525
1.92984
0.394528
0.69559
0.190862
2.08671
1.51497
0.966235
0.976561
1.38214
0.205176
0.674451
0.712337
0.472596
1.92548
0.633214
